arm,batch,time,state_time,monitored_coordinate_view,state_time_semantics,within_control_state_window,n_available,mean_reward,mean_standardized_residual,global_centroid_x,global_centroid_y,global_centroid_z,shape_xx,shape_yy,shape_zz,shape_xy,shape_xz,shape_yz,pair_kernel_1.5,pair_kernel_2.5,pair_kernel_3.5,pair_kernel_5.0,pair_kernel_7.0,landmark_00_softmin,landmark_00_occupancy3,landmark_00_occupancy5,landmark_01_softmin,landmark_01_occupancy3,landmark_01_occupancy5,landmark_02_softmin,landmark_02_occupancy3,landmark_02_occupancy5,landmark_03_softmin,landmark_03_occupancy3,landmark_03_occupancy5,landmark_04_softmin,landmark_04_occupancy3,landmark_04_occupancy5,landmark_05_softmin,landmark_05_occupancy3,landmark_05_occupancy5,landmark_06_softmin,landmark_06_occupancy3,landmark_06_occupancy5,landmark_07_softmin,landmark_07_occupancy3,landmark_07_occupancy5,landmark_08_softmin,landmark_08_occupancy3,landmark_08_occupancy5,landmark_09_softmin,landmark_09_occupancy3,landmark_09_occupancy5,landmark_10_softmin,landmark_10_occupancy3,landmark_10_occupancy5,landmark_11_softmin,landmark_11_occupancy3,landmark_11_occupancy5,landmark_12_softmin,landmark_12_occupancy3,landmark_12_occupancy5,landmark_13_softmin,landmark_13_occupancy3,landmark_13_occupancy5,landmark_14_softmin,landmark_14_occupancy3,landmark_14_occupancy5,landmark_15_softmin,landmark_15_occupancy3,landmark_15_occupancy5,landmark_16_softmin,landmark_16_occupancy3,landmark_16_occupancy5,landmark_17_softmin,landmark_17_occupancy3,landmark_17_occupancy5,landmark_18_softmin,landmark_18_occupancy3,landmark_18_occupancy5,landmark_19_softmin,landmark_19_occupancy3,landmark_19_occupancy5,d_dt_mean_reward,d_dt_mean_standardized_residual,d_dt_global_centroid_x,d_dt_global_centroid_y,d_dt_global_centroid_z,d_dt_shape_xx,d_dt_shape_yy,d_dt_shape_zz,d_dt_shape_xy,d_dt_shape_xz,d_dt_shape_yz,d_dt_pair_kernel_1.5,d_dt_pair_kernel_2.5,d_dt_pair_kernel_3.5,d_dt_pair_kernel_5.0,d_dt_pair_kernel_7.0,d_dt_landmark_00_softmin,d_dt_landmark_00_occupancy3,d_dt_landmark_00_occupancy5,d_dt_landmark_01_softmin,d_dt_landmark_01_occupancy3,d_dt_landmark_01_occupancy5,d_dt_landmark_02_softmin,d_dt_landmark_02_occupancy3,d_dt_landmark_02_occupancy5,d_dt_landmark_03_softmin,d_dt_landmark_03_occupancy3,d_dt_landmark_03_occupancy5,d_dt_landmark_04_softmin,d_dt_landmark_04_occupancy3,d_dt_landmark_04_occupancy5,d_dt_landmark_05_softmin,d_dt_landmark_05_occupancy3,d_dt_landmark_05_occupancy5,d_dt_landmark_06_softmin,d_dt_landmark_06_occupancy3,d_dt_landmark_06_occupancy5,d_dt_landmark_07_softmin,d_dt_landmark_07_occupancy3,d_dt_landmark_07_occupancy5,d_dt_landmark_08_softmin,d_dt_landmark_08_occupancy3,d_dt_landmark_08_occupancy5,d_dt_landmark_09_softmin,d_dt_landmark_09_occupancy3,d_dt_landmark_09_occupancy5,d_dt_landmark_10_softmin,d_dt_landmark_10_occupancy3,d_dt_landmark_10_occupancy5,d_dt_landmark_11_softmin,d_dt_landmark_11_occupancy3,d_dt_landmark_11_occupancy5,d_dt_landmark_12_softmin,d_dt_landmark_12_occupancy3,d_dt_landmark_12_occupancy5,d_dt_landmark_13_softmin,d_dt_landmark_13_occupancy3,d_dt_landmark_13_occupancy5,d_dt_landmark_14_softmin,d_dt_landmark_14_occupancy3,d_dt_landmark_14_occupancy5,d_dt_landmark_15_softmin,d_dt_landmark_15_occupancy3,d_dt_landmark_15_occupancy5,d_dt_landmark_16_softmin,d_dt_landmark_16_occupancy3,d_dt_landmark_16_occupancy5,d_dt_landmark_17_softmin,d_dt_landmark_17_occupancy3,d_dt_landmark_17_occupancy5,d_dt_landmark_18_softmin,d_dt_landmark_18_occupancy3,d_dt_landmark_18_occupancy5,d_dt_landmark_19_softmin,d_dt_landmark_19_occupancy3,d_dt_landmark_19_occupancy5
gradient,0,0,0.00999999977648,predicted,Actual proposal support boundary; monitored coordinates are pre-native endpoint forecast,True,50,-0.303724336139,0.763214501379,-0.114538376179,-0.0252743298197,0.241921381626,0.0479799387969,6.09461169479,6.4319467951,0.151407869475,-0.50718948568,1.99170087274,0.177738579177,0.259902040295,0.28205869949,0.262445673256,0.218734276407,4.68770080642,0.187562455354,0.719759296581,9.79690654632,1.25119978842e-08,0.000124550727314,9.21591622496,2.16574565103e-07,0.000802571352243,9.33763715448,1.7403762185e-07,0.000555133549237,8.29065560453,1.46433554864e-05,0.00915696259793,9.84295700201,2.17401408814e-08,0.000139395873215,9.25030608422,1.58191204318e-07,0.000653959107578,8.20033516942,4.98225074453e-06,0.00847642881374,9.36545726096,7.18910287929e-08,0.000389052924839,9.02691166594,1.10816168864e-06,0.00159976337035,8.53104194774,3.52994724222e-06,0.00441293286669,8.18708932643,1.45958229784e-05,0.0108661352952,8.54150391399,6.10411707595e-06,0.00474415462639,4.49282952854,0.200679116529,0.372668699915,8.4228997029,1.62304307008e-05,0.00716431998994,9.38569769968,9.59958920739e-08,0.000416634851322,5.23827294463,0.0535977057573,0.28208027266,7.38086114549,0.000242018592613,0.0565843732003,8.77156561211,1.51939479886e-06,0.00258988914267,5.57201629038,0.031151103695,0.194863948854,5.21467398595,-8.17066905602,2.3326318264,0.245090663433,-7.09046459198,-0.446768731199,-31.6912760487,-32.0717012356,-14.5239386177,6.99201525055,-9.51917062998,0.914649919285,1.20853984616,1.06150427865,0.67933768342,-0.589036099235,-6.96484579675,1.43861655059,0.673167635452,4.86323534096,-2.86176636557e-07,-0.00193526011557,15.7845178881,-1.18411080491e-05,-0.031998978765,-2.0224800678,2.7441473914e-06,0.00496799985473,1.85673941491,-0.000277277874185,-0.0431288170991,-1.91099311579,4.92157296984e-07,0.00183535904795,4.46232233963,-4.11680255932e-06,-0.0104816345328,-1.05131862417,2.67304255616e-05,0.0198872160299,3.37450852866,-2.94472234747e-07,-0.00294740113803,10.9982954109,-5.45738329057e-05,-0.0475518911184,8.74179437706,-9.62968372794e-05,-0.0915956336741,8.65402176451,-0.000482331427779,-0.210439034301,5.5340813039,-0.000186059899629,-0.0699821132707,2.26441028487,-0.751022483569,-0.033359096446,22.1738674298,-0.0010612954582,-0.285232973243,-7.19847034214,9.71507933277e-06,0.0174839851696,3.70718486891,0.0410901829851,0.644741785945,-4.73264480535,0.00318599412636,0.585200226065,4.50863714998,-5.63730594667e-05,-0.0417119999445,-2.64784001615,-0.0133326072401,-1.08255771338
gradient,0,0.01,0.019999999553,predicted,Actual proposal support boundary; monitored coordinates are pre-native endpoint forecast,True,50,-0.251577596279,0.681507810819,-0.0912120579147,-0.0228234231854,0.171016735706,0.0435122514849,5.77769893431,6.11122978275,0.006168483298,-0.437269333174,1.89650916644,0.18688507837,0.271987438756,0.292673742276,0.269239050091,0.212843915415,4.61805234845,0.20194862086,0.726490972936,9.84553889973,9.65023151863e-09,0.000105198126158,9.37376140384,9.81634846123e-08,0.000482581564593,9.3174123538,2.01479095764e-07,0.000604813547784,8.30922299867,1.18705767445e-05,0.00872567442694,9.82384707085,2.66617138512e-08,0.000157749463695,9.29492930762,1.17023178725e-07,0.00054914276225,8.18982198318,5.24955500014e-06,0.00867530097404,9.39920234625,6.89463064454e-08,0.000359578913459,9.13689462005,5.62423359585e-07,0.00112424445916,8.61845989151,2.56697886943e-06,0.00349697652995,8.27362954408,9.77250870063e-06,0.0087617449522,8.59684472703,4.24351807966e-06,0.00404433349369,4.51547363139,0.193168891694,0.372335108951,8.6446383772,5.61747611876e-06,0.00431199025751,9.31371299626,1.93146685402e-07,0.000591474703018,5.27534479332,0.0540086075871,0.288527690519,7.33353469744,0.000273878533876,0.0624363754609,8.81665198361,9.55664204196e-07,0.00217276914323,5.54553789022,0.0310177776226,0.18403837172,3.81871699,-5.92241556596,1.44293761253,1.01591512561,-6.54208022356,-0.140833457701,-16.2260237906,-15.5237286313,-9.75800485231,3.80849795258,-7.17499908245,0.536433606213,0.550142014058,0.534241837558,0.303601678967,-0.277100204395,-3.11209612918,0.536746402591,0.291987698364,0.288648120835,7.44958285259e-09,5.54927815172e-06,9.63826896088,-6.56646073922e-06,-0.0183925277801,-2.64734369412,2.86735002264e-06,0.00570017917848,-1.72337314918,2.38923241423e-05,0.0327170087441,-1.70734613388,3.83947339405e-07,0.00142859783284,2.15055991653,-2.23687679332e-06,-0.00540933191239,-1.08670360318,2.6491156408e-05,0.0225472416299,0.313152222379,2.18726321619e-07,3.04971681086e-05,6.90880933248,-3.30494790956e-05,-0.0292296219915,5.828996749,-5.9978575895e-05,-0.0579635331253,5.48937497339,-0.000290674366871,-0.131079926201,2.91325852029,-0.000112794900371,-0.0391028396183,2.18055506533,-0.552828611639,-0.263284769041,14.4398044232,-0.000626676113343,-0.176971229492,-4.76807494824,6.98054575537e-06,0.012161122873,1.97875208452,0.115520111088,0.745714081361,-3.53090340959,0.00260627610704,0.440921379231,1.853292647,-2.84681516899e-05,-0.0189502542757,-3.95346917128,0.145421744893,-0.445405077072
gradient,0,0.02,0.0299999993294,predicted,Actual proposal support boundary; monitored coordinates are pre-native endpoint forecast,True,50,-0.227349996339,0.64476619006,-0.0856796239281,-0.00495602730751,0.111079777155,0.0451632696429,5.77009121898,6.12147222247,-0.0437522275713,-0.431019526628,1.84820089109,0.188467251302,0.270904880576,0.292743536241,0.268517706836,0.213192272319,4.62545888384,0.198297383406,0.725599050548,9.80267950874,1.26609895413e-08,0.000124661712877,9.40868160418,8.52453503184e-08,0.000434720796642,9.2846902806,2.31384622302e-07,0.000669137132806,8.25618814154,1.51212019692e-05,0.00981130277281,9.80881007933,2.94190876695e-08,0.000167967829872,9.29331728255,1.13453668452e-07,0.00054577246933,8.17860109736,5.51207387269e-06,0.00892737364634,9.37172030541,7.62655552252e-08,0.000389662868201,9.16508785259,4.4717210673e-07,0.00101517093052,8.64762188272,2.33037572432e-06,0.00325366220419,8.2968768259,8.782335641e-06,0.0082445367712,8.5997690844,3.84821906853e-06,0.00396209783403,4.53644062985,0.189622544296,0.367403004534,8.71169579136,3.69690843394e-06,0.00362489540011,9.29033620072,2.35606807181e-07,0.000659857308783,5.27784798632,0.055908107979,0.296994554287,7.3102430773,0.000294144114754,0.0654028007849,8.80863146505,9.50031765065e-07,0.00221088405716,5.49294690696,0.0340595385929,0.185955847313,2.12732350133,-3.23608195629,0.620057344437,2.62674787641,-5.48181709647,0.109187829053,4.00534344325,5.02169109435,-2.70672706155,0.839474638544,-0.255454157203,0.0938410947019,-0.182492211754,-0.159793695936,-0.150747640542,0.0482470392747,1.19274314628,-0.542313037236,-0.137872344895,-6.03132993311,5.78302146395e-07,0.00322736356276,0.943258474473,-1.50225622866e-07,-0.00109011866365,-1.60946702655,3.16733922019e-07,0.00215573815223,-4.35557584459,0.00030360704761,0.0897661175932,-1.51178016165,3.12825222946e-07,0.00111346463834,-1.53296690374,5.77987410075e-07,0.00236381565524,-0.602656879065,4.60562119985e-06,0.0106158615957,-3.50563094767,1.29883181043e-06,0.00464173534148,1.55273358138,-5.51127294486e-06,-0.00526736632666,3.18126725256,-2.56612362881e-05,-0.0252309295455,0.8086511098,-4.43231871276e-05,-0.0203201387647,-0.811137639746,-2.64766448785e-05,0.00272435695699,2.16343498299,-0.372128811732,-0.378068524535,3.61435808039,-0.000102645724121,-0.0362267576027,-1.85521505778,3.34225431563e-06,0.00545151382073,-0.540549596386,0.242485179354,0.918302041948,-1.69546944406,0.00138691150437,0.226681458807,-2.93138870976,1.51843286039e-05,0.0207983951564,-5.84500189995,0.35082400452,0.0341579887702
gradient,0,0.03,0.0399999991059,predicted,Actual proposal support boundary; monitored coordinates are pre-native endpoint forecast,True,50,-0.209031126253,0.616786171693,-0.078810911026,0.0297115343428,0.0613803937769,0.045696008066,5.85780580317,6.21166360463,-0.047966057933,-0.420479840403,1.89140008329,0.188761900264,0.268337594521,0.289477868358,0.26622409728,0.2138088562,4.64190721138,0.191102360116,0.723733526038,9.72491230107,2.12162744465e-08,0.000169745397413,9.39262657333,9.5158972155e-08,0.00046077919132,9.28522301327,2.07813774204e-07,0.000647928310829,8.22211148178,1.79427176967e-05,0.0105209967788,9.79361146761,3.29182183101e-08,0.000180018756462,9.26426996954,1.28582926927e-07,0.000596419075355,8.1777688456,5.34166742414e-06,0.00888761820595,9.32908972729,9.4922942654e-08,0.000452413620288,9.16794929168,4.52197900688e-07,0.00101889713263,8.68208523656,2.05375414367e-06,0.00299235793904,8.28980256627,8.88604495808e-06,0.00835534217691,8.58062197424,3.71398518209e-06,0.00409882063283,4.55874233105,0.185726315459,0.36477373846,8.71692553881,3.56456163633e-06,0.00358745510546,9.27660869511,2.59991771714e-07,0.000700504979433,5.26453380139,0.0588583111742,0.306893731358,7.29962530855,0.000301616763964,0.0669700046371,8.75802420941,1.25935077627e-06,0.00258873704636,5.42863785222,0.038034257713,0.184721531496,1.72745680318,-2.69711111433,0.728052139282,3.24821795523,-2.39367833734,0.113636899932,8.57436687936,7.42750414907,-0.418616920951,-0.159860027111,3.6766761347,0.0444582237827,-0.259051221218,-0.262482659648,-0.177755230737,0.0689192697814,0.88949948697,-0.53624814734,0.0156347775539,-6.44270658304,8.93390306323e-07,0.00418128734589,-0.0436903911374,1.44218384224e-07,0.000152085708365,-0.687268039014,-1.2024511563e-06,-0.000313124871634,-0.946050786058,9.07202717637e-05,0.015996032993,-2.35904398258,5.31556723542e-07,0.00176909481365,-1.69687538922,7.75847551632e-07,0.00284099808218,0.728227569997,-3.09990909688e-05,-0.0221717837968,-3.56648745903,1.82144527375e-06,0.00574314823284,-0.192056501149,5.3533826406e-07,0.00105890142495,2.17019672918,-1.38779900408e-05,-0.0150162448173,-1.56648416861,6.72922283081e-05,0.0314006495582,-2.56362812945,1.46513418956e-05,0.0240968128367,1.84480153213,-0.306060108507,0.0010456266178,0.615823123076,-1.5828366873e-05,-0.00528776738211,-1.73042523329,2.83027879245e-06,0.00480467254345,-0.689606829126,0.209031060175,0.769999300384,-0.844960108931,0.000902142075236,0.11042933889,-3.03334828219,2.27620525972e-05,0.0242944919936,-4.83295525844,0.304794512856,-0.272232040853
gradient,0,0.04,0.0499999970198,predicted,Actual proposal support boundary; monitored coordinates are pre-native endpoint forecast,True,50,-0.192800860275,0.590823967773,-0.0711185811424,0.0600083317971,0.0632062104082,0.0474360076415,5.94157855657,6.27002230546,-0.0521245659903,-0.43421672717,1.92173441378,0.189356415777,0.265723856151,0.287493883048,0.264962602221,0.214570657715,4.64324887358,0.187572420459,0.7259117461,9.67382537708,3.05287956677e-08,0.000208287459795,9.40780779636,8.81297180029e-08,0.000437762510809,9.27094491982,2.07335599176e-07,0.000662874635374,8.23726712582,1.69356074045e-05,0.0101312234327,9.76162919968,4.00502221403e-08,0.000203349726145,9.25937977477,1.28970619485e-07,0.000602592430974,8.19316564876,4.89209205331e-06,0.0084839379704,9.30039055623,1.126944607e-07,0.000504525832858,9.16124672257,4.57878872011e-07,0.00103634895901,8.6910258173,2.0528159235e-06,0.00295333730784,8.26554714253,1.01281802072e-05,0.00887254976236,8.54849652181,4.14124590644e-06,0.00444403409076,4.57333666049,0.183501342126,0.367423917067,8.72401225382,3.38034109648e-06,0.00351914005247,9.25572769605,2.9221238303e-07,0.000755950759651,5.26405584974,0.0600887291825,0.312394540295,7.29334387512,0.000312186956258,0.0676113875627,8.7479644994,1.40527281701e-06,0.00269677389703,5.39628780179,0.04015542885,0.180511206496,1.48881360815,-2.49439110422,0.651355862617,2.42830458283,0.567416787148,0.216854847648,8.12389752715,6.54400693804,-0.914249373315,-1.01172092571,4.71529549694,0.0493394263209,-0.268934955658,-0.262400644971,-0.143640184423,0.109103793383,0.0827126356394,-0.301866545306,0.111459834395,-3.41054657538,6.28895366083e-07,0.00257709348654,1.64854060197,-8.90056644354e-07,-0.00270912275038,-2.4859221499,1.16152232743e-06,0.00423007088121,1.13747226639,-6.66810437046e-05,-0.0294595626144,-2.79965508786,6.41670213109e-07,0.00205545196771,-0.209373694379,-2.01978329126e-07,-0.000113407473182,1.22675043801,-3.3553237881e-05,-0.0310993145486,-2.50596833032,1.65635806862e-06,0.00477558522466,-1.43401064336,3.02998384522e-06,0.00465820089675,0.843151819699,-1.18677817421e-06,-0.00398771476263,-2.51782067285,0.000129647807104,0.0550295634398,-1.89824819963,1.92379607342e-05,0.0197871343161,1.20588286622,-0.161532201392,0.179192573564,-0.521113253149,8.04111337044e-06,0.00525652875954,-2.46150266135,4.10301103593e-06,0.00663154367395,0.946271208972,0.0296919106908,0.436240792867,-0.402833465557,0.000601135363915,0.0467707209813,-0.378482332818,9.79615185056e-06,0.00527753730202,-3.10929379666,0.195724992559,-0.381724349524
gradient,0,0.05,0.0599999986589,predicted,Actual proposal support boundary; monitored coordinates are pre-native endpoint forecast,True,50,-0.17925485409,0.566898349609,-0.0657837937737,0.0782776259994,0.0727287295198,0.0500331050189,6.02028375372,6.34254374339,-0.0662510453993,-0.440714258917,1.98570599323,0.189748688791,0.262958895408,0.284229855458,0.263351293591,0.215990932068,4.64356146409,0.185065029209,0.725962722726,9.65670136956,3.37941817682e-08,0.000221287267144,9.42559738537,7.73578392679e-08,0.000406596736312,9.23550457027,2.31044220753e-07,0.000732529728453,8.24486092711,1.66090968226e-05,0.00993180552651,9.73761836586,4.57516225723e-08,0.000221127795816,9.26008249565,1.24543360344e-07,0.000594150925891,8.20230385436,4.67060266652e-06,0.00826563191498,9.27897036069,1.28050104026e-07,0.000547925324781,9.13926907881,5.12797577593e-07,0.00111206115056,8.69894827295,2.03001858018e-06,0.00291260364379,8.23944615282,1.14790011002e-05,0.0094559334457,8.54265701024,4.09874439677e-06,0.00449456331915,4.58285998838,0.182495671431,0.368357589931,8.70650327374,3.72538390374e-06,0.00369258568065,9.22737864188,3.42051992433e-07,0.000833135852912,5.28345922557,0.059452149388,0.315618547216,7.29156863924,0.000313639471242,0.0679054190567,8.75045456276,1.45527381329e-06,0.0026942877924,5.36645197629,0.0419487575642,0.177087044505,1.32977267295,-2.4429758502,0.186141610146,0.839223578572,1.47397497296,0.200782954106,5.02279026758,10.4896881317,-0.623052475616,-0.965381514654,10.2098488901,0.0534523279273,-0.179354746544,-0.317761806925,-0.204681619554,0.0624646952358,0.211091027015,-0.211416058369,-0.0958339591334,0.102823140278,-3.65758182693e-08,-0.000156001628907,-0.163252659442,-3.41999163911e-07,-0.000422020698236,-2.45474513635,1.02238723914e-06,0.00458702324201,-0.431536798479,8.48075035576e-05,0.00856140568714,-2.80975195117,7.27183043275e-07,0.00217821589158,-0.456873934344,1.02860441153e-07,0.000440507149489,0.516197383307,-1.16080946729e-05,-0.0118767201835,-1.8412532532,1.43964172003e-06,0.00398397292742,-2.71860072871,1.01973858409e-05,0.0109344870448,0.865972836697,-4.73164507428e-06,-0.00548735837524,-2.61906295211,0.000147314059885,0.0609415683691,1.06098656671,-2.80002369234e-05,-0.0127467639357,0.0849224844831,0.0816769095275,0.0207823773832,-3.7934521339,9.83546055098e-05,0.0394368151593,-2.23395526043,3.98843142314e-06,0.00616656868665,3.60947833189,-0.240782941796,0.123193964544,0.115072589319,-0.00029940841744,-0.00246532207043,-0.046768072803,4.75297531433e-06,0.00136672013741,-2.68099152268,0.165039747651,-0.350427961797
gradient,0,0.06,0.070000000298,predicted,Actual proposal support boundary; monitored coordinates are pre-native endpoint forecast,True,50,-0.166205406816,0.541964450769,-0.0673957489395,0.0767928033686,0.0926857098675,0.0514516667237,6.04203436192,6.47981606809,-0.0645856155026,-0.453524357463,2.12593139158,0.190425462336,0.262136761221,0.28113864691,0.26086896983,0.215819951619,4.64747069412,0.183344099292,0.723995066917,9.67588183988,2.97972793023e-08,0.000205167427217,9.40454274317,8.12897347247e-08,0.000429322096844,9.22185001709,2.27783343959e-07,0.000754615100214,8.22863638985,1.86317574756e-05,0.0103024515464,9.70543416065,5.45938830058e-08,0.000246914043977,9.25024229608,1.31027828308e-07,0.000611402573963,8.20348959642,4.65993015985e-06,0.00824640356673,9.26356549116,1.41487295101e-07,0.000584205291406,9.10687470799,6.61826588828e-07,0.00125503869991,8.70834527404,1.95818302202e-06,0.00284359014034,8.21316588349,1.30744614049e-05,0.0100913811297,8.56971625314,3.58124116797e-06,0.00418909881205,4.57503511018,0.185134880317,0.367839564614,8.64814321115,5.34743320668e-06,0.00430787635566,9.21104859084,3.71981011493e-07,0.000879282133384,5.33624541638,0.0552730703466,0.314858419586,7.2956453269,0.00030619878791,0.0675620811213,8.74702913795,1.50033232329e-06,0.00272410829978,5.34266797133,0.043456223803,0.17350264726,1.1800547533,-2.4825714204,-0.22612118721,-0.146265029907,2.69447857141,0.220123416565,3.92894661749,12.9207103283,0.378129511199,-1.78361258563,13.2376619327,-0.00379858045154,-0.10827290913,-0.283012674229,-0.244311998501,-0.00736681108443,0.112072774176,-0.0756930061115,-0.351520129881,1.65865739832,-3.01440233548e-07,-0.00132685306523,-3.05849605153,9.11593535049e-07,0.00399860140498,-2.01597885631,9.54795819021e-07,0.00427626874187,-1.57187118843,0.00023331067215,0.0372018272841,-3.06732158141,8.42014380858e-07,0.00242435941029,-1.33885234461,9.95788723249e-07,0.00274234286711,0.521271201067,-7.40885708205e-06,-0.0100822966108,-1.29676749109,1.0777103362e-06,0.00310666208998,-3.11575279535,1.53868752571e-05,0.0139992422853,0.483950158558,-3.49869042992e-06,-0.00348583256354,-2.14280763914,0.000122659613213,0.0516663847839,2.08799803874,-3.72636426913e-05,-0.0220699241123,-1.03050957709,0.333631215536,-0.0404838902865,-5.92803918331,0.000187731908876,0.0649806595141,-1.28568640111,1.8235717973e-06,0.00332986704511,4.64642055962,-0.383537705157,-0.12163152418,0.761276113861,-0.00115973412452,-0.0736925868559,-0.858677143594,1.11968181271e-05,0.00831962212267,-1.41558208321,0.12439675245,-0.371207990399
gradient,0,0.07,0.0799999982119,predicted,Actual proposal support boundary; monitored coordinates are pre-native endpoint forecast,True,50,-0.155653759024,0.5172469212,-0.0703062175179,0.0753523254013,0.126618300948,0.0544355733502,6.09886268607,6.60095794996,-0.0586884551754,-0.47638651063,2.25045923188,0.189672717182,0.260793437225,0.278569601974,0.258465053621,0.215843595846,4.64580291957,0.183551169087,0.718932320128,9.68987451753,2.77653770972e-08,0.00019475020584,9.36442746434,9.55897099689e-08,0.000486568764412,9.19518499315,2.50140137133e-07,0.000818055103291,8.21342350334,2.12753102656e-05,0.0106758420722,9.67627193423,6.25919101894e-08,0.000269614984022,9.23330544876,1.44459134809e-07,0.000648997783233,8.21272927838,4.52242552488e-06,0.00806398598276,9.25303501086,1.49604310751e-07,0.000610058566581,9.0769540229,8.20535082735e-07,0.00139204599627,8.70862727613,1.96004477158e-06,0.00284288699252,8.19659000004,1.39321933644e-05,0.0104892611414,8.58441697102,3.35347154295e-06,0.0040531648369,4.56224979683,0.189168295742,0.367547912125,8.58794249008,7.48002208127e-06,0.00499219887093,9.20166491386,3.78523428379e-07,0.000899733193814,5.37638763676,0.0517813952849,0.313185916732,7.30679416152,0.000290444788752,0.0664315673196,8.73328101988,1.67921017583e-06,0.00286068023485,5.33814033462,0.0444366926132,0.169662884697,0.995017283261,-2.36289576915,0.261454582214,-0.341677129269,2.82669398189,0.232580927125,2.00448334205,15.18386076,0.998174614166,-2.0782153061,11.5049969172,-0.0767964904614,-0.102908078492,-0.252962738333,-0.251956437902,-0.0259886200027,-0.191043357397,0.0398951309551,-0.359661178862,0.561053998075,-1.96830676942e-08,-0.000312690191276,-2.65399618513,9.68498112868e-07,0.00391475037446,-1.17108470123,7.07834882712e-07,0.00270087040812,-2.68266689771,0.000389772710025,0.0648902391275,-4.71626719264,1.67983055882e-06,0.00431710079593,-1.19466917466,9.63103030717e-07,0.00269808097222,1.16140182241,-2.26135781662e-05,-0.0243966737733,-1.25068359898,7.57898007657e-07,0.00264530196775,-2.21669783018,1.29059851776e-05,0.0105332814213,0.00420959647801,3.4653430667e-06,0.00114299288943,-1.8463580451,0.000104240294933,0.0456153207041,1.14936750126,-1.45003729492e-05,-0.00931112913708,-0.630062935419,0.264344323422,-0.0871780176625,-4.43472230136,0.00017592537639,0.0513890708438,-2.17076558129,3.74077598097e-06,0.00593589105766,3.63330144016,-0.332538765936,-0.387365770968,-0.10188896613,-5.04460853861e-05,0.0245939778564,-1.17829369029,1.56288282772e-05,0.0115502312216,-0.650194666969,0.104656001084,-0.340213776915
gradient,0,0.08,0.0899999961257,predicted,Actual proposal support boundary; monitored coordinates are pre-native endpoint forecast,True,50,-0.146305061151,0.494706535386,-0.0621666572952,0.0699592607832,0.149219589505,0.0561032852662,6.08212402876,6.78349328329,-0.0446221232193,-0.495088663585,2.35603132993,0.188889532527,0.260078599651,0.276079392143,0.255829841072,0.215300179219,4.64364982697,0.184142001911,0.71680184334,9.68710291985,2.94036179484e-08,0.000198913623391,9.35146281946,1.00659696982e-07,0.000507617104334,9.19842832306,2.41940041613e-07,0.000808632508376,8.1749830519,2.64272116761e-05,0.011600256329,9.6111088168,8.81904941822e-08,0.000333256059895,9.22634891259,1.50289888922e-07,0.000665364193408,8.22671763287,4.20765859653e-06,0.00775847009126,9.23855181918,1.56645255254e-07,0.000637111330761,9.06254075139,9.1994629238e-07,0.00146570432834,8.70842946597,2.02748988335e-06,0.00286644999812,8.17623872259,1.51592673035e-05,0.0110036875438,8.59270360317,3.29123370899e-06,0.00400287622931,4.56243385147,0.190421766785,0.366096004261,8.55944876512,8.86594073448e-06,0.00533565777253,9.16763327922,4.46796531112e-07,0.000997999954538,5.40891144518,0.0486222950279,0.307111104166,7.29360754758,0.000305189866202,0.0680539606784,8.72346326414,1.81290888884e-06,0.00295511292421,5.32966407799,0.0455493438247,0.166698371721,1.02320927668,-1.92752285445,0.435436964035,-0.62553191185,2.518581599,0.16603487943,-2.03511029671,14.0108970795,0.752966715,-1.53475918268,7.62002183224,-0.0554372840039,-0.0446870136027,-0.2082037351,-0.189763641329,-0.0399652526879,-0.275641046719,0.0868275725511,-0.141967076087,0.23883139721,3.79733278456e-08,-7.84397042867e-06,-0.730650287008,3.46428474781e-07,0.00125892930797,0.075184233569,-3.65684506264e-07,-0.000239329586951,-2.66964807827,0.00038639355508,0.0645317660344,-5.76226454769,2.58470685544e-06,0.00605669552879,0.263403295193,-2.31008217963e-07,-0.000625916676686,1.02822849403,-2.10511758584e-05,-0.0212773520662,-0.543930749112,7.82981025327e-08,0.000903139901661,-1.56755886361,1.04746950499e-05,0.00765945386845,-0.589776897904,1.07703528999e-05,0.00655467092692,-1.22029719275,7.01459400283e-05,0.0302914016738,1.2350645415,-1.28396879733e-05,-0.00971252538438,-0.294454201892,0.185990228813,-0.0858717408287,-2.62349645996,0.000135199838525,0.0314693534047,-2.91128057979,6.23218908184e-06,0.00871602696323,2.62267683485,-0.258840818711,-0.558971289632,-0.980611311386,0.00127721572083,0.112664096662,0.107240768738,3.09249827298e-06,-3.89867167507e-05,-0.220060626146,0.057058049093,-0.25742014532
gradient,0,0.09,0.0999999940395,predicted,Actual proposal support boundary; monitored coordinates are pre-native endpoint forecast,True,50,-0.13518957349,0.478696464112,-0.0615974782372,0.0628416871643,0.176989932928,0.0577562709388,6.05816048013,6.88117589155,-0.0436291208754,-0.507081694284,2.40285966853,0.188563971502,0.259899696953,0.274405527272,0.254669780795,0.215044290792,4.64029009864,0.185287720538,0.716092978606,9.69465114547,2.85248436542e-08,0.000194593326431,9.3498144586,1.02518279464e-07,0.000511747350572,9.19668867782,2.42826447008e-07,0.000813268511552,8.16003054178,2.90031813672e-05,0.0119664773929,9.56102664328,1.14286047298e-07,0.000390748894598,9.23857351467,1.3983897045e-07,0.0006364794497,8.23329384826,4.10140200771e-06,0.00763843894144,9.24215639588,1.51170272801e-07,0.000628121364614,9.04560284563,1.03002898373e-06,0.00154523507364,8.69683173817,2.17545182958e-06,0.00297398041106,8.17218405618,1.5335112165e-05,0.0110950891749,8.60911826185,3.09667778348e-06,0.00385891432922,4.5563607128,0.192888100318,0.365830477309,8.53547256088,1.01840188518e-05,0.00562158593903,9.14343930226,5.03167210016e-07,0.00107405373308,5.42884117346,0.0466045789107,0.302006490939,7.28718193529,0.000315989103168,0.0686848492528,8.73542583526,1.74106014129e-06,0.00285990050052,5.3337391221,0.045577853595,0.164514481791,0.838472336939,-1.25835627347,-0.190185070038,-1.1030016616,2.07928782701,0.10346324197,-4.16561457362,6.72889538736,-0.330422349565,-0.605349152875,2.51964870003,-0.0123760050626,0.0232639539119,-0.126472830903,-0.0326113661338,-0.0136694657479,-0.331430931654,0.114239837509,-0.0107803710381,1.43282772259,-2.12624945425e-07,-0.000952447581731,0.304624746368,1.60114579294e-07,-0.000215183206193,0.0134124243741,4.01275219434e-08,0.00019554901047,-1.34437107871,0.000221748917205,0.0328338667324,-4.46908933287,2.67510521414e-06,0.00556688925526,1.64149152571,-1.33671832389e-06,-0.00382592026041,0.107752104247,1.2879526177e-06,1.53464362929e-05,0.810929792357,-8.32719306674e-07,-0.00180261341388,-0.729068036467,5.45685819891e-06,0.00343040814381,-1.27463339382,1.57974554871e-05,0.0114997197759,0.186423929284,-1.09219471691e-05,-0.00544388441245,2.17405166604,-2.65192405396e-05,-0.0197941025927,-0.680204035799,0.236069091204,-0.0561989937133,-1.13977089743,7.33011857957e-05,0.0127076536162,-1.93822937325,5.00354466736e-06,0.00634811313207,1.61259651136,-0.164560921566,-0.468973250244,-0.617264078888,0.00106355093863,0.0589971103703,1.223132978,-7.4304713488e-06,-0.00987599603322,0.759184311868,-0.0170654072161,-0.132795279244
gradient,0,0.1,0.109999999404,predicted,Actual proposal support boundary; monitored coordinates are pre-native endpoint forecast,True,50,-0.129535614412,0.469539409917,-0.065970358696,0.0478992275512,0.190805346045,0.0581725501056,5.99881173729,6.91807119104,-0.0512305702106,-0.507195646643,2.40642430393,0.188642012425,0.260543878729,0.273549935525,0.255177613749,0.215026789904,4.63702120834,0.186426798661,0.716586235919,9.7157594743,2.51511190399e-08,0.000179864671756,9.35755531439,1.03861988568e-07,0.00050331344021,9.19869657155,2.42742592052e-07,0.000812543488586,8.14809563032,3.08621900202e-05,0.0122569336636,9.52172703014,1.41692598465e-07,0.000444593845001,9.2591787431,1.23555522444e-07,0.0005888457882,8.22887267496,4.23341764889e-06,0.00775877701999,9.25477041503,1.3999086912e-07,0.000601059062484,9.04795939066,1.02908345636e-06,0.00153431249121,8.68293679809,2.34343899309e-06,0.00309644439364,8.17996720117,1.49408283601e-05,0.0108948098556,8.63618463649,2.7608488982e-06,0.00360699417745,4.54882977076,0.195143148609,0.364972024387,8.53665334717,1.03319644504e-05,0.00558981084486,9.12886869175,5.4686742446e-07,0.00112496221718,5.44116337541,0.0453310765966,0.297731639161,7.281262266,0.000326460884975,0.0692339028858,8.7479259237,1.66429946186e-06,0.00275759300355,5.34484776423,0.0452080356803,0.164042466136,0.536578281191,-0.956776479178,-0.29246866703,-1.61010426283,1.1404023245,0.0618534584589,-4.76028732836,2.99063525179,-0.496638623885,-0.000742156541964,-0.328749772882,-0.0178954811568,0.0601531366514,-0.0877393824544,0.054658600888,-0.00685070781735,-0.577956767957,0.166693006658,-0.0354774978826,1.5644676289,-2.19746980286e-07,-0.0010142097454,-0.668230439997,1.87901622471e-06,0.00251327113078,0.387740628266,-2.59700529499e-07,-0.000599374067593,-0.620944609819,7.26896654676e-05,0.0145008680227,-2.9953683175,2.11280578654e-06,0.00410544880455,1.20607325572,-6.0406198006e-07,-0.00252227102802,-0.287881712989,1.01478854143e-05,0.00873218941922,0.850462485606,-8.16552921405e-07,-0.00186628380075,-0.344348983401,3.10284337349e-06,0.00152591297259,-1.37391434113,1.79213054653e-05,0.0125467909532,0.746214074911,-3.55287119398e-05,-0.0190451366074,2.45964380217,-2.73810093413e-05,-0.0220842268219,-0.597725057975,0.205905196891,-0.0784756643253,-0.286712334706,2.53833648348e-05,0.0017821901983,-1.250157424,3.46635317167e-06,0.00420569206164,1.27327311643,-0.128659974638,-0.407583548005,-0.72497817851,0.001241429293,0.0710219514432,0.193755246207,4.65462656289e-06,-0.000566938276917,0.994251717268,-0.0248059628543,-0.0266500254268
gradient,0,0.11,0.119999997318,predicted,Actual proposal support boundary; monitored coordinates are pre-native endpoint forecast,True,50,-0.124458007866,0.459560934528,-0.0674468515778,0.0306396019077,0.199797979418,0.058993340108,5.96295473356,6.94098859658,-0.0535618933531,-0.507096537414,2.39628467307,0.188206061878,0.261102759686,0.272650739622,0.255762952813,0.214907276636,4.62873096328,0.188621580671,0.715383428649,9.72594049805,2.41299040484e-08,0.000174309131523,9.3364498498,1.40098603959e-07,0.000562012773187,9.20444349038,2.37632436418e-07,0.0008012810302,8.14761164958,3.04569746766e-05,0.0122564947533,9.50111927693,1.56542163029e-07,0.000472857870689,9.26269497978,1.27757730849e-07,0.000586034029139,8.227536214,4.304359716e-06,0.00781308272982,9.25916564559,1.34839214373e-07,0.000590795688599,9.03871586596,1.0920858512e-06,0.00157575333309,8.66935345134,2.53387793889e-06,0.00322491623012,8.18710833768,1.46245379262e-05,0.0107141864427,8.65831113789,2.54905759666e-06,0.00341722979278,4.54440621164,0.197006204256,0.364260964022,8.52973831418,1.06916861485e-05,0.00565722974299,9.11843615378,5.72494273449e-07,0.00115816757431,5.45430663579,0.0440313794179,0.293854819979,7.27268237172,0.000340817689028,0.0701052882817,8.73930094018,1.83415267254e-06,0.00284856173498,5.35362415645,0.0450817343379,0.163981481282,0.395580034941,-0.894142861435,0.0389983654021,-1.37815838307,0.64072727412,0.145248844016,-3.18330564074,2.69390267334,0.234804729991,-0.544762993378,-1.01548299764,-0.0368179472732,0.0420898437226,-0.108347339565,0.0240102561186,-0.00177661096303,-0.754682195533,0.212105036092,-0.131678274207,0.142828158566,4.3534587533e-08,4.42770125394e-05,-2.57448200114,5.17090167919e-06,0.00763274811098,0.511306754853,-4.6589231417e-07,-0.00101859813836,-0.0332053738867,-6.74245961282e-05,0.000446057333888,-1.65125602649,1.30998309295e-06,0.00240546808212,0.360799009607,7.18684887699e-07,-1.90967011997e-05,0.274854362056,-4.92110638717e-06,-0.00487409921986,-0.341207355596,6.54404960502e-08,0.000518228093818,-1.16884015639,9.19168737075e-06,0.00584274922053,-1.40388474968,2.21358896355e-05,0.014012615986,0.362056476595,-7.09493995237e-06,-0.0091519664326,1.60253657537,-1.15994062509e-05,-0.0127429316815,-0.317590413905,0.178363156662,-0.115693319078,-1.33446354066,7.82663992569e-05,0.0159859689229,-0.988488067487,3.06567967571e-06,0.00342524405093,1.18749463436,-0.12462071369,-0.379920958839,-1.12077352763,0.00177642431655,0.122618709799,-1.01151099831,2.02965067987e-05,0.0107567869836,0.494921494004,0.00785685893939,0.031534212251
gradient,0,0.12,0.129999995232,predicted,Actual proposal support boundary; monitored coordinates are pre-native endpoint forecast,True,50,-0.121624013713,0.451656552688,-0.0651903913879,0.0203360598898,0.203619891528,0.0610775269859,5.93514562447,6.9719492445,-0.0465344756108,-0.51809090651,2.38611464398,0.18790565348,0.261385675603,0.271382988734,0.255657818872,0.214991257685,4.62192756442,0.190668899383,0.713952670435,9.71861603747,2.60218107906e-08,0.000180750212007,9.30606567437,2.07280022152e-07,0.000655968402429,9.20892270665,2.33424745769e-07,0.000792171525818,8.14743152285,2.95136980977e-05,0.0122658548103,9.48870190961,1.67892260324e-07,0.000492703206643,9.26639472329,1.37929220198e-07,0.000588463854176,8.2343697622,4.13499552114e-06,0.00766129503559,9.24794626792,1.41299679041e-07,0.00061142362436,9.02458258753,1.21291720377e-06,0.00165116747562,8.6548591031,2.7861567858e-06,0.00337669671336,8.1872083307,1.47989295611e-05,0.0107117705269,8.668235368,2.52886077318e-06,0.00335213554382,4.54247796248,0.198710411743,0.362658158005,8.50996407636,1.18972924355e-05,0.00590953022331,9.1090989304,6.08181017974e-07,0.0011934670982,5.46491326809,0.0428386623228,0.290133219985,7.25884679545,0.000361989371306,0.0716862770818,8.72769570374,2.07022959784e-06,0.00297272874322,5.35474619411,0.0453651728591,0.164673150381,0.246023690912,-0.688735096201,0.324646711349,-0.712301820517,0.00729263573884,0.230563183884,-2.89567378087,1.61008896537,0.953953345995,-0.564083368964,-2.43182876769,-0.0578366191755,0.0588448124679,-0.0335282738515,0.0447868625838,-0.0797257831191,-1.1475103173,0.282403561001,-0.227646228808,-0.669821398978,1.66237297156e-07,0.000551010899379,-3.13980016393,7.98815087706e-06,0.0103523986753,-0.210613820805,5.49973927182e-07,0.00106003016972,-0.575014177038,-2.4255872736e-05,0.0166401642813,-2.13167471811,2.29849661053e-06,0.00382114551743,0.603015392943,1.00955109793e-06,-7.87761543447e-06,0.731374261339,-1.93252979767e-05,-0.0169868783718,-1.50591752063,1.09294395065e-06,0.00303665690304,-1.19382084138,1.11718431219e-05,0.00671117349162,-1.38467021303,2.44370559339e-05,0.0146542241535,-0.339808562233,4.96542889504e-05,0.00989456622476,0.653910989239,4.9275432675e-07,-0.00368323251379,0.342944416759,0.0391155923329,0.015594679761,-1.93331752346,0.000121556869097,0.0257793550903,-1.48243975043,6.18834392382e-06,0.0060898374378,0.835770776961,-0.0954671935608,-0.325025134871,-1.31509821761,0.00217647560615,0.143112604331,-1.06641505498,2.36852784234e-05,0.011996019372,-0.130992020169,0.0390574830963,0.0781585493891
gradient,0,0.13,0.140000000596,predicted,Actual proposal support boundary; monitored coordinates are pre-native endpoint forecast,True,50,-0.119537534048,0.445786232604,-0.0609539173508,0.0163935654974,0.199943832133,0.0636046037857,5.90504125795,6.97319037589,-0.0344828264332,-0.518378204794,2.34764809772,0.187049329495,0.262279655936,0.271980174145,0.256658690064,0.213312760974,4.60578075693,0.194269651891,0.710830504073,9.71254407007,2.74546499916e-08,0.00018532934951,9.27365384652,2.998616215e-07,0.000769060746694,9.20023121397,2.48631914961e-07,0.000822481633594,8.13611136604,2.99718572219e-05,0.012589298039,9.45848578256,2.0251209524e-07,0.000549280781037,9.27475528764,1.47948752807e-07,0.000585876476831,8.24216369923,3.91785375646e-06,0.00747334516239,9.22904729518,1.56698093386e-07,0.00065152882666,9.01483944913,1.31552271364e-06,0.00170997680292,8.64166004708,3.02261905756e-06,0.00351800071319,8.18031216643,1.56176237052e-05,0.0109120777672,8.67138935768,2.55891268319e-06,0.0033435651425,4.55126509997,0.197788516103,0.364572857618,8.49107196371,1.31228235304e-05,0.0061728168448,9.08878735877,6.96261151925e-07,0.00127996432307,5.47102205133,0.0421220355467,0.287354317282,7.24638040737,0.000384347201151,0.0729675403683,8.71797263908,2.30785824101e-06,0.00308848212242,5.35100431604,0.0458628839999,0.16554465227,0.107844233005,-0.377159302355,0.121416211128,-0.371937125921,-0.536611758173,0.147340303575,-2.28631465323,0.279213559796,1.08163321328,-0.076759890613,-4.4766044953,-0.109079513325,0.0930251987253,0.0312243420055,0.0986750362557,-0.12912594892,-1.3651319978,0.297389639605,-0.394238777634,-1.79647908495,3.34003850671e-07,0.00126520392116,-0.635922153935,2.93044385305e-06,0.00318278538359,-1.02913569537,1.76950946583e-06,0.00341550222057,-1.24893169685,4.41171582099e-05,0.0371586496414,-1.60189337068,2.16512128851e-06,0.00339747609992,1.296728163,-1.28848511417e-07,-0.00184201867121,0.431899341627,-1.42685570501e-05,-0.0110906468046,-2.27790843062,2.17921727307e-06,0.00531991811971,-1.28679347623,1.28152330503e-05,0.00760836934241,-1.35148857538,2.35508090333e-05,0.0138929379306,-0.890859362802,0.000110426820342,0.0261816379654,0.152617415958,4.74756796509e-06,0.000875346418798,0.65398534986,-0.0329429438464,0.155317561334,-2.8720793645,0.000218597556819,0.0408585759481,-1.39338289195,7.50089102919e-06,0.00653369484914,0.663283661948,-0.0672907882147,-0.257847910568,-0.47171834157,0.000986659166495,0.0398808486606,-0.0245582167807,5.38955625532e-06,0.00191938398818,-2.26528254992,0.145139796313,0.00282221331186
gradient,0,0.14,0.149999991059,predicted,Actual proposal support boundary; monitored coordinates are pre-native endpoint forecast,True,50,-0.119467129053,0.444113366641,-0.0627620671654,0.0128973173714,0.192887656364,0.0640243330574,5.88941933141,6.9775335157,-0.0249018113453,-0.519626104323,2.29658255407,0.185724063213,0.263246179578,0.272007475574,0.257631319597,0.212408738707,4.59462492447,0.196616692175,0.706067894882,9.68268645577,3.2701887804e-08,0.00020605429043,9.29334723129,2.65888899213e-07,0.000719624110101,9.18833999274,2.68814935086e-07,0.00086048157023,8.12245288891,3.03960412619e-05,0.0130090278031,9.4566640422,2.11194686094e-07,0.000560652728641,9.29232928655,1.3535224997e-07,0.000551623480751,8.24300774903,3.84962438014e-06,0.0074394820995,9.2023880993,1.84884024503e-07,0.000717821986754,8.99884671801,1.46922186478e-06,0.00180333486247,8.62782933159,3.25717296647e-06,0.00365455547198,8.16939114345,1.70074659679e-05,0.0112354032862,8.67128771631,2.62381213248e-06,0.0033696424722,4.55555766948,0.198051552866,0.365764509232,8.45252248907,1.62692435719e-05,0.00672670174228,9.08123127256,7.58198838558e-07,0.00132414099518,5.47817894133,0.0414928465585,0.284976261773,7.24941242862,0.000381722554635,0.072483894055,8.7272045394,2.17802072294e-06,0.00301111642298,5.30944054311,0.0482679687854,0.164729594648,0.0961256587409,-0.209121089284,-0.0867607593536,-0.61704275012,-0.922949209809,0.0510779659868,0.444305187362,-0.293453117581,2.07310490455,-0.439592613935,-4.28235109033,-0.112115691946,0.138513070012,-0.02296819974,0.0439194717691,-0.114881584531,-1.35653369038,0.27872666266,-0.574034986338,-2.91797483025,5.21942914472e-07,0.00207585575158,0.122289449672,-4.97989817111e-07,-0.000514674038265,-0.624968434194,1.16907492175e-06,0.00215001390344,-1.50276843275,0.000118099879867,0.0453743046601,2.01314348434,-1.48794726061e-06,-0.00266560065776,0.552907095563,-2.92179278641e-07,-0.00091441114912,0.228292751473,-7.17600512579e-06,-0.0060557392745,-3.07427260096,3.51955526611e-06,0.00797384747322,-1.79552809002,1.6492801083e-05,0.0101478111137,-1.34269440563,2.10045318323e-05,0.0130508122345,-1.45928165418,0.000182917260026,0.0431180292813,-0.439193493415,1.18672260582e-05,0.00672754955273,0.479749041381,2.86670798495e-05,0.0639888678153,-4.23966928106,0.000351900473018,0.062191835125,0.524661920618,8.93611413924e-07,-0.000797248991261,1.77097210341,-0.120324111613,-0.181854092787,0.927972517533,-0.00138267123965,-0.113923943478,-0.149716992213,1.27182624485e-06,0.00236871836578,-4.64975695027,0.267176006211,-0.113519274587
gradient,0,0.15,0.159999996424,predicted,Actual proposal support boundary; monitored coordinates are pre-native endpoint forecast,True,50,-0.117615020873,0.441603810818,-0.0626891325378,0.00405271049499,0.181484847937,0.0646261631054,5.91392736169,6.96732131354,0.0069792716579,-0.527170057072,2.26200107591,0.184807015656,0.265049917336,0.271520810151,0.2575370795,0.211015129283,4.57865008313,0.199844185145,0.699349804346,9.65418457347,3.7893508281e-08,0.000226846464542,9.27609963552,2.89901825158e-07,0.000758767265929,9.18773184528,2.72013413396e-07,0.000865481911663,8.10605599738,3.23338548192e-05,0.0134967841322,9.49874865225,1.72753150027e-07,0.000495968767882,9.28581342955,1.42105167234e-07,0.000567588253848,8.24672955426,3.77433365395e-06,0.0073522303769,9.16756184316,2.27089198708e-07,0.000811005776124,8.97892888733,1.6453787353e-06,0.0019129330252,8.61480615897,3.44270969421e-06,0.00377901695788,8.15112653335,1.92759689057e-05,0.0117744383528,8.66260548781,2.79625720436e-06,0.00347811613356,4.5608600808,0.197789089444,0.365852634974,8.40627857809,2.01608329908e-05,0.0074166535473,9.09928059718,7.14133380204e-07,0.00126401934324,5.5064414934,0.0397155533144,0.283717235426,7.26493985772,0.000356693776358,0.0706890614987,8.71497829924,2.33329476591e-06,0.00313585648973,5.25800917704,0.0512064041241,0.163274266778,-0.0991404911214,-0.103788734863,0.493939042091,0.733314990997,-1.09123927355,-0.0534023522415,-0.391163699799,-1.89686429695,2.20998982268,-1.27174162005,0.00093275579674,-0.0269612783665,0.19870580471,0.0331023211638,-0.00788029576382,-0.128438125933,-1.94670243674,0.305122326467,-0.406235582406,-2.70763409851,6.04552294057e-07,0.00216799877027,3.03816777068,-4.69812592575e-06,-0.0074110331255,-0.336809495823,4.57770006454e-07,0.000924247502487,-0.719686692317,8.49410274619e-05,0.0222063946009,5.35592546121,-4.33799937047e-06,-0.00771723813785,-0.0332705057447,-8.83217267071e-08,0.000131916538111,0.726537075813,-1.23662338532e-05,-0.0165010281563,-3.12566780149,3.9340986186e-06,0.00853747161127,0.795546153906,-3.28980367775e-06,-0.00296084258985,0.773764930191,-1.78274080104e-05,-0.00906121433994,-2.46781255169,0.000275566259713,0.0720308801913,-2.8295386493,4.776690497e-05,0.0307547673636,0.709980297921,-0.110659480613,0.0895611038134,0.893334018832,-1.64057703342e-05,-0.0113041523869,2.92192706728,-8.43489203434e-06,-0.0101559195037,2.22815195607,-0.129155373854,0.0335895473118,1.53489447971,-0.00260697389317,-0.169393499137,-1.00876788878,1.05287607145e-05,0.0103547249365,-3.18529777463,0.193603502927,-0.0939000692512
gradient,0,0.16,0.170000001788,predicted,Actual proposal support boundary; monitored coordinates are pre-native endpoint forecast,True,50,-0.121449938876,0.442037591944,-0.0528832863235,0.0275636171913,0.171062870893,0.0629562860125,5.88159605741,6.93959622976,0.0192979851084,-0.545060936724,2.29660120919,0.185184837646,0.267220295672,0.272669521997,0.257473713681,0.209839976188,4.55569087573,0.202719138705,0.697943183234,9.6285337738,4.47929336852e-08,0.000249414265836,9.3541105867,1.71926380698e-07,0.000571403447591,9.18160380283,2.77970335215e-07,0.00087896652028,8.10805915506,3.20948618111e-05,0.0134531556951,9.56378255142,1.24434698685e-07,0.000406307965884,9.29166387644,1.33585815436e-07,0.000554261811514,8.25753849055,3.60229970308e-06,0.00710946153637,9.13987474327,2.63565996875e-07,0.00088857141898,9.01475764109,1.40342579123e-06,0.00174411801068,8.64330463019,2.90062480626e-06,0.00347333118518,8.12003489241,2.25187911622e-05,0.0126760208901,8.61469694333,3.57915023188e-06,0.00398473781947,4.56975727543,0.195838363253,0.367555731308,8.47038916944,1.59411281652e-05,0.00650061869454,9.13966981391,5.89500997871e-07,0.00112102260511,5.52274198045,0.0389097390814,0.28564805272,7.28011031821,0.000329583076772,0.0690960240723,8.70702918162,2.38859593723e-06,0.00321821092171,5.24573458762,0.0521400388439,0.162851593263,-0.448407458015,0.103176480867,1.0012806654,1.34833467007,-1.11996334791,-0.0842169727651,-2.73390979254,-3.91679172358,2.41588133281,-2.40894373618,-2.12360148041,0.0327367934443,0.18539980485,0.0931718360687,0.0194527058438,-0.105884928855,-2.37638170278,0.287250441575,-0.0260297702749,-2.47161291828,6.61602299196e-07,0.00215760081322,3.82992621846,-4.99532373706e-06,-0.00843988707414,1.48820367571,-2.28290644368e-06,-0.00434703979689,0.525294922175,-6.41336164038e-05,-0.0139978428115,7.09683625285,-4.63492068744e-06,-0.00921928991404,0.55953824764,-3.57450918714e-07,-0.000813481750913,1.33271139116,-2.29470743265e-05,-0.0291982705718,-2.66413973557,3.65368658671e-06,0.00765444877028,2.24525330347,-1.58197105425e-05,-0.0108367049323,1.2972421799,-2.99416230899e-05,-0.0144549850003,-1.68090428424,0.000185818117831,0.0500657063782,-4.61867100568,8.12195547139e-05,0.0504849828447,0.506572580778,-0.164780638715,0.0220696048224,4.51872998181,-0.000315659122939,-0.0635670533791,5.00273892768,-1.52418297265e-05,-0.0175384809499,0.72036773649,-0.025267981087,0.143425136339,0.674821928914,-0.00125817985083,-0.0723101281436,-0.742743530833,6.4510476849e-06,0.00818325833732,-0.861583070538,0.0734391476771,-0.0242569051173
gradient,0,0.17,0.179999992251,predicted,Actual proposal support boundary; monitored coordinates are pre-native endpoint forecast,True,50,-0.126583170033,0.443667340436,-0.0426635192299,0.0310194038963,0.159085580978,0.0629418236501,5.85924916584,6.88898547907,0.0552968983142,-0.575348931796,2.2195290463,0.185461751525,0.268757913433,0.273384246872,0.257926133616,0.208897430706,4.53112244907,0.205589193976,0.69882920894,9.6047523151,5.11255542649e-08,0.000269998480806,9.35269815988,1.89995350416e-07,0.000589969524446,9.2174959188,2.26355284523e-07,0.000778541115725,8.11656189583,3.10511824911e-05,0.0132168272759,9.64068537731,8.00547362786e-08,0.000311582969601,9.2970041945,1.3495614886e-07,0.00055131861883,8.27338378208,3.31539216742e-06,0.00676826496546,9.11427904845,3.00162930442e-07,0.00096409475153,9.0238339534,1.32898452445e-06,0.00169619892655,8.64075100257,2.84387723241e-06,0.00348991725788,8.11750844767,2.29923312624e-05,0.0127757524804,8.57023206769,4.42064829863e-06,0.00448781579045,4.57099153241,0.19449347667,0.36629402707,8.49665317773,1.3847650532e-05,0.00614531247972,9.19933537574,4.09296785673e-07,0.000913249724244,5.52084884813,0.0392101936927,0.286585738153,7.2784362963,0.000331530179341,0.0692428589359,8.70012342862,2.46231571961e-06,0.00329952165648,5.24077751563,0.0526751870776,0.162789128676,-0.320044067458,0.0242639280295,0.849941134453,-0.797698497772,-1.64229786396,-0.218642345468,-5.10858757194,-6.55901374321,3.74657820336,-1.98841851531,-11.2241284671,0.0634296813718,0.184907674822,0.0688857843676,0.147450761737,-0.0819780979012,-2.28298590329,0.300545375942,0.230537635648,-2.01854791032,5.84011789876e-07,0.00182964605688,1.21320039589,-4.4448497565e-08,-0.00123313821472,5.24696845559,-6.08514206142e-06,-0.0128709814811,0.483057960033,-5.12897058297e-05,-0.0133744891873,6.40284796106,-3.28213352685e-06,-0.00739794538837,0.548749773178,-1.50230929127e-07,-0.000614683773256,1.20509498786,-2.34961733213e-05,-0.0263156209524,-1.72455715407,2.57714872583e-06,0.00515782309287,1.3710874098,-9.29536770675e-06,-0.00651272337621,-1.20269579289,1.19865302167e-05,0.0112281013097,0.585327185381,-1.63172120049e-05,-0.0132335266573,-2.43096837966,4.0264299566e-05,0.02581641799,0.239842322927,-0.185755981508,-0.127607687888,2.63670891146,-0.000183492350215,-0.0348028605242,5.41755307679,-1.47532508269e-05,-0.0180382427542,-0.856702902988,0.0594418228833,-0.00296829224224,-0.612168175078,0.00094001783187,0.0614500912834,-0.306367761361,-4.00782011589e-06,0.0028369218702,-0.687506366637,0.0602237484252,0.0124515966707
gradient,0,0.18,0.189999997616,predicted,Actual proposal support boundary; monitored coordinates are pre-native endpoint forecast,True,50,-0.127850820225,0.442522870504,-0.0358844636345,0.0116096472359,0.138216913614,0.0585834391032,5.77942430598,6.8084159549,0.0942295491757,-0.58482930703,2.07211863984,0.186453431274,0.270918449169,0.274047237684,0.260422728916,0.20820041423,4.51003115767,0.208730046223,0.702553935947,9.58816281559,5.64731694827e-08,0.000286007186973,9.37837459462,1.71037410746e-07,0.000546740683297,9.28654317194,1.56267493986e-07,0.000621546890658,8.11772031426,3.10690676945e-05,0.0131856659114,9.69183951064,5.87920281477e-08,0.000258349058117,9.3026388719,1.30581196853e-07,0.000541968136049,8.2816403903,3.13237623665e-06,0.00658314911733,9.10538360019,3.15108971391e-07,0.000991727880837,9.04217938928,1.21751843709e-06,0.00161386354315,8.61925071433,3.14035541059e-06,0.00369789321137,8.13174143612,2.21924469221e-05,0.0124113503569,8.56607757574,4.3844362232e-06,0.00450106617927,4.57455412189,0.192123243623,0.36500357755,8.52312334767,1.22712811609e-05,0.00580456148406,9.24802087545,2.94435981332e-07,0.000760257750022,5.50560792239,0.0400985755391,0.285588686875,7.26786695471,0.000348383433409,0.0703250258979,8.7009018264,2.30843953491e-06,0.00327494935912,5.23198446029,0.0533445138124,0.163100625196,-0.0030731596033,-0.82097032378,0.458194255829,-2.26108554006,-1.50160574913,-0.551943670403,-6.89821935103,-5.57565827434,4.25187790944,0.227384518051,-13.0235448269,0.106668406046,0.147531691367,-0.0927213023629,0.213516325651,0.0201352680697,-0.82208614752,0.141711156838,0.498633385779,-0.824618538202,3.15014513022e-07,0.000839143433426,3.08143203487,-2.67875965391e-06,-0.0056808301578,7.81213317282,-6.50912290578e-06,-0.0158515203852,0.571021172677,-5.36522726757e-05,-0.0163073168976,4.23142365763,-1.74601346261e-06,-0.00451649761875,0.597958644097,-9.2426800201e-07,-0.0017495192773,0.316878330156,-8.38009124235e-06,-0.00755397988749,-0.526107403199,1.15019436331e-06,0.00180229333392,1.17079860218,-7.90214248153e-06,-0.00561328007405,-2.34091296058,3.78459403867e-05,0.0234428749656,1.18698405935,-6.11936633394e-05,-0.030649748977,0.450892903067,-2.27440589494e-05,-0.00926997676662,0.500603429564,-0.220574315105,-0.141341749863,1.97337034122,-0.000123231743646,-0.0254615096946,3.87048295949,-9.23496762621e-06,-0.0123981642889,-1.2527186994,0.0668644524078,-0.0815772715967,-0.234168749637,0.000373483139381,0.02211202618,0.340504222655,-2.29186339927e-05,-0.00597719343965,-0.327179206911,0.0295729614936,0.12519260547
gradient,0,0.19,0.199999988079,predicted,Actual proposal support boundary; monitored coordinates are pre-native endpoint forecast,True,50,-0.126644633226,0.42724793396,-0.0334996341133,-0.0142023069048,0.129053465996,0.0519029502421,5.72128477882,6.77747231358,0.140334456503,-0.570801241435,1.95905814977,0.187595119646,0.27170854726,0.271529820825,0.262196460129,0.209300136067,4.51468072612,0.208423417113,0.708801876656,9.58825994434,5.74258445253e-08,0.000286781349475,9.41432680058,1.36420157338e-07,0.00047635292129,9.37373858225,9.61728264072e-08,0.00046151070802,8.12798231928,2.99781370376e-05,0.012890680938,9.72531385046,4.51344670265e-08,0.000221253017226,9.30896336739,1.1647078882e-07,0.000516328233284,8.27972134868,3.14779034257e-06,0.00661718536771,9.10375690039,3.23166817709e-07,0.00100014061821,9.04724992545,1.17094167482e-06,0.00158393332507,8.59393274336,3.60079604015e-06,0.00395877475719,8.14124812885,2.17684579956e-05,0.0121627575009,8.57924992576,3.96576711964e-06,0.00430241625512,4.58100360101,0.190081990368,0.363467192073,8.53612058455,1.1383015659e-05,0.00563608228583,9.27674503493,2.24597433149e-07,0.000665286438466,5.49579447414,0.0405474827409,0.284954192721,7.27375292131,0.000338999842129,0.0696850994595,8.70693351308,2.00394303975e-06,0.00317997778768,5.23423393149,0.0532666463075,0.165292980785,0.149471870306,-0.708939665389,0.607671976089,-2.75727105141,-1.0270305872,-0.52152244476,-3.12662511951,-0.905943023648,4.90300740743,1.51730726092,-7.07149715068,0.079980548796,-0.00736852350561,-0.259011976477,0.0757158848828,0.118580126046,-0.153236882375,0.0448536442424,0.331126964142,0.334120827855,-1.55591942954e-08,-0.000255659855816,1.75927331165,-1.89445067075e-06,-0.00395781834079,8.44170106109,-4.8027889778e-06,-0.0138020380419,0.327079212193,-3.15248035452e-05,-0.0101754224761,4.05662207403,-1.44375526883e-06,-0.00418732083231,-0.660114083823,-7.05208431143e-07,-0.000332894655795,0.170010547651,-4.28183964556e-06,-0.00345752953405,-0.85775384454,1.90531180021e-06,0.00303553627666,0.425854534354,-6.13352263919e-06,-0.00343013079787,-1.68271745669,3.23198731014e-05,0.0174375989634,0.41102787027,-1.90037581552e-07,-0.0104172919877,0.728837729057,-2.62951949382e-05,-0.0117527563736,1.06130822803,-0.267457735529,-0.155101833286,1.26788166494,-0.000112569755383,-0.0167930642317,2.53275713345,-6.31768747303e-06,-0.00869245227026,-0.0543998275023,-0.0119477496143,-0.161659376774,0.605893859038,-0.00129190061104,-0.0483989576972,-0.913263197203,-5.36644285362e-06,0.00548237206067,0.399407112453,-0.00888935488714,0.194212594971
gradient,0,0.2,0.209999993443,predicted,Actual proposal support boundary; monitored coordinates are pre-native endpoint forecast,True,50,-0.124861382819,0.428344077197,-0.0237310241127,-0.0435357737923,0.11767630187,0.048152990208,5.71689180358,6.79029709442,0.192289697324,-0.554483161811,1.93068869683,0.188053042249,0.270771078698,0.268866998155,0.261937046614,0.210572016751,4.50696642002,0.209627119108,0.70917647523,9.59484523215,5.61619855968e-08,0.000280893989857,9.41356006085,1.33148397331e-07,0.000467584316481,9.45537719316,6.02117144302e-08,0.00034550612982,8.12426189851,3.04385716236e-05,0.0129821574619,9.77297195213,2.99169227711e-08,0.000174602641471,9.28943659023,1.1647702823e-07,0.000535310242933,8.28504060126,3.04673944374e-06,0.00651399852665,9.0882285233,3.53215207396e-07,0.00105243860637,9.05069647997,1.09484798431e-06,0.00154526092719,8.5855963652,3.78675287262e-06,0.00404664519064,8.13996199353,2.21886461704e-05,0.0122030045172,8.58065433032,3.85853232444e-06,0.0042660110518,4.59578028645,0.186774088913,0.361901540885,8.54848098097,1.00198860533e-05,0.00546870019942,9.29867601811,1.68082231872e-07,0.000586408704617,5.50451992584,0.0398596205468,0.282355499339,7.27998483189,0.000322545421189,0.069357046744,8.68263656245,2.20111067784e-06,0.00338459680033,5.23997260254,0.0531667267147,0.166984877096,0.0954827366542,0.0563451924232,1.04783630371,-3.25835165381,-1.03806602955,-0.208933249717,4.03702861366,2.54422481697,4.14981946053,0.991468027919,-1.43976432886,-0.0232107850543,-0.154804714488,-0.24248060997,-0.0991905951598,0.120092833338,-0.868663802374,0.125981318986,-0.198167847125,0.364520824683,-6.46169171702e-08,-0.000311561036837,-3.22838702764,2.66994495288e-06,0.00497541466278,6.60347375485,-2.54100931324e-06,-0.00861396728839,-0.604940604844,8.21997765116e-05,0.0155830129822,1.76591367993,-7.45969098882e-07,-0.0021915560135,-3.87995097104,1.93129994058e-06,0.00640180537578,0.810791501396,-1.14851717223e-05,-0.0146200961314,-1.4471244701,2.62401569449e-06,0.00474505373794,-0.95819114923,-1.57188937846e-06,0.00156160608493,-0.537844181401,1.2928153181e-05,0.00573350988487,0.0877083624139,1.7779034928e-05,-0.00204219549888,-0.102871202641,-1.93287417011e-06,0.000304528111302,1.43818051695,-0.319444965934,-0.124025202748,-1.6632614311,-6.77797943462e-06,0.020938416027,0.597282237114,-2.97004398116e-06,-0.0035505986141,1.30082126203,-0.0886914602288,-0.252089737773,-0.182235004738,-0.000230861704565,0.0444270868321,-2.86990002917,2.82802239716e-05,0.0253014335339,0.0935491127506,0.0115125801925,0.098605449405
gradient,0,0.21,0.219999998808,predicted,Actual proposal support boundary; monitored coordinates are pre-native endpoint forecast,True,50,-0.124734978492,0.428374837808,-0.0125429080391,-0.0793693399811,0.108292145405,0.0477242852477,5.8020253511,6.82835680992,0.223330845714,-0.550971880877,1.93026286319,0.187130903945,0.268612452971,0.266680208625,0.260212648226,0.211701992734,4.49730745007,0.210943043493,0.704838519713,9.59555036083,5.61335061819e-08,0.000280550128738,9.34975906003,1.89819056396e-07,0.000575861214546,9.50580805735,4.53526401424e-08,0.000289231362252,8.11588350719,3.16221325678e-05,0.0132023411976,9.76063212406,3.02150850488e-08,0.000177421896956,9.23136434796,1.55096787632e-07,0.000644364340799,8.29593717871,2.91808690812e-06,0.00632478344508,9.07481441098,3.75647131598e-07,0.00109504169297,9.02808610246,1.13950388725e-06,0.00161516544677,8.58317585973,3.85935910377e-06,0.00407344495489,8.1430022961,2.21240386941e-05,0.0121219135909,8.5771925017,3.92710963624e-06,0.00430850681735,4.60976721134,0.183693091049,0.360986688018,8.50285535593,1.12474560704e-05,0.00605485060637,9.28869067967,1.65196553526e-07,0.000594274466184,5.52181089938,0.0387736535363,0.279912397966,7.27010822121,0.000334382608038,0.0705736411961,8.64953551249,2.56954751919e-06,0.00368600645836,5.23610491374,0.0534968979114,0.167265089774,-0.0966410214772,-0.0571687795453,0.614450097084,-3.88604462147,-0.593404710293,-0.0328204432071,9.61305673912,2.71513375705,2.67940456758,0.611724490399,1.28911301008,-0.0776390138813,-0.174484562731,-0.196107036722,-0.183822277909,0.0841783883433,-0.553307639357,0.0821345503162,-0.472660829019,1.01843195685,-2.63257793165e-07,-0.000875198023022,-8.31775056284,1.04985956026e-05,0.0171278764702,3.97345115541,-1.07844151156e-06,-0.00420709385338,-0.986236227692,0.000152004796925,0.0269633852744,-1.75214709191,1.9056962866e-07,0.000805950141326,-5.80817956037,4.94855614867e-06,0.0123429499252,0.641221860583,-6.5165465019e-06,-0.0102696439118,-0.697215568339,1.23293400446e-06,0.00228395685206,-2.79258349796,7.9329400063e-06,0.00997970602074,-0.278953238971,9.54301115473e-07,0.00197109041501,0.313090197294,-4.3211466526e-07,-0.00771779674171,0.879124451477,-1.51782581266e-05,-0.00954074733652,1.04916681788,-0.223261107821,-0.0680997999386,-5.922868191,0.000206148808792,0.0833897765749,-1.09262283508,1.78230094531e-07,0.00139069668447,2.05694006485,-0.127071872611,-0.283795786973,-0.674556382728,0.000870218008291,0.0801776750692,-3.05473059225,3.40792461578e-05,0.028333885766,0.0179111550364,0.00385978789661,-0.0076702293881
gradient,0,0.22,0.229999989271,predicted,Actual proposal support boundary; monitored coordinates are pre-native endpoint forecast,True,50,-0.126794203248,0.427200701606,-0.011442022171,-0.121256666222,0.105808207664,0.0474965813438,5.90915293837,6.84459976956,0.245877788676,-0.542248672003,1.95647095703,0.186500261972,0.267281387444,0.26494485742,0.258260601056,0.212255584518,4.49590026723,0.211269810115,0.699723258649,9.61521387129,5.08968297335e-08,0.000263390029397,9.2472050496,3.43120309383e-07,0.000810141845884,9.53484621627,3.86428841989e-08,0.000261364252752,8.10453717395,3.34786675621e-05,0.0135214251674,9.73792901029,3.37283153443e-08,0.000190721644297,9.17327299902,2.15448151204e-07,0.000782169241438,8.29786503847,2.9164085137e-06,0.00630860564841,9.07428421194,3.77873887485e-07,0.00109811774341,8.99484481001,1.25350678443e-06,0.00174485504761,8.58001730042,3.80583889493e-06,0.00408606699894,8.14622379747,2.21800038771e-05,0.0120486485823,8.59823681935,3.5549671619e-06,0.00407519610507,4.61676362281,0.182308866756,0.360539544886,8.43002361715,1.41428622291e-05,0.00713649573092,9.27682356141,1.71646833762e-07,0.000614222638306,5.54565872714,0.0373181830945,0.2766795836,7.26649370424,0.000339949781354,0.0709606002454,8.62154195061,2.882695601e-06,0.00395127451565,5.24033082564,0.0532439224726,0.166831472508,-0.246164205446,0.103215024561,0.136637210846,-3.56717777252,-0.00728133320811,-0.0906833707473,0.726349737285,1.50914848622,1.32279650942,1.23820823873,0.91885700269,-0.0238372890821,-0.0556863065626,-0.0473470936391,-0.0214778595876,0.0477657224361,-0.155422353552,0.0866317052218,-0.125017334861,2.4884909119,-6.27649665063e-07,-0.00210153772693,-2.26367970228,1.73670546545e-06,0.00351356168194,3.07880962838,-6.55213646156e-07,-0.00280946820063,-1.16493054184,0.000188696563906,0.0327615615837,-3.0221077482,5.36857028285e-07,0.00192768774185,-2.55665241984,1.97536538949e-06,0.0054064955761,0.0894766918569,1.2900959406e-07,-0.000650810794333,0.123603231481,-7.90106564105e-08,-0.000234726260836,-1.22649286286,6.79989970067e-06,0.00518396019686,-0.322195453839,-1.3061014078e-07,0.00141774662892,0.516235009524,-9.63403658185e-06,-0.0121271130441,2.26145323032,-3.68907952716e-05,-0.0240255328787,0.781395156949,-0.148954756414,0.017533326073,-2.0532822618,0.000113382671215,0.0271721334443,-1.87878365004,1.50141664715e-06,0.00366548720149,2.63388184318,-0.157632397623,-0.361047177928,-0.305880176277,0.000204512017859,0.0456159229627,-2.45796719449,3.33327839019e-05,0.0254534913092,0.894776884196,-0.054682584296,-0.0548378081032
gradient,0,0.23,0.239999994636,predicted,Actual proposal support boundary; monitored coordinates are pre-native endpoint forecast,True,50,-0.129658262601,0.4304391383,-0.00981016382218,-0.150712895432,0.108146518741,0.0459106178328,5.81655234584,6.85853977965,0.249786775902,-0.526207716102,1.94864000324,0.186654158163,0.267498726839,0.265733266753,0.259783091035,0.212657307183,4.494199003,0.212675677597,0.702338173016,9.64532017907,4.35805128807e-08,0.0002385193742,9.30448546598,2.24553165705e-07,0.000646132448185,9.56738424992,3.22483672193e-08,0.00023304199824,8.09258489635,3.5396063846e-05,0.0138575724293,9.70018996909,4.09522256145e-08,0.000215975651793,9.18023129957,1.94604095421e-07,0.000752494252322,8.29772671255,2.92066710001e-06,0.0063117672292,9.07728647561,3.7406691847e-07,0.00109034716775,9.00355624521,1.27550188126e-06,0.00171884465071,8.57673195065,3.85674690095e-06,0.00410179988746,8.15332699629,2.19313579625e-05,0.01187937133,8.62242156631,3.18929373081e-06,0.00382799615977,4.62539511448,0.180713995921,0.36133735454,8.46178971069,1.35151094947e-05,0.00659829327525,9.25111500667,1.95224886469e-07,0.000667584210214,5.57448853624,0.0356210055838,0.272691454407,7.26399061769,0.000338472848395,0.0714859596554,8.6003761686,3.23620319723e-06,0.00419507628455,5.25400045143,0.0524032462254,0.166168333611,-0.317687818337,0.402625123658,0.212993264198,-2.00727140903,0.358866512775,-0.0923468431743,-9.04280262917,0.581866270287,0.759400387823,1.06019467792,-2.24727237347,0.0106496109399,0.0751596896185,0.0996261843528,0.145630521188,-0.0159552853081,-0.59876515932,0.207673668374,0.19885561014,2.29925826011,-5.40753024569e-07,-0.00186137210624,5.02249136268,-8.69160094729e-06,-0.0129364021191,2.87664068856,-5.36505719416e-07,-0.0024284657843,-1.01720463907,0.000162998738956,0.0289319324433,-0.326513534639,-2.2036178324e-07,-0.00048725078172,1.55936345758,-2.57379103942e-06,-0.00460058584562,0.02946985727,-4.46122563903e-07,-0.000565003664204,0.0711395879221,-1.05077726945e-08,-8.13790433213e-05,0.7094228174,-1.79627165827e-07,-0.0024615963938,-0.798681329852,1.29777427954e-05,0.00779568003215,0.467135159801,-1.7352050014e-05,-0.0108213455185,1.8499933445,-2.75589612417e-05,-0.0187573450153,0.708921216194,-0.131429497705,0.0930930614,2.42936274467,-6.98409063066e-05,-0.0390930937305,-1.13387579103,1.25346550512e-07,0.00149315639893,2.38129465471,-0.139298852465,-0.337426537851,-0.215869999478,-8.90130032443e-07,0.0388650284905,-0.636257493431,1.6115537281e-05,0.00818238478848,0.960097168244,-0.0581788622031,-0.0430367099891
gradient,0,0.24,0.25,predicted,Actual proposal support boundary; monitored coordinates are pre-native endpoint forecast,True,50,-0.133147959615,0.435253204079,-0.00718215688706,-0.161402094402,0.11298553792,0.0456496444803,5.72829688578,6.85623709497,0.261065796432,-0.521044778445,1.91152550956,0.186713254191,0.268784581236,0.266937381107,0.261173211479,0.211936478812,4.48392496405,0.215423283482,0.703700370852,9.66119903649,4.00817692421e-08,0.000226162587272,9.34765487685,1.69288290438e-07,0.000551413803502,9.59237903004,2.79127698106e-08,0.000212794937066,8.08419308117,3.67386423412e-05,0.0141000638162,9.73139873959,2.93210796795e-08,0.000180976628663,9.20446026817,1.63972330415e-07,0.000690157524525,8.29845443561,2.90748606242e-06,0.00629730557513,9.07570700369,3.77663732031e-07,0.00109649016255,9.00903326636,1.24991424112e-06,0.00169562311973,8.56404367382,4.06539375084e-06,0.00424198059958,8.15556650067,2.18329628769e-05,0.011832221672,8.63523668624,3.00378793707e-06,0.00370004920477,4.63094204713,0.179680276802,0.362401406114,8.47861087205,1.2746044103e-05,0.00635463385631,9.25414604559,1.74153764773e-07,0.000644085766285,5.59328462024,0.0345322060452,0.269931052843,7.26217630425,0.000339931978754,0.0717379008152,8.60881680074,3.20500634662e-06,0.00411492221142,5.259532769,0.0520803452286,0.165970738308,-0.261775149051,0.222780247496,0.564493298531,-1.97518086433,0.0696157515049,-0.112249663657,-2.65776761499,-1.59605914446,0.466969029848,0.14451152333,1.72444718797,0.0143329891519,0.0784798525495,0.0143629542076,0.0252064522543,-0.0349929484081,-0.61483767181,0.252338852412,-0.0485579133416,3.10580529003,-6.24329265599e-07,-0.00229089424196,2.69137499988,-4.4380353737e-06,-0.00711526426661,1.91343658733,-3.14673096972e-07,-0.00148863459959,-1.32242630573,0.000239919372596,0.0383264744435,4.69039043198,-1.24421089515e-06,-0.0042202092405,-0.137121173789,-7.36898013042e-07,-0.000467050839349,0.322929686084,-3.73536256235e-06,-0.0050287469825,-0.460041741868,1.05123577118e-06,0.00178734498402,-1.02407980461,3.71636383586e-06,0.00412041849072,0.06156084965,-5.97105246433e-06,-0.00206827046449,-0.304515330973,2.7101147997e-05,0.00925199533683,2.10312871947,-3.12874189319e-05,-0.021493284666,0.625056508415,-0.129912329446,0.0172327541157,-0.7691866559,4.97183772329e-05,0.0112142544715,1.13133938016,-2.72288990398e-06,-0.00394380337609,3.4591280287,-0.192718187286,-0.318378630697,-0.247284403557,-0.000208729186589,0.0561943940734,-0.0667437141039,1.19185039086e-05,0.000889923250158,1.26106513886,-0.0726591308769,-0.0155237533744
gradient,0,0.25,0.259999990463,predicted,Actual proposal support boundary; monitored coordinates are pre-native endpoint forecast,True,50,-0.134893765582,0.43489474325,0.00147970214843,-0.190216512718,0.109538833771,0.0436656245597,5.76339699354,6.82661859676,0.259126156499,-0.523317485635,1.983128947,0.186940817946,0.26906832389,0.266020525837,0.26028722008,0.211957448215,4.48190224957,0.217722454645,0.701367014749,9.70743628487,3.10939275687e-08,0.00019270148936,9.35831296598,1.35792458231e-07,0.000503827162852,9.60565298166,2.59549052799e-08,0.000203269306248,8.06613637023,4.01944512979e-05,0.0146241019182,9.79399777773,1.60680077114e-08,0.000131571466983,9.17748887609,1.79866135161e-07,0.000743153235535,8.30418530627,2.84595984876e-06,0.00621119228955,9.06808564078,3.95091633894e-07,0.00112609406743,8.98307464911,1.34982915798e-06,0.00180125302052,8.57796316765,3.73732585166e-06,0.00406043447817,8.14723668967,2.24733809224e-05,0.0120644112367,8.6644841407,2.56354535217e-06,0.00339813046645,4.63789624465,0.178115749332,0.361682009622,8.44640597758,1.45094770393e-05,0.00682257836468,9.27374179427,1.4076708839e-07,0.000588708142692,5.64367109682,0.0317666418381,0.266323881793,7.25904492961,0.000334298264663,0.0726098475368,8.59904129432,3.4745732754e-06,0.00421287474955,5.2792217542,0.0509500636079,0.165857858544,-0.18590163227,0.137871034394,0.165245771408,-2.12446069717,-0.350001811981,-0.12737064531,4.6829557512,-2.05261431001,0.238750547262,0.431110255327,6.95399486414,0.00212570866659,0.024175198524,-0.0802604286118,-0.0691652029226,0.00935498404401,0.393348269997,0.0570948004731,-0.250512843676,3.6875337963,-6.544457522e-07,-0.00252685713123,-1.64359728958,3.99128463493e-07,0.00180662244502,-0.0117487360211,1.6310662338e-08,7.2861827915e-05,-2.04753094227,0.000397410388,0.0609024387659,2.93421554202,-5.87939226072e-07,-0.0021932396148,-2.5198145784,2.1528452924e-06,0.00583358901033,0.0275252740063,1.61645627211e-06,0.00103514231912,-0.0600952214525,2.19441565942e-07,0.000414980816562,-1.56091868075,6.07210080739e-06,0.00630657937004,0.575948618445,-1.85370054652e-05,-0.0084563531739,-1.04764845084,0.00011627313209,0.0288700452588,2.76502819588,-3.86728845149e-05,-0.0275442991724,0.464480986518,-0.0911782722635,-0.0118986134292,-2.48450661441,0.000129795907737,0.0363318390184,1.09587187999,-1.47133408937e-06,-0.00261245776694,3.74894982097,-0.201958202968,-0.218867139059,0.0952866553707,-0.000714194472794,0.0175985706127,-1.73910502789,3.2698865444e-05,0.0191644449964,1.23445674138,-0.0693478190058,-0.032000803003
gradient,0,0.26,0.269999980927,predicted,Actual proposal support boundary; monitored coordinates are pre-native endpoint forecast,True,50,-0.13686599226,0.438010624767,-0.00387724145889,-0.203891308346,0.10598550168,0.0431022315742,5.82195600081,6.81518480877,0.265840807378,-0.512422573339,2.05060540685,0.186755768364,0.269268085207,0.265332172535,0.259789907421,0.212123578493,4.49179192945,0.216565179492,0.698690113979,9.73494971242,2.69928541981e-08,0.000175625444647,9.31478293106,1.77270859707e-07,0.000587546252402,9.59214405532,2.82389830573e-08,0.000214252173624,8.04324246233,4.46868501012e-05,0.0153181125915,9.79008305043,1.75622951581e-08,0.000137111836367,9.1540639766,2.07029236263e-07,0.000806829304732,8.29900494109,2.93981518786e-06,0.00631800842151,9.07450509927,3.8205256335e-07,0.00110478977888,8.97781489274,1.37135625726e-06,0.00182175470713,8.57556264619,3.69465364154e-06,0.00407285353611,8.13461353165,2.41584255187e-05,0.0124096225771,8.69053725015,2.23033024677e-06,0.00314916322132,4.64023166687,0.177856711357,0.362163433845,8.42892073976,1.53419622577e-05,0.00708127063668,9.27606348319,1.44727082985e-07,0.000591836610946,5.66826361665,0.0304930419859,0.265553710062,7.26408203736,0.000325648089298,0.0720898722274,8.57403470018,3.8589836555e-06,0.00449821111135,5.28422190383,0.0506933888484,0.165330722248,-0.185399639095,-0.181581881232,-0.464913249016,-0.665943026543,-0.306997597218,-0.0398372927816,4.13089770014,-3.82004340193,0.356889512933,0.944557600299,5.82399102978,0.0178878927743,0.0999890941177,-0.0217783499787,-0.0146252797763,-0.0375112200241,0.492742317804,-0.0166293002557,-0.19217946065,2.31715248748,-3.27608328356e-07,-0.00139097413312,-3.7487133344,4.53806357254e-06,0.0081989039149,-1.5267364561,2.58359800819e-07,0.00122945150757,-1.68523075573,0.000361002697291,0.0516450647793,3.03483498095,-2.76827476197e-07,-0.0014381081024,-1.85865720314,2.72886397389e-06,0.00572239998704,-0.410649919351,7.48173570049e-06,0.00842674261983,0.650933363062,-1.25458571092e-06,-0.00211701269897,0.149710078217,-1.04615148171e-06,-0.000884487006259,-0.177497375534,-2.27431146208e-06,0.000878581242751,-1.19263028039,0.000144072638785,0.0330979233673,2.23934250679,-2.79235476849e-05,-0.0212398962381,0.0337390386997,0.00409360676979,0.0770937562242,-0.731584479433,3.02431996442e-05,0.0109691011016,1.50809022669,-1.11651576663e-06,-0.00281346629236,1.90894237173,-0.0980311901156,-0.0263283003248,0.519379309259,-0.000813498323203,-0.0578402076214,-1.57973675613,1.9964530866e-05,0.0182452455028,0.503339243137,-0.0272140109316,-0.0540395013848
gradient,0,0.27,0.280000001192,predicted,Actual proposal support boundary; monitored coordinates are pre-native endpoint forecast,True,50,-0.138601758364,0.431263105625,-0.00781856283188,-0.203535373249,0.103398881826,0.042868878704,5.84601494754,6.75021772872,0.266263946758,-0.504426333629,2.0996087676,0.187298575802,0.271068105773,0.265584958837,0.259994714484,0.211207223814,4.49175709592,0.21738986864,0.697523425536,9.75377933462,2.45417610016e-08,0.000164882006698,9.28333869929,2.26553729682e-07,0.00066780524115,9.57511825254,3.11221012963e-08,0.000227858336399,8.03243175512,4.74145052437e-05,0.0156570032138,9.85469447735,1.05314581875e-08,0.000102809304935,9.14031573203,2.34443414638e-07,0.000857601235275,8.29597230788,2.99559456277e-06,0.00637972714194,9.08110430804,3.69999919675e-07,0.00108375381345,8.98606885068,1.32890612835e-06,0.00178356328039,8.57441322014,3.69183962242e-06,0.00407800610303,8.12338408406,2.53548336981e-05,0.0127263697041,8.70927099083,2.00507439847e-06,0.00297333254169,4.63857102543,0.178197621467,0.363223884746,8.43177428799,1.51143410322e-05,0.00704196038671,9.30390359881,1.18436773057e-07,0.000532438816845,5.68184994425,0.0298060180358,0.265797315787,7.2694325158,0.000318028298199,0.0714530433844,8.5674465592,3.87386389272e-06,0.00457777965961,5.28928853907,0.0504057833893,0.164777068516,-0.105824813601,-0.47542994116,-0.120138049126,0.408510446549,0.47677950561,0.0275561718677,2.54992880764,-4.59752993137,0.5594017598,0.795513530217,5.29374337974,0.0106335182813,0.178880433606,0.0672802661175,0.0529440270519,-0.1247638461,-0.225393712044,0.144884145271,-0.111846041346,2.25087760533,-2.79164793186e-07,-0.00124464372053,-4.15141513495,8.33592034037e-06,0.0119805921872,-1.99423926633,3.68878597849e-07,0.00168765794395,-0.612317158207,0.000187109821058,0.0195491492721,2.49798045188,-2.22953620884e-07,-0.00114167013339,-1.83309607846,4.84772496065e-06,0.007714558533,0.128531838379,-3.52080588302e-08,-0.00151076564414,0.5201531587,-9.28853052755e-07,-0.00160233983159,0.610011861245,7.06120500009e-08,-0.00183680926346,0.0305675341404,-3.17549631614e-06,-0.0010504433545,-1.82437683004,0.000212012736162,0.0524866208292,1.40688740444,-1.79153157874e-05,-0.0137670716228,0.271382331335,-0.0477389710137,0.257901858257,0.337241558755,-4.35857154393e-06,-0.00484236997984,1.17686421436,-7.72749716037e-07,-0.0021699699899,1.60966036913,-0.0807814915891,0.0362766970073,0.479523929624,-0.000636703818492,-0.058865523283,-1.23561607599,1.36126943321e-05,0.0169137098267,1.0968477031,-0.0631031963567,-0.065194594224
gradient,0,0.28,0.289999991655,predicted,Actual proposal support boundary; monitored coordinates are pre-native endpoint forecast,True,50,-0.138982488532,0.428502025944,-0.00628000244141,-0.195721099415,0.115521091793,0.0436533550115,5.87295457696,6.72323421014,0.277028842574,-0.496512302734,2.15648027444,0.18696843873,0.272845693879,0.266677777857,0.260848787962,0.209628301571,4.48728405521,0.219462862397,0.696453193152,9.77996726452,2.14095583344e-08,0.000150732570237,9.23175462836,3.43989266515e-07,0.000827158096146,9.55225926999,3.56165550143e-08,0.000248005332503,8.03099611916,4.84290465224e-05,0.015709095577,9.84004265947,1.31032227404e-08,0.000114278433699,9.11740205503,3.03983735476e-07,0.000961120475392,8.30157557786,2.93911102669e-06,0.00628779310863,9.08490816244,3.63475502295e-07,0.00107274298224,8.99001512997,1.37276849826e-06,0.00178501852186,8.57617399688,3.63114371521e-06,0.00405184466902,8.09812599505,2.83986802419e-05,0.0134593549937,8.71867499824,1.87202393103e-06,0.00287382178886,4.64565931349,0.176901931937,0.36732147101,8.43566557093,1.52547908268e-05,0.00698442323708,9.29960076748,1.29272088665e-07,0.000548437211148,5.70045682404,0.0288774121541,0.266279244002,7.27367251595,0.000312914012928,0.0709125617618,8.54932237866,4.13123754214e-06,0.00483648530788,5.30615885789,0.0494313249213,0.164026830363,-0.209460384198,-0.0196309223792,-0.540113806725,0.242592930794,0.840058431029,0.0432641484194,1.5268822685,-4.0011894776,0.95424531845,1.21145462873,3.69324437931,-0.0285754652729,0.180991415967,0.153563722058,0.139017562754,-0.185821806867,0.0636209559266,0.104649516923,-0.0531526466886,2.7289486657,-3.06046433785e-07,-0.00141364470907,-6.41266190284,1.85050972972e-05,0.021732135018,-2.113904201,4.17474487404e-07,0.00185332196329,-0.336136581693,0.00014011565748,0.0109749980149,-2.8880510176,5.495503831e-07,0.00224786938417,-2.14422477078,7.86661787454e-06,0.0104072055082,-0.22137943647,5.69179276594e-06,0.00517332827064,1.06028459299,-1.77754313552e-06,-0.00323247195057,0.136787425159,8.7930608884e-06,0.00241579900384,0.0571459274807,-9.85098506291e-06,-0.00271790426347,-1.59976085898,0.000213164171291,0.0484982058201,1.71858463571,-1.93953989186e-05,-0.0158840323585,0.130988765141,-0.0330767370846,0.350866830214,0.35946864571,3.34145970758e-05,-0.00572308031941,-0.330737182894,1.50865083027e-06,0.00184972623708,1.50814117762,-0.0747240799303,0.0730129455359,1.0143636397,-0.00122208049384,-0.125970516055,-3.17656170769,6.93474644373e-05,0.046401939,1.58187086743,-0.0904478611216,-0.0681295170147
gradient,0,0.29,0.299999982119,predicted,Actual proposal support boundary; monitored coordinates are pre-native endpoint forecast,True,50,-0.142790966048,0.430870487177,-0.0186208389664,-0.198683514633,0.120200050447,0.0437341616724,5.87655259291,6.67019393917,0.285348853127,-0.480197241055,2.17347365518,0.186727066496,0.274687934092,0.268656233278,0.262775065739,0.207490787677,4.49302951504,0.219482858979,0.696460372603,9.80835830793,1.84208323259e-08,0.000136609112517,9.15508546124,5.96655675626e-07,0.00110244794151,9.53284016852,3.94715910443e-08,0.000264924775665,8.02570902349,5.02168183933e-05,0.0158765031741,9.796933457,2.15224658495e-08,0.000147766692618,9.09743123661,3.91775772129e-07,0.00106574534544,8.29154471915,3.10943041809e-06,0.00648319370736,9.1023099999,3.34449056965e-07,0.00101910437444,8.98880459918,1.50476734611e-06,0.00183187926047,8.57555613869,3.49481992116e-06,0.00402364801776,8.09138886688,2.96181171239e-05,0.0136963338205,8.74364268355,1.6171664201e-06,0.00265565189452,4.64119080073,0.177536086726,0.370241221351,8.4389636609,1.57826329737e-05,0.00692749878033,9.29728885515,1.48609789662e-07,0.000569433341586,5.7120127678,0.0283115364372,0.267257574697,7.28971978859,0.000293586688322,0.0689336330633,8.50391532504,5.26081318147e-06,0.0055058184396,5.32092595641,0.0485968261668,0.163414478176,-0.221471687204,-0.0972623567523,-1.23025250435,-0.358334064484,0.454109922051,-0.0824672435407,0.889082496174,-5.1158468954,0.301814684931,1.4913225492,-1.51271232221,-0.0485304714127,0.152942793177,0.187525103137,0.218018638107,-0.174717063155,0.811175786511,-0.04035578913,0.0390637454392,2.01724926651,-2.01957345603e-07,-0.000972861669236,-6.13585134803,2.30598387017e-05,0.0233284127049,-1.28199482646,2.03252314901e-07,0.000953590136531,-0.513804546214,0.000163914947418,0.0163682917329,-6.1501948087,1.56303320874e-06,0.00533914994072,-1.65812657342,8.47626850072e-06,0.00930695893392,-1.13987755214,1.93358907852e-05,0.0226864762805,1.75399538994,-2.86787862546e-06,-0.00534778478412,-0.545831551039,1.17172657527e-05,0.00525686821967,-0.340601154813,-9.80609429133e-06,0.000288713590806,-0.512430318829,9.97666647592e-05,0.0194913506584,2.23215684639,-2.1878182162e-05,-0.019169072266,-0.466635264498,0.0415474503438,0.296879879003,-0.29236476389,7.42976328406e-05,0.00358758424053,-0.57811419045,2.88323317141e-06,0.00334028260326,0.453379417899,-0.021567629335,0.124692690045,1.6429395389,-0.00186329125464,-0.203032726926,-3.72188977275,0.000116281110414,0.0571094904283,0.928118446451,-0.0509336125474,-0.0550311819242
gradient,0,0.3,0.310000002384,predicted,Actual proposal support boundary; monitored coordinates are pre-native endpoint forecast,True,50,-0.143411922277,0.426556778809,-0.0308850525284,-0.202887780705,0.124603290234,0.0420040101407,5.89073622688,6.62091727223,0.283065136272,-0.46668585175,2.126226028,0.185997829301,0.275904549742,0.27042827992,0.265209160724,0.206133960307,4.50350757094,0.218655746614,0.697234468061,9.82031224985,1.73704114223e-08,0.000131275336852,9.1090376014,8.05186040549e-07,0.00129372635025,9.52661937346,3.96816013123e-08,0.000267077135234,8.02072002824,5.17073454707e-05,0.0160364614116,9.7170387633,4.43638869151e-08,0.000221061432514,9.08423952356,4.73509105491e-07,0.00114725965407,8.27877802682,3.32582884239e-06,0.00674152263424,9.11998807024,3.06117929785e-07,0.000965787286562,8.97909849895,1.60711381332e-06,0.00189015588626,8.56936197378,3.43502182939e-06,0.00405761894083,8.08787738867,3.03940135371e-05,0.0138491820069,8.76331813517,1.43446028779e-06,0.00249044034354,4.6363266082,0.177732880944,0.373259068591,8.42981827565,1.67407434836e-05,0.00705617492189,9.28803848367,1.86936752093e-07,0.000615242863213,5.7095244124,0.0284460595674,0.268773097803,7.30653130673,0.000275648187835,0.0668519072232,8.47488458321,6.45685975043e-06,0.00597867511645,5.32472122682,0.0484126526704,0.162926206725,-0.0520738141597,-0.282600714651,-1.09334909916,-0.0518615245818,0.48235167563,-0.0881881757853,3.4646948869,-2.82037699527,0.0102357060835,0.626681334695,-1.81869798115,-0.0745026316899,0.0616039407657,0.106413188617,0.11374890889,-0.0918068395061,1.07195038829,-0.135356670635,-0.0302139354877,0.858127692561,-7.0112778331e-08,-0.00036731078529,-4.54428890062,2.209112659e-05,0.0192171256871,-1.04380044386,1.38302710644e-07,0.000679251252612,-0.562471449014,0.000145278799409,0.0181202771176,-5.10711063257,1.64519941643e-06,0.00501288809018,-0.948885968901,5.33307945435e-06,0.00555329811767,-1.00814810541,1.73451600766e-05,0.020709724204,1.44560066113,-2.35570614065e-06,-0.00439380720696,-0.984035679351,8.86775460718e-06,0.00544746545537,-0.945180785574,9.3375966086e-06,0.00879135103885,-0.620380345173,9.74811356734e-05,0.0217727970519,1.55915025459,-1.43365060256e-05,-0.0130882219363,-0.657642554819,0.0686128072886,0.225283113211,-2.09057738593,0.000152334272062,0.0326247431324,-0.0836162173513,2.17182755268e-06,0.00210956825552,-0.247000427322,0.0138578793068,0.13571096694,1.27138857072,-0.00124419502801,-0.159973783119,-1.6735002306,6.69406098366e-05,0.027208169338,0.201514598288,-0.00725985042851,-0.0365691168911
gradient,0,0.31,0.319999992847,predicted,Actual proposal support boundary; monitored coordinates are pre-native endpoint forecast,True,50,-0.143832442331,0.425218472884,-0.0404878209496,-0.199720745125,0.12984708396,0.0419703981567,5.94584649065,6.61378639926,0.285553567248,-0.467663614361,2.13709969556,0.185237013862,0.275920012907,0.270784497051,0.265050043917,0.205654650887,4.51446852281,0.216775725566,0.695856093893,9.82552086178,1.70185767593e-08,0.000129262896811,9.06419968322,1.03847820743e-06,0.00148679045525,9.51196415964,4.22376452572e-08,0.000278509800718,8.0144595945,5.31223943815e-05,0.0162389087164,9.69479124435,5.4426454178e-08,0.000248024454422,9.07845351724,4.98437361216e-07,0.00117681130779,8.27138175705,3.45633361962e-06,0.00689738819144,9.13122201312,2.87334934152e-07,0.000931228230301,8.96912388559,1.68212243826e-06,0.00194082856958,8.55665252297,3.68157185334e-06,0.00419947503854,8.07898125998,3.15677398374e-05,0.0141317897615,8.77482568864,1.33043629959e-06,0.00239388745579,4.62803794963,0.178908342871,0.374746883615,8.39715211318,1.88293184149e-05,0.00757999364297,9.2956165308,1.92046340716e-07,0.000611624706697,5.70707275926,0.0285886940233,0.269971794036,7.31514756001,0.000268702787762,0.0657341574009,8.47044532043,6.5996253782e-06,0.00604998182637,5.32495624838,0.0484516291583,0.162683095838,0.0471388445374,-0.349097120637,-0.791370153427,0.513693928719,0.476983457804,-0.0673551404659,2.75605163651,-0.758542457447,-0.376474155393,-0.423454497887,-2.97461676862,-0.0123075961112,-0.0380801754757,0.0154109048371,0.00321587150704,0.0159132179674,0.925560595,-0.174366334785,-0.0759412184503,0.0212059627198,5.66277235463e-09,9.73780223538e-06,1.80625105708,-9.66765130479e-06,-0.00820985651186,-1.29349282041,2.47350984574e-07,0.00107656676578,-0.973433071161,0.00021516785575,0.0313929832797,-1.67361381314,8.06339009286e-07,0.00210961890584,2.66098564656,-8.00748643105e-06,-0.0101879002981,-0.818165119992,1.43454999759e-05,0.0170869927752,0.86800928176,-1.46160654515e-06,-0.00272156657663,-1.56406660821,8.53533054283e-06,0.00715766668632,-1.95833384148,4.21269851971e-05,0.0237412598208,-0.581255495416,7.78665935775e-05,0.0187198258815,0.948896687404,-8.13163345744e-06,-0.0077710518533,-0.644075867053,0.0873736972883,0.116007968001,-3.76727955277,0.000251910077101,0.0631374905344,0.56175887855,5.28213257819e-07,-9.21152746686e-05,-0.441774754229,0.0232631329126,0.120259202337,0.625943816236,-0.000443038668378,-0.0831851064635,3.83416554076,-0.00011505269554,-0.0560404340854,-0.590201863281,0.038165115482,-0.00288508367442
gradient,0,0.32,0.329999983311,predicted,Actual proposal support boundary; monitored coordinates are pre-native endpoint forecast,True,50,-0.142469145386,0.419574836396,-0.0467124555969,-0.19261390213,0.13414295939,0.0406569073314,5.94585725961,6.60574642309,0.275535653164,-0.475154941708,2.06673369262,0.185751677379,0.275142946233,0.270736498017,0.265273478154,0.206452224667,4.52201878284,0.215168419919,0.695715643692,9.82073636911,1.74836668694e-08,0.000131470092897,9.14516262254,6.11833014453e-07,0.00112952922001,9.50074951705,4.46286210038e-08,0.00028860847055,8.00125136681,5.60107025857e-05,0.0166643210772,9.68356648704,6.04906671009e-08,0.000263253810631,9.1374592365,3.1335937687e-07,0.000943501648109,8.26241472442,3.61273884191e-06,0.00708326248974,9.13734825587,2.76885798882e-07,0.00091135595503,8.94781716678,1.77782042417e-06,0.00203330921998,8.53019529695,4.27756153333e-06,0.00453244413725,8.07625227877,3.19513454086e-05,0.0142235785245,8.78229606892,1.27182761864e-06,0.00233501930647,4.62344509086,0.179480354889,0.375579227951,8.3544726846,2.17789450257e-05,0.00831892473258,9.29927366124,1.97501017249e-07,0.00061340055772,5.70068891731,0.0289113222257,0.271178281849,7.31905018305,0.000266787414468,0.065188205094,8.55156789402,4.15580583962e-06,0.00485786643474,5.31291718955,0.04917595498,0.162868505051,0.0681107500469,-0.43032945987,-0.0596606731415,1.1929962039,0.289418339729,-0.226928788001,-1.34207900244,-0.880594203703,-2.17845580523,-1.1009563712,-9.40890006588,0.0322994230517,-0.0984729691061,-0.00637269897662,0.0318052564664,0.101091657658,0.50650158418,-0.129835535548,0.171207342215,-1.26692242631,1.27519686538e-07,0.000602646682062,12.3095437825,-4.24963667084e-05,-0.0438581085083,-0.770885266787,1.60135097352e-07,0.000675054535148,-1.01250274238,0.000209742694658,0.0329535974375,-0.190826985969,2.22280878135e-07,0.000521934937391,6.56804269305,-1.63689915359e-05,-0.023612738771,-0.565542406691,8.79480250224e-06,0.0115274787094,-0.187680495426,2.13202325927e-07,0.000433475291835,-3.25298672215,1.65872210591e-05,0.0156432035904,-1.75170698953,4.15984211093e-05,0.0228623433803,-0.554902837875,8.29446553424e-05,0.0176775773411,-0.0569121838133,-4.94317809249e-07,-0.000267231688835,-0.113159000575,-0.0167677685984,0.0982178943621,-2.96217120816,0.000182894389914,0.0531514644769,0.388626399363,2.71741443849e-07,-0.000103103193487,-0.942403833861,0.0487243921213,0.176086519355,-0.00519711952097,0.000199119103982,-0.00745233295883,8.26304139655,-0.000176976101072,-0.109569883702,-1.55208366513,0.0941253452949,0.0377255310885
gradient,0,0.33,0.340000003576,predicted,Actual proposal support boundary; monitored coordinates are pre-native endpoint forecast,True,50,-0.14247022733,0.416611883687,-0.0416810344124,-0.175860821047,0.135635450754,0.0374318223967,5.9190049106,6.59617451519,0.241984451144,-0.489682741785,1.94892169424,0.185883002323,0.273950553525,0.270657043071,0.265686149046,0.20767648404,4.52459855449,0.214179014855,0.699280240737,9.80018241326,1.956897049e-08,0.000141315830452,9.31039055887,1.88550873258e-07,0.000609628285087,9.49654645431,4.54403472043e-08,0.00029201089142,7.99420953966,5.73172482746e-05,0.0168979806652,9.69097470463,5.88720717407e-08,0.00025846315317,9.2098143711,1.71057530499e-07,0.000704556532372,8.26007090891,3.63222966966e-06,0.00712793776562,9.12746840321,2.9159898067e-07,0.000939897736137,8.90406415115,2.01386685944e-06,0.00225369264139,8.52161838318,4.51354027552e-06,0.00465672190614,8.06788320322,3.32266329443e-05,0.0144853413083,8.77368744496,1.3205499434e-06,0.00238854282201,4.62577476962,0.178572987499,0.376711241502,8.33790868902,2.24872062132e-05,0.00864302293251,9.30338905879,1.97481169593e-07,0.000609562642827,5.68822468258,0.0295631818657,0.273493524423,7.31504361762,0.000272685169842,0.0655851107418,8.63570614836,3.06010335676e-06,0.00385858415233,5.29391457508,0.0503341360642,0.16343760646,-0.154412004179,0.0480326492341,0.387664437294,1.35852974653,0.025133818388,-0.201827040016,1.31484263927,-1.98542525703,-1.90059715936,-0.897330560382,-10.2991883753,-0.0561657901741,-0.115688409831,0.000637663511778,-0.00300328274586,0.101007069816,0.29629985994,-0.078996068726,0.179456753966,-2.01096347957,2.1587650515e-07,0.000996911488334,10.7677842958,-2.4653328094e-05,-0.0321800630726,-0.633432887808,1.50507135355e-07,0.000609735793763,-0.273673115416,3.9308310425e-05,0.00942792761615,0.582879534382,-7.13623613764e-08,-0.000250498780975,5.0877493881,-8.99337619106e-06,-0.0161083306922,-0.122851624564,7.59416208873e-07,0.00245462955303,-0.801492449376,1.16656333516e-06,0.00227701732698,-4.09907985992,2.07412958572e-05,0.0212001501223,-1.06767347367,2.53571176807e-05,0.015264937016,-0.817581601066,0.000120201540002,0.0256336582413,-1.16640548861,6.89994619052e-06,0.00754082095037,0.38011514639,-0.112259753505,0.120223168205,-2.10891956859,7.61513329916e-05,0.0416059995344,0.327725372935,2.15492723045e-07,-5.68935597169e-05,-1.30066551036,0.0686887868003,0.261779608655,-0.0671293708961,0.000259902431533,-0.000562531861318,5.80331105274,-6.63540319157e-05,-0.0650424670933,-1.58630024164,0.0968110151667,0.0553662476629
gradient,0,0.34,0.34999999404,predicted,Actual proposal support boundary; monitored coordinates are pre-native endpoint forecast,True,50,-0.145557385469,0.42053548938,-0.038959166851,-0.165443307199,0.134645635757,0.0366203665311,5.9721541124,6.56603791794,0.237523709977,-0.493101552916,1.86074992512,0.184628361576,0.272829178036,0.270749251287,0.265213412499,0.208472366063,4.52794478003,0.213588498544,0.699304778771,9.78051709951,2.18011969724e-08,0.000151408322663,9.36051830846,1.18766452574e-07,0.000485927958556,9.4880808593,4.76387637109e-08,0.000300803186425,7.99577790451,5.67968687942e-05,0.0168528796296,9.69522407772,5.90634198733e-08,0.000258243835011,9.23921422426,1.33491853048e-07,0.000621335034265,8.25995769193,3.62792716609e-06,0.0071323550808,9.12131840689,3.00217065586e-07,0.00095689630157,8.86583556958,2.19264634132e-06,0.00245731222243,8.50884182748,4.78470388694e-06,0.00483774287757,8.05990064674,3.43553762087e-05,0.0147362516893,8.75896795915,1.40982654245e-06,0.00248583572548,4.63104739379,0.177235159819,0.377983691315,8.31229429323,2.33019716855e-05,0.00915104472327,9.3058281687,2.0181087171e-07,0.000612262686525,5.6746756071,0.0302850979617,0.276413874022,7.31770759563,0.000271985463098,0.0651769544568,8.66763411508,2.8287252013e-06,0.00355701709287,5.28119118472,0.0511121752833,0.163975830005,-0.245205509429,0.301049443541,0.433350801468,1.53787958622,-0.615594685078,-0.0673379858641,2.13743312705,1.2172114303,-1.47510317547,-1.1483006527,-9.12916018238,-0.155378945346,-0.106762802477,-0.0215910774239,0.0722991672909,0.0225492950588,0.427346084321,-0.149496489183,0.0938220771598,-2.27185518927,2.51213697291e-07,0.00114645238998,6.75279030561,-6.60457029553e-06,-0.0137020738664,-1.0522506619,2.74999815233e-07,0.0010913688205,-0.0348478445606,-6.5224333261e-05,0.00156634249063,-5.65694513197,3.20827902106e-06,0.00708673528037,2.48418816521,-2.61347381327e-06,-0.00649172108936,-0.00737514169839,-2.45062793307e-06,-0.000836702508658,-1.03804200863,1.50645777469e-06,0.00291445565006,-4.08819465859,3.41888452751e-05,0.02612195315,-0.574530360004,2.33971129321e-05,0.0100927500953,-0.649360902675,9.873268118e-05,0.0213375117779,-1.77838231796,1.18584458983e-05,0.0122786173698,0.532432014985,-0.174777559898,0.109766563882,-2.06975182766,0.000146441118853,0.0409198155815,-1.47386420881,3.71954710018e-06,0.0050294570935,-1.58020640018,0.0851294649701,0.346307109667,-0.462689858094,0.000733702536265,0.0450141541536,0.960234629993,1.50091417366e-05,-0.00549923873165,-1.63710161619,0.102469985507,0.0923970266924
gradient,0,0.35,0.359999984503,predicted,Actual proposal support boundary; monitored coordinates are pre-native endpoint forecast,True,50,-0.147374337519,0.422632872558,-0.033014018383,-0.145103229322,0.123323557053,0.0360850626794,5.96175357314,6.62051874379,0.212482387634,-0.512648754839,1.76633849059,0.182775423416,0.271815297476,0.270225221523,0.267132132392,0.208127469941,4.53314547618,0.211189085071,0.70115668228,9.75474530947,2.45932444359e-08,0.000164244878252,9.44544636499,5.64594673471e-08,0.000335586807759,9.47550144107,5.09403435089e-08,0.00031383826783,7.99351258277,5.60127616094e-05,0.016929307515,9.57783580199,1.23037652162e-07,0.000400197858777,9.2594981344,1.18788054233e-07,0.000574722110585,8.25992340608,3.583217111e-06,0.00711120371545,9.10670756304,3.21728136164e-07,0.000998186849139,8.82230025798,2.69764376494e-06,0.00277613170439,8.51012777598,4.98148253416e-06,0.00485857690805,8.05489598517,3.52012865679e-05,0.0149120915439,8.7381197986,1.55771886137e-06,0.00263411516941,4.63642340992,0.175077436301,0.37890657278,8.29651365247,2.54160285903e-05,0.00946141924414,9.27391177461,2.71872111597e-07,0.000710151784697,5.65662055458,0.0312657711651,0.280419666617,7.30578982046,0.000287359220567,0.0664853938248,8.65491084096,3.3602861915e-06,0.0037485993777,5.26117254275,0.0523835357743,0.165285546994,-0.124663842335,0.162331103234,0.575407385826,3.2861187458,-1.04863774776,0.0505340987943,0.702479819967,3.85643833646,-2.23948563327,-2.90091116178,-8.52734653981,-0.157620658536,-0.102820373809,-0.0516167118195,0.152645682058,-0.0508415993412,1.00461717925,-0.304595262375,0.294668490156,-3.31871367926,4.09242361621e-07,0.00179497197036,7.44756371366,-4.10656480651e-06,-0.0111690025594,-2.45769334675,7.02329239352e-07,0.00266954271929,0.133706906367,-0.00012839308599,-0.00410030740071,-10.3045634401,7.56574625394e-06,0.014543867609,2.55436222661,-1.31689012798e-06,-0.00487690855303,0.294447902459,-9.47103307341e-06,-0.00832091760351,-1.86363016115,2.89807657532e-06,0.00549909828147,-2.61131483033,2.50835248605e-05,0.0190994489823,0.0797837706909,2.11031669994e-05,0.00330031067719,-1.10920705616,0.000164827910964,0.0368512090161,-3.07562021931,2.31476987549e-05,0.0227280770107,0.149456984823,-0.167325509272,0.0610255480825,-0.849247264073,0.000111181985658,0.0190592930827,-2.16016654253,6.31573162168e-06,0.00801111830093,-2.15634172896,0.121155758406,0.569448717694,-0.860611722876,0.0010618738187,0.0994910974114,0.334309729456,2.18013992891e-05,0.00294949906097,-2.37104281324,0.149704171345,0.138385130119
gradient,0,0.36,0.370000004768,predicted,Actual proposal support boundary; monitored coordinates are pre-native endpoint forecast,True,50,-0.148050662316,0.423782111445,-0.0274510191345,-0.0997209322834,0.113672880802,0.037631048507,5.9862037088,6.64316668467,0.192733997312,-0.551119776151,1.69020299432,0.181475948405,0.27077277056,0.269716917051,0.268266326141,0.207455534076,4.54803712362,0.207496593297,0.705198148574,9.71414282593,2.99860442049e-08,0.000187307762071,9.50946958273,3.66351564435e-08,0.000262547907368,9.43892699236,6.1685348498e-08,0.000354194040811,7.99845204263,5.42290070744e-05,0.0167708734815,9.48913280892,2.10378344952e-07,0.00054912118719,9.29030146879,1.07154050489e-07,0.000523796863205,8.26584664998,3.43850650462e-06,0.00696593672873,9.08404580366,3.58178597092e-07,0.0010668782672,8.81360927298,2.69431683853e-06,0.00283930120208,8.51043750289,5.20676722693e-06,0.00490374909111,8.03771650562,3.76519344279e-05,0.0154732758697,8.69745555476,1.87278051755e-06,0.0029403972657,4.63403653349,0.173888649634,0.379204202276,8.29530934795,2.55256113987e-05,0.00953223058492,9.26262483785,3.28125504144e-07,0.000772485052544,5.63154877252,0.0327082131298,0.287802848376,7.30049536118,0.000293222939473,0.067166776405,8.67432030967,3.26475318708e-06,0.00361600707409,5.23377032846,0.0541062587102,0.166743532607,0.0130894401143,-0.166997681596,0.315982580185,4.14747858047,-0.998920440674,0.124615917232,1.89676141717,0.680361707492,-1.77040611494,-2.59222852772,-4.29113247742,-0.0802348367815,-0.0645815967502,-0.0295700813051,0.0640434692703,-0.0234937591446,1.16157731593,-0.30954861979,0.304639949066,-3.80169896346,5.8419568683e-07,0.00235678931665,4.93473306689,-1.38985168335e-06,-0.0053454932455,-3.40671093389,1.10541240886e-06,0.00399766185738,0.528241813333,-0.000162959843725,-0.0169419973512,-3.62588535441,3.67017189683e-06,0.00632724591412,2.44761895806,-1.06299915452e-06,-0.00408401000216,0.342971031369,-9.76674377376e-06,-0.00928066118697,-1.74094025047,2.88147993076e-06,0.00538513785504,0.50610491392,-1.04729712802e-05,-0.00363574393925,0.377232411655,8.04537311075e-06,-0.00110007922778,-1.33650227434,0.000184492591361,0.0435158194066,-3.47464907426,2.9702768394e-05,0.0275361055268,-0.185430041159,-0.0648718409935,0.0281026852378,1.70229613697,-0.000149045009875,-0.0308874267029,-0.18859488379,2.85076664381e-06,0.00285635879003,-2.58546813623,0.151850975995,0.654899950227,-0.226874980591,0.000301143681118,0.0273267319081,1.74920794471,-1.50910540507e-05,-0.0134616288185,-2.35663660768,0.149608289766,0.113287146023
gradient,0,0.37,0.379999995232,predicted,Actual proposal support boundary; monitored coordinates are pre-native endpoint forecast,True,50,-0.147112548717,0.419292918926,-0.0266943667793,-0.0621536577129,0.103345148239,0.038577381024,5.99968880149,6.63412597794,0.177074265335,-0.564493325393,1.68051584105,0.181170726681,0.270523665541,0.269633819897,0.268413001778,0.207657594758,4.5563770225,0.204998112675,0.707249481262,9.6787113302,3.62771581725e-08,0.000211380664585,9.54414102632,2.866243368e-08,0.000228676942849,9.40736722239,7.3048591686e-08,0.000393791504978,8.00407741903,5.27535647349e-05,0.0165904675679,9.5053180949,1.96441090098e-07,0.00052674277706,9.30845051356,9.75280711429e-08,0.000493041910542,8.2667828267,3.38788223553e-06,0.00692559049171,9.07188875803,3.79357734779e-07,0.00110588960624,8.83242235626,2.48818433934e-06,0.0027034168256,8.51767242422,5.14238999638e-06,0.00483657532349,8.02816593968,3.88911383951e-05,0.015782407932,8.66862681712,2.15177422925e-06,0.00318483727995,4.6327148091,0.173779999482,0.379468626485,8.33055957521,2.24351283928e-05,0.00884367071008,9.27013987694,3.28887444473e-07,0.000767278960498,5.60491119185,0.034302790685,0.293517665621,7.30125232084,0.000293382094189,0.067031928463,8.68989499986,3.05846511048e-06,0.00347936680133,5.2140398106,0.0553757015696,0.167551289914,-0.215528932311,-0.355165605024,0.13421857357,3.43946915865,-1.18618345261,0.0358052817092,0.760723665634,-0.393427482046,-2.00505817994,-0.959189797089,-0.0257248576168,0.0132219182809,0.00671062701519,-0.0225007365057,0.0101893276285,-0.025400193857,0.665869112453,-0.205327545294,0.135942876317,-3.67658280352,7.32299725696e-07,0.00267381201836,2.51638145708,-3.98705913359e-07,-0.00202091359911,-2.64508420713,1.01124942141e-06,0.00344455890361,0.857227414564,-0.000219764764688,-0.0276424946719,1.52962175617,-1.33517258753e-06,-0.00216035722645,0.902651040833,-4.72006458134e-07,-0.0014729045647,-0.024515311602,-2.93814173515e-06,-0.00165665814211,-0.906324310519,1.60992628994e-06,0.0028935775653,1.63786527427,-2.18412305787e-05,-0.0107695404637,1.37310707162,-1.62819630272e-05,-0.014609435129,-0.679270808407,7.89282676224e-05,0.0221349830567,-2.7337369355,2.90692664679e-05,0.0243081742083,-0.0827000642979,-0.00606096590075,0.00692431177279,2.64008734488,-0.000254765576296,-0.0455906125216,0.57181019069,5.84728572166e-08,-0.000368333923975,-3.01885428916,0.179420979282,0.484078446654,-0.145028394834,0.000207156350452,0.0172483111577,0.900011223753,-1.11513915981e-05,-0.00775223225632,-1.84002336248,0.120431662216,0.0782646094334
gradient,0,0.38,0.389999985695,predicted,Actual proposal support boundary; monitored coordinates are pre-native endpoint forecast,True,50,-0.152361240962,0.416678799345,-0.0247666476631,-0.0309315491104,0.08994921175,0.0383471541411,6.00141818211,6.63529813503,0.152632833713,-0.570303572093,1.68968849717,0.18174038677,0.2709069831,0.269266902321,0.268470112693,0.206947530199,4.56135450587,0.203390042391,0.7079170061,9.64061116986,4.46320387188e-08,0.000240784002438,9.55979721187,2.86610381763e-08,0.000222129635386,9.38602530822,8.19103369263e-08,0.000423085218883,8.01559659092,4.98337117807e-05,0.0162180235881,9.51972524405,1.83674893202e-07,0.000505914042661,9.30835448961,9.77139213262e-08,0.000494338771911,8.26535634374,3.37974366992e-06,0.00693280356589,9.06591931745,3.90377122891e-07,0.0011247498185,8.84636657846,2.25749222695e-06,0.0026239103928,8.53789964432,4.88112796639e-06,0.00461156038853,8.02413108945,3.92304997804e-05,0.0159159755308,8.64278081605,2.4541658469e-06,0.00342656074986,4.6323825322,0.173767430316,0.379342688512,8.34811109484,2.04302998727e-05,0.00862041833449,9.27406104166,3.29294961288e-07,0.000765118374065,5.57117168674,0.0362966327154,0.297484417309,7.29759479328,0.000297366066482,0.0675117426281,8.69232053414,3.04172535512e-06,0.00346096242897,5.19696986121,0.0565148919546,0.168308824796,-0.167020381783,-0.240126019848,-6.81877136088e-05,2.42974042892,-1.27680957317,-0.00460685526115,0.791569901671,-0.0230707765178,-2.00848010158,-0.563333123119,0.175370654117,0.0224276356348,0.0108272663549,-0.0222039169686,-0.00104608752753,-0.0347613789266,0.542098469336,-0.165041161009,-0.00343749003247,-3.37841576911,7.88667119617e-07,0.00271161898722,0.882780801002,4.68812422004e-08,-0.000264424600338,-1.91529729727,8.49726327667e-07,0.00274057527595,1.05234143599,-0.000274686845124,-0.033830924421,1.59821230874,-1.41353730421e-06,-0.0023419227968,-0.0232167919694,-1.70665332038e-08,7.31735908853e-05,-0.230745732512,4.21386293703e-07,0.00272086697515,-0.431683632684,8.04767225051e-07,0.00133405603705,1.01143392782,-1.63148311365e-05,-0.00601715237956,1.58478874729,-2.50507353428e-05,-0.0176541755586,0.0246541518844,-2.68583132973e-05,-0.000932417662606,-2.06064476055,2.48957965917e-05,0.0196199923097,-0.203908783129,0.0309679540203,-0.0783851663661,1.70926515119,-0.000191038026858,-0.0245035658014,0.605160831378,-4.79568292406e-07,-0.000866976626357,-3.00458293157,0.180533674845,0.342519532714,-0.203377673002,0.000258761732151,0.0253765604946,-0.372222973923,8.62753550675e-06,0.00409612959846,-1.58159326254,0.101838744046,0.0689208440549
gradient,0,0.39,0.399999976158,predicted,Actual proposal support boundary; monitored coordinates are pre-native endpoint forecast,True,50,-0.150452956352,0.414490398529,-0.0266957305336,-0.0135588491344,0.0778089567757,0.0384852439188,6.01552019952,6.63366456241,0.136904663304,-0.575759987856,1.68402325413,0.181619279394,0.270740210868,0.269189741557,0.268392080027,0.20696236718,4.56721899188,0.201697289455,0.707180731461,9.61114301482,5.20505005648e-08,0.000265613044329,9.56179664234,2.9600058524e-08,0.000223388450842,9.36906127645,9.00431182394e-08,0.000448603010497,8.02512424775,4.72598278324e-05,0.0159138490795,9.53728234108,1.68170344014e-07,0.000479904321124,9.30798617772,9.71867404788e-08,0.00049450538236,8.26216791205,3.3963099614e-06,0.00698000783121,9.06325508538,3.9545307928e-07,0.00113257072698,8.85265103481,2.16188771661e-06,0.00258307377801,8.54936819916,4.64137528952e-06,0.00448349181232,8.02865902272,3.83539721291e-05,0.0157637595788,8.62741392191,2.64969016108e-06,0.00357723712614,4.62863663343,0.174399358562,0.377900923157,8.36474487823,1.86143678556e-05,0.00835359939406,9.28224309356,3.19296078625e-07,0.00074993942797,5.54481953322,0.0379134641819,0.300368056275,7.29718476738,0.000298557328832,0.0675394596729,8.68245054038,3.23101582062e-06,0.0035612893933,5.18240794535,0.0574124764506,0.168929706795,0.195231411051,-0.361695496996,-0.234737634659,1.42208248377,-0.690878868103,-0.0221031427276,-1.62828362408,1.41084023405,-1.9916044769,-0.528683610983,-1.32973762695,0.00941111299386,0.0218698914066,-0.000211103282741,0.0513688131743,-0.0678859413482,0.413703092475,-0.119392632273,0.011297436047,-2.00294450179,5.19679956163e-07,0.00171721352379,1.70930205777,-9.15450466116e-08,-0.00090772374782,-1.54476326175,7.88683072571e-07,0.00241881608176,0.244034436766,-9.18580306521e-05,-0.00789642090294,0.778532994954,-7.01433039964e-07,-0.00117576456218,0.528957766019,2.05635906868e-08,-0.000426028539576,-0.513262065717,8.07387522351e-06,0.00959325725872,-0.0558988091661,1.23330501712e-07,0.00014624687353,-0.606407458137,7.32233264348e-06,0.0060207498878,0.76339486217,-1.0474915407e-05,-0.00766708629519,0.63893020861,-0.000111971109677,-0.0213830597882,-0.904708117813,1.25895080286e-05,0.00932799547737,-0.547549417934,0.0873409403709,-0.130254061804,1.08959364105,-0.000117463374776,-0.0145852182907,0.414091328913,-3.63914287469e-07,-0.000642832978419,-1.7181737844,0.106325135043,0.201843818793,-0.0272927805183,2.33263797266e-05,0.00586515971913,-0.773152010561,1.80036014865e-05,0.00879211696338,-1.22481683645,0.0769383025094,0.0441414366468
gradient,0,0.4,0.409999996424,predicted,Actual proposal support boundary; monitored coordinates are pre-native endpoint forecast,True,50,-0.148456612741,0.409444889405,-0.0294614003563,-0.00248989943504,0.076131634388,0.0379050912866,5.96885250963,6.66351493971,0.112800744175,-0.580877244313,1.66309374463,0.18192860903,0.271344380928,0.269262680255,0.269497488957,0.205589811372,4.56962856772,0.201002189745,0.708142954821,9.60055227982,5.5025637842e-08,0.000275128272914,9.59398325303,2.68301372441e-08,0.00020397516043,9.35513004298,9.76839983777e-08,0.000471461540518,8.02047727966,4.79965511676e-05,0.01606009517,9.53529590394,1.69646232402e-07,0.000482398751418,9.31893364493,9.81251931399e-08,0.000485818201119,8.25509110243,3.54122117439e-06,0.00712466871106,9.06480134127,3.92843732925e-07,0.00112767475598,8.8342384293,2.40393887982e-06,0.00274432539056,8.55316754157,4.67162965825e-06,0.00445821866263,8.03690969362,3.69910775868e-05,0.015488314335,8.62468665369,2.70595600748e-06,0.00361312065941,4.62143154384,0.175514249123,0.376737607276,8.36990296766,1.80810323772e-05,0.00832871396868,9.28234286824,3.22016675539e-07,0.000752261714496,5.53680821105,0.0384231354163,0.301521293685,7.29704893767,0.000297832594076,0.0676290458225,8.67685749393,3.40179738485e-06,0.00363680476823,5.17247352448,0.0580536580047,0.169191653529,0.312706334447,-1.0288485844,0.0736703872681,1.50895574689,-0.197076797485,-0.0365555608867,-1.87167044002,0.74421850637,-0.375141222363,0.125011507684,-0.782797012717,0.0117648786238,0.022482500845,0.00717785028848,0.0367223767982,-0.0424054578577,-0.0306858955923,-0.00978144467785,0.0319730710804,-1.64460897492,4.61183688987e-07,0.00148206732388,2.07020545762,-3.88788939684e-07,-0.00173297594179,-0.464535949302,2.34670384043e-07,0.000707460337265,0.830632954699,-0.000186079687166,-0.0259678140387,0.259687249808,-2.25766177012e-07,-0.000387131845387,1.0391530619,-4.56610950251e-07,-0.00164856408303,-0.137736730863,2.73348155182e-06,0.00238266086621,-0.0222310101263,-3.58481413517e-08,-1.46847698734e-05,0.147548352649,5.01293093309e-06,0.000690025518947,0.847732857617,-1.31648098303e-05,-0.00924520315095,-0.22440551631,2.97111545832e-05,0.00700502366325,-1.49177031523,2.18608071041e-05,0.015768009211,-0.0623372650786,0.00225692805914,0.0179105082087,0.848165836416,-1.09490061405e-05,-0.0147027907929,0.0834612462786,-6.82824809476e-08,-0.000126270593078,-1.44273616112,0.090262205771,0.146061353424,0.260384858621,-0.000306269094821,-0.0309203810362,-0.0266453496553,4.8472589651e-06,0.00134600590745,-0.668907217609,0.0408853916013,0.0271749659941
gradient,0,0.41,0.419999986887,predicted,Actual proposal support boundary; monitored coordinates are pre-native endpoint forecast,True,50,-0.144198829663,0.393913426841,-0.0252223227882,0.0166202658033,0.073867420826,0.0377541327011,5.97808679072,6.64854893254,0.129401838856,-0.573259757702,1.66836731387,0.181854576966,0.271189860885,0.269333298563,0.269126527563,0.206114258022,4.56660527397,0.201501660562,0.707820192883,9.57825083532,6.12741743445e-08,0.000295254390807,9.6032007515,2.18242797304e-08,0.000188728932007,9.35977055746,9.47365259202e-08,0.000462752217242,8.04173690685,4.35382340891e-05,0.0153944927987,9.54247608607,1.63655020474e-07,0.000472161684216,9.32876923896,8.80545214738e-08,0.000461534100699,8.25941317744,3.45097959244e-06,0.00702766104854,9.06281046517,3.94736116453e-07,0.00113227703158,8.85560200187,2.26214633527e-06,0.00259687428839,8.56632285631,4.37807909292e-06,0.0042985877493,8.02417091239,3.89481952208e-05,0.015903860052,8.5975785156,3.08690630317e-06,0.00389259731036,4.62738988813,0.174444497123,0.378259133321,8.38170819496,1.83953877328e-05,0.0080595435782,9.28391231849,3.17930429006e-07,0.000747414016109,5.51596481,0.0397187082974,0.303289283344,7.30239246456,0.000292431946936,0.0669210520522,8.68191763339,3.32796099992e-06,0.00358820951145,5.169029801,0.0582301842826,0.169473206115,0.0439750361374,-0.453821473812,0.485990047455,0.64250895381,-0.158992528915,-0.0336240442381,1.10721046336,-1.29290377312,0.253963384922,0.0318207062299,-3.26248993884,-0.0527630802518,-0.0511617231669,0.0324404103974,-0.0228660220561,0.0777976480961,-0.267078336597,0.0783665481774,-0.0054571192282,-1.56326285229,4.47772923625e-07,0.00142954405153,0.887361300558,-4.07875016897e-07,-0.00134816216525,1.05228139377,-5.68135010605e-07,-0.00172221464922,1.20030441397,-0.0002576573587,-0.0372849175165,0.616958740151,-5.68993310021e-07,-0.000974324350825,-0.234356142646,-2.63471014373e-07,-0.000128544675056,0.355205842367,-5.40709032074e-06,-0.00670511952291,-0.349899374372,5.14045885387e-07,0.00103324527174,0.782459809044,-6.80726610653e-06,-0.0074218622718,0.64787434613,-1.35104736492e-05,-0.00805911533172,-0.280428098902,5.32971679342e-05,0.00893894732118,-1.79122093044,2.63902458457e-05,0.0189234562733,0.287820248789,-0.0616259713828,0.0455154762811,1.2770560472,-3.78373560783e-05,-0.0290982812623,0.156268837917,-5.45791032951e-07,-0.000637188491674,-1.23193066591,0.0783356879733,0.116014337546,0.0797081153078,7.78063702476e-05,-0.0213700765617,0.715826885853,-1.25298150841e-05,-0.00687799879145,-0.374318640207,0.0238531770464,0.040162724136
gradient,0,0.42,0.42999997735,predicted,Actual proposal support boundary; monitored coordinates are pre-native endpoint forecast,True,50,-0.147577112019,0.400368459929,-0.0197415994072,0.0103602796412,0.0729517838097,0.0372326104018,5.9909967189,6.63765686425,0.117880011874,-0.580240830188,1.59784394585,0.180873347425,0.270321146465,0.269911488463,0.269040168516,0.207145764334,4.56428700099,0.202569520709,0.708033812437,9.56928702278,6.39810963145e-08,0.000303719153944,9.61173047904,1.86726369062e-08,0.000177011917125,9.37617567086,8.63212981656e-08,0.000437017247534,8.04448336794,4.28434039936e-05,0.0153143968197,9.54763507875,1.58266366202e-07,0.000462912264401,9.31424652207,9.28557728524e-08,0.000483247307618,8.26219521928,3.43307936797e-06,0.0069905663206,9.05780335378,4.03124650633e-07,0.00114833966141,8.84988762548,2.26779355769e-06,0.00259588814512,8.56612502849,4.40142018526e-06,0.00429703635599,8.03130113165,3.80570209455e-05,0.0156670932815,8.58886223509,3.23376092439e-06,0.00399158978487,4.62718794882,0.174281729696,0.377647916801,8.39544408861,1.73242852557e-05,0.00774674834343,9.285468245,3.1110085488e-07,0.000739517944663,5.51216959773,0.0399898491758,0.303841580436,7.29864309998,0.000299388721481,0.0672016442913,8.69117403165,3.15120108317e-06,0.0034992447924,5.16498715167,0.0585307215457,0.169994908011,-0.114633702273,-0.202577550709,0.309738636017,-0.642453461885,0.0961558818817,0.00871007686161,1.54713006246,-0.542185221759,-0.220534149525,-0.577892456314,-5.16312536307,-0.0922054620985,-0.0790932786925,0.0380219796195,-0.00789590545642,0.0666011404324,-0.211384006825,0.0688893706855,-0.0232744729488,-0.563295462051,1.75545782791e-07,0.00054448367669,0.27196248862,-2.00157976286e-07,-0.000636560389965,1.18152430806,-5.98231159574e-07,-0.00184061207489,0.249829136166,-6.0316784026e-05,-0.00746228120419,0.295658354245,-3.38787071598e-07,-0.000579005935546,-0.816517272851,3.53015109828e-07,0.00130481996388,0.287524397817,-3.50678621207e-06,-0.00474449316564,-0.323581322793,5.76996940117e-07,0.00104817405667,-0.708548581567,1.95513573722e-06,0.00189774103301,-0.694101010284,1.42976435332e-05,0.00812266783308,0.485085620749,-5.98839758323e-05,-0.0160026265064,-0.555184780165,9.92306134768e-06,0.00650237646986,-0.000258302261273,-0.0149268102453,-0.0424902052358,0.174977841807,-3.10361116089e-05,-0.00849835822249,0.0133171470192,-3.34110666724e-07,-0.000341168159675,-0.278200706691,0.0180933427568,-0.00403698990303,-0.32376389718,0.000643468211583,0.0233688680012,0.286101039423,-4.03543360409e-06,-0.0021911341131,-0.147501943969,0.0101695013693,0.0282701711541
gradient,0,0.43,0.439999997616,predicted,Actual proposal support boundary; monitored coordinates are pre-native endpoint forecast,True,50,-0.146491503709,0.389861875827,-0.0190275500679,0.00377119656563,0.0757905384636,0.0379283342383,6.00902939197,6.6377052281,0.124991155866,-0.584817606828,1.56510480661,0.180010467724,0.269607995311,0.270093738155,0.268968609454,0.207446280831,4.56237759383,0.202879447975,0.707354703424,9.56698492608,6.47850900003e-08,0.000306144064341,9.60864000127,1.78211202046e-08,0.000175997724207,9.38340104362,8.27719027288e-08,0.000425939975744,8.04673348957,4.23318984086e-05,0.0152452471747,9.54838925316,1.56879279042e-07,0.000460581565505,9.3124388935,9.51148236703e-08,0.000487630499977,8.26516366539,3.3808438682e-06,0.00693277118523,9.05633883872,4.06276055256e-07,0.00115324051272,8.84143103024,2.30124905001e-06,0.00263482910905,8.55244083611,4.66403196358e-06,0.00446104110596,8.03387262481,3.77505157042e-05,0.0155838075219,8.58647482,3.28536753012e-06,0.00402264483976,4.62738472209,0.174145960918,0.377409329217,8.38520775179,1.77746655006e-05,0.00788957641375,9.28417866143,3.11248215671e-07,0.000740590652915,5.51040079586,0.0400805751525,0.303208543546,7.29591718661,0.000305301311168,0.0673884294122,8.68763965417,3.24725232784e-06,0.00354438682919,5.16607976212,0.05843357431,0.170038609538,0.193714352357,-2.31452974502,0.260448813438,0.0276866555213,0.550119996071,0.0713048642708,1.22692892927,-0.143395734832,1.22496529646,-0.299348150837,-2.46915729807,-0.0894152069121,-0.0624559890744,0.0299800038123,-0.00893061201355,0.0325551447483,-0.326714435999,0.0656220046445,-0.00912611113872,-0.402102830636,1.33092941581e-07,0.00040563495579,0.275991545693,-1.57202393618e-07,-0.000506556516283,0.560133389679,-2.7886600591e-07,-0.00086633770952,0.615120164201,-0.000107648079353,-0.0186902562619,0.0310897823977,-9.15547105673e-08,-0.000151978563231,0.386462057695,-5.48602526575e-08,-0.000480859809738,0.518535171877,-7.59479313819e-06,-0.00990390754026,-0.314850791531,7.10419769982e-07,0.00114168979255,0.320597864617,-6.59983416211e-06,-0.00418080667523,-1.02805715552,1.55787008065e-05,0.0122756999604,-0.47439888416,8.49702586947e-05,0.015636272287,-0.982242078985,1.77925066961e-05,0.0115292449147,0.324071624463,-0.0594956482935,0.0512323250544,0.74070970196,-7.17382067966e-05,-0.0161266390152,-0.146742746507,-3.0187349449e-08,6.87540385791e-05,-0.29573415973,0.0175546769412,-0.02378245158,-0.102174662344,0.000362048524942,-0.000902792465133,0.329555201295,-1.40963082434e-06,-0.00202853431467,0.287863008002,-0.0221588566482,0.00672963436206
gradient,0,0.44,0.449999988079,predicted,Actual proposal support boundary; monitored coordinates are pre-native endpoint forecast,True,50,-0.143702824971,0.354077865028,-0.0145326231384,0.0109140127516,0.0839541837311,0.0386587076872,6.01553529748,6.63478894956,0.142379317803,-0.586227793205,1.54846079989,0.179085043287,0.269072026684,0.270511088539,0.268861556275,0.207796867229,4.55775271227,0.203881960802,0.707851290214,9.56124496616,6.66429551462e-08,0.00031183185306,9.61725030995,1.55285890338e-08,0.000166880786799,9.38737833865,8.07439780474e-08,0.000419690493343,8.05678577122,4.06904424066e-05,0.0149405916945,9.5482568744,1.56435271991e-07,0.000459872693137,9.32197576323,9.17585677993e-08,0.000473630111423,8.27256592272,3.28118350521e-06,0.0067924881698,9.05150633795,4.17333046032e-07,0.00117117345726,8.85629958277,2.13579687445e-06,0.00251227201162,8.54556388538,4.71299420139e-06,0.0045425503552,8.02181315396,3.97564261194e-05,0.0159798187272,8.56921739351,3.58961105831e-06,0.00422217468317,4.63366938131,0.17309181673,0.378672563302,8.41025828265,1.58895211197e-05,0.00742421556313,9.28253339007,3.10497107891e-07,0.000740893025434,5.50625491454,0.0403409427146,0.303365931405,7.29659960673,0.00030662969198,0.067183588442,8.69776513567,3.12300846668e-06,0.00345867410611,5.17074441183,0.0580875444127,0.170129500699,0.285364384472,-3.41692265252,0.319001078606,0.578889757395,0.746576309204,0.0739652484729,-0.0844894595442,-0.424964721692,1.66544977747,-0.0925246077525,-0.809536704633,-0.04876309742,-0.0223521449354,0.0231576319243,0.000278987176731,0.0275013748068,-0.397315213357,0.092994034921,0.0595988591523,-0.377659853344,1.35240029797e-07,0.000396595167578,0.713058934528,-1.90062513456e-07,-0.000771462390069,0.36195476858,-1.8092846665e-07,-0.000564865939514,0.904353768797,-0.0001383929602,-0.0271399757135,-0.289862007878,2.12591428025e-07,0.000375573292168,0.932247528196,-2.90273319078e-07,-0.00134089091449,0.646941543743,-8.99439229275e-06,-0.0123610517507,-0.329998861401,7.97267102698e-07,0.00126446303669,1.34278480034,-9.34452832261e-06,-0.00967371444923,-0.541323844164,3.12080820673e-06,0.00617251629803,-0.974857702491,0.000160753137016,0.0322587800096,-1.23523567648,2.16563209274e-05,0.0142589299245,0.471499840809,-0.0800097057976,0.119117226724,1.71353197139,-9.36300622971e-05,-0.0323031797019,-0.182538879633,5.48372974111e-08,0.000170794334841,-0.246163936186,0.0148694309902,-0.00937057604463,0.0822091793718,6.31423578257e-05,-0.0191462906801,1.05866259831,-1.47346411222e-05,-0.0094243207259,0.42205513699,-0.0314062855119,-0.00828433633268
gradient,0,0.45,0.459999978542,predicted,Actual proposal support boundary; monitored coordinates are pre-native endpoint forecast,True,50,-0.14078421602,0.321523422776,-0.0126475284958,0.0153489917135,0.0907220646477,0.0394076392078,6.00733960278,6.62920593367,0.158300151415,-0.586668098983,1.54891407252,0.179035205776,0.269160952412,0.270556890794,0.268974189197,0.207996308327,4.55443128957,0.204739328674,0.708546680607,9.55943172901,6.74898905963e-08,0.000314075967692,9.62290117996,1.40198699355e-08,0.000160568476406,9.39064013899,7.91533333958e-08,0.000414642656954,8.06482056495,3.95640392046e-05,0.0147024476604,9.542592013,1.61131107602e-07,0.000468093031348,9.33108384407,8.93093572888e-08,0.000460812681687,8.27810249627,3.20095602234e-06,0.00668555015021,9.04973886149,4.2222139731e-07,0.00117852977345,8.86828672624,2.11435848356e-06,0.00244135482006,8.54161435923,4.72644812772e-06,0.00458449143192,8.01437547076,4.09655784445e-05,0.0162289831221,8.56177010647,3.71849394867e-06,0.00430782343825,4.6368147189,0.172545766802,0.379791673751,8.41947839122,1.59020642547e-05,0.00724351281971,9.28052788384,3.1234496162e-07,0.000744006539612,5.50547751714,0.0403779637723,0.303021132025,7.2975613702,0.000306564158324,0.0670055035986,8.70881290614,2.95255950539e-06,0.00335590041467,5.17452086486,0.0578054485997,0.169872922812,0.0440448885405,-1.40189230837,-0.0937281847001,0.0186497867107,0.689165592194,0.0815058894384,-2.8492539355,-0.727504854356,1.29235554884,-0.167713608822,0.733401950126,0.0208096616098,0.0484678764202,0.0386583703423,0.0357656941342,-0.00986004679956,-0.283343404895,0.0564420543036,0.150034092843,0.842724351118,-2.68035172102e-07,-0.000819304466027,0.957236942745,-1.57950641801e-07,-0.000820229998859,0.164133518714,-7.84814541667e-08,-0.000250091905327,0.332244503865,-2.70229067456e-05,-0.00982606211729,-0.680951018321,5.96918714878e-07,0.00103053833388,0.828608350624,-1.20546511075e-07,-0.000977264980167,0.287685391302,-4.67092000367e-06,-0.00582458447963,-0.11358820723,3.94002411125e-07,0.000615488032238,1.63298525377,-7.40825370282e-06,-0.00958648405665,-0.480336342034,1.54679694435e-06,0.00452750566127,-0.274246597804,4.56140138713e-05,0.00922325240266,0.194150589016,-3.45465775378e-06,-0.00221157104584,0.0263142640962,-0.00372679114777,0.130249995062,1.9853167936,-7.92443588152e-05,-0.0329613646519,0.0548941954987,-2.22432045613e-07,-0.000288659418348,0.7935213883,-0.0502059513902,-0.0707788809285,0.325234362748,-0.000394193493953,-0.0390951771489,0.577484272092,-8.338668962e-06,-0.00529922157706,0.684899761174,-0.045537657116,-0.0363683013591
gradient,0,0.46,0.469999998808,predicted,Actual proposal support boundary; monitored coordinates are pre-native endpoint forecast,True,50,-0.142821927201,0.326040018861,-0.0164071868324,0.0112870084858,0.097737495575,0.040288825476,5.95855021877,6.62023885247,0.16822642878,-0.589582065381,1.56312883889,0.179501236519,0.270041384212,0.271284255946,0.269576870158,0.207599666293,4.55208584417,0.205010801888,0.710851972071,9.57809945319,6.12822517041e-08,0.000295445763739,9.63639504881,1.23695761978e-08,0.000150476186822,9.39066100903,7.91743489641e-08,0.000414688655237,8.0634306613,4.01499842717e-05,0.0147440704521,9.53463785403,1.68373646288e-07,0.000480483459814,9.33854793024,8.93476375778e-08,0.00045408481182,8.27831963054,3.18776510513e-06,0.00667599648021,9.04923457381,4.25213094255e-07,0.00118348321791,8.88895928785,1.98763180039e-06,0.00232054233048,8.53595715854,4.74393014028e-06,0.00463310046843,8.01632822201,4.06687063968e-05,0.0161642837752,8.57310040529,3.52051790324e-06,0.00417794326225,4.63419566659,0.173017280907,0.381277563204,8.44996461852,1.43046339434e-05,0.00676498827009,9.28363127398,3.06048466978e-07,0.000735119837067,5.52212534231,0.0393368236868,0.301950353786,7.30310429398,0.000298745822101,0.066401684899,8.70931482111,2.95623508744e-06,0.00335268967457,5.18444240706,0.0571767912704,0.169402134672,-0.0563650164787,0.0146402111656,-0.398902654648,-0.347694605589,0.938756942749,0.0275258418606,-5.22964662825,-0.457223785563,1.12639374883,0.503813453355,0.0996386792933,0.0421517805786,0.0647240875382,0.0873171545247,0.0663892688394,-0.0543206990765,-0.43452548344,0.0726430745479,0.193453662699,1.36303262047,-3.8576710178e-07,-0.00123627197527,1.49500170222,-1.41226917577e-07,-0.000975185659738,0.221591053745,-9.05883384692e-08,-0.000304800596009,-0.110671723989,4.54634519847e-05,0.00368277018838,-0.96868014104,8.55653955383e-07,0.00145279084617,1.51704232824,-2.57608443774e-07,-0.00168579538743,-0.188108047522,2.94279400966e-06,0.00373517775935,0.443594520043,-9.076883776e-07,-0.00142845708555,2.29070066878,-1.85308016324e-05,-0.0140610603655,-1.00369738947,1.38583939652e-05,0.0112738834453,0.110465286567,-1.48396930571e-05,-0.00354031700757,1.04157881353,-1.6260227481e-05,-0.0113360941901,-0.0752721144781,0.0232644659988,0.151924445519,3.27145742228,-0.000190677710674,-0.0495140337035,-0.0949315310141,-6.56852512237e-08,-4.1695549003e-05,1.25750256057,-0.0787352686767,-0.126026687428,0.798161873557,-0.00105466240522,-0.0877130500241,0.304003579196,-2.6961285464e-07,-0.00180063317273,0.813268840229,-0.0519860230843,-0.0670799209294
gradient,0,0.47,0.479999989271,predicted,Actual proposal support boundary; monitored coordinates are pre-native endpoint forecast,True,50,-0.141911516349,0.321816227,-0.0206255815887,0.00839509960175,0.109497203503,0.039958156045,5.90274667021,6.62006145796,0.180828026392,-0.576591829916,1.55090684611,0.179878241387,0.270455434163,0.272303233884,0.270301974574,0.206909894346,4.5457407799,0.206192190165,0.712415753861,9.58669238142,5.97745485607e-08,0.000289350528187,9.652801214,1.1195331584e-08,0.000141064763211,9.39507196007,7.73415666264e-08,0.000408546645034,8.06260713047,4.04733082443e-05,0.0147761030642,9.52321841018,1.7824418671e-07,0.000497148848272,9.36142469063,8.41571884133e-08,0.000427096773938,8.27434033532,3.25981190253e-06,0.0067602537054,9.05861075189,4.04067629758e-07,0.00114996063174,8.91410073962,1.74374245091e-06,0.00216013361275,8.52154041144,5.00361600702e-06,0.00480996910083,8.01658477649,4.06687845833e-05,0.016158176782,8.58260168274,3.39328939905e-06,0.00408110155444,4.63530927661,0.173011056122,0.382830162662,8.48490753967,1.20885100412e-05,0.00625323214564,9.27862925322,3.11031256595e-07,0.000743172628632,5.53062756835,0.0388032583988,0.300500598276,7.31352460767,0.00028547091022,0.0652512425981,8.71489297772,2.9471672483e-06,0.00331988775121,5.19078624166,0.056765728138,0.168531324393,0.0314408055434,0.0892585568489,-0.248103260994,0.470700412989,1.1797952652,-0.0980480365329,-13.7365831256,-0.982201883672,-1.09169764841,0.938736548859,0.432411967411,0.184375583962,0.172965302329,0.10564177349,0.270007475033,-0.192205218067,-0.385767599978,0.159639145508,0.623776789319,1.72802610311,-4.51842283812e-07,-0.00148958953944,7.35459867796,-3.88453316124e-07,-0.00346200395993,-0.131556577561,7.83018969205e-08,0.000242006731825,0.159521155029,-4.1509373566e-07,-0.0044131793663,-0.750931775039,6.4269590058e-07,0.00108265465162,3.81375829047,-6.18786536514e-07,-0.00399564585299,-0.398510341251,7.54707088416e-06,0.00802203182902,1.24242543117,-2.59906445684e-06,-0.00433189158754,4.12384714794,-1.98170135837e-05,-0.0199743025761,-0.216639401069,1.54646313575e-05,0.00221818224599,0.264898849279,-5.0252189069e-05,-0.00862962706394,1.40468696032,-2.08514891311e-05,-0.014821381688,-0.131733028924,0.0424613936524,0.091165429144,5.46386755414,-0.000165821167296,-0.0695220085731,-0.517226008043,7.25937899274e-07,0.0010343667535,1.08985574422,-0.0678820232702,-0.152472161147,0.391718517505,-0.00081569842284,-0.0280391949002,1.1351269099,-6.32308941376e-06,-0.00679202846188,1.27651173539,-0.0806502183245,-0.0765450879434
gradient,0,0.48,0.489999979734,predicted,Actual proposal support boundary; monitored coordinates are pre-native endpoint forecast,True,50,-0.14219311109,0.327825189998,-0.0213692520523,0.0207010167456,0.121333400879,0.0383278647453,5.68381855626,6.60059481479,0.146392475811,-0.570807334404,1.57177707824,0.183188748199,0.273500690259,0.273397091416,0.274977019659,0.203755561932,4.54437049217,0.208203584798,0.723327507857,9.61265997525,5.22454060279e-08,0.000265653972951,9.78348702237,4.60050987533e-09,8.12361076233e-05,9.38802987748,8.07403869025e-08,0.000419528789873,8.0666210844,4.0141682397e-05,0.0146558068648,9.51961921853,1.812275643e-07,0.000502136552847,9.41482309605,7.69719068475e-08,0.00037417189476,8.27034942372,3.33870652282e-06,0.00683643711679,9.07408308243,3.73231805118e-07,0.00109684538616,8.97143623081,1.59129152872e-06,0.00192105627896,8.53162437052,5.05322276743e-06,0.00467746411335,8.02162619899,3.96636626155e-05,0.015991691234,8.60119414449,3.10348812062e-06,0.00388151562849,4.63156100601,0.17386650878,0.383100871786,8.5592419696,1.09882105975e-05,0.00537454809863,9.27328675382,3.20567224964e-07,0.000755807172137,5.54392245719,0.0379791832214,0.298900910563,7.31093866433,0.000282431853644,0.065840901001,8.73201735931,2.82977329917e-06,0.00321684910533,5.20997264177,0.0555637869039,0.167871232913,-0.550430040424,5.05554392325,-0.138803720474,0.385212987661,0.100962758064,-0.0423844570795,0.456117437677,1.27386567669,-0.72726508838,0.169933515463,2.27363647983,0.0217814033931,-0.0014023620647,-0.0494705935648,-0.00858490736943,0.0257878737742,0.42234341364,-0.100814766134,0.0423499913163,0.648093594248,-2.37010647362e-07,-0.000688998025072,0.31139073932,2.25255867545e-08,-3.75651698229e-05,-1.12415610162,5.44974086712e-07,0.00171767180183,-0.421614518985,8.34565000722e-05,0.0126294651055,-0.246774437434,2.75466320048e-07,0.000448085388066,0.288332973467,-2.64032688697e-07,-0.0005759233023,-0.255960070332,3.93897198875e-06,0.00511050499285,0.134094253227,-1.95196905021e-07,-0.000431433784538,-0.759742242727,1.00687034408e-05,0.00560772797064,0.422689367161,-1.03863556227e-05,-0.0054781806375,-0.219115010896,1.35162099686e-05,0.00739612120198,0.656530579588,-1.36606043829e-05,-0.00823820081744,-0.0322644715257,0.0167087764386,-0.00250377283565,0.0207808810059,3.39772074025e-06,0.000638677278677,-0.221241640021,6.93036133296e-07,0.000833450760458,0.232351607646,-0.0131116185316,0.0457835261918,0.116096797338,-0.000153390805332,-0.0123223397649,0.33004620764,-7.1158781198e-06,-0.00347637260411,-0.0247293105666,0.00213637127279,0.0154566772974
gradient,0,0.49,0.5,predicted,Actual proposal support boundary; monitored coordinates are pre-native endpoint forecast,True,50,-0.152920117158,0.422927105465,-0.0234016559982,0.016099359355,0.111516458664,0.0391104669034,5.91186901897,6.64553877149,0.166282724624,-0.573193159607,1.5963795757,0.180313869455,0.270427386922,0.271313822013,0.270130276427,0.207425651821,4.55418764817,0.204175894842,0.713262753687,9.59965425331,5.50343356134e-08,0.000275570567685,9.65902902879,1.16458433191e-08,0.000140313459815,9.37258883804,8.82410483606e-08,0.000442900081071,8.05417484009,4.21424382457e-05,0.0150286923663,9.51828292143,1.83753513111e-07,0.000506110556033,9.3671913501,7.88765346393e-08,0.000415578307893,8.26922113391,3.33859134231e-06,0.00686246380526,9.06129263695,4.00163691657e-07,0.00114133195605,8.89890589476,1.94511651973e-06,0.00227228817217,8.52999419878,4.79588889456e-06,0.00470040548808,8.01220247627,4.09391087827e-05,0.016306099206,8.59573229433,3.12007731139e-06,0.0039163375381,4.63466398718,0.173345231651,0.382780087205,8.48532315729,1.2156464456e-05,0.00626600569122,9.27420442042,3.24891979261e-07,0.000759841643841,5.5352746005,0.0385410260281,0.3014162688,7.31584654362,0.000282403094113,0.0650047958028,8.72149390188,2.8048496859e-06,0.00325036029913,5.19029165545,0.0568084555635,0.168840457939,-1.07270060678,9.51019154668,-0.203240394592,-0.460165739059,-0.981694221497,0.0782602158046,22.8050462706,4.49439566986,1.9890248813,-0.238582520308,2.46024974602,-0.287487874343,-0.307330333704,-0.208326940279,-0.484674323185,0.367008988937,0.981715600198,-0.402768995582,-1.00647541702,-1.30057219408,2.78892958555e-07,0.00099165947347,-12.4457993578,7.04533344375e-07,0.00590773521913,-1.54410394398,7.50066145814e-07,0.00233712911975,-1.24462443148,0.000200075584877,0.0372885501463,-0.133629709666,2.52594881125e-07,0.000397400318645,-4.76317459481,1.90462779183e-07,0.00414064131325,-0.112828980486,-1.15180508534e-08,0.00260266884696,-1.27904454746,2.69318865392e-06,0.00444865698932,-7.25303360439,3.5382499101e-05,0.0351231893204,-0.163017173688,-2.57333872865e-05,0.00229413747329,-0.942372271987,0.000127544616723,0.0314407972031,-0.546185015912,1.65891907729e-06,0.00348219096035,0.310298117525,-0.0521277128736,-0.0320784581668,-7.39188123139,0.000116825385851,0.0891457592591,0.0917666597742,4.32475429713e-07,0.000403447170391,-0.864785668598,0.0561842806761,0.251535823709,0.490787928424,-2.87595309604e-06,-0.0836105198198,-1.0523457436,-2.49236132653e-06,0.00335111937987,-1.96809863144,0.12446686596,0.0969225026359
gradient,1,0,0.00999999977648,predicted,Actual proposal support boundary; monitored coordinates are pre-native endpoint forecast,True,50,-0.298201873581,0.76064637701,-0.119918269959,-0.0687551069641,0.448000415835,0.0337394622102,4.86437914289,7.24206221573,0.114008700834,-0.484720341226,1.32645049249,0.18134831637,0.261866250688,0.295691611661,0.284187891142,0.195298332286,4.5850130349,0.206547346008,0.74764927255,9.98392147466,5.83298522615e-09,6.71603500742e-05,9.35117803728,2.16719599657e-07,0.000652923585514,9.75252849023,1.26217841415e-08,0.000111138632521,8.25724567497,1.81499708034e-05,0.00963772799144,9.18755514042,4.96491315306e-07,0.0010219502749,9.41989564045,1.20325540605e-07,0.000447114184816,8.16717118333,5.80347318812e-06,0.00941593141105,9.38753120662,9.67730272475e-08,0.000413286502656,9.16101554458,4.95093909059e-07,0.00103126797282,8.56055912979,2.18928665163e-06,0.00384991049725,8.37003788152,7.97672364872e-06,0.00704201377166,8.69569647345,2.22405656706e-06,0.00311119745078,4.51865213536,0.202193579736,0.416310791918,8.66399963387,6.37117390942e-06,0.00415740938125,9.07450648462,4.90049679874e-07,0.00112123472215,5.36069778658,0.0495751547614,0.268574583503,7.36932813976,0.000286503493926,0.0562438917469,8.8364162447,1.93751305768e-06,0.00236182506353,5.49227802631,0.0313303278734,0.16866362834,4.98774757205,-7.8257721031,2.92434191704,0.700022339821,-12.7074207664,-0.0314321887847,20.4160718059,-55.8544081056,0.902979095762,9.95853665011,8.0030003127,0.604159817625,0.896744439422,0.555729728563,-0.795000986634,0.323002764739,-5.12575329287,1.18824483503,-0.887537293459,-7.11424362773,4.62569790304e-08,0.00122807255763,-4.84965479876,6.89950231306e-06,0.00977186810292,-7.79422058,8.03835713909e-07,0.00446877997803,4.50719077969,-0.000396237125698,-0.0888695494524,28.5557819401,-4.04024091784e-05,-0.0627301047543,-1.51348535308,-1.65562128959e-06,-0.00174442305274,1.64684506532,-3.90156606989e-05,-0.0493613361335,0.746741379978,-2.09640168975e-06,-0.00358719762879,7.66054532274,-2.10297872087e-05,-0.0253972065427,4.8979297999,-4.33865370095e-05,-0.0466812821101,-1.30203399473,-3.24105138731e-05,0.016817080925,-3.22578614731,2.28636840743e-05,0.0270959944469,3.49683089368,-0.978651383818,-1.24344516604,9.73881970607,-0.000296406396346,-0.0986044849854,5.75107692575,-1.60487717046e-05,-0.0181430084443,-2.17004627616,0.194331303178,0.627729708892,-1.5180823323,0.000542220385837,0.177156696199,-1.46637291785,7.0457011409e-06,0.00577590212567,-0.350552520624,0.234689390705,0.093611518706
gradient,1,0.01,0.019999999553,predicted,Actual proposal support boundary; monitored coordinates are pre-native endpoint forecast,True,50,-0.248324397861,0.682388655979,-0.0906748507881,-0.0617548835659,0.320926208172,0.0334251403224,5.06853986095,6.68351813467,0.123038491792,-0.385134974725,1.40648049562,0.187389914546,0.270833695082,0.301248908947,0.276237881276,0.198528359933,4.53375550197,0.218429794358,0.738773899616,9.91277903838,6.29555501645e-09,7.94410756505e-05,9.30268148929,2.85714622787e-07,0.000750642266543,9.67458628443,2.06601412805e-08,0.000155826432301,8.30231758277,1.41875995464e-05,0.00874903249692,9.47311295982,9.24672235219e-08,0.000394649227359,9.40476078692,1.03769327709e-07,0.000429669954289,8.18363963398,5.41331658113e-06,0.00892231804972,9.39499862041,7.58090103499e-08,0.000377414526368,9.2376209978,2.84796036971e-07,0.000777295907396,8.60953842779,1.75542128154e-06,0.00338309767615,8.35701754157,7.65261850999e-06,0.00721018458091,8.66343861198,2.4526934078e-06,0.00338215739524,4.55362044429,0.192407065897,0.403876340258,8.76138783093,3.40710994596e-06,0.00317136453139,9.13201725388,3.29561962828e-07,0.000939804637711,5.33899732382,0.0515184677932,0.274851880592,7.35414731644,0.000291925697785,0.0580154587089,8.82175251552,2.00797006909e-06,0.00241958408478,5.4887725011,0.0336772217805,0.169599743527,3.74322586337,-5.72760432186,1.53699481487,2.43872857094,-8.70941790938,0.350693115294,22.7421438539,-31.8342042699,-0.711777714557,4.90992033669,15.7276783836,0.27083663939,0.438641148088,0.0331114191174,-0.604052764498,0.249125336279,-2.39131188758,0.367136530001,-0.881743560081,-6.83703556807,1.91719863387e-07,0.00188994455917,-3.81759084514,5.61519550379e-06,0.00784709131118,-11.7582103554,1.84113708004e-06,0.00825664113982,1.53772542292,-0.000211959883135,-0.0263917869147,20.8795077012,-2.26259895296e-05,-0.0385486841642,-1.19540241885,-1.02293850003e-06,-0.000987427551957,1.25444880667,-2.99971870966e-05,-0.0364420423623,-1.76812251141,-2.6233196496e-07,0.00110527438009,5.6514070999,-1.36440554571e-05,-0.0174539845316,3.00297644927,-2.1230090632e-05,-0.0252598602766,-3.49941150425,8.47809110425e-05,0.0593082651066,-1.2363468275,-5.36885550606e-07,0.0073969461897,1.94835634255,-0.533699124554,-1.00438556501,5.80952800298,-0.000176513835783,-0.0585965306417,4.499794904,-9.95053156077e-06,-0.0124637139549,-0.546565989834,0.0781491309461,0.724423166242,-0.79817257233,-0.000246506788132,0.120500413387,-0.491925441077,-4.81158183756e-06,-0.000577021241653,-3.01192611645,0.324447174423,0.00263217544812
gradient,1,0.02,0.0299999993294,predicted,Actual proposal support boundary; monitored coordinates are pre-native endpoint forecast,True,50,-0.223337356314,0.646094290573,-0.089178373661,-0.0199805355454,0.273812057648,0.0407533245161,5.31922201996,6.60537813033,0.0997731465433,-0.386521934492,1.64100406016,0.186765049158,0.27063907365,0.296353840043,0.272106835852,0.200280839011,4.53718679714,0.213890076608,0.730014401349,9.84718076329,9.66738249388e-09,0.000104959241258,9.27482622037,3.29023509733e-07,0.000809865411738,9.51736428312,4.94445257422e-08,0.000276271455317,8.28800018343,1.39107731407e-05,0.00910989225315,9.60514529445,4.39715247131e-08,0.000250976591619,9.39598759207,9.98667706047e-08,0.000427365633777,8.19226015946,5.20352944619e-06,0.00868709056381,9.35216875639,9.15263879482e-08,0.000435391990257,9.27404368657,2.22212799918e-07,0.000682188282191,8.62061865878,1.76468483899e-06,0.00334471329172,8.30004965143,9.67234186957e-06,0.00822817907379,8.6709695369,2.21331885605e-06,0.00325913637457,4.55761926221,0.191519597244,0.396223080618,8.78019019392,2.84089719376e-06,0.00298547876842,9.1645023827,2.91039048659e-07,0.000871960443055,5.34976646678,0.0511381373803,0.283063046828,7.35336468832,0.000281573358164,0.0586539000147,8.82657773588,1.84128142093e-06,0.00235028463869,5.43203950398,0.0378192713619,0.168716271849,2.1530422639,-3.17220084022,-0.750280022621,3.55708712339,-2.38709664345,0.798418824151,24.9155352454,-4.00604768582,-3.56820419667,-2.60728084437,28.2103974639,-0.0507884391384,-0.166359231976,-0.540486270393,-0.374265837856,0.166464333149,1.90327215743,-0.736194828615,-0.591815512226,-2.63540005221,1.66608854133e-07,0.00119686682996,-3.95502550213,8.78924365708e-06,0.0105767170047,-16.1638239084,5.18394462381e-06,0.016775670283,-1.67600471101,-5.70485190774e-06,0.0419822890184,10.4247004634,-3.14969777693e-06,-0.0100348407555,-1.34382432231,3.68946776821e-07,0.00109077401858,0.783559237358,-1.87553898279e-05,-0.0204742018285,-3.13842374955,1.1698456163e-06,0.00455372424814,1.97477130652,-4.40586511954e-06,-0.00575832420905,0.245500835366,9.15894280925e-06,0.00442203890546,-4.479508156,0.000153527526583,0.0799595290046,2.43218704231,-3.59129180949e-05,-0.0264323870756,-0.908060219262,0.280817109574,-0.663211584745,0.340075442092,-3.9746777808e-05,-0.00639650175264,3.91186491861,-4.46160170435e-06,-0.00859450856344,3.40583691644,-0.195499956317,0.768733115384,-0.122527643344,-0.000775480874443,0.0646908956862,-0.55240627254,-7.25357070397e-06,0.0004930701017,-2.629723253,0.257384746802,-0.224372642557
gradient,1,0.03,0.0399999991059,predicted,Actual proposal support boundary; monitored coordinates are pre-native endpoint forecast,True,50,-0.205263552583,0.618944639175,-0.105680451241,0.00938685890198,0.273184275303,0.0493935168054,5.56685056585,6.60339718095,0.0516744078586,-0.437280591613,1.97068844489,0.186374145763,0.267506510443,0.290439183539,0.268752564518,0.201857646596,4.57182094512,0.203705897786,0.726937589371,9.86007103733,9.62773209911e-09,0.00010337841225,9.22358097925,4.61499495929e-07,0.000962176606636,9.35130980626,1.24339033757e-07,0.000491339837961,8.26879748855,1.40735025083e-05,0.00958867827728,9.68160696909,2.94732679833e-08,0.000193952412248,9.37788430047,1.11148263246e-07,0.00045148543466,8.19931081873,5.03820878457e-06,0.00851283401315,9.33223014542,9.9205922676e-08,0.00046848901133,9.27711642393,1.9667873458e-07,0.000662129423215,8.6144484445,1.93860013772e-06,0.00347153845426,8.26742737845,1.07231690417e-05,0.008809375161,8.71208235283,1.7344350459e-06,0.00285350965373,4.53545923991,0.198023408089,0.390612108563,8.76818933977,2.6121743898e-06,0.00304343449634,9.21025455225,2.40329928741e-07,0.000767914466442,5.40711406214,0.0476084686668,0.290226542899,7.35169676357,0.000276416080296,0.0593092766226,8.81070439007,1.86289865501e-06,0.00242944548682,5.43617803604,0.0388249167165,0.165112290676,1.59926662085,-2.69019254643,-0.867016434669,2.69058814645,-1.47826200724,0.632973373998,24.1734735161,-4.08836783663,-5.71993464009,-4.13755376424,30.0022242877,0.0371018532718,-0.206590756649,-0.476173106105,-0.379913560565,0.143836413343,2.48217221216,-0.752347876296,-0.391573751464,0.660265791826,1.78996708421e-08,-7.88410838379e-07,-5.65754417889,1.81793092545e-05,0.0186641779244,-14.089904634,9.14702743103e-06,0.0222066956069,-1.94858679484,5.54595488157e-05,0.0479727136331,9.07575763996,-1.29917815963e-06,-0.00562530857333,-3.86797102009,2.96080191545e-06,0.00631862776242,0.497813363368,-1.08640085632e-05,-0.0120536841508,-1.09068542524,3.48107516437e-07,0.00187621993879,-1.39486322517,-4.5388938114e-07,0.00241022551673,1.57568804324,-5.27109149487e-06,-0.009901591364,-3.12166815072,0.000105225743329,0.0599642429225,2.38116556082,-2.63368204691e-05,-0.0239578687125,-1.86843079861,0.484999308602,-0.722372020809,-1.11114764961,-2.67099331479e-05,0.00534814173733,5.46015012879,-5.33328668917e-06,-0.0116604624346,3.68542127991,-0.220143615909,0.548896933997,-0.745248284217,2.28951313919e-05,0.127692042602,-3.42839829817,3.11116606294e-05,0.0237514994288,0.580387786202,0.0687297537046,-0.301533816485
gradient,1,0.04,0.0499999970198,predicted,Actual proposal support boundary; monitored coordinates are pre-native endpoint forecast,True,50,-0.191352023897,0.592290439644,-0.106518702354,0.0338312273836,0.244246817503,0.053412791996,5.80269149029,6.52361077359,-0.0146255462585,-0.469273009777,2.24104854591,0.187507086223,0.266507258517,0.286830377921,0.264508564641,0.203157567278,4.58683024139,0.198843119082,0.72218292632,9.86038607913,1.00253759107e-08,0.000104943473041,9.1616753368,6.92609694823e-07,0.00118314897023,9.23556619044,2.32385074363e-07,0.000720405367455,8.24902844753,1.5019964117e-05,0.0100693465258,9.78666044724,1.79879615206e-08,0.000138470420153,9.31862817167,1.59082808914e-07,0.000553738189025,8.20221642673,4.98624927493e-06,0.00844601688079,9.33035504788,9.8488538277e-08,0.000472916389033,9.24614642207,2.13135012295e-07,0.000730392792525,8.65213241964,1.65926300909e-06,0.00314668146444,8.23761628842,1.17768567362e-05,0.00942746393224,8.71859284812,1.68658244666e-06,0.00277997900032,4.52025064624,0.201219583416,0.381775640202,8.75796724093,2.3066985308e-06,0.00309244160316,9.27370538528,1.84373314875e-07,0.000638751194362,5.42347489238,0.0467352650621,0.294040985508,7.33845972263,0.000282031260792,0.0612077408667,8.75800976992,2.46351463352e-06,0.00282531462727,5.4436472597,0.039193866436,0.162685595519,1.23753860276,-2.24322524815,-0.0756183862686,2.05690634251,-3.47411805391,0.329911961469,23.3672580544,-5.80873588789,-4.17741768828,-2.01732678989,22.8163164848,0.0604170106814,-0.0941653147568,-0.41914238929,-0.433525840347,0.176514436839,2.3359130278,-0.616083325914,-0.371577216164,-1.36166275883,1.28670207387e-07,0.000712563138499,-7.57882624977,3.34909539312e-05,0.0289349696286,-8.90631571731,9.85278167941e-06,0.0193114689351,-2.14315666791,0.000192478152419,0.0489600588061,8.85929540424,-8.48239645035e-07,-0.00425169213381,-5.79265105906,5.4808052176e-06,0.0108648395517,-0.00252460708288,-4.5535989728e-06,-0.00149017164377,-0.139373007702,-3.88321770599e-08,0.000325491610163,-2.70769979649,1.63960524288e-06,0.00629469935108,3.05834101093,-2.05570442559e-05,-0.0251061789038,-2.79423140711,0.000106272538753,0.0609847701804,-0.67773243096,4.90713717355e-06,0.00406284709986,-0.687027132426,0.129975178262,-0.898163917665,-2.31647708425,-1.22737371495e-05,0.0169238953929,5.32150485425,-4.38962653448e-06,-0.0102382824815,-0.61354737791,0.0679564204255,0.258466078057,-1.39051942197,0.000819311340306,0.19195036072,-5.36921100625,7.68859520428e-05,0.0429090819237,0.24391987916,0.0429378050119,-0.169936214082
gradient,1,0.05,0.0599999986589,predicted,Actual proposal support boundary; monitored coordinates are pre-native endpoint forecast,True,50,-0.180512780528,0.574080134212,-0.107192818966,0.0505249857521,0.203701914225,0.0559917560348,6.03419572694,6.4872224632,-0.0318739459069,-0.47762712741,2.42701477459,0.187582485977,0.265623204148,0.282056335753,0.260082047712,0.205387935333,4.61853920567,0.191384231268,0.719506045048,9.83283778216,1.22011362469e-08,0.00011762967502,9.07200445425,1.13131857455e-06,0.00154087599921,9.17318349191,3.21394667345e-07,0.000877569216662,8.22593435519,1.79230655567e-05,0.0105678794534,9.85879287717,1.25084750826e-08,0.000108918569572,9.26203127929,2.20764367598e-07,0.000668782225694,8.19926032658,4.94713680512e-06,0.00848303058027,9.32944268527,9.84292791348e-08,0.000474998843534,9.222962428,2.29470839438e-07,0.000788023410237,8.67561526472,1.5274592526e-06,0.00296941487618,8.21154275031,1.28486198167e-05,0.0100290705646,8.69852770421,1.83257778937e-06,0.00293476659573,4.52171869726,0.200622911654,0.37264883021,8.72185979808,2.36669964681e-06,0.0033819124042,9.31668464933,1.52537398051e-07,0.000563148816812,5.39484311459,0.0489675970753,0.295395864461,7.32388637513,0.000292802307102,0.063148283837,8.70332016995,3.40061769587e-06,0.00328762712529,5.44105643362,0.0396836728167,0.161713566394,1.06872698356,-1.91232952272,0.156715631485,0.685264438391,-3.30661439896,0.128229026966,17.7007365308,-0.937387752486,-3.3151034423,-1.68220921593,16.4490418254,0.0458967400144,0.00173191519407,-0.427418645486,-0.362390644939,0.0957131508354,2.59152252607,-0.558000906256,-0.190489129087,-2.64623601794,2.24089739309e-07,0.00129650434012,-8.09489510662,4.98019484186e-05,0.035982563099,-4.4528972324,7.06681747884e-06,0.0118388007293,-2.62311655521,0.000373916058421,0.0557966698551,5.53110300947,-3.70280734291e-07,-0.00207588045866,-7.50380154135,1.08415909801e-05,0.0180630848012,-0.212027976993,-2.18632578299e-06,0.00330470952931,-0.616521057266,4.13220715308e-07,0.00121295699873,-2.82181474808,2.7324846486e-06,0.00735845446629,3.64471653284,-2.23826192686e-05,-0.0295427337575,-1.57730853156,5.95186903309e-05,0.0364170719369,-1.09865250301,1.05710526049e-05,0.00929239013146,-0.342802586591,0.072950564036,-0.806258076659,-2.51194518195,2.86204253433e-06,0.0205462481262,3.85550855111,-2.75889902462e-06,-0.0066052264102,-1.21080487046,0.0955929587178,-0.00882607580122,-1.35152597522,0.000928555869991,0.184742201982,-6.47953350524,0.000133081070995,0.0607172191735,-0.911080454237,0.0668270562936,-0.0796238772054
gradient,1,0.06,0.070000000298,predicted,Actual proposal support boundary; monitored coordinates are pre-native endpoint forecast,True,50,-0.169977484226,0.55404384919,-0.103384389725,0.0475365161514,0.178114529524,0.0559773725354,6.1567062209,6.50486301855,-0.0809276151045,-0.502917194096,2.57002938242,0.188425021023,0.266541896821,0.278282005012,0.257260751742,0.205071830295,4.63866069191,0.187683100957,0.718373143738,9.80746135877,1.45071706969e-08,0.000130873559843,8.99977743466,1.6886486632e-06,0.00190280023221,9.14650824579,3.7372142394e-07,0.000957181382041,8.19656611643,2.24982852855e-05,0.0111852799229,9.89728250743,1.05823468348e-08,9.69528109796e-05,9.16855214084,3.75914628516e-07,0.00091499988505,8.19797586719,4.94252275927e-06,0.00851211107138,9.31802462674,1.06752952583e-07,0.000497175529008,9.18971012711,2.67784705267e-07,0.000877561881851,8.7250267503,1.21161062372e-06,0.00255582678929,8.20607011779,1.29672305428e-05,0.010155805371,8.69661979806,1.89800349876e-06,0.00296582680295,4.5133945945,0.202678594697,0.365650478669,8.70772833729,2.36393938148e-06,0.00350336656569,9.3508155563,1.29195334383e-07,0.000506646666158,5.39925879497,0.0486471242365,0.293864463992,7.31142920313,0.000300602378191,0.0649025849063,8.62841909981,5.12513605342e-06,0.00403965901074,5.42542565062,0.0405304075618,0.161093117975,1.03399947737,-1.93773181786,0.202806711197,0.0829230099916,-1.36966338754,0.0329342667618,9.72876585171,1.01399091927,-1.85800448066,-1.63309582506,7.0613265618,0.0523777525149,0.0751845078121,-0.329993709754,-0.193004454087,-0.0119287926733,1.21648211062,-0.203766138945,-0.165206496001,-2.96340590722,2.86411442119e-07,0.00159793994368,-5.52953723756,4.52141973694e-05,0.0283008832338,-1.617784338,3.02009213238e-06,0.00467040912643,-1.5354867317,0.000321442431117,0.0283404005886,2.3215993633,-8.90762583691e-08,-0.000604557916279,-5.98528399644,1.17686289404e-05,0.0170361918717,-0.00302690712039,-4.26950704012e-10,0.00079680913542,-1.1339554791,7.87627412961e-07,0.00215607533983,-3.2439868728,4.866278822e-06,0.00941965460884,1.57248895846,-2.99344024976e-06,-0.0110934810061,-0.555534828575,1.29314552296e-05,0.0126935842098,-0.401308080464,8.35420342322e-06,0.00440558893542,-0.454898220148,0.134633777355,-0.413482198201,-3.26091248534,3.01929755217e-05,0.0317253793955,2.20456235298,-1.35945124196e-06,-0.00345322606876,0.435394466619,-0.0339204781375,-0.0462544103982,-0.396351917487,2.31613964455e-05,0.0705238577676,-4.74794610556,0.000121068067609,0.0502957486951,-1.99298773777,0.109087202436,-0.0572810241696
gradient,1,0.07,0.0799999982119,predicted,Actual proposal support boundary; monitored coordinates are pre-native endpoint forecast,True,50,-0.15983279098,0.535325497854,-0.103136684742,0.0521834459519,0.176308646474,0.05665044137,6.22877104397,6.50750228158,-0.0690340355201,-0.510289043911,2.56824130583,0.188630041027,0.267126894304,0.275456461558,0.25622195863,0.205149359479,4.64286884788,0.187308908489,0.716201915128,9.77356966401,1.79293650892e-08,0.000149588473893,8.9614137095,2.03560252194e-06,0.00210689366388,9.14082780515,3.81796509993e-07,0.000970977399191,8.19522462055,2.4351914179e-05,0.0111346874652,9.90522486444,1.07269499152e-08,9.68274112462e-05,9.14232559936,4.56136946406e-07,0.00100950606313,8.19919978844,4.9471282661e-06,0.00849896676298,9.30676357569,1.14181827394e-07,0.00051812035033,9.15808269055,3.26796415878e-07,0.000976416502414,8.70706504389,1.46759044761e-06,0.00274754525606,8.20043205374,1.31072489213e-05,0.0102829422488,8.6905015426,1.99966185784e-06,0.00302287837444,4.51262073286,0.203315587201,0.364379186246,8.65664154838,2.97055915724e-06,0.00401641999211,9.36077589639,1.25348373212e-07,0.000494084295437,5.40355100392,0.0482891875126,0.294470776253,7.31595933678,0.000293265535031,0.0645587609924,8.60836124784,5.82197904804e-06,0.0042935420992,5.40119667887,0.0418654168655,0.160567945911,0.931659269629,-1.96710781569,0.0957381725311,1.1373654604,-0.788151890039,0.0559221158912,5.67162142592,2.5876509377,2.2602664556,0.191652787741,-0.933943189471,0.0237884005085,0.0162003494219,-0.272172980966,-0.141847302188,0.0568674073404,0.587639136388,-0.115891118891,-0.270778521161,-3.70056753976,4.06095647154e-07,0.00210601038241,-2.02481076645,1.65395492017e-05,0.0101068931946,-0.215825853817,-2.71030325093e-08,0.000265516542323,-0.203794612987,0.000131219285342,-0.00198250390081,-0.257643581562,8.99914904824e-08,0.000406669029075,-0.93479857008,2.91227472869e-06,0.0033663911558,-0.0646385317151,4.55222303915e-07,0.00138477719461,-1.39377724527,8.2322784382e-07,0.00241327933905,-3.2875196688,1.12339925245e-05,0.0128239174877,-1.96838190168,3.03964948427e-05,0.0218707677735,-1.08493162228,4.92965275728e-05,0.02678940834,-0.874615344076,8.1939813144e-06,0.00662401870657,0.5803990686,-0.0844660419654,-0.0818191708187,-5.05270352597,9.22355335776e-05,0.0551870505951,-0.1204623165,6.31284453817e-07,0.00092410677066,-0.231344067394,0.0296741136686,0.18104801012,0.395180817781,-0.000577890945181,-0.0326188777938,-1.1652191822,2.823855216e-05,0.0144502490567,-2.78121424962,0.161637714703,0.0516227083149
gradient,1,0.08,0.0899999961257,predicted,Actual proposal support boundary; monitored coordinates are pre-native endpoint forecast,True,50,-0.151344298833,0.514701692876,-0.101469626274,0.0702838253593,0.162351491723,0.0570958148532,6.27013864942,6.5566160373,-0.0357222859924,-0.499084138341,2.55135051863,0.188900789033,0.266865903809,0.272838545392,0.254423805698,0.206209178442,4.65041347464,0.185365278579,0.712957573315,9.73345000798,2.262908364e-08,0.000172993767491,8.95928121934,2.01943964723e-06,0.0021049380961,9.14219172872,3.7317936329e-07,0.000962491712888,8.19249022417,2.51226709923e-05,0.0111456298449,9.8921296358,1.23821766444e-08,0.000105086191561,9.14985616944,4.3416012309e-07,0.000982327708166,8.19668309655,4.95162720535e-06,0.00853980661527,9.29014908183,1.2321750946e-07,0.000545441115789,9.12395973373,4.92464555756e-07,0.0011340402316,8.68565911227,1.81954052058e-06,0.00299324214476,8.18437148534,1.39531610942e-05,0.0106915935378,8.67912749118,2.06188312505e-06,0.00309830717708,4.52500257588,0.200989273858,0.364014095253,8.60667426677,4.20865005304e-06,0.00460710757759,9.34840630997,1.41821023459e-07,0.000525128801572,5.39463191362,0.0492406065099,0.297485424194,7.31933281948,0.000289044559288,0.0642502073505,8.60511471617,5.68990709662e-06,0.00432866399188,5.36980136563,0.0437631618559,0.162125572141,0.90254860548,-1.95075367928,0.209455013275,1.43975691497,-1.95854213834,0.0798200483725,4.79683855955,3.61490281388,2.95111417534,0.231127601061,-2.96202163629,0.0139284340378,-0.0422128543677,-0.229412387281,-0.166683610539,0.11517875075,0.96501297352,-0.233567054293,-0.300324322783,-3.84367379851,5.17031290503e-07,0.00238336874578,-0.212745577742,-1.20512983071e-06,-6.09182955368e-05,0.284720385715,-9.30558876377e-07,-0.00116045913601,-0.357641924158,3.75135269934e-05,0.00467572710788,-0.755181086199,1.22573344775e-07,0.000594772910431,0.454183164184,-2.24976629615e-06,-0.00226975247332,-0.0245876797152,-5.65431364678e-06,-0.00224062079053,-2.05946771843,1.15577167617e-06,0.00353872206871,-4.12413819427,2.17317058229e-05,0.0193654374191,-2.03784004018,3.64454725397e-05,0.02387921407,-1.15705119363,7.15672538957e-05,0.0303381412498,-1.58754148747,1.34485671752e-05,0.0122162044467,0.987013029776,-0.201511114667,-0.153087117042,-5.70382938984,0.000171362330218,0.0713343291595,-0.695411463344,1.31587666e-06,0.00224613180116,-0.933306305923,0.102636133538,0.357047998558,-0.140803344092,0.000253699907596,0.015838006274,-0.20279288361,-3.36941940325e-05,0.000902620898337,-3.01180034458,0.201154707791,0.136190841606
gradient,1,0.09,0.0999999940395,predicted,Actual proposal support boundary; monitored coordinates are pre-native endpoint forecast,True,50,-0.141781818871,0.496310424269,-0.0989475844765,0.0809785842514,0.137137803707,0.0582468423374,6.32470781517,6.57980033786,-0.0100117520132,-0.50566649189,2.5090008731,0.188908609708,0.266282637216,0.270868213812,0.252888286419,0.207452934494,4.66216910735,0.182637567403,0.710195428672,9.69669618804,2.82699908993e-08,0.000197255848809,8.95715879795,2.01149992533e-06,0.00210567529797,9.14652221287,3.63185332465e-07,0.000947768216471,8.18807178207,2.51021847189e-05,0.0112282020073,9.89012124272,1.31784168107e-08,0.000108722869455,9.15140926265,4.11141620483e-07,0.000964111013662,8.19870803485,4.83404199317e-06,0.00845415434717,9.26557422132,1.37297260917e-07,0.000588894791704,9.07559992666,7.61430532336e-07,0.0013637252508,8.66630824308,2.1964998984e-06,0.00322512953746,8.17729102986,1.45385939992e-05,0.0108897050738,8.65875071285,2.26863320134e-06,0.00326720246337,4.53236099345,0.199285364908,0.361317443905,8.54256496058,6.3978057616e-06,0.0054431065753,9.34686766713,1.51665906412e-07,0.00053900693146,5.3848848778,0.0503419101834,0.301611736224,7.3131432699,0.000298339533183,0.0648755211179,8.60430539016,5.14809516739e-06,0.00431159451716,5.34096067198,0.0458885110213,0.163291762743,0.78601042923,-1.58597162595,0.27291738987,-0.163883388042,-2.77056878805,0.0378746701929,5.02313645857,0.176776745989,2.50048540888,-0.149467255244,-6.97704991939,-0.00162085322246,-0.0509085296945,-0.202678400163,-0.0952754952963,0.156222095712,0.796983465337,-0.185644020191,-0.201621470546,-2.84301222311,4.17585555882e-07,0.00182986655794,-1.90047786777,1.7293457454e-05,0.0100228825681,2.23794047362,-4.35703003639e-06,-0.00680444524554,-0.861569281561,5.22354395558e-05,0.0190987258457,0.201033112633,1.96344493977e-08,9.28942714439e-05,-1.03818301653,6.91137021653e-07,0.00210966554754,0.0458240465264,-3.85758682836e-06,-0.00326950609744,-2.20894424587,1.4184106539e-06,0.00416599320675,-4.53954052018,2.64466522035e-05,0.0217211691202,-1.40944845462,2.8241104e-05,0.0167178110645,0.339415354389,-2.2545345002e-06,-0.00708905259332,-1.87963287154,2.00215867779e-05,0.0166627439317,0.22363676856,-0.0984196051039,-0.414118102322,-6.09116306873,0.000225416016345,0.0827311203429,-0.0507086615161,6.48332557736e-07,0.000904992035556,-1.12281562593,0.111593557086,0.308168720981,-0.49776504407,0.000688901821517,0.0539520398756,-1.14454003612,-1.21091969279e-05,0.0110867476398,-3.2455609863,0.216141335317,0.0751412210726
gradient,1,0.1,0.109999999404,predicted,Actual proposal support boundary; monitored coordinates are pre-native endpoint forecast,True,50,-0.135624090248,0.482982260357,-0.0960112784767,0.0670061575985,0.106940115962,0.0578533082571,6.37060137859,6.56015157222,0.0142874221853,-0.502073483446,2.41180952025,0.188868371969,0.265847733215,0.268784977389,0.252518295792,0.209333620356,4.66635314394,0.181652398175,0.708925143904,9.67658976351,3.09807947576e-08,0.00020959109865,8.92127166198,2.36530879631e-06,0.00230539574746,9.18695053819,2.86038762562e-07,0.000826402807977,8.17525883854,2.61673797834e-05,0.0115276043618,9.89615029806,1.27748656324e-08,0.00010694407699,9.12909250911,4.47982863523e-07,0.00102452101912,8.19759957748,4.87447546878e-06,0.00847441649332,9.24597019691,1.51585722537e-07,0.000628760979924,9.03316892333,1.02139759983e-06,0.00156846361401,8.65747014317,2.38436260058e-06,0.00332759836605,8.19115979243,1.39080704042e-05,0.0105498124859,8.64153483375,2.46231486061e-06,0.00343156205571,4.52947531125,0.199020881756,0.355731733206,8.4848510054,8.71697037993e-06,0.00626172998445,9.34739213674,1.54787674614e-07,0.000543228642283,5.3721756011,0.0514724776516,0.303648798614,7.3093775186,0.000302822595718,0.065329248148,8.58222391545,5.44772315806e-06,0.00455039894467,5.3048901459,0.0480859885622,0.163628396563,0.504475032322,-1.03009662888,0.292222857475,-1.35242193937,-1.77259337902,-0.0801952196266,2.50987976214,-2.55116066895,2.08496559883,0.282732536533,-6.8721354907,0.0117137771694,-0.0096575815697,-0.156471208607,0.011930893774,0.144914226445,0.121625860978,-0.00824717058181,0.0106952470451,-0.654127957432,9.47764748142e-08,0.000386435588952,-2.34641820806,2.31978867864e-05,0.0131153603196,3.46066170414,-6.25695557222e-06,-0.0101283501144,-1.56334983932,0.000188404077852,0.0380699114892,0.514733385283,-6.03135096254e-08,-0.000245834141612,-1.54040534969,3.04667773027e-06,0.00444929599539,0.186169146365,-1.59461793515e-06,-0.0044125336043,-1.25189147615,9.11291911114e-07,0.00262335151316,-2.99314458666,1.92745700787e-05,0.0147214539071,-0.843442982784,1.66658732444e-05,0.00923507926918,0.897035550628,-3.20734275672e-05,-0.0214532661196,-1.04144442402,1.21261605982e-05,0.010306623279,-0.270322854802,0.0127704627353,-0.347795792673,-4.13215499852,0.000176541841707,0.0598810170307,0.0989006807167,-1.28318761527e-07,-0.000103565342756,-0.223621451885,0.0229964697098,0.0935071479007,-0.394369120939,0.000519176410796,0.0446316951307,-1.28847592215,1.53990746017e-05,0.0130478033147,-1.98227458625,0.135925308503,-0.0883018422519
gradient,1,0.11,0.119999997318,predicted,Actual proposal support boundary; monitored coordinates are pre-native endpoint forecast,True,50,-0.131692318224,0.475708491691,-0.093103127327,0.0539301454639,0.101685936127,0.0566429379449,6.37490541041,6.52877712448,0.0316875599633,-0.50001184116,2.37155816329,0.189142885251,0.266089485585,0.26773878964,0.253126904295,0.210351219023,4.66460162457,0.182472623991,0.710409333613,9.68361362889,3.01655203956e-08,0.000204984560588,8.91023043378,2.47545766105e-06,0.00236798250436,9.21573544695,2.38046221021e-07,0.000745201214182,8.15680478529,2.88702662759e-05,0.0119896002371,9.90041591042,1.19721466182e-08,0.000103806186623,9.12060115565,4.72075175089e-07,0.00105309693357,8.20243141778,4.80214963447e-06,0.00836590367508,9.2405363918,1.5552309914e-07,0.000641361821968,9.01573703493,1.14692193391e-06,0.00165815432894,8.64943938343,2.52981736329e-06,0.00340983112285,8.19523174088,1.38971254479e-05,0.0104606397514,8.63792182437,2.51115641331e-06,0.00347333492895,4.52695453636,0.199540774163,0.354361528052,8.45992186061,9.92864259574e-06,0.00664072691592,9.34884568074,1.49099531181e-07,0.000536935624605,5.38041244876,0.0508018395776,0.303481879182,7.30525588748,0.000308723061399,0.0657681550205,8.57853587172,5.45607665943e-06,0.00457255058346,5.30131518025,0.0486070171913,0.161525725898,0.316612914736,-0.624470182732,0.286186218262,-0.71737486124,0.0957387089729,-0.120260128712,-0.803070047344,-5.72109806659,1.35793974268,0.00134920151476,-6.59426442053,0.0262193325471,0.0505445484529,-0.0160837767869,0.148965654938,0.0472035965269,-0.237275208657,0.143809998409,0.275328602551,0.822768223363,-8.11063287755e-08,-0.000511638142384,0.0425499982017,-8.64266007968e-07,-0.000230164097606,2.15027017352,-3.67012763952e-06,-0.00613544797617,-1.03764233958,0.000210702007451,0.0264265184732,0.132572891767,-5.64669967563e-08,-0.000191891860936,0.194302900441,5.53288424692e-07,2.12158371985e-05,0.608198579601,-1.05156778972e-05,-0.0140173348988,-0.257500534766,2.55788961207e-07,0.000747172735672,-1.32664846096,8.8832249203e-06,0.00661815578989,-1.05823673065,1.68843000718e-05,0.0104846723595,0.276788246483,5.50117202417e-06,-0.00532606951198,-0.65551990617,7.69308531215e-06,0.00673311898086,-0.134165663552,0.0184803662345,-0.0102643175586,-1.67805041005,7.94682442792e-05,0.0258087729963,0.248823415554,-7.26424484798e-07,-0.000898795486691,0.347649315793,-0.0254800001499,0.004749605074,-0.198788860144,0.000428039515807,0.0125885262706,1.15860021841,-2.75764802615e-05,-0.0139601173362,0.363228931801,0.00907761061255,-0.218253287506
gradient,1,0.12,0.129999995232,predicted,Actual proposal support boundary; monitored coordinates are pre-native endpoint forecast,True,50,-0.129291831954,0.470492856702,-0.0902875541115,0.0526586603737,0.108854890141,0.0554481056828,6.35453997764,6.44572961089,0.0414462170389,-0.502046499416,2.27992423184,0.18939275862,0.266858624184,0.268463301853,0.255497608891,0.210277692286,4.66160763977,0.184528598143,0.714431715955,9.69304512798,2.93586681821e-08,0.000199358335803,8.92212266194,2.34802347615e-06,0.00230079246551,9.22995594166,2.12636209771e-07,0.000703693848453,8.15450599175,3.03814199324e-05,0.0120561347313,9.89880175589,1.16455256972e-08,0.000103106239771,9.13297856712,4.59048632017e-07,0.00102494533586,8.20976354908,4.66416191083e-06,0.00819406979534,9.24082018622,1.56701501762e-07,0.000643704434637,9.00663595411,1.19906209823e-06,0.00170082672981,8.63630540856,2.72204860201e-06,0.00353729181324,8.19669555736,1.40180938447e-05,0.0104432910957,8.62842443562,2.61617656685e-06,0.00356622443533,4.52679199798,0.19939048908,0.355526446855,8.4512899972,1.03063352655e-05,0.00677790544437,9.35236860505,1.40259184918e-07,0.000525252732549,5.37912858742,0.0509628776486,0.303743790715,7.3054017414,0.000311383386034,0.0655810186734,8.60539591981,4.89619355283e-06,0.00427119659795,5.31215472454,0.0482675407745,0.159263330812,0.21927568911,-0.574128317841,0.410809636116,-0.163676261902,-0.343769729137,-0.173978063925,-2.54301882034,-8.62066283756,1.74049600151,0.373026853111,-10.4192778472,0.0368177673516,0.0963174799731,0.10760822584,0.23749971595,-0.0408098508553,-0.255280220471,0.188591535419,0.345169316695,0.331176493059,-4.54140974882e-09,-0.000176448047725,1.04232779548,-1.04271165347e-05,-0.00569559871776,2.21344895283,-2.93682984839e-06,-0.00544201348641,-0.0174796943294,6.25395783954e-05,0.000822192396745,0.629114584914,-8.07233928615e-08,-0.000356553795725,1.19447333212,-1.95753582576e-06,-0.0031427478332,0.485738390067,-1.1356507855e-05,-0.0122923751754,-0.208708935898,1.83590132924e-07,0.000535496263762,-0.590550311773,2.19536758764e-06,0.0024273742466,-1.13453413514,1.6147005668e-05,0.0113180546471,0.173218769932,1.91933455503e-05,-0.00149075173588,-1.32015046722,1.48238215603e-05,0.012798884256,0.522914298926,-0.134941622376,0.113736448053,-0.52939490754,8.96810943021e-06,0.00883222122472,0.50580617112,-9.53715306315e-07,-0.00137728257703,-0.322846920013,0.0310423519833,0.143931939562,0.0294218831894,0.000126057771724,-0.0136051076144,2.29160699505,-5.75223309444e-05,-0.0258656782295,0.662084803446,-0.0161542365928,-0.11379012926
gradient,1,0.13,0.140000000596,predicted,Actual proposal support boundary; monitored coordinates are pre-native endpoint forecast,True,50,-0.127306804442,0.464225925334,-0.0848869346046,0.0506566202259,0.094810541544,0.0531633766664,6.324045034,6.35636386773,0.0664974799935,-0.492551304097,2.16317260634,0.189879240598,0.268015835185,0.269890954157,0.257876898614,0.209535022006,4.65949602016,0.1862444547,0.717312719947,9.69023715876,3.00746922006e-08,0.000201455599633,8.93107698969,2.26691533036e-06,0.00225407053001,9.26000442601,1.79309624053e-07,0.000636360944454,8.1564551914,3.01210578438e-05,0.0120060440851,9.91299820212,1.0357678761e-08,9.66751107081e-05,9.1444906223,4.32924458573e-07,0.000990241976906,8.21214618558,4.57501947737e-06,0.00812005617158,9.23636221308,1.59194901798e-07,0.000652071747243,9.00392602869,1.19082928566e-06,0.00170670181387,8.62674870073,2.85275747665e-06,0.00363619221579,8.19869611628,1.42809923589e-05,0.0104308247167,8.61151881502,2.80763284451e-06,0.00372931261407,4.53741282234,0.196841941715,0.356636257013,8.44933396246,1.01080047843e-05,0.00681737134041,9.35896180416,1.30025225055e-07,0.000509389973064,5.37395551036,0.0514226866172,0.306360517973,7.30584432515,0.000311244216833,0.0654960528682,8.62436801162,4.30563004054e-06,0.00405523701887,5.31455687632,0.0482839324595,0.159249923312,0.146533885666,-0.305132827517,0.450820446014,-0.546293854713,-2.4128780812,-0.208601847883,-4.62651255738,-10.4188197009,1.81736807275,1.43466726344,-11.9721833844,0.0721450560967,0.167903676739,0.211637917152,0.288684316174,-0.12042943952,-0.569107550812,0.235224853149,0.155398045812,-0.0498488025112,-1.55731674901e-09,-3.39320078087e-05,0.905587420015,-8.40769209093e-06,-0.00477034905765,2.755168549,-2.73872207712e-06,-0.0057583271506,-0.931090610561,0.000151507168793,0.0223533923938,2.1411214101,-1.25322134275e-07,-0.000734984049497,0.888425958658,-1.88382956979e-06,-0.0026084956106,-0.169619692955,-2.82552569005e-06,0.0010478949721,-0.526238816157,3.24204791713e-07,0.000962928297264,0.288027461326,-3.42715867151e-06,-0.00182463702834,-0.503090792013,6.40960075401e-06,0.00495258840883,0.509761984339,1.28988066454e-05,-0.00755060820824,-1.00111929834,1.01347490555e-05,0.00955439953957,1.32782013619,-0.313184164817,0.111004956666,0.515017859172,-4.38940600569e-05,-0.00732531091202,0.656451725835,-7.16031378478e-07,-0.00124586975675,-0.825128093473,0.0607177085269,0.205224031201,-0.237276087827,0.000312658842735,0.0236104096787,1.21703051689,-3.87253262901e-05,-0.0142317106997,-0.131857825897,0.0187170116073,0.0739996960313
gradient,1,0.14,0.149999991059,predicted,Actual proposal support boundary; monitored coordinates are pre-native endpoint forecast,True,50,-0.12636115424,0.464390200152,-0.0812711451912,0.0417327832794,0.0605973285174,0.0512760687252,6.2620097265,6.23735321687,0.0777935784939,-0.473353154147,2.04048056415,0.190835659742,0.270216697719,0.272696060196,0.261271295214,0.207869103496,4.65022548875,0.189233095206,0.717539676871,9.69204815193,2.93275218471e-08,0.000198679695646,8.94023441034,2.17986963433e-06,0.00220538548436,9.28505931264,1.57861768229e-07,0.000588527305442,8.13588417953,3.34115633083e-05,0.0125032025792,9.94162418409,9.13908301173e-09,8.84065587813e-05,9.15074708629,4.21372040621e-07,0.000972775423649,8.20637115522,4.60765139703e-06,0.00821502769479,9.2302954099,1.63185597596e-07,0.000662963000582,9.01239650334,1.1305189248e-06,0.00166433398924,8.62624359272,2.85024061709e-06,0.00363634358142,8.20689079705,1.42760699776e-05,0.0102922789315,8.60840204966,2.81887154796e-06,0.00375731242612,4.5533484007,0.193126805784,0.357746545988,8.46159035438,9.42845406437e-06,0.00663139922613,9.36549763957,1.25938557349e-07,0.000500335337414,5.36262602555,0.0521772318191,0.307848271339,7.30065621964,0.000317636562889,0.066053226867,8.62973653015,4.12168702703e-06,0.00398656238395,5.30951756802,0.0486418810066,0.160743324733,0.180658658408,0.168837492487,0.245896816254,2.81929969175e-05,-3.45142681897,-0.22426038932,-5.66849329201,-9.33662727606,0.489020050676,2.79606880963,-9.03549228845,0.115150875439,0.177732685946,0.238483779198,0.243754940896,-0.120916825804,-0.830793956861,0.188409886858,-0.0505665656065,-0.215460783395,1.5156824729e-08,3.72741801748e-05,0.979285770798,-9.41855822037e-06,-0.00525818702271,1.76973302487,-1.31524704092e-06,-0.00312424528437,-1.41930222114,0.000223644543796,0.0322283597024,2.5577991544,-8.6114532984e-08,-0.000639383003935,0.26409953174,1.29087987495e-07,-0.000280335021922,-1.1303481223,1.62438084376e-05,0.0233317483116,-0.0958479120565,-2.83014921023e-07,-0.000323892317141,1.32099150836,-8.30006366552e-06,-0.00627412049788,0.720351244918,-8.94024443355e-06,-0.00687702001901,0.382211885236,1.95300600731e-05,-0.00438499185597,-0.394022173,1.76852100469e-06,0.00362377200767,1.75513129483,-0.387378427025,0.11993531644,1.94814473333,-9.31362689848e-05,-0.0293055818128,0.163549556187,1.13564358135e-07,0.00016674019984,-1.96804276257,0.14289353266,0.165889098369,-0.0735608379223,-0.000179023963276,0.0219707030281,0.322446610117,-6.88467357232e-06,-0.0039791850148,-0.201939626799,0.0307823865662,0.259332980596
gradient,1,0.15,0.159999996424,predicted,Actual proposal support boundary; monitored coordinates are pre-native endpoint forecast,True,50,-0.123693631274,0.467602675184,-0.0799689982796,0.0506571840858,0.0257820051646,0.04867816888,6.21067516816,6.16963132221,0.0762778810071,-0.436629927905,1.98246276057,0.192182258107,0.271570488903,0.274660629741,0.262751997431,0.20711668549,4.64288014103,0.190012652437,0.716301388635,9.68592794309,3.03778286952e-08,0.000202201083237,8.95066270511,2.07854416595e-06,0.00214890678956,9.2953990865,1.53004683234e-07,0.000573876038767,8.12806914698,3.45939487197e-05,0.0126506112791,9.96415418521,8.63538810131e-09,8.38874506294e-05,9.14977261293,4.35506218323e-07,0.000984635276467,8.18953922313,4.89989564612e-06,0.00858669113781,9.23444525484,1.53534603378e-07,0.0006455939009,9.03034585886,1.02482801235e-06,0.00158121940391,8.64115572562,2.67395258798e-06,0.00349865181541,8.20634035398,1.46715935603e-05,0.0103431248796,8.60363837156,2.84300326461e-06,0.00380178805422,4.57251544823,0.189094373175,0.359034963341,8.48829685712,8.24527940465e-06,0.00623125970415,9.36223279529,1.32296512218e-07,0.000512724777061,5.33459465511,0.0542805572704,0.30967829994,7.30437310839,0.000307663737568,0.0659354669288,8.63081694382,4.16793656909e-06,0.00397565331857,5.31051808379,0.0488995801908,0.164436582924,0.0971018497845,-0.0714476756267,0.391366481781,1.09804522991,-2.59766130149,-0.151111169954,0.0835836328714,-6.33316898465,0.0226227256055,2.8196808451,-4.887725236,0.0296289977965,0.0542551887614,0.130455187377,0.0916792331857,-0.0473001116478,-1.15010064877,0.147727926857,-0.322994646919,-1.96458763278,3.16959075633e-07,0.00133922492462,0.974059838732,-8.88702533891e-06,-0.00517967091144,0.434788801903,-2.6703009188e-07,-0.000666622184841,0.352525850514,-8.9432922986e-05,-0.0128987406777,2.8530544333,-9.98445304723e-08,-0.000706507731341,-0.208089877389,6.11976260558e-07,0.000716355778451,-0.654587718912,9.34040705288e-06,0.0135832182992,-0.203411110742,-2.23635606057e-07,-8.6312109702e-05,0.736344995858,-5.76511426671e-06,-0.0038608523782,1.06515359816,-1.30152161841e-05,-0.0095582627499,-0.57496386491,6.59971597312e-05,0.0164076504731,-1.56809886815,2.10884343157e-05,0.0162376718439,1.89970147999,-0.385895459924,0.222136357667,1.59453796447,-7.89266690985e-05,-0.0236811241572,-0.26232155765,4.95347478811e-07,0.00108401986341,-2.8102926653,0.21844617743,0.2509383964,0.21027141551,-0.000425489046202,-0.0135377503115,-0.0732285436355,-1.01816280442e-05,-0.000378807462726,-0.563757500907,0.0541097603616,0.248834126797
gradient,1,0.16,0.170000001788,predicted,Actual proposal support boundary; monitored coordinates are pre-native endpoint forecast,True,50,-0.124419117245,0.46296124664,-0.0734438155556,0.0636936878777,0.00864410248756,0.0482538453261,6.26368139915,6.11068983718,0.078246033006,-0.416959537245,1.94272605943,0.191428239698,0.271301801494,0.275305163944,0.263104879878,0.206923101263,4.62722347578,0.192187653743,0.711079783933,9.65275639928,3.56667033598e-08,0.000225464194139,8.95971560712,2.00212912755e-06,0.00210179206613,9.29375508868,1.52521166391e-07,0.000575194861745,8.14293469654,3.16229048486e-05,0.0122452277656,9.99868527276,7.14219240229e-09,7.42764041545e-05,9.14658528875,4.33611565832e-07,0.000987102539218,8.19327940084,4.79445953809e-06,0.00848669206077,9.22622718768,1.58712885475e-07,0.000661236758388,9.02712340325,1.01521663947e-06,0.00158711694168,8.64754666468,2.58993629341e-06,0.00344517832642,8.19539151975,1.55960131722e-05,0.010620431941,8.57704007229,3.24064023428e-06,0.004082065863,4.5913424303,0.185408896586,0.362189273142,8.49348111367,7.8499206824e-06,0.00615777674299,9.36025120841,1.35845506925e-07,0.000522015734682,5.30642017224,0.0565461553677,0.312867039267,7.30486164795,0.000309126781965,0.0657824718607,8.62827195928,3.91805446614e-06,0.0039789862347,5.298242418,0.0497240762139,0.165720007269,-0.074918813912,-0.773116212102,0.65034031868,0.921982824802,-1.37313726544,0.00558211272863,6.36135595501,-2.90488344787,0.37818342434,1.32659786369,1.06193868782,-0.0732053561293,-0.0531880246036,-0.0526087340846,-0.0588508485667,0.0584453899426,-1.09759076861,0.0841107155215,-0.427229614745,-2.3443553478,3.67729176108e-07,0.00166288922519,0.314986259708,-2.19304657214e-06,-0.0015249360576,-1.03947082491,1.20659301749e-06,0.0023891046911,0.702296079587,-0.000158372418045,-0.0204752071946,3.27992749333,-1.1467981137e-07,-0.000802766300946,-0.637758532905,2.77906013189e-07,0.00100874983729,0.457634521235,-1.26150800066e-05,-0.0117704945504,-0.764047640364,4.78492413312e-07,0.00144644424332,-0.318655383375,-7.26368505986e-07,0.00065176742919,0.449900704134,-5.84244155393e-06,-0.0033436830335,-1.86154080215,0.00014200811774,0.0481267309111,-1.97920502717,3.2858347753e-05,0.0213811617267,1.57894470579,-0.307835492073,0.164565646849,0.168235900902,-2.47196662364e-05,-0.00222915901033,0.138282312495,2.17087215492e-07,0.000332103392646,-1.73813702226,0.13177353481,0.200508007986,-0.379663587538,0.000669663667231,0.0338478583111,-0.790247151216,-1.53401175303e-05,0.00557035104915,-0.519365715708,0.0381822138238,0.148195169848
gradient,1,0.17,0.179999992251,predicted,Actual proposal support boundary; monitored coordinates are pre-native endpoint forecast,True,50,-0.125192007552,0.452140350942,-0.066962191906,0.0690968405819,-0.00168074014425,0.0487898111346,6.33790228726,6.11153365325,0.0838415494939,-0.410097970631,2.00370153433,0.190718150985,0.270506728411,0.273608455059,0.26157498046,0.208285593289,4.62092832566,0.191694866747,0.70775679634,9.63904083613,3.77324122174e-08,0.000235458867741,8.9569624303,2.03468323451e-06,0.0021184080684,9.27460967001,1.77136543584e-07,0.000621658132589,8.14211506857,3.14265003588e-05,0.0122411071352,10.0297527351,6.34179187391e-09,6.78321246105e-05,9.13701744227,4.41064338587e-07,0.00100481027321,8.19869191356,4.64759404599e-06,0.0083512812468,9.21916430203,1.63104451644e-07,0.000674522785766,9.02397275119,1.01030064223e-06,0.0015942547525,8.65015373971,2.5571037569e-06,0.00343177815474,8.16910953794,1.75117559152e-05,0.0113056594978,8.56405427102,3.50017021967e-06,0.00422941128876,4.60409434235,0.182937663333,0.362326276278,8.49166157514,7.75088607992e-06,0.00618667652395,9.36499844154,1.36638256528e-07,0.000519366844914,5.29983191467,0.0569160279666,0.3136884601,7.29677983664,0.000321057010912,0.066612424095,8.6150120008,3.86113421849e-06,0.00408706033955,5.30013076947,0.0496632244673,0.167400486321,0.0241522796224,-0.777576011588,0.58234333992,-0.354730427265,-0.865038074553,0.00595019032672,11.1194523317,0.148249688401,1.05847478467,0.379732753509,3.03350878683,-0.107087345146,-0.132984665076,-0.292476730794,-0.172091089429,0.190165703484,-0.2688840442,-0.121666893944,-0.325000438135,-3.44183080143,7.24114025445e-07,0.00293956664862,-1.02225501167,9.82281884554e-06,0.00545172616718,-0.954683841574,1.60370512468e-06,0.0027141213683,1.57401853456,-0.00028217737098,-0.040600169063,2.71823364541,-7.38693140679e-08,-0.000581501731027,-1.93180660033,2.60062896887e-06,0.00467315306523,0.739741156027,-1.79574009696e-05,-0.01781588289,-0.585619261161,4.81258342836e-07,0.00124484546533,-1.78355829612,6.25398184037e-06,0.00723726767227,-0.296564586564,4.50059986481e-06,0.00365425454578,-1.97642661417,0.000154307833762,0.0521081905482,-2.83907548859,6.85233961666e-05,0.0365618135239,0.844450198815,-0.163294519689,-0.274372613725,-2.22312780628,6.73211159473e-05,0.0343222732109,0.718455137013,-3.51009311892e-07,-0.0010331095526,-2.61885738834,0.151234334814,-0.119781273805,-0.540635523305,0.000819499108728,0.054682223833,-1.80669164157,-2.43183920734e-06,0.0165635239643,-0.461230064654,0.0101706456981,0.0906702247174
gradient,1,0.18,0.189999997616,predicted,Actual proposal support boundary; monitored coordinates are pre-native endpoint forecast,True,50,-0.123936071652,0.447409726408,-0.0617969487572,0.0565990793324,-0.0086566590035,0.0483728491326,6.48607044579,6.11365483094,0.0994155286994,-0.409364882175,2.00339623516,0.189286492795,0.268642108193,0.269455629328,0.25966305809,0.210726415333,4.62184579489,0.189754315865,0.70457977517,9.58391978325,5.01489838687e-08,0.000284255527111,8.93927050689,2.19858550446e-06,0.00221082658947,9.27466141185,1.84595268885e-07,0.000629477289111,8.17441506724,2.5979357429e-05,0.0114332243843,10.0530499457,5.66480612093e-09,6.26463695339e-05,9.10794915674,4.85624145209e-07,0.00108056560052,8.20807422396,4.4353115187e-06,0.00813037440297,9.21451480246,1.68338052331e-07,0.000686133667695,8.99145223733,1.14029627628e-06,0.00173186229512,8.64161537295,2.67994829071e-06,0.00351826341734,8.15586298746,1.86821698475e-05,0.0116625957519,8.52025856252,4.61110815761e-06,0.00481330213348,4.60823143428,0.182143006192,0.356701820867,8.44901855755,9.19634300135e-06,0.0068442222072,9.37462031115,1.28825320687e-07,0.00050135354363,5.25404302448,0.059570842064,0.310471413791,7.29404893749,0.00032551676414,0.0668761163374,8.59213812645,3.869417682e-06,0.00431025671399,5.28901781671,0.0499274891278,0.167533411763,0.0304493159425,-0.877858744741,0.399059295654,-1.63370406628,-1.02224685252,0.0660658653234,17.2003162742,0.157279819801,0.4253363897,-0.214797973115,2.36149940867,-0.216040310478,-0.131668328715,-0.292138476963,-0.144643709811,0.0866137497529,-0.947697246071,-0.159262527262,-0.52711827749,-4.21998727919,8.294359809e-07,0.00369115362138,-2.17782570066,2.08371842745e-05,0.0115968475278,-1.55318321205,2.35594255479e-06,0.00410681964654,1.88936851976,-0.000352753219114,-0.0464383979446,1.72231666995,-1.87199526609e-08,-0.000218574854629,-3.29507066406,5.33238119638e-06,0.00911868953253,0.903219186231,-1.96916000239e-05,-0.0207722384555,-1.16454452665,1.4491679856e-06,0.00321076482313,-3.58744860145,1.51230514051e-05,0.0158293426904,-1.14488167049,1.64241979595e-05,0.0116978772362,-1.59658591979,0.00014519204362,0.0439826900595,-1.81707145708,4.08093408857e-05,0.0236328816027,1.00233908377,-0.269456245048,-0.2387143412,-4.94231750755,0.000190015885852,0.0803719553905,0.821012359402,-1.55960884924e-08,-0.000631161297319,-2.06146527108,0.125287475025,-0.187882721013,-0.567326761327,0.000951152310791,0.0510034757594,-2.6010464236,1.2185637046e-05,0.0275159544145,-3.43707119416,0.146214265835,-0.183350231898
gradient,1,0.19,0.199999988079,predicted,Actual proposal support boundary; monitored coordinates are pre-native endpoint forecast,True,50,-0.124583021233,0.434583176047,-0.0589810059929,0.0364227592564,-0.0221256771946,0.050111128441,6.68190861275,6.11467924965,0.0923482772879,-0.414393930093,2.0509315225,0.186397344775,0.267873361837,0.26776568552,0.258682106264,0.210017868284,4.60197438073,0.188509616202,0.69721443079,9.55464109055,5.43211318353e-08,0.000309281940168,8.91340591629,2.45142692e-06,0.00235034501896,9.24354600577,2.2425539468e-07,0.000703794525519,8.17990243896,2.43714359766e-05,0.0113123391763,10.0641990685,5.96739282069e-09,6.34606275179e-05,9.07111602899,5.47711962515e-07,0.00118718406386,8.21675629728,4.25376204551e-06,0.00793583647769,9.1958734115,1.92087811356e-07,0.000738738082229,8.95222377916,1.31276167033e-06,0.0019108416063,8.6272561063,2.88558771609e-06,0.00366573569946,8.13717781954,2.04155967876e-05,0.012185313299,8.52771284188,4.31635703738e-06,0.00470206892081,4.62414112402,0.177548538432,0.357551989454,8.39281522499,1.1551203797e-05,0.00779411563176,9.38141868873,1.36326334758e-07,0.000506743618967,5.25860260924,0.0594217774671,0.30993080568,7.28543330141,0.000340080057128,0.0676324936102,8.56299107233,4.10484695941e-06,0.00463737942784,5.23138934559,0.052587509784,0.163733481683,-0.0723117638289,-0.651821572654,0.441752195358,-2.18573086709,-1.13701646775,-0.0340717346738,14.3372416721,2.47746626485,0.310451656549,0.668894839232,5.00695724813,-0.198183983808,-0.0687155892452,-0.170939453656,-0.124980105514,-0.0395023715613,-1.39352058577,-0.074802070756,-0.543717407007,-2.4922748974,4.83739711462e-07,0.00238841421018,-1.91183082046,1.81707737487e-05,0.0101054474553,-0.913011913643,1.13847451731e-06,0.00229447803862,-0.12845312493,-7.35465374328e-05,0.00458455598638,1.86461852585,-1.23096547226e-08,-0.000185666061655,-3.262373961,6.43987502296e-06,0.010185715306,0.440490655133,-9.07045039046e-06,-0.00930237212384,-1.33556518129,1.63395530498e-06,0.00369706605418,-3.44319772665,1.51443428924e-05,0.0161233432514,-1.29066198959,2.116129175e-05,0.0136922405055,-2.68534488419,0.000266957704593,0.0785005494257,1.74715841354,-4.60063417999e-05,-0.0232861893508,1.65171687454,-0.420933295694,0.0128776938917,-4.93932317724,0.000227182910575,0.0869587826888,0.703118131479,4.2235525938e-07,3.19267419411e-06,1.73571053214,-0.122767199014,-0.120581366747,-0.588254227332,0.000878138802156,0.056153291584,-2.43337855339,2.22421945631e-05,0.028000559794,-5.34353164254,0.250484832013,-0.296942830877
gradient,1,0.2,0.209999993443,predicted,Actual proposal support boundary; monitored coordinates are pre-native endpoint forecast,True,50,-0.125382306929,0.434373294955,-0.05296190485,0.0128844619906,-0.0313969883585,0.0476914144391,6.77281527923,6.16320415624,0.10562456183,-0.39598698539,2.10353538013,0.185322813119,0.267267796408,0.266036840255,0.257163455979,0.209936367902,4.59397538318,0.188258274449,0.69370542703,9.5340742853,5.98237780979e-08,0.000332023811315,8.90103389048,2.56200097944e-06,0.00241293553858,9.25640117357,2.07364759231e-07,0.000675366849883,8.17184600474,2.45084266803e-05,0.0115249155041,10.0903423162,5.41861302648e-09,5.89330483008e-05,9.04270167752,6.14421645668e-07,0.00128427990664,8.21688403706,4.25390251089e-06,0.00794432696049,9.18780349883,2.01017158431e-07,0.000760074988779,8.9225882828,1.44318313412e-06,0.00205432916015,8.61580213316,3.10317412571e-06,0.00379210822745,8.10215608978,2.40213239393e-05,0.0132326067404,8.55520173079,3.69098132161e-06,0.00434757834646,4.64126577177,0.173724340278,0.356959374745,8.350232094,1.37400012128e-05,0.00858339786098,9.38868267378,1.37272425875e-07,0.000501417397114,5.28875723512,0.0571154980837,0.308059786456,7.28228385294,0.000343079540183,0.0679991821691,8.54347055538,4.31426157326e-06,0.00487026790987,5.18214718386,0.0549371857681,0.161594555146,-0.0879091987244,-0.0152379845292,0.677196145058,-2.16177215055,-2.05253610015,-0.115926874791,7.49348608693,4.35516029765,1.36725463891,1.17757654823,2.4567436898,-0.0927556461881,-0.110016184185,-0.142330149998,-0.11112347166,0.0200317923581,-0.653665990013,-0.00790409970957,-0.478968955105,-1.49514397362,3.98628715792e-07,0.00157223585782,-1.66192385604,1.77606575533e-05,0.00942415699663,0.881072601226,-9.83498409606e-07,-0.00161436920048,-2.18056213595,0.000187113386604,0.0569473712435,0.595916734135,4.10781345597e-08,0.000164970129484,-2.62895836199,6.9890874564e-06,0.00947954929199,0.0358364380688,-2.35384556098e-06,-0.000612488518427,-1.48137611447,1.5393092104e-06,0.00366633320442,-1.83170357471,6.49491483022e-06,0.00855187973097,-0.864120832531,2.03705790874e-05,0.010295628821,-2.34619388315,0.000268891333787,0.0718766368028,1.65946595859,-4.27255437993e-05,-0.0215600585366,1.69178990505,-0.387161529299,-0.254555527123,-3.41502345615,0.00018782496325,0.0650263712758,-0.0907260983548,1.22060169877e-06,0.00130316900004,1.69214408666,-0.133289892677,-0.196146952466,-0.679245503097,0.000550621657535,0.0947588170903,-2.18895195549,3.1571700779e-05,0.0269161312669,-4.46720819625,0.228151362388,-0.0485127833068
gradient,1,0.21,0.219999998808,predicted,Actual proposal support boundary; monitored coordinates are pre-native endpoint forecast,True,50,-0.126341205208,0.434278416357,-0.0454370830917,-0.00681268375456,-0.0631763991976,0.0477925909452,6.83177833448,6.2017824556,0.119693370066,-0.390842399129,2.1000663963,0.184542231851,0.265673038153,0.26491908252,0.256459636831,0.210418504131,4.58890106093,0.188351534208,0.687635051688,9.52473821108,6.22937061512e-08,0.000340726657325,8.88016743917,2.80664007107e-06,0.00253882815889,9.26116745779,2.04585426488e-07,0.00067150714151,8.13629119624,2.81137037086e-05,0.0124512866012,10.0761174032,6.78895551188e-09,6.67600301076e-05,9.01853686175,6.87493711643e-07,0.0013767750497,8.21747302604,4.20668513429e-06,0.00792358670732,9.16624588921,2.22873995564e-07,0.000812064746317,8.91558970767,1.44265996694e-06,0.00208187920092,8.60997368965,3.29299929784e-06,0.00387164827588,8.09025394188,2.57934234633e-05,0.013622846035,8.56090216105,3.46184616139e-06,0.00427086775008,4.65797692212,0.169805307846,0.352460878912,8.32451475587,1.5307703062e-05,0.00909464305727,9.37960416676,1.60738368733e-07,0.000532806998968,5.29244549098,0.0567559796136,0.306007866631,7.27184839135,0.000351092490279,0.069527669952,8.51921203322,4.73628097499e-06,0.00517570205318,5.14204518166,0.0571505370317,0.162763226017,-0.029469384494,-0.355533649413,0.238135814667,-1.88685391098,-2.67578575015,-0.0925910916629,4.27235600146,-1.73817339724,0.711229300244,0.721158780587,-1.27754100499,0.000954565139985,-0.0595031290831,0.0343748474752,-0.0171709188633,-0.0435435959348,-0.132409773007,-0.0133237464967,-0.366734512705,0.0961134661106,-5.37478650752e-08,-0.000220523811202,-1.14858338931,1.29965769331e-05,0.00673246314541,-0.169392163614,5.30614863877e-08,0.000847673084489,-2.46288104175,0.000259819689949,0.0652159662847,-0.1921779535,8.36888278195e-08,0.000448040698637,-1.74289117623,5.50235084566e-06,0.00679163675089,-0.407520302263,5.58207679874e-06,0.00826913994644,-0.980643481709,9.85506514469e-07,0.00231827832526,-1.33408372612,7.08659059713e-06,0.00718724410691,-0.373332440626,7.89611721737e-06,0.00375507228969,-0.807464573168,0.00014012577058,0.0278629301164,1.27963988563,-2.91081158347e-05,-0.0158843515923,1.52088788637,-0.345226003095,-0.203988143049,-2.108299649,0.000133509676206,0.042393615068,0.233277448266,1.4136692625e-06,0.00120512706231,1.08619482023,-0.0963970437343,0.0140907492363,-0.416155481466,0.000238536198982,0.0609176952586,-1.53387077327,2.47400742919e-05,0.0191582806476,-2.12924502427,0.131125429802,0.0815584757568
gradient,1,0.22,0.229999989271,predicted,Actual proposal support boundary; monitored coordinates are pre-native endpoint forecast,True,50,-0.125971694619,0.427262621966,-0.0481991885567,-0.0248526162291,-0.0849127033615,0.0458395926059,6.85826239926,6.1284406883,0.119849147835,-0.381563809778,2.07798456003,0.185341904422,0.266077733826,0.266724337204,0.256820037602,0.209065495983,4.59132718772,0.18799179952,0.686370736776,9.53599655462,5.87488207964e-08,0.000327613335091,8.87806222269,2.8219325181e-06,0.00254758480149,9.2530133303,2.08425988959e-07,0.000692320311573,8.1225883839,2.97048204793e-05,0.0128292348298,10.0864987571,7.09238958287e-09,6.78938622736e-05,9.007843854,7.24468662582e-07,0.00142011264166,8.20873363102,4.36554404686e-06,0.00810970975942,9.1681906292,2.2072728872e-07,0.000806440555284,8.89590660827,1.58491494607e-06,0.00219807404229,8.60833548435,3.26109647005e-06,0.00386720967324,8.08600679832,2.68238393509e-05,0.0137898653428,8.5807945285,3.10881900491e-06,0.00402989131462,4.67168352949,0.166819820216,0.352879611884,8.30806610102,1.6410194737e-05,0.00943127016234,9.39334822275,1.65545811125e-07,0.00052551993836,5.31048113152,0.055187557209,0.308341601441,7.27396074331,0.000347850264162,0.0692175360742,8.51279313991,4.8090630591e-06,0.00525343352282,5.13956228337,0.0575596943641,0.163225724661,-0.00139692033107,-0.627518587553,-0.189573168755,-1.12470861152,-2.00676262379,-0.189912753374,3.12328858733,-7.1220392517,0.132884219269,1.31449024873,-2.7363532595,0.056290655088,0.0510138726134,0.121595298107,0.0356611152695,-0.11626732664,-0.0587239496764,-0.0203849752541,-0.170607438628,1.08741973778,-3.8488258606e-07,-0.00141226553083,-0.467799824895,5.58823070251e-06,0.00277589511974,-0.861043415875,4.89768496712e-07,0.00230578054172,-0.888428943328,0.00010772009516,0.0248231214155,0.453800804706,4.20260475204e-08,0.000201726987017,-0.779329521901,3.27060189205e-06,0.00336766669022,-0.798050029694,1.47424367032e-05,0.0174714463281,0.339561957787,-3.60220515843e-07,-0.000941165238464,-1.21966529332,8.8660435713e-06,0.00723600471617,-0.146514514757,-5.38465101363e-07,0.000212596940156,-0.682298642747,0.000145427685001,0.0238202636059,1.33838562653,-2.60807457063e-05,-0.0169619454207,1.64777386239,-0.324777628147,0.0480711930839,-1.25264913113,8.74400541099e-05,0.025883338464,1.11724282257,4.05653390505e-07,-0.000551875429088,0.344101952059,-0.0477819261377,0.254272414474,0.227683154281,-0.00043012829968,-0.025343016517,-0.319006216796,1.86947440912e-06,0.00345044935245,0.0242353725969,0.0192956064651,0.139801635788
gradient,1,0.23,0.239999994636,predicted,Actual proposal support boundary; monitored coordinates are pre-native endpoint forecast,True,50,-0.126369143614,0.421728044606,-0.0492285464668,-0.0293068559849,-0.103311651673,0.0439943358777,6.89424410623,6.05934167057,0.122351054451,-0.364552594154,2.04533933111,0.185668044953,0.266693315606,0.267350988482,0.257172859136,0.208093157598,4.58772658194,0.187943834703,0.684222902916,9.54648660583,5.459605443e-08,0.000312481346708,8.87081144267,2.91840468512e-06,0.00259434606129,9.24394658947,2.14380796422e-07,0.000717622752344,8.11852261738,3.02681056118e-05,0.0129477490295,10.0851934193,7.62947646229e-09,7.07945698479e-05,9.00295027131,7.52905749484e-07,0.00144412838351,8.20151202545,4.50153386835e-06,0.00827301563388,9.17303712836,2.15669585247e-07,0.000793241441548,8.8911964018,1.61998083837e-06,0.00222659929525,8.60704339935,3.28222999581e-06,0.00387590021469,8.07660796902,2.87019771633e-05,0.0140992513072,8.58766987358,2.94023124727e-06,0.00393162884167,4.69093239937,0.163309755283,0.353422302774,8.29946177325,1.70565041441e-05,0.00961230982655,9.40194902321,1.68851436543e-07,0.000521769490387,5.29932753002,0.0558003410908,0.31109331492,7.27640205443,0.000342489924285,0.0690208096216,8.51283190888,4.77367046317e-06,0.00524471104023,5.14252988911,0.057536449161,0.165559258733,-0.0347500895199,-0.575986415009,-0.0516126155853,0.332548454404,-1.66807204485,-0.133442602643,3.31270620637,-6.21302174595,-0.597802011577,0.824836931407,-0.882327488528,0.0355100670934,0.0717745008311,0.0534812316847,0.0173207079162,-0.0972794584533,-0.00793655651191,-0.0301849170591,-0.162092573371,1.0846063585,-3.76400020814e-07,-0.00135338129757,-0.0428773299049,8.00416589638e-07,0.000338449246282,-2.30715741225,2.7139393169e-06,0.00618941584431,-0.643972072734,9.44413835184e-05,0.0181646804976,0.59151702251,1.88956729223e-08,8.6327606907e-05,-0.192474328853,1.82341976085e-06,0.0011388118794,-0.606269675383,1.12581014769e-05,0.013851722985,0.121373903027,-6.07187540157e-08,-0.000354029502657,-0.368327078315,2.75341320825e-06,0.00228454821875,0.223950929303,-2.7366376649e-06,-0.00231835204216,-0.985671873403,0.000158151841327,0.0324559369678,1.52741876028,-3.2550608607e-05,-0.0210133244488,1.65409816979,-0.309942362306,0.140253264616,-0.281313498951,2.20851962181e-05,0.005999433965,1.24502960653,3.82046540785e-08,-0.000861923286816,0.54607092947,-0.0279774357806,0.440233403536,0.0845806123353,-0.000304990768016,-0.00103199024117,0.532491904045,-1.59020484968e-05,-0.00827395958854,-0.0894470370292,0.0104789125571,0.211309633173
gradient,1,0.24,0.25,predicted,Actual proposal support boundary; monitored coordinates are pre-native endpoint forecast,True,50,-0.126666696409,0.415742893666,-0.0492314408684,-0.018201647141,-0.118274144258,0.043170740553,6.92451652339,6.00418025338,0.107893107604,-0.36506707115,2.06033801026,0.186052105763,0.267513223843,0.267793961838,0.25716645176,0.207119906814,4.59116845659,0.187388101178,0.683128885308,9.55768868179,5.12208203801e-08,0.000300545709139,8.87720467609,2.83794084989e-06,0.00255435378641,9.20687018206,2.62704775297e-07,0.000816108628459,8.10970894245,3.15936481497e-05,0.0131925284397,10.0983290976,7.47030304131e-09,6.96204144117e-05,9.00399436742,7.60937057799e-07,0.00144288887925,8.19660823751,4.5907060764e-06,0.00838674421912,9.17061810726,2.1951291364e-07,0.000799359965231,8.88854006671,1.63998321023e-06,0.00224376500666,8.61281450294,3.20636371676e-06,0.0038208426324,8.06629336085,2.99868761775e-05,0.0144389840821,8.61134290371,2.45780683277e-06,0.00360962482564,4.70476549289,0.16062097297,0.355684677176,8.30243983104,1.68518986613e-05,0.00955125884164,9.41824881488,1.66309904206e-07,0.000508281472624,5.32140255011,0.0546280084934,0.317146269511,7.27565235556,0.000341750448802,0.0691968962694,8.523442978,4.49102208916e-06,0.00508795433105,5.13777334263,0.0577692726152,0.167451917324,-0.128894024395,-0.117699100086,0.0429283380507,0.906900160015,-1.25250816345,-0.0719121590196,4.80160724437,-6.02144694834,-0.923515280004,-0.201519069046,1.22683461821,0.00976866770376,0.0454844410245,0.041681819367,0.0103081469692,-0.0876071977835,0.279986576096,-0.0750922891839,-0.0753962642376,1.04391013825,-3.11094012819e-07,-0.00112025230051,0.170056571193,-1.97071477198e-06,-0.000995063053992,-3.05209257653,4.02229722719e-06,0.00807916129316,-0.62157606725,9.73061157195e-05,0.0173528688629,-0.0488644171839,4.87990773365e-08,0.000261766528331,-0.0100867509059,8.20901300595e-07,0.000173600142622,-0.156036287544,2.43652724274e-06,0.00353123879417,-0.176199788492,2.4034906317e-07,0.000408471614601,-0.375909980582,2.46497793351e-06,0.00227763525785,0.316850691028,-4.19716058827e-06,-0.00299577101214,-1.02628100383,0.000127535391181,0.0341815214209,1.33295172813,-2.99812301917e-05,-0.0196557126934,1.33015606174,-0.284224204051,0.272578421189,-0.154387318564,1.07824369102e-05,0.00341812156167,1.02034954185,3.51821453931e-07,-0.000196408538482,1.39909358151,-0.0749418242353,0.517700994139,-0.192633451999,0.000127529329426,0.0303490603878,0.822733570082,-2.29236764341e-05,-0.012409844977,-0.0571077017343,-0.00501210912358,0.149477163649
gradient,1,0.25,0.259999990463,predicted,Actual proposal support boundary; monitored coordinates are pre-native endpoint forecast,True,50,-0.128947024102,0.419374062604,-0.0483699797058,-0.0111688527846,-0.128361814942,0.0425560926974,6.99027625112,5.9389127316,0.103880748851,-0.368582975535,2.06987602347,0.185863418307,0.267603004426,0.268184624869,0.257379022075,0.206341013643,4.59332631346,0.186441988919,0.682714977631,9.5673648086,4.83741741736e-08,0.000290076300698,8.8742125741,2.87899038968e-06,0.00257444480021,9.18290473794,2.94826740966e-07,0.000879205978207,8.10609109603,3.22142279262e-05,0.0132948064068,10.0842161309,8.60545800902e-09,7.60299004146e-05,9.0027485363,7.69323775496e-07,0.00144760038636,8.1983912997,4.55026441321e-06,0.00834364040976,9.16951313259,2.20476566511e-07,0.00080141087384,8.88367820219,1.66928039704e-06,0.0022721520004,8.61338041317,3.19828678405e-06,0.00381598479444,8.05608234895,3.12526849869e-05,0.0147828817356,8.61432890814,2.34060664343e-06,0.0035385145878,4.71753552061,0.157625271202,0.358873871197,8.29637402687,1.72721528824e-05,0.00968067225779,9.42235601405,1.75887865622e-07,0.000517841319617,5.32730940165,0.0543015046061,0.321447334803,7.27254938539,0.000345040510874,0.0696277908294,8.52928658028,4.31519693449e-06,0.00499651414069,5.14138773508,0.0574362069786,0.168548802006,-0.281990362085,0.505734386677,-0.251404881477,0.936739809811,-1.1117208004,-0.0731047094633,7.690348676,-6.45742101822,-0.993723238565,-1.00095762533,2.37570109609,-0.0278121838935,0.00458432637926,0.029715138635,0.0240921169048,-0.0839201952144,1.17962154614,-0.268176789689,0.0575061911208,1.08852749904,-3.06433258543e-07,-0.00115017462566,-0.506713461157,7.44659944542e-06,0.0035456200454,-2.82942424758,3.87336542805e-06,0.00749521409005,-0.543971349774,0.000106083410089,0.0149274991033,0.0973073103992,3.37931630072e-08,0.000184710463303,-0.054138543469,1.02543912916e-06,0.000261737354873,-0.122585869275,1.96104996381e-06,0.00236115900519,0.146293765889,-6.452610163e-08,-0.000334057195756,-0.572786872692,4.06007526403e-06,0.0035442141752,0.0619835307447,-1.49222579962e-06,-0.000720582895027,-1.07058894487,0.000137669171097,0.0366955146495,0.273546587866,-1.1195288084e-05,-0.00679038720143,0.735548881946,-0.222100316365,0.204846701504,-0.793711804315,5.84375202085e-05,0.0171332814284,1.63154545092,-2.93630354758e-07,-0.00116529742004,0.108055548127,0.00660771896521,0.458893281607,-0.389308236042,0.000560022807499,0.046363057413,0.747787668567,-2.15244461136e-05,-0.0116092095493,0.648998179995,-0.0509393724058,0.127215481272
gradient,1,0.26,0.269999980927,predicted,Actual proposal support boundary; monitored coordinates are pre-native endpoint forecast,True,50,-0.132306503651,0.4258575814,-0.0542595384979,0.00053314905524,-0.140508560266,0.0417086463638,7.07832349691,5.87503183301,0.0880186428324,-0.385086223657,2.10785203218,0.185495862086,0.26760491037,0.268388264611,0.257648294098,0.205441502909,4.61476088751,0.182024565385,0.684279009131,9.57945923177,4.50921552093e-08,0.000277542216626,8.86707040687,2.9868728388e-06,0.00262526618732,9.1502816971,3.40172083858e-07,0.00096601291026,8.09882951545,3.37153163515e-05,0.0134910784218,10.1002752438,8.14616630146e-09,7.33146236778e-05,9.00291159655,7.81445840382e-07,0.00144812362635,8.19415652012,4.62992707568e-06,0.00843396739923,9.17354398258,2.18222391608e-07,0.000792678821316,8.87708432925,1.72118471551e-06,0.00231464929017,8.61405417355,3.17651920076e-06,0.0038064309745,8.04488158195,3.27402595994e-05,0.0151728943751,8.61681383547,2.23390107109e-06,0.00347381708161,4.71947647053,0.156178966643,0.359781611206,8.28656559496,1.80206490655e-05,0.00989392447021,9.4508797239,1.60437297111e-07,0.000484975524223,5.32356366108,0.0547601628727,0.326324135144,7.26786619084,0.000352950904952,0.0701241574177,8.53839873137,4.06053316689e-06,0.00485577014006,5.15075330623,0.0567504851671,0.16999622695,-0.444210352202,0.567983755213,-0.260885000229,1.42278308421,-1.12441909313,-0.0155924655049,6.95641098236,-3.05379044882,-1.32108361735,-1.48814099471,3.81156264767,-0.0415549579749,-0.0213907996408,-0.0619855399828,0.00477458326714,-0.00695345684465,1.55523320173,-0.407745113639,0.111281889441,1.30734941144,-3.71416474494e-07,-0.00138867986729,0.448890437192,-5.1324888733e-06,-0.00264253869103,-3.35027100003,5.18610065385e-06,0.00957425662546,-0.835227533897,0.000165426709553,0.0221635364181,2.30304033214,-8.61400432548e-08,-0.000511679845174,0.400862683797,-5.07408150971e-07,-0.00150022079524,-0.412204396697,5.87844928207e-06,0.00885315608617,-0.222740756453,3.6138871723e-07,0.000559821296175,-0.477628269753,2.59924373449e-06,0.00288159308011,-0.123418935804,3.95179562623e-06,0.00198960153875,-1.63806782679,0.000213100964182,0.0568142426234,0.23590089445,-9.54782093615e-06,-0.00619730628129,0.501551970961,-0.175673649644,-0.0210395643733,-0.523929734765,4.13222942146e-05,0.0114675485564,2.50924619819,-1.55886180207e-06,-0.00315010806795,0.274216590286,0.0102252210365,0.461347689389,-0.452471672099,0.000666827445756,0.0511484522734,1.12351727546,-2.74351124936e-05,-0.0158129844026,0.787550029223,-0.0553447524636,0.255945494282
gradient,1,0.27,0.280000001192,predicted,Actual proposal support boundary; monitored coordinates are pre-native endpoint forecast,True,50,-0.137831231146,0.430733737708,-0.0535876797104,0.0172868088996,-0.150850196805,0.0422442433873,7.12940447077,5.87783692262,0.0774590765045,-0.398345795429,2.14610727643,0.185032319148,0.267175188433,0.26694491407,0.257474513741,0.206201944506,4.6244309775,0.178287086646,0.68494061542,9.59351179682,4.09458446837e-08,0.000262302703352,8.88319038284,2.77634061221e-06,0.00252159402639,9.11589931794,3.98548754043e-07,0.00107069111072,8.08938654535,3.55227621173e-05,0.0137380771351,10.1302769376,6.88265714392e-09,6.57963035111e-05,9.01076578997,7.59175612476e-07,0.00141759597046,8.19014721176,4.66783339885e-06,0.00852070353149,9.16505831746,2.27704340855e-07,0.000812607299764,8.8741256368,1.72126527173e-06,0.00232978386201,8.61091203446,3.27732269657e-06,0.00385577682522,8.02332099241,3.55147042706e-05,0.015919166588,8.61904692603,2.14965022471e-06,0.00341456846217,4.72756656003,0.154111798209,0.35845307991,8.28589543218,1.80985987666e-05,0.00991002322891,9.47254093801,1.44710629581e-07,0.000454839158258,5.33279373345,0.0545060090268,0.330674288591,7.26349995195,0.000358377059789,0.0706507598749,8.55175692579,3.76649468462e-06,0.00468025445264,5.15713873566,0.0563293119293,0.173667711892,-0.38055644237,0.437165083996,0.382971048355,2.04967040569,0.927966922522,0.154894825075,6.27866112456,1.6596685747,-1.88391995194,0.0712814926603,8.13270888239,-0.102973793055,-0.0200279633923,-0.154898724404,-0.0293939262345,0.0638477436721,0.485726320588,-0.220700816693,0.141515010628,2.3128273024,-4.70404531544e-07,-0.00182089514459,2.93376037471,-3.52641753111e-05,-0.0181263222156,-4.63358584186,8.38994961569e-06,0.014879662941,-1.24151867533,0.000248598332046,0.0332003707944,-5.02407682955,3.66448891442e-07,0.00183831717406,1.61037891979,-5.8758326626e-06,-0.00665721724157,0.327975855879,-6.86731019404e-06,-0.00739659331246,-0.829637780036,9.94618435015e-07,0.00225392142959,-0.339150215497,-1.02653774703e-06,0.00150240230423,-0.327542966845,8.74963954932e-06,0.00518746712676,-3.52220214695,0.000516217643949,0.124421190157,1.84520337458,-2.47672630154e-05,-0.0230941291446,2.24259250988,-0.438327112266,0.761170316777,0.450174719844,-3.30053723139e-05,-0.00951722880599,-3.9693592411,5.93526474515e-06,0.00890433181054,3.67179861427,-0.23276032243,0.582060297905,-0.497406171201,0.000590380795354,0.0659894861826,2.22268967933,-4.35568645595e-05,-0.027748741749,0.24766526568,-0.0245032440303,-0.177176441863
gradient,1,0.28,0.289999991655,predicted,Actual proposal support boundary; monitored coordinates are pre-native endpoint forecast,True,50,-0.139917632498,0.43460088308,-0.0466001175308,0.041526557169,-0.121949221816,0.0448065428653,7.2038967194,5.90822520451,0.0503402437935,-0.383660593803,2.27050620983,0.183436386224,0.267204351103,0.265290290123,0.257060415574,0.206718457783,4.62447541392,0.177610549051,0.687109309343,9.62571577782,3.56840645784e-08,0.000241124313734,8.92574561436,2.28158933258e-06,0.00226273974301,9.05760998027,5.07971076172e-07,0.00126360616908,8.07399914194,3.86872829924e-05,0.0141550858377,9.99979370718,1.54751441303e-08,0.000110080967159,9.03511917494,6.6392918713e-07,0.00131497928151,8.20071603724,4.4925808718e-06,0.00828603553298,9.15695122698,2.38114760308e-07,0.000837757249907,8.87030132494,1.70065396057e-06,0.00234469733625,8.60750331421,3.35151199175e-06,0.00391018031703,7.97443753901,4.30646124784e-05,0.0176613181783,8.65371790296,1.73855581079e-06,0.00301193449872,4.76432832073,0.147412424397,0.375005017542,8.29556908935,1.73605416192e-05,0.00970357989409,9.37149253907,2.79142592014e-07,0.000663062160434,5.39699963336,0.0501049564241,0.337965341102,7.25791806741,0.000364758520859,0.0714439471413,8.58285252495,3.1893958757e-06,0.00430079530508,5.15570661154,0.0562604202865,0.166452698113,-0.314274262632,0.731656696885,0.484041690826,2.37587156892,1.84312090278,0.0969359295478,3.97065794151,1.31801408724,-1.56984569321,0.711902729616,9.69694149,-0.0506127431308,-0.00502671858447,-0.129858634529,-0.00145639846905,0.03535441474,0.478580393959,-0.083231886678,0.248402155125,2.69663173057,-4.6273826406e-07,-0.00191879251303,3.724566547,-3.9864133951e-05,-0.0216747021418,-3.78504091321,7.20315606052e-06,0.0123882529741,-1.60490203834,0.000333959051544,0.0439990828365,-5.95793066792,3.85870691229e-07,0.00201463441827,2.26911837909,-8.16685583719e-06,-0.0091637826963,0.691342331727,-1.07106283895e-05,-0.0150751437805,-0.564223388194,6.47891683634e-07,0.00161302004885,0.0977052575152,-4.51062779488e-06,-0.0011588119835,-0.0983608359221,2.05080143093e-06,0.00238160210666,-3.70293871392,0.000596630527811,0.13354698084,2.28169498406,-2.86379225821e-05,-0.0272709586924,2.33056587629,-0.430425693515,1.17626748161,1.36401650427,-9.66982996501e-05,-0.0286353526292,-5.30177946206,7.45880017215e-06,0.0113282778445,5.18998322629,-0.356154344374,0.629410131144,-0.423792196896,0.000593117402447,0.0540459187898,2.49431459601,-4.39333304532e-05,-0.0297269100117,-0.202813275875,-0.00697283127482,-0.392794230596
gradient,1,0.29,0.299999982119,predicted,Actual proposal support boundary; monitored coordinates are pre-native endpoint forecast,True,50,-0.144116716399,0.445366871646,-0.0439068458939,0.064804240278,-0.113987778749,0.0441829619782,7.2088176296,5.90419720437,0.0460621626403,-0.384107740837,2.34004610623,0.184020064285,0.267074654062,0.264347741379,0.257445385771,0.206909032801,4.63400258538,0.176622448913,0.689908658522,9.64744443144,3.16910794025e-08,0.000223926853092,8.95768171378,1.97905793319e-06,0.00208809998355,9.04019849968,5.42611875253e-07,0.0013184561702,8.05728850459,4.22019431482e-05,0.0146180587918,10.0111183242,1.46000709685e-08,0.000106088991876,9.05614815755,5.95838495732e-07,0.00123432031653,8.2039740584,4.45362083106e-06,0.00821920065588,9.1537738497,2.40662174528e-07,0.000844867700741,8.87607974195,1.63105271583e-06,0.00230660762234,8.60894481774,3.31833872519e-06,0.00390340886735,7.94926221813,4.74473148268e-05,0.0185901062048,8.66468082571,1.57689177307e-06,0.00286914928833,4.77417787755,0.145503284339,0.381978429542,8.31317576226,1.61646327736e-05,0.00933731617633,9.36650534877,2.93886633024e-07,0.000681404715147,5.43659339798,0.0473829221394,0.343262491213,7.25502410801,0.000370239407838,0.0717316782507,8.60164321771,2.88782807555e-06,0.00408571625241,5.15308247015,0.0561898553038,0.16581182728,-0.258523323083,0.293307068405,0.247916817665,2.25068272278,0.319401830435,-0.0977655418477,0.885275103169,-1.96290259736,-0.0550838007463,-0.221193061443,3.71153899699,0.0418352588347,0.0113642611593,-0.0459069612053,0.0556271825173,-0.00317191292883,0.990730044329,-0.102299139279,0.257013157617,1.12085399406,-2.01462121393e-07,-0.000895971514926,2.70653445713,-2.44343566734e-05,-0.0144168384131,-1.07453635117,1.85243145812e-06,0.00302981540651,-0.875209692678,0.000205730703923,0.0234150563732,1.96810174874,-1.51133087137e-07,-0.000708335764059,1.72317343565,-5.32909027231e-06,-0.00636514396252,0.245013502005,-2.96258692426e-06,-0.00508666555142,-0.214346298046,2.49010141525e-07,0.00053498489507,0.792932816503,-8.74446319547e-06,-0.00524017526255,-0.0976950911341,2.92829825186e-06,0.00213031239031,-2.02938162414,0.000370864147084,0.0760276870708,-0.0899241318945,-5.82271623753e-06,-0.0029352097994,0.831729001458,-0.180285133562,0.473163506379,1.58242090958,-0.000104622792046,-0.0325144920929,0.639645672748,-4.72265101401e-07,-0.000790647112292,1.85457314761,-0.121629864396,0.453225872928,-0.297792957084,0.000619778085893,0.0268632912762,1.64340036077,-2.42793499721e-05,-0.0181738678289,-0.155289389589,-0.0156217590413,0.0107401342166
gradient,1,0.3,0.310000002384,predicted,Actual proposal support boundary; monitored coordinates are pre-native endpoint forecast,True,50,-0.14508809896,0.440467024448,-0.0416417811775,0.0865402116245,-0.115561185207,0.0428512320283,7.22160222146,5.86896715256,0.0492385677786,-0.388084455032,2.34473698977,0.184273091401,0.267431636326,0.264372150899,0.258172959224,0.206655019524,4.64429001481,0.175564566265,0.692249572496,9.6481328577,3.16548221505e-08,0.000223204883436,8.97987630351,1.79290219911e-06,0.00197440297475,9.03611925324,5.45019705334e-07,0.00132420247721,8.05649494809,4.28018970708e-05,0.0146233869651,10.0391557422,1.24524823875e-08,9.59142518778e-05,9.06958264366,5.57347381684e-07,0.00118767640226,8.20561630728,4.43332913331e-06,0.00818430222195,9.15266430101,2.43094963138e-07,0.000848456947809,8.88615998127,1.52576469666e-06,0.002239893831,8.60554941239,3.41007795679e-06,0.00395278656484,7.93384990653,5.04818954201e-05,0.0191818719197,8.65191942032,1.62210148604e-06,0.00295323030273,4.78096290076,0.143806721726,0.38446828767,8.32721750754,1.52680857783e-05,0.00905329005223,9.38428545253,2.69697289986e-07,0.000647249218188,5.43409109631,0.0476723591362,0.34702985856,7.25196220827,0.000377154082577,0.0719812129669,8.61572053217,2.70380887626e-06,0.00393731794851,5.15260082375,0.0559479851057,0.166667500797,-0.0548388964999,-0.559029982416,0.214074134827,1.76205779612,-0.456347048283,-0.110535482725,1.3106255035,-3.04089791514,0.554646120857,-0.280625326889,-0.320899036879,0.00350635081829,0.030876696803,0.0145362214412,0.0681307455254,-0.0330847630719,0.736421291824,-0.0850778057086,0.142582384017,-0.295880284773,5.62886354723e-08,0.000214933741467,1.73771172027,-1.41938804178e-05,-0.00879522095629,-0.303472657431,1.74513402212e-07,0.00035476961268,-0.24426445905,7.24474079813e-05,0.00608690311102,2.37290886388,-1.7154283977e-07,-0.000829036061361,1.09655226998,-3.23516311399e-06,-0.00378071656675,0.146318957981,-2.7605176814e-06,-0.00349204699809,-0.285991428233,3.73473020797e-07,0.000742151804578,0.816767733106,-7.8300381902e-06,-0.00523688031329,-0.198502471604,5.21637311957e-06,0.00299157993111,-1.20178677218,0.00024423795036,0.0466741804737,-1.36545000208,6.4439135155e-06,0.00991449295129,0.701263668826,-0.175614332681,0.17896781552,1.21101831002,-7.58662735592e-05,-0.0242583623565,1.63307733144,-2.17211261962e-06,-0.00310959883692,-0.372173246103,0.0393207448906,0.320753759625,-0.133303844805,0.000304566923401,0.0106338665376,0.896400977907,-1.06123591087e-05,-0.00902767443416,-0.251353498883,0.00155287554449,0.072996846043
gradient,1,0.31,0.319999992847,predicted,Actual proposal support boundary; monitored coordinates are pre-native endpoint forecast,True,50,-0.145213494329,0.434186271998,-0.0396253631973,0.1000453962,-0.123114719715,0.0419722523237,7.23503013967,5.84337924606,0.0571550850574,-0.389720247375,2.33362812549,0.184090191301,0.267692187998,0.264638465808,0.258808000682,0.206247337539,4.64873101121,0.174920892798,0.692760306203,9.64152682574,3.2816852112e-08,0.000228225527921,8.99243594819,1.69518032483e-06,0.00191219556442,9.03412904653,5.46102143298e-07,0.00132555156245,8.05240321541,4.36508913078e-05,0.0147397968541,10.0585765015,1.11692141731e-08,8.95082706493e-05,9.07807920295,5.31135233453e-07,0.00115870598519,8.20690043756,4.39841047743e-06,0.00814935971592,9.14805402114,2.48131634944e-07,0.000859710736832,8.89241509661,1.47445195202e-06,0.00220187001607,8.60497476831,3.42266618758e-06,0.00396324046597,7.92522648269,5.2332073834e-05,0.0195235898143,8.63737182567,1.70577004338e-06,0.00306743914735,4.78820315093,0.141990997685,0.385557785853,8.33739612846,1.46473073025e-05,0.0088521489292,9.3991668954,2.50444380631e-07,0.000619212738409,5.42914993306,0.0481693370372,0.349677566406,7.25235803112,0.000376330746306,0.0719443555814,8.61957123727,2.67558089338e-06,0.00390516276372,5.14805540017,0.0562209128147,0.167271764201,0.135346284778,-0.717374111998,0.170313477516,0.803487394005,-1.07695168257,-0.0681353537597,0.866439221175,-2.45442897622,0.834694129334,-0.230005243739,-1.61193588088,-0.0169260788323,0.033868567174,0.0296091543393,0.0576894838356,-0.0297877431597,0.355050955468,-0.0476544303144,0.00652872136373,-0.752332131538,1.41074405993e-07,0.00060172751836,0.740928207225,-5.78112453597e-06,-0.00370226003501,0.333142292643,-1.3172674277e-06,-0.00190934054394,-0.897555253344,0.00018011815657,0.0263321120425,2.19542334316,-1.37302620919e-07,-0.000702995509176,0.465891942594,-2.03705930737e-06,-0.00179820047785,0.0900428600924,-2.92356486298e-06,-0.00270501602301,-0.528350551061,6.17995578849e-07,0.00133703344168,0.670698611452,-5.00661060195e-06,-0.00403525807888,-0.123788328411,2.76173898232e-06,0.00178489671543,-0.337470591229,7.75000981751e-05,0.0133882923318,-1.24714595061,7.08218846931e-06,0.00999600637478,0.50030166824,-0.149338322322,0.0332010162711,0.812423594771,-4.92189664959e-05,-0.0159793486279,1.63922664287,-2.09339386125e-06,-0.0030926618643,-0.539452955377,0.052202927533,0.197674726197,-0.112000412044,0.000108792913144,0.0165025265626,-0.258597272109,5.83202888523e-06,0.00367781360013,-0.743360553534,0.0371607742638,0.0601603681394
gradient,1,0.32,0.329999983311,predicted,Actual proposal support boundary; monitored coordinates are pre-native endpoint forecast,True,50,-0.142381173264,0.426119542208,-0.0382355116272,0.102609959505,-0.137100218859,0.0414885249531,7.23893100589,5.81987857303,0.0659324503652,-0.392684559907,2.31249827215,0.183934569824,0.268109007669,0.264964333985,0.259326748901,0.206059264661,4.65139103392,0.174611477659,0.692380146923,9.63308621507,3.44763102704e-08,0.000235239433803,8.99469486765,1.67727970839e-06,0.00190035777405,9.0427820991,5.1867435678e-07,0.00128601566633,8.03854384302,4.64042602022e-05,0.015150029206,10.083064209,9.70642996917e-09,8.18543416943e-05,9.07890048251,5.16606195537e-07,0.00115171239271,8.20741716448,4.37485783605e-06,0.00813020190149,9.14209728999,2.55454874715e-07,0.000875197616643,8.8995739535,1.42563248462e-06,0.00215918866942,8.60307364582,3.46531273643e-06,0.00398848449915,7.9271004947,5.20318973836e-05,0.0194496377663,8.62697650131,1.76374525542e-06,0.00315315043023,4.79096893412,0.14081995528,0.385132307995,8.34346597944,1.42837064484e-05,0.00873370307967,9.41706998539,2.27829412761e-07,0.000585395980902,5.42330203721,0.0487164176869,0.350983353084,7.24972220003,0.00037932994084,0.0723112634981,8.61054858673,2.82044945396e-06,0.00401087422051,5.13773361268,0.056691200591,0.16787070816,0.20826452366,-0.903512394932,0.35058093071,0.329512991011,-1.37482017279,-0.0191355734443,-1.00010817979,-1.07783246358,0.865595277034,-0.68108200158,-1.97226031395,-0.017619012233,0.0338159248937,0.0357965687681,0.0513110188659,-0.0121829211372,0.0780436572035,-0.00544918947061,-0.0146002558599,-0.898492339664,1.66628755097e-07,0.00072608076642,0.324838849354,-2.43431347022e-06,-0.00158655009032,1.12703238342,-3.30022021485e-06,-0.00481634736526,-1.12056802002,0.00019420480268,0.0342168572236,1.63048871981,-9.54522678668e-08,-0.000503690381678,-0.0667417601566,-7.47233278744e-07,-3.31540863017e-05,0.297888117655,-8.63061715239e-06,-0.00803386369434,-1.06536796731,1.41460767306e-06,0.0029158581286,0.944661842381,-5.92121187443e-06,-0.00546860799689,0.282938160223,-4.4103174816e-06,-0.00275087251328,0.1147860372,-7.07366116274e-06,-0.00463118447992,-1.20927997642,8.57022455314e-06,0.0106123341018,0.193974419735,-0.0985221040917,-0.0753920224103,1.15243482217,-6.82367780317e-05,-0.0222287172266,1.45675473987,-1.86597286847e-06,-0.00280991209875,-0.488878614319,0.0440121755488,0.0937255794479,-0.538764195296,0.000734152342545,0.0682853744091,-0.980681410489,1.62279032355e-05,0.0116188734907,-0.731302956386,0.0447563455681,0.0842926283771
gradient,1,0.33,0.340000003576,predicted,Actual proposal support boundary; monitored coordinates are pre-native endpoint forecast,True,50,-0.141048203856,0.416116024099,-0.0326137445831,0.106635656021,-0.150611123171,0.0415895408548,7.21502797607,5.82182259679,0.0744669905981,-0.403341887406,2.29418291921,0.183737811057,0.268368506496,0.265354397183,0.259834221059,0.206003679116,4.65029188436,0.174811909009,0.692468301085,9.62355697895,3.61494272139e-08,0.000242747143249,8.99893272517,1.64649405543e-06,0.00188046456262,9.0566696942,4.80097739e-07,0.00122922461515,8.02999185501,4.75349873614e-05,0.0154241339985,10.0911862759,9.26016881575e-09,7.94344630157e-05,9.07674436775,5.16190567878e-07,0.00115804290347,8.21285819991,4.22579813438e-06,0.00798868244203,9.12674666179,2.76423788405e-07,0.000918027899404,8.91130833346,1.35602771454e-06,0.00209249785613,8.61063353151,3.33445983795e-06,0.00390822301571,7.92752220343,5.21906006107e-05,0.0194309661247,8.61318622614,1.87717453444e-06,0.00327968582939,4.79208263932,0.140020555604,0.384049945404,8.36044482491,1.32825717418e-05,0.00840757458467,9.4283019902,2.13124923262e-07,0.000563014496434,5.41937236077,0.0490495805481,0.351552077995,7.24158274721,0.000391013793157,0.0733100630696,8.59995760906,3.00013895809e-06,0.00413754023354,5.13342934104,0.0571160397261,0.168957616768,0.0150702907634,-0.590809186846,0.554351806641,0.547273084521,-1.19423568249,0.0250825935042,-1.09847907736,0.324261062084,0.548501934918,-1.14510838776,-0.367635268101,-0.0234014650365,0.0152814630825,0.0181729775675,0.0273585519254,0.00461864644606,-0.0514783344135,0.000263644386969,-0.0221867939124,-0.83108929531,1.51439504313e-07,0.000660125073029,0.388059214454,-2.98018853966e-06,-0.00190576288522,0.860626101051,-2.5626941225e-06,-0.0036485695805,-0.581113550813,6.11622702014e-05,0.0186297357501,0.985497254915,-5.15416195361e-08,-0.00028304063061,-0.517393858589,8.54668388963e-07,0.0017323520705,0.593775253834,-1.54671583851e-05,-0.0150257442152,-1.42865868922,1.97627433103e-06,0.00401545432129,1.14016434658,-6.91167457955e-06,-0.00650120569734,0.898075845524,-1.50901701285e-05,-0.00947275398922,-0.189581532647,5.35894515065e-05,0.00777803456568,-1.36652870313,1.19032779807e-05,0.0128011549785,0.170932905198,-0.0760695820574,-0.0874739303162,1.71675123797,-9.7831853897e-05,-0.0326070179142,1.14733519374,-1.42075173807e-06,-0.00220214011631,-0.297867212364,0.0290416607707,0.070598017113,-0.802630614761,0.00119174041609,0.0975099785318,-1.23182147245,2.14780280735e-05,0.014761687843,-0.249625817851,0.0298742322731,0.106019969975
gradient,1,0.34,0.34999999404,predicted,Actual proposal support boundary; monitored coordinates are pre-native endpoint forecast,True,50,-0.142079767449,0.414303358471,-0.0271484754944,0.113555421195,-0.160984932508,0.0419901768232,7.21696142434,5.82636379428,0.0769024890636,-0.415586727662,2.30514556679,0.183466540524,0.268414636931,0.265327793537,0.259873919939,0.20615163759,4.65036146723,0.174616750547,0.691936411045,9.61646442916,3.75051003566e-08,0.000248441935264,9.00245605194,1.6176759376e-06,0.00186224251634,9.05999462112,4.6742047433e-07,0.00121304427472,8.02692157201,4.76275056063e-05,0.015522623921,10.1027741541,8.67559757845e-09,7.61935290821e-05,9.06855260534,5.33699563316e-07,0.00118635943412,8.21929266956,4.06551466835e-06,0.00782968701719,9.11352411621,2.94980361336e-07,0.000955506703068,8.92237724044,1.28739899303e-06,0.00202916455548,8.62103516273,3.16350933386e-06,0.00379902941936,7.92330886405,5.31036864137e-05,0.0196051984576,8.59964592725,2.00181081504e-06,0.0034091735298,4.79438759222,0.139298563639,0.383382829389,8.3778010042,1.23270693704e-05,0.00808156272139,9.44001668926,1.99414377999e-07,0.000541353178576,5.41734469296,0.0492972509023,0.352395313426,7.23366958773,0.000403164749162,0.0742614630687,8.58591215728,3.25001001543e-06,0.00430610797737,5.13274109632,0.0572886852364,0.169991107559,-0.126556575134,0.0215172824436,0.511089682579,0.584081158042,-1.01464796066,0.0275044657259,-0.015295989748,0.91851111177,0.105044128774,-1.04919327826,0.812236778424,-0.0331304933387,0.00106727942751,-0.0035971611557,0.00720638199446,0.00975758913821,-0.0106746241281,-0.0173706553147,-0.0532993717147,-0.967537794336,2.0046013003e-07,0.00082750475056,0.235709351126,-1.67997756418e-06,-0.00111035958697,0.376607860155,-1.17757062204e-06,-0.00166528499554,-0.528393695623,6.64959230243e-05,0.0164439926892,0.696123336984,-3.40955740121e-08,-0.000189503421148,-0.588344933422,7.6976330143e-07,0.00179092934408,0.56895015948,-1.41463343901e-05,-0.0139966216871,-1.15128641606,1.59558132587e-06,0.00325732491285,0.953088894189,-5.46573068209e-06,-0.00531797154109,1.10194963553,-1.92556578658e-05,-0.0116005643845,-0.3545233503,8.25643732583e-05,0.0146544357612,-1.21123055621,1.18160848745e-05,0.0118103476366,0.187402241132,-0.0674569101255,-0.078350243353,1.6325383062,-8.70401489027e-05,-0.030239905999,1.01930692192,-1.17963050681e-06,-0.00188110983902,-0.33254209041,0.0311562243551,0.0565543275171,-0.808848758403,0.00124794969661,0.0987827926543,-1.36692417306,2.50775259461e-05,0.0166212707992,-0.400801985613,0.0329797129535,0.0775355448904
gradient,1,0.35,0.359999984503,predicted,Actual proposal support boundary; monitored coordinates are pre-native endpoint forecast,True,50,-0.143579335358,0.416546369748,-0.0223919509316,0.118317279181,-0.170904082384,0.0421396301693,7.21472205628,5.84019281903,0.0765678731736,-0.424325752971,2.31042765478,0.18307520119,0.268389852084,0.26528245396,0.259978348699,0.206198830899,4.65007839187,0.174464495903,0.691402313651,9.60420622306,4.01586298145e-08,0.00025929723826,9.0036469122,1.61289450415e-06,0.00185825737088,9.0642018514,4.5654632656e-07,0.00119591891524,8.01942398109,4.88649058219e-05,0.0157530138523,10.1051087426,8.57825733551e-09,7.56443945927e-05,9.06497746908,5.31585833906e-07,0.00119386149035,8.2242372031,3.94287144658e-06,0.00770875000829,9.10372093347,3.08335414922e-07,0.000983174397661,8.93037011134,1.24671310089e-06,0.00198613842531,8.63267252422,2.94934668063e-06,0.00367621172802,7.92043173643,5.38418880759e-05,0.0197240548399,8.58896161502,2.11349623193e-06,0.00351589278212,4.79583068415,0.138671417401,0.382482940537,8.39309559103,1.15417687638e-05,0.00780277646469,9.44868812863,1.89532313126e-07,0.000525392299653,5.41272151896,0.0496727050352,0.352683164545,7.22540577204,0.000415972787089,0.0752857189227,8.5726191256,3.50168947701e-06,0.00446996564952,5.12541330133,0.0577756339851,0.170508327666,-0.140914195963,0.35513888248,0.416565537453,1.22332108021,-0.454806089401,-0.0161189200838,1.22548935617,2.23325884858,-0.670048016225,-0.834664170207,1.46772135039,-0.0507687859597,-0.0222307657428,-0.0477536654922,-0.01542874301,0.0331978782788,0.193127365624,-0.0901848070813,-0.0185283156081,-1.78804135196,4.12839966645e-07,0.00163011749571,0.861755251872,-6.15979526215e-06,-0.00412245346794,-0.28454113547,5.21351422763e-07,0.000855424166839,0.0523388180721,-3.40048307713e-05,-0.00250573111298,0.136946880918,-5.34145818468e-09,-3.01992064685e-05,-0.431197651097,3.71298024594e-08,0.0011234440689,0.416560096324,-9.14879067364e-06,-0.00973807853462,-0.690102494854,8.98966074943e-07,0.00186492894252,0.573578162759,-3.26076111463e-06,-0.00317674579439,1.50677970247,-2.70311601669e-05,-0.0158895028958,-0.821998887322,0.000179709077907,0.0337870227573,-1.55094997517,1.97391921655e-05,0.0165021228653,0.158154457994,-0.0435560532811,-0.0189044583899,1.86515439272,-9.03399996374e-05,-0.0335133681153,0.847200758445,-9.59305238382e-07,-0.00156448128294,-1.1076882797,0.0867716900607,0.0840218654206,-0.667660971684,0.00139510789531,0.0626456021067,-1.06574364984,2.445496302e-05,0.0137817503501,-0.414422926841,0.0380214525364,0.0779903729879
gradient,1,0.36,0.370000004768,predicted,Actual proposal support boundary; monitored coordinates are pre-native endpoint forecast,True,50,-0.144898051368,0.421406136121,-0.0188171647453,0.138021842799,-0.170081054296,0.0416677984215,7.24147121146,5.87102897125,0.0635015287391,-0.432280011066,2.33449999379,0.182451164805,0.267970021616,0.264372720227,0.259565345079,0.206815595156,4.65422401454,0.172813054405,0.691565844732,9.58070360213,4.57618996895e-08,0.000281044285178,9.01969115698,1.49448003236e-06,0.00177979344698,9.05430379841,4.77847502785e-07,0.00123015275806,8.02796834837,4.69474089909e-05,0.0154725092987,10.1055130917,8.56876841476e-09,7.55895449527e-05,9.05992865232,5.34442159365e-07,0.0012088283155,8.22762387149,3.88253885488e-06,0.00763492544649,9.09972206631,3.12959682835e-07,0.000992805281919,8.93384880369,1.22218377074e-06,0.00196562963959,8.65117075678,2.62288613053e-06,0.00348123936145,7.90686888631,5.66978679718e-05,0.0202809389128,8.56862692774,2.39659465834e-06,0.0037392159871,4.79755068138,0.138427442573,0.383004740221,8.41510409205,1.05202693777e-05,0.00741129535908,9.45696070443,1.80228273232e-07,0.000510063552917,5.39519092736,0.0510326847035,0.354075750735,7.2203163683,0.000431066907068,0.0755143751109,8.56459728428,3.73910927583e-06,0.00458174298437,5.12445263779,0.0580491142872,0.171550915019,-0.134022081373,0.272007974224,0.0599590539933,1.24544660747,-0.24405542016,-0.0324737093456,3.12358771413,1.52077205532,0.520708793351,0.0748480777864,2.38589614726,-0.0387480737413,-0.0352786012233,-0.0554532673284,-0.0494073678292,0.0388914562087,0.457970021628,-0.100559576962,-0.129516082887,-1.59736299248,3.83014249893e-07,0.00148994406056,-0.604788795241,4.69505606806e-06,0.00295133510296,-0.451305411822,8.14889290998e-07,0.00141520893802,0.415375547217,-0.000115177788379,-0.0127428422028,0.662470225638,-3.01157282687e-08,-0.00017216537855,-0.342618968752,4.24260114384e-07,0.000933666272486,0.0778040468426,-1.78445763459e-06,-0.00172137494008,-0.354127862051,5.04538746468e-07,0.00102564052053,0.490212529248,-2.77676798846e-07,-0.00213609128413,0.825770791172,-1.4276135894e-05,-0.00850904902446,-1.18894437682,0.000273521263155,0.0488330794395,-1.23016051375,1.50368885999e-05,0.0130190471186,0.260912221215,-0.0408059248628,0.0697546579788,0.968363671083,-4.75877631627e-05,-0.0172767195634,0.809540215554,-8.27244263147e-07,-0.00138353624118,-0.939558973574,0.0772647442805,0.12765146123,0.24451469334,-0.000244683309971,-0.0383852567732,-1.12010843114,2.3474420431e-05,0.0142722613321,-0.744588404017,0.0498533658231,0.0295122777364
gradient,1,0.37,0.379999995232,predicted,Actual proposal support boundary; monitored coordinates are pre-native endpoint forecast,True,50,-0.146259776986,0.421986529232,-0.0211927698517,0.143226211331,-0.175785190787,0.0414901559824,7.27719381056,5.87060826013,0.0869820490406,-0.422828791416,2.35814557772,0.182300239715,0.26768428006,0.264173388614,0.258990201343,0.206976660023,4.65923779231,0.172453304363,0.688811991993,9.57225896321,4.78189148124e-08,0.000289096119472,8.99155113629,1.70679562551e-06,0.00191728407294,9.05517574316,4.7284411238e-07,0.001224223094,8.02773149204,4.65613500543e-05,0.0154981570083,10.1183581471,7.97594277014e-09,7.22010870217e-05,9.05812508971,5.40071036194e-07,0.0012125348158,8.22579328404,3.90718229389e-06,0.00767432250949,9.09663837623,3.18426189852e-07,0.00100368720807,8.94017436193,1.24115956492e-06,0.00194341659963,8.64918794004,2.66382396275e-06,0.00350603074753,7.89665284889,5.9312313339e-05,0.0207007164287,8.56435840474,2.41423400393e-06,0.00377627372449,4.80104892857,0.137855298904,0.383878033697,8.41246286445,1.05900135005e-05,0.00745724207342,9.46487893295,1.72987427863e-07,0.00049772157483,5.39393033949,0.0512179999209,0.35523619377,7.23029606591,0.00041107912089,0.0745180137872,8.55021695698,3.97117788563e-06,0.00475541087617,5.11052153325,0.0587727013016,0.171098573221,-0.585742226874,-0.0395507944042,-0.230235695839,0.0438964068891,-0.358546584845,-0.0474000251633,2.66414761605,-1.52963112474,2.26964463081,0.955619355993,-0.162235234039,-0.000922297262518,-0.0132512741658,0.00571600604553,-0.0229040414666,0.00100156199337,0.319291060847,-0.00165090165308,-0.162919283257,-0.47064772829,1.21987280451e-07,0.000453101803558,-2.02175801389,1.54152738588e-05,0.00987615158835,0.610127002077,-1.72230726164e-06,-0.0025081519351,0.303445257783,-8.46001687937e-05,-0.00833836087241,1.11846264065,-5.1007682991e-08,-0.000294507497109,0.0817598908682,-5.72928841261e-07,-0.000718375902913,-0.22648532563,4.45424742895e-06,0.0052155767209,-0.0389272006826,1.35393310364e-07,0.000255349997492,0.142765735286,2.37448941342e-06,-0.000158089030401,-0.654767089115,9.44388203271e-06,0.00669729965612,-0.672641391677,0.00018959346012,0.027627126918,-0.257994228474,-4.32004422518e-07,0.00195934698951,0.334545895296,-0.0625825762031,0.0992994551334,-0.753233327514,3.12248795135e-05,0.0129599352833,0.771100408811,-7.08984041752e-07,-0.00121827176453,0.132882851577,-0.000643726284999,0.108988356777,0.884542244372,-0.00156973736299,-0.0990147488898,-0.785318379464,1.21434591354e-05,0.00936068293736,-0.957647128753,0.0478104467439,-0.0528660931794
gradient,1,0.38,0.389999985695,predicted,Actual proposal support boundary; monitored coordinates are pre-native endpoint forecast,True,50,-0.156612895906,0.420615120232,-0.0234218786621,0.138899770937,-0.177251985993,0.0407197979183,7.29475416378,5.84043634875,0.108894421355,-0.413167623946,2.33125528911,0.182432718859,0.267704996133,0.264487040348,0.25910726425,0.206835626395,4.66060983576,0.172780036372,0.688307459067,9.57129064756,4.82016452985e-08,0.000290106321249,8.9792559967,1.80278550953e-06,0.00197731647875,9.06650633845,4.43401357553e-07,0.00117998971936,8.03403725353,4.5255405615e-05,0.0153057420813,10.1278823445,7.54861475494e-09,6.96993950105e-05,9.06156385013,5.2298358254e-07,0.00119446079744,8.22309416497,3.97162380346e-06,0.00773923698091,9.0989435223,3.15667549042e-07,0.000997912281868,8.9367041184,1.26967355901e-06,0.00196246785898,8.638075415,2.81176377118e-06,0.00361518535457,7.89341605847,6.04897371742e-05,0.0208334814511,8.56346704317,2.38795456989e-06,0.00377840292689,4.80424159929,0.137175791049,0.384990729324,8.4000394255,1.1144766968e-05,0.00767049406475,9.47238271261,1.66048592397e-07,0.000485698117627,5.3978485844,0.0510198101778,0.35625551787,7.23800721319,0.000399672159808,0.0735340801331,8.54889091669,3.98197845854e-06,0.00476895664312,5.10529969521,0.059005323222,0.170493593155,-0.420327718698,-0.263670010347,-0.152416586876,-0.592680826783,0.0649906396865,-0.0472450743897,-0.854803318652,-2.63691129043,1.2486666405,0.260412482954,-4.47488391003,0.0155930340413,0.0156962242214,0.0527528466006,0.0525143940182,-0.0152774200311,-0.0426330969993,0.0946775712892,0.0060503836181,0.0992977880093,-1.52856103111e-08,-8.77155631172e-05,-0.125907436199,6.06383015015e-07,0.000422117935669,1.20305234808,-2.99318010876e-06,-0.0045080936518,0.434336859774,-7.92341476501e-05,-0.0135848731706,0.665181130519,-3.29000250789e-08,-0.000193323035934,0.685471580341,-2.555788592e-06,-0.00288611056639,-0.139213365019,3.82883684568e-06,0.00352067166568,0.135703442086,-1.37681133574e-07,-0.000310856596692,-0.265963721396,4.4021658902e-07,0.0010025043939,-1.13821675901,1.58540421534e-05,0.0113848884661,0.295004915159,-2.64186159689e-05,-0.0125094958374,0.075245730961,-2.86001169063e-06,-0.00104533936324,-0.0642088025332,0.00164735094314,0.0400897827282,-0.920851981356,4.26295159769e-05,0.015811565315,0.606393888175,-6.46987468362e-07,-0.00110149565138,0.324188024256,-0.0191125336333,0.0303500144352,0.498277921327,-0.000755632165566,-0.061843900887,0.474849667314,-8.34482984193e-06,-0.00593815551235,-0.170822497068,0.00299531534558,-0.0268663572272
gradient,1,0.39,0.399999976158,predicted,Actual proposal support boundary; monitored coordinates are pre-native endpoint forecast,True,50,-0.15466633136,0.416713129025,-0.0242411015892,0.131372594795,-0.174485377994,0.0405452544946,7.26009774418,5.81787003433,0.111955381851,-0.417620541757,2.26864789952,0.182612100396,0.267998204544,0.265228445546,0.260040489223,0.206671111623,4.65838513037,0.174346855789,0.688932999666,9.57424491897,4.75132026062e-08,0.000287341808209,8.98903298757,1.71892328581e-06,0.00192572643165,9.07923679012,4.12980510204e-07,0.00113406122096,8.03641822923,4.49766671013e-05,0.0152264595449,10.1316617697,7.31794226856e-09,6.8334626303e-05,9.07183452131,4.88955264354e-07,0.00115481260447,8.22300901674,3.9837590308e-06,0.0077447359428,9.09935244507,3.1567256718e-07,0.000997470076138,8.9348550875,1.2499638967e-06,0.00196346668751,8.62642360486,2.98090480582e-06,0.00373372851685,7.90255294719,5.87839410196e-05,0.020450526512,8.56586331936,2.35703377012e-06,0.00375536693723,4.79976475252,0.137888245923,0.384679829351,8.39404582483,1.14426038201e-05,0.00777347337972,9.47700681071,1.60047678495e-07,0.000475691661802,5.40041409998,0.0508357492482,0.355843194059,7.24026162434,0.000395966477578,0.0732811357695,8.55971395032,3.80428128879e-06,0.00463664776592,5.10710508331,0.0588326076085,0.170561246076,0.199605471562,-0.512490932229,-0.302114367485,-0.303697764874,0.0514157414436,-0.00910863487861,-1.41809333741,-1.26161132432,-0.625709098833,-1.08420499137,-1.54897838478,0.0171743246896,0.0189095103065,0.043527908095,0.0242643693894,-0.00377146799355,0.313981113213,-0.0176093932706,0.0595695267194,0.239815328422,-6.82879308069e-08,-0.000244183170288,-0.0555584653362,2.80409768795e-07,0.00022082194831,0.307381248357,-8.6975781988e-07,-0.00123586472058,0.483957955191,-0.000100723720451,-0.0150517710803,1.23129407284,-5.53759327605e-08,-0.000336511926819,-0.0500895882479,-1.49023591831e-08,0.000137404214671,-0.104645362497,1.22546136066e-06,0.00202492613475,0.297287941801,-5.64165559678e-07,-0.00101185252136,-0.0728809537076,1.97896558263e-07,0.000286554188267,0.0564506347377,-2.96735094936e-06,-0.00126165567367,0.878107024362,-0.000180874957855,-0.0364955149868,0.187874016759,-8.01083986807e-07,-0.00158626546348,-1.0387934326,0.166803314555,-0.116231830939,-0.00316989881964,-4.69163939866e-07,-0.000121006739465,1.77854737428,-1.67574654189e-06,-0.00300117457496,-0.263250009861,0.0187058184675,-0.0217600524143,0.0461179447049,-4.16212378667e-05,-0.00646023321742,-0.132595600233,5.31277205468e-06,0.00192085582216,0.737700893984,-0.0400960980981,0.0492668885738
gradient,1,0.4,0.409999996424,predicted,Actual proposal support boundary; monitored coordinates are pre-native endpoint forecast,True,50,-0.152620786474,0.410365301588,-0.0294641660118,0.132825815639,-0.176223671165,0.0405376252207,7.26639229704,5.81520412227,0.0963802393786,-0.434851723774,2.30027572142,0.182776205353,0.268083186339,0.26535759851,0.259592551638,0.206760197036,4.66688945802,0.172427848507,0.689498849602,9.57608695413,4.68358866824e-08,0.000285222657843,8.97814482739,1.80839370491e-06,0.00198173291772,9.07265396342,4.26006201155e-07,0.00115527242494,8.04371641263,4.32409312059e-05,0.0150047066597,10.152508226,6.44109609973e-09,6.29691564742e-05,9.06056205837,5.22685535356e-07,0.00119720888173,8.22100125772,3.99613303067e-06,0.00777973550361,9.10488928113,3.04384237848e-07,0.000977675231441,8.93524649932,1.27363149017e-06,0.00196819894275,8.63920442769,2.75241675219e-06,0.00358995224109,7.91097819896,5.68722380171e-05,0.0201035711514,8.56722452351,2.37193289016e-06,0.00374667761762,4.78346573064,0.14051185734,0.382666092705,8.39997602753,1.11353836892e-05,0.00766807392996,9.50795366009,1.32533661559e-07,0.000425674626128,5.3925835842,0.0513939265472,0.355820316822,7.23892957208,0.000398839735051,0.0734048754687,8.54623900469,4.08823389963e-06,0.00480737375956,5.12005371309,0.0582034012601,0.171478930927,0.261526059862,-0.777228745295,-0.243039131165,0.578344553709,-0.00643455982203,0.0152206994712,-0.392859045399,0.395707902995,-1.01107833712,-1.12638286781,1.79369698562,0.00505065104,0.0064375302378,0.0155556473116,-0.0201536047864,0.00203735497693,0.426284394085,-0.0957773384175,0.0318305445475,-0.580319646975,1.50240592738e-07,0.000575343357239,-0.447502392114,4.09338520676e-06,0.00249544912465,-0.465982490477,8.77535587882e-07,0.00148500027315,0.802401240317,-0.000174605869554,-0.0244895971665,1.12343330773,-4.78094844413e-08,-0.000293069915178,-0.350902358472,1.08802613201e-06,0.00133167735529,-0.022360265264,-1.3142776053e-06,-0.000237109532852,0.257877661539,-5.73270991882e-07,-0.000981691042052,0.309639536148,5.72738943444e-07,-0.00102346700557,1.1391802222,-2.03820586139e-05,-0.0124290248591,0.359416097463,-8.26455019927e-05,-0.0148257392282,-0.337664780248,7.20073098264e-06,0.00431079416571,-1.0236966831,0.169075220284,-0.107261259778,1.05956235366,-5.15818347889e-05,-0.0185408778548,1.82335622177,-1.63164107255e-06,-0.00297979428776,-0.892799375139,0.0647264824823,0.00882920458393,-0.0936110911126,0.000244503532715,0.00643064562065,-0.735174177892,1.70837131744e-05,0.009650881289,0.648801679257,-0.0286104226622,0.0643721793251
gradient,1,0.41,0.419999986887,predicted,Actual proposal support boundary; monitored coordinates are pre-native endpoint forecast,True,50,-0.149435810163,0.401168554119,-0.0291018842125,0.142939485869,-0.17461406919,0.0408496684841,7.25224056328,5.82578419239,0.0917338151083,-0.440148199113,2.30452183923,0.182713113417,0.268126955149,0.265539558492,0.259637417127,0.206711858722,4.66691081825,0.172431309021,0.689569610557,9.56263852603,5.05180144609e-08,0.000298848675354,8.98008293972,1.80079098994e-06,0.00197563541414,9.06991714032,4.30531221962e-07,0.00116376122642,8.05246625404,4.14845497102e-05,0.0147366676015,10.1541304359,6.36175257974e-09,6.24732279995e-05,9.06481647414,5.10715786994e-07,0.00118144615158,8.22256181143,3.9574734787e-06,0.00773999375214,9.1045099983,3.04207147343e-07,0.000977836255297,8.94104787822,1.26141867557e-06,0.00194299734739,8.64920720931,2.57326363354e-06,0.00348514801967,7.90974126914,5.71310309798e-05,0.0201540117274,8.55911002376,2.50104838977e-06,0.00384158282054,4.77929081886,0.141269750328,0.382534604156,8.4152370719,1.04109671243e-05,0.00740265582262,9.51347393514,1.27414857044e-07,0.000416095776047,5.38255811247,0.0521302788978,0.35601977815,7.23838940252,0.000400856548233,0.0734097486819,8.54501046677,4.14595555228e-06,0.0048296653917,5.12008111689,0.0582603991553,0.171848689663,0.252892120191,-0.757315495113,-0.183980107307,0.352027744055,-0.160246938467,0.0228945267851,-1.04314908613,-0.0980518381319,-0.549189586184,-0.523875905161,0.6720733824,0.0118592932517,0.0128047094828,0.0265329303186,-0.000382908917476,-0.00896887338481,0.245962848307,-0.0521273805806,0.0292103908739,-0.572367695197,1.5946496637e-07,0.000576518583273,-0.3213110933,3.55697722786e-06,0.00199059838641,-0.0445493970252,-5.10776876153e-08,-5.11522544158e-06,0.535067682027,-0.000125951214501,-0.0159365468854,0.950356787232,-3.59045771696e-08,-0.000230079865344,-0.0983732979516,1.74457445937e-07,0.000292454562293,-0.0556854182412,-8.96680635877e-07,0.000289855835377,-0.107895207218,2.45365072516e-07,0.000429467508546,0.354937557175,-4.22606652947e-07,-0.00144246822545,0.939002857975,-1.6801364842e-05,-0.0101618844872,0.313924812848,-5.70903148086e-05,-0.0130571298144,-0.217429562667,4.87664782428e-06,0.00280061596928,-0.599208562176,0.103224144944,-0.0394515533468,0.999115290825,-4.51369686106e-05,-0.0173415484722,0.979814469535,-7.70060757917e-07,-0.00149537104269,-0.601943177449,0.0452081681275,0.0209307804701,0.10150907466,-0.000153552353824,-0.0123105742954,-0.682438247412,1.56789020158e-05,0.0091273810158,0.235295380264,-0.00864908837386,0.0307753581034
gradient,1,0.42,0.42999997735,predicted,Actual proposal support boundary; monitored coordinates are pre-native endpoint forecast,True,50,-0.147562944071,0.395218991686,-0.033143768158,0.139866370521,-0.179428609934,0.0409955157564,7.24552931531,5.8132430855,0.0853964476549,-0.445329241877,2.31371718906,0.183013391218,0.268339280528,0.265888257116,0.259584893459,0.206580819568,4.67180871499,0.171385300895,0.690083057419,9.56463960022,5.00251860098e-08,0.000296753029509,8.97171860553,1.87953324946e-06,0.00202154488544,9.07176297548,4.24984647403e-07,0.00115517012044,8.05441776627,4.07219069159e-05,0.014685975722,10.1715153618,5.72300455634e-09,5.83675591673e-05,9.05859459241,5.26174684275e-07,0.00120305797298,8.21988754936,3.97819941795e-06,0.00778553262031,9.10273137699,3.09291539299e-07,0.000986264581612,8.94234525047,1.26517935711e-06,0.00193934957824,8.65798448485,2.41638945535e-06,0.00338671455135,7.91725669522,5.5730431721e-05,0.0198424285551,8.56287593225,2.46946584664e-06,0.00380268993701,4.77148155939,0.142576340239,0.381877061638,8.41995833334,1.02326443169e-05,0.00732124296051,9.52754994948,1.17132446401e-07,0.000395767205274,5.38054472065,0.0522980899097,0.356238932432,7.24095975358,0.000395768687974,0.0731586639828,8.53259023974,4.40181193995e-06,0.00498992137988,5.1247596207,0.0580304194926,0.172094438089,0.103150943678,-0.660387626544,-0.239236712456,0.185663759708,-0.210670560598,-0.0313585788102,-0.957529246481,-0.854749934571,-1.00338632278,-0.454439417464,0.0452591766745,0.0236000396069,0.0150561432179,0.0277223753865,0.00120710891489,-0.00316106859686,0.4219309093,-0.0779465903613,0.0731354207026,-0.0715619819026,1.40868579181e-08,4.88251153429e-05,0.254375527922,-1.4167263976e-06,-0.00106093002214,-0.0661487479825,9.06893778174e-09,6.67701885351e-05,0.389997480787,-9.93998286271e-05,-0.0112624058897,1.70351992298,-6.06629649409e-08,-0.000397270347,-0.129010414826,3.76048534691e-07,0.000490023298117,-0.24196222455,3.3101755225e-06,0.00478974447593,0.0416299275556,-8.91053784401e-09,-5.61421018479e-05,-0.040902268599,3.7183759657e-07,0.000308539533764,0.811008573759,-1.29415622245e-05,-0.00857283801372,0.551112759136,-0.000115745022713,-0.02273021695,-0.0276656614687,1.75349896627e-06,0.000586265034364,-0.675323457967,0.110257982958,-0.0682716866966,0.617958745012,-2.31297477617e-05,-0.0105076700461,1.31011594147,-9.45868786774e-07,-0.00189385587758,-0.45729167887,0.0372311122152,0.0457450220109,0.252056054831,-0.000489527376058,-0.0247682445655,-0.33302735765,7.57691315928e-06,0.00442371289573,0.512087066884,-0.0194666331271,0.0528529081157
gradient,1,0.43,0.439999997616,predicted,Actual proposal support boundary; monitored coordinates are pre-native endpoint forecast,True,50,-0.147372791289,0.387960801589,-0.0338866184616,0.146652761064,-0.178827480402,0.0402224969079,7.23308997835,5.80868919369,0.0716660886527,-0.449236987462,2.30542702277,0.183185114209,0.268428078013,0.266094006,0.259661559305,0.20664863735,4.67534943643,0.170872377214,0.691032318971,9.56120728639,5.07997516193e-08,0.000299825177661,8.98517045028,1.77245646199e-06,0.0019544168137,9.06859416536,4.30712600718e-07,0.00116509663019,8.06026620366,3.94965531376e-05,0.0145114194837,10.1882008343,5.14849328092e-09,5.45278210595e-05,9.06223626585,5.18236757688e-07,0.00119124661754,8.21772256694,4.02367698915e-06,0.00783578864166,9.10534259685,3.04028936586e-07,0.00097671341326,8.94022983285,1.2688554275e-06,0.00194916813807,8.66542738078,2.31443238905e-06,0.00331369125939,7.92076352433,5.48161305255e-05,0.0196994073884,8.55855671053,2.5361183691e-06,0.00385330812123,4.7657843497,0.143474909987,0.381169170422,8.4275962468,9.94837216905e-06,0.0071925024217,9.53967625397,1.08497481309e-07,0.000378218658496,5.3734122789,0.0528749011421,0.35693467859,7.24343052361,0.000391066000711,0.0729143837906,8.53834991961,4.29749381547e-06,0.00491813964961,5.13032285823,0.0578710664927,0.172905747825,-0.0528289692054,-0.947982850739,0.202228188515,0.880850553513,0.349747002125,-0.0120620994382,-0.615674726592,-0.106869117075,-0.900500894029,0.155555132325,-0.85366882991,-0.00887063825263,-0.00318309487899,0.0117755016561,0.0326823571088,-0.00548464824641,0.0366329221627,0.00658637039215,0.0770024019979,0.00074020923978,-3.23753124728e-08,-7.7691299238e-05,1.23373885784,-9.38921512863e-06,-0.00598985063866,-0.501741326019,1.09885270775e-06,0.00175200859007,0.752180585292,-0.000140929074617,-0.0220126209505,-2.03295937251,8.23674678783e-08,0.000513978785723,0.577440660579,-1.33299861843e-06,-0.00193724330025,0.11893307993,-2.02465989684e-06,-0.00255673300274,0.338170852529,-7.59368344198e-07,-0.00135526275304,0.0805364702545,-1.10885509643e-06,-0.000552802557205,0.500306648121,-6.39152355746e-06,-0.00458975220222,-0.191940629724,2.61360265457e-05,0.00790377134391,-0.776055591716,1.20843436685e-05,0.00890160592144,0.273281145885,-0.0471302708843,0.0790491187746,0.836246988678,-3.22634340737e-05,-0.0139272299322,-1.52828535202,1.3014112101e-06,0.00245974735372,-0.784735361417,0.0635529062796,0.0715736241987,-0.0637069821478,0.000139166925778,0.0059693062229,0.8415876304,-1.51905813421e-05,-0.010380361129,0.896838685733,-0.0401010622856,0.0835750071784
gradient,1,0.44,0.449999988079,predicted,Actual proposal support boundary; monitored coordinates are pre-native endpoint forecast,True,50,-0.148619523455,0.376259334671,-0.0290992043877,0.157483381591,-0.172433669891,0.0407542737676,7.23321582078,5.81110570316,0.0673864297744,-0.442218139231,2.29664381247,0.182835978453,0.268275618631,0.266123767149,0.260238540601,0.206471126603,4.67254137343,0.171517028303,0.691623105459,9.56465440441,4.93776797603e-08,0.000295199203524,8.99639338268,1.69174894689e-06,0.00190174787267,9.06172814896,4.46961701558e-07,0.00119021029224,8.06946137798,3.79033254236e-05,0.014245723303,10.1308561743,7.3703539139e-09,6.86471348818e-05,9.07014340562,4.99514711906e-07,0.00116431310697,8.22226621096,3.93770622002e-06,0.00773439796026,9.10949479404,2.94104172415e-07,0.000959159326551,8.94395597987,1.24300225519e-06,0.00192829352709,8.66799061782,2.2885589842e-06,0.00329491950731,7.91341788262,5.62531522519e-05,0.020000503982,8.54735482042,2.71115272001e-06,0.00398072205544,4.77694718231,0.141633734821,0.383458044013,8.43668327312,9.58737563547e-06,0.00704269836187,9.49698424244,1.43160670603e-07,0.000444962152348,5.36485001342,0.0535691480353,0.357670404916,7.23968561393,0.00039855202649,0.0732780501073,8.54942199235,4.09800031311e-06,0.0047823141573,5.14269639441,0.0572283982469,0.173765938233,0.0700291890357,-1.65771515169,0.354311704636,0.83693215251,0.606152147055,0.0332929235168,0.124629966819,-0.172773598696,-0.254970597348,0.0756980125262,-0.40466833616,-0.0141122882878,-0.00680536993035,0.00530371887892,0.0251910394076,-0.00698089941309,-0.253723130194,0.0556384224703,0.0639110873141,0.291561414877,-1.08118094453e-07,-0.000364215162433,0.957694844849,-7.03641096304e-06,-0.00456643347847,-0.447924790009,1.00130541296e-06,0.00157485883324,0.808815252287,-0.000134470531937,-0.0233196620185,-2.5238895272,9.56645117512e-08,0.000613263650144,0.629618327157,-1.50500468525e-06,-0.00213638817085,0.424787159631,-7.42582730266e-06,-0.00914978074631,0.245608495623,-5.6295035536e-07,-0.00101749240441,0.18298221504,-1.63174897906e-06,-0.0011277637841,-0.00330411775957,1.26623196094e-06,0.000627822060689,-0.52990737466,9.7606447791e-05,0.0216662719276,-0.81840436742,1.19443277059e-05,0.00922955662719,0.47471060573,-0.0877049916277,0.127328738596,0.462684732662,-1.79122923884e-05,-0.00758672815503,-1.85963932911,1.49449150108e-06,0.00289453721731,-0.478880734625,0.0379438852937,0.048324933483,-0.296737230317,0.000591937532976,0.0291934678319,1.02145490817,-1.83469316853e-05,-0.0124771781456,0.871721453646,-0.0493993641371,0.0449742177024
gradient,1,0.45,0.459999978542,predicted,Actual proposal support boundary; monitored coordinates are pre-native endpoint forecast,True,50,-0.145972207508,0.354806498555,-0.0268003843689,0.163391404114,-0.166704437461,0.0408883553782,7.23558257768,5.80523372172,0.0665666767057,-0.447723027212,2.29733365604,0.182902868443,0.268291970615,0.266200080377,0.260165380094,0.206509019362,4.67027497383,0.171985145663,0.692310540717,9.56703851469,4.86373897302e-08,0.000292540874412,9.00432434718,1.63172824273e-06,0.00186308814413,9.05963566956,4.50738708977e-07,0.00119659380686,8.0764425087,3.68071424989e-05,0.0140450262434,10.1377230438,7.06178351594e-09,6.67930940624e-05,9.07482863239,4.88136663983e-07,0.00114851885412,8.22621831013,3.87516044309e-06,0.00765279302673,9.11025476676,2.92769929479e-07,0.000956363565172,8.94388947715,1.23622044792e-06,0.00192661286239,8.66536129843,2.33975702827e-06,0.00332624770061,7.91016537683,5.67682594813e-05,0.020132732827,8.54218862318,2.77500492321e-06,0.00403789925377,4.77527856181,0.141720810155,0.383715745194,8.43684994145,9.59012632128e-06,0.0070407678586,9.50248346739,1.3838731133e-07,0.000436109402842,5.3638346642,0.053633778848,0.35790117726,7.23749577901,0.000402904751371,0.0734982531472,8.55877901778,3.93055518176e-06,0.0046685960867,5.1477572873,0.05688307921,0.173805232179,0.0318618769292,-0.888094799242,-0.0150132179261,0.328266561031,0.339979499578,-0.00605748773093,0.0146062021919,-0.215612157578,0.075895021427,-0.0756398759302,-0.219144284298,-0.00053514032755,0.000786276170459,0.00479186951656,0.00283137614819,0.000745853251562,-0.111649720345,0.0155358530389,0.0113138603713,0.0658902465874,-2.40079462113e-08,-7.95990989696e-05,0.437496525988,-3.56398097362e-06,-0.00223245178667,-0.156904484617,2.86588177031e-07,0.000495133421357,0.356873133124,-5.93840011181e-05,-0.00998427447116,0.0304191176857,-1.74472570824e-09,-1.03881032803e-05,0.292362803059,-4.4468265563e-07,-0.000826635791102,0.0332723202056,1.16662530493e-07,-0.000357714699806,0.211734519972,-3.23413348474e-07,-0.000663442867868,0.128298459465,-1.32375793794e-06,-0.000841797518336,-0.357951260592,6.12040289949e-06,0.00382696006351,-0.104572643238,1.40205401352e-05,0.00421974934167,-0.202599371264,2.83176750536e-06,0.00229752027306,-0.114991355759,0.0102580985513,0.0331417501506,-0.0260826871366,5.45401113336e-07,0.000474666883816,0.0679061999402,-5.40398486945e-08,-0.0001036477399,-0.196561250499,0.0151756602241,0.0120311909222,0.114867733049,-0.000118578375937,-0.016613200925,0.502502252668,-8.97262811065e-06,-0.00609498135663,0.189681367572,-0.0160075755436,0.00467773827768
gradient,1,0.46,0.469999998808,predicted,Actual proposal support boundary; monitored coordinates are pre-native endpoint forecast,True,50,-0.147982285916,0.358497438686,-0.0293994687462,0.164048712811,-0.1656340799,0.040633124013,7.23350794482,5.80679346001,0.0689043302029,-0.443730936749,2.29226092678,0.182825275647,0.268291344154,0.266219604539,0.260295168124,0.206486043668,4.67030837903,0.171827745364,0.691849382666,9.56597220934,4.88975208361e-08,0.000293607221545,9.0051433132,1.62046932742e-06,0.00185709883694,9.05859005926,4.52693465098e-07,0.00120011296066,8.07659884064,3.67156454012e-05,0.0140460378135,10.1314645567,7.33545939974e-09,6.84393728161e-05,9.07599066168,4.90621058794e-07,0.00114778039115,8.22293165736,3.94003947063e-06,0.00772724366626,9.11372948444,2.87635905445e-07,0.000945890469194,8.94652194906,1.21652709643e-06,0.00191145757673,8.6608315926,2.41096704219e-06,0.00337145870858,7.91132642976,5.65335630546e-05,0.0200848989688,8.543302833,2.76778807012e-06,0.0040266724609,4.7746473552,0.141838896792,0.384120879016,8.43616161937,9.59828365774e-06,0.00705219169955,9.49834236644,1.42079873629e-07,0.00044288919755,5.36091878841,0.0538726612398,0.357911028734,7.24198296859,0.000396180458971,0.0729457860888,8.5594720374,3.91854775089e-06,0.00466041453016,5.14649002176,0.056908246736,0.173859492998,-0.09990032366,0.0802457864855,-0.327066898346,0.497364073992,0.187701582909,-0.0666388967384,-0.901416800477,1.03222512578,0.121618191789,0.678129553885,0.654994758754,-0.00363668949318,0.00349366157652,-0.000373958916533,0.00224537504553,-0.00305649408805,0.442699335695,-0.0642771777361,-0.00294277164888,-0.654694055283,1.89062001349e-07,0.000686784105206,0.527067263847,-4.45377684624e-06,-0.00276081618985,-0.118996978559,1.89211643232e-07,0.000346301108866,0.242644423692,-4.68289720786e-05,-0.0067630911692,-0.699112347553,3.12174863505e-08,0.00018614074691,0.198172514687,3.09400450623e-08,-0.000353996785996,-0.449238757048,9.29684480602e-06,0.010114801249,0.621796489973,-9.37450476078e-07,-0.00190855021931,0.930350483865,-5.28628919057e-06,-0.00486192771206,-0.177954588719,3.96958183104e-06,0.00196099789464,-0.300568319552,7.54037611183e-05,0.012319908814,-0.0585597574505,2.93940502377e-06,0.00107313303122,-0.0378489161355,0.0295492576421,0.0549643410459,0.884165902797,-3.73039282459e-05,-0.0142695208947,-0.512412954643,4.57621463639e-07,0.000838380335356,-0.705741273558,0.0503802398199,0.0162266128528,0.465919330807,-0.000611049037974,-0.0615304546388,-0.0940837224167,2.16706626293e-06,0.00134392037352,-0.231937891803,0.00973001526364,0.0136090940884
gradient,1,0.47,0.479999989271,predicted,Actual proposal support boundary; monitored coordinates are pre-native endpoint forecast,True,50,-0.147970213981,0.356411414284,-0.0333417223358,0.173338685594,-0.162950405803,0.0395555774434,7.21755424167,5.82587822424,0.0689990405415,-0.434160436134,2.31043355122,0.182830134653,0.268361843846,0.266192601199,0.260210287595,0.20644788948,4.67912896054,0.170699602108,0.692251685284,9.55394463359,5.24186297572e-08,0.000306276556516,9.01486569246,1.54265270581e-06,0.00180787182033,9.05725572998,4.54522941842e-07,0.00120351982904,8.08129539718,3.58705630573e-05,0.01390976442,10.1237407968,7.68613324295e-09,7.05159090006e-05,9.07879208268,4.88755464884e-07,0.0011414389184,8.21723353499,4.06109733921e-06,0.00785508905172,9.12269069656,2.74020919957e-07,0.000918192560786,8.96249648683,1.1304946641e-06,0.00182937430815,8.66180220665,2.41914866489e-06,0.0033654676585,7.90415401044,5.82763347037e-05,0.0203791310032,8.54101742803,2.83379302369e-06,0.0040593619144,4.77452158349,0.142311795308,0.384815032015,8.45453325951,8.84404775636e-06,0.00675537744071,9.4922352083,1.47539740603e-07,0.000452877009549,5.34971983873,0.0546413836444,0.358225709517,7.24681416562,0.000390683770611,0.0722676440544,8.55689734333,3.97389650702e-06,0.00469547449417,5.14311852947,0.0570776795152,0.174077414061,-0.0155750386411,0.104552467911,-0.306090593338,0.657341599464,0.0561890900135,-0.0662962719985,-0.305985417164,2.09972576824,0.559024288248,0.811140696872,2.28185931288,-0.00842143039418,-0.00875235989913,-0.0269382662491,-0.0234497035469,0.010352665511,0.575146438891,-0.113867759447,-0.0205514504571,-1.08463185419,3.24118173193e-07,0.00114970598498,-0.0566868250176,2.02782235065e-07,0.000199393140754,-0.0912357534099,1.4343961925e-07,0.000248669211611,0.433318757218,-9.09273871187e-05,-0.0124346924261,-0.560701214998,2.58167309329e-08,0.000152273846324,0.0206183453185,2.12151844484e-07,8.52517270071e-05,-0.450312110321,8.98494184424e-06,0.0100351426211,0.504536455925,-7.47550675577e-07,-0.00153752937276,1.26108706088,-6.16875319926e-06,-0.00626150532025,0.119991917755,-4.88708661272e-07,-0.000974034123012,-0.71667338154,0.000177366971754,0.0293319963282,-0.273334439554,6.62143499798e-06,0.00366551421185,0.0471929969025,0.0214174113298,0.0293441507235,1.1812935194,-4.7904454862e-05,-0.0189750411733,-0.287687884893,2.33202839296e-07,0.000435331939491,-0.857964664333,0.0569746473226,0.0164525776407,0.457215723049,-0.000591736325285,-0.0602996870207,-0.687576021622,1.3493840814e-05,0.00875308587102,-0.308125276838,0.0190161709406,0.0287446425736
gradient,1,0.48,0.489999979734,predicted,Actual proposal support boundary; monitored coordinates are pre-native endpoint forecast,True,50,-0.148293786689,0.360588488044,-0.0355212806129,0.177195544801,-0.1645102981,0.039307198573,7.22738823648,5.84878797538,0.0800848159679,-0.427508122812,2.33789811304,0.182656847039,0.268116296956,0.265680839214,0.259826174053,0.206693096978,4.68181130781,0.169550390175,0.691438353657,9.54427957226,5.53798843e-08,0.000316601341244,9.0040095767,1.62452497212e-06,0.00186108669975,9.05676534419,4.55562257483e-07,0.0012050863449,8.08526521578,3.48970976588e-05,0.013797343965,10.1202505324,7.85179401839e-09,7.14848497426e-05,9.07640302859,4.94864095683e-07,0.00114948542569,8.21392541515,4.11973830751e-06,0.00792794651869,9.12382021356,2.72684891934e-07,0.000915139881739,8.97174369028,1.09315203244e-06,0.00178622747032,8.66323143096,2.40119286897e-06,0.00335197802612,7.89699296213,6.00809024897e-05,0.0206715388954,8.5378361442,2.90021677008e-06,0.00409998274514,4.77559121514,0.142267245019,0.384707762031,8.45978748976,8.6401945605e-06,0.00667269087608,9.49258860874,1.46743930415e-07,0.00045159583634,5.34375949513,0.0550121541862,0.358240080287,7.25112728305,0.000384345732465,0.0717397923484,8.54572051697,4.18842456717e-06,0.00483547624758,5.14032751623,0.0572885701548,0.17443438585,-0.366662124859,2.94398100812,-0.106326699257,0.279616504908,-0.179181605577,-0.0570602731779,0.754272591983,1.83043479313,1.05500286011,0.895454995859,1.90032795914,-0.0166324501085,-0.0191341687719,-0.0343777060297,-0.0284008992988,0.0147526109418,0.215691571482,-0.064513292687,-0.0820550795088,-1.04173690716,3.29894957263e-07,0.00113923370892,-1.161321109,9.18790001279e-06,0.00584960809779,0.317118453659,-8.07513076601e-07,-0.00121351862912,0.353398201648,-7.90429642472e-05,-0.0102297127934,-0.368340887915,1.70123188566e-08,9.9194924823e-05,-0.311008836668,9.26793639764e-07,0.00110984821104,-0.299339137467,5.93129889591e-06,0.00679156560826,0.203349193313,-3.033253303e-07,-0.000624536703784,0.518950075909,-8.66702854318e-07,-0.00204728904077,0.42784741175,-6.25540465112e-06,-0.00428972692261,-0.658993885089,0.000164412090695,0.0275286549708,-0.416187013681,7.5148491124e-06,0.00522606737441,0.144628495111,-0.0179927954833,-0.00730628618858,0.432743558623,-1.71633464662e-05,-0.0067547106569,-0.219034242131,1.40304743635e-07,0.000274017286433,-0.597030710156,0.0373400400479,-0.0128698283262,0.37660425949,-0.000542489250259,-0.0464907926966,-1.02429515655,2.05100620278e-05,0.0130320548827,-0.349321562912,0.0246462707505,0.0279293346973
gradient,1,0.49,0.5,predicted,Actual proposal support boundary; monitored coordinates are pre-native endpoint forecast,True,50,-0.155303456479,0.415291034447,-0.035468256321,0.178931015692,-0.166534037914,0.0384143719799,7.23263969351,5.8624869201,0.0900990977438,-0.416251336217,2.3484401104,0.182497485651,0.267979160471,0.265505047078,0.259642269609,0.206742941699,4.68344279197,0.169409336255,0.690610583694,9.53310989544,5.90165289025e-08,0.000329061230695,8.99163927028,1.72641070606e-06,0.00192486398229,9.06359809906,4.38372680309e-07,0.00117924945645,8.08836336121,3.42897037724e-05,0.0137051701641,10.1163739791,8.02637962008e-09,7.2499807497e-05,9.07257190595,5.0729133768e-07,0.00116363588262,8.21124675224,4.17972331713e-06,0.00799092036388,9.12675768043,2.67954413351e-07,0.00090570182671,8.97287548834,1.11316060702e-06,0.00178842852733,8.67035915489,2.29404057187e-06,0.00327967312005,7.89097413274,6.15645765176e-05,0.0209297041027,8.53269368776,2.98409000594e-06,0.00416388326188,4.77741415339,0.141951939398,0.384668906291,8.46318813068,8.50078082704e-06,0.00662028322757,9.48785452346,1.50345835476e-07,0.000458357355277,5.33777922453,0.0553881844454,0.357968312951,7.25434625081,0.000379833985606,0.0713378282005,8.5364114402,4.38409774757e-06,0.00495611559183,5.13613209821,0.0575706049302,0.174636000755,-0.700966978963,5.47025464027,0.00530242919901,0.1735470891,-0.202373981476,-0.0892826593161,0.52514570325,1.36989447228,1.00142817759,1.12567865951,1.05419973636,-0.0159361387593,-0.0137136485656,-0.0175792136114,-0.0183904444868,0.00498447208574,0.163148416836,-0.0141053919909,-0.0827769963485,-1.11696768147,3.63664460248e-07,0.00124598894505,-1.23703064256,1.01885733941e-05,0.00637772825372,0.683275486267,-1.71895771738e-06,-0.00258368884413,0.309814542578,-6.0739388644e-05,-0.00921738008909,-0.387655326471,1.74585601689e-08,0.000101495775439,-0.383112263793,1.24272419963e-06,0.00141504569348,-0.267866291215,5.99850096205e-06,0.00629738451953,0.293746687083,-4.73047858288e-07,-0.000943805502901,0.113179806667,2.00085745769e-06,0.00022010570102,0.712772392869,-1.071522971e-05,-0.00723049060682,-0.601882938637,0.000148367402796,0.0258165207288,-0.514245644695,8.38732358549e-06,0.0063900516747,0.182293825676,-0.0315305620684,-0.0038855739779,0.340064092027,-1.39413733467e-05,-0.005240764851,-0.473408528813,3.60190506119e-07,0.000676151893733,-0.598027059494,0.0376030259129,-0.0271767336149,0.321896775783,-0.000451174685903,-0.0401964147859,-0.930907677026,1.95673180401e-05,0.0120639344243,-0.419541801672,0.0282034775413,0.0201614905082
