arm,batch,time,state_time,monitored_coordinate_view,state_time_semantics,within_control_state_window,n_available,mean_reward,mean_standardized_residual,global_centroid_x,global_centroid_y,global_centroid_z,shape_xx,shape_yy,shape_zz,shape_xy,shape_xz,shape_yz,pair_kernel_1.5,pair_kernel_2.5,pair_kernel_3.5,pair_kernel_5.0,pair_kernel_7.0,landmark_00_softmin,landmark_00_occupancy3,landmark_00_occupancy5,landmark_01_softmin,landmark_01_occupancy3,landmark_01_occupancy5,landmark_02_softmin,landmark_02_occupancy3,landmark_02_occupancy5,landmark_03_softmin,landmark_03_occupancy3,landmark_03_occupancy5,landmark_04_softmin,landmark_04_occupancy3,landmark_04_occupancy5,landmark_05_softmin,landmark_05_occupancy3,landmark_05_occupancy5,landmark_06_softmin,landmark_06_occupancy3,landmark_06_occupancy5,landmark_07_softmin,landmark_07_occupancy3,landmark_07_occupancy5,landmark_08_softmin,landmark_08_occupancy3,landmark_08_occupancy5,landmark_09_softmin,landmark_09_occupancy3,landmark_09_occupancy5,landmark_10_softmin,landmark_10_occupancy3,landmark_10_occupancy5,landmark_11_softmin,landmark_11_occupancy3,landmark_11_occupancy5,landmark_12_softmin,landmark_12_occupancy3,landmark_12_occupancy5,landmark_13_softmin,landmark_13_occupancy3,landmark_13_occupancy5,landmark_14_softmin,landmark_14_occupancy3,landmark_14_occupancy5,landmark_15_softmin,landmark_15_occupancy3,landmark_15_occupancy5,landmark_16_softmin,landmark_16_occupancy3,landmark_16_occupancy5,landmark_17_softmin,landmark_17_occupancy3,landmark_17_occupancy5,landmark_18_softmin,landmark_18_occupancy3,landmark_18_occupancy5,landmark_19_softmin,landmark_19_occupancy3,landmark_19_occupancy5,d_dt_mean_reward,d_dt_mean_standardized_residual,d_dt_global_centroid_x,d_dt_global_centroid_y,d_dt_global_centroid_z,d_dt_shape_xx,d_dt_shape_yy,d_dt_shape_zz,d_dt_shape_xy,d_dt_shape_xz,d_dt_shape_yz,d_dt_pair_kernel_1.5,d_dt_pair_kernel_2.5,d_dt_pair_kernel_3.5,d_dt_pair_kernel_5.0,d_dt_pair_kernel_7.0,d_dt_landmark_00_softmin,d_dt_landmark_00_occupancy3,d_dt_landmark_00_occupancy5,d_dt_landmark_01_softmin,d_dt_landmark_01_occupancy3,d_dt_landmark_01_occupancy5,d_dt_landmark_02_softmin,d_dt_landmark_02_occupancy3,d_dt_landmark_02_occupancy5,d_dt_landmark_03_softmin,d_dt_landmark_03_occupancy3,d_dt_landmark_03_occupancy5,d_dt_landmark_04_softmin,d_dt_landmark_04_occupancy3,d_dt_landmark_04_occupancy5,d_dt_landmark_05_softmin,d_dt_landmark_05_occupancy3,d_dt_landmark_05_occupancy5,d_dt_landmark_06_softmin,d_dt_landmark_06_occupancy3,d_dt_landmark_06_occupancy5,d_dt_landmark_07_softmin,d_dt_landmark_07_occupancy3,d_dt_landmark_07_occupancy5,d_dt_landmark_08_softmin,d_dt_landmark_08_occupancy3,d_dt_landmark_08_occupancy5,d_dt_landmark_09_softmin,d_dt_landmark_09_occupancy3,d_dt_landmark_09_occupancy5,d_dt_landmark_10_softmin,d_dt_landmark_10_occupancy3,d_dt_landmark_10_occupancy5,d_dt_landmark_11_softmin,d_dt_landmark_11_occupancy3,d_dt_landmark_11_occupancy5,d_dt_landmark_12_softmin,d_dt_landmark_12_occupancy3,d_dt_landmark_12_occupancy5,d_dt_landmark_13_softmin,d_dt_landmark_13_occupancy3,d_dt_landmark_13_occupancy5,d_dt_landmark_14_softmin,d_dt_landmark_14_occupancy3,d_dt_landmark_14_occupancy5,d_dt_landmark_15_softmin,d_dt_landmark_15_occupancy3,d_dt_landmark_15_occupancy5,d_dt_landmark_16_softmin,d_dt_landmark_16_occupancy3,d_dt_landmark_16_occupancy5,d_dt_landmark_17_softmin,d_dt_landmark_17_occupancy3,d_dt_landmark_17_occupancy5,d_dt_landmark_18_softmin,d_dt_landmark_18_occupancy3,d_dt_landmark_18_occupancy5,d_dt_landmark_19_softmin,d_dt_landmark_19_occupancy3,d_dt_landmark_19_occupancy5
unguided,20,0,0.00999999977648,predicted,Actual proposal support boundary; monitored coordinates are pre-native endpoint forecast,True,50,-0.290838626068,0.779233790905,-0.156633801308,-0.0603536224747,0.217942624662,0.0491534354951,5.45800314789,6.36768450902,0.0319882839431,-0.564446129844,1.57869648185,0.183455194726,0.267454730026,0.296594227359,0.276906591626,0.201219844887,4.64388873878,0.194942012804,0.731056045733,9.85238356955,9.39169231349e-09,0.000102224712202,9.35584998049,1.42738899291e-07,0.00056425431806,9.35538178825,1.41323462144e-07,0.000505685698175,8.17508136954,2.85358504659e-05,0.0116662673222,10.0518335538,1.27342786557e-09,3.06150020863e-05,9.30465565492,1.23130378229e-07,0.00055568170832,8.14363166615,6.33654250999e-06,0.00995121754177,9.38626940221,6.64970155837e-08,0.000376386954227,9.3401326778,1.04834215419e-07,0.000492875259347,8.45041728679,5.79409000825e-06,0.00547934931271,8.33344009777,8.09987696626e-06,0.00768888781916,8.66607475107,2.76797112723e-06,0.00344825807715,4.46876457297,0.211900078495,0.36812178253,8.84447129709,2.23330563259e-06,0.00250236919719,9.47159127181,3.51631967247e-08,0.000252069457889,5.29132558571,0.0534496157299,0.279412145863,7.3604044826,0.000276027001099,0.0579897794703,8.76055785858,2.05873924044e-06,0.00273109479404,5.52633904965,0.0345820499583,0.179704916862,4.60304615412,-7.56533813654,6.02362060547,3.63223147392,-0.733537942171,-1.04676428629,-20.9502752506,-16.7416523048,-6.76393369843,13.7382101768,-2.52600986454,0.794048521359,0.969252297675,0.688735218031,0.0803906542806,-0.476019930407,-6.63815478066,2.31823703133,0.149616662,-3.59761722843,2.71488831094e-07,0.00186068019718,12.6918276559,-7.61243092208e-06,-0.0198908183176,3.03544099756,-2.04988169843e-06,-0.00439602070974,2.04105683876,-0.000133988791242,-0.0530901932074,-7.17057474859,1.44456112592e-07,0.00176240324106,4.85372311543,-1.41432113104e-06,-0.00709310895979,3.34140877504,-8.5217301886e-05,-0.0907927703279,-1.50056017962,1.04519046466e-06,0.00297754009401,-0.847935914586,1.87174587453e-06,0.00334684034014,18.9226549638,-0.000416439919921,-0.235310436957,-0.898597120789,2.32740184271e-05,0.00533033628517,1.4020877665,-3.93163495581e-05,-0.0190769503407,6.26353667434,-1.06241454564,0.834973717412,8.34790472969,-5.86527876635e-05,-0.0450640724558,-11.7187952669,3.72971229044e-06,0.0151483556223,4.03420152893,-0.224904715776,0.258397954718,-1.65492613962,0.000196441743998,0.243167335575,5.48259730787,-1.27581485331e-05,-0.031730348352,-7.45778655859,0.316214071491,-1.22791463494
unguided,20,0.01,0.019999999553,predicted,Actual proposal support boundary; monitored coordinates are pre-native endpoint forecast,True,50,-0.244808164527,0.70358040954,-0.096397595253,-0.0240313077354,0.21060724524,0.0386857926322,5.24850039538,6.20026798597,-0.0356510530412,-0.427064028075,1.55343638321,0.191395679939,0.277147253003,0.303481579539,0.277710498169,0.196459645583,4.57750719097,0.218124383118,0.732552212353,9.81640739727,1.21065806244e-08,0.000120831514174,9.48276825705,6.661459007e-08,0.000365346134884,9.38573619823,1.2082464516e-07,0.000461725491078,8.19549193793,2.71959625534e-05,0.0111353653901,9.98012780634,2.71798899149e-09,4.82390344969e-05,9.35319288607,1.08987166919e-07,0.000484750618722,8.1770457539,5.48436949113e-06,0.00904328983849,9.37126380041,7.69489202303e-08,0.000406162355167,9.33165331866,1.23551674164e-07,0.000526343662748,8.63964383642,1.62969080904e-06,0.00312624494314,8.32445412656,8.33261715053e-06,0.00774219118202,8.68009562874,2.37480763165e-06,0.00325748857374,4.53139993971,0.201275933039,0.376471519705,8.92795034439,1.64677775595e-06,0.00205172847263,9.35440331914,7.24603196291e-08,0.000403553014112,5.331667601,0.0512005685721,0.28199612541,7.3438552212,0.000277991418539,0.0604214528261,8.81538383166,1.93115775511e-06,0.00241379131052,5.45176118406,0.0377441906732,0.167425770512,3.71563916188,-5.9550886366,3.14154911041,4.21518528461,-0.550481662154,-0.460763806021,-4.40696312774,-10.4024912872,-3.40468038981,8.18608180532,2.87608765634,0.416010853958,0.539415212344,0.200858306786,-0.0249718489252,-0.218806555341,-2.70056258499,1.04723991992,0.0441685477888,-4.88257819904,4.51011603515e-07,0.00270346719418,4.82673218743,-2.89023307403e-06,-0.00764551324769,-0.851609453874,4.20223974948e-07,0.00132881009605,2.83321151655,-0.000280406812997,-0.0683491594938,-5.82587706524,1.67337372563e-07,0.00177606679505,3.47352983941,-9.12474795705e-07,-0.00498733664624,2.0121340149,-4.97144433171e-05,-0.0550567319914,-1.26626440422,7.92829101276e-07,0.00243920404046,-0.679498751041,1.89739234176e-06,0.00291942028121,11.5888517274,-0.00022780990199,-0.1365452951,-1.45643171728,6.20538793184e-05,0.0186090221152,-0.536939097886,-9.15426242062e-06,-0.000415855023636,3.62186105934,-0.61025780411,0.532125930564,2.99815610977,-2.17840575485e-05,-0.015547520869,-7.04808257223,2.88419525836e-06,0.0105280127974,2.17947943312,-0.0864109035403,0.726064838404,0.12667267029,-0.00113849833096,0.031995375643,4.0230375463,-1.51023891273e-05,-0.0239546430631,-6.27608597586,0.295913589765,-0.959706980856
unguided,20,0.02,0.0299999993294,predicted,Actual proposal support boundary; monitored coordinates are pre-native endpoint forecast,True,50,-0.216525842831,0.660132018173,-0.0938028190994,0.0239500832176,0.206932991419,0.0399381593747,5.36986388533,6.15963468327,-0.0361053238531,-0.400724493737,1.63621823498,0.191775411805,0.278243034273,0.300611393495,0.276407154648,0.19684371378,4.58987748708,0.215886811203,0.731939416689,9.75473200557,1.84119243838e-08,0.000156294056086,9.45238462423,8.49342378103e-08,0.000411344053106,9.33834959918,1.49727941643e-07,0.000532261900096,8.23174559987,2.29277142059e-05,0.0102992841323,9.93531601252,4.62017531683e-09,6.61363379873e-05,9.37412625171,1.04880882315e-07,0.000455934975395,8.18387434644,5.34225364365e-06,0.00885008290195,9.36094411413,8.23535976093e-08,0.000425171035037,9.32654270278,1.42782062254e-07,0.000551263664971,8.68219432133,1.23789196845e-06,0.0027484434107,8.30431146342,9.34095455263e-06,0.00806106826147,8.65533596911,2.58488587882e-06,0.00343994097668,4.54120179416,0.199694922413,0.378764301142,8.90443441929,1.79762448162e-06,0.00219141877981,9.33062962036,9.28471018918e-08,0.000462629713836,5.33491517437,0.0517213976591,0.293933442631,7.36293793601,0.00025325703448,0.0586296869832,8.8410186095,1.75669145789e-06,0.00225200193278,5.40081733013,0.0405003217536,0.160510777245,2.08503541091,-3.40767088293,-0.23379433155,3.92178380489,-1.00705876946,0.25198376541,13.6807872234,2.44197154422,-1.10691872334,0.152244054144,13.5851438627,-0.0385643190852,-0.0777574751008,-0.373853017606,-0.320187977808,0.180427172202,1.48496261001,-0.501157230249,-0.253813016187,-4.11076020344,4.31879222138e-07,0.00237916019713,-4.64500172197,3.80453966558e-06,0.00816740629901,-5.79705332614,4.45679382232e-06,0.00995527246512,0.863811857849,-0.000137058764977,-0.0217265151301,-2.4811379319,1.41669586491e-07,0.00125339446863,0.854919340939,-8.73927992773e-08,-0.00138463070626,0.000781897357797,1.54951734798e-06,-0.00107906613847,-1.18903065435,6.12254198574e-07,0.00204750679582,-0.402049703679,1.20791069803e-06,0.00156083754952,3.00895346786,-2.27938959753e-05,-0.0240351644899,-2.0032810361,8.71857797377e-05,0.0344054096182,-1.65845834323,1.22945047096e-05,0.0122988878129,-0.368137958688,0.065844272006,-0.267889891863,-2.09208635894,6.57566746697e-06,0.0110374983125,-0.213667644965,1.06274683159e-06,0.00238890968239,-0.0684776156841,0.0711481207126,0.753580609801,0.858377838069,-0.00134680179769,-0.0660150721718,1.27250749804,-1.71109138795e-05,-0.0107860990193,-4.31535353119,0.236160129492,-0.398991170407
unguided,20,0.03,0.0399999991059,predicted,Actual proposal support boundary; monitored coordinates are pre-native endpoint forecast,True,50,-0.203107456309,0.635426991881,-0.101073481884,0.0544043683624,0.190466069851,0.0437254679404,5.52211613985,6.24910741685,-0.057789427508,-0.424019146992,1.82513926046,0.190624393557,0.275592103501,0.296004519187,0.271306738613,0.200068189027,4.60720644317,0.208101238513,0.72747595203,9.7341921932,2.07441650672e-08,0.000168414718116,9.38986822261,1.42705383382e-07,0.000528694260864,9.26979513171,2.09960521606e-07,0.00066083094038,8.21276817509,2.44547872539e-05,0.0107008350875,9.9305050477,5.55138072131e-09,7.33069238695e-05,9.37029127289,1.07239310934e-07,0.000457058004597,8.17706139184,5.51535983809e-06,0.00902170851572,9.34748318733,8.91940042018e-08,0.000447112491084,9.32361232458,1.47709888125e-07,0.000557560413739,8.69982290578,1.17381288953e-06,0.00264554165334,8.28438850584,1.00763327453e-05,0.00843029937438,8.64692646187,2.62069772585e-06,0.00350346633,4.52403718054,0.202592818479,0.371113721867,8.88610861721,1.77829110529e-06,0.00227247843888,9.35012996624,9.37152562608e-08,0.00045133120776,5.33029804868,0.0526235309864,0.297067737606,7.36102277796,0.000251055382585,0.0591011513826,8.84083398162,1.58893947751e-06,0.00219806933014,5.36545411344,0.0424673932631,0.159445947104,1.24380074659,-2.36952959464,-0.637900352478,2.52420681715,-1.64302188158,0.4439324873,17.3574510791,4.56011062284,-1.30145514879,-2.40598244565,17.5096041701,-0.125508072417,-0.203794662078,-0.437500246744,-0.414022177092,0.237061807453,1.56026065848,-0.720123831993,-0.395589846492,-0.424653099558,4.87466048951e-08,0.000211478780821,-8.43649295334,1.12740218369e-05,0.0185409221943,-6.4336508101,6.8337781561e-06,0.0132259446227,-1.67333612698,0.000143956306772,0.0373916699886,0.515148023757,5.06590272416e-08,0.000361398698617,-1.18583587319,9.88748841086e-07,0.00173738726131,-0.20901213931,2.3493494882e-06,0.00465593332383,-1.43018684427,8.76499167748e-07,0.00253033350922,-1.14207316876,1.32583439132e-06,0.00247645746562,0.607837288287,1.32039443745e-06,-0.000384627781466,-2.04923769945,7.98564032464e-05,0.0399905217062,-0.574796677683,-6.85225123483e-07,0.00327650916094,-0.989740234811,0.162020339876,-0.585826164871,-3.59907544096,9.90889988333e-06,0.0202379695145,2.26198976378,-1.97810474311e-07,-0.00170247653982,-0.699836768259,0.0974749466884,0.335110142238,-0.635342201904,0.000446290538627,0.0850980828714,-1.21624717939,2.11464823678e-06,0.00509617552773,-2.09887367949,0.113137639276,-0.0573120651118
unguided,20,0.04,0.0499999970198,predicted,Actual proposal support boundary; monitored coordinates are pre-native endpoint forecast,True,50,-0.191649827899,0.61274142628,-0.106560826149,0.0744342195606,0.174072553787,0.0488168091206,5.71701290692,6.25083689573,-0.0621344268288,-0.44884414265,1.98641031838,0.189265250356,0.274167141032,0.29186138856,0.268126711106,0.201584949929,4.62108270025,0.201484334563,0.724027619759,9.74623894358,1.93868564817e-08,0.000160523631702,9.28365476517,3.10414674549e-07,0.000782162496992,9.20967658298,2.86403504765e-07,0.000796780792551,8.19827887733,2.58068403414e-05,0.0110471175321,9.94561897299,5.63335586167e-09,7.33643119596e-05,9.35040953424,1.24655859137e-07,0.000490682720621,8.17969410366,5.38924063341e-06,0.00894320156842,9.33234037724,9.98835809642e-08,0.000475777705221,9.3037012394,1.69298750081e-07,0.000600792814284,8.6943510671,1.2642998572e-06,0.00274075085507,8.26332670943,1.09380826176e-05,0.00886087869559,8.64384003556,2.57118137635e-06,0.0035054711599,4.52140698946,0.20293532921,0.367047777844,8.83245291047,1.99580247928e-06,0.0025961781701,9.37586941564,8.88908924056e-08,0.00042858018304,5.32091843901,0.0536708965929,0.300635645476,7.35023109197,0.000262182845252,0.0603316486406,8.81669366592,1.79898442263e-06,0.00235392544334,5.35883985654,0.0427630745391,0.159364535942,1.25064585433,-2.43471327562,-0.624455332756,1.53292775154,-1.03290253878,0.490366259629,17.6781172959,1.85350437535,-0.406733208111,-2.75930475462,15.930147407,-0.0825203657475,-0.159611773143,-0.366627051198,-0.328300684156,0.107375319382,0.999315620716,-0.555694696369,-0.429429838389,1.07056623059,-1.0260932916e-07,-0.00064098261809,-9.93264592182,2.10977863899e-05,0.0270209611889,-5.60892208054,7.93826369716e-06,0.013480971306,-1.63159827437,0.000170847188837,0.0396392816493,2.07668461336,-2.46647813071e-08,-0.00026231626608,-2.26806332577,2.31906266309e-06,0.00434623672944,0.292638671024,-1.14228825969e-05,-0.00783047105151,-1.38965378348,9.39203764742e-07,0.00264339286154,-2.2075794656,3.11930161974e-06,0.00543702500389,-1.02344797303,1.44916328316e-05,0.0134401723406,-2.01569659283,7.68278640519e-05,0.0421504119292,0.330719289786,-1.11237431681e-05,-0.00530937374614,-0.565677754895,0.0865244043647,-0.367365235652,-5.94825154538,4.34192813208e-05,0.0416094102707,2.80107856963,-7.18552792559e-07,-0.00285384300157,-0.499875114007,0.0577085895064,0.137742630723,-0.868342708118,0.000837402720979,0.104103461572,-2.91841713282,2.99847827468e-05,0.0208292618261,-0.6513696003,0.0537289662655,-0.0938497286538
unguided,20,0.05,0.0599999986589,predicted,Actual proposal support boundary; monitored coordinates are pre-native endpoint forecast,True,50,-0.178094539222,0.586732726369,-0.113562588539,0.0850629233932,0.169808019075,0.0535327931329,5.87567848577,6.28617750436,-0.0659240916702,-0.479205242085,2.1437422086,0.188973986242,0.272399868038,0.288671978163,0.26474072493,0.202215695415,4.62719275558,0.196987344585,0.718887355262,9.75560351781,1.8691978484e-08,0.000155595065755,9.19121530417,5.64661111179e-07,0.00106911348464,9.1576166901,3.6872579555e-07,0.0009304503665,8.1801362096,2.78717310306e-05,0.0114936207205,9.97203873997,5.05808509516e-09,6.80605985479e-05,9.32493000638,1.53620564195e-07,0.000543982739186,8.18291416526,5.28690218615e-06,0.00886509909469,9.31969011166,1.07978079497e-07,0.000499980348315,9.27946073527,2.1009592052e-07,0.000666300913817,8.67935394632,1.46364554617e-06,0.00291434510015,8.24407457398,1.16128900263e-05,0.00927330761296,8.65354084767,2.39822286248e-06,0.00339727885508,4.51272362544,0.204323306566,0.363766417154,8.7671435863,2.64667673171e-06,0.0031046666443,9.40615153763,7.93442004096e-08,0.000394254347728,5.3203005464,0.0537777027765,0.299822590221,7.3436559238,0.000267803437005,0.0611832206141,8.78246563896,2.18863513245e-06,0.00261465456666,5.35242672143,0.0435419725884,0.157568952531,1.06945252186,-1.96396425637,-0.564758658409,0.914085686207,-0.687463283539,0.296620177618,12.7356151449,2.43648593004,-0.423213440822,-2.35510706168,11.7375815654,0.00969271174305,-0.135609112495,-0.257872171633,-0.255306823147,0.0585237509354,0.692193903476,-0.391329568425,-0.394537482528,0.57315351372,-3.50984022555e-08,-0.000298471607366,-6.66795868457,2.14187922426e-05,0.0221403819801,-3.63125296209,5.67614889053e-06,0.00926669450614,-1.55386748779,0.000168756305775,0.0384138632063,3.05192968208,-7.3459310107e-08,-0.000668240779745,-2.0753282958,2.47819429966e-06,0.00446580773364,0.0193440808603,-7.81669374524e-07,-0.00016722435011,-0.922320022015,5.62893965711e-07,0.00174459125584,-2.84621920943,5.17245987062e-06,0.00787672020893,-1.36177523488,2.11416219814e-05,0.0163492251504,-1.5251974883,5.42905639721e-05,0.033575684558,0.578967176037,-1.18569588739e-05,-0.00684202715401,-0.769705042568,0.0849525997046,-0.268160086097,-5.83714953604,7.12164487174e-05,0.0488947403934,3.06563902252,-1.04585657796e-06,-0.00355397351727,-0.119364095102,0.0212356121812,-0.0240841890776,-0.392803922285,0.000246436294339,0.056735794502,-2.64547813746,2.56527774936e-05,0.020146998159,-0.702588910372,0.0862121146752,-0.157005473305
unguided,20,0.06,0.070000000298,predicted,Actual proposal support boundary; monitored coordinates are pre-native endpoint forecast,True,50,-0.170260777462,0.573462141153,-0.117855999317,0.0927159332848,0.160323288116,0.054749212673,5.97172520981,6.29956661433,-0.0705986956452,-0.495946283884,2.22116194969,0.189459104591,0.271454958782,0.286703945127,0.263020574643,0.202755424948,4.63492657832,0.193657743194,0.716136870109,9.75770201386,1.86848884366e-08,0.000154554199555,9.15029559148,7.387905194e-07,0.00122497013659,9.13705152373,3.99926482576e-07,0.000982114682674,8.16720152758,2.91819664569e-05,0.0118153947962,10.0066575666,4.16416965952e-09,5.99994963647e-05,9.30890296833,1.7421974513e-07,0.000579998875294,8.18008098528,5.37360724592e-06,0.00893985708142,9.3138939768,1.11141460278e-07,0.000510669530338,9.24677685522,2.72747947493e-07,0.000758327218462,8.6671155624,1.68713229683e-06,0.00306773535807,8.23282275967,1.2023893897e-05,0.00953239238675,8.65541937908,2.33404219887e-06,0.00336863061682,4.50601288861,0.204634381205,0.361684576122,8.71570991975,3.42013145363e-06,0.00357407297797,9.43718219609,6.79737608465e-08,0.000357500712695,5.3185311571,0.0540956088365,0.300153961695,7.34237501352,0.000267111571139,0.0614663645306,8.76378410317,2.3120399725e-06,0.00275686540652,5.34478807834,0.0444873168326,0.156224426476,0.604077097742,-1.12248965578,-0.0735784769059,0.850939393044,-0.698975890875,0.112486632195,8.39147220752,-0.414581003903,0.114250152601,-1.09773003328,5.87556775491,0.0822737580002,-0.0809973826432,-0.17667759372,-0.117527535505,0.0596994669783,0.558934346379,-0.260899326208,-0.106155112128,0.19072426844,-6.3828596059e-10,-8.48589370585e-05,-3.23540823795,1.54022211821e-05,0.0130186809516,-1.27982728861,1.43462138309e-06,0.00274623175432,-0.120157241072,-1.36425408914e-05,0.00314320401871,2.69073056778,-6.70443903505e-08,-0.000609343871303,-1.51258862712,1.97003699568e-06,0.0034822875581,0.143336945586,-2.36203927536e-06,-0.00347564928852,-0.580168041186,3.01802560369e-07,0.00103633304235,-3.18410342188,7.1995007168e-06,0.00967643687925,-1.08907861996,2.25288551789e-05,0.0142313112966,-1.10240054902,3.96558344731e-05,0.0249408278361,-0.417406103259,2.01744575781e-07,0.00261315579854,-0.186123230497,-0.047676496379,-0.104667128754,-4.37755657293,7.84134500175e-05,0.0421004488657,2.09613175107,-7.35896435756e-07,-0.00234791593834,0.191303964868,0.0163158900876,0.140688000175,-0.182887009445,1.01828571062e-05,0.0331312645216,-2.13351876976,1.84155176542e-05,0.0176532260729,-0.124251185805,0.0510712567578,-0.114538842026
unguided,20,0.07,0.0799999982119,predicted,Actual proposal support boundary; monitored coordinates are pre-native endpoint forecast,True,50,-0.166012997268,0.564282933253,-0.115034158077,0.102081711254,0.155828501258,0.0557825257768,6.04350792992,6.27788588428,-0.0636390886182,-0.50115984275,2.2612535637,0.190619461402,0.270779920385,0.285138426289,0.26239017422,0.203409684754,4.63837144251,0.191769358061,0.716764253019,9.75941800318,1.86792127648e-08,0.000153897887014,9.12650713941,8.72705534821e-07,0.00132948710367,9.13202014432,3.97418223211e-07,0.000985375001587,8.17773306478,2.75988802128e-05,0.0115564848009,10.0258533513,3.71719728816e-09,5.58737211218e-05,9.29467823383,1.93021304109e-07,0.000613628490348,8.18578090418,5.23966140064e-06,0.00879558610892,9.30808675083,1.14014130704e-07,0.000520707009162,9.21577866683,3.54085934856e-07,0.000859829651402,8.65757237392,1.91422264975e-06,0.00319897132608,8.222026563,1.24060067158e-05,0.00977212416969,8.6451927256,2.402257754e-06,0.00344954197105,4.50900116083,0.203369776639,0.361673074579,8.67959245484,4.21494573206e-06,0.00394667562161,9.44807417265,6.46262716945e-08,0.000347296028962,5.3241266257,0.0541040205783,0.302636350224,7.33999818361,0.000268007094147,0.0618458459045,8.73979526357,2.55694548553e-06,0.00296771908812,5.34994169772,0.0445633977235,0.155278175691,0.287444206085,-0.658663617031,0.681455373764,1.24594944715,-0.754869222641,0.154757676644,5.81711081707,-0.233393635881,0.659068288133,-0.67792925522,3.76235850695,0.0725311569742,-0.0632578746899,-0.11816921556,-0.0901035795758,0.0643337150001,-0.215387830713,-0.0769263950873,-0.105541286265,-0.522112012878,5.71879707391e-08,0.000234368283309,-0.80896422765,5.90638434226e-06,0.00419306998319,-0.743620509749,8.49373691207e-07,0.00163425970308,0.0324780525941,-1.87509716202e-05,-0.000707460502674,2.25037341874,-5.05134331806e-08,-0.000481831646412,-0.993072899912,1.25814628291e-06,0.00233693272068,0.922180149394,-2.4399545282e-05,-0.0238349640644,-1.07157522423,5.26056613935e-07,0.00175644270251,-2.37118076395,7.10917369513e-06,0.0083735848512,-0.718301844085,2.29695181527e-05,0.0113557364347,-1.66183651345,7.86816171577e-05,0.0397773621246,-2.01816051964,2.36535890213e-05,0.0196587289123,0.812031536754,-0.217682642093,-0.0389645119448,-2.54669194659,6.49809872937e-05,0.0272205011458,0.759589324241,-2.47200495177e-07,-0.000686275870823,-0.689513658139,0.0677293043613,0.0975353296403,-0.909817504698,0.000990577606756,0.103107655074,-2.06759279195,1.9369485477e-05,0.0184999909727,0.132625910444,0.0219013566118,0.00745639730368
unguided,20,0.08,0.0899999961257,predicted,Actual proposal support boundary; monitored coordinates are pre-native endpoint forecast,True,50,-0.16451189334,0.560288868812,-0.104226891842,0.117634922228,0.145225903664,0.0578443662059,6.08806742615,6.29489874161,-0.0574173298826,-0.509504868988,2.29640911983,0.190909727731,0.270189801288,0.284340560816,0.261218503051,0.204042099248,4.6306188217,0.192119215293,0.714026044383,9.7472597736,1.98286478514e-08,0.000159241565221,9.13411630692,8.56918206245e-07,0.00130883153626,9.12217911354,4.169139564e-07,0.00101479987674,8.16785108863,2.88069470245e-05,0.0118012455862,10.051665035,3.15390099591e-09,5.03628634364e-05,9.28904151033,1.99382670788e-07,0.000626737529708,8.19852458826,4.88561634028e-06,0.00846315780013,9.29246247232,1.21662592557e-07,0.000545798384388,9.19935323994,4.14931421396e-07,0.000925798915486,8.65274952552,2.14652265988e-06,0.00329485008677,8.1995860294,1.35975262402e-05,0.0103279396292,8.61505616869,2.8071139793e-06,0.00376180519506,4.52225351934,0.200280728363,0.360905285884,8.66477608082,4.71975119951e-06,0.00411848300088,9.45237398257,6.30297509429e-08,0.000343775195278,5.30474088394,0.0554501949237,0.302104668287,7.32417866343,0.000286923123274,0.0635285176321,8.72243224733,2.69942968204e-06,0.00312686522597,5.34744059654,0.0449253439649,0.156373554422,0.468443336946,-1.37870908943,0.81931912899,1.16391757131,-0.904276549816,0.158560727226,2.95943612121,1.80721195521,0.587953004569,-0.397136350722,3.27527191576,0.066739658706,-0.0470288634232,-0.11358784803,-0.0980194383095,0.054485379959,-0.508150804542,0.00676861306667,-0.189119911622,-0.937879539024,8.61131602937e-08,0.000429909482797,0.751649030316,-1.89917956455e-06,-0.00215473145544,-0.758537455117,1.46263561214e-06,0.00221476625697,-0.926061955698,0.000117943943516,0.0222923363713,2.45901209514,-4.92086487729e-08,-0.000501976379007,-0.130497082672,3.02439742847e-07,0.000555512351525,0.761636949293,-2.13377490722e-05,-0.0199070509475,-1.14136314347,5.62622188458e-07,0.00180576510468,-1.82902795913,6.79578754917e-06,0.00721695059761,-0.749322892837,2.58838847366e-05,0.0117830251093,-2.00304656369,0.000111187269892,0.0504140899553,-1.69966373492,2.26242089072e-05,0.0174967865451,1.08538191905,-0.24543760909,-0.121466459592,-1.7676009287,6.18461574267e-05,0.0201117489844,0.359451002486,-8.7655404898e-08,-0.000196951021109,-0.914528265101,0.0618344996726,-0.0473719676498,-1.14048779277,0.00125216040849,0.128733887012,-1.29383949882,1.35149193522e-05,0.0125826612731,-0.458347025831,0.0391944433622,0.105651934049
unguided,20,0.09,0.0999999940395,predicted,Actual proposal support boundary; monitored coordinates are pre-native endpoint forecast,True,50,-0.156644130529,0.536708751464,-0.0986477754974,0.12536006268,0.137742970262,0.0589537403214,6.10269665234,6.31403012339,-0.0518800285268,-0.509102569765,2.32675900202,0.191954254577,0.269839343117,0.282866669328,0.260429785453,0.204499392353,4.62820842642,0.191904730322,0.712981854787,9.7406604124,2.04014759706e-08,0.000162496076669,9.14154012002,8.3472194353e-07,0.00128639247457,9.11684939522,4.26670935454e-07,0.00102967032673,8.15921182566,2.99577590831e-05,0.0120023315283,10.0750335932,2.7330243127e-09,4.58341935417e-05,9.29206829218,1.99070098966e-07,0.000624738737378,8.20101364316,4.8129064192e-06,0.00839744508997,9.28525948796,1.25266574473e-07,0.000556822311255,9.17919810765,4.90001685839e-07,0.00100416866335,8.64258591607,2.43190034448e-06,0.00343463182827,8.18196563173,1.46297521136e-05,0.0107804059688,8.6111994509,2.85474193214e-06,0.00379947770195,4.53070879921,0.198461024457,0.359243745387,8.64424043627,5.45186888059e-06,0.0043489106013,9.4552631927,6.28731635965e-08,0.000343357008539,5.3058360604,0.0553407105717,0.301688910871,7.31718842776,0.000293050302317,0.0644205236447,8.71391847359,2.82724387258e-06,0.00321937231358,5.3407747572,0.0453472865908,0.157391214372,0.42193391939,-1.19638911143,0.219255447388,0.448017537594,-0.683290630579,0.0581621416539,-0.184512889454,-0.39682831688,-0.368404430244,-0.1509393053,-0.43178575165,0.118596529523,-0.0074776193828,-0.0966004312634,0.0165221564554,0.0141860752586,-0.0196776260288,-0.0120475982752,0.00289713091,-0.265783307427,1.7256931431e-08,0.000121058329234,1.12910353756,-3.12824515842e-06,-0.00327370235269,-0.159962506263,-1.64145406664e-07,4.91323865242e-05,-1.22384219664,0.000171857183728,0.0299585500593,2.96933646625,-4.94976127733e-08,-0.000552314829024,0.877724538804,-6.38611857742e-07,-0.00134448806347,-0.0891016940398,1.33270425977e-06,0.00184621682813,-0.540401104448,2.7442393639e-07,0.000823718500116,-2.52967838183,8.94731200814e-06,0.00936788639577,-1.14058723132,2.53520584095e-05,0.0141004457686,-0.85182699506,5.36731277322e-05,0.0221755128829,0.680827486332,-1.12236436404e-05,-0.00790993568124,0.394954241543,-0.0860257706584,-0.0914194908148,-1.98308670734,6.65203005289e-05,0.0221576739745,0.898777241557,-2.63747401223e-07,-0.000865257245461,0.297354760942,-0.0228460668936,0.0362873004935,-0.519882064411,0.000546465685847,0.0623170546416,0.408532136828,-4.42613593956e-06,-0.00173376214396,-0.906820506745,0.0557006641655,0.099327274041
unguided,20,0.1,0.109999999404,predicted,Actual proposal support boundary; monitored coordinates are pre-native endpoint forecast,True,50,-0.156073214952,0.536361086584,-0.0998417828941,0.12659527298,0.131560091052,0.059007609039,6.08437716837,6.28696217527,-0.0647854184875,-0.512523655094,2.2877734048,0.193281658321,0.2700402489,0.282408552191,0.26154894618,0.204325820753,4.63022526918,0.191878263327,0.714083987002,9.74194410745,2.017378648e-08,0.000161662731806,9.15669837767,7.94353303077e-07,0.0012433574892,9.11897986341,4.13631048267e-07,0.00101578252447,8.1433742447,3.2244090699e-05,0.0124004165874,10.1110517643,2.16394874045e-09,3.9316566856e-05,9.3065960011,1.86610433634e-07,0.000599847768439,8.19674255438,4.91227042548e-06,0.0085000821367,9.28165445023,1.27151071285e-07,0.00056227275439,9.1487596723,5.93877661559e-07,0.0011131566434,8.62993778089,2.65356382807e-06,0.00357685900214,8.1825494895,1.46709887948e-05,0.0107714498869,8.62867271842,2.58264110649e-06,0.00360360648144,4.53015260418,0.19856021295,0.359076896067,8.62511434667,6.05015721009e-06,0.00456163648037,9.47034952741,5.77548029185e-08,0.000326470050369,5.31068797916,0.0549932735858,0.302830414297,7.31378102214,0.000297852436991,0.064774858725,8.73060289007,2.61090696325e-06,0.00309218998309,5.32930418641,0.0460393572482,0.158360099903,0.241881109497,0.0668766951053,0.105741500855,-0.345049828291,-0.852283209562,-0.015170623655,-0.695470154537,-5.01005856229,-0.274242743021,-0.064426574362,-6.25511776148,0.123316660449,0.0194076125999,-0.0524132791205,0.114587800819,0.00583356463106,0.0271469660766,0.0386398197314,0.162113425397,-0.228100478209,1.4883685289e-08,9.54151759265e-05,1.36375162645,-4.00017219934e-06,-0.00411122948924,1.00104630664,-2.8179019887e-06,-0.00371733426931,-0.542048854862,8.66177609555e-05,0.0135656695579,3.38646656523,-4.88731041029e-08,-0.000579127094419,1.24830174324,-1.21074852357e-06,-0.00228649417656,-0.0572304168366,-2.98549230714e-07,0.000816119242425,-0.547903449636,3.49184709112e-07,0.000982016580289,-2.80768677713,9.71025798883e-06,0.0100325487503,-1.58219938333,2.94277761441e-05,0.0176268616925,0.136578073368,5.31647934015e-06,-0.00219349518206,0.8625236056,-1.46146635996e-05,-0.0102406856543,0.277287361121,-0.0747976576251,-0.084133649276,-2.16035984947,6.80361686468e-05,0.0241223570376,1.30003400125,-4.5066419704e-07,-0.0014631266288,0.0115510927358,-0.00127317670313,0.111355600479,-0.317429494211,0.000381086990112,0.0360784635445,1.67424617353,-2.23188736718e-05,-0.0129103448587,-1.01021576026,0.0589248856514,0.0805520758807
unguided,20,0.11,0.119999997318,predicted,Actual proposal support boundary; monitored coordinates are pre-native endpoint forecast,True,50,-0.151806508339,0.538046285367,-0.0965329454803,0.118459066114,0.12069730607,0.0586503278483,6.08878724925,6.21382895214,-0.0573648833872,-0.510391101252,2.20165664679,0.194420587786,0.270227495369,0.281818403746,0.26272154147,0.204616063646,4.62875136574,0.192677526717,0.716224123295,9.73609840284,2.06991496764e-08,0.000164404380188,9.16881515255,7.54718499543e-07,0.00120416788478,9.13687032136,3.7031289568e-07,0.00095532364134,8.14837084857,3.16901143022e-05,0.0122736449195,10.1427629245,1.75556223064e-09,3.42516516533e-05,9.31703432705,1.74855128494e-07,0.000579008853847,8.19986903482,4.80693543458e-06,0.00841376747482,9.27430141897,1.32250268655e-07,0.000576462642861,9.12304437211,6.84206845616e-07,0.00120481963836,8.6109419284,3.02045586736e-06,0.00378716906212,8.1846971932,1.47360817004e-05,0.0107365360652,8.62844992302,2.56244866015e-06,0.00359466398886,4.53625454644,0.196965071304,0.357561072402,8.60103323928,6.81259225353e-06,0.00483135774205,9.48126387273,5.38598796557e-08,0.000314094475963,5.30606708225,0.0553152470377,0.303916022881,7.31083983787,0.000300672042119,0.0651420929156,8.74740339706,2.38086639914e-06,0.00296116541641,5.320570442,0.0465257843038,0.159002255889,0.485964824944,-0.757402925682,0.57056427002,-0.244875252247,-1.19069853425,-0.0116680500355,-0.569216964973,-6.72503919855,1.51293571944,0.491988179967,-9.23092326745,0.0935205870026,0.0741105404643,0.0106519025444,0.10643753849,-0.0248322285197,-0.67113693289,0.164247350224,0.0899191006438,-0.819430461777,8.22729286671e-08,0.000398683579352,2.13872891684,-7.95400952613e-06,-0.00741890624979,1.74795929218,-3.5587979881e-06,-0.00529321685335,0.504160730437,-4.62913943273e-05,-0.0133619640569,2.472625475,-2.96938730439e-08,-0.000378821977031,1.53771038665,-1.5299522198e-06,-0.00290791078869,0.346886375795,-1.11750706746e-05,-0.00978207932841,-0.438887124099,2.49747692214e-07,0.000682553051181,-2.93915313637,1.29089507877e-05,0.0118135459082,-2.23283964355,5.34653764308e-05,0.0267139265174,0.0820382290227,7.21779852545e-06,-0.000290942514815,-0.931963673702,1.03228386628e-05,0.00846773539928,1.03273614159,-0.281111654202,-0.0464621453797,-3.29404776159,0.000136146603996,0.0388665228235,0.586824489048,-1.63085656554e-07,-0.00054870184532,-0.905665368817,0.0696632666012,0.163632528487,-0.378621319963,0.000433220205672,0.0434836556011,1.85671969808,-2.29430384919e-05,-0.0144660706481,-0.104051910842,0.000103216068171,0.178250013346
unguided,20,0.12,0.129999995232,predicted,Actual proposal support boundary; monitored coordinates are pre-native endpoint forecast,True,50,-0.146353918453,0.52121302807,-0.0884304974937,0.121697767935,0.107746120367,0.0587742480382,6.07299282907,6.1524613913,-0.0345267040987,-0.502683891495,2.10315493945,0.195152070061,0.27152245971,0.282621590242,0.26367769695,0.203829176183,4.61680253052,0.195163210332,0.715882369014,9.72555549821,2.18192450533e-08,0.000169636403393,9.19947295601,6.35273112554e-07,0.00109497936421,9.15393904926,3.42455088505e-07,0.000909918187399,8.15345745931,3.13182628125e-05,0.0121331773062,10.1605042738,1.57007127957e-09,3.17401273153e-05,9.33735020884,1.56011389238e-07,0.000541689552665,8.2036802819,4.68876901198e-06,0.00830444055013,9.27287670774,1.32146025129e-07,0.000575923815414,9.08997660957,8.52056677313e-07,0.00134942756157,8.58528098802,3.72287135669e-06,0.00411113753249,8.18419025408,1.48153447653e-05,0.0107656310366,8.61003344494,2.78909787975e-06,0.00377296118942,4.55080732701,0.192937979865,0.35814765316,8.55923339144,8.77308929e-06,0.00533896693684,9.48208601719,5.44930897874e-08,0.000315496013462,5.29257467178,0.0563865389179,0.306103064867,7.30620859574,0.000306516841105,0.065644531837,8.76773728403,2.15204619341e-06,0.00280286857013,5.32722314819,0.0460414215695,0.16192510017,0.414552548871,-0.700482047275,0.720272779465,-1.53966201842,-0.909447029233,0.033080536927,-1.24538392287,-4.72458272754,2.29707457244,0.212382241473,-10.248867753,0.0722661597242,0.100226127258,-0.0386980437045,0.074014241823,-0.0268751932211,-0.936307452354,0.212366053244,0.115163220223,-0.665327395339,7.83941405266e-08,0.000369627106638,1.40929482474,-4.9098184263e-06,-0.00473128043621,3.16464874672,-5.43984425764e-06,-0.00870130962642,0.452870293502,-5.51387817527e-05,-0.0119745379555,1.55856374159,-1.79930031163e-08,-0.000237057737216,1.40345798129,-1.49498515905e-06,-0.0027956153226,0.55923320927,-1.56076349322e-05,-0.014528828402,-0.573381745686,3.89952665662e-07,0.000982830188796,-4.48151447764,2.31272466696e-05,0.0193075175231,-3.04634402083,7.98255513564e-05,0.0375512724893,0.542030478298,-1.90922169659e-05,-0.0115942286786,-0.697443227574,1.06172316922e-05,0.00717175879555,0.967596090543,-0.252705726531,-0.175222597578,-5.11290111435,0.000232953883588,0.0645608919257,0.218447146439,-1.17282133988e-07,-0.000296367847409,0.212470266039,-0.0218376959548,0.0386911388713,-0.690430294044,0.000818468431638,0.0797103720714,1.75083308467,-2.39299185558e-05,-0.0142452094294,0.313963810424,-0.0286094492329,0.178647699833
unguided,20,0.13,0.140000000596,predicted,Actual proposal support boundary; monitored coordinates are pre-native endpoint forecast,True,50,-0.143515457361,0.524036644421,-0.0821274898911,0.0876658257461,0.102508365486,0.0593119385868,6.06387957079,6.11933729759,-0.0114233919385,-0.506143456423,1.99667929173,0.19586591098,0.272232017914,0.281044442872,0.264201826306,0.204078559782,4.6100252167,0.196924847782,0.718527387699,9.72279185493,2.2267032487e-08,0.000171796922321,9.19700104904,6.56522131017e-07,0.00110954227606,9.20016329629,2.61516010527e-07,0.000781297448811,8.15742825444,3.05873386672e-05,0.0120341541604,10.1739341994,1.39570216831e-09,2.9510496909e-05,9.34510348667,1.44955425313e-07,0.000523096547395,8.21105369901,4.49478273594e-06,0.00812319090678,9.26283378406,1.40049321969e-07,0.000596119246637,9.03341408255,1.14675177901e-06,0.00159096998882,8.55001504798,4.61696689449e-06,0.0045381945119,8.19553780276,1.43542373611e-05,0.0105046514916,8.61450105847,2.77479329399e-06,0.00373809916477,4.55560646825,0.191910956774,0.35405662045,8.49877521699,1.14716699253e-05,0.00612257558056,9.48563281566,5.1514236976e-08,0.000308167119015,5.31031648757,0.0548784931186,0.304689845658,7.29703123199,0.000317041410752,0.066736300357,8.78242005875,1.90226802803e-06,0.00267626122782,5.3268497182,0.0459535953191,0.162575209886,0.0254922706735,-0.307812696018,0.428770422936,-3.77547502518,-0.989365905523,-0.057090454437,-1.94657724772,-1.06533978728,2.72807044559,-0.638722234236,-9.33002550116,0.0438923845103,0.0726084052868,-0.123375135669,0.0509124241292,-0.0106257015652,-0.619596018648,0.098605044099,0.247891141095,-0.559956028753,1.01924798903e-07,0.000461087922035,-1.21296559949,5.50707994164e-06,0.00461771115017,5.45867595181,-8.09216444727e-06,-0.0139322817002,-0.202774219656,-1.9925306446e-05,0.00558973769045,0.501273037855,-6.82156763894e-09,-9.43232382523e-05,-0.256493411852,-9.28495475235e-08,0.000113039706825,0.466974236735,-1.37566053658e-05,-0.0121215769962,-1.45160662567,1.21963013112e-06,0.00307072382973,-4.19716516856,2.23934275528e-05,0.0180753083425,-2.72599371692,6.88177304434e-05,0.0326764605145,1.43989127318,-5.1686987236e-05,-0.032203382684,0.748182449562,-5.17652721597e-06,-0.00654431411057,0.265164545772,-0.0829295402124,-0.40257582017,-4.3782563326,0.000191924094044,0.0575821022829,0.723768600696,-4.01048356476e-07,-0.00115099458154,2.38476208388,-0.194803669262,-0.141053615213,-0.593059747253,0.000577810062518,0.0740012445285,0.0979368956641,-8.906935066e-06,-0.00195742031517,-0.802300890833,0.0424483604912,0.0430556913427
unguided,20,0.14,0.149999991059,predicted,Actual proposal support boundary; monitored coordinates are pre-native endpoint forecast,True,50,-0.14584407304,0.51505677415,-0.079855089035,0.0461882674313,0.0879588022566,0.0576324389495,6.03406128411,6.13115459556,0.0200347048132,-0.51545833618,1.91655442943,0.196029917751,0.272974627815,0.280154087528,0.264695945433,0.203616662151,4.60441061015,0.197135311214,0.720840191836,9.71435637764,2.38577410314e-08,0.000178858161833,9.17521364402,7.45414711387e-07,0.00118733358721,9.26311256829,1.80611799559e-07,0.000631272553394,8.14940197491,3.09197566836e-05,0.01224497206,10.1705297346,1.43363992679e-09,2.98536625503e-05,9.3322203406,1.54154398287e-07,0.000543950346801,8.21301976663,4.41363690467e-06,0.0080620090102,9.24384457523,1.56538627752e-07,0.000637338292008,9.0060333062,1.29992522837e-06,0.00171093372842,8.53076111368,5.09922596556e-06,0.00476466674278,8.21298807954,1.37816050206e-05,0.0101215633829,8.62499709393,2.68556733543e-06,0.00364207490721,4.55611061792,0.191279389061,0.350096136756,8.47166826479,1.26115711709e-05,0.0064906089825,9.4965613892,4.64721226579e-08,0.000292476121832,5.34026991346,0.0524904655326,0.303281992563,7.2943474008,0.000318073042355,0.0671245567275,8.76969602194,1.97390749209e-06,0.00276372016383,5.31117713038,0.0468903887794,0.162786213997,0.109743009987,-0.66594971206,0.468795180321,-4.242340222,-2.47679972649,-0.371222854247,-5.16837793268,1.76102202108,4.09372302982,0.329708902815,-9.30637473222,0.0189378795328,0.148047963392,0.0019564987733,0.0916679062287,-0.162564934093,-1.13922540171,0.134771576503,0.0496509332088,-1.14210823464,1.86423189435e-07,0.000786594843201,-2.59912619768,1.15847327217e-05,0.00976736359719,9.13879588927,-8.80746319265e-06,-0.0185450226684,-1.58335726333,0.000157303350239,0.0409715964253,1.14151359709,5.58609863885e-09,-5.54806886262e-05,-1.63226083739,1.49824500182e-06,0.00299178238923,-0.245786065628,-4.35094483594e-07,0.00326329948381,-1.62794576771,1.2992115665e-06,0.00333112881993,-2.17675621447,1.23133290573e-05,0.00959813609925,-1.43419626835,3.81824148893e-05,0.0166912490013,1.01543150781,1.92774669107e-05,-0.0169133769608,0.334749913089,-2.38079124719e-07,-0.00200888549906,0.918339406465,-0.274900073495,-0.334198027045,-2.17626866681,8.87293789752e-05,0.0301632443875,2.22290155638,-7.98664412866e-07,-0.00289742339337,1.73474569395,-0.141660800748,-0.254391765062,-0.335842889026,0.000231729730959,0.0419237734355,-1.95474981387,1.61171005255e-05,0.0146806949407,-1.4993117446,0.105005598139,0.154010366153
unguided,20,0.15,0.159999996424,predicted,Actual proposal support boundary; monitored coordinates are pre-native endpoint forecast,True,50,-0.141320597162,0.51071765018,-0.0727515862846,0.00281902130603,0.0529723709559,0.0518874815019,5.96051201214,6.15455773801,0.070451068658,-0.499549278366,1.81055179708,0.196244668571,0.275192977182,0.281083572847,0.266035184431,0.2008272611,4.58724070866,0.199620279312,0.719520406363,9.69994969024,2.59954962757e-08,0.000187528819185,9.14501852509,8.88216785452e-07,0.001304889548,9.38293921407,8.53667466743e-08,0.000410396995444,8.12576110917,3.37334056719e-05,0.0128535860889,10.1967644713,1.50742414109e-09,2.84008831365e-05,9.31245826992,1.7492032535e-07,0.00058293219518,8.2061379777,4.48608084627e-06,0.00818845689646,9.2302748687,1.66033553299e-07,0.000662741823036,8.98987895826,1.39301836015e-06,0.00178293271081,8.52133112262,5.38061519227e-06,0.00487201949193,8.21584643292,1.47397866993e-05,0.0101663839524,8.62119605673,2.7700317115e-06,0.00369792145479,4.57397325638,0.186412955304,0.347372659909,8.45524984366,1.32462575048e-05,0.00672584046831,9.53009084679,3.55409487187e-08,0.000250218651148,5.34501140145,0.0520452771036,0.299602010357,7.29031437421,0.000321676005371,0.0675747758258,8.74332506248,2.22461003854e-06,0.00296987512663,5.29686348331,0.0480537072819,0.165655417209,0.159653883048,-0.515190081045,0.880742192268,-4.22161927819,-2.70169009268,-0.547810928902,-3.6672955311,0.241202807836,5.83004464366,1.21558221704,-14.062652628,0.0330038382131,0.124881479447,-0.0612400976671,0.137252728732,-0.119071860163,-1.16350005568,0.151626718804,0.0954944447308,-2.17342723374,3.16271452162e-07,0.00131310405843,-2.45854508786,1.22414928889e-05,0.00968080379039,11.4124825614,-6.8136235662e-06,-0.0177384300381,0.439481493873,-0.000137055198889,-0.00953535671558,0.0113250187605,2.58771036251e-08,0.00014384718841,-1.92535729897,1.69739477617e-06,0.00350526309195,-0.0257732194596,-4.66213026021e-06,-0.00175424444665,-1.39418565845,1.03392225558e-06,0.00268091989678,-1.76672820839,8.98014757603e-06,0.00743985353908,-1.53983992511,4.28267974294e-05,0.0182097771697,0.0475634429959,0.000103273890011,0.00959690891239,-1.72147445223,2.81928810296e-05,0.0197418910258,1.87165072819,-0.505145618678,-0.305789927576,-1.88932278455,6.40420316418e-05,0.0278546359595,1.91902799571,-5.83851199761e-07,-0.00240670811135,-0.0763620311519,-0.0057524265346,-0.253950877875,0.0545729282525,-0.000241213142412,-0.00720785065218,-1.52744280047,1.01246395705e-05,0.0114517115524,-1.22790854094,0.0930039579865,0.325981832932
unguided,20,0.16,0.170000001788,predicted,Actual proposal support boundary; monitored coordinates are pre-native endpoint forecast,True,50,-0.142650995379,0.504752972529,-0.0622402451897,-0.0382441181326,0.0339250004029,0.0466762203715,5.96071537349,6.13597865171,0.136635597686,-0.491146691839,1.63530137686,0.196689994516,0.275472257404,0.278929285575,0.267441000008,0.201235224948,4.58114060904,0.20016784559,0.722750080731,9.67088783296,3.01831700746e-08,0.000205120243002,9.12604274226,9.90244569166e-07,0.00138094966302,9.49136221952,4.43393282355e-08,0.000276503952633,8.15819160479,2.81786527058e-05,0.0120542649257,10.170756235,1.95118199929e-09,3.27306063185e-05,9.29371319462,1.8810229381e-07,0.00061405560864,8.21250430224,4.32039429946e-06,0.00802692412127,9.21596086206,1.77217072863e-07,0.000690956689944,8.97069874203,1.47952817989e-06,0.0018597307992,8.49996431518,5.95576191415e-06,0.00512886228617,8.2139393484,1.58470828208e-05,0.0103135015612,8.59056760489,3.24942495602e-06,0.00403691272773,4.59354363249,0.181176476688,0.343980338205,8.43388180909,1.38924118037e-05,0.00704770170169,9.53494194911,3.47950986627e-08,0.000244341959605,5.33874267284,0.0523754170019,0.298202975005,7.29543885936,0.000313248779507,0.0669803997145,8.73914716593,2.1764002835e-06,0.00299275439487,5.28661895956,0.0487504679391,0.169305850656,-0.119606345916,-0.136836041537,0.772740840912,-3.42815747857,-0.915022298694,-0.361677812551,1.86670157961,-2.40938740878,6.81309321259,0.33022068618,-15.3320732048,-0.0169941343427,0.012317583683,-0.158168224247,0.11409388073,0.0625786186745,-0.232235507844,0.0399470802355,0.299129887536,-3.10264597085,5.6367693029e-07,0.00215951462897,-2.74004969632,1.53596060717e-05,0.0112054556049,9.36392622631,-2.89625496827e-06,-0.0102719261991,3.52550365554,-0.000520434097602,-0.0862245901169,-3.19872631203,5.18105797868e-08,0.000507985283419,-2.52010274779,2.18899325735e-06,0.00493697193097,1.03910940376,-2.56459798096e-05,-0.0255958544655,-1.37825889989,1.30365691985e-06,0.00305399473286,-1.27869387768,2.20798811118e-06,0.004054867211,-2.44390588799,6.94082853541e-05,0.0308804023461,-0.0171258424703,8.17145781711e-05,0.00790825014851,-3.72029379235,6.6316637475e-05,0.0438255624684,1.53750624435,-0.384812900147,-0.138764812753,-2.33513449849,5.41817376071e-05,0.0373600756879,-0.297169741565,7.15239533799e-08,0.000112099288263,-0.994450086133,0.0603728514766,-0.224862759541,0.71183428125,-0.000912213257249,-0.0869945777974,-1.02762944309,2.94736392956e-06,0.00839843550232,-0.447847243877,0.0263219282964,0.20528148472
unguided,20,0.17,0.179999992251,predicted,Actual proposal support boundary; monitored coordinates are pre-native endpoint forecast,True,50,-0.14371272408,0.507980929349,-0.0572967694664,-0.0657441282654,0.0346719249821,0.0446539252508,5.99784604373,6.10636998984,0.20671293291,-0.492944864643,1.50391033298,0.195904785884,0.275439328856,0.277920208362,0.268317062045,0.202078833473,4.5825959985,0.200419220917,0.725503004114,9.63789677082,3.72690348815e-08,0.000230719111764,9.09021753116,1.19540890689e-06,0.0015289986601,9.5702177386,2.74416473088e-08,0.000204958471461,8.19627118228,2.33247237199e-05,0.0111290942865,10.1327899451,2.54363573683e-09,3.85605888048e-05,9.26205621497,2.18700190497e-07,0.000681671633799,8.22692016577,3.97316125008e-06,0.00767653980715,9.20270969071,1.92106691696e-07,0.000723821717693,8.96430508071,1.43717812238e-06,0.00186403005503,8.47245300486,6.76878089935e-06,0.00548962753885,8.21550391607,1.63740782627e-05,0.0103245489553,8.54679018088,4.096364461e-06,0.00457443270416,4.60472338126,0.178716697301,0.344597363654,8.40854715369,1.43298922569e-05,0.00747304198207,9.52414745195,3.69714277863e-08,0.000252460636913,5.32512239973,0.0532527341331,0.295104755166,7.30455105984,0.000303431740226,0.0658348842698,8.72277247362,2.28355731713e-06,0.00313784383668,5.28790653843,0.0485801458479,0.169761046903,-0.0481060810486,0.543968870821,0.174422860146,-2.54401195049,-0.34902536869,-0.194742743743,5.51854078115,-0.922596589061,4.84563812967,0.0402421384989,-9.30059175115,-0.132883904301,-0.128609889879,-0.0689961768409,-0.00228414358827,0.12615251986,0.597065032753,-0.145028693335,0.185682981151,-3.11319233256,7.26389896655e-07,0.00254274850033,-3.45591698111,2.09373475563e-05,0.014505552417,6.68710895956,-1.28452159689e-06,-0.00570878905853,2.44207302528,-0.000333203191823,-0.060231361653,-3.747134914,6.71634125214e-08,0.00062985970468,-2.62138845678,2.4573817778e-06,0.00539201402896,0.787752031257,-2.08087862574e-05,-0.0198816261541,-0.684005236309,9.63071180422e-07,0.00186337708445,-0.800395246545,-6.85777302263e-06,0.000423965341743,-1.72110214929,2.57718712727e-05,0.0221438364559,0.333527054353,2.65797441148e-05,-0.00418337982924,-3.23146477225,6.12310182082e-05,0.040357431518,0.752100696007,-0.180554210034,-0.015607359697,-2.45708125476,1.52651618308e-05,0.0419391533631,-1.02316330227,2.19346789305e-07,0.000834271988275,-2.50092443064,0.18899100336,-0.507722175718,-0.114384230877,0.000453815947849,-0.000274477227461,-1.10251005833,5.68549631912e-06,0.00886965958811,0.124767543376,-0.0120887873595,0.00536321491653
unguided,20,0.18,0.189999997616,predicted,Actual proposal support boundary; monitored coordinates are pre-native endpoint forecast,True,50,-0.143613117,0.515632349945,-0.0587517879868,-0.0891243571424,0.0269444930291,0.0427813654966,6.07108618911,6.11752671993,0.23354836028,-0.490341849069,1.44928954184,0.19403231643,0.272900059607,0.277549362038,0.267395317136,0.203758275345,4.59308190969,0.197267271723,0.726463740354,9.60862398631,4.47109680077e-08,0.000255975213008,9.05692440264,1.40899152029e-06,0.00167106071136,9.62510439871,1.86488962977e-08,0.000162328171463,8.2070330653,2.15145888693e-05,0.0108496376927,10.0958135367,3.29445024972e-09,4.53278004121e-05,9.24128542549,2.37249929366e-07,0.00072189588922,8.22825934287,3.90421857432e-06,0.00762929159819,9.20228075734,1.96478496472e-07,0.000728224231633,8.9546908371,1.34237271944e-06,0.00186821010603,8.4655422722,6.4711993396e-06,0.00557173901529,8.22060988949,1.63786777031e-05,0.0102298339646,8.52593830944,4.47404532018e-06,0.00484406135809,4.60858564641,0.177565392487,0.343668191011,8.384740184,1.41977150403e-05,0.00788648476895,9.51447868307,3.91820344488e-08,0.00026102739937,5.28872418422,0.0561552370691,0.288048531491,7.29315117474,0.000322325098464,0.06697491017,8.71709696476,2.29011020988e-06,0.00317014758664,5.28911431042,0.0485086921919,0.169413114954,-0.177100674993,0.631244204887,-0.180532217026,-1.83302289248,-0.557973235846,-0.183631881311,5.46372924598,-1.74943823952,1.90617722171,0.865705432615,-0.244088548327,-0.154352153605,-0.0630122059506,0.172921599929,-0.0392933188718,-0.160900828478,0.535859238363,-0.121765449741,-0.0674995625366,-2.27371236176,6.46732299025e-07,0.00217275904435,-3.83194087164,2.4047391498e-05,0.0161831184098,4.75751182544,-6.85617057418e-07,-0.00347900958093,1.9988347353,-0.000269554186579,-0.049321844161,-3.76097527557,8.7451345893e-08,0.000744656940517,-3.10999340849,3.79699751574e-06,0.00666722268904,0.253404550222,-1.41231437733e-05,-0.00929195572247,0.88027762858,-4.73810535726e-07,-0.00150011978538,-0.13590455778,-1.32562325593e-05,-0.00246705030619,0.730884280485,-5.22698293972e-05,-0.011626650948,0.766451952207,-2.42786732779e-05,-0.0161371388796,-1.83417666126,3.77653950648e-05,0.0243589797797,0.506588036612,-0.120420906162,0.326164249084,-2.05953252181,-1.2959459848e-05,0.0379913550345,-1.50148752278,3.90651533126e-07,0.00150128700683,-3.1939539447,0.263345970523,-0.658928502011,-1.42072943964,0.00235077159964,0.144940352628,-0.752212224735,-7.10431211486e-06,0.000952216828833,1.78152729607,-0.105167174948,-0.274999322868
unguided,20,0.19,0.199999988079,predicted,Actual proposal support boundary; monitored coordinates are pre-native endpoint forecast,True,50,-0.14725473758,0.520605813447,-0.0609074138069,-0.102404586115,0.0235124602652,0.0409812876246,6.10712062865,6.07138122504,0.244836477344,-0.47563075599,1.49902856202,0.192817742812,0.274179084737,0.281378640361,0.267531195668,0.198860816904,4.59331318327,0.197983911922,0.724153012863,9.59242252358,5.0203680862e-08,0.000274174292651,9.01357871373,1.67635673684e-06,0.00185266102829,9.66536797511,1.37293061605e-08,0.000135378279842,8.23624787699,1.79336399883e-05,0.0101426574033,10.0575704396,4.29266265469e-09,5.34537276152e-05,9.1998563468,2.94640140812e-07,0.00081501608758,8.23198825678,3.69069837461e-06,0.0074907006927,9.22031524328,1.82630480981e-07,0.000693819321985,8.96158698956,1.17205347119e-06,0.0018146890489,8.48707069046,5.72338431141e-06,0.00525709451989,8.23083295511,1.58885047972e-05,0.0100018061777,8.51010664765,4.8516723623e-06,0.00506161229976,4.61485514199,0.176308279178,0.351120648636,8.36735650325,1.407070306e-05,0.00823286908276,9.4941177015,4.47844584488e-08,0.00028248637705,5.26124332084,0.0585196535436,0.281926185126,7.27613647104,0.000350447172219,0.0687336913224,8.70772822912,2.14147107483e-06,0.00315688817326,5.32353708436,0.0464768023489,0.164261060446,-0.357681135095,0.122399128615,0.236526012421,0.181941047311,0.507989391684,-0.266902220565,-0.208317851254,-0.434071550823,-0.481213021606,1.68761705031,2.99123744365,-0.115917633668,0.122295040149,0.280756234835,0.0172425608008,-0.39447295167,-0.663298567627,0.22042582111,-0.220474009895,0.124648205564,-1.67990282075e-08,1.6474446048e-05,-2.28436658491,1.29129552766e-05,0.00938159429071,3.19687779485,-3.79728826375e-07,-0.00213813557102,1.46947329052,-0.000169879696653,-0.0366473754249,-4.13140591209,1.17228275571e-07,0.000915903773849,-2.57371010962,4.35060345081e-06,0.00632136839181,0.0892011405485,-7.73725531511e-06,-0.00366162769,1.28638759318,-9.59767871839e-07,-0.00243926745227,-0.157906824922,-6.2935381199e-06,0.000148597120503,2.78622275108,-8.13815484847e-05,-0.0381238949095,0.466484786553,-3.1664861234e-05,-0.0114900351218,-0.0645329107347,-1.05245226285e-05,-0.00131681202566,0.53814676465,-0.090168125401,0.699643807146,-0.531979772077,-4.81405694401e-05,0.0116447242032,-2.28656249326,5.97716468076e-07,0.0023104642513,-1.71971128114,0.161428422737,-0.326489614599,-0.961858319649,0.0015908657927,0.101427726889,0.347594725616,-1.59065518045e-05,-0.0086393664603,2.23052124638,-0.119961249827,-0.363574501199
unguided,20,0.2,0.209999993443,predicted,Actual proposal support boundary; monitored coordinates are pre-native endpoint forecast,True,50,-0.150766739702,0.518080332517,-0.0540212677383,-0.0854855361962,0.0371042808628,0.0374433210853,6.06691983209,6.10884528892,0.223924099848,-0.456589508063,1.50911429071,0.191713963756,0.27534596041,0.283164486735,0.267740168352,0.195868816312,4.57981593834,0.201675788145,0.722054260156,9.61111695042,4.43749874436e-08,0.000256304701929,9.01123707094,1.66725062582e-06,0.00185869259717,9.68904195461,1.10543197701e-08,0.000119565460042,8.23642253111,1.81169949363e-05,0.0101166901842,10.0131854184,5.63901576113e-09,6.36458758891e-05,9.18981122329,3.24261998383e-07,0.000848323257056,8.23004336568,3.74947346801e-06,0.00755605904439,9.2280085092,1.77283139035e-07,0.000679438882588,8.9515327006,1.21650195704e-06,0.00187118204844,8.52126672722,4.84356836991e-06,0.0048092611171,8.22993958522,1.57453804784e-05,0.0100000332622,8.52464765123,4.26355486761e-06,0.00481772511757,4.6193485817,0.175762029979,0.357661067154,8.37410058856,1.32349036515e-05,0.00811937925302,9.4687474332,5.11363638103e-08,0.000307236684396,5.2543299586,0.0593838055239,0.281518739199,7.27391400835,0.000354142414318,0.0690034647077,8.72404885928,1.97197917379e-06,0.00299736025743,5.33372473535,0.0461094671954,0.16214162493,0.00953994847245,-0.862888738054,0.876552939415,0.80094897747,1.13012823462,-0.106158204155,-6.77783815556,4.2401546405,-0.90609536599,0.68678383173,1.62999699798,-0.0057412554836,0.208880586378,0.0457392235414,-0.012876248144,-0.203064890675,-1.67878870529,0.434614302995,-0.212518297692,0.649817444014,-8.38115932466e-08,-0.000430405190824,-0.321557169455,-3.50589697894e-07,0.000939964613275,2.32074367048,-1.91334449725e-07,-0.001228041455,1.93402778709,-0.00018426993735,-0.0447226003296,-4.31216354297,1.43208493343e-07,0.00104951334458,-0.590298783255,1.45529510656e-06,0.00162842322467,0.126386851073,2.78404828815e-07,-0.000892307774931,0.783958198547,-9.86823563624e-07,-0.00208808622586,0.17797225199,-3.85189276583e-07,-0.00012317369136,2.76256815368,-6.62621699952e-05,-0.034832516676,0.131962052363,-2.15435682467e-05,-0.00423474565174,0.221544940052,-2.88546822237e-06,-0.00304140731432,0.324859745139,-0.0228320241575,0.363358080437,1.42201285728,-0.000111153490537,-0.0250044196635,-2.57583265838,6.68422003207e-07,0.00260070168465,0.424662702998,-0.0510085733986,-0.0568625757206,-1.00974338331,0.00164390935928,0.107337843254,0.494605324524,-3.99672939122e-06,-0.00523153911336,2.52005144007,-0.115966757164,0.0431841736923
unguided,20,0.21,0.219999998808,predicted,Actual proposal support boundary; monitored coordinates are pre-native endpoint forecast,True,50,-0.14706393861,0.503348038686,-0.0433763550186,-0.0863856065655,0.0461150249577,0.0388581235415,5.97156386554,6.15618431785,0.226714570024,-0.461895079356,1.53162850198,0.192702917702,0.278356696464,0.282293424832,0.267273670705,0.19479951909,4.55973740917,0.206676197982,0.719902646909,9.60541887246,4.8527448997e-08,0.000265566188835,9.00714757034,1.66934494289e-06,0.00187146032056,9.71178284852,9.90261716598e-09,0.000110817450742,8.27492843273,1.42482412413e-05,0.00924820539674,9.97132716869,7.15683252155e-09,7.44439945068e-05,9.18805037113,3.23746042943e-07,0.000847584552074,8.2345159938,3.69626647118e-06,0.0074728545372,9.23599440725,1.62894009709e-07,0.000652057597468,8.9651464346,1.16434968566e-06,0.00181222557508,8.54232205354,4.39814091151e-06,0.00456044418637,8.23347219616,1.54576334323e-05,0.00991711126471,8.51453754646,4.79396299785e-06,0.00500078415347,4.6213523369,0.175851638694,0.358387810245,8.3957967604,1.18476332492e-05,0.00773278068949,9.44260104833,5.81528985129e-08,0.000334500410743,5.2697365749,0.0574994820756,0.280788933612,7.25594160338,0.000383325359405,0.0708804481874,8.71762033561,2.06153648701e-06,0.00305225739099,5.37393811316,0.0441574672056,0.16512474392,0.334278002694,-1.21880884848,0.711601018906,0.00482599437248,0.280248323455,0.149164135682,-6.0444550701,9.4159555995,-0.319799668051,-1.29613264527,5.54930389147,0.00146836540868,0.14811575898,-0.202246684566,-0.106635944693,0.0131346040114,-1.42820274499,0.237951194147,-0.327203483949,-1.09448046112,5.10478612353e-07,0.00139504529015,-1.47573961806,9.50155468105e-06,0.00678475627333,1.26343481485,-5.82683841044e-08,-0.000460484563515,0.888686750741,-0.000147084717035,-0.0205200394579,-3.19168542541,1.00469488912e-07,0.000773366649072,-1.30949512497,2.00152796234e-06,0.00305669130299,0.316941389335,-2.58100870644e-06,-0.00527376696363,0.0526140751984,-5.78836938192e-07,-0.000970033568757,1.29359720067,-2.53973336308e-06,-0.00483310501369,2.58800690828,-5.37091605381e-05,-0.0310168692353,0.181042946714,-1.64635154261e-05,-0.00425394643103,-0.334814610858,2.75859173982e-05,0.00756925329804,-0.518664794678,0.145783744613,-0.165657704624,2.04598744538,-0.00011198052965,-0.0359844551652,-1.51674478719,2.81448767912e-07,0.00133997943064,1.04851210994,-0.130211668525,-0.123913034498,-1.65337483651,0.00269863785174,0.178337247513,-2.47265247965,3.19398490984e-05,0.0222883613209,1.44118094116,-0.0682735403266,0.267335187574
unguided,20,0.22,0.229999989271,predicted,Actual proposal support boundary; monitored coordinates are pre-native endpoint forecast,True,50,-0.144081179648,0.493704155548,-0.0397892473602,-0.0853890163088,0.0427092473319,0.0404266037989,5.94603073069,6.29716440091,0.217528106487,-0.482512160968,1.62010036854,0.191743331064,0.278308275589,0.279119553043,0.265607449458,0.196131508392,4.55125188344,0.206434812028,0.715510190477,9.5892273412,5.45845596906e-08,0.000284205607732,8.98172227858,1.85728171944e-06,0.00199438772264,9.71431065091,9.88895208806e-09,0.000110355768772,8.25419626612,1.51753005956e-05,0.00970628939502,9.94935170994,7.64840553938e-09,7.91132088705e-05,9.16362132079,3.64292557629e-07,0.000909457083116,8.23638219347,3.69785329389e-06,0.00745058370512,9.2290607907,1.65706400271e-07,0.000660038211212,8.97740464462,1.16570728978e-06,0.00177451994817,8.57302686538,3.76938515914e-06,0.00418892373239,8.23356044415,1.54161101699e-05,0.00991495433353,8.51795135901,4.81527321558e-06,0.00496911018353,4.60897528581,0.178677704871,0.354347913061,8.41502033747,1.09952930585e-05,0.00739969014971,9.43841253746,5.67653391685e-08,0.000334036273009,5.2753002008,0.0567795721534,0.279040478509,7.24084651162,0.000408115171353,0.072570209658,8.67459580968,2.61077615576e-06,0.00344312748385,5.36254835418,0.0447439963888,0.167488328682,0.0927426522872,-1.42799206578,0.443214416504,0.413510918617,-0.196330711246,0.231942544365,-3.74733874601,14.1904293588,-1.05908557927,-2.76557995253,7.19755649458,-0.0957522432447,-0.0119728464846,-0.346290376235,-0.16503720151,0.176092951814,-0.596705444718,-0.00467028750711,-0.397642721232,-2.49471618391,7.45816713187e-07,0.00243852365424,-1.73539315104,1.2933408974e-05,0.00851432855973,-0.131723554486,2.74963273889e-08,0.000167261541815,-0.796544871858,3.55730104316e-06,0.0165889412088,-1.85214786508,1.25439379936e-08,0.000308483366496,-1.8437545622,3.09657753257e-06,0.00466688087724,0.460633626982,-4.58205886793e-06,-0.00824062002846,-0.626320927795,-2.19033835134e-07,0.000127824642143,2.0019583417,-3.85611335956e-06,-0.00732052428097,3.23379760573,-6.24934145531e-05,-0.0382554414043,0.0624218736974,-1.02217867911e-05,-0.00153156740042,-0.855343913028,3.53644741129e-05,0.0146161787328,-1.46925398334,0.35298996835,-0.538170738005,3.07386282648,-0.000123242062079,-0.051265969163,-0.374519814142,-1.71789848017e-07,-0.00010600099369,0.0465990180195,-0.0455618823232,-0.197416569661,-1.55486734406,0.0024532228557,0.186093111245,-3.88087570512,6.04119805626e-05,0.0375267756632,-1.06150765997,0.0640595344164,0.364478660366
unguided,20,0.23,0.239999994636,predicted,Actual proposal support boundary; monitored coordinates are pre-native endpoint forecast,True,50,-0.145209085564,0.47478819737,-0.0345120666885,-0.0781153881931,0.0421884107327,0.0434969744288,5.89661709062,6.43999290503,0.205532858439,-0.517206678406,1.67557963187,0.190787872837,0.278117239535,0.275367617307,0.263972926675,0.198321378126,4.54780330027,0.206582792232,0.711949792485,9.55552454879,6.34437832608e-08,0.000314336661919,8.97243970732,1.92801312237e-06,0.00204174689175,9.70914837743,1.04525437138e-08,0.000114162681579,8.25899753529,1.43193872622e-05,0.00957998422091,9.93428421139,7.40771128142e-09,8.06136618367e-05,9.15117527989,3.85677593594e-07,0.000940922169618,8.24372866634,3.60462529383e-06,0.00730804213663,9.22346798869,1.58513333006e-07,0.000654614090311,9.00518560143,1.08722741847e-06,0.00166581508946,8.60699800565,3.14827262044e-06,0.00379533535829,8.23472063363,1.52531976964e-05,0.0098864799167,8.4974306682,5.50125248011e-06,0.00529310772812,4.59196725723,0.182911438061,0.347624395485,8.45727401693,9.38279200766e-06,0.00670746130623,9.43511065205,5.47171015526e-08,0.000332380390869,5.27066855526,0.0565882444292,0.276840602219,7.2248442565,0.000432389816519,0.0746023104123,8.64000282151,3.26977609826e-06,0.00380279290425,5.35270795996,0.0454386578939,0.172414317127,-0.407513236773,-1.38198493759,0.835196733475,1.27604684234,-0.640523994341,0.351895775586,0.608362102418,10.679012022,0.433739249562,-2.93676924402,-0.0888353708662,-0.13362045191,-0.0178192499716,-0.339601210012,-0.174990940581,0.189429770818,-1.06612523298,0.165003283739,-0.627315034434,-7.56843238987,3.15819814919e-06,0.00874733704096,-1.71284959374,1.44101490483e-05,0.00893594531191,-0.446905444138,7.68116932986e-08,0.000465146446076,2.33237756999,-0.000181781748811,-0.0505899884368,-0.573323375404,-4.74474671547e-08,-5.60979201498e-05,-1.67381318566,2.81541741387e-06,0.00442150952103,1.46294612216,-2.21736375202e-05,-0.0305078841085,-1.60450284883,8.91637327195e-07,0.00264283458982,2.43480112303,-6.08749194391e-06,-0.00905102507355,3.19083456277,-5.70706093191e-05,-0.0363521524617,-0.197636707065,1.77965216367e-05,0.00541571186344,-4.95293044003,0.000169831457073,0.0771858441317,-0.950445677418,0.18116909975,-0.560756742923,3.60865465361,-0.000125523151521,-0.0576785158107,0.191173750244,-2.89926046417e-07,-0.000676572926188,-3.39080355063,0.164187460401,-0.0650509054537,-0.73027544122,0.00121547519021,0.0821443852012,-4.29973880569,9.42610850977e-05,0.0486422100663,-3.64726297312,0.239344015199,0.196917795428
unguided,20,0.24,0.25,predicted,Actual proposal support boundary; monitored coordinates are pre-native endpoint forecast,True,50,-0.152231444383,0.466064456796,-0.0230853126907,-0.0598680794621,0.0298987674451,0.0474645193107,5.95819797273,6.51074464135,0.226202891478,-0.541247545848,1.61832366113,0.189070922026,0.27795189059,0.272327528843,0.262107630646,0.199920103809,4.52992937878,0.209734877703,0.702963889788,9.4378586934,1.17748522674e-07,0.000459152348552,8.94746528671,2.14548470041e-06,0.00217310662888,9.70537254202,1.1425185954e-08,0.000119658697694,8.30084381752,1.15396656193e-05,0.00869448962628,9.93788524243,6.69945619629e-09,7.79912504675e-05,9.13014505708,4.20600905907e-07,0.000997887273536,8.26564111591,3.25438054348e-06,0.00684042602295,9.19697073373,1.83539146815e-07,0.000712894903009,9.02610066708,1.0439574509e-06,0.0015934994467,8.63684355664,2.62797297276e-06,0.00346188068316,8.22960771001,1.57720406026e-05,0.0100232685708,8.41889275021,8.21190235703e-06,0.00651282706617,4.58996637226,0.182301086866,0.343132778203,8.48719343054,8.48483002811e-06,0.0062461198335,9.44223601247,5.09668182402e-08,0.000320504814485,5.20748412979,0.0600633213614,0.2777394604,7.2262410028,0.000432424675157,0.074213097362,8.58860103357,4.49599785771e-06,0.00441597168518,5.28960309471,0.0495308766928,0.17142668459,-0.719349110805,2.2228146001,1.31588923931,-0.581467650831,-2.58100378513,0.276189164828,19.9593204437,0.440460513392,4.42014079307,-1.01149547151,-6.06323838285,-0.248231072615,-0.208675687835,-0.373059759131,-0.188905752386,0.226402291431,-2.74742158181,0.351159772747,-1.37480844788,-11.7973471555,7.20617876812e-06,0.0174208616409,-6.40564171953,7.18334129499e-05,0.0376420845225,0.048829739289,8.82763448319e-08,0.000479369042523,4.36812061062,-0.000261893901657,-0.0938942380849,3.09227771834,-1.45106758863e-07,-0.000945913596195,-6.22957134846,1.41551880114e-05,0.0201509200734,2.59521297831,-3.95559005487e-05,-0.0524876302326,-3.86129105174,4.54155406417e-06,0.00991070112738,-2.15619061435,1.9334230849e-05,0.0125809395464,2.54436283488,-4.78003671762e-05,-0.0297785881921,-0.46430909102,4.76224057889e-05,0.0125577261883,-8.18027444007,0.000328621038288,0.13536599335,0.789087921857,-0.333242909218,-0.241581565303,-2.22800202082,0.0001137338778,0.0353203440637,1.64230967577,-5.98849044436e-07,-0.00220186044933,-5.1044711178,0.313374240157,0.0884453219628,0.964354571072,-0.00153276920718,-0.12773499545,-7.94140951947,0.000190538498397,0.099716660599,-6.35050800138,0.396128628524,-0.0430745690561
unguided,20,0.25,0.259999990463,predicted,Actual proposal support boundary; monitored coordinates are pre-native endpoint forecast,True,50,-0.159596067781,0.519244489372,-0.00819428190232,-0.0897447412097,-0.00943166496992,0.0490207577254,6.29580349949,6.4488021153,0.2939356743,-0.537436587837,1.55431486421,0.185823251385,0.273943725778,0.267906422124,0.260194811627,0.202849423955,4.49285486864,0.213605987687,0.684453623527,9.31957760568,2.07567358623e-07,0.000662753894736,8.84432687293,3.36468138137e-06,0.0027945885822,9.71012497222,1.22180706104e-08,0.000123750062429,8.3463599475,9.08150922906e-06,0.00770209945921,9.99612976576,4.50557610417e-09,6.16953899128e-05,9.02658385292,6.68781353823e-07,0.00134394057109,8.2956329259,2.81350728285e-06,0.00625828953198,9.14624216766,2.49344414289e-07,0.000852828112859,8.96206178914,1.47391203545e-06,0.00191743388039,8.65788526235,2.19226527692e-06,0.00319976359444,8.22543445181,1.62056458122e-05,0.0101376344405,8.33382517939,1.20736732459e-05,0.00800042759513,4.60774901567,0.176246579877,0.342792764179,8.41271397651,1.16574695637e-05,0.00741386818751,9.46795684556,4.27401206639e-08,0.000288343181882,5.1685791329,0.0628557292323,0.278609508658,7.24413134792,0.000401734432375,0.0720476105033,8.48117463112,7.08054606619e-06,0.00579712611623,5.22569779993,0.0533612304644,0.171552825746,-0.738504647831,3.02210938366,0.68556201458,-3.68087486923,-4.04609565437,0.0304866686264,28.8337046094,-7.97687941544,6.12114578119,1.10004737219,-3.32408572111,-0.221058682437,-0.303681008547,-0.340622103262,-0.123684669219,0.189851234582,-1.61339993006,0.14789842034,-1.45739263181,-6.80863599748,5.30160741816e-06,0.0119352243028,-9.34393238818,0.000130589642816,0.061094744525,0.435468919317,4.13767166569e-08,0.000246405411176,1.64194153561,-9.69775218216e-05,-0.0387265110515,6.35196259447,-1.87896903139e-07,-0.00154472606,-9.2015366698,2.91552656404e-05,0.0352149183671,1.55657753436,-2.33714559029e-05,-0.0308380987924,-4.11145260855,5.82517452968e-06,0.0119204260875,-5.85099206652,4.06591090889e-05,0.0303901310056,0.607027337698,-1.81305469685e-05,-0.0102712695109,-0.659841871707,7.39440832093e-05,0.018269339117,-4.74692393012,0.000218285504478,0.0834424564129,1.8475308574,-0.532975862701,-0.0234239223378,-8.23862951793,0.000416369297579,0.141352782827,2.68785041762,-6.89230410564e-07,-0.00287172939466,-1.00935680424,0.0746751716687,0.144552696353,1.8099910299,-0.00302314281874,-0.215027325934,-8.85702165326,0.000233571082533,0.121792025395,-4.52791431629,0.281602259911,0.0500458160403
unguided,20,0.26,0.269999980927,predicted,Actual proposal support boundary; monitored coordinates are pre-native endpoint forecast,True,50,-0.16700153734,0.526506644469,-0.00937407239914,-0.133485576847,-0.0510231456423,0.0480742526832,6.53487206492,6.35120705304,0.348625807102,-0.519246598405,1.5518419467,0.184649748377,0.271878270419,0.265515086778,0.259633937262,0.2037171285,4.49766138018,0.21269284611,0.673816037152,9.30168597345,2.23780671038e-07,0.000697856834608,8.76058663894,4.75727755674e-06,0.00339500151938,9.71408192041,1.22527202872e-08,0.000124586805917,8.33368264823,9.60011518291e-06,0.00791995940525,10.0649244943,2.9415181335e-09,4.70967292676e-05,8.94611432368,1.00370621871e-06,0.00170218564088,8.2967726666,2.78695142542e-06,0.0062236640471,9.11474168156,3.00042637408e-07,0.000951303424759,8.90908082575,1.85713963268e-06,0.00220130206681,8.64898410339,2.26536203339e-06,0.00325645529294,8.21641087258,1.72509222668e-05,0.0103886553531,8.32395427161,1.25776124466e-05,0.00818167619443,4.62691698941,0.171641569612,0.342664299756,8.32242084018,1.68122159797e-05,0.00907317549004,9.49599302082,3.71822100289e-08,0.000263070226592,5.1872969937,0.0615568247948,0.280630514327,7.26244082339,0.000371961818782,0.0699125508433,8.4114606005,9.16741950837e-06,0.00685181219308,5.19904480839,0.055162921891,0.172427600911,-0.348206194446,0.0585204243938,0.153019547463,-2.73913774639,-3.21488673985,-0.0283744726149,18.3532045738,-6.70183980357,4.41781773599,1.24102678651,2.7642262564,-0.0871298245382,-0.139980001484,-0.182055243065,-0.0658346284109,0.0410863233236,0.542355258676,-0.0792416436648,-0.774966688729,-0.833402805935,8.64191611441e-07,0.00166563994823,-6.68455230562,0.000124306708561,0.0507225055509,-0.102795495612,2.80602145493e-08,0.00023053281945,-1.46010450404,6.36362809721e-05,0.0269358547826,5.80060013382,-1.1723520427e-07,-0.00114277152407,-6.29297657556,3.03810254234e-05,0.0300192677445,0.138696283971,-2.73679274761e-07,-0.00271638343795,-2.68679143542,4.40287073353e-06,0.00845349624502,-3.71038512123,2.8977900596e-05,0.0205977196365,-0.167279633632,1.33110943017e-06,0.000262695593396,-1.6540407997,0.000155640506422,0.0428356422529,-1.14046683154,6.77789146492e-05,0.0220478915366,1.67759089527,-0.359892490473,0.0142816981817,-6.63275014446,0.000421874199016,0.126633092464,2.32726862131,-4.32250442459e-07,-0.00201898284839,2.43692694235,-0.168786634439,0.23760736845,1.18455137912,-0.00204141949309,-0.131283449916,-5.44984557724,0.000191277387808,0.085944580135,-1.78695058438,0.126837153171,0.0703174451873
unguided,20,0.27,0.280000001192,predicted,Actual proposal support boundary; monitored coordinates are pre-native endpoint forecast,True,50,-0.16656019167,0.52041489786,-0.00513389095306,-0.144527496138,-0.0737293997669,0.0484532682731,6.66286759097,6.31476531923,0.38229202902,-0.512616052106,1.60959938934,0.184080654894,0.271144125748,0.264265317263,0.258878119059,0.203671150421,4.50370197381,0.212021154813,0.668954289753,9.30290954956,2.24851190852e-07,0.000696066693701,8.71063582681,5.85081555259e-06,0.00380903869322,9.7080690623,1.27792749014e-08,0.000128360718818,8.31715785742,1.03542348485e-05,0.00824081655487,10.1121417684,2.16087201877e-09,3.88399594315e-05,8.90072432141,1.27640186229e-06,0.00194432592598,8.29840685158,2.80803369736e-06,0.00620396186322,9.09250633895,3.3740182896e-07,0.00102189803776,8.88785408672,2.05347004737e-06,0.00232938827311,8.65453966968,2.21888746552e-06,0.00320501750631,8.19235363582,1.93184559406e-05,0.0109943472855,8.31101584276,1.34292515389e-05,0.00844138542587,4.64130083357,0.169048730068,0.343078398142,8.28005897362,2.0094953544e-05,0.00994653003678,9.51450221799,3.40951118147e-08,0.000247963524915,5.21731767175,0.0594799965435,0.283361656027,7.2678223755,0.000360906042513,0.069421941505,8.37217771957,1.09060938224e-05,0.00751601771893,5.18995878824,0.0558979735279,0.17295917465,-0.0554027289736,-1.38313619882,0.563580393791,-0.933120444417,-1.27918234468,0.121660509832,10.2915410225,-2.3915254845,3.06736586238,0.583694136907,7.06517676251,-0.0499338206453,-0.0504590747647,-0.0922909268303,-0.0767411649303,-0.011793824328,-0.0685821062346,0.0356478776615,-0.416227835856,1.17342468456,-9.88940893984e-07,-0.00231999283665,-4.29929800629,0.000102828649694,0.0371330756711,-0.834684783931,7.04624073209e-08,0.000485486447059,-1.33206738097,6.71106881775e-05,0.0266566035276,3.85428746161,-5.83650090814e-08,-0.000640373735641,-3.0625551825,1.89065120391e-05,0.0165198771365,0.571259937304,-6.30901754685e-06,-0.00975003152105,-1.94968428822,3.59440178667e-06,0.00649806712067,-1.85727588964,1.95543604694e-05,0.0117250254633,0.147651410497,3.49083106412e-07,-0.000805060560702,-2.80739571171,0.000250673068092,0.0720145286043,-0.0631652161835,4.7869507767e-06,0.000733583792295,1.41270156005,-0.251879452773,0.0794196558674,-3.72896785418,0.00032385649581,0.0782069958756,1.49313381,-2.71192575595e-07,-0.00130751165336,2.95825511607,-0.216708038528,0.129587322928,0.231693379149,-0.000854155142679,-0.000273341634152,-3.02624936327,0.000150742099072,0.0523582400682,-0.159941142572,0.019705033977,0.0124704423013
unguided,20,0.28,0.289999991655,predicted,Actual proposal support boundary; monitored coordinates are pre-native endpoint forecast,True,50,-0.168109591919,0.498843920493,0.00189753547668,-0.152147985735,-0.0766067925358,0.0505074628798,6.74070288537,6.30337654335,0.409973124349,-0.507572715666,1.69314548195,0.183651071965,0.270869088924,0.263669268241,0.258099113963,0.203481252014,4.49628973805,0.213405803663,0.665491480435,9.32515446715,2.04001853158e-07,0.000651456977875,8.67460067882,6.81385055062e-06,0.0041376630328,9.69738822473,1.36619684336e-08,0.000134296534858,8.30704130061,1.09423289465e-05,0.00845309147581,10.1420102436,1.77421795187e-09,3.42892545548e-05,8.88486322003,1.3818364595e-06,0.00203258318361,8.30819786534,2.66077107449e-06,0.00602866341668,9.07574799579,3.71930673142e-07,0.00108126476717,8.87193530796,2.24822684207e-06,0.00243580257608,8.6519371316,2.27234369552e-06,0.00324035408173,8.16026295835,2.22643836287e-05,0.0118289459252,8.32269096728,1.26733514621e-05,0.00819634787027,4.65517102061,0.166603980557,0.344252692873,8.2478414831,2.32893458959e-05,0.0106373154075,9.52585569702,3.1758358517e-08,0.000236919993525,5.24646209602,0.0572226640242,0.283222260785,7.26707469098,0.000354878715929,0.0699070840107,8.35093561324,1.21822614898e-05,0.00789897699445,5.19584598554,0.0555570225706,0.172677009757,-0.16760775675,-0.915113204457,0.37523317337,-0.632732748985,-0.291858643293,0.135330886207,6.3256861757,-1.67017781415,1.80907945112,0.193791576699,5.67087207195,-0.030107618102,-0.0204420432931,-0.0404490867753,-0.0528197424342,-0.0144647297715,-0.403061711126,0.0500146411155,-0.216855602088,1.65478966848,-1.56115619313e-06,-0.00329805121671,-2.42025237881,6.56093055256e-05,0.0221773313007,-1.0447374628,8.71651747904e-08,0.000577088477568,-0.829853973474,5.08285991648e-05,0.017562492593,2.73764020241,-3.25172577989e-08,-0.000396952620374,-1.17163306485,7.79366880946e-06,0.00655846240431,0.571654053472,-8.03740933204e-06,-0.0100843259369,-1.03864922101,2.18189027801e-06,0.00369724682585,-1.35367840765,1.49962487136e-05,0.00874547839727,-0.436595200897,6.62602229105e-06,0.00478649577004,-2.22846245624,0.000211380769612,0.0587267695545,0.863893917204,-5.32548386688e-05,-0.0178118613765,0.84913150846,-0.160780222493,0.0710929089181,-2.63432977403,0.000260378163157,0.0578749728889,1.27266531646,-2.47296214689e-07,-0.00118106959394,2.18913436861,-0.165400544316,0.0201443293081,-0.0663392477219,-0.000259808054202,0.0269802963363,-1.21450089064,6.83536919197e-05,0.0218458744983,0.334325929295,-0.0207401583486,-0.0234160515846
unguided,20,0.29,0.299999982119,predicted,Actual proposal support boundary; monitored coordinates are pre-native endpoint forecast,True,50,-0.169912346805,0.502112633771,0.00237077251434,-0.157182151117,-0.0795665726328,0.0511598859972,6.78938131449,6.28136176294,0.418473618042,-0.508740220572,1.72301683078,0.183478502532,0.270735284882,0.263456335528,0.25782172421,0.203381855826,4.49564073959,0.213021447636,0.664617177711,9.33600534293,1.9362806699e-07,0.000630105669367,8.66223077924,7.1630016631e-06,0.00425258531924,9.68717431305,1.45225783972e-08,0.00013990248837,8.30056077795,1.13708068318e-05,0.00859206640672,10.1668945725,1.51052686279e-09,3.09009070241e-05,8.87729166011,1.43227523848e-06,0.00207549517406,8.30983993265,2.64728551072e-06,0.00600227534448,9.07173335453,3.8103963452e-07,0.00109584297428,8.86078051856,2.35339502164e-06,0.00250429784106,8.64580776566,2.35140791134e-06,0.00330074742171,8.14778438669,2.35460713329e-05,0.0121688826766,8.32829372111,1.23641547655e-05,0.00808514819834,4.65828346374,0.165833125618,0.344500256321,8.22737237814,2.53025168071e-05,0.0111040294946,9.53995552432,2.91491875209e-08,0.000224342133036,5.26110035912,0.0561719856572,0.283764542613,7.26649559055,0.000355709881429,0.0699615474317,8.34788770176,1.22731676608e-05,0.0079529352089,5.19664530683,0.0554831703609,0.172490853618,-0.447818921952,2.41285053172,-0.126889467239,-0.0286480784416,-0.310378760099,0.0272373518055,3.08475766152,-1.26669189666,0.317468759963,-0.221374240527,2.19960209955,-0.014132683441,-0.0120617818987,-0.0171574723184,-0.0167104922739,-0.000967867919632,0.23956586962,-0.0929230622938,-0.032224004115,0.51268913644,-4.7078843813e-07,-0.00100469529817,-0.210864849386,4.27207951125e-06,0.00165083443518,-1.20085274881,1.04045132344e-07,0.000660069479933,-0.70232233613,4.30642844563e-05,0.0149889497128,2.20146220904,-2.18960527907e-08,-0.000288461433354,-0.129479744875,4.64306377367e-07,0.000599218741405,-0.0734115983059,1.35433044126e-06,0.00137862049152,-0.297315930543,6.63701954559e-07,0.00108188906873,-0.525295944613,4.33183993729e-06,0.0030977732781,-0.494976747522,6.10105723209e-06,0.00486338759568,-0.947616491075,9.64093173053e-05,0.0258847131884,0.489812271538,-2.85385503473e-05,-0.00987311868818,0.0526638703361,-0.0268665784727,0.00499729805664,-0.922690944191,8.4709313893e-05,0.0212066374894,1.3971694502,-2.42440876126e-07,-0.00119232838156,0.885612057842,-0.0624435817045,0.0800981711941,0.114338278345,-0.000139923894207,-0.015543528361,0.104270787882,-1.79290086022e-05,-0.00211710362287,-0.335246480389,0.0205409962625,-0.0126457181792
unguided,20,0.3,0.310000002384,predicted,Actual proposal support boundary; monitored coordinates are pre-native endpoint forecast,True,50,-0.177065970358,0.547100931127,-0.000640253868106,-0.152720947304,-0.0828143677378,0.0510522099159,6.8023980386,6.27804270541,0.416322499549,-0.512000200477,1.73713752395,0.183368418296,0.270627853286,0.263326118795,0.257764904118,0.203461894655,4.50108105545,0.211547342417,0.664847000353,9.33540824987,1.94586084395e-07,0.000631363071911,8.67038338183,6.89929214085e-06,0.0041706797215,9.67337116976,1.57428710805e-08,0.000147497924457,8.29299485389,1.18036146356e-05,0.00875287047006,10.1860394877,1.33629689605e-09,2.85200258877e-05,8.88227362514,1.39112258704e-06,0.00204456755844,8.30672963338,2.68785768331e-06,0.00605623582651,9.06980167718,3.85204712233e-07,0.00110290254855,8.86142938906,2.33486364081e-06,0.00249775804164,8.64203759665,2.39436484016e-06,0.00333762183364,8.14131062852,2.41925699748e-05,0.012346640189,8.33248721272,1.21025804552e-05,0.00799888549651,4.65622429801,0.166066648987,0.344352638834,8.22938766421,2.49835321737e-05,0.0110614481573,9.55379908602,2.69095409945e-08,0.000213073425894,5.26417433718,0.0559737923901,0.284824224209,7.26936145654,0.000352080238044,0.0695962134434,8.353021029,1.18236813178e-05,0.00785663492199,5.18914105593,0.0559678424958,0.172424095393,-0.419134131172,1.94770998297,-0.109565854073,0.542245417833,-0.0453103780747,0.0264582437868,1.87359316429,-0.475097256216,-0.299578184476,-0.594690613359,1.33704826106,-0.014628835312,-0.0101592434171,-0.0169376460258,-0.0106383653087,0.00880229214568,0.275208245343,-0.09279605002,0.0235925110245,-0.0447843701802,6.1403428779e-08,8.99255101439e-05,0.44698469882,-1.4100226161e-05,-0.00441947209975,-1.32821256618,1.20671353749e-07,0.000740978304489,-0.280030173376,1.93581824271e-05,0.00612399377965,1.63383853821,-1.43170115145e-08,-0.000199003089826,0.302654548464,-2.09524027326e-06,-0.00174749143798,0.000919155481313,9.22912381561e-08,-1.3728059142e-05,-0.142737899463,2.88867943928e-07,0.000492159077653,-0.291609963199,2.88086151497e-06,0.00185721217142,-0.240220875305,3.08007010229e-06,0.0025879109733,-0.667248661795,6.5769400556e-05,0.0182025467603,0.110703495239,-9.40823660784e-06,-0.00277433796739,-0.248806598848,0.02970811713,-0.0236437633044,-0.186129043816,1.56735344627e-05,0.0044990066945,1.26682301971,-2.11591172625e-07,-0.0010603074779,0.126857332086,-0.00727897906967,0.0883737174153,0.0336068114933,1.34180657695e-05,-0.0070424917045,0.516231442603,-3.35860319202e-05,-0.00950020688018,-0.374542732283,0.0218724020043,-0.00544622657924
unguided,20,0.31,0.319999992847,predicted,Actual proposal support boundary; monitored coordinates are pre-native endpoint forecast,True,50,-0.178295029428,0.54106683343,0.000179455432889,-0.146337242761,-0.0804727801943,0.051689050873,6.82685317777,6.27185981782,0.412482054353,-0.52063403284,1.749757796,0.183185925826,0.270532100014,0.263117582607,0.257608956904,0.203557901669,4.50114490449,0.211165526635,0.665089027931,9.33510965552,1.94856135565e-07,0.00063190417957,8.67117047322,6.88099713988e-06,0.00416419587724,9.66061006172,1.69360054722e-08,0.000154722054459,8.29496017449,1.17579704803e-05,0.00871454628232,10.1995713432,1.2241866325e-09,2.69208452275e-05,8.88334475108,1.39037043301e-06,0.0020405453453,8.30985831576,2.64913133548e-06,0.0060020007833,9.06887859654,3.86816993399e-07,0.00110568615583,8.8549483193,2.41101225194e-06,0.00254144208449,8.64100334815,2.41300931339e-06,0.00335250564118,8.13443941346,2.4861459344e-05,0.0125329336118,8.33050779101,1.21759900333e-05,0.00802966143899,4.65330733177,0.16642728796,0.344027381054,8.22364979726,2.56159874964e-05,0.0111940096284,9.56529198471,2.49173640684e-08,0.000203135983478,5.26363750576,0.0560264060758,0.285532016961,7.26716772678,0.000355978242745,0.0698206975977,8.35821233061,1.16014470223e-05,0.0077629310713,5.18915445218,0.055920618401,0.172381929087,-0.236085234127,0.434697304325,0.21347630024,0.221036314964,0.537902027369,0.117767076665,0.724231755914,-0.222828930838,0.181458163272,-0.986058031164,1.25898754238,-0.00485669846496,-0.00132363289053,-0.00328643658342,-0.00668872775494,-0.00386213751116,0.00390559278478,0.0146090125814,0.0747333438443,0.84077792492,-8.29253867919e-07,-0.00164936973997,0.200033437974,-5.20546085046e-06,-0.00180143207732,-0.73426160699,7.54397149887e-08,0.000438845999228,0.370767694905,-1.64968667036e-05,-0.00762182164007,0.424165671779,-3.74556749733e-09,-5.26140717093e-05,0.237249839144,-1.25371598241e-06,-0.00123151421769,0.532684656874,-6.67278781658e-06,-0.00936482840888,-0.42194194291,7.84314374643e-07,0.00146293641792,-0.520262582479,6.07304122008e-06,0.003474973851,-0.225948367747,3.05454060044e-06,0.00242465631035,-0.559443470377,5.61622332944e-05,0.015246679991,-0.263018888041,1.46336764351e-05,0.00505034195179,-0.104601771794,0.027908573753,0.00520791240739,-0.418463871111,4.58330889561e-05,0.00968292091737,0.335190303943,-5.94324717916e-08,-0.00029902261859,1.03039714869,-0.067574227913,0.033009985562,-0.237647769048,0.000336183119725,0.0281289993011,0.531304385419,-2.51248479057e-05,-0.00946271023244,0.756059717717,-0.0427498125529,-0.0130772923897
unguided,20,0.32,0.329999983311,predicted,Actual proposal support boundary; monitored coordinates are pre-native endpoint forecast,True,50,-0.181787675041,0.555794877214,0.00362927213668,-0.148300221004,-0.0720563271904,0.0534075514493,6.81688267372,6.2735861268,0.419951662814,-0.5317213611,1.76231727479,0.183271284326,0.270601380628,0.263260390063,0.257631129563,0.203384651905,4.5011591673,0.211839522669,0.66634166723,9.35222380837,1.78001007037e-07,0.000598375677112,8.67438405059,6.79518292384e-06,0.00413465107996,9.65868593762,1.72516653802e-08,0.000156274844441,8.30041020779,1.14736773015e-05,0.00860043403726,10.1945228012,1.26138554611e-09,2.74677444535e-05,8.88701862192,1.36604826739e-06,0.00201993727408,8.31738332651,2.55440192698e-06,0.00586893925833,9.06136283832,4.00890999726e-07,0.00113216127691,8.85102413741,2.45632446521e-06,0.00256725751866,8.6375186293,2.45545565217e-06,0.00338611495985,8.13012175912,2.53158146407e-05,0.0126515737888,8.32722683495,1.23952539839e-05,0.00809989233554,4.65413226258,0.166624820462,0.344456797083,8.22101838679,2.59001939529e-05,0.0112551065757,9.5605028921,2.57208915587e-08,0.000207092973522,5.28478228016,0.0546223078319,0.285484423921,7.26460850116,0.000358803900439,0.0701587934295,8.36364711671,1.13211843596e-05,0.00766738071734,5.20426225028,0.0551128462447,0.172162549546,-0.175248309064,0.17200658584,0.313434958458,0.24035397172,0.5436001122,0.0708325675725,-0.00191610754501,1.18297546306,0.735539985049,-0.0875782583825,0.656802595701,-0.013184682465,-0.0115050079131,-0.0144333359265,-0.00806529858272,0.00276841038365,-0.0547253846854,0.0236100140273,0.0613132376779,0.579584852879,-5.85516583743e-07,-0.00116051773862,0.373644876872,-1.01589310766e-05,-0.0034353808936,-0.291446215305,5.35872889649e-08,0.000248386615038,0.27440764434,-1.30788876835e-05,-0.00569802279755,-0.888918224194,7.5827802439e-09,0.00010811099321,0.354987991458,-1.95673262698e-06,-0.00186088462562,0.3884855079,-4.51097576106e-06,-0.00672747902053,-0.673011871601,1.3842346848e-06,0.00243649440432,-0.390081548923,4.16053780213e-06,0.00257243362629,-0.100415128112,9.88705184148e-07,0.00119416414884,-0.625457142268,5.92236403599e-05,0.0171419925663,-0.628015058079,3.768883537e-05,0.012557881574,0.520171208707,-0.0572453434541,0.0937342140927,-0.0958993631708,2.25316291358e-06,0.00260398810122,-1.02610882845,1.96510681984e-07,0.000945330184031,1.0671847657,-0.0672820520406,0.0361766263759,0.0599230047182,-0.000137897417677,-0.00471444139977,0.582295429626,-3.06710460595e-05,-0.0103441508822,0.617050938066,-0.0311652986506,0.00144162003034
unguided,20,0.33,0.340000003576,predicted,Actual proposal support boundary; monitored coordinates are pre-native endpoint forecast,True,50,-0.181799995609,0.544506965147,0.00644815460205,-0.141530163326,-0.0696007779503,0.0531057022244,6.82681485562,6.29551932708,0.427192854054,-0.522385598007,1.76289384791,0.182922232177,0.270301999856,0.262828915888,0.257447650933,0.203613269877,4.5000503968,0.211637726916,0.666315292685,9.34670135258,1.8314580389e-07,0.000608693824797,8.67864337075,6.67781851835e-06,0.00409548825937,9.65478113742,1.80077512515e-08,0.00015968978676,8.30044832737,1.14963927267e-05,0.00860058582637,10.1817929788,1.37584223738e-09,2.90830650917e-05,8.89044451091,1.35123578048e-06,0.00200332765279,8.31762802592,2.55891182026e-06,0.00586745120289,9.05541835911,4.14501687095e-07,0.00115441604392,8.84714668832,2.49422300798e-06,0.00259289075701,8.63899504559,2.43278341707e-06,0.00337638892416,8.12193027061,2.60459321512e-05,0.0128757734631,8.31794748985,1.29297667407e-05,0.00828081907047,4.66371075594,0.165282381091,0.345902065336,8.22173181,2.56610507547e-05,0.0112460893905,9.54476980814,2.88475777081e-08,0.000222042587158,5.28498120108,0.054680765035,0.286255549489,7.26836618687,0.000353220294391,0.0697264087697,8.36985823921,1.09880261012e-05,0.00755604805365,5.20149547094,0.055297312428,0.172410761487,-0.233015717564,-0.608941143372,0.24760222435,0.751560419798,0.110145270824,-0.0163914488966,1.10724571352,0.890697206078,0.607808157142,0.714851189806,0.0374255408442,-0.0196677955032,-0.0188232611058,-0.0273911655631,-0.0129564944825,0.0128062916578,-0.091020975442,-0.00639450049163,-0.00360128453305,-0.627932628265,5.80340691115e-07,0.00118392044065,0.424778217912,-1.16411359475e-05,-0.003910609089,-0.442662467971,6.42025217736e-08,0.00032096088867,0.100808848743,-3.02839407307e-06,-0.00200581178321,-0.211145609862,2.11993416346e-09,3.06532498925e-05,0.442030109182,-2.33813066582e-06,-0.00230598681732,0.0740341187608,-4.55005427223e-07,-0.00114641530607,-0.413875617795,8.75857340658e-07,0.00148293953282,-0.259672737572,2.91528354379e-06,0.00179602607438,0.10234593497,-1.3797080082e-06,-0.000509864298043,-0.904547772196,8.93278039107e-05,0.0253407877237,-0.874713226292,5.02325174445e-05,0.0170242451279,0.743086204726,-0.110167234083,0.11431124254,0.0787823630627,-1.48915483761e-05,-0.00149510669144,-0.773552405578,1.64678141433e-07,0.000769647889335,-0.133036625739,0.0158944115544,0.0807721389241,0.286853453365,-0.00043256960751,-0.0323663532352,0.58608434101,-2.89316342601e-05,-0.0104050853631,-0.278009661673,0.0173839543614,0.0210260292652
unguided,20,0.34,0.34999999404,predicted,Actual proposal support boundary; monitored coordinates are pre-native endpoint forecast,True,50,-0.186447989392,0.543616054346,0.00858131662369,-0.133269012609,-0.0698534217739,0.0530797224713,6.83902758799,6.29140007092,0.432107825957,-0.517424337304,1.76306578561,0.182877928416,0.270224915406,0.262712566752,0.257371999673,0.203640777738,4.49933874779,0.211711632659,0.666269641539,9.33966515581,1.89607820859e-07,0.000622054085925,8.68287961495,6.56236020489e-06,0.00405643889818,9.64983268826,1.85357158157e-08,0.000162694062215,8.30242638476,1.14131094201e-05,0.0085603178016,10.190299889,1.30378422938e-09,2.80808094514e-05,8.8958592241,1.31928565408e-06,0.00197381753774,8.31886400889,2.54530181844e-06,0.00584601095221,9.05308532597,4.18408146539e-07,0.00116182006756,8.84583068266,2.51463013609e-06,0.00260317804015,8.639565548,2.42786149201e-06,0.00337591767389,8.11203080367,2.71023707189e-05,0.0131583895433,8.30973257043,1.33999043328e-05,0.0084403772381,4.66899398667,0.164421475781,0.346743021933,8.22259403405,2.56023629853e-05,0.0112252044419,9.54503184399,2.90144543873e-08,0.000222485931309,5.28212154764,0.0549401960629,0.287099866699,7.27034557023,0.000350152508289,0.0695114663648,8.37536880353,1.07425516744e-05,0.00745927901008,5.19870205705,0.055460525332,0.172583070131,0.00716721190996,-0.372814727747,0.200481653214,0.593330144882,-0.129167973995,0.0305444504029,0.84037744431,-0.207383799357,0.363895765404,0.125703542192,-0.00689526267983,-0.00432399637388,-0.00775685533181,-0.0116518902566,-0.00470033309484,0.0039811831563,-0.12214252845,0.00989115284034,-0.0185825316333,-0.595832397564,5.76117923438e-07,0.00115633568976,0.281830508836,-7.30466869842e-06,-0.00254807307504,-0.400329635539,4.32485662054e-08,0.000246513907033,0.0546083183339,-3.03874744586e-06,-0.00117583553107,0.754329461065,-6.30375223298e-09,-8.86443496136e-05,0.438146014163,-2.97636426226e-06,-0.00251696483627,0.199126309007,-3.2633506543e-06,-0.00379656109683,-0.402397764617,7.82713950166e-07,0.00140067483566,0.0313082586438,-6.11936623259e-07,-0.000234988101227,0.0412187749338,-1.95402254172e-07,0.00010191508554,-0.658139021468,6.98982451329e-05,0.0188985994927,-0.587235238276,3.27949489485e-05,0.0113092777363,0.358784166452,-0.0626970105859,0.0400505795763,0.159567425442,-2.16918302256e-05,-0.00343715228235,0.107472145037,-5.73032051509e-09,-5.18748153146e-05,-0.19688125665,0.0177558429068,0.0536279797461,0.0423225810671,-0.000132203977633,-0.00059957426658,0.375594931926,-2.00888855822e-05,-0.00658264215495,-0.257076974952,0.0160755818216,0.0174592216327
unguided,20,0.35,0.359999984503,predicted,Actual proposal support boundary; monitored coordinates are pre-native endpoint forecast,True,50,-0.181656651371,0.537050670592,0.0104577876663,-0.129663560429,-0.0721841374302,0.0537165912325,6.84362240451,6.29137165109,0.434470769362,-0.519871527163,1.76275594266,0.182835752249,0.270146862749,0.262595878083,0.257353644271,0.20369289354,4.49760754623,0.211835549973,0.665943642052,9.33478470463,1.94668162359e-07,0.000631820538592,8.68427998093,6.53172514439e-06,0.00404452679787,9.64677454471,1.88727225756e-08,0.000164620064901,8.30154049374,1.14356177778e-05,0.00857706911575,10.196879568,1.24976719272e-09,2.73101780995e-05,8.89920743119,1.29170849523e-06,0.00195298835607,8.3216105521,2.49364480717e-06,0.00579151998095,9.04737040382,4.30155966098e-07,0.00118242954063,8.84777285349,2.48198427552e-06,0.00258819099499,8.63981942109,2.42887537199e-06,0.00337842722587,8.10876749018,2.74438970539e-05,0.013253745453,8.30620278508,1.35856657197e-05,0.00850700462519,4.67088643927,0.16402844088,0.346703076928,8.22492315851,2.52272141502e-05,0.0111773463448,9.54691925104,2.87329712978e-08,0.000221005090852,5.28104357594,0.0550358818931,0.287328109084,7.26921263849,0.000350576214838,0.0697144172843,8.37737013784,1.05862483895e-05,0.00742439521055,5.19635393145,0.0556188240644,0.17275994592,0.315560338676,-0.357829963594,0.258453428745,0.56056112051,0.223376870155,0.0696914727976,-0.0270979890276,-0.18060204054,0.189527140497,-0.487894722143,-0.236345707399,0.00252305967931,-0.000927823938701,-0.00271547331322,0.00127014524857,0.00286145546449,-0.236162990698,0.0422588985782,0.038101401296,-0.30972268803,2.87765365648e-07,0.00058738051995,0.408696357503,-9.93804562718e-06,-0.00356803204226,-0.0743685250424,-2.72117171385e-09,-3.00727666987e-07,0.45759299309,-2.33899124603e-05,-0.00930137466387,0.458463978735,-4.00592921543e-09,-5.78966058588e-05,0.483183402377,-3.15732478252e-06,-0.0026911008013,0.450833630022,-6.51131790861e-06,-0.00811434703631,-0.371708457492,7.6672426828e-07,0.00133308983741,0.237822991686,-3.51189612089e-06,-0.00175538464091,0.0066890973381,7.30286484997e-07,0.000429037640052,-0.4766306581,5.4351779558e-05,0.0138845059903,-0.652398901653,3.76784021609e-05,0.0129010229898,0.0360715094797,-0.0105140345,0.0139674840014,0.379147709018,-4.60564998242e-05,-0.00844201577493,0.282776790272,-7.26251665187e-08,-0.000327956667807,-0.196397792797,0.0162923365617,0.0152022055247,-0.168382284254,0.000197233323078,0.0228118486068,0.570485835442,-2.54745172742e-05,-0.00980249763386,0.14676068948,-0.0105699591673,0.00571640491589
unguided,20,0.36,0.370000004768,predicted,Actual proposal support boundary; monitored coordinates are pre-native endpoint forecast,True,50,-0.180136782619,0.536459455074,0.0137503851986,-0.122057790198,-0.0653858843708,0.0544735519273,6.83848562821,6.28778803011,0.435898368767,-0.527182231747,1.75833887146,0.18292838961,0.270206358927,0.262658257286,0.257397402578,0.203698006847,4.49461548798,0.21255681063,0.667031669565,9.33347070205,1.95363128172e-07,0.000633801696324,8.6910535421,6.36359929235e-06,0.00398507825733,9.64834531776,1.84812923814e-08,0.000162688047662,8.31157824463,1.09453111708e-05,0.00837429030832,10.1994691685,1.22366564507e-09,2.69228773342e-05,8.90552289215,1.25613915843e-06,0.00191999552171,8.32788068149,2.41507546026e-06,0.00568372401148,9.04565115682,4.33742631905e-07,0.00118848186431,8.8505871425,2.44439221367e-06,0.00256807034733,8.63969932994,2.44246722171e-06,0.00338449842669,8.10249819051,2.818940631e-05,0.0134360796631,8.2966845924,1.4153472376e-05,0.0086983976979,4.66971541686,0.164211195091,0.347022371613,8.23017698823,2.46812329889e-05,0.0110563641264,9.55068737979,2.75619510569e-08,0.000215926797952,5.27819359178,0.0552660427942,0.28740391081,7.26697792454,0.00035409717475,0.0699677033369,8.38677852023,1.0233061329e-05,0.0072632290574,5.20163727084,0.0552491261486,0.172697398229,-0.0682858337513,-0.53000997542,0.0873587727547,0.311436027289,0.419309169054,0.0261063822776,-0.24933813361,-0.139224959531,-0.010704944297,-0.409704039852,-0.272145831111,0.00296382318803,0.00212119296762,0.00415538999101,0.00285070447845,4.21982200915e-05,-0.0718080700838,0.0257824936768,0.0627696809806,-0.0451576751976,2.55932178314e-08,6.86394191057e-05,0.242266969006,-5.70224490011e-06,-0.00207456751734,0.156173197664,-3.02080510274e-08,-0.000155152971396,0.560120854481,-2.72045530588e-05,-0.011268761712,0.0214850098669,-5.30718353009e-10,-7.92094229625e-06,0.260855210783,-1.40370001732e-06,-0.00133288622702,0.262454702634,-3.256374126e-06,-0.00446746154481,0.0699300505474,-1.87958871184e-07,-0.000281081437442,0.0816918921621,-9.72177075177e-07,-0.000565488164962,-0.0132602096373,3.00236930819e-07,0.00016124041723,-0.271318028836,3.61391055572e-05,0.00798518763041,-0.385341184448,2.28694807672e-05,0.00777489836679,-0.193177065145,0.0310212206057,0.0114432754633,0.19990132423,-1.97242742788e-05,-0.00465964875492,0.290763742908,-8.24391075058e-08,-0.000364047129105,-0.227563550837,0.0171909619973,-0.0104068333863,-0.0666233141577,0.00014089433006,0.00595029679972,0.413945016843,-1.38540539522e-05,-0.00705296337275,0.28808476444,-0.0203102750063,-0.00881034904965
unguided,20,0.37,0.379999995232,predicted,Actual proposal support boundary; monitored coordinates are pre-native endpoint forecast,True,50,-0.183022368046,0.526450471084,0.0122049631214,-0.123434839883,-0.0637979540491,0.054238718878,6.83863564183,6.2885871519,0.434256670476,-0.528065607961,1.75731302604,0.182895028713,0.270189286608,0.262678985883,0.25741065836,0.203693737504,4.49617138483,0.212351199846,0.667199035672,9.33388155112,1.95180026716e-07,0.000633193326975,8.68912532031,6.41768024638e-06,0.00400303544752,9.64989800866,1.8268561555e-08,0.000161517005473,8.31274291083,1.08915267166e-05,0.00835169388151,10.1973092682,1.23915282566e-09,2.71517592535e-05,8.90442453541,1.26363449488e-06,0.00192633063152,8.32685964615,2.42851732465e-06,0.00570217075006,9.04876900483,4.26396788674e-07,0.00117680791188,8.84940669134,2.46254073401e-06,0.00257688123169,8.6395542169,2.43488011061e-06,0.00338165203421,8.10334112961,2.8166679165e-05,0.0134134492056,8.2984959614,1.4043055335e-05,0.00866250259253,4.66702289797,0.164648865292,0.346931942437,8.22892118499,2.48327286646e-05,0.0110841533697,9.5527345259,2.70841891476e-08,0.00021372414827,5.27649230493,0.0553797011331,0.287119972416,7.26788017221,0.00035339410144,0.0698334232203,8.38564903818,1.03091673105e-05,0.0072833359431,5.20211562673,0.0552126185643,0.172583738939,-0.429042866273,0.00226432125476,-0.139898002148,-0.200069308281,0.140999555588,-0.005002358856,0.0109027117194,-0.433718492136,-0.147061627965,-0.258933337449,-0.155244620476,0.00366516741026,0.00506421808031,0.0118356644138,0.00152039669975,-0.0108894911371,0.0855526266325,-0.0151460522446,0.0326338171827,0.14391699572,-1.14611155163e-07,-0.000255826621409,-0.218872401559,6.31547444377e-06,0.00203230470273,0.240934857678,-3.51561396523e-08,-0.000189417066906,0.224519530278,-1.07026915552e-05,-0.004449436054,-0.0883986671017,6.5670705945e-10,8.89925250713e-06,-0.0776258383289,3.2189343653e-07,0.000357517266709,-0.046683809903,5.30825151618e-07,0.000824176320604,0.293545968985,-6.97505202778e-07,-0.00109419191661,-0.190687179542,2.76522317027e-06,0.00138999697811,0.0207742558513,-1.48248063958e-06,-0.000734587121162,0.161865111846,-1.02283257663e-05,-0.0044617829512,0.1705979584,-9.9980423086e-06,-0.00338446117365,-0.338720356652,0.0471232461296,-0.0175032350112,-0.21294602903,2.7612154769e-05,0.0046669047676,0.43448609961,-9.37060169062e-08,-0.000436564564712,-0.0399651397479,0.00186698477824,-0.0200084777929,0.0681167608861,-6.58659423663e-05,-0.0095558557325,-0.0764906222982,6.52264704173e-06,0.00134292842921,0.181870026038,-0.0118927006411,-0.0169329221715
unguided,20,0.38,0.389999985695,predicted,Actual proposal support boundary; monitored coordinates are pre-native endpoint forecast,True,50,-0.188717639944,0.536504741499,0.0109524251556,-0.126059176364,-0.062565893259,0.0543735047502,6.83870368245,6.27911366027,0.432957136207,-0.532360898496,1.75523397905,0.183001692958,0.270307643289,0.262894970574,0.257427810512,0.203480217025,4.49632654051,0.212253889585,0.667684345909,9.33634904196,1.93070905069e-07,0.000628685163895,8.68667609407,6.48990878122e-06,0.00402572435139,9.65316401491,1.77781695884e-08,0.000158899706323,8.31606863523,1.07312573397e-05,0.00828530158724,10.1977011952,1.23679978626e-09,2.71008623843e-05,8.90397037538,1.26257702716e-06,0.00192714586704,8.32694700529,2.4256919633e-06,0.00570020753789,9.0515220762,4.19792527849e-07,0.00116659802598,8.84677339891,2.49969667708e-06,0.00259587028689,8.64011481506,2.41281760891e-06,0.00336980668427,8.10573549275,2.79848397947e-05,0.0133468440041,8.30009655156,1.39535115298e-05,0.00863070847443,4.66294100973,0.165153660013,0.346672306913,8.22591806765,2.52334760842e-05,0.0111497022217,9.55937710179,2.56878307188e-08,0.000207195506658,5.27739428899,0.0553033824897,0.287003741254,7.26834025976,0.000352779855903,0.0697765862222,8.38524870779,1.03635142698e-05,0.00729008762599,5.20527467136,0.0550112721358,0.172358739786,-0.148137658089,0.863709311314,-0.285867273808,-0.33529534936,0.182934105396,0.0147379087265,-0.153740296827,-0.76020421617,-0.545827748044,-0.670190229408,0.0633877447618,0.00633890518607,0.0109976290496,0.0229320293721,0.00527307078001,-0.0171340634457,0.165595445968,-0.0276624647738,0.0287426215371,0.269331943593,-2.51010289937e-07,-0.000495195528212,-0.210073065122,5.84466208165e-06,0.00189747835641,-0.056935863671,-4.01585385742e-09,1.66489782267e-06,0.333199311167,-1.79227602544e-05,-0.00673041696782,0.0376662453821,-5.08339831774e-10,-7.07717251056e-06,-0.14599526138,6.16806681382e-07,0.00069280822951,-0.0907273291497,1.02358853479e-06,0.00154137023439,0.508508629972,-1.09912755877e-06,-0.0018282527754,-0.0963246479865,1.59591294374e-06,0.000721708018386,-0.0475700921228,-7.01850144353e-07,-0.000234961091698,0.638506531809,-6.94610090743e-05,-0.0183568589602,0.335514473089,-1.89334091552e-05,-0.00653948560263,-0.691156050659,0.104131037466,-0.0634097779248,-0.204848052164,2.95107910175e-05,0.00436014093144,0.715657724283,-1.34849272789e-07,-0.000658844575966,-0.136510991862,0.00644744380625,-0.0416864073775,0.0139591504355,4.87951109527e-05,-0.00518230894971,-0.203501393459,1.13690771108e-05,0.0036071584625,0.386940735201,-0.0259867021502,-0.0229099781895
unguided,20,0.39,0.399999976158,predicted,Actual proposal support boundary; monitored coordinates are pre-native endpoint forecast,True,50,-0.185985121208,0.54372465731,0.00648761764526,-0.13014074687,-0.0601392719412,0.0545334770526,6.8355608359,6.27338306758,0.423340115515,-0.541469412549,1.75858078093,0.183021806817,0.270409239189,0.263137626471,0.257516119776,0.203351056235,4.49948329375,0.211797950551,0.667773888103,9.33926819,1.90159820917e-07,0.00062328941641,8.68492385901,6.53457348802e-06,0.00404098501465,9.64875929139,1.81882444779e-08,0.000161550303429,8.31940689705,1.05330715115e-05,0.00821708554215,10.1980625931,1.22898602902e-09,2.70102158033e-05,8.90150463018,1.27597062851e-06,0.00194018679611,8.32504509957,2.44898909535e-06,0.00573299815474,9.05893917743,4.04414237499e-07,0.00114024285637,8.84748019838,2.49445899289e-06,0.00259131539206,8.63860281506,2.42084310772e-06,0.00337695281238,8.11611126024,2.67774589835e-05,0.0130463120264,8.30520625086,1.36643871519e-05,0.00853171288048,4.65319977695,0.166731486041,0.345663746879,8.22482422395,2.54229444849e-05,0.0111713561884,9.56704768039,2.43872036919e-08,0.000200547256751,5.27376208509,0.0555086500092,0.286286244268,7.26815935522,0.000354370003659,0.0697297770413,8.38157901031,1.05365488527e-05,0.00735547911235,5.20985444144,0.0546928845213,0.172125539375,0.0222861757955,-2.4188316903,-0.389351606369,-0.498748391867,0.0671043992043,-0.061212602477,-0.969423444792,-0.151292729799,-0.989990267149,-0.180744519077,-0.0275755938503,0.0069902959229,0.0122273762647,0.0209921006436,0.0119424203685,-0.0103767013796,0.19916451369,-0.037503243854,0.00920845602327,0.327382076207,-3.14276963824e-07,-0.000612352026852,-0.081558173211,3.07792672262e-06,0.000809799705012,-0.0132440618231,-1.33431374247e-09,4.91015840574e-06,-0.0195776870332,-1.85236640537e-06,0.000270217503624,-0.230482841687,1.62676093694e-09,2.39598359525e-05,-0.166621343047,6.16709194366e-07,0.000778011260225,-0.403414954238,5.35189916159e-06,0.00717310515056,0.722489374796,-1.47167489647e-06,-0.00254161230141,-0.0624459529701,1.27810518053e-06,0.00051071200621,0.0795927888976,-2.80674962541e-06,-0.00162398445275,0.817662672232,-8.73336667688e-05,-0.0232947784486,0.77312658662,-4.45537400627e-05,-0.015121631465,-0.638481714734,0.104008238907,-0.0732788710117,0.132512904921,-1.29279198771e-05,-0.00315525128273,0.381693274441,-7.08481047225e-08,-0.000350713541919,-0.266546955669,0.0150216881499,-0.0653283559356,0.0954345427144,-8.0860752336e-05,-0.0141346987187,-0.340365693884,1.33241317576e-05,0.00601983804783,0.217779059911,-0.0143302973047,-0.0100171609254
unguided,20,0.4,0.409999996424,predicted,Actual proposal support boundary; monitored coordinates are pre-native endpoint forecast,True,50,-0.188271916428,0.488128107693,0.00316539302826,-0.136034144201,-0.061223805275,0.0531492527006,6.81931521355,6.27608780567,0.413157330865,-0.535975788878,1.75468246718,0.183141498877,0.270552190814,0.263314812587,0.257666658919,0.203272682997,4.50030983079,0.211503824708,0.667868515029,9.34289668349,1.86785365792e-07,0.000616438123358,8.6850449306,6.55146731567e-06,0.00404192034549,9.65289913367,1.77514833135e-08,0.000158997909492,8.31567708149,1.06942100116e-05,0.00829070593731,10.1930915384,1.269335005e-09,2.75800591034e-05,8.90063794852,1.27491121105e-06,0.00194270609225,8.31887870621,2.53272994653e-06,0.00584366964091,9.06597186369,3.9035902992e-07,0.00111576577995,8.84552447985,2.52525878069e-06,0.00260608452701,8.64170667084,2.35668261641e-06,0.00333732699521,8.12208874619,2.62381664593e-05,0.0128809484351,8.3155590833,1.30624367286e-05,0.00832827584513,4.65017137543,0.167233824791,0.345206729493,8.22856832575,2.49749176867e-05,0.0110865971961,9.56701096728,2.42708686244e-08,0.00020018123582,5.27206334988,0.0556038162527,0.285697174135,7.27024895062,0.000351162640856,0.0694938922479,8.37844139391,1.06299969049e-05,0.00741048438694,5.20963025256,0.0547246661897,0.172158396567,-0.198719738999,-0.974625344723,-0.00714159011839,0.156002372503,0.202898263931,-0.111734356173,-2.75365991577,0.991603041648,-0.328234569857,0.724721853511,-1.31526021222,0.0126940540494,0.0158352586413,0.0192629903424,0.0182600298556,-0.00243309019892,0.0976070795091,0.00536996194455,0.0928622516225,-0.00823590011584,-1.30420587269e-08,1.2244764432e-05,1.19281340828,-3.05282063689e-05,-0.0106153260914,0.408837333217,-2.68674421323e-08,-0.000195954431948,-0.0137286467212,-1.59544824792e-06,0.000155427004347,-1.01566367944,8.40427170906e-09,0.00011919005618,0.681121341134,-4.44882557831e-06,-0.00370252323447,-0.336102632428,4.88202091105e-06,0.00605440553286,0.30215345949,-5.58255390409e-07,-0.00103172512758,0.235627145725,-3.75992839924e-06,-0.00174188538386,-0.0212932273516,-3.7484473053e-07,0.000192709715439,0.0729122380122,-1.21081690215e-05,-0.00209345599071,0.165280866119,-9.93476213628e-06,-0.00326662306112,0.294180760745,-0.0327182938771,0.0571597609641,0.99231609328,-0.000119253673838,-0.0218523384987,-0.931386019867,1.62372724762e-07,0.000805396234679,-0.238348360555,0.0183928947671,-0.0218926458645,0.0677167743016,-1.36815123366e-06,-0.0137334306298,0.796528343877,-4.58435024594e-05,-0.0136906346946,0.034736439356,-0.00132440469721,0.0136093794843
unguided,20,0.41,0.419999986887,predicted,Actual proposal support boundary; monitored coordinates are pre-native endpoint forecast,True,50,-0.189959515988,0.524232150416,0.00634478584289,-0.12702069942,-0.0560813066626,0.0522987899291,6.78048763758,6.29321512841,0.416775424118,-0.526974975478,1.73227557669,0.183275687898,0.270725944362,0.263522886277,0.257881320373,0.203302394431,4.50143543534,0.21190534979,0.669631133135,9.33910347199,1.89898979742e-07,0.000623534311699,8.70878012717,5.92400936064e-06,0.00382867849282,9.65693603805,1.76508956352e-08,0.00015763121479,8.31913232412,1.05011625465e-05,0.00822019408224,10.1777493195,1.3970714632e-09,2.93940169269e-05,8.915127057,1.18699411694e-06,0.00186613633143,8.31832304692,2.54662951357e-06,0.0058540862654,9.06498224662,3.93249129691e-07,0.00111960835382,8.85219274129,2.4192604249e-06,0.00255647768438,8.63817695051,2.41334621311e-06,0.00338080700669,8.117569505,2.65352956031e-05,0.0130044429066,8.30851186818,1.34656919092e-05,0.00846638041925,4.65908339217,0.166077120163,0.346806942098,8.24467054582,2.30378710082e-05,0.0107343094184,9.54841995999,2.76346581871e-08,0.000216655181444,5.26899511788,0.0558765079045,0.285848391351,7.2695136907,0.000354342640634,0.0694551084287,8.39750957719,9.6196788035e-06,0.00708166641846,5.21054917023,0.0546663964273,0.172397726965,-0.495242212123,2.70597473166,0.246626377106,0.225570678711,-0.0182706713677,-0.123578820113,-3.07626906019,0.989906838212,-0.0802051388575,0.825337755986,-2.964378874,0.0162999468413,0.0162982850358,0.0203411681406,0.0199273443198,-0.00124351698373,0.0706803322298,0.0302566476642,0.120827413952,-0.248573050519,2.03595012616e-07,0.000447147548114,1.6346073411,-4.17792161272e-05,-0.0145192226411,0.786254500426,-5.87266373248e-08,-0.000396896747247,-0.339978858706,1.88544079798e-05,0.00694459385796,-1.12186397779,1.00004075322e-08,0.0001384493715,0.756041301097,-4.43543401965e-06,-0.00395370396164,-0.22933174706,3.62583971294e-06,0.00423054698129,-0.234443386215,4.6566810501e-07,0.00080340532814,-0.0625525088964,-1.66266964602e-06,2.41665984028e-05,0.03499607697,-5.81140165226e-07,-6.67490485275e-05,-0.0398363768581,9.73316977662e-07,0.00115269913775,-0.221558693151,1.29070606721e-05,0.00443373291141,0.661525637957,-0.0966105822892,0.0752082697236,0.839158113574,-0.00010725094087,-0.0180452005261,-1.32060819767,2.4444189252e-07,0.00119726578411,0.0628771354654,-0.000107791445322,0.0194926897457,0.0458985025329,-6.24806580865e-05,-0.00677940132416,1.32159090548,-6.99941732211e-05,-0.0227261473923,-0.373275800989,0.0252993206631,0.0297478682383
unguided,20,0.42,0.42999997735,predicted,Actual proposal support boundary; monitored coordinates are pre-native endpoint forecast,True,50,-0.198176760671,0.542247602327,0.00809792057037,-0.131522730627,-0.0615892187023,0.0506776762983,6.75778983235,6.29588594243,0.411553228087,-0.519469033758,1.6953948897,0.183467497813,0.270878156515,0.26372163595,0.258065205806,0.203247812657,4.50172343743,0.212108957662,0.670285063308,9.33792522248,1.90857266045e-07,0.000625381074321,8.71773707743,5.71588299313e-06,0.00375153589266,9.66862422368,1.6576950567e-08,0.000151059974547,8.30887750432,1.10712981712e-05,0.00842959781447,10.1706542588,1.46934315564e-09,3.03490465334e-05,8.91575877455,1.18620253065e-06,0.00186363201302,8.31429207127,2.60524674079e-06,0.00592828058053,9.06128299597,3.9967239202e-07,0.00113183388651,8.84427342967,2.49200538777e-06,0.00260656785898,8.64240659238,2.3450598131e-06,0.00333599201424,8.12129201865,2.62576327989e-05,0.0129040024179,8.31112790943,1.3320577942e-05,0.00841695050335,4.66340188819,0.165301613146,0.346710894887,8.24535148802,2.28298988693e-05,0.0107256931855,9.54059880332,2.91597064748e-08,0.000224126551502,5.27332089259,0.0556016604238,0.28608702793,7.27116692067,0.000349913027694,0.0693583042214,8.40487321202,9.23011344052e-06,0.0069559614391,5.20216473654,0.055230652603,0.172753353932,-0.630113196915,1.17871890959,0.110420107842,-0.25718665123,-0.354306980967,-0.125178385335,-0.843161941241,-0.780785385829,-0.407656984345,0.605156090758,-1.69610623526,0.0169920956593,0.0147159349701,0.0239989435973,0.0146786711169,-0.0174606090463,-0.161517595084,0.0203565980556,0.0429340433815,0.127649782432,-9.43607797656e-08,-0.000243822736347,0.503078272858,-1.10825588062e-05,-0.00427735331441,0.681617941804,-7.65820420131e-08,-0.000433034650578,-0.581843856004,3.24333735946e-05,0.0119367296437,0.23091584076,-1.61790442996e-09,-2.46578179757e-05,-0.0935034521702,1.05533073521e-06,0.000670549067222,-0.274991586077,4.42608363547e-06,0.00522593215539,-0.0105030529038,-1.53110935748e-07,-9.15393786955e-05,-0.481684314557,3.49268499381e-06,0.00285414708626,0.23216985328,-2.9089835215e-06,-0.00227909235448,-0.128320064978,3.30139508351e-05,0.00424697536861,0.180136698831,-7.1663602091e-06,-0.00325686084697,0.322197586812,-0.0625609831043,0.0196611226318,-0.0672689624177,-4.34652458911e-06,0.00207089548696,-0.0197922568588,2.50441235554e-10,1.53332645089e-05,0.42320884277,-0.025913148426,0.0408778968079,0.121067363807,-0.000313568580604,-0.00735073488793,0.448608243212,-2.43329886568e-05,-0.00762126766817,-0.339969338803,0.0240706574247,0.0134193682635
unguided,20,0.43,0.439999997616,predicted,Actual proposal support boundary; monitored coordinates are pre-native endpoint forecast,True,50,-0.202561779926,0.547806528607,0.00855318799972,-0.132164432445,-0.0631674462819,0.0497952222224,6.76362439876,6.2775994207,0.408622284431,-0.514871853663,1.69835345198,0.183615529811,0.271020263062,0.264002865149,0.258174893795,0.20295318225,4.49820508344,0.212312481751,0.670489814003,9.34165646764,1.88011764147e-07,0.000618657856972,8.71884169263,5.70235818451e-06,0.00374313142653,9.67056839689,1.6119254795e-08,0.000148970521779,8.307495447,1.11498300184e-05,0.00845892867511,10.1823676363,1.36471337461e-09,2.89008605674e-05,8.91325698796,1.20810073165e-06,0.00187954731277,8.3128232152,2.63515118628e-06,0.00595860490851,9.06477218556,3.90186910976e-07,0.00111777756625,8.842559055,2.48911412478e-06,0.00261356062611,8.64282034757,2.35516654268e-06,0.0033352251596,8.1150031037,2.71955746198e-05,0.013089382414,8.31211460216,1.3322364705e-05,0.00840124320232,4.6655273439,0.164825900501,0.347200164551,8.24332516657,2.29509405164e-05,0.0107757273281,9.54802411485,2.76396670118e-08,0.000216961846734,5.27745929473,0.055358244936,0.286665949287,7.27193503798,0.000348071269022,0.069308093731,8.40648174205,9.13301903036e-06,0.00692924106509,5.20374978345,0.0551478095758,0.17266611433,-0.465318067378,1.27504486684,0.221264600754,0.669797375798,0.352176584303,-0.0708243694487,0.844284485792,-1.60316847903,-0.453957765619,0.101504469144,-1.09962057196,0.00252968542219,0.00221021198606,0.0108528531835,0.0177263906587,-0.00691063160358,-0.371659037759,0.0350813322392,0.0795889724127,-0.435669468925,4.22708936908e-07,0.000859247577805,1.10218819623,-2.44778212091e-05,-0.00924213789727,-0.109542808839,-8.85984404487e-09,-1.117587041e-05,0.797576353398,-3.95962025551e-05,-0.0159850453846,0.704175100002,-6.31338159522e-09,-8.83224096279e-05,0.245431848625,-1.00508672862e-06,-0.0010605870555,0.162081651823,-4.46343415125e-07,-0.00226997736032,0.283161817346,-6.83289256508e-07,-0.00108998860344,-0.276340979565,-4.70446608569e-07,0.00121213371124,0.0778305777181,-2.32015838422e-07,-0.000367431021464,-0.592129272948,7.13399136103e-05,0.0167921785993,-0.957236947085,6.22436448888e-05,0.0194964852103,0.22660626125,-0.0426088633974,0.086018637716,0.189130898548,-3.56528471253e-05,-0.00333232321733,0.33839080893,-7.53490166848e-08,-0.000353451197666,-0.505290402928,0.0437704114164,0.0781352825942,-0.00423763029477,0.000171738840995,-0.00865413216816,1.09948874931,-4.98657765522e-05,-0.0178439007132,0.414907384834,-0.0238103243286,0.00149999724542
unguided,20,0.44,0.449999988079,predicted,Actual proposal support boundary; monitored coordinates are pre-native endpoint forecast,True,50,-0.207483122018,0.567748499663,0.0125232125854,-0.118126783111,-0.0545456870162,0.0492611889094,6.77467552206,6.26382257285,0.402474072775,-0.517438944375,1.67340247826,0.183518091522,0.270922360754,0.263938693013,0.258419733619,0.203109600025,4.49429025668,0.212810584306,0.671876842756,9.3292118331,1.99311444783e-07,0.000642566025877,8.73978084135,5.22632656895e-06,0.00356669313472,9.6664333675,1.63997536861e-08,0.000150836457138,8.32482903139,1.02793741201e-05,0.00810989690678,10.1847377608,1.34307552374e-09,2.85825983408e-05,8.92066741152,1.16610079608e-06,0.00184242027191,8.3175337043,2.59631987248e-06,0.00588288103333,9.06694623231,3.8600660689e-07,0.00111003411444,8.83874661008,2.4825964556e-06,0.00263081053321,8.64396320393,2.34041949633e-06,0.00332864339381,8.1094494332,2.76844310711e-05,0.0132398459898,8.29198317049,1.45654508398e-05,0.00880688020756,4.66793401342,0.164449435878,0.348431267642,8.24913410599,2.21168419268e-05,0.0106590467212,9.5473666195,2.76527261411e-08,0.000217057527549,5.26321508453,0.0564770686522,0.287649733582,7.27108216806,0.000353347804514,0.069185221578,8.42686298701,8.23279790948e-06,0.00659908342483,5.21046288423,0.0547544461164,0.172783353877,-0.374416499963,0.998752206196,0.193150043487,1.09823743999,0.745410948992,-0.0191028625136,0.358640705034,-0.900669297763,-0.00231876817638,0.0156598577124,-1.24969816886,-0.00362112171154,-0.00206302396145,0.00512954381031,0.0163130786971,0.00334725479201,-0.272451845776,0.0407177269736,0.0885906818278,-0.707157913873,6.67165278797e-07,0.00137972384413,1.4585666011,-3.34293969816e-05,-0.0122663870578,-0.345542264139,2.34580509763e-08,0.000155782791894,1.30142737608,-6.4908095384e-05,-0.0259419185281,0.16120976307,-1.61171746888e-09,-2.29563034788e-05,0.997165980363,-5.77815956114e-06,-0.00515264364675,0.269486557698,-2.2549574668e-06,-0.00426886506087,0.302903515977,-5.79401046773e-07,-0.00104737520739,0.0579683381645,-3.69123469066e-06,-0.000932568051104,-0.13839894504,1.73552021724e-06,0.00179957318431,-0.565383145532,5.4630981515e-05,0.0157037914986,-1.317151641,8.21469909997e-05,0.0265847947057,0.149293896429,-0.023124402014,0.100756940951,0.547872173698,-7.11275879599e-05,-0.0113387808282,0.0233876005975,-1.51550579257e-08,-7.11893603175e-05,-0.994437400984,0.0761172308102,0.0581142271323,0.192603994488,-8.54389243898e-05,-0.0316470637023,1.56801286769,-6.73423806207e-05,-0.0253534088398,0.576446726093,-0.0371448325043,-0.000651970998984
unguided,20,0.45,0.459999978542,predicted,Actual proposal support boundary; monitored coordinates are pre-native endpoint forecast,True,50,-0.210050109925,0.567781572731,0.0124161888695,-0.110199683645,-0.0482592273021,0.0494131649721,6.77079721286,6.25958603474,0.408575909067,-0.514558656509,1.67335948861,0.183543107376,0.270979002582,0.264105456026,0.258501155369,0.203020127346,4.49275604652,0.21312683629,0.672261627639,9.32751330937,2.01355069723e-07,0.000646252333855,8.74801302465,5.03377024488e-06,0.00349780368538,9.6636575516,1.65884158145e-08,0.000152086177617,8.33352399452,9.85166811074e-06,0.00794009030455,10.1855918316,1.33247902523e-09,2.84417344978e-05,8.93320030757,1.09253754043e-06,0.00177649443983,8.31821294635,2.59005203694e-06,0.00587322760729,9.07083025588,3.7859889004e-07,0.0010968300621,8.84371842177,2.41528943097e-06,0.00259490926508,8.64005236867,2.38987694702e-06,0.00337121662328,8.10369544079,2.82881942501e-05,0.0134034582439,8.28577156934,1.4965304525e-05,0.00893293909643,4.66851322183,0.164363412461,0.34921530337,8.25428261004,2.15283887572e-05,0.0105489517116,9.54849186687,2.73365658533e-08,0.000215538059528,5.25757054671,0.0568805895522,0.28782823383,7.27578711787,0.000346362490534,0.0686751524569,8.43784199941,7.78617141795e-06,0.0064221728883,5.21527871797,0.0544049129257,0.17265307491,-0.34789148336,-0.279822006392,-0.351330637932,0.741235867143,0.255188763142,-0.0287430827787,0.75115517877,-0.191063321511,-0.26146724509,-0.0143854508315,0.656439957781,-0.00836170242796,-0.00131618074304,0.00216320776197,-0.00280329121148,-0.00626513137184,0.300127350256,-0.0861538632235,0.018981463338,-0.490583695632,5.2453154873e-07,0.00101178356442,0.289729561147,-7.33197269815e-06,-0.00247357496161,-0.846031258419,7.62608109987e-08,0.000458952558352,0.50333000866,-2.55875167114e-05,-0.00987690432479,0.548412566804,-4.66484476074e-09,-6.56737161658e-05,0.424827088161,-1.63790412404e-06,-0.00189965253442,-0.29864050172,3.78465384736e-06,0.00530864336294,0.565660292921,-1.09069405001e-06,-0.0019251321072,0.350684793074,-4.05781524253e-06,-0.00236937156682,-0.130872342315,1.7789050408e-06,0.00138387085975,-0.209269493672,2.05793309309e-05,0.00589966674377,-0.174548469079,9.11800061472e-06,0.00326520970488,-0.408812932857,0.0679342871688,0.00730586160149,0.344602448617,-3.44324787894e-05,-0.00760212123236,0.751544963383,-1.26078330938e-07,-0.000635770904073,-0.937347802786,0.0685160396997,0.0478123027999,0.556017642559,-0.000750854178024,-0.0637829919363,0.330148779511,-1.13154587934e-05,-0.00526822734383,-0.0141394734212,-0.00335016992553,-0.00144249606677
unguided,20,0.46,0.469999998808,predicted,Actual proposal support boundary; monitored coordinates are pre-native endpoint forecast,True,50,-0.214440951686,0.562152059536,0.00549659982681,-0.103302065768,-0.0494419117534,0.0486863272538,6.78969862564,6.26000130642,0.397244727873,-0.517726653392,1.68653127741,0.183350857473,0.27089603714,0.263981957169,0.258363667795,0.202984297398,4.50029280368,0.211087507042,0.672256472023,9.31940015918,2.09802075757e-07,0.000662801697165,8.74557543257,5.07968711499e-06,0.00351722163549,9.64951274234,1.79249699061e-08,0.000160015508305,8.33489563156,9.7676237859e-06,0.00791235882028,10.1957060121,1.24977862852e-09,2.72691240175e-05,8.92916395328,1.1333427136e-06,0.00180442722122,8.31156089427,2.67201294943e-06,0.00598905390058,9.07825943817,3.6419272589e-07,0.0010715314723,8.84576030594,2.40144015075e-06,0.00258342310187,8.64134575709,2.37599759715e-06,0.00335632081101,8.10526404332,2.80960176897e-05,0.0133578393247,8.28849220111,1.47478108521e-05,0.00887218440166,4.65975775476,0.165808121621,0.348577384874,8.25602615496,2.1428192351e-05,0.0105070042965,9.56239751877,2.51311595223e-08,0.000204342109467,5.24446812847,0.0578473894462,0.288605979638,7.28220252091,0.000338330720954,0.0679095617393,8.4334659626,8.00648873361e-06,0.00649371887796,5.21018009477,0.0546874427179,0.172754503956,-0.293435996261,-0.0135264032893,-0.600591301918,1.14405699074,-0.0226814001799,-0.05079084685,1.16548843597,0.23782195374,-1.19321349237,-0.50335987675,1.10796767037,-0.0134959786732,-0.00614009264585,-0.00978860852161,-0.0096324247326,-0.00222615261521,0.81941104234,-0.207704974925,0.0522608281272,-1.00724139612,1.11716824977e-06,0.00210436577779,0.427002107697,-9.49037079748e-06,-0.00348463472419,-1.67407496688,1.72130187095e-07,0.000988846832948,0.277691569698,-1.46373068347e-05,-0.00547625325941,0.995631767216,-7.79768902457e-09,-0.000111952850335,0.084013107196,1.18224889319e-06,0.000236968934904,-0.551882811397,6.73718109449e-06,0.00948616242928,0.575604283359,-1.12567237235e-06,-0.00196878851884,0.457128633612,-4.241075782e-06,-0.00283238792772,0.154083914706,-1.50828461421e-06,-0.00147528507573,0.0228682760123,-9.27597139137e-06,-0.000920753520058,-0.12760601434,4.93302038946e-06,0.0022049759113,-0.793093782515,0.139146406605,-0.0437084984666,0.718138318225,-5.861355313e-05,-0.0161035934344,1.26194252008,-1.83324372318e-07,-0.000957316287439,-1.40657590547,0.106393558902,0.113434475282,0.544297054528,-0.00060882614458,-0.0682680538346,0.0492688009866,3.67847986832e-06,-0.000488371592519,-0.403814749166,0.0268196198716,0.0208008941115
unguided,20,0.47,0.479999989271,predicted,Actual proposal support boundary; monitored coordinates are pre-native endpoint forecast,True,50,-0.215918829851,0.567511044666,0.000404362831112,-0.0873185438299,-0.0487128553057,0.0483973480351,6.79410698158,6.26434247382,0.38471163922,-0.524625854044,1.69551884201,0.183273187803,0.270856200729,0.263909683855,0.258308506875,0.202975604294,4.50914426737,0.208972736792,0.673306844202,9.30736848144,2.23698434718e-07,0.00068833964941,8.75655306681,4.84396282893e-06,0.00342811099089,9.63017605227,2.00310195564e-08,0.000171863114276,8.33907782591,9.55892197405e-06,0.00783056523936,10.2055044669,1.17652524474e-09,2.62026774911e-05,8.93488056971,1.11618251829e-06,0.00178123381853,8.30717529013,2.72479565883e-06,0.00606295085588,9.08234234154,3.56085442593e-07,0.00105745429172,8.85286099444,2.33046791533e-06,0.00253826150653,8.64313404697,2.35971125474e-06,0.00334171092177,8.10415280631,2.81026748223e-05,0.0133850431735,8.28321944905,1.50639649328e-05,0.00897703861466,4.65265134618,0.167146340593,0.3483411334,8.26864537641,2.03561176946e-05,0.0102268798429,9.57373071727,2.36700784069e-08,0.000196391733779,5.2294390286,0.0590084607302,0.290096923336,7.28667305896,0.000334185967642,0.0673097913802,8.43882737543,7.85974101531e-06,0.00641240545645,5.20720242299,0.0549413053232,0.173069092792,-0.349703550927,3.15278797979,-0.397596120834,1.43290743232,0.110452368855,-0.0199127694226,0.435845518682,0.234114603988,-1.07161998449,-0.578510024524,0.42178383939,-0.00593902931394,-0.00380439706254,-0.00685350662989,-0.00375881280431,-5.43409419596e-05,0.747123318514,-0.175534356301,0.105881077594,-1.11018503981,1.28522436153e-06,0.00237461970535,0.989959568709,-2.04262988907e-05,-0.00788546728577,-1.63867855428,1.83151559617e-07,0.00101563479221,0.455559795469,-2.17038902184e-05,-0.00882438682061,0.900504988797,-6.61517688689e-09,-9.75057061258e-05,0.749759698775,-3.32497130211e-06,-0.00347526540744,-0.33938825945,4.24709397651e-06,0.00576763731542,0.323742195794,-6.53404741525e-07,-0.00112494082603,0.394498959696,-3.41708378941e-06,-0.00236563351282,0.207765068042,-2.9408891325e-06,-0.00187022358298,-0.157219694977,7.75851445757e-06,0.00420032024631,-0.596079414903,3.77533110458e-05,0.0121396112705,-0.575990455059,0.110011217142,-0.0171582066783,1.02060979564,-8.68326213947e-05,-0.0224326290684,0.973084059868,-1.24345208681e-07,-0.00067933711885,-1.24669036005,0.0996527854106,0.139394659834,0.395382127043,-0.000382899001692,-0.0517661436775,0.690443449751,-2.11088192026e-05,-0.0105433793094,-0.323318247346,0.0232407689762,0.0226001730551
unguided,20,0.48,0.489999979734,predicted,Actual proposal support boundary; monitored coordinates are pre-native endpoint forecast,True,50,-0.221435022704,0.625207819131,-0.00245532258988,-0.0746439171219,-0.0472328643763,0.0482880718653,6.79841553601,6.2646835985,0.375812328183,-0.529296853882,1.6949669542,0.183232076887,0.270819949198,0.263844887036,0.258288491539,0.202983210579,4.51523527005,0.207576819916,0.674374093575,9.29719645839,2.35506562988e-07,0.000710294091272,8.76537462395,4.67116113717e-06,0.00335951228977,9.61673917125,2.15880010985e-08,0.00018032820415,8.34400682747,9.33354598154e-06,0.00773587108387,10.2137161119,1.11747509078e-09,2.5319009895e-05,8.94415914726,1.06684328756e-06,0.00173492191307,8.30477312908,2.75695482896e-06,0.00610440664689,9.08473428209,3.51124631059e-07,0.00104903265578,8.85365028513,2.33309847496e-06,0.00253611043161,8.64550105845,2.3171798145e-06,0.00331891633935,8.10211964942,2.82511879789e-05,0.0134418457296,8.27657061281,1.5502877073e-05,0.00911497662707,4.64823794566,0.168008345964,0.34823422074,8.27643835088,1.96915399231e-05,0.0100583517152,9.58185919997,2.26442553487e-08,0.00019075536709,5.21953432127,0.0598404451544,0.291393872834,7.29011016345,0.00033067274092,0.0668742388658,8.44727483159,7.58431234956e-06,0.00628285129177,5.20371372982,0.0551522580974,0.173206507417,-0.0963045526277,3.13812103832,-0.243426918983,1.06195014715,-0.282034866512,0.051299670792,1.64755754364,-1.25074852429,-0.385208606721,-0.748408810132,0.704926925884,-0.00295841465259,0.00136444890746,0.00175776419294,-0.00420920839204,-0.00914350405471,0.620117440088,-0.130217774845,0.0477758908455,-0.889893213033,1.03633968951e-06,0.0019376549661,0.112654398488,-1.40733046363e-06,-0.000708804505529,-1.37173246268,1.51973593123e-07,0.000871052505233,0.298742108497,-1.52927343384e-05,-0.00584948539767,1.77555777334,-1.1972493124e-08,-0.000182274743868,0.443591941476,-2.56625945088e-06,-0.00230246215637,-0.111004569128,1.43355706181e-06,0.00168410000734,0.151137343734,-4.16767323948e-07,-0.000643537035111,0.247345598175,-1.19401024979e-06,-0.00128296093303,0.161558855817,-2.69604406371e-06,-0.00148514637481,-0.243065081239,2.18254590624e-05,0.00697682448341,-0.742536873876,4.90271594798e-05,0.0153279678983,-0.49988824475,0.0673006068683,-0.0440178676838,0.480912279584,-3.77825691373e-05,-0.0104750827868,1.54081444387,-1.9504297031e-07,-0.00108507733821,-0.655545332266,0.0585680253285,0.153492627244,0.136729292897,-6.57291119919e-05,-0.0210961794213,0.117135486569,-1.33195525946e-06,-0.00164804780795,-0.394952635842,0.0229269172748,0.00645030523214
unguided,20,0.49,0.5,predicted,Actual proposal support boundary; monitored coordinates are pre-native endpoint forecast,True,50,-0.217844920903,0.630273465432,-0.00446417554856,-0.0660795408869,-0.0543535526359,0.049423341451,6.82705813245,6.23932750333,0.377007467085,-0.539594030247,1.70961738053,0.18321401951,0.270883489708,0.263944839139,0.258224322707,0.202792734213,4.52154661617,0.206368381295,0.674262362019,9.28957061718,2.44425228508e-07,0.000727092748732,8.75880615478,4.81581621966e-06,0.00341393490078,9.60274140301,2.30704914189e-08,0.00018928416438,8.34505266808,9.25306728728e-06,0.00771357553141,10.2410156224,9.37075382256e-10,2.25571826138e-05,8.94375240854,1.06485732927e-06,0.00173518457541,8.30495519874,2.75346680007e-06,0.00609663285602,9.08536508842,3.47750096114e-07,0.00104458355102,8.8578079064,2.30658771033e-06,0.00251260228787,8.64636522408,2.30579037346e-06,0.00331200799427,8.09929150469,2.85391840035e-05,0.0135245796632,8.26836871157,1.60445081224e-05,0.00928359797262,4.64265358129,0.168492352731,0.347460776047,8.278263622,1.96004663118e-05,0.0100173781871,9.60454700614,1.97692190007e-08,0.000174690187015,5.21632812196,0.0601798212368,0.29316677588,7.28940764482,0.000332871385403,0.0668878677918,8.44117008516,7.83310191012e-06,0.00637944450029,5.19930337027,0.0553998436687,0.173198098897,0.359010180097,0.506564630064,-0.200885295868,0.856437623501,-0.71206882596,0.113526958561,2.86425964394,-2.53560951723,0.119513890207,-1.02971763647,1.46504263322,-0.00180573771063,0.00635405093282,0.0099952103018,-0.00641688319775,-0.0190476366317,0.631134611958,-0.120843862127,-0.011173155627,-0.762584120507,8.9186655204e-07,0.00167986574602,-0.656846917165,1.44655082486e-05,0.00544226110114,-1.39977682374,1.4824903204e-07,0.000895596023069,0.10458406164,-8.04786942564e-06,-0.00222955524636,2.72995104619,-1.80399708526e-08,-0.000276182728121,-0.040673871591,-1.98595828481e-07,2.62662337422e-05,0.0182069665495,-3.48802889252e-07,-0.000777379086811,0.0630806330125,-3.37453494478e-07,-0.000444910475969,0.415762126866,-2.65107646274e-06,-0.00235081437445,0.0864165635944,-1.13894410342e-06,-0.00069083450759,-0.282814473347,2.87996024648e-05,0.00827339335544,-0.820190123926,5.41631049413e-05,0.0168621345553,-0.558436437266,0.0484006766613,-0.0773444693654,0.182527112292,-9.10736112458e-06,-0.00409735280398,2.26878061793,-2.87503634795e-07,-0.00160651800751,-0.320619931192,0.0339376082447,0.177290304598,-0.0702518634684,0.000219864448252,0.00136289260566,-0.61047464327,2.48789560564e-05,0.00965932085213,-0.441035954757,0.0247585571232,-0.000840851969078
unguided,21,0,0.00999999977648,predicted,Actual proposal support boundary; monitored coordinates are pre-native endpoint forecast,True,50,-0.285915252185,0.77172902961,-0.109505915489,-0.085533885994,0.329285723839,0.0332008189631,5.85434489982,6.87557833338,0.141118110641,-0.486286751123,1.91420508526,0.189806877579,0.249084379306,0.257831131789,0.263532092353,0.221347818259,4.67465333094,0.186086322643,0.739515879506,9.81534242867,1.25954118863e-08,0.000123277295248,9.2534409556,2.09695598669e-07,0.000718353757687,9.60832365064,1.54635354154e-08,0.00015843097555,8.14854883159,3.66236421457e-05,0.0123149847475,9.66107780951,1.77332454165e-08,0.000172703708376,9.13865472137,2.83596461664e-07,0.00095703045312,8.20683953618,5.29726278616e-06,0.0085858196678,9.31460892237,1.00523180036e-07,0.000490846208947,9.27252890751,1.02526255262e-07,0.000534691623185,8.56482310361,2.18032065679e-06,0.00387307500858,8.23816922363,1.29581688186e-05,0.00954540160551,8.72248517766,1.47040681354e-06,0.00272766450572,4.49028830719,0.210174970838,0.367174964218,8.82565336522,1.44810326167e-06,0.00237406210413,9.29412436372,9.91746308789e-08,0.000512674769272,5.46974515007,0.0438425282735,0.281302425662,7.45206346706,0.000163565501609,0.0505356050443,8.69311280447,2.78427852184e-06,0.00343178404095,5.37791568708,0.0425646214082,0.1674657928,4.67777768491,-7.83956495229,2.11666107178,1.17481946945,-3.49686205387,-0.116276063719,-22.9011082468,-35.9389461191,-10.3222341179,4.70808526996,-11.3220913443,0.259151204863,1.47776610668,1.5643689119,0.428842265064,-0.866317428624,-5.4099359632,1.48156316077,0.318253180905,6.36602826385,-3.72116532452e-07,-0.00265691329383,7.38129654611,-3.84020155079e-06,-0.0112988840092,-3.63232565954,3.95719164161e-07,0.00278734497848,7.68677600172,-0.00111559226915,-0.183952796827,-0.770264200168,1.51556908532e-07,0.00083411929724,10.9569748652,-1.35744233533e-05,-0.0309505474191,0.283599670977,-1.87033896145e-05,-0.0160431737938,7.40310079654,-3.32251129134e-06,-0.0113344600071,-2.31762053288,5.76854140053e-06,0.0108253483769,6.89314273859,-6.54084815753e-05,-0.0680823920807,7.67117699493,-0.000370848703912,-0.171959707523,-2.4057438686,3.42967734325e-05,0.0244700692353,2.24412862065,-0.67026128748,0.270112556763,-1.62136628775,5.22829813416e-05,0.0281085821009,-3.90897080456,1.76693892243e-06,0.00771552702871,-7.77416743207,0.51565303927,-0.292561601055,-7.44987306999,0.00589545836281,0.773317131413,6.26894338166,-7.75412160237e-05,-0.058844022054,14.1080435169,-0.752672836193,-0.0758586414823
unguided,21,0.01,0.019999999553,predicted,Actual proposal support boundary; monitored coordinates are pre-native endpoint forecast,True,50,-0.239137475336,0.693333380087,-0.0883393047714,-0.0737856912994,0.2943171033,0.0320380583259,5.62533381735,6.51618887218,0.0378957694618,-0.439205898424,1.80098417182,0.192398389627,0.263862040373,0.273474820908,0.267820515004,0.212684643973,4.62055397131,0.200901954251,0.742698411315,9.8790027113,8.87424656183e-09,9.67081623097e-05,9.32725392106,1.71293583161e-07,0.000605364917595,9.57200039405,1.9420727057e-08,0.000186304425334,8.2254165916,2.54677194542e-05,0.0104754567793,9.65337516751,1.92488145018e-08,0.000181044901349,9.24822447003,1.47852228131e-07,0.000647524978929,8.20967553289,5.11022889001e-06,0.00842538792986,9.38863993034,6.72980671227e-08,0.000377501608876,9.24935270218,1.60211669268e-07,0.000642945106954,8.63375453099,1.52623584103e-06,0.00319225108777,8.31488099358,9.24968177943e-06,0.00782580453028,8.69842773898,1.81337454786e-06,0.00297236519808,4.5127295934,0.203472357964,0.369876089785,8.80943970234,1.97093307508e-06,0.00265514792513,9.25503465568,1.16844020103e-07,0.000589830039559,5.39200347575,0.0489990586662,0.278376809651,7.37756473636,0.000222520085237,0.0582687763584,8.75580223829,2.00886636161e-06,0.00284334382041,5.51899612225,0.0350378930463,0.166707206385,3.8950693246,-6.28401930414,1.12636852264,2.74791991711,-4.71299505234,0.102989699185,-5.64624325281,-22.0889550892,-5.9545893473,2.83067474911,0.26581650708,0.0342065583629,0.891533685243,0.988145242185,0.0888621560289,-0.484464466592,-2.35677058201,0.57760257132,-0.104272796108,0.154997559961,1.99099898749e-08,-7.8470528242e-05,2.58589952131,7.91347708396e-07,-0.00184876456906,-6.01542748082,7.78977365921e-07,0.00482572623324,4.57959485125,-0.000740229132843,-0.110456156116,4.39352358948,-2.79673157241e-07,-0.00207984489333,6.86961095878,-7.07704442961e-06,-0.0183378925279,-0.141677636673,-1.05840011266e-05,-0.00544745485966,3.55457454945,-1.40808049396e-06,-0.00524070180436,-1.80116159718,5.33579877734e-06,0.00923420356063,4.6649085033,-3.6758651337e-05,-0.0422911571102,2.57324029643,-0.00013892857494,-0.0614647806805,-4.44522984342,5.60512779127e-05,0.0434858208252,1.49586739751,-0.472689362659,-0.136845009017,-2.79951615067,5.64590857804e-05,0.0326010001445,-0.347861606748,9.20777374523e-08,0.00124260970664,-7.10560981779,0.491012938739,0.0199476552836,-5.57985650012,0.0048989321106,0.585284690167,2.20180604232,-3.29992114295e-05,-0.0234717585806,5.91608653716,-0.336664675035,-0.098108930449
unguided,21,0.02,0.0299999993294,predicted,Actual proposal support boundary; monitored coordinates are pre-native endpoint forecast,True,50,-0.208013865693,0.646048643527,-0.0869785450363,-0.0305754876518,0.235025822792,0.0352606129468,5.74142003476,6.43379923159,0.0220263236952,-0.429673256141,1.9195214154,0.190491008746,0.266915053011,0.277594036632,0.265309335474,0.211658528927,4.6275179193,0.197638374069,0.737430423584,9.81844237986,1.29936116838e-08,0.000121707884683,9.30515894603,2.25522552837e-07,0.000681378466306,9.48801510103,3.10430827338e-08,0.000254945500214,8.24014072861,2.18190594888e-05,0.0101058616252,9.7489482813,1.21397822717e-08,0.00013110681051,9.27604694055,1.42055573072e-07,0.000590272602562,8.20400598344,5.08558276363e-06,0.00847687057061,9.38570041336,7.2361570157e-08,0.000386032172859,9.23650567557,2.09242230809e-07,0.000719375694398,8.65812127367,1.44514763005e-06,0.00302725186637,8.28963402956,1.01795973198e-05,0.0083161059919,8.63358058079,2.59143237179e-06,0.00359738092223,4.52020565514,0.200721183585,0.364438064037,8.7696630422,2.57728497727e-06,0.00302608210702,9.28716713159,1.01016185628e-07,0.000537526963405,5.32763295371,0.0536627870483,0.281701378768,7.34046633705,0.000261544143821,0.0622412988476,8.73714892532,2.12429429326e-06,0.00296234886934,5.49623741783,0.0358313279075,0.165503614191,2.31981765311,-3.94847235124,-0.248999714851,4.73705506325,-4.06013470888,0.432563836528,8.70633405179,-3.70763163527,-2.68422616542,-0.163201921052,16.1756797288,-0.141489208352,0.177915705358,0.209356031686,-0.281267857238,-0.0506656197577,1.14057700825,-0.431561270715,-0.356789818048,-2.24489786873,1.55269902086e-07,0.000896059350004,-1.94224576972,5.3277293927e-06,0.00687824001276,-9.02391881627,1.5833397257e-06,0.00857865482667,0.870076206024,-0.000282919261571,-0.0219694377698,7.34375185141,-4.80383621587e-07,-0.00349638576386,2.60016664115,-6.12916569234e-07,-0.00493147332894,-0.802414406923,6.98482238995e-06,0.0132802996106,-0.165286760734,3.1157721042e-07,0.000481333426853,0.429280762744,1.94391135996e-06,0.00241943836039,2.36543743656,-5.73388179448e-06,-0.0154475356809,-2.67818916972,8.62005176578e-05,0.0530665716792,-3.30852917435,4.06997346489e-05,0.031496561727,0.227010407498,-0.0657561385234,-0.399265904454,-1.1625182729,1.75806336595e-05,0.0125875686607,2.72770304683,-1.04954696655e-06,-0.00400827477831,-3.75974274429,0.267963611253,0.505900416271,-2.90414332693,0.00317223121043,0.314265508971,-1.17592652119,1.23919349588e-05,0.00773120829865,-1.03543747397,0.0258828694376,-0.0358902057374
unguided,21,0.03,0.0399999991059,predicted,Actual proposal support boundary; monitored coordinates are pre-native endpoint forecast,True,50,-0.192741122274,0.614363933062,-0.0933192990685,0.0209554099655,0.213114409122,0.0406893350564,5.79946049838,6.44203623948,-0.0157887538467,-0.442469936845,2.1244977664,0.18956860546,0.26742035448,0.277661941541,0.262195157859,0.211671331578,4.64336551148,0.192270728836,0.735562614954,9.83410475393,1.19796446035e-08,0.00011462934931,9.28840900567,2.77848171015e-07,0.00074292971785,9.39152201772,5.1087521571e-08,0.000357877521868,8.24281811572,1.98093342228e-05,0.0100360680239,9.80025020454,9.64114207011e-09,0.000111117186072,9.30022780285,1.35593896747e-07,0.00054889551235,8.19362724475,5.24992533781e-06,0.00869099392208,9.38533419512,7.35296113311e-08,0.000387128277413,9.25793831744,1.99089896467e-07,0.000691333874162,8.68106327972,1.41155820514e-06,0.00288330037415,8.26131721019,1.09736921326e-05,0.00888713596386,8.63225715549,2.62736924084e-06,0.00360229643261,4.51726980155,0.202157235193,0.361890771696,8.78618933688,2.32254574827e-06,0.00290689929835,9.30958871661,9.58530807723e-08,0.000509664543993,5.31680862086,0.0543583308913,0.288494817977,7.31948186982,0.000285964709445,0.0645540865379,8.73228370787,2.25670506078e-06,0.00299796798638,5.49828737277,0.035555550435,0.165989402271,1.28075691848,-2.58149462173,-0.594419836998,5.44271105528,-1.79144895077,0.501464681636,9.47397440955,-0.854500941918,-3.594665252,-0.154484143603,17.2306868616,-0.0881803341926,0.0140482415621,-0.0542599621453,-0.299098063763,0.0272680054962,1.20420240218,-0.408670095063,-0.470070119918,1.0712952236,-8.6015392404e-08,-0.000565673496648,-4.33085217628,1.09052694298e-05,0.0134601646416,-9.41391836033,2.82336675939e-06,0.0120929161943,1.16388892584,-0.000215649788004,-0.0262933229308,4.99830990054,-2.23192194661e-07,-0.00182127798675,0.280563383728,1.11811950698e-06,0.000405111247022,-1.19590835029,2.47068618679e-05,0.0275462223111,0.553212628395,-1.94032270466e-07,-0.000831959215013,1.62620543124,-6.30362878735e-07,-0.00202300975742,2.58750335205,-7.54176614641e-06,-0.0171267122582,-2.77266591417,8.83926071346e-05,0.0573839157393,-0.192488476159,-2.55480313866e-06,-0.00114545057724,0.0719882544648,0.0620949989236,-0.134081233425,0.654973878771,-1.49263327927e-05,-0.00449413157012,1.81043483652,-1.3297726306e-07,-0.00190794703028,-2.20121589056,0.179452309759,0.764102921621,-0.708399399731,0.000781461557806,0.0813642108891,-1.36186602232,3.61781282279e-05,0.0134592744543,0.386099104469,-0.0278596379184,0.151645794417
unguided,21,0.04,0.0499999970198,predicted,Actual proposal support boundary; monitored coordinates are pre-native endpoint forecast,True,50,-0.182398727324,0.594418751092,-0.0988669417763,0.0782787334538,0.199196843777,0.0452899065795,5.93089952295,6.41670921275,-0.0498669813449,-0.432762939013,2.26413515264,0.188727402062,0.267196017842,0.27650883739,0.259327374199,0.212203889037,4.65160196735,0.189464972168,0.728029021185,9.83986828434,1.12733038358e-08,0.00011039441475,9.2185419025,4.43627941433e-07,0.000950581759137,9.29973673382,8.75104179216e-08,0.0004968038241,8.26341850713,1.75060637288e-05,0.0095799951666,9.84891447931,7.67593837848e-09,9.4681250775e-05,9.28165820822,1.64417963211e-07,0.000598374827502,8.18008781644,5.57972000099e-06,0.00902779501683,9.39676466593,6.84809247476e-08,0.000369392988559,9.26902978419,1.96634973235e-07,0.00067891549925,8.70987134071,1.29431230712e-06,0.00268471762121,8.23418071128,1.19474494625e-05,0.00946378430669,8.62973081127,2.54033630902e-06,0.00357447191068,4.52164542023,0.201963083564,0.361756439369,8.78276251978,2.27875832142e-06,0.00293619947561,9.32337582832,9.83566403668e-08,0.000499368022799,5.2836086359,0.0572518332435,0.2969834372,7.32629834906,0.000277173374977,0.0638685830654,8.70991160487,2.84785685781e-06,0.00323153435842,5.50395939992,0.0352741351492,0.168536530079,1.06351096456,-1.90053081394,-0.303339958191,4.17910957336,-1.55234506726,0.469938944049,15.7787465808,-2.71063285789,-2.16349839965,0.106988006808,15.847777796,-0.0241478566309,-0.0893615780181,-0.307322207719,-0.311785867125,0.211729240099,1.52007473035,-0.418244424906,-0.504408609222,1.47757277034,-1.17527783688e-07,-0.000757950856882,-7.47002897819,2.05127210219e-05,0.023455300944,-7.52567808479,3.89602607077e-06,0.012825559919,1.06064299798,-0.00012770322888,-0.0234823976074,4.91120803022,-1.72798454014e-07,-0.00151510514561,-3.06444862436,3.66929093645e-06,0.00703384773999,-0.534670123793,1.23444773344e-05,0.0133866322366,0.729922200474,-3.02433457293e-07,-0.00111680294554,0.406303785163,5.59455718256e-07,0.000115513676572,2.11099251125,-6.778320657e-06,-0.0133350506851,-2.41716121886,8.2209168858e-05,0.0517894368083,-0.689088590434,-5.1870769757e-07,0.00282278945951,0.218259044959,0.0285023419129,-0.240399310936,-1.3623947412,8.10759000356e-06,0.0106885069549,1.68615496546,7.73669710527e-08,-0.00153565030178,-2.31981810027,0.212403925537,0.712563309317,-0.317170725587,0.000353082736016,0.0407880924579,-3.7456101248,8.47793947591e-05,0.0363291244116,1.30259761032,-0.0659842640417,0.175042295648
unguided,21,0.05,0.0599999986589,predicted,Actual proposal support boundary; monitored coordinates are pre-native endpoint forecast,True,50,-0.171470902983,0.576353316783,-0.0993860982323,0.104537601433,0.182067507777,0.0500881139374,6.11503543,6.38782358232,-0.0590587218397,-0.440330176709,2.44145332232,0.189085648328,0.26563312292,0.271515497387,0.255959440517,0.215905916379,4.67376700608,0.183905840338,0.725474442769,9.86365620934,9.62908892979e-09,9.94703321721e-05,9.1390084261,6.88102591453e-07,0.00121203573673,9.24100845603,1.29008042986e-07,0.000614388720247,8.26403097568,1.72552696452e-05,0.00956642007172,9.89847436514,6.18517298984e-09,8.08150831595e-05,9.23893883036,2.08979715476e-07,0.00068957246715,8.18293384227,5.4968148845e-06,0.00895872656681,9.39993263913,6.74809421852e-08,0.000364792218502,9.26606439314,2.10279010832e-07,0.000693644147693,8.72328312995,1.275991792e-06,0.00261659936045,8.21297398581,1.26178755097e-05,0.00992292470003,8.61847538368,2.61699508689e-06,0.0036587522218,4.52163498245,0.202727282031,0.357082785477,8.75894144206,2.48469754834e-06,0.00312066943745,9.34331181592,9.74004201933e-08,0.000478951537957,5.27041225886,0.058606409402,0.302746084163,7.31313845531,0.000293026364166,0.065369848387,8.65737150537,3.95229295597e-06,0.00372455047461,5.52433932498,0.0342358651542,0.169490248183,0.980361711367,-2.12824981671,-0.0609254837036,1.72489792109,-1.57404404879,0.305246793546,15.7721723016,-2.17295403708,-0.923132764661,-0.331238031249,10.9718551652,0.0507422810633,-0.179167367947,-0.583156428281,-0.245183338653,0.454027264505,2.52097039323,-0.609939500469,0.0450087417749,1.08117934844,-6.88317901017e-08,-0.000514831237357,-5.73567555487,1.97018969164e-05,0.0198245195236,-4.38782412116,3.63604622626e-06,0.0094164753049,-0.333607795587,3.44027059639e-05,0.00673532674599,3.09840335659,-7.37113174118e-08,-0.000764940791247,-3.17579623477,3.55293426494e-06,0.00701797782419,0.0516048490196,-2.64266281543e-06,-0.00089805752467,-0.0536046154396,2.1270366889e-08,3.85468422025e-05,-1.48806225783,2.73075412113e-06,0.00401689061409,0.565860508692,3.10316118007e-06,-0.00123807792714,-1.65386750758,6.07610846175e-05,0.0369867359301,-0.722498588681,2.38466879436e-06,0.00448980321898,-0.0316542015047,0.0618014133154,-0.509807582167,-2.69097734983,2.91259185631e-05,0.0216997761864,1.15657862227,2.51862540521e-07,-0.000740367116098,-1.2188254271,0.128581446326,0.48832999762,-0.906127548833,0.00101444309592,0.109957856694,-3.3032627252,7.45033929944e-05,0.0310686323567,0.955019171184,-0.0363487866788,0.0785017235069
unguided,21,0.06,0.070000000298,predicted,Actual proposal support boundary; monitored coordinates are pre-native endpoint forecast,True,50,-0.162791493096,0.551853754758,-0.10008545145,0.112776691875,0.167715962801,0.0513948424504,6.24634296898,6.37325013201,-0.0683296366381,-0.439387699638,2.48357225594,0.189742247683,0.263612670483,0.264845708824,0.254423707425,0.221284434327,4.70202137521,0.177266182159,0.728929196021,9.86149187131,9.89666803373e-09,0.000100097790003,9.1038283914,8.37665879761e-07,0.00134707214961,9.2119802514,1.60231342447e-07,0.000685133330198,8.25674635122,1.8194117848e-05,0.00971470170152,9.91088254644,6.20171203025e-09,7.938243495e-05,9.21814228353,2.3547664851e-07,0.000738734383986,8.18111991342,5.52686674468e-06,0.00900983386634,9.39569257362,6.89063320854e-08,0.000370163925403,9.23926853904,2.51250055657e-07,0.000759253311531,8.72118855089,1.35637553072e-06,0.00265995606267,8.20110336112,1.31626711548e-05,0.0102035190253,8.6152808395,2.5880296849e-06,0.00366426797506,4.5210123362,0.20319911183,0.351560287725,8.72894297278,2.86127669268e-06,0.00337019499934,9.34650740076,1.03393891177e-07,0.000484560680477,5.25923212736,0.05982346217,0.306750037152,7.30817579808,0.000297462236895,0.0660677401993,8.64384635037,4.3379247177e-06,0.00385290700556,5.52305978334,0.0345471594156,0.17010656455,0.64066199466,-1.90472178283,0.0364909172058,1.21135628223,-1.24348157644,0.15301458731,12.5320922072,-0.807333288256,-0.18802263366,0.0113498943689,2.07903314819,0.0141067049961,-0.162226890044,-0.547724119459,-0.10082118077,0.404452959518,1.98954723731,-0.501223205679,0.120040261946,-1.37394004874,9.21411089879e-08,0.000494424047686,-4.12926480811,2.12238200726e-05,0.0174513113072,-2.93840693773,3.42927371811e-06,0.00755257837632,-0.522219054238,8.976076606e-05,0.010177950904,0.771042825614,2.40729844781e-08,2.67696658111e-05,-1.95206576384,3.30209943817e-06,0.00538301695339,-0.0336688772027,-4.79477119438e-07,0.00146206704001,-0.647511679886,1.48520355961e-07,0.000691803855524,-2.98685717458,5.76685776585e-06,0.00831944752384,-0.39143255555,1.08675423914e-05,0.00603521318212,-1.25924909345,5.79920359492e-05,0.0307355284962,-1.15623510958,9.04232031192e-06,0.00986588573611,0.120140379017,-0.00693370638491,-0.467104138504,-3.57166200159,5.31367637129e-05,0.0321858782842,0.225078145503,6.57802512675e-07,0.000691436721269,-1.50189630087,0.149186468318,0.366346980078,9.24914363054e-05,-0.000224033101011,0.0176471466747,-1.67725467835,5.17209283137e-05,0.0183209316036,-0.669253318933,0.0602823301237,0.103189660773
unguided,21,0.07,0.0799999982119,predicted,Actual proposal support boundary; monitored coordinates are pre-native endpoint forecast,True,50,-0.158657663089,0.538258881127,-0.0986562798882,0.128764727077,0.157197876248,0.0531484056836,6.36567727414,6.37167691656,-0.0628191745129,-0.440103178821,2.48303398528,0.189367782428,0.262388585119,0.260561014998,0.253943016901,0.22399497557,4.71355795083,0.173881376225,0.727875248008,9.83617740836,1.14719111095e-08,0.000109358813126,9.05642312994,1.1125789929e-06,0.00156106196287,9.18224031727,1.97593517348e-07,0.000765440287774,8.2535865946,1.90504849664e-05,0.0097699790898,9.91389522166,6.6666326794e-09,8.13504764757e-05,9.19989751508,2.75021704239e-07,0.000797232806218,8.18226046473,5.48722534211e-06,0.00898796790761,9.38698240553,7.04513493045e-08,0.000378628295613,9.20632724965,3.25616166149e-07,0.00086003309817,8.71545447884,1.49334263983e-06,0.00273730362409,8.18778900394,1.37777162287e-05,0.0105376352699,8.59535068149,2.79784149313e-06,0.00385606993653,4.52403779003,0.202588607904,0.347740702707,8.68750820203,3.5474328226e-06,0.00376438700313,9.34781337883,1.10556470447e-07,0.000492780272382,5.24037433284,0.0615901387684,0.310073023765,7.31314030513,0.000288545702145,0.0657227913205,8.6238264118,4.98671152224e-06,0.00409096910669,5.5109542586,0.0354415117567,0.171554041399,0.0820027019576,-0.38436946318,0.52457523346,2.01978516579,-0.515276908874,0.203236202176,12.004675959,0.614074669685,0.829752393646,-0.401667781653,1.05114584004,-0.0593961687196,-0.121243396037,-0.371278755854,-0.0691207551135,0.201451602328,1.02099329144,-0.273226223887,-0.0662812063662,-2.31286408335,1.50010436566e-07,0.000863795036179,-4.62994414045,3.13484942347e-05,0.0224695337472,-2.67537530319,3.4250844261e-06,0.00723047523702,-0.226755033986,7.65091455116e-05,0.00447568672669,-0.33428073455,6.7624952807e-08,0.000371007863572,-1.77592795645,4.2714142852e-06,0.00598159373677,0.739143121133,-1.87373984084e-05,-0.0176153564445,-1.2001679087,3.62715135308e-07,0.00145789954474,-3.49660192511,9.2540476434e-06,0.0116130768534,-0.396297941449,1.50642307579e-05,0.00701566432117,-1.91129612186,9.88115015524e-05,0.0488750182473,-2.98341694726,3.98757514222e-05,0.0318895059985,0.587379963827,-0.10885758502,-0.272512395619,-4.26133374239,8.27044821216e-05,0.0431455441593,-0.380117102394,9.5469425957e-07,0.00160601122621,-1.97966476818,0.176640585436,0.271264905396,0.109239802047,-0.000411391059446,0.00964616298581,-1.9902916434,7.1029751288e-05,0.024411460382,-0.912872409262,0.0684970781775,0.0659022038656
unguided,21,0.08,0.0899999961257,predicted,Actual proposal support boundary; monitored coordinates are pre-native endpoint forecast,True,50,-0.161151439057,0.544166365494,-0.0895939467812,0.153172395191,0.157410424623,0.0554595664939,6.48643648816,6.38553162541,-0.0517345887652,-0.447421055271,2.50459517274,0.188554324309,0.261187802563,0.257420133707,0.253041292323,0.225313466374,4.72244124104,0.171801657681,0.727603571893,9.81523458964,1.2896876765e-08,0.000117373690727,9.01122950859,1.46463576445e-06,0.00179646282455,9.15847274533,2.28733030969e-07,0.000829742834938,8.25221125054,1.97243007583e-05,0.00980421543605,9.90419693175,7.55421108639e-09,8.68025922215e-05,9.1826237244,3.20904934214e-07,0.000858366258722,8.19590277584,5.15211877651e-06,0.00865752673745,9.37168921545,7.61606347916e-08,0.000399321916298,9.16933650054,4.36331008525e-07,0.0009915148486,8.71326259206,1.65766014588e-06,0.00280026934909,8.16287743869,1.51389011859e-05,0.0111810193902,8.55561250055,3.38554471335e-06,0.00430205809503,4.53275993548,0.20102196013,0.346110039813,8.64371629794,4.51536633511e-06,0.00423310588253,9.33890505872,1.22487776369e-07,0.000516680905001,5.219638832,0.0633562738787,0.31217533526,7.31036059412,0.000289234415706,0.066260663459,8.6040405175,5.75851974346e-06,0.0043411362132,5.50480233516,0.0359171009791,0.171424608627,0.130096139514,-0.0255837740149,0.619501113892,1.93657207489,0.350685834885,0.223724312544,11.6808171711,-0.282594117148,0.703432198741,-0.594089309637,2.16897109567,-0.0729440910622,-0.0844912289006,-0.248614869235,-0.069086240691,0.0703466726168,0.682353729453,-0.15669757928,-0.0538694408734,-1.4248493098,1.06855758606e-07,0.000591348611275,-4.23353066379,3.54541445067e-05,0.022648573913,-2.44961218583,3.26898238881e-06,0.00672985609388,0.197166768597,4.278734562e-05,-0.00371337163344,-0.140391552184,4.97583985141e-08,0.000248599639938,-1.69257267,4.71742233038e-06,0.00611294433045,1.13237122601,-2.63712416055e-05,-0.0268000338159,-1.11029204978,4.21267451096e-07,0.00157933046749,-4.1300982141,1.35034644484e-05,0.0151998002228,-0.588670686941,1.76922502913e-05,0.00862522538589,-2.14080046366,0.000119434307458,0.0562101504976,-2.61310151297,3.60548470795e-05,0.0288382141193,0.644513594747,-0.125712529766,-0.0485531688788,-4.86462516461,0.000119373822951,0.0543233074206,-0.548395594596,9.68847452891e-07,0.00177301958916,-1.13479756612,0.118567478182,0.209192355239,0.0397399024992,-0.000262206605176,0.0145241680566,-1.67324911374,7.11062703204e-05,0.0219434105963,-0.33173579329,0.032537726879,-0.0668274772881
unguided,21,0.09,0.0999999940395,predicted,Actual proposal support boundary; monitored coordinates are pre-native endpoint forecast,True,50,-0.156055740299,0.537747205646,-0.0862662576103,0.167496168575,0.164211592946,0.0576228919345,6.59929361757,6.36602503421,-0.0487505305381,-0.451984965014,2.52641340719,0.187908900606,0.260698760541,0.255588717613,0.252561292087,0.225401909022,4.72720502542,0.170747424639,0.726797859191,9.80768042217,1.36090262817e-08,0.000121185785351,8.97175251666,1.82166188304e-06,0.00201403344113,9.13324807356,2.62973165125e-07,0.000900037409651,8.25752992997,1.99062318788e-05,0.00969571165713,9.91108739061,7.66180064968e-09,8.63224692745e-05,9.16604606168,3.69370150847e-07,0.000919491692827,8.20490788925,4.95980051e-06,0.00845196723129,9.36477656454,7.88766983264e-08,0.000410214904962,9.12372528537,5.95685455117e-07,0.00116402910263,8.7036810651,1.84718764566e-06,0.00290980813181,8.14497299467,1.61664023779e-05,0.0116618382799,8.54308865123,3.51893843472e-06,0.00443283421891,4.53692806192,0.200074357308,0.34676963933,8.59021569873,5.93490928162e-06,0.00485085315154,9.33684546694,1.29933419505e-07,0.000528240664166,5.21767838152,0.063961488332,0.314256870869,7.31393510318,0.000283301570042,0.0660132746816,8.59036142953,6.40883692865e-06,0.00452983731861,5.50431954274,0.0360922662943,0.170217491853,0.375596879933,-0.265440726597,-0.0255802869797,1.0535941124,-0.00474870204927,0.113581151154,8.48028414678,-4.16825530621,0.295494273931,-0.0755875705263,0.197547375327,-0.0207328247597,-0.0114690154495,-0.100960135569,0.0131561096056,-0.0424990611775,0.492454086421,-0.0896680751066,-0.0909037412088,-0.696645414374,8.00654113847e-08,0.000359929725188,-3.120627238,2.91321767012e-05,0.0174022708995,-1.91702686211,2.69493772929e-06,0.00543410011076,0.178196434422,4.97448867601e-05,-0.00278166677635,1.26994920474,-1.45433713293e-08,-0.000227281759607,-1.39950572454,4.13391694872e-06,0.00520295385839,0.35750382299,-6.36952521602e-06,-0.00824213450286,-0.152863854785,-6.53049344479e-09,0.000204777554541,-3.62849603162,1.4655139095e-05,0.0147748722991,-0.855666276089,1.61937686856e-05,0.00920694542221,-0.93876883783,5.40534430338e-05,0.0253045264792,-0.886062198938,7.92752403331e-06,0.00904603639397,0.153447798778,-0.0506981982076,0.0270054663833,-4.42133311731,0.000131790279153,0.0530279640348,0.391140914277,3.11169512125e-07,9.30031973352e-05,-0.589596631642,0.0939562802444,0.194444928186,0.539570843312,-0.000729383913184,-0.0510138962367,-1.25915921446,5.74859823978e-05,0.0169451550178,0.307506120073,0.0105054041718,-0.0366495966784
unguided,21,0.1,0.109999999404,predicted,Actual proposal support boundary; monitored coordinates are pre-native endpoint forecast,True,50,-0.153639501458,0.538857550963,-0.0901055525208,0.174244277439,0.157315450583,0.057731189517,6.6560421711,6.30216651928,-0.0458247032865,-0.448932806682,2.50854612025,0.188139667814,0.260958422254,0.255400930995,0.253304414515,0.22446348515,4.73229032277,0.170008296179,0.725785497069,9.80130168135,1.44981849927e-08,0.00012457228523,8.94881696383,2.04727929848e-06,0.00214450824254,9.12013220809,2.82631785555e-07,0.000938424837153,8.25577517922,2.07191984935e-05,0.00974858210053,9.92959591585,7.2633436598e-09,8.22569570293e-05,9.15463360991,4.03583273189e-07,0.000962425335889,8.2030528523,5.02472827219e-06,0.00849268404739,9.36863193835,7.60300249227e-08,0.000403417467389,9.0967665799,7.29433790426e-07,0.00128701229458,8.69614926654,1.98153551959e-06,0.00298440825753,8.14410206193,1.62199700465e-05,0.0116871099198,8.53789125657,3.54409519401e-06,0.00448297882291,4.53582889145,0.200007996165,0.346650149141,8.55528963559,7.15117191818e-06,0.00529366516322,9.346727877,1.28711166611e-07,0.000518540968948,5.20784689936,0.0652353994836,0.316064233824,7.32115201099,0.000274646737442,0.0652403855343,8.57885733321,6.90823939142e-06,0.00468003931355,5.51095245756,0.0361272090626,0.170691616693,0.21243289104,-0.0476738464332,-0.187318563461,0.607530355453,-0.221126556396,0.0141810244902,5.22680770054,-8.30960001334,0.562397619431,0.630207586442,-2.26607908482,0.0184295063033,0.055508038816,0.0459351370151,0.105768096617,-0.142095877356,-0.268335072955,0.0832783416007,-0.150778560086,0.259360377672,1.94825500181e-08,-8.86107780065e-05,-2.22003191019,2.26645485394e-05,0.0128318963299,-1.12158811729,1.82442538696e-06,0.00340664065795,1.22614461672,-6.60336774143e-05,-0.0234922976208,1.87808838313,-4.75731413547e-08,-0.000437668844541,-1.14697191539,3.3568096961e-06,0.00426033440918,0.0581563633499,2.07557264498e-06,-0.00114308514351,0.726667933568,-4.70432049786e-07,-0.00122686486942,-2.31218156945,1.19295450435e-05,0.0107433235905,-0.543837959901,9.48895267299e-06,0.00510000322001,-0.213916929535,1.20401855987e-05,0.00641400196858,-0.712930100995,6.94172422771e-06,0.00755673850702,0.0788591187954,-0.042665535172,0.0818758144181,-2.90146084672,0.000101362835138,0.0375166834674,0.756988515885,-1.06924667525e-07,-0.000738031381945,-0.946655584191,0.106836745805,0.19888182676,0.927508016405,-0.0010856111158,-0.101353122041,-1.1345292799,4.86190577136e-05,0.0152399250953,2.20248959881,-0.0623768725599,0.0765616160205
unguided,21,0.11,0.119999997318,predicted,Actual proposal support boundary; monitored coordinates are pre-native endpoint forecast,True,50,-0.151807082478,0.536793728718,-0.0900126288795,0.179646775684,0.159789061818,0.0579065124243,6.70382977158,6.19983303395,-0.0375025781495,-0.439380813285,2.4810918255,0.188277490732,0.261808921317,0.256507420353,0.25467665402,0.222559991475,4.72183832396,0.172412991471,0.723782287989,9.81286762972,1.3998677282e-08,0.000119413569791,8.92735187846,2.27495285383e-06,0.00227067136773,9.11081631121,2.99461672864e-07,0.00096817022281,8.2820528223,1.85855583305e-05,0.00922586570471,9.94864915827,6.71033782259e-09,7.75690923837e-05,9.14310662338,4.36506344769e-07,0.00100469838101,8.20607101652,5.0013119629e-06,0.00842910552842,9.37930992321,6.94680573306e-08,0.000385677607574,9.07748165398,8.34276355988e-07,0.00137889557444,8.6928043059,2.03696669912e-06,0.00301180819621,8.14069465608,1.64072060899e-05,0.0117901183193,8.52883004921,3.65777291927e-06,0.00458396898905,4.5385052443,0.199221046605,0.348407155618,8.5321864818,7.96216598438e-06,0.00560118682089,9.35198523726,1.27794926154e-07,0.000513480036527,5.19874526983,0.0660982232481,0.318234507405,7.33248526351,0.000261589347726,0.0639862122408,8.56767084393,7.38121808292e-06,0.00483463582052,5.54836933471,0.0348447288431,0.171748724174,0.421678791457,-1.2933743696,0.186525821686,0.827965199947,1.12042880058,0.0434974493083,4.67485625265,-8.83440716906,0.790409265587,1.13999924433,-1.39916740704,-0.00540622494508,0.051277318406,0.101629534621,0.129595128438,-0.165046925488,-1.15031523703,0.254069269063,-0.118433709692,1.41085757073,-4.89561857562e-08,-0.000510966107965,-1.20830423495,1.38886789458e-05,0.00739153435291,-1.18121834121,1.96392441657e-06,0.00363200982115,3.09153476149,-0.000248977860977,-0.0603070827871,0.725830793166,-1.14218934898e-08,-0.000121478819519,-0.272456087435,1.37421047165e-06,0.00143564078305,0.640023630919,-1.0291905514e-05,-0.0139167351391,1.0506768698,-5.49509755864e-07,-0.00156992143152,-1.6915684223,9.10538249155e-06,0.00792933107317,-0.585892059926,7.38971209616e-06,0.00516413459826,-0.914238805273,5.31231744163e-05,0.0259719152013,-0.670101042064,4.38954426762e-06,0.00650204627782,0.638302764397,-0.141990275195,0.378884796637,-1.83029797318,6.24943728899e-05,0.0246577622039,-0.526012247453,6.53987519007e-07,0.00135172664733,-0.413688085119,0.0569767421621,0.158643786301,0.898016447924,-0.000947617044326,-0.101737174131,0.0485110482566,5.35620426548e-06,0.00129582687454,3.99062808608,-0.15067748749,0.0081012399938
unguided,21,0.12,0.129999995232,predicted,Actual proposal support boundary; monitored coordinates are pre-native endpoint forecast,True,50,-0.145205925629,0.51299006357,-0.086375036087,0.190803581438,0.179724026594,0.0586011385032,6.74953929615,6.1254783759,-0.0300165179748,-0.426132821795,2.48056277211,0.188031543315,0.261983968622,0.257433521688,0.255896317084,0.22116254664,4.70928401803,0.17508968156,0.723416822875,9.82951883277,1.35190612776e-08,0.000114352963071,8.92465087914,2.32505287739e-06,0.0022923389296,9.09650784127,3.21910273886e-07,0.00101106503358,8.31760587445,1.57396412739e-05,0.00854244044479,9.94411253171,7.03490579e-09,7.98273806389e-05,9.14918448816,4.31067482622e-07,0.00099113815155,8.21585332492,4.81889016191e-06,0.00821434934461,9.38964547575,6.50398298054e-08,0.000372019038758,9.06293521146,9.11541440257e-07,0.00144559891604,8.68443142534,2.12932976151e-06,0.0030876909495,8.12581728583,1.72824335349e-05,0.0122065482238,8.52448923573,3.63188607937e-06,0.00461301974847,4.54859494674,0.197168190662,0.354227845073,8.51868367613,8.40105937598e-06,0.0057868204073,9.33620763205,1.41790916991e-07,0.000545575501894,5.19957313766,0.0663749343269,0.31923710955,7.33911233995,0.000255694396556,0.0632056420517,8.57982755418,7.01536347673e-06,0.00470595585104,5.59076501928,0.0331136593128,0.170853641493,0.305924342341,-0.923657493281,0.456745147705,1.20020347834,1.56410181522,0.0665802638688,3.32949639395,-6.02191321547,0.351690328056,1.42712340295,0.553459199916,-0.0270489801256,0.00798832341402,0.103089302199,0.120745939211,-0.146280762966,-1.41220513352,0.259420489306,-0.0708161690185,1.88132118362,-7.10332159245e-08,-0.000604909009561,0.188544322075,-1.34773143163e-07,-0.000579938827353,-1.07197268625,1.95284227251e-06,0.00323207935027,2.77100595295,-0.000209673881168,-0.0533244594638,-0.468452810781,2.89739980728e-08,0.000203832914829,0.614425277384,-6.342577553e-07,-0.00147316541087,0.796368578495,-1.38174436903e-05,-0.0171016937623,1.2008339239,-5.71754781588e-07,-0.00175081401177,-1.21863933144,7.29618377558e-06,0.00596667616923,-0.391588182743,4.50579794669e-06,0.00395209016117,-1.32821660099,8.18427308577e-05,0.037065407984,-0.322118533706,-7.17655834276e-06,0.000914346309413,1.16616064029,-0.242299629858,0.571320725863,-0.803412710499,2.62880290529e-05,0.011316927294,-1.61843707098,1.38314440981e-06,0.0032271942061,-0.188396575433,0.0595417530183,0.0659058333772,0.206021619325,-0.000104599620121,-0.0264524733381,1.11014738749,-3.58934986048e-05,-0.012224333462,4.55053420366,-0.184590914725,-0.0176441515692
unguided,21,0.13,0.140000000596,predicted,Actual proposal support boundary; monitored coordinates are pre-native endpoint forecast,True,50,-0.145688595632,0.518320578852,-0.0808777259254,0.203650845251,0.191071098123,0.0592381177017,6.77041969946,6.07939476964,-0.0304687715884,-0.410838345226,2.4921610095,0.18773651113,0.261968687785,0.258569206397,0.257091572804,0.219634376216,4.69359422129,0.177601401257,0.722365964609,9.85049405339,1.25780129635e-08,0.0001073153896,8.9311227649,2.27225739096e-06,0.00225907259119,9.08937685748,3.38518518314e-07,0.00103281180982,8.33747294136,1.43920807072e-05,0.00815937651544,9.93928010206,7.28981778404e-09,8.16457506802e-05,9.15539512892,4.23821189663e-07,0.000975235072793,8.22199838809,4.7249630891e-06,0.00808707165317,9.40332660169,5.80329616989e-08,0.000350661327339,9.05310886735,9.802000315e-07,0.00149822909782,8.68497254225,2.12708265805e-06,0.00309084999943,8.11413032406,1.8044060707e-05,0.012531426479,8.52238767854,3.51424175242e-06,0.00460225591524,4.5618284571,0.194375054008,0.359833570135,8.51611822759,8.48792656544e-06,0.00582752536677,9.31961649584,1.5545781435e-07,0.000578023920649,5.19497733833,0.0672890583085,0.319552624072,7.3366056959,0.000259497355323,0.0634571627741,8.58987379168,6.66334811083e-06,0.00459014915128,5.63938001879,0.0311529105486,0.171395841142,-0.290222454802,0.291242631045,0.192361235618,0.743357002735,0.560709029436,0.0205576453383,-1.34412982709,-5.64966798889,-0.193923609529,1.68713436199,0.299645996071,0.0294056332915,0.085590953198,0.209717174573,0.162547944276,-0.253928063721,-1.53171841224,0.261205990346,-0.0627550247842,1.62464643595,-4.37303091973e-08,-0.000436358357587,0.789118347669,-7.71038230988e-06,-0.00440733668533,0.210040837965,6.63864071467e-08,-0.000772464866348,1.54847567522,-9.40015463536e-05,-0.0297246614649,-0.147262542812,2.6029748852e-08,0.000121973602009,0.656980575027,-1.16461153529e-06,-0.00190430547888,0.179308243838,-2.10793366313e-06,-0.00419617608772,1.89865797733,-7.91145851461e-07,-0.0026379676027,0.0891052032788,1.71828635106e-06,0.000759935257906,0.266317687644,-2.94762804548e-06,-0.00191053278065,-0.0652151465644,-1.38861295101e-06,0.000550355700659,0.131742964344,-1.65356966842e-05,-0.00452673356284,0.868900252006,-0.204487539191,0.503823210445,0.630314826086,-1.98066807522e-05,-0.00798598680137,-1.02450124053,9.68286128757e-07,0.00206381826643,-0.967519446526,0.144832902439,-0.128855584558,-0.280100528755,0.000436992768765,0.0262532913281,0.40968916073,-1.49242404418e-05,-0.00510314562003,4.78636879851,-0.19495964725,-0.003099509769
unguided,21,0.14,0.149999991059,predicted,Actual proposal support boundary; monitored coordinates are pre-native endpoint forecast,True,50,-0.151010374725,0.518814916191,-0.0825278113747,0.205670721493,0.190938207183,0.0590122914099,6.72265669961,6.01248501612,-0.0338949901654,-0.392390134555,2.48655569203,0.188619655981,0.263695787686,0.261627865179,0.25914727597,0.216083985366,4.67864964978,0.180313801367,0.72216172238,9.86201176148,1.26444550937e-08,0.000105625795919,8.94043324609,2.1708452312e-06,0.00220419219589,9.10070865803,3.23238002029e-07,0.000995615736249,8.34857538796,1.38596103469e-05,0.00794794721549,9.94116728086,7.55550076704e-09,8.22668526791e-05,9.16232409966,4.07775251916e-07,0.000953052041973,8.2194394898,4.77673148865e-06,0.00813042582285,9.42761863529,4.92169127762e-08,0.000319259686704,9.06471731552,9.45907167278e-07,0.0014607976212,8.68975777909,2.0703772006e-06,0.00304948029389,8.12451298289,1.72546612758e-05,0.0122175553379,8.52712409502,3.30117214568e-06,0.00452248507721,4.56597295178,0.193078439878,0.364304309282,8.53128997265,8.00492576094e-06,0.00562710067127,9.31571760724,1.61156639566e-07,0.000586851867223,5.18022274873,0.0692715923756,0.316659997859,7.33351032937,0.000264434251931,0.0637307078782,8.58802133739,6.71687866789e-06,0.00460389293864,5.68649239525,0.0292144663678,0.170791651298,-0.133049491826,0.124346184521,-0.307589054108,-0.112399250269,-0.714560866356,-0.0736548547243,-5.29523278117,-6.26197088246,-0.313688526427,1.41353190848,-2.38723867629,0.0649116305444,0.224334998433,0.330256241377,0.213297526201,-0.365413341482,-1.4840070061,0.266538957916,-0.0998224975962,0.297519071223,5.01143943345e-08,0.000111603081939,0.638823641787,-6.0748396313e-06,-0.00349049657327,0.958649714023,-1.06847988009e-06,-0.00287020650516,-0.591368533026,4.6173675045e-05,0.0125315327886,0.860011714276,-3.60015521453e-09,-0.000140798068552,0.551412105288,-9.46639380837e-07,-0.001523486469,-0.478848910321,7.94491153398e-06,0.00904297220597,1.67345044011,-5.27529834006e-07,-0.00202037264823,1.48421747207,-5.9654877876e-06,-0.00557945125433,0.332920234972,-4.68014760431e-06,-0.00325788206686,1.39039234053,-9.84487775301e-05,-0.0397739140452,0.555378818298,-1.80386203574e-05,-0.00823370140998,0.223809137177,-0.107074406473,0.361962792837,1.76504817978,-6.41222236928e-05,-0.0231407350748,0.453973509888,-1.69260285311e-07,-0.00074543451223,-1.30353639314,0.162608806886,-0.218915579152,-0.149668975171,0.000378916306939,0.00360456693748,-0.156188302038,3.40425725566e-06,0.000738305514972,2.27426410651,-0.0948667518686,-0.0792275603944
unguided,21,0.15,0.159999996424,predicted,Actual proposal support boundary; monitored coordinates are pre-native endpoint forecast,True,50,-0.148349585468,0.520807502542,-0.0870295070076,0.201402860246,0.176779880795,0.0577650206072,6.66451504383,5.95415535199,-0.0367425421169,-0.382567707056,2.44441623597,0.189034743741,0.266455387754,0.265174331225,0.261357523328,0.212326109386,4.66391408117,0.182932180416,0.720369514657,9.85644443482,1.35803008502e-08,0.000109547451239,8.94389923774,2.15076059834e-06,0.00218926265972,9.10854985177,3.17148920712e-07,0.000975407679713,8.3256455707,1.53155542081e-05,0.00841000717121,9.95648033634,7.21781467975e-09,7.88297893092e-05,9.16642337103,4.04888402046e-07,0.000944765343413,8.21242140988,4.88386131978e-06,0.00826793109729,9.43679561049,4.74823650188e-08,0.000310253874374,9.08279321679,8.60890275747e-07,0.00138664007274,8.69163094695,2.03347970596e-06,0.0030256923581,8.14193817087,1.60750851564e-05,0.011735948198,8.5334952549,3.15346934527e-06,0.00443758188704,4.56630463985,0.192233565878,0.367072825992,8.55141919119,7.20548209158e-06,0.00536471066528,9.32869596604,1.52072608644e-07,0.000563115230404,5.16890661046,0.0705412344462,0.315174312489,7.3336123164,0.000267075681462,0.0635292541128,8.58675002564,6.73143325594e-06,0.00460491526158,5.68486530092,0.0292555755112,0.169811289934,0.0771351965379,-0.00563013645401,-0.196041584015,0.0191727876663,-1.40570226312,-0.195451887802,-6.93669836118,-7.76723039072,-0.377983763158,1.23002682967,-5.4453243306,0.0894528732775,0.303803986111,0.405029785735,0.239233528078,-0.398007809174,-1.6514532469,0.29248657035,-0.0455259865568,-0.319547616386,5.7513798524e-08,0.000228500876621,1.74586780554,-1.46379660863e-05,-0.00894549777161,0.988435620621,-8.81665027016e-07,-0.00258109922324,-1.11803561438,5.8975450121e-05,0.0239137321767,1.76911834491,-2.38965132165e-08,-0.000318657410995,1.1092790867,-1.74049684637e-06,-0.00281502247784,-0.646234203327,8.41896251347e-06,0.0122823109259,1.04085331639,-1.89789460156e-07,-0.00104886946786,1.66603151624,-7.95644306839e-06,-0.00686274270197,0.338567903939,-5.20143621613e-06,-0.00355296539768,1.1263104519,-6.0103584795e-05,-0.0295728934335,0.221842530588,-7.85565603621e-06,-0.00357073487883,0.550067170736,-0.187620328474,0.36532503221,2.62817712682,-9.62848478498e-05,-0.0333223251406,1.28158665617,-6.15304478069e-07,-0.00201080552932,-1.20897775413,0.139960411734,-0.0788384743332,-0.00539906297132,0.000296169295583,-0.0205496326083,1.16812117833,-3.95337498787e-05,-0.014213772445,0.720886166741,-0.0349943329143,-0.0366323157734
unguided,21,0.16,0.170000001788,predicted,Actual proposal support boundary; monitored coordinates are pre-native endpoint forecast,True,50,-0.149467670795,0.518702313462,-0.086448643055,0.206054177246,0.162824161921,0.0551032536539,6.58392273238,5.85714040831,-0.0414546654286,-0.367789597962,2.37764920542,0.190408713446,0.269771867408,0.269728460894,0.263931946531,0.208123829182,4.64562058484,0.186163532774,0.721251202649,9.85562080916,1.37947310641e-08,0.000110195813452,8.9753506022,1.87808590947e-06,0.00202528224046,9.12047737044,3.05604701489e-07,0.000943993751784,8.32621467567,1.50391193493e-05,0.00842622185902,9.97654964775,7.07757050271e-09,7.58937044592e-05,9.18450968139,3.72965314989e-07,0.000896751592416,8.20651480573,4.94511073892e-06,0.00837607204137,9.44843570162,4.5421123573e-08,0.000298282297347,9.09803794585,7.8677830591e-07,0.00132354276716,8.69652913717,1.96634847628e-06,0.00297842098593,8.14703919193,1.60525895799e-05,0.0116260974692,8.53156094563,3.14405902496e-06,0.00445107037963,4.5769742952,0.189326033308,0.371610809927,8.58385351518,6.07922880394e-06,0.00496065416846,9.34134934036,1.48850550005e-07,0.000546635756637,5.15604319365,0.0720708006103,0.315083228372,7.33340234811,0.000270357637843,0.0633197152261,8.61138376096,5.92620367032e-06,0.00431961748974,5.70091011858,0.0285145797095,0.170059004982,-0.284280100562,0.120661581692,0.146062374115,0.182153120637,-1.18164724112,-0.244455821184,-6.49431890409,-8.71385751365,-0.489679449572,1.03013878372,-4.76343262829,0.0940519279356,0.30560142599,0.452526124154,0.223681493966,-0.41688766699,-1.66578703716,0.313278651639,0.0376716941265,0.194647456258,-5.02421491894e-09,-5.72719939098e-05,2.84632689529,-2.34946502389e-05,-0.0144583040644,1.0277539771,-7.5155291402e-07,-0.00260855058368,0.0499903511912,-3.40536560222e-05,0.000572181954698,2.0476585421,-1.38005608693e-08,-0.000289811720633,1.31976870944,-2.21154953372e-06,-0.00341980404005,-0.302194083026,-3.86531372291e-07,0.00431004025307,1.04701353626,-2.30000423192e-07,-0.00115312423885,0.836733083164,-4.51707473033e-06,-0.00360023456105,0.37040526434,-5.19341511925e-06,-0.00366084344657,0.123944787374,2.90592536135e-05,-8.18371868344e-05,-0.29804508492,6.25323139484e-06,0.00372418969138,1.08327373131,-0.261404669556,0.431421279297,2.50053476921,-8.609473814e-05,-0.0307500499049,1.06595567779,-7.9239626037e-08,-0.00115785602148,-1.24838143513,0.104968274773,-0.0798192515094,-0.430622231019,0.000864783267546,0.0209613649384,2.07865095961,-7.17038750686e-05,-0.0243626269106,2.1975541883,-0.0920828115108,0.0162516026647
unguided,21,0.17,0.179999992251,predicted,Actual proposal support boundary; monitored coordinates are pre-native endpoint forecast,True,50,-0.154035187479,0.523220734176,-0.0841082595253,0.205045922658,0.153146935973,0.0528759041835,6.53462866575,5.77987820171,-0.0465361311084,-0.361964931382,2.3491475834,0.190915782299,0.272567416274,0.274224853708,0.265831153207,0.203988356046,4.63059834042,0.189197753448,0.721122948539,9.86033738394,1.34798165519e-08,0.000108402011361,9.00082577564,1.68086759356e-06,0.00190009657843,9.12910493131,3.02117862432e-07,0.000923236668039,8.32664537773,1.46344810876e-05,0.0084214508103,9.99743350719,6.94180346237e-09,7.30335548965e-05,9.19281874522,3.60657411372e-07,0.000876369262612,8.20637752822,4.87613069233e-06,0.00835413190236,9.45773588122,4.28823565549e-08,0.000287191389597,9.09952787846,7.70548781141e-07,0.00131463538151,8.69903905223,1.92961140358e-06,0.00295247548916,8.14441706661,1.66562702287e-05,0.0117343114543,8.5275343532,3.27853397316e-06,0.00451206568087,4.58797011447,0.187005472487,0.375701251578,8.60142988657,5.48358732878e-06,0.00474970966718,9.35001507959,1.50487816123e-07,0.000539958109975,5.14393898176,0.0726405999417,0.313577927459,7.32499987178,0.000284371346813,0.0639484814116,8.62832304483,5.29735575457e-06,0.00411766272336,5.72881638468,0.027413919281,0.170136321988,-0.300366325513,1.15022598962,0.0119769573212,-0.591311737895,-0.648287862539,-0.269588122424,-4.01476507551,-8.44458655041,-0.781171019349,1.16908971721,-0.161393010267,0.0568772111022,0.293861661107,0.458328235658,0.152393540399,-0.403609410522,-1.30708783087,0.249030803666,0.0722467721124,1.75455379899,-1.19811626854e-07,-0.000638681742605,2.53285012541,-1.92080957911e-05,-0.0123683358722,1.0097706362,-1.19189917607e-06,-0.00294666528219,-0.156524040563,-2.47817149663e-05,0.00376204505592,1.62791039608,5.65167080099e-09,-0.000143294408927,0.477448318077,-7.50804101017e-07,-0.0012591987397,-0.20000459917,-5.28307232179e-07,0.00251610018374,1.92806482055,-4.64901266218e-07,-0.00202068347824,-0.218533854829,6.46229776323e-08,0.000632455570198,0.294987091597,-4.41860120119e-06,-0.00326765157897,-0.273920205898,6.36967137969e-05,0.0110099633429,0.187783682262,6.28378559339e-06,-0.00105054257273,1.03624898999,-0.202468178958,0.469141063898,1.50071952776,-4.82538253553e-05,-0.0178891935681,0.550601804611,5.11074514508e-07,3.73040075447e-05,-0.863535676511,0.00723119805885,-0.131033347102,-0.754972205116,0.0013461545908,0.0523317128955,1.09475463951,-5.19911306542e-05,-0.014934767348,3.98216717863,-0.163242839838,-0.100593735794
unguided,21,0.18,0.189999997616,predicted,Actual proposal support boundary; monitored coordinates are pre-native endpoint forecast,True,50,-0.155474997305,0.541706833255,-0.0862091039085,0.194227942488,0.14985840467,0.0497114912054,6.50362743087,5.6882486773,-0.0570780858155,-0.344407803618,2.37442134521,0.191546257668,0.27564910063,0.278895025607,0.266979817339,0.200051640972,4.61947882823,0.191144148847,0.722696138091,9.89071188514,1.13984985271e-08,9.74221785996e-05,9.02600760471,1.49392399365e-06,0.00177791552302,9.14067278316,2.81766717967e-07,0.00088506044614,8.32308419486,1.45434850499e-05,0.00850146276014,10.0091078557,7.19060391873e-09,7.30278162807e-05,9.19405864776,3.57949232968e-07,0.000871567617622,8.20251471375,4.93454459427e-06,0.00842639404505,9.48699699803,3.61230982487e-08,0.000257868627782,9.09366726875,7.88070765463e-07,0.00133619187857,8.702428879,1.87797645226e-06,0.00291306795435,8.14156078781,1.73265238559e-05,0.011846296736,8.53531661928,3.26973473683e-06,0.00443005952818,4.597699275,0.185276669729,0.380993631205,8.61386790574,5.11415229683e-06,0.0046028702971,9.35236137646,1.59072040295e-07,0.000547381836788,5.13877248012,0.0722154245715,0.31246256143,7.31830290401,0.000297280729659,0.064366349484,8.63327885375,4.88638105723e-06,0.00402092214278,5.78055346216,0.0252497229127,0.168047130266,-0.216824982803,0.619361881136,-0.0379787683487,-1.37123902142,-1.00807318091,-0.354023906549,-4.42883344033,-7.98671468633,-0.109863934911,1.28181149577,-1.06254423577,0.0567851030127,0.279736901375,0.446316348994,0.128299114568,-0.371337818514,-1.13735402813,0.23034844325,0.120281869508,1.81657798804,-1.22001388328e-07,-0.000633350860055,2.37526323568,-1.59591199136e-05,-0.0109137939139,2.17971791158,-3.1988310477e-06,-0.00632864623108,-1.79753943942,0.000100456934484,0.0366356451477,2.3477003791,-5.19083584907e-08,-0.000442074583574,0.517501543185,-1.09609357711e-06,-0.00161667009886,-0.304664796616,1.92558759462e-06,0.00481671463112,1.4574206951,-3.60309418659e-07,-0.00145040289384,-0.750492197089,1.68145990494e-06,0.00246701432142,-0.0951280866944,1.51046199213e-07,-6.60087293021e-05,-0.134600379079,7.36042816324e-05,0.00759136206745,0.477541472981,6.97711419409e-06,-0.00441148854811,1.05910443263,-0.190092552899,0.4393503003,0.744400804195,-2.66616813417e-05,-0.00880287918519,0.969185099934,-2.10896083005e-07,-0.00100920350002,-0.377893881881,-0.0872033832587,-0.0690064694342,-0.637594812756,0.00117312772236,0.0433014455404,1.13473021284,-5.77223058013e-05,-0.0166304451697,2.52617645443,-0.113482656321,-0.143682875487
unguided,21,0.19,0.199999988079,predicted,Actual proposal support boundary; monitored coordinates are pre-native endpoint forecast,True,50,-0.158371687135,0.535607971799,-0.0848678348923,0.17762114223,0.132985472355,0.0457954260525,6.44605199694,5.62014390799,-0.0487334098066,-0.336328701467,2.32789669869,0.19205148436,0.278162154301,0.283151180688,0.268397135499,0.196561599676,4.60785125986,0.193804722313,0.72352858593,9.8966689437,1.10397887853e-08,9.57349941595e-05,9.04833104036,1.36168519529e-06,0.00168182070015,9.17269928954,2.38141241478e-07,0.000796663743417,8.29069458894,1.66436197773e-05,0.00915416371326,10.0443875148,5.90363629255e-09,6.4192063225e-05,9.20316877608,3.3873553983e-07,0.000844035860635,8.20028423229,4.91464244422e-06,0.00845046619498,9.48688429512,3.56761681817e-08,0.00025818333172,9.08451803451,8.0417797924e-07,0.00136397566794,8.6971364905,1.93263232756e-06,0.00295115531458,8.14172505903,1.81283558613e-05,0.0118861386957,8.53708518266,3.41807625704e-06,0.00442383590991,4.60915220313,0.183203621429,0.384488257584,8.61631790265,4.95035370195e-06,0.00457365208348,9.36939878159,1.46269894463e-07,0.000519774039974,5.13638110412,0.0708965322765,0.31219779807,7.31224797552,0.00030783390126,0.0648145103224,8.65101764909,4.14290963854e-06,0.00378505381997,5.77933991377,0.0251442661546,0.167262664478,-0.224904689259,-0.432972484016,0.61378967762,-2.15561659634,-2.05400145054,-0.432852103666,-8.31074458667,-3.99092596493,1.73102266601,0.798194995255,-8.61990050085,0.0260580857723,0.18291074463,0.399037684209,0.151882352431,-0.289800121824,-1.45601160878,0.350286751758,0.101000518962,-0.739856550056,3.53503622067e-08,0.000252125725756,2.78323000741,-1.61777586292e-05,-0.0118425277224,5.07984542023,-5.66356594367e-06,-0.0124100399675,-3.08389831576,0.000203423717099,0.0622229250995,2.38742955524,-9.48664574887e-08,-0.000640130849775,1.00753122211,-1.95190269385e-06,-0.00296036434748,0.00666905779968,-6.90711206087e-06,-0.00302948075913,-0.725203393765,7.42678637492e-08,0.000597570804702,-0.735638273225,4.75910252185e-07,0.00189940342406,-0.815410809295,1.0570156767e-05,0.00698513984952,0.26091103094,6.64932951942e-05,-0.00236667889726,-0.368402099232,2.75686550543e-05,0.00620917295335,1.47071354063,-0.288271076733,0.22225610485,0.272484070061,-1.70689296104e-05,-0.00323918871095,1.09496335418,-1.10644786803e-06,-0.00210724779208,-0.315421319945,-0.132801955122,-0.0670669120678,-1.27357781996,0.00199093396422,0.115990909924,1.84594328312,-7.46399764475e-05,-0.0239313265327,-2.30581252326,0.065644541109,-0.0106327957934
unguided,21,0.2,0.209999993443,predicted,Actual proposal support boundary; monitored coordinates are pre-native endpoint forecast,True,50,-0.15997309109,0.533047383574,-0.0739333103561,0.151115610561,0.108778375659,0.0410544491321,6.33741253914,5.608430158,-0.0224576324953,-0.328443903713,2.20202333519,0.192067419384,0.279307315523,0.286875779291,0.270017464388,0.194255638536,4.59035859605,0.198149883882,0.72471614847,9.87591475414,1.21055057712e-08,0.000102464693115,9.08167220486,1.17036882106e-06,0.00154106496857,9.24226969157,1.68495399094e-07,0.00063685964679,8.26140622854,1.86119593919e-05,0.00974592126213,10.0568564468,5.29327476896e-09,6.02251992852e-05,9.2142092722,3.18911179091e-07,0.000812360330673,8.2026480949,4.79640235306e-06,0.00836580442986,9.47249293016,3.76084555237e-08,0.000269820043876,9.07895450329,7.97588970506e-07,0.00137417994705,8.68612066282,2.0893795876e-06,0.00305277075134,8.14677900843,1.86563897598e-05,0.0117989631581,8.52794857729,3.82110783791e-06,0.00455424298725,4.62711354581,0.179511248194,0.385438753302,8.61931758714,4.77277370463e-06,0.00453808652288,9.37426064354,1.36943082935e-07,0.000505236880946,5.13246405372,0.0695593854691,0.311121223189,7.29283134761,0.000337099408943,0.0666861676825,8.67019771941,3.39358152828e-06,0.00354229561213,5.73443721169,0.0265626137349,0.167834474351,0.415638266395,-1.53294799065,0.909235954285,-2.90790721774,-2.89420050383,-0.441730982523,-11.426773615,0.775067076034,2.81892356589,0.86175079042,-14.3340585261,-0.0312774095262,0.100082746224,0.310756431904,0.166536997329,-0.160712123116,-1.38103844238,0.330064479566,0.106241856274,-2.71523510053,1.43910441069e-07,0.000880331755014,2.84769978958,-1.57622743528e-05,-0.0118168536515,7.64675799945,-6.49749936777e-06,-0.0157308151715,-2.83887458454,0.000195799154065,0.0584394130152,-0.209289894105,-3.66081577944e-09,-2.12813921415e-06,0.8893505745,-1.76581650696e-06,-0.00276524684372,-0.0911872969866,-6.59367845106e-06,-0.00155443176442,-1.87235569382,3.77911672989e-07,0.00178048273942,-0.291099116366,-1.42754824466e-06,0.000106430629346,-1.1419764198,1.58328425186e-05,0.0105021724749,1.15543454105,5.71008417165e-07,-0.0257993462359,-0.897673381486,4.04887897981e-05,0.0129819042563,1.66807099437,-0.368833447215,-0.0242310525178,0.172558140006,-1.40517438736e-05,-0.00203630556226,0.0691693611486,-5.94851899281e-07,-0.0007388289552,-0.83648034755,-0.077367725352,-0.0920109937213,-1.86805389651,0.0030004308911,0.174467046712,1.22383255837,-6.05781677358e-05,-0.0170214715247,-5.43744145962,0.191046687946,0.105782378643
unguided,21,0.21,0.219999998808,predicted,Actual proposal support boundary; monitored coordinates are pre-native endpoint forecast,True,50,-0.150058921807,0.504949011986,-0.0666831158066,0.119462997875,0.0751014622784,0.036960806402,6.21751652464,5.63564524951,0.00764506151128,-0.319093685658,2.04121552817,0.191425936169,0.280163809226,0.289366309326,0.271727875445,0.193347357214,4.58023049101,0.200406011905,0.725653423055,9.84236424169,1.39179976067e-08,0.00011334162926,9.10528503615,1.04643970823e-06,0.00144548362712,9.32563444953,1.08191254122e-07,0.000482047439988,8.23391709725,2.05596028586e-05,0.0103229519736,10.0402017169,5.83041997697e-09,6.41495004408e-05,9.22095578757,3.03419209691e-07,0.00078873092376,8.19846048635,4.7827688752e-06,0.00841937755969,9.44943718124,4.32344016415e-08,0.000293792986509,9.07869605219,7.75627014346e-07,0.00136610428053,8.6742969621,2.24928917794e-06,0.00316119876407,8.16483374985,1.81397760297e-05,0.0113701517709,8.51913171503,4.22785205301e-06,0.00468347399503,4.64251362301,0.175826952485,0.384003636534,8.61976906545,4.66931882447e-06,0.00453292597223,9.37078216881,1.34372856478e-07,0.00050499746087,5.11965149717,0.0693491777695,0.310357578196,7.27488689759,0.000367842519082,0.0683038512566,8.67549430026,2.93134628382e-06,0.00344462438948,5.67059108458,0.0289651999135,0.169378312051,0.324215724874,-2.02463241525,0.215819478035,-3.56657189131,-3.40735417604,-0.224569473913,-16.1173575154,8.96994587285,3.90092982933,0.446354733772,-17.7579952958,-0.0926347059062,0.0961079542224,0.133319642773,0.228780698722,-0.0101842312518,-0.118037325559,0.0759058740217,0.0721206151822,-1.60210141475,7.14108058685e-08,0.0004729919689,1.09695636912,-6.1750356215e-06,-0.00459315819463,8.98352387163,-5.41777971057e-06,-0.0149064181974,-6.72708924406,0.000698952813475,0.163638806508,-6.8462462209,4.01918031482e-07,0.00230844741593,1.24904410478,-1.71800384715e-06,-0.00297167834408,-0.93610764905,8.74848818711e-06,0.0172928881157,-3.71944488893,8.86797722981e-07,0.00391800174349,0.612231551629,-2.65951897526e-06,-0.00247615180808,-1.97771403953,2.52611273752e-05,0.018069180042,3.11468247737,-0.000146712663458,-0.0750679621868,0.0957246584624,3.64049021416e-05,0.00204128586248,1.01858414303,-0.275866103493,-0.118006408188,-0.307527769821,4.59404210106e-06,0.00371514438755,-2.74048784367,2.34194469295e-06,0.00489343926895,-0.840646189575,-0.127109226622,-0.108044596446,-1.14673102132,0.00192737569044,0.103423922226,0.619189637038,-2.816847991e-05,-0.00902491725734,-6.27641552478,0.263661025238,0.3543159889
unguided,21,0.22,0.229999989271,predicted,Actual proposal support boundary; monitored coordinates are pre-native endpoint forecast,True,50,-0.153488776593,0.492554735269,-0.0696169207954,0.0797841727352,0.0406312921381,0.0365630596538,6.01506538883,5.78782907546,0.0555609640913,-0.319516809037,1.84686342928,0.190214725266,0.281229474607,0.289542172147,0.274593078362,0.19405195391,4.58799784954,0.199668001363,0.726158560774,9.84387272584,1.35337218886e-08,0.000111924532493,9.10361133224,1.04686810863e-06,0.00144920180468,9.421940169,6.01398048825e-08,0.000338731282842,8.12686444366,3.25910156614e-05,0.0130186973923,9.91993152236,1.33316353986e-08,0.000106394147604,9.23919015429,2.84551102148e-07,0.000752926763791,8.18392594192,4.9713721168e-06,0.00871166219218,9.39810403238,5.53444099833e-08,0.000348180078746,9.09119913432,7.44398591001e-07,0.00132465691089,8.64656638203,2.5946021351e-06,0.00341415435218,8.20907265798,1.57221364906e-05,0.0102976039144,8.52986307046,4.54920588074e-06,0.0045950687045,4.64748522867,0.173993926125,0.383078625138,8.61316703174,4.86465454665e-06,0.00461238941063,9.31945088667,1.83781976794e-07,0.000603105666325,5.11565112993,0.0670172009366,0.30896033126,7.26989672719,0.000375646922752,0.068754646127,8.68258151215,2.83021193008e-06,0.00336179726698,5.6089089012,0.0318358342397,0.174920794129,-0.000461182667988,-1.58909444937,0.336159706116,-3.70769935846,-2.28531502187,-0.10280182803,-19.6831470642,22.7066889996,5.50115742068,1.81353479018,-19.4069008841,-0.107210346506,0.0352356812273,-0.174718369363,0.157689662232,0.208971878223,1.25441016272,-0.211556296922,0.260595378784,1.4060170232,-2.26434134837e-07,-0.000945167346489,0.445679840429,-2.9173721543e-06,-0.00200880605761,10.5381601153,-3.92746513145e-06,-0.013094409391,-10.3639338777,0.00147916635188,0.281843053612,-26.6107885741,8.47215705028e-06,0.0216905532909,1.7719423541,-1.53827659667e-06,-0.00313493563605,-1.37102556383,1.91313224262e-05,0.0288374912322,-4.42208801831,1.10484636315e-06,0.00479196626883,0.449546164865,-6.21193270668e-07,-0.00125579517881,-2.03091010449,2.55028012581e-05,0.0192259459909,3.69451657208,-0.000181150700468,-0.0866016606719,-1.35745054926,0.000134422545323,0.0253767700004,1.6149914893,-0.454148571273,-0.0130212150434,-0.616144658619,1.51448724799e-05,0.00730785441791,-12.3065411635,2.6435258024e-05,0.034497580965,-1.67225767487,-0.236028290969,-0.111352610238,0.185127333302,-0.000648267570452,-0.00886573323094,1.33317116524,-1.87192971224e-05,-0.0139024730953,-2.91262003346,0.150228953277,0.804749894416
unguided,21,0.23,0.239999994636,predicted,Actual proposal support boundary; monitored coordinates are pre-native endpoint forecast,True,50,-0.150068145461,0.473167122998,-0.0599599216843,0.0453090107059,0.0293951618409,0.0349047698414,5.82385358336,6.0897790295,0.117668209925,-0.282822989855,1.65307751049,0.189281729239,0.28086852285,0.285871941939,0.27488166869,0.197526794778,4.60531869427,0.196174885966,0.730865330631,9.87048458216,9.38931490994e-09,9.443828233e-05,9.11419863296,9.88092265144e-07,0.00140530750597,9.53639765183,2.96419514934e-08,0.000220159252168,8.02663841969,5.01429298963e-05,0.0159598130458,9.5079859454,1.75273560982e-07,0.000497960566259,9.25639463465,2.72653677757e-07,0.00072603221104,8.17103997507,5.16539532373e-06,0.00899612738433,9.36099542088,6.53313289044e-08,0.000389632311885,9.08768697548,7.63203148933e-07,0.00134098837695,8.63367876001,2.7593452031e-06,0.00354571768389,8.2387240813,1.45167620203e-05,0.0096381185575,8.49198270405,6.91630295947e-06,0.00519100939504,4.6748134528,0.166743981059,0.383743212233,8.60744617228,4.97221627407e-06,0.00467908306059,9.12465134554,6.63078016957e-07,0.00119494908017,5.08620634367,0.0646286119501,0.308130525991,7.27858944426,0.000354877167673,0.068126536592,8.70215772356,2.55696034138e-06,0.00316657492757,5.61233868391,0.031969778979,0.185473309939,-0.109052428978,-1.50327566006,1.19435214996,-1.70425462723,-2.17396143079,-0.229630168966,-11.4755686645,26.7589036305,4.98660144755,4.28986735633,-17.3804981997,-0.163358069032,-0.184457744273,-0.324605079732,-0.0502122669357,0.296531041425,1.55625010221,-0.369949381595,0.192897639038,-3.13605457204,-2.38297321695e-08,0.000794048524755,2.32543326261,-1.07009136898e-05,-0.00879562491496,9.76805521814,-2.12973925823e-06,-0.00893269702871,-7.72783817743,0.00135801740219,0.238541721816,-37.1213119844,4.9629513753e-05,0.0627647036273,1.63831434764,-2.0563584627e-06,-0.00360344378438,-0.799847664356,9.93995641181e-06,0.0160042890125,-3.5591580712,1.53092872207e-06,0.00514713257332,0.64231000414,-3.34754172535e-06,-0.00284498874848,-0.771118036311,1.37920457452e-05,0.00991177442359,1.76018751034,-6.569178876e-05,-0.0382377464493,-5.23881416555,0.000283635829116,0.0777881199992,3.23570304635,-0.852335942272,0.0884362255435,0.865912523617,-2.61687993754e-05,-0.00981786581329,-16.7160118601,6.69811559277e-05,0.0624058483944,-6.56550879564,0.0479439025717,0.0221903150989,-0.16103830277,-7.26149410152e-05,0.0299737006496,0.870043099782,-3.17410112045e-05,-0.0118865098432,-4.44085338921,0.184664324002,0.713988502911
unguided,21,0.24,0.25,predicted,Actual proposal support boundary; monitored coordinates are pre-native endpoint forecast,True,50,-0.155669825172,0.462489222068,-0.0457298777962,0.0456990801907,-0.00284793647766,0.0319704562745,5.78555401554,6.32300714807,0.155292993042,-0.233719461911,1.49925346528,0.186947563885,0.277540319722,0.283050070552,0.273588833023,0.199982574739,4.61912285159,0.192269013731,0.730016513554,9.7811516344,1.30571272452e-08,0.000127805502988,9.15011999749,8.32849834837e-07,0.00127328930638,9.61730127336,1.7545019718e-08,0.000160077342268,7.97230768011,5.97513637052e-05,0.0177895318286,9.17750528267,1.00592191046e-06,0.00136168822015,9.27195644125,2.43423932894e-07,0.000680857888103,8.16792898863,5.17017124503e-06,0.00903174797243,9.32692087095,8.59629844247e-08,0.000451122730213,9.1040453344,6.77447756494e-07,0.00126775713592,8.6311440213,2.87044305001e-06,0.00361238984065,8.24427640819,1.44083007154e-05,0.00953284898538,8.42508678715,1.02219224631e-05,0.00615083110448,4.7121992896,0.156947207279,0.384847349649,8.63048528222,4.34127855914e-06,0.00441603209437,8.98513064947,1.52340509535e-06,0.00185122263421,4.98434095402,0.0679760789881,0.309404137562,7.26667596113,0.000374194623932,0.06935412014,8.69998237415,2.19539170599e-06,0.00312406707012,5.52009183341,0.0355291207197,0.189200564187,-0.519159149766,1.13138071447,1.80843055248,-0.58786213398,-3.36393079162,-0.137660967147,-2.89822695486,13.6633948983,3.04635709259,0.310449760175,-12.4482736676,-0.20735431914,-0.185802301451,-0.189051593414,0.00947346011142,0.179812628587,0.670750668078,-0.168681414861,0.00368755801836,-7.68567516875,4.46740862186e-07,0.00325627347723,3.3818280665,-1.33894242213e-05,-0.0118472647062,6.47828917407,-8.14490244003e-07,-0.0043212343623,-3.56678040894,0.00106230555283,0.0904414625687,-18.0238057606,4.9539690924e-05,0.0490514870868,0.300832609625,-1.71638333329e-06,-0.00222313563806,1.12944610807,-3.40870114536e-05,-0.0326126909802,-4.20788130584,2.72438068853e-06,0.0075523077682,1.71984289211,-1.01859558762e-05,-0.00835983469153,-0.273711106068,1.3129627315e-05,0.00643304094549,0.763707690513,-3.02189409101e-05,-0.0156130197294,-4.47609883413,0.000185669184071,0.0638310023092,2.73733176791,-0.708676826064,-0.0958757267607,2.02237308609,-5.65495103039e-05,-0.0227749639128,-6.65900367306,4.01620876604e-05,0.0309266455737,-3.56212852309,0.123149891353,0.272256686485,-2.53668487562,0.0041135922782,0.279389657802,-1.7430989376,-2.0037543394e-05,0.0115200946205,-7.86312807698,0.333352944857,0.149714534029
unguided,21,0.25,0.259999990463,predicted,Actual proposal support boundary; monitored coordinates are pre-native endpoint forecast,True,50,-0.160451328456,0.495794737288,-0.0237913106346,0.0335517680263,-0.0378834539914,0.0321515504985,5.76588904426,6.36304692747,0.178595351777,-0.276613994651,1.40411203713,0.185134642856,0.277152476821,0.28209091007,0.275071137892,0.20112304735,4.61873370763,0.192801257669,0.730939081791,9.71677107878,1.83241321537e-08,0.000159563751875,9.18183519429,7.20303780719e-07,0.00116836221185,9.66596343532,1.33521466134e-08,0.000133734564922,7.95530281152,7.13890409529e-05,0.0177686422972,9.14750983019,1.16606737946e-06,0.00147899030799,9.26241128685,2.38326011091e-07,0.000681569498278,8.19362889723,4.48365509465e-06,0.00834387356473,9.27683779476,1.19818942675e-07,0.000540678467249,9.12208383333,5.59484031409e-07,0.00117379168312,8.62820453789,3.0219377494e-06,0.0036743785028,8.25399823511,1.39123832021e-05,0.00932585816292,8.40246072737,1.06296866409e-05,0.00646762944122,4.72956008816,0.152570444538,0.381825697698,8.647893634,3.84122606799e-06,0.00422358378233,8.99147127208,1.46631977017e-06,0.00181348199164,5.01496377321,0.0670916097771,0.313575659721,7.22785574674,0.000437149013237,0.073714329748,8.66729574481,2.15620947349e-06,0.00339697681998,5.45507612237,0.0386368378762,0.18846760062,-0.447469930298,2.31295411515,1.56276834011,-1.46441364288,-2.08943468332,0.0427120223835,0.236861179568,2.492998,2.31990736615,-2.64697174479,-5.92360099405,-0.175939959859,-0.0350902978231,-0.0486244673328,0.138887238889,0.0353745313605,-0.275625497098,0.101131027621,0.00877374654427,-1.98223197955,1.1666411523e-07,0.000786033358193,1.68422213766,-6.0890484981e-06,-0.00566842986208,3.33345569842,-2.71269468688e-07,-0.00174487702184,-3.95783959586,0.00184484322733,0.0910155931389,-1.92368030737,1.05533754004e-05,0.00763793719481,-0.789609523771,3.43912041561e-08,0.000545779889324,1.98756956017,-5.05838696556e-05,-0.0514510937256,-4.47941356688,3.77957546157e-06,0.00925119078963,-0.498627984495,-2.54608594208e-06,-3.7722374841e-05,-0.869922293251,1.94769980973e-05,0.010730857264,0.343710994144,-1.10731544575e-05,-0.0067717803168,-0.848289490028,-1.02203469816e-05,0.0104935421085,1.63402979333,-0.37361768703,-0.0362615642891,-0.763945148586,4.89810785301e-06,0.00853811746708,-0.138353959117,1.03936386708e-06,0.000587250200344,3.68319246842,-0.149963168193,0.238873874343,-2.23588555037,0.00360614683861,0.254548753795,-2.36750956122,2.22022117338e-06,0.020547713403,-5.40804259309,0.22272513158,-0.206243150177
unguided,21,0.26,0.269999980927,predicted,Actual proposal support boundary; monitored coordinates are pre-native endpoint forecast,True,50,-0.164619223778,0.508748304371,-0.014474510994,0.016410807333,-0.0446366301441,0.0328246967222,5.79029123913,6.37286710807,0.201691140365,-0.286658896806,1.3807814454,0.183428764688,0.276838513765,0.282077581206,0.276366577801,0.200690065366,4.61361034164,0.194291634283,0.730191988485,9.74150699481,1.53904095498e-08,0.000143526170152,9.18380444024,7.11068864875e-07,0.00115992070914,9.68397038733,1.21196303442e-08,0.000125179801831,7.8931508882,9.66482282518e-05,0.0196098436914,9.13903167653,1.21698941847e-06,0.00151444696405,9.25616425077,2.44111756977e-07,0.00069177348589,8.20768037984,4.15849385192e-06,0.00800272609792,9.23733259962,1.61554493656e-07,0.000636146546005,9.09407277471,6.26526037653e-07,0.00126700268842,8.61374557543,3.25998301195e-06,0.00382700698593,8.25115062807,1.41868376262e-05,0.00939741337904,8.40812099735,1.00175155234e-05,0.00636070194665,4.74487988546,0.149474853539,0.384122118363,8.61520637924,4.4392407162e-06,0.00458679444371,8.98236357028,1.54419237269e-06,0.00186296763822,5.05800480338,0.0649768156242,0.314181615049,7.22195825012,0.000446317560704,0.0744450952159,8.65263218292,2.23979612946e-06,0.00353502133818,5.41193098155,0.0399836233513,0.185075701183,-0.509681817119,1.61500111032,0.777010083199,-1.25418871641,-0.303136572242,0.103898112235,0.877014692819,2.98897578603,2.1377226099,-1.08190768895,-2.83382767052,-0.140877983528,-0.0436702546006,-0.0437351257452,0.0870100041808,-0.00460486817951,-0.373889230272,0.104529782936,-0.0376413713331,0.967378688227,-1.16352189741e-07,-0.000628177892924,0.63250975376,-2.33370300009e-06,-0.00219384393406,1.54787397523,-9.9514382452e-08,-0.000704313578934,-4.2097169064,0.00168449741119,0.130940658076,-1.49532656141,9.03541900186e-06,0.00618381034302,0.0581744932535,-2.28558981729e-07,-0.00035984204329,1.14626232881,-2.55974086187e-05,-0.0274126367851,-3.42263040262,3.86463433497e-06,0.00839731881999,-1.72546770311,3.0812631815e-06,0.0053195828958,-1.67820731517,2.96145013774e-05,0.0184299582055,-0.541523242068,4.32400884592e-05,0.0130475844362,0.216299151318,-2.51251441662e-05,-0.00419222619238,1.23914749775,-0.236571060019,0.153659972481,-2.41084113187,4.45835990439e-05,0.027216250794,-1.01688982211,8.10096539558e-06,0.00527776254269,2.7949981834,-0.171491268742,-0.0284874212825,-0.727058204484,0.00133815089844,0.0809825747732,-0.202994636291,-3.59096080911e-06,0.00131488642993,-4.09816430327,0.129938763368,-0.204847521022
unguided,21,0.27,0.280000001192,predicted,Actual proposal support boundary; monitored coordinates are pre-native endpoint forecast,True,50,-0.170644964799,0.528094759494,-0.00825110897064,0.00846799369812,-0.0439461854362,0.0342295127432,5.78342933812,6.42282644319,0.221349803975,-0.29825214843,1.34743548372,0.182317083186,0.276279071729,0.281216207556,0.276811337976,0.201030949986,4.61125592302,0.194891853328,0.730186254364,9.73611865254,1.59970883588e-08,0.000147000194016,9.19448538936,6.73629720717e-07,0.00112448533317,9.69692091482,1.13618589643e-08,0.000119648293344,7.87110847339,0.000105078989177,0.0203874554587,9.11760329896,1.3467757595e-06,0.00160266651485,9.26357477671,2.33754831457e-07,0.000674372657413,8.21655414381,3.97170692228e-06,0.00779562082903,9.20838518671,1.97111629374e-07,0.000708624843649,9.08757447926,6.21109295038e-07,0.00128018334104,8.59464039159,3.61422777695e-06,0.00404297766691,8.24316777026,1.47771849713e-05,0.00958680985164,8.40678671039,1.01271837576e-05,0.00638378491738,4.75434303811,0.147839023338,0.384898897147,8.59967681137,4.73289804887e-06,0.00476790879821,8.97113347564,1.62833907808e-06,0.0019190372425,5.07086373688,0.0636617844023,0.313005911295,7.21331458265,0.000463912031206,0.0753339812435,8.66323585208,2.08439025731e-06,0.00342327454858,5.3731128363,0.0412356131435,0.184370650199,-0.108005963677,-0.435664042092,0.491428852081,-0.672589659691,0.334723711014,0.0468160136676,-0.318683973595,1.8826405582,1.37180649493,-1.28258631805,-1.70277511287,-0.0634626588934,-0.0431974120428,-0.0431110745485,0.0532762685981,0.0329161955308,-0.367012564101,0.122273759369,0.0326945884417,-0.46174184746,6.32102020671e-08,0.000334500611176,1.13612630699,-3.7952806145e-06,-0.00366693189144,1.12456442538,-7.21198571371e-08,-0.000505776893574,-0.992276155668,0.000272820575875,0.0417574081399,3.93338314512,-1.98402700822e-05,-0.0150489771336,0.763322155475,-1.20358775781e-06,-0.00195717357436,0.87154283276,-1.80021412156e-05,-0.0197893384468,-2.33620061213,3.3941143899e-06,0.00645803110817,-1.14045506197,1.47832489738e-06,0.00344403186847,-1.39552148471,2.37984013507e-05,0.0155367618168,-0.838361952551,5.92779111565e-05,0.0192567531027,0.411506534656,-2.42778510451e-05,-0.00673316903917,0.492441472041,-0.0455505928818,0.0353920245608,-1.50264244159,2.94335972124e-05,0.017734403089,1.87360154663,-1.71663628654e-05,-0.0109736644698,1.60213369014,-0.130031984186,-0.112865690721,-0.553981519569,0.00113843192194,0.0568535053921,0.796401527774,-9.98936366877e-06,-0.00784899968307,-3.86225354166,0.120367734271,-0.18929025282
unguided,21,0.28,0.289999991655,predicted,Actual proposal support boundary; monitored coordinates are pre-native endpoint forecast,True,50,-0.166779343052,0.500035023529,-0.00464593395234,0.00295901413917,-0.0379421559238,0.0337610169955,5.78391755966,6.41051991923,0.229127270264,-0.312310623167,1.34672594315,0.18215951151,0.275974565524,0.281215359715,0.277432103173,0.201348389277,4.60627009036,0.196737109471,0.730845880254,9.73227215786,1.66546135911e-08,0.000150216182375,9.20652696638,6.35163252585e-07,0.00108658207131,9.70646167584,1.06772332015e-08,0.00011506426396,7.87330536508,0.000102104639769,0.0204449918542,9.21769933943,8.20184016823e-07,0.00121346742137,9.27143069388,2.20040001821e-07,0.000652630014403,8.22511123649,3.79845102761e-06,0.00760693932898,9.19060858737,2.29436781454e-07,0.000765307168169,9.07126367347,6.560925356e-07,0.00133588332579,8.58583514574,3.73595103897e-06,0.00413774222227,8.23438338902,1.53723958494e-05,0.0097825484411,8.41635112804,9.53195850254e-06,0.00622603856587,4.7547287149,0.148563841681,0.384829958854,8.58515353041,5.02791266045e-06,0.00494148250549,9.01983560122,1.20086511538e-06,0.00164349434882,5.09004747719,0.0623761759405,0.311924301234,7.21087861973,0.000469086199143,0.0755821653237,8.66856021348,2.04000885608e-06,0.00337804134452,5.33468591072,0.0423909780367,0.181289896127,-0.111714180269,-1.17344405711,-0.0459064245225,-0.795446693897,0.37428945303,-0.0590283385851,0.653825839694,-0.938641601323,0.405298718696,-1.1480401273,-1.68333742764,-0.0158386827861,-0.0436910067093,-0.020099131776,0.0524341746993,0.0336456819153,-0.0684100039389,0.0514494646757,0.0305118908664,-0.742341449509,8.13438498622e-08,0.000455316551155,0.812544589344,-2.59430355125e-06,-0.00258010182298,0.545028652051,-2.94962321342e-08,-0.000216952485866,0.349900774572,-0.000180523556705,-0.00933666929505,5.50877361025,-2.83408385632e-05,-0.0211688661608,0.636919862149,-1.24609543359e-06,-0.00192817932513,0.283136259164,-6.07012163417e-06,-0.00615191657756,-0.441253518217,7.64344699166e-07,0.00146843606032,-1.63067797231,3.73188474648e-06,0.00574228764604,-0.982630696023,1.32224949176e-05,0.0103731750584,-0.126140176022,1.45471091336e-05,0.00328683669492,0.895210515328,-5.50723302232e-05,-0.0146395065847,-0.280893403163,0.0866266969927,-0.0831007894716,-1.62717510258,3.51041228972e-05,0.0198380702906,3.34307085959,-2.71800366943e-05,-0.0181767018531,1.5372759096,-0.0767248485251,-0.0410016788684,0.0440939500161,8.93044765396e-05,-0.0149378358133,-0.0326359787214,2.49029220292e-06,0.000979137235305,-1.34588745062,0.0616860244711,-0.139193379736
unguided,21,0.29,0.299999982119,predicted,Actual proposal support boundary; monitored coordinates are pre-native endpoint forecast,True,50,-0.172879248404,0.504625878352,-0.00916923746109,-0.00744094017983,-0.0364603963757,0.0330489459715,5.79650585491,6.40405361116,0.229455778349,-0.321212950976,1.31376873517,0.18200030953,0.275405251595,0.28081422492,0.27786002147,0.201703863625,4.60988772295,0.195920842621,0.730796492182,9.72127182355,1.76239653561e-08,0.000156106525039,9.21073628115,6.21743649692e-07,0.00107288329671,9.70782148786,1.07719343216e-08,0.000115309243626,7.87810648888,0.000101468518043,0.0202007220728,9.22777877117,7.79958988236e-07,0.00117928919164,9.27631317395,2.08832922785e-07,0.00063580907091,8.22221686899,3.8503044896e-06,0.00767258249748,9.19956011634,2.12398523358e-07,0.000737993564855,9.05496091982,6.95746989968e-07,0.00139502909396,8.57498777767,3.8786776753e-06,0.00425044116808,8.24064496674,1.5068127154e-05,0.00965254658554,8.4246909207,9.02573715309e-06,0.00609099478568,4.74872517005,0.149571557278,0.383236881358,8.56713330931,5.43498050682e-06,0.00516467020402,9.03799489283,1.08473834419e-06,0.00155550320544,5.10160925507,0.0621272874318,0.312185877718,7.21419646165,0.000465698120737,0.0750352245272,8.66258313251,2.13419610137e-06,0.00344285729328,5.34619508729,0.042469333633,0.181586782604,-0.975526504634,3.09552390214,-0.298309803009,-0.65790605545,-0.348948419094,-0.0306172239297,0.310022597435,-0.290368795657,-0.37259166477,-1.17283578741,-4.04975493577,-0.011450020493,-0.0485565287341,-0.0338714406475,0.0556353974327,0.0392770813997,0.549861353946,-0.127856846454,0.0485272055346,-1.12207156515,9.33978819392e-08,0.000579395622453,1.27116299441,-3.87110640699e-06,-0.00394587896538,0.0451512520765,1.60149057122e-08,6.74133904487e-05,-0.461426180825,0.000347327588664,0.00715332087999,0.427640063513,-1.61919250651e-06,-0.00138591021329,0.425393808275,-8.56045060244e-07,-0.00132056601325,-0.253713559971,4.59125747089e-06,0.00525054418267,0.685932286868,-1.7509100968e-06,-0.00269309008648,-1.15714692051,2.04347696021e-06,0.00398232716309,-0.808470407821,1.15190044155e-05,0.00843235381874,0.86770034193,-4.75319202878e-05,-0.0184856028834,-0.138632449164,8.17402754827e-06,0.00235772379944,-0.487477175835,0.0643256807109,-0.172062450882,-1.00377587616,2.27514379636e-05,0.0124274052625,1.05272976018,-5.91495822999e-06,-0.00471998268116,0.625848777563,0.0054675922024,0.0617429265541,-0.127837459922,0.000580730622732,-0.00579247901291,-0.152200295903,4.19526481733e-06,0.00192100621946,1.31573969338,0.00582675258251,0.140085037975
unguided,21,0.3,0.310000002384,predicted,Actual proposal support boundary; monitored coordinates are pre-native endpoint forecast,True,50,-0.186289873144,0.561945501572,-0.0106121300125,-0.0101991069698,-0.0449211243057,0.0331486725169,5.79011801161,6.40471254332,0.221675436969,-0.335767338915,1.26573084443,0.1819305111,0.27500343495,0.280537930902,0.278544811122,0.202133930905,4.61726731744,0.194179972542,0.731816424365,9.70983072656,1.85225712299e-08,0.000161804094824,9.23195022627,5.57741124445e-07,0.001007664492,9.70736470088,1.09975313157e-08,0.000116412531769,7.86407684147,0.000109051191543,0.0205880582718,9.2262521407,7.87800166693e-07,0.00118574921711,9.27993857005,2.02919100616e-07,0.000626218694138,8.22003696529,3.89027617703e-06,0.00771195021263,9.20432723311,1.94418579518e-07,0.000711445366439,9.04812073506,6.96962074804e-07,0.00141552986905,8.56966573758,3.96633112728e-06,0.00430638929865,8.25173739586,1.44217574436e-05,0.00941283638343,8.41357847906,9.6954390535e-06,0.00627319304185,4.74497917139,0.149850355295,0.381388709836,8.56507801289,5.48294141972e-06,0.00519003061074,9.04089019642,1.08256595078e-06,0.0015490946952,5.10256445274,0.0624855277846,0.313159159765,7.20832187053,0.000480700811597,0.0754663157435,8.66551620756,2.12391415243e-06,0.00341646146891,5.36100070458,0.0425075130884,0.184091596886,-0.74099121509,2.72724460647,-0.00325989723198,0.0418962836266,-0.358380556107,-0.0137324888369,-0.0936280079541,-0.701478804691,-0.998336901898,-1.62186495899,-1.39689325562,-0.0232349443393,-0.00660433515434,0.00592460033058,0.051803082143,0.0233097505999,0.440383555,-0.107829735186,0.139932337228,0.978711218382,-1.2503470082e-07,-0.000681252862245,1.65968558956,-4.65473045024e-06,-0.00485525502258,-0.438815669254,3.98133104056e-08,0.000239661510216,-1.15961066616,0.00047612803676,0.0417691177173,2.80047059457,-9.55307815355e-06,-0.0087356419913,0.317495438698,-4.34864757675e-07,-0.000729755311388,0.0151856527655,1.59992258707e-07,-0.000568005304258,-0.332699499828,-8.52830482781e-08,0.000314685425614,-1.09816153251,2.45263244223e-06,0.00414804269621,-0.0251479659508,-3.14405207073e-06,-0.000388819415654,0.280286280756,-1.63744753408e-05,-0.00608187205937,-0.491130658348,3.51882859214e-05,0.00823488009564,-0.321009055402,0.0520344083736,-0.0999481692943,-0.254471228882,6.1275563705e-06,0.00317938233049,1.94839966306,-1.0770300103e-05,-0.00876010575121,0.147175009231,-0.00359577929353,0.0532934729679,-0.567292003874,0.00133431182524,0.0496545406292,0.701311708433,-6.62848001004e-06,-0.00664620038615,0.70561505743,-0.000373806057479,0.0818103857277
unguided,21,0.31,0.319999992847,predicted,Actual proposal support boundary; monitored coordinates are pre-native endpoint forecast,True,50,-0.187699072706,0.559170770481,-0.00923443540573,-0.0066030145073,-0.0436280074978,0.0327742961948,5.79463329475,6.39002403507,0.209489040311,-0.353650250156,1.28583087006,0.181535610643,0.275273164892,0.280932716927,0.278896083113,0.202170058637,4.61869539405,0.193764247918,0.733595138926,9.74084604792,1.51232713397e-08,0.000142481467794,9.24392999294,5.28649040688e-07,0.000975778196255,9.69904517448,1.15682005297e-08,0.000120102473831,7.85491427556,0.000110991078778,0.0210361044271,9.28378818306,5.88897425165e-07,0.00100457635181,9.28266308273,2.00135627631e-07,0.000621213964682,8.22252058205,3.85350433477e-06,0.00766122239139,9.19290612634,2.10692862392e-07,0.000744287273368,9.03299768917,7.44799638813e-07,0.00147798994788,8.57448481835,3.81579663389e-06,0.00424266477977,8.24625069236,1.47406376472e-05,0.00953090914435,8.41486830753,9.72950287152e-06,0.0062556923876,4.74230498894,0.150612245445,0.381237917972,8.56204388474,5.55753163423e-06,0.00522825785063,9.07696288609,8.69332342131e-07,0.00138030109041,5.10455275526,0.0620553718459,0.313251747177,7.20285062158,0.000492384357242,0.0760283153398,8.67660936668,2.00162650117e-06,0.00330993328556,5.36030738844,0.0424618575118,0.183222990319,-0.115325116047,0.161219666061,-0.0379477739335,0.290003061295,0.584465622902,-0.0370281865395,0.665059283448,-0.908668837687,-1.18248406202,-1.44618769031,0.913116397155,-0.0325360303736,0.0137843167609,0.0280688967835,0.0264817458865,-0.0154133036224,0.160202310464,-0.0293677773331,0.152918509947,1.73627103996,-1.81088449494e-07,-0.00104644098068,0.964917388445,-2.3606236438e-06,-0.00258575373368,-0.814622577039,5.885893144e-08,0.000371784585912,-0.0601248556198,-0.000119398521539,0.0117276263933,3.15344862586,-1.07989662481e-05,-0.0098955730305,0.296671401423,-2.84008688039e-07,-0.000534833616716,0.208237834794,-2.95443579803e-06,-0.00411914422842,-0.769101680123,1.44032191293e-06,0.00262739324053,-1.33572643803,4.48414363689e-06,0.00563029612998,0.232103394452,-9.0001891749e-06,-0.00345632990138,-0.348067821558,2.13284070718e-05,0.00748175709589,0.491023485897,-2.50260098752e-05,-0.00779459434872,-0.461957278587,0.103814367268,0.0228715935053,-0.438126133875,1.0906005131e-05,0.0056027564034,2.47897498863,-1.40587739005e-05,-0.0113918934708,-0.177609619178,-0.0176014282747,-0.0157842640554,-0.243225620514,0.000647549931673,0.0187851076804,1.05882731755,-1.05737803832e-05,-0.00982680050882,-0.669123050611,0.0117466653685,-0.156874024542
unguided,21,0.32,0.329999983311,predicted,Actual proposal support boundary; monitored coordinates are pre-native endpoint forecast,True,50,-0.188596375465,0.565169894893,-0.0113710854912,-0.00439904574394,-0.0332318118477,0.0324081087861,5.80341919728,6.38653916657,0.198025755728,-0.364691092722,1.28399317237,0.181279790493,0.275279121285,0.281099308837,0.27907444604,0.201825664832,4.62047136365,0.193592616995,0.734874794564,9.74455614736,1.490080224e-08,0.000140875275211,9.25124857404,5.10528651569e-07,0.000955949417326,9.69107224934,1.21747099445e-08,0.000123848223487,7.86287434435,0.000106663221112,0.0208226107997,9.28932111322,5.71820841731e-07,0.000987837756497,9.28587199808,1.97238926856e-07,0.000615522021803,8.22420172199,3.83118746107e-06,0.00762956732807,9.18894519951,2.23225017777e-07,0.00076399323125,9.0214062063,7.86644947542e-07,0.00152813579165,8.57430780547,3.78632734378e-06,0.00423726270062,8.24477603943,1.48483255851e-05,0.00956247152534,8.42339894878,9.194918856e-06,0.00611730115488,4.73574002582,0.15192664264,0.381846141707,8.55631549021,5.70106152234e-06,0.00530208573881,9.09046969619,8.01390472772e-07,0.00132125682578,5.09901226035,0.0621334992191,0.312843474484,7.20345735812,0.000493651810231,0.0758420178971,8.68669275391,1.91243854477e-06,0.00321992545873,5.34761824357,0.0427424463957,0.180954116396,0.00429486117631,-0.256061583456,-0.0549238920211,0.318179666996,1.03176808357,0.0106552787591,-0.172201541286,1.41694457992,-0.88788032184,-0.201422149092,-0.814877153777,-0.0298648229725,-0.0106945535261,-0.00734695253809,0.00858928194812,-0.0163335231728,0.148679289888,-0.00842883218681,0.114316812721,-0.0549434272546,1.35217079251e-08,6.54196994147e-05,1.18308133449,-2.9193854513e-06,-0.00321928110599,-0.542406249075,3.87062513081e-08,0.000246852222186,0.579719970877,-0.000300740648026,-0.0160654260912,-2.26723726885,7.52557014938e-06,0.00696586475558,0.724483306373,-8.01153141492e-07,-0.00147732208919,0.127534385781,-1.67371378369e-06,-0.00237917077139,-0.310411227013,9.04613354172e-07,0.00144070115134,-0.512874903988,1.2648716821e-06,0.002024395433,-0.266173783002,4.46868413309e-06,0.00309104882017,-0.310365208501,1.75900702886e-05,0.00675463972012,0.6634224377,-3.99124513196e-05,-0.0106825289703,-0.217775002016,0.0400537937462,0.122716851507,-0.142947577284,3.76298685652e-06,0.00184669803849,-1.11760316442,6.34339845912e-06,0.00508748747529,-0.760747180596,0.0175717258455,-0.0451890471715,-0.122711864518,0.000541524355995,-0.000925537639074,1.06158497723,-8.28332117463e-06,-0.00920620289373,-0.940525697198,0.0227282293462,-0.145775677087
unguided,21,0.33,0.340000003576,predicted,Actual proposal support boundary; monitored coordinates are pre-native endpoint forecast,True,50,-0.187613175482,0.554049538812,-0.0103329132462,-0.000239421167375,-0.0229926458263,0.0329874017699,5.79118926393,6.41836292667,0.191731433874,-0.357678693138,1.26953332698,0.180938314184,0.275059273822,0.280785777876,0.279067868751,0.201843388173,4.62166897984,0.193595671274,0.735881475181,9.73974717938,1.53937054982e-08,0.000143789861783,9.26759161963,4.70261331662e-07,0.000911392574135,9.68819704949,1.23423255559e-08,0.000125039518274,7.86650867497,0.000104976265817,0.0207147959053,9.23844343768,7.39408828153e-07,0.00114389364692,9.29715274886,1.84112564801e-07,0.000591667522899,8.22507126976,3.8200300591e-06,0.00761363897596,9.1866979018,2.28785129476e-07,0.000773101296395,9.02274019109,7.70097072454e-07,0.00151847785654,8.56916134269,3.90517031655e-06,0.00430448575617,8.24004338819,1.50924390529e-05,0.00966600193875,8.42813675628,8.93125384513e-06,0.00604204180819,4.7379494889,0.15141332132,0.383692255002,8.55918493319,5.63279137136e-06,0.0052651918114,9.05461082281,9.96200311314e-07,0.00148205083992,5.08933781165,0.0624068063628,0.312347966234,7.20039638429,0.000503214844361,0.076009804587,8.69784106622,1.83596007768e-06,0.00312580922769,5.3414968745,0.0429164220987,0.180307476777,-0.192138567259,-0.603073916119,0.193241119385,0.835088372231,0.894403576851,0.0117424606852,-0.845480571083,2.08575781689,-0.413313390999,1.1357021542,-0.407566044003,-0.0229367507619,-0.00946636093185,-0.0205650259235,-0.00497930149613,0.00675271654735,-0.0444182911854,0.0268537891774,0.0757306524507,-0.297886772183,2.37711260031e-08,0.000152661015321,1.5853784726,-3.72702634377e-06,-0.00420218829362,-0.31798095861,1.38183276925e-08,0.000113181163778,0.523240628494,-0.000228392488769,-0.0168456437075,-2.72470586865,9.01217248736e-06,0.00836149228926,1.06376763633,-1.05830063087e-06,-0.00203842185435,0.038798020525,3.57319858975e-07,-0.000288746509848,-0.0458455454306,2.19433148248e-07,0.000314626918293,0.287087116496,-1.96953653882e-06,-0.00153818749472,-0.220183300178,6.63888306509e-06,0.00348772666815,-1.02819717309,6.44256894258e-05,0.0231881667032,0.0561147158039,-5.64499454501e-06,-0.00122964389933,0.518451928971,-0.0795523206664,0.206238202691,0.592423067333,-1.43629400993e-05,-0.00757409828295,-2.5454585179,1.38702349685e-05,0.0113855968489,-1.1019615497,0.0442178707873,-0.00836244187106,-0.0887595749341,0.000432251182805,-0.00285448780135,1.31442863581,-1.04933416836e-05,-0.0112334414986,-0.119168514228,0.00386438493884,-0.0239102742191
unguided,21,0.34,0.34999999404,predicted,Actual proposal support boundary; monitored coordinates are pre-native endpoint forecast,True,50,-0.19243914681,0.553108416571,-0.00750626310349,0.0123027217007,-0.0153437403107,0.0326429579998,5.78650958586,6.4282543229,0.189759487908,-0.341977049638,1.27584185149,0.180821055477,0.275089794066,0.280688008319,0.27897486001,0.201960719163,4.61958299783,0.194129692779,0.736389407613,9.73859841191,1.53762247601e-08,0.000143928495517,9.28295614349,4.35988124694e-07,0.000871905651454,9.68471263017,1.24510764984e-08,0.000126111846763,7.87333915692,0.000102095371336,0.0204856979255,9.23482699584,7.52064291478e-07,0.00115506760228,9.3071473508,1.76072914238e-07,0.000574753584716,8.2249776824,3.83833385825e-06,0.00762379239787,9.1880282886,2.27613680742e-07,0.000770285769616,9.02714794863,7.47254216766e-07,0.00149737204176,8.56990413947,3.91910500508e-06,0.00430701723398,8.22421209597,1.61368393736e-05,0.0100262348594,8.42452124309,9.0820189651e-06,0.00609270827689,4.74610906439,0.150335596227,0.38597090576,8.56816395156,5.41380272035e-06,0.00515060377315,9.03956052583,1.07879517214e-06,0.00154896876276,5.07697302936,0.0630178566348,0.312676225647,7.20168216662,0.000502296833887,0.075784928141,8.71298132663,1.7025717111e-06,0.00299525662876,5.34523487329,0.0428197340945,0.180475910911,-0.252924385155,0.179342163932,0.243567109108,1.05255526304,0.381458997726,-0.0220880600982,-0.236412274173,-0.0104103780388,-0.243906847843,1.13759372675,1.03645507696,-0.000830835624773,0.0111572217297,0.000422386445152,-0.00606704859429,0.011589789388,-0.182194285559,0.0440294379573,0.0306179168786,0.115175972073,-2.20605805655e-08,-0.000112777860942,0.907834122022,-1.93652467826e-06,-0.00225348221838,-0.435785835046,2.27314222029e-08,0.000172596009012,0.463928739958,-0.000192931645906,-0.0156910974269,0.241706996717,-8.67164277657e-07,-0.000769225062445,0.685632998105,-5.6677086658e-07,-0.00117971634555,0.00692295246415,1.12765443635e-06,0.000411896198148,0.193943285691,-3.17737498496e-07,-0.000571477733609,0.552929843204,-2.29216722679e-06,-0.00247608642647,0.347220112991,-6.08479213354e-06,-0.00333610341575,-1.1577175393,7.52313692686e-05,0.0264000542892,-0.361991858928,1.50258181478e-05,0.00510076645083,0.590088957462,-0.0820978979896,0.151303544201,0.996331137573,-2.44766004364e-05,-0.0126592232603,-0.867435659616,4.89063170926e-06,0.00392152866063,-1.00767955519,0.0518258269416,0.046582562297,0.0194829207196,4.39377910016e-05,-0.00628516502458,1.00993011989,-9.1694485167e-06,-0.00871334025443,0.672134375898,-0.0194761355131,0.0351786238862
unguided,21,0.35,0.359999984503,predicted,Actual proposal support boundary; monitored coordinates are pre-native endpoint forecast,True,50,-0.192671663185,0.557636382091,-0.005461571064,0.0208116840935,-0.0153634658718,0.032545640568,5.78646101844,6.4181547191,0.186853296917,-0.334926818603,1.29026242852,0.180921697471,0.275282418256,0.280794225605,0.27894652778,0.202075183961,4.61802509413,0.194476260033,0.736493833518,9.74205069882,1.49524938869e-08,0.000141534304564,9.28574830207,4.31530838096e-07,0.000866322929768,9.67948133279,1.2796954e-08,0.000128491438455,7.87578724977,0.000101117632899,0.0204009739568,9.24327757762,7.220655426e-07,0.00112850914567,9.31086540882,1.7277714747e-07,0.000568073195988,8.22520972881,3.84258314782e-06,0.00762187689993,9.19057676752,2.22430379506e-07,0.000761671741722,9.03379878795,7.24253727919e-07,0.00146895612801,8.57610574495,3.78347447388e-06,0.00423776368786,8.2168890374,1.65970664383e-05,0.0101940030245,8.42089691911,9.23177020808e-06,0.00614405713721,4.74975126805,0.14977136336,0.386718325886,8.57911155594,5.14325936263e-06,0.0050120073462,9.03726210961,1.0940129455e-06,0.00156048141313,5.06918422054,0.0634433229017,0.31327961748,7.2007860427,0.000504093600182,0.0758841012866,8.71803966862,1.65257110734e-06,0.0029515424226,5.35493956201,0.0425268993885,0.181011049255,-0.111900494669,0.235373987105,0.431475520134,0.79763251543,0.36434584856,0.00986032929434,0.355741806171,-1.52573635501,-0.285291942121,0.405532804786,2.95761782118,0.0145430878868,0.0329392314892,0.00846912553993,-0.0210223923736,0.0264737835487,-0.152644723856,0.0352274509569,0.103527978634,1.90373161377,-1.48811266505e-07,-0.000989587810407,0.626734182652,-1.2231457529e-06,-0.00147769157028,-0.705539252327,5.33616091361e-08,0.000347304367045,0.650456804412,-0.000272148856353,-0.0215531911275,0.166295461054,-4.77620958132e-07,-0.000432359485895,0.340661841961,-2.80172646203e-07,-0.000599376761806,0.334153941986,-5.64354881643e-06,-0.00703320213965,0.539887445217,-1.06087374195e-06,-0.00183834435344,0.136201351033,-3.62605213122e-07,-0.000538807517075,0.702894062647,-1.55060796214e-05,-0.00780871376335,-1.10798354555,7.37478783957e-05,0.0258716275039,-0.679749136325,3.61032741611e-05,0.0106186693128,0.480316226955,-0.0813579065243,0.0882869102434,0.810436727897,-1.98261683692e-05,-0.0102145952452,-0.575857751186,3.97360075938e-06,0.00292907078006,-0.363610035299,0.0116944908206,0.0274141803783,-0.3648733391,0.000635432813503,0.0465142238835,0.710877624168,-6.20534813025e-06,-0.00597811461062,3.49221487181,-0.136305458281,0.126603272019
unguided,21,0.36,0.370000004768,predicted,Actual proposal support boundary; monitored coordinates are pre-native endpoint forecast,True,50,-0.194677156704,0.557815896313,0.00112324729919,0.0282553720093,-0.00805682333946,0.0328401645857,5.79362442198,6.3977395958,0.184053649066,-0.333866393542,1.33499420792,0.181111917235,0.275748578696,0.28085739083,0.278554412162,0.202490194834,4.61653010335,0.194834241798,0.738459967186,9.77667304419,1.239999943e-08,0.000124136739309,9.29549082715,4.11525209636e-07,0.000842351820048,9.67060184512,1.35183086811e-08,0.000133057934104,7.88634829301,9.66523942094e-05,0.020054634103,9.23815290506,7.42511872315e-07,0.00114642041256,9.31396058764,1.70469461314e-07,0.00056276604948,8.23166076124,3.72546288192e-06,0.00748312835508,9.1988260375,2.06396205903e-07,0.000733518882547,9.02987197565,7.40002112503e-07,0.00148659589142,8.58396202072,3.60898341265e-06,0.00415084295871,8.20205242505,1.76117969415e-05,0.0105436674095,8.41092626037,9.80408444832e-06,0.00630508166315,4.75571538893,0.148708438097,0.387736643965,8.58437268612,5.01727935297e-06,0.00494631186824,9.02804337081,1.15826718733e-06,0.00160755017836,5.06970082865,0.0632517464512,0.313224509254,7.19438469984,0.000515005490157,0.0767152126187,8.72719887911,1.57846474849e-06,0.00287569433655,5.41507917072,0.0400936249289,0.183007976352,-0.2004971706,-0.557997303803,0.388417959213,0.614901661873,0.28087669611,-0.0219558603931,0.559502952133,-0.426354737822,-0.299157637024,0.603172495139,2.46139160493,0.00288263731698,0.0270584418772,-0.0151613455006,-0.0308663717465,0.0285097567578,-0.0591491227248,0.0116006724663,0.076914871082,1.4029021254,-8.06124618858e-08,-0.000648824571138,0.730761738665,-1.47818074931e-06,-0.00178227854714,-0.606935113027,5.0319464333e-08,0.000314732296076,0.46942534769,-0.00026885632599,-0.0111349939259,-0.88910871088,3.53939269156e-06,0.00306210121495,0.0850839450919,1.10468693344e-07,5.83404276572e-05,0.206171169516,-3.83074729679e-06,-0.0042502308395,0.370407460739,-7.06732630628e-07,-0.00126623623682,-0.228435028454,1.04328191221e-06,0.00109477734884,0.546277957011,-1.05138283028e-05,-0.00583875134334,-1.1192716729,7.63417906413e-05,0.0267495715073,-0.417594421746,2.33432125757e-05,0.0066767163794,0.547398138217,-0.102249166313,0.0898303493847,0.396405254027,-8.35278390106e-06,-0.00481079690066,-0.977064164449,7.11410281032e-06,0.00509056676059,-0.497719977639,0.00997565622489,-0.00888181024698,-0.20383842396,0.00023157710295,0.0327844702157,0.652455819453,-5.27057534969e-06,-0.00540829885693,2.75041218806,-0.109972263801,0.136982905306
unguided,21,0.37,0.379999995232,predicted,Actual proposal support boundary; monitored coordinates are pre-native endpoint forecast,True,50,-0.196681606597,0.546476436015,0.00230678812027,0.0331097173309,-0.00974593194961,0.0321065233601,5.79765107749,6.40962762435,0.180870144176,-0.3228633687,1.33949026062,0.180979350218,0.275823587094,0.280490998695,0.278329200345,0.202645379096,4.61684211168,0.194708273482,0.73803213094,9.77010874133,1.33402446492e-08,0.000128557813141,9.30036353684,4.0196722311e-07,0.000830677358825,9.66734263053,1.38033432866e-08,0.000134786084376,7.88517575673,9.57405063794e-05,0.0201782740783,9.2254954034,7.92853396431e-07,0.00118975116997,9.31256708772,1.74986521337e-07,0.000569240004541,8.2293331522,3.76596820189e-06,0.00753687228314,9.19798491673,2.08295726893e-07,0.000736347016986,9.02923008738,7.45119366163e-07,0.00149085167499,8.58703130409,3.57319790782e-06,0.00412098866099,8.19450360394,1.81239022511e-05,0.0107289944547,8.41254503067,9.69863445959e-06,0.00627759146479,4.76069923082,0.147726380034,0.388514932874,8.58703966102,4.97620368461e-06,0.00491579140819,9.01772082632,1.23629500171e-06,0.00166229274834,5.05922982099,0.0636428360261,0.313101981275,7.19670927422,0.000508725142241,0.0765397906909,8.73108878501,1.54715960035e-06,0.00284337644546,5.40994780578,0.0403274541124,0.183750707361,-0.110439197576,-0.553845634014,0.0973398685456,0.411916255951,-0.0936268568039,-0.119271277399,-0.55061432258,0.582259961585,0.488853295523,1.79194280264,1.04603518275,-0.0121654398657,0.0199638123332,-0.0136403782788,-0.00143455953829,0.0282897366657,-0.114579688771,0.0141105619516,-0.0414323299492,0.88118092268,-1.63135545304e-08,-0.00033502800032,0.511386566864,-9.00458117863e-07,-0.00114200656976,0.246664780151,-2.28555821915e-08,-0.00014058471978,-0.38153093306,5.65540663421e-05,0.0190878515394,-0.625824790767,2.47964250711e-06,0.00213613600653,0.366991646734,-1.60003258872e-07,-0.000464359239912,-0.485938523461,1.01737655359e-05,0.0115210212534,0.827261906265,-1.33094216826e-06,-0.00241362012503,0.29426961591,-1.06048802543e-06,-0.00121704735673,-0.0191128541521,2.23734027568e-06,0.000892412496632,-1.16416792935,9.64348853179e-05,0.0294083861222,0.0327836936056,-2.03350665992e-06,-0.000407784554016,0.825319541427,-0.140871651488,0.110644679198,0.414361666599,-7.45337660388e-06,-0.00486598700054,-0.621102231509,4.05088037376e-06,0.0030154550569,-0.523552585025,0.0208453576446,0.00507451239299,0.461792394938,-0.00105626763082,-0.045342828433,0.0337835079403,1.22323814867e-06,9.89550861901e-05,1.67247940041,-0.0415379704892,0.132300549024
unguided,21,0.38,0.389999985695,predicted,Actual proposal support boundary; monitored coordinates are pre-native endpoint forecast,True,50,-0.196885940655,0.546738983633,0.0030700446701,0.0364936971283,-0.00992936047554,0.0304547390377,5.78261213553,6.40938479504,0.193830714976,-0.298027537489,1.35591491157,0.180868608438,0.276147854943,0.280584583264,0.278525720971,0.203055989568,4.61423850957,0.195116453037,0.737631320587,9.79429666264,1.20737283394e-08,0.000117436179303,9.30571855848,3.93516047278e-07,0.000819511688653,9.67553514072,1.30611970373e-08,0.000130246239708,7.87871767435,9.77834755362e-05,0.0204363911337,9.22563640925,7.92104722457e-07,0.00118914313269,9.32130042058,1.67269396137e-07,0.000553478864682,8.22194199077,3.92893819264e-06,0.00771354878014,9.21537127563,1.79777362537e-07,0.000685246480046,9.03575736797,7.18792351995e-07,0.00146225494428,8.58357976364,3.65373021817e-06,0.00416869120865,8.17876906647,1.95404946478e-05,0.0111318351319,8.41158193424,9.76341431512e-06,0.00629692597207,4.77222177976,0.145891005067,0.389949537549,8.59265991945,4.86821182089e-06,0.00484899212823,9.01562132618,1.23928479481e-06,0.0016678592795,5.05922977695,0.0636686536041,0.313325999502,7.20362054774,0.00049388013754,0.0758083560501,8.72787454927,1.60292951146e-06,0.00287767343827,5.44852875873,0.0392628655191,0.185653987332,-0.0660585778768,1.17474557877,0.156574010849,0.265925526619,0.0297954678535,-0.119244592548,-0.555818723635,-0.245111373843,1.47090499976,2.10499316531,1.06486911459,-0.0135717810636,0.0137802112019,0.0135230151717,0.0139666543201,0.0190185058226,-0.268288929091,0.0578282972933,-0.0331923641762,1.48398976107,-9.18441417629e-08,-0.000728183712047,0.0173086484444,2.50331314554e-07,0.000193553278536,0.872175072952,-7.65667014201e-08,-0.000475874457539,-0.265394609165,7.71136407924e-05,0.010947592396,-0.258937830362,1.03887643367e-06,0.000879743467837,0.692252986581,-7.36068386815e-07,-0.00139809162835,-0.428570141836,1.12379122509e-05,0.0108068957872,1.35099907236,-2.08107168011e-06,-0.00386075985686,0.571199827636,-2.17141925978e-06,-0.00247824912958,-0.292847191258,6.35354168595e-06,0.00391938324575,-1.44070051577,0.000133067798429,0.0373428403004,-0.611664922491,3.64831397623e-05,0.0102122387334,1.08276559981,-0.170391591719,0.138686480614,0.348499929229,-6.19295945364e-06,-0.00410364972832,-0.322238369342,1.28855040252e-06,0.00120398095061,0.209904046317,-0.00609078839757,0.0349129064537,0.448333457695,-0.000882637915107,-0.0519527753681,-0.35945741627,4.89769482842e-06,0.00354628607145,2.06018704308,-0.0493489276433,0.0519616765
unguided,21,0.39,0.399999976158,predicted,Actual proposal support boundary; monitored coordinates are pre-native endpoint forecast,True,50,-0.198002778155,0.56997134759,0.00543826833725,0.0384282278633,-0.00915002259254,0.0297216315092,5.78653470301,6.40472539687,0.210288244172,-0.280763505394,1.36078764291,0.180707914596,0.276099191318,0.280761458998,0.278608533431,0.203025749213,4.6114763331,0.195864839428,0.737368283656,9.79978853655,1.15033618139e-08,0.0001139941389,9.30070970981,4.06973849401e-07,0.000834548424396,9.68478613199,1.22720092582e-08,0.000125268595225,7.87986786454,9.72827791953e-05,0.0203972259262,9.22031664679,8.13630925104e-07,0.00120734603933,9.32641214745,1.602651536e-07,0.000541278171974,8.22076174937,3.99072644691e-06,0.00775301019888,9.22500489818,1.66674293291e-07,0.000659131819849,9.04065408394,7.01690980967e-07,0.0014412866924,8.58117436026,3.70026874154e-06,0.0041993763259,8.16568959363,2.07852582197e-05,0.0114758512607,8.40031173222,1.04282972548e-05,0.00648183623946,4.78235454281,0.1443185482,0.391288662486,8.59400965961,4.85234449553e-06,0.00483371841362,9.01127605894,1.26206600976e-06,0.00168637236735,5.06342790192,0.0635210202582,0.313800239404,7.20567594338,0.000491072383938,0.0755007351835,8.72389963668,1.64511349692e-06,0.00291430216689,5.45115154664,0.0393404755596,0.184789940891,-0.0466942838253,-1.63574180998,0.171198964119,0.0248456001282,-0.809259593487,-0.0127174529917,-0.165368710852,-0.17711573294,1.49652004845,0.843925886849,0.393227490516,-0.00282089665866,0.00635026488708,-0.0211957839767,-0.00523218097966,0.0510441445972,-0.0184946728772,-0.00549377979205,-0.0871023760598,-0.640845773453,1.68704359119e-07,0.00057204870674,-0.657231689241,1.54542087427e-06,0.00178331488104,0.57999108277,-3.68149494502e-08,-0.000251499500093,-0.496184840515,0.000234953593346,0.0144888457704,-0.30525293699,1.46891736283e-06,0.00121627111749,0.321095724074,-5.38149734589e-07,-0.000900974637068,-0.192332107783,3.45047585187e-06,0.00421818865933,0.578647930565,-1.294385856e-06,-0.00225836310076,0.756037532924,-2.26382579263e-06,-0.00305849569764,0.0221280255955,-2.16528674008e-06,-0.000145808634093,-0.698128961944,7.13510016257e-05,0.0189448050143,-1.05304233589,6.74353560573e-05,0.0173794843041,0.689842913293,-0.125595780807,-0.0377652921661,0.488215176089,-1.01713362095e-05,-0.00585232922129,-0.0761246063984,1.01121761983e-06,0.000595104236136,0.332031274027,-0.013971569496,0.0684854438467,0.128643954691,-0.000434526535038,-0.00625611025931,-0.898198492815,8.28812460956e-06,0.007758342788,2.3377496317,-0.0513439908755,0.231627988864
unguided,21,0.4,0.409999996424,predicted,Actual proposal support boundary; monitored coordinates are pre-native endpoint forecast,True,50,-0.197819826332,0.514024147433,0.00649402395248,0.0369906091309,-0.0261145523453,0.0302003899779,5.77930476131,6.40584248038,0.223761115945,-0.281149019752,1.36377946138,0.180812190505,0.27627486024,0.280160667584,0.278421077352,0.20407687246,4.61386861612,0.195006577441,0.735889273065,9.78147974717,1.54478155218e-08,0.000128877153437,9.2925739247,4.24424464764e-07,0.000855177986273,9.68713496238,1.23248980482e-08,0.000125216249706,7.86879397754,0.000102482547403,0.0207261680491,9.21953135051,8.21483069714e-07,0.00121346855504,9.32772233506,1.56506401445e-07,0.000535459371941,8.21809534862,3.99794770967e-06,0.00779791255333,9.22694423424,1.53889645417e-07,0.000640079218031,9.05087811863,6.73515836142e-07,0.00140108503033,8.58402232415,3.61042448336e-06,0.00416577503597,8.16480648723,2.09675146804e-05,0.0115107312322,8.39052108752,1.11121214363e-05,0.00664451565815,4.78601863803,0.143379089451,0.389194231706,8.60242422297,4.6647850967e-06,0.00473194554381,9.01409883405,1.2595091472e-06,0.00167976136422,5.06587040243,0.0633892222142,0.314695708379,7.20619342683,0.00048518960684,0.0756832338449,8.70991057941,1.76869200366e-06,0.00303284029403,5.49528375137,0.0382359857016,0.190286547109,0.104865726211,-1.86585076184,0.614975571632,0.786779880524,-1.21287512779,0.0869178393183,-0.486217939036,-0.253461566419,0.86895577566,-0.45121653876,-3.66699901376,0.0354099527239,-0.0640224470645,-0.0387135894814,0.035710654122,0.0894552013817,-0.340952826426,0.0533407491941,-0.12820393602,-4.70317313338,6.51076766104e-07,0.00290383864291,0.528201011739,-9.17959695926e-07,-0.00115019796525,0.43144339284,-1.43782113324e-08,-0.000114430511315,-0.433449059591,0.000579675075167,-0.00825013604029,0.102008344747,-1.8079137031e-07,-0.000176018856141,0.465084893449,-7.43586519704e-07,-0.00129630753311,0.427430170516,-8.9281143925e-06,-0.0102663235915,0.593131394072,-1.85145472143e-06,-0.00341576140101,1.14400340795,-3.67923529159e-06,-0.0046332861329,0.439172859194,-9.07711365322e-06,-0.0044485569085,-0.1330411684,1.57516391703e-05,0.00400979692159,-2.51579626349,0.000148061081244,0.0411919265941,0.581527772588,-0.122394885966,-0.151138732484,1.43299240871,-2.88775284373e-05,-0.0167375566098,-0.179427705125,1.74589060742e-06,0.00111414105116,0.394572548932,0.0692002573893,0.229035916833,-0.950997432572,0.00223716240137,0.08636557713,-0.685879678832,8.10612993597e-06,0.00641424224579,2.47856190145,-0.0354322305005,0.445769240375
unguided,21,0.41,0.419999986887,predicted,Actual proposal support boundary; monitored coordinates are pre-native endpoint forecast,True,50,-0.195905463631,0.532654332354,0.0177377797699,0.0541638254738,-0.0334075251484,0.0314599882955,5.77681034423,6.39965616554,0.227667359685,-0.289787836169,1.28744766264,0.181416113651,0.274818742376,0.279987187209,0.279322746514,0.20481485324,4.60465727657,0.196931654412,0.734804204936,9.70572507388,2.4524897136e-08,0.000172070911758,9.31127373005,3.88614655483e-07,0.000811544465091,9.69341499985,1.19844450316e-08,0.000122979984999,7.87119888335,0.000108876280699,0.0202322232054,9.22235681369,8.10015097698e-07,0.00120382566221,9.33571384532,1.45393423206e-07,0.000515352021312,8.22931035278,3.81216415906e-06,0.00754768372705,9.23686752606,1.29645198862e-07,0.000590816591828,9.06353415209,6.28106275135e-07,0.00134862096974,8.58995781745,3.51872646847e-06,0.00411040518773,8.16302877026,2.11002910031e-05,0.0115560471991,8.34999580695,1.33895188797e-05,0.00730567477134,4.79398509826,0.14187065048,0.388265887836,8.62266950778,4.27479392679e-06,0.00449896728142,9.00768750483,1.2969838219e-06,0.00170865518838,5.07131935289,0.064905025406,0.31838095774,7.18665599472,0.000535815631966,0.0772280467261,8.71018204311,1.80723609564e-06,0.0030425870118,5.50072278467,0.0386318309496,0.193705325699,-0.590242440012,2.82567496903,0.660239577293,0.668671607971,-1.31391394138,0.115821909869,-1.64800615648,0.0286074591764,-0.0770502361144,-1.62819239104,-2.2478211997,0.0223864970629,-0.0210066911264,0.0304685773008,0.0583022266904,-0.011475303662,-0.515294486102,0.117055876659,-0.0984423953177,-4.1016179121,4.8051165084e-07,0.002422378202,0.749469933412,-1.2319735887e-06,-0.00156478059595,0.517945360061,-3.08569762978e-08,-0.000212612851916,-1.51214375404,0.000808400162651,0.0451913434778,2.44442354871,-8.87366398421e-06,-0.0078517705381,0.318573305282,-7.28842773692e-07,-0.00116674223704,0.80083629301,-1.44901796895e-05,-0.0184649002749,-1.02631871871,4.67581616949e-07,0.00153646138572,1.52807872252,-4.22368111542e-06,-0.005798257429,1.10199058107,-2.08964958969e-05,-0.0122288325102,0.583836373658,-5.24676331763e-05,-0.0154098642729,-3.07441516259,0.000227107501758,0.0535307770256,0.112073910841,-0.0332752718012,-0.130246809098,2.25297264187,-4.10208227518e-05,-0.0252052100177,1.09677430931,-7.79640357091e-06,-0.00559591890201,-0.608230112698,0.0567660246519,0.0500303116489,-1.58603650029,0.00349346111768,0.165844523152,-0.600851437004,5.84377295552e-06,0.00529224209529,-2.10360102403,0.0953138140499,0.0426721341766
unguided,21,0.42,0.42999997735,predicted,Actual proposal support boundary; monitored coordinates are pre-native endpoint forecast,True,50,-0.209624675132,0.570537646814,0.0196988154983,0.0503640412903,-0.0523928311729,0.0325168281753,5.74634463818,6.40641462956,0.222220111223,-0.313712867573,1.31882303739,0.181259920446,0.275854726418,0.28077003913,0.279587121886,0.203847366386,4.60356272639,0.197347694974,0.733920425159,9.69944738893,2.50580485386e-08,0.000177324717477,9.30756332337,3.9978499299e-07,0.000823882374354,9.69749386958,1.17077585223e-08,0.000120963992668,7.83855110246,0.000118650550656,0.0216299949187,9.26841982148,6.4400979003e-07,0.00105643314428,9.33409380116,1.41929545971e-07,0.0005121245272,8.23411207448,3.70814411588e-06,0.00742861454783,9.20641785987,1.63241277756e-07,0.000670808445746,9.08143969308,5.89042213834e-07,0.00128511988175,8.60606213577,3.19249456543e-06,0.00392119838576,8.1764832147,1.99181620168e-05,0.0112025339468,8.32903278427,1.56542714714e-05,0.00771513119866,4.78826011624,0.142713584015,0.386589295524,8.64748367581,3.84436864167e-06,0.00422784134345,9.03603432024,1.10358107578e-06,0.00156784298618,5.05370580018,0.0645245427072,0.315696314612,7.17447269683,0.000555058829193,0.0790001243079,8.69789355067,1.88556746277e-06,0.00313868513594,5.45321173089,0.0401422619826,0.191139989793,-0.325269188397,0.278629527663,-0.0619049072267,-0.295168399811,-1.62456905842,0.0367657898945,-3.03399216727,1.42470838338,0.185620761304,-0.794102677998,2.50637025259,0.0377206504017,0.10566337596,0.0175403696555,-0.0215090801137,-0.0899613418009,0.0875275857165,-0.0188972365011,-0.083612620967,0.0348176529715,-2.4360877672e-08,0.000110815158571,-0.98232745086,2.25044213481e-06,0.00262786128796,0.22113393807,-1.68141232373e-08,-0.00011421393112,-2.03584928237,0.000363784653367,0.101540003288,2.54187716272,-8.91382283229e-06,-0.00796394917717,0.0974853299797,-9.81446770205e-08,-0.000139929790648,-0.197076093079,1.02107433032e-07,0.00287332509497,-2.67701887796,3.50701916742e-06,0.00745331962505,1.20836169546,-2.18783084159e-06,-0.0040665211447,1.15997083405,-2.42184270944e-05,-0.0136348097742,0.629213731102,-5.43663390119e-05,-0.0162946287791,0.127954690301,1.85919969946e-05,-0.000123499464193,-0.228808710834,0.026280483593,-0.102337207225,1.48779582968,-2.63813608384e-05,-0.0162319135455,1.64474600218,-1.05304405864e-05,-0.00786065866465,-0.369436611308,-0.0675120646623,-0.215844130454,0.112587064614,-0.0011873420573,0.0409636570881,0.210817566224,-9.08653056548e-06,-0.00388732425896,-4.45387090596,0.130642978361,-0.0592905392879
unguided,21,0.43,0.439999997616,predicted,Actual proposal support boundary; monitored coordinates are pre-native endpoint forecast,True,50,-0.202410847399,0.538226922907,0.0164996816254,0.0482604574776,-0.0658989063168,0.0321953040934,5.71613050089,6.42815033321,0.231379774911,-0.305669889729,1.33757506769,0.182170526659,0.276932009896,0.280337994602,0.278892564911,0.203015626404,4.60640782828,0.196553709682,0.733131952517,9.70642142694,2.40376795825e-08,0.00017428721493,9.29162718103,4.33623498179e-07,0.00086410169085,9.69783767861,1.16481625668e-08,0.000120695706377,7.8304818977,0.000116151973766,0.0222630232711,9.27319435694,6.31738641052e-07,0.00104454667866,9.33766355192,1.43430529666e-07,0.000512553425499,8.22536883091,3.81420630772e-06,0.00760515022895,9.1833271485,1.99785582211e-07,0.000739882984329,9.087701386,5.84349658304e-07,0.00126729054685,8.61315723413,3.03435792659e-06,0.00383770899225,8.17561304488,2.00129642229e-05,0.0112301546235,8.35255490076,1.37613588196e-05,0.00730320478206,4.78940892405,0.142396260152,0.386219143692,8.65242542438,3.74716671002e-06,0.00417432901051,9.04058242488,1.08637501018e-06,0.00155144201508,5.06393062067,0.0635547841127,0.314064075131,7.18890773602,0.00051206879082,0.0780473198679,8.71439839443,1.62550548433e-06,0.00296484052663,5.41164536655,0.0412446905168,0.192519514913,0.41404816106,-0.66080011755,0.0360865592958,0.149537563324,-0.530409753323,-0.00193803950403,-0.170240091913,0.834674977979,0.654719138478,0.669221583867,1.37948459276,0.0281300679264,0.0342002033171,-0.0122216339282,-0.0469753944644,-0.0533425122951,0.0272252831689,-0.0151662036203,-0.0263323795008,-0.282340473806,-1.88786725358e-08,0.000161467032615,-0.708669042434,1.57346292647e-06,0.00184671227596,-0.170495726976,8.42649450888e-09,6.94503258548e-05,0.0852371295388,-0.000319850891659,0.0121511252809,-0.180099485961,8.70954338868e-07,0.000779145570335,0.287754942781,-1.8503434824e-07,-0.000435130867822,-0.132480631033,4.22761553248e-08,0.00212429656287,-1.40485310519,2.64123208936e-06,0.00457008604827,0.14859413661,3.96728063748e-07,-0.000212673090013,0.469719385724,-1.07949797085e-05,-0.00530600835841,-0.57428850229,4.86095845545e-05,0.0149935762273,0.855771638361,-8.26462853943e-05,-0.0156248483036,0.375610022314,-0.0739558561174,0.0317593318708,0.261332640646,-4.83691986879e-06,-0.00282149332384,-0.204297515301,2.2912767853e-06,0.00142389767706,0.705132999975,-0.0404422478059,-0.0268067991674,0.572283071412,-0.00167858011327,-0.0399813165093,0.203312134524,-3.95431851157e-06,-0.00229377094935,-3.44168586301,0.0889580548306,-0.0678369449995
unguided,21,0.44,0.449999988079,predicted,Actual proposal support boundary; monitored coordinates are pre-native endpoint forecast,True,50,-0.201343711911,0.557321644463,0.0204205466843,0.0533547925568,-0.0630010262394,0.0324780673852,5.74293983634,6.42310812912,0.235314493992,-0.300328435896,1.34641272924,0.181822521804,0.276538730484,0.280525606452,0.278647613996,0.20278051614,4.60410723206,0.197044370902,0.733393777569,9.69380057945,2.46804750879e-08,0.00018055405813,9.29338994252,4.31254251519e-07,0.000860816619874,9.69408395504,1.18762884125e-08,0.000122352999185,7.84025584505,0.000112253532823,0.0218730174243,9.26481783176,6.61428876807e-07,0.00107201605569,9.33984890002,1.38228859006e-07,0.000503421909843,8.23146246185,3.70898963899e-06,0.00747110047909,9.17832079776,2.16065919544e-07,0.000762210166711,9.08441157581,5.96976775109e-07,0.00128086641995,8.61545652349,2.97659497126e-06,0.00381507821859,8.16499744466,2.08903537079e-05,0.0115024054713,8.34614821704,1.40013457635e-05,0.00740263423259,4.79577231669,0.141234466892,0.387224482161,8.65271032862,3.74763024429e-06,0.00417141147698,9.03194836993,1.14940661149e-06,0.00159632093972,5.06780846018,0.0637156977511,0.315160178629,7.18591835826,0.000521487226928,0.0782004979777,8.70195979337,1.80648109253e-06,0.00309280971695,5.38437801363,0.0419214230792,0.189783250893,-0.0871698826013,1.19990151732,0.247704267502,0.569102883339,0.523761987686,-0.03362027593,2.02863078492,3.07731757262,-0.10249975082,1.19994420223,-1.29972733014,-0.0662264285389,-0.0407684071008,-0.0367553019989,-0.0471571440104,-0.028222566947,0.0291513494981,-0.0239006112795,0.0105249832668,-1.35861976565,1.57261591249e-07,0.000869595888038,0.393255925172,-6.35866897494e-07,-0.000810389790602,-0.547577065133,3.43947566489e-08,0.000241798337129,0.493132651148,-0.000310351254028,-0.0123428357558,-6.99185266909,3.17629827896e-05,0.0251346988967,0.504710601678,-4.0373023691e-07,-0.000882810361352,0.182138883879,-3.19549863103e-06,-0.00378939115426,-0.835639249253,2.20561264554e-06,0.00321038561272,-0.808003732367,2.76871714871e-06,0.00322213559401,0.395931926943,-8.74541690069e-06,-0.00425753501687,-1.2195867349,0.000116604972726,0.0327170517884,-0.297710740323,9.03922511953e-06,0.00452935808093,0.827028480474,-0.16304444698,0.179980281308,-0.130336261744,3.07322755737e-06,0.0014339214835,-3.33276243046,2.70046126009e-05,0.0179443620894,-0.711475043657,0.0389084685092,0.0376695731009,0.393066906229,-0.000798563054596,-0.0442263853706,0.439158633425,-1.87985910235e-06,-0.0031284177265,-2.94546204481,0.078562872106,-0.118934721154
unguided,21,0.45,0.459999978542,predicted,Actual proposal support boundary; monitored coordinates are pre-native endpoint forecast,True,50,-0.204154245051,0.562224953253,0.0214537669754,0.0596425151443,-0.055423666563,0.0315228985748,5.75670311659,6.48969668466,0.229329779895,-0.281671005684,1.31158052109,0.180845998088,0.276116641754,0.279602888562,0.277949422031,0.202451175065,4.60699085527,0.196075697456,0.733342452182,9.67924903163,2.71829114075e-08,0.000191679132691,9.29949229953,4.20906160229e-07,0.000847893895038,9.68688613731,1.23360576998e-08,0.000125531673119,7.84034455073,0.000109944948685,0.022016166556,9.13335730356,1.26699829684e-06,0.0015472406566,9.34775776395,1.35355924928e-07,0.000494897218272,8.22901160859,3.7502963351e-06,0.00752936240587,9.16661436352,2.43897835122e-07,0.000804090696584,9.07154131136,6.39724001278e-07,0.00133173325873,8.62107587267,2.85944958857e-06,0.00375255829191,8.15122131019,2.23450636774e-05,0.0118844956593,8.34660068595,1.3942143322e-05,0.00739379194368,4.80594949366,0.139135371213,0.389818749318,8.64981869914,3.80863126117e-06,0.00420300744018,8.97392717627,1.62646726219e-06,0.00191032925687,5.04970111979,0.0643329534829,0.314817466593,7.19676907414,0.000496097529728,0.0771627921605,8.7231815671,1.58790830228e-06,0.0029022721721,5.35273612565,0.0428159479589,0.19014082049,-0.549740657333,-0.0510439118341,-0.58406150341,-0.107549548149,-0.169697403908,-0.0501228334744,2.31730503858,3.96833783119,-0.350976487531,1.0072696895,-7.1955034151,-0.0983543149257,-0.113903772062,-0.0817104814607,0.00718229869121,0.00938322250793,0.431674762518,-0.145526197958,-0.188733331173,-4.33780028082,6.19031175357e-07,0.00305076857557,0.33412256936,-8.80930524718e-07,-0.00100852615104,-0.214924612931,1.993956014e-08,0.000123725985286,0.0997031369518,0.000137601014925,-0.0152471871753,-7.08301966811,3.34164810697e-05,0.025880214081,0.398955090573,-4.00349082893e-07,-0.000797126189796,-0.613882803554,8.97699633466e-06,0.012896095142,-0.683268805184,1.47593600399e-06,0.00253027609564,-0.682789311018,1.30975672279e-06,0.00229265437188,-0.836046011678,1.26922669027e-05,0.00899675925573,0.553315710394,-3.22470981114e-05,-0.0126470354456,0.67433137357,-6.41870624686e-05,-0.0135812649903,0.124194343195,-0.0523510785586,0.0286281649431,-1.03207818252,1.92075511835e-05,0.0111718051109,-2.83056524234,2.36637138206e-05,0.0154975713764,-1.75460982106,0.125194602591,0.130702150355,1.14236387861,-0.00199467290611,-0.145472985894,-0.338653676775,5.57707186742e-06,0.00359500721261,-4.55171018071,0.2135566154,-0.0680757925704
unguided,21,0.46,0.469999998808,predicted,Actual proposal support boundary; monitored coordinates are pre-native endpoint forecast,True,50,-0.212338525057,0.556300766226,0.00873931661605,0.0512038015938,-0.0663949743176,0.0314756107157,5.78928593712,6.50247488574,0.228294964242,-0.280183042106,1.20250266094,0.179855435506,0.274260655043,0.278891396823,0.27879125997,0.202968180591,4.61274072731,0.194133846943,0.729619110946,9.60704457384,3.7061098595e-08,0.000241569429641,9.3000723939,4.13635641025e-07,0.000840646096853,9.68978546278,1.22750796153e-08,0.000124827518891,7.84224990779,0.000115005553121,0.0215680736808,9.1231574384,1.3297584982e-06,0.00158962033731,9.34782800183,1.30221877348e-07,0.000487479386048,8.21918480578,3.88852956568e-06,0.00772902238193,9.16465542166,2.45584639623e-07,0.000812815688624,9.07075578959,6.23171909565e-07,0.00132671950739,8.59873560325,3.23044030931e-06,0.00399501340371,8.17606375886,2.02454117457e-05,0.0112494647624,8.35963484451,1.27176045142e-05,0.00713100893279,4.79825620356,0.140187445321,0.38779704546,8.63206876497,4.13178126796e-06,0.0043948475792,8.97533706509,1.6226808879e-06,0.00190627236725,5.03271626376,0.0662195898029,0.317774221636,7.20876563583,0.000481593768806,0.0752910382598,8.69518671983,1.91802252988e-06,0.0031647098612,5.29334381001,0.0461925553872,0.188421735041,-0.47304620108,-0.0333030190215,-1.04327940941,-0.820635318756,-1.12030267715,-0.0318720329799,1.71694977895,0.0836199053466,-0.810827600337,0.192383993337,-6.99569770085,0.00339085456579,-0.122849956143,-0.057005582704,0.0523885188607,0.0228804113872,0.675249236343,-0.197772809393,-0.201686621191,-4.93809518149,7.28196804052e-07,0.00366929558911,0.140987902449,-6.49555724619e-07,-0.000706679395194,-0.262346141611,4.45038707597e-08,0.000239523819376,-0.382916330645,0.000678862847152,-0.0176572493631,-0.0485834914401,4.2969108017e-07,0.000282502398295,-0.0969049851719,-3.43305537755e-07,-0.000411667701381,-1.05418939652,1.66917056944e-05,0.0222491332896,1.09303369449,-2.35861245388e-06,-0.00366771824443,-0.232756724603,-1.06927071558e-06,0.000185964925655,-1.41706679448,2.27082056834e-05,0.0152578610794,2.02096229023,-0.000164983535765,-0.0508718799808,1.70998124258,-0.000138520912442,-0.0316814711582,-0.723799321121,0.0960540702626,-0.212011190686,-1.32776901239,2.61523613448e-05,0.0145034817231,0.293183479807,-9.5328987171e-07,-0.000942200677353,0.30058791305,0.115247020707,0.218680764909,0.663978298258,-0.00074512010801,-0.106628391874,-2.05350617859,2.47531829362e-05,0.0192869578571,-3.17877959627,0.196210389265,-0.00814554376746
unguided,21,0.47,0.479999989271,predicted,Actual proposal support boundary; monitored coordinates are pre-native endpoint forecast,True,50,-0.213615169072,0.561558892873,0.000588178787229,0.0432298087692,-0.0778297201061,0.0308854579152,5.79104211217,6.49136908277,0.213113227888,-0.277823325818,1.17166656707,0.180913815179,0.273659642631,0.278462776908,0.278997192408,0.202908783293,4.62049584,0.192120241269,0.729308719758,9.580487128,4.17468474886e-08,0.000265065044473,9.30231205758,4.07915045737e-07,0.000833760307134,9.68163921448,1.3226135115e-08,0.000130322149507,7.83268622411,0.000123522205628,0.0216630215688,9.13238563373,1.27559211845e-06,0.00155289070457,9.34581966425,1.28489814173e-07,0.000486663864244,8.20792782066,4.08413044898e-06,0.00797434507166,9.18847503741,1.96725586044e-07,0.000730736331695,9.06688617686,6.18338586966e-07,0.00133545255724,8.59273453678,3.31361370224e-06,0.0040577155135,8.19164055599,1.90453929621e-05,0.0108670580597,8.3808003108,1.11717250732e-05,0.00676016252051,4.79147350723,0.141056452618,0.385578525504,8.62326331889,4.33167848806e-06,0.00449307707465,8.97979084586,1.60740146476e-06,0.00189148524333,5.05571287806,0.0666378938971,0.319191081891,7.21004864011,0.000481195127568,0.075030224323,8.68211144353,2.082971961e-06,0.00328801132924,5.28916053373,0.0467401557442,0.189977909614,-0.34012077218,2.46062100248,-0.637927055359,-0.627212405205,-0.751010417938,-0.0581810117042,-0.51340243864,-1.73198829944,-0.750602424396,0.283674765726,-1.60921889762,0.0744888821713,0.0233168426437,-0.00603238936819,0.00252100704138,-0.00364660674466,0.629158639146,-0.150982191957,0.0285546169339,-0.190306918626,1.19144456559e-07,0.00036789587362,0.223365146808,-5.42286303217e-07,-0.000650236879369,-0.658811177723,7.83216218411e-08,0.000437196447318,-0.241750094875,0.000102438108387,0.0077012499828,1.02561234437,-5.87158726332e-06,-0.00403129698442,0.293999817518,-2.4777246476e-07,-0.000480910677674,-0.995546620576,1.82549228031e-05,0.0224430761058,1.44749464068,-2.74549927398e-06,-0.00482319399722,-0.517125236136,2.18646322055e-07,0.00152034246131,-0.657113772381,9.86875532847e-06,0.0070828947037,1.09235337711,-8.79565250558e-05,-0.0269112775616,1.12696220634,-5.89775158289e-05,-0.018406041548,-0.490005367107,0.0573545169693,-0.147757585525,-0.965882379625,2.15608603388e-05,0.0109003542849,0.523711299899,-2.34260861182e-06,-0.0019786872979,0.75353026978,-0.00693404345818,0.0430141173896,0.554924657627,-0.00125773211274,-0.0506497103243,0.448266159333,-6.60285350523e-06,-0.0047648274764,0.77681351818,-0.0235732465503,0.200950151512
unguided,21,0.48,0.489999979734,predicted,Actual proposal support boundary; monitored coordinates are pre-native endpoint forecast,True,50,-0.219140940501,0.605513186276,-0.00401922449112,0.0386595534897,-0.0814151826763,0.0303119904816,5.77901788834,6.46783511975,0.213282915754,-0.274509546791,1.17031828299,0.181345213149,0.274726991896,0.278770749035,0.278841680111,0.202895248456,4.62532390009,0.191114203103,0.730190203284,9.60323843547,3.94439877262e-08,0.000248927347113,9.30453969684,4.02789914961e-07,0.000827641359265,9.67660923923,1.38415120521e-08,0.000133571447837,7.83741490589,0.000117054315289,0.0217220986805,9.14366968529,1.21232675294e-06,0.00150899439762,9.35370799818,1.25266428053e-07,0.000477861172494,8.19927387337,4.25362802175e-06,0.00817788390405,9.19360531447,1.90674654144e-07,0.000716351808679,9.06041328487,6.27544836006e-07,0.00135712635661,8.58559332781,3.42781541588e-06,0.00413667129778,8.19791082641,1.84862812446e-05,0.0107112392112,8.38217408863,1.15380541976e-05,0.00676288810183,4.78845609621,0.141334535661,0.38484189375,8.61275111738,4.56299847474e-06,0.0046128546649,8.98581129108,1.57582871566e-06,0.00186669862129,5.04778686915,0.0660809089338,0.318634503984,7.21986412898,0.000456439126551,0.0742780440534,8.70415204302,1.78596545978e-06,0.00306941331167,5.30888008037,0.0457210904562,0.192440738072,-0.225315165732,2.9938104012,-0.297921776771,-0.509364366532,-0.814147412777,-0.0178138938446,0.463597653454,-3.63493905927,0.069660471585,-0.620023348398,-2.4216155108,0.0759575714625,0.01167658398,0.0174035113564,0.0181281395394,-0.0168965407281,0.351904611638,-0.0720644416687,0.0397706788325,-0.482394715545,1.07155849888e-07,0.00049356384364,0.00903809386199,-7.32310781514e-08,-9.42317862914e-05,-0.173033456207,3.26416341636e-08,0.00016250339171,1.16344656924,-0.000636289931498,-0.037764522472,3.3024130962,-1.71045404196e-05,-0.01252658659,0.212880840442,-2.43405515909e-07,-0.000452872811803,-0.397526290581,7.88412834648e-06,0.00889455633727,0.406735150292,-7.03786641284e-07,-0.00146266838931,-0.762017184884,1.45378279299e-06,0.00269994125055,-0.651513074261,9.78436997242e-06,0.00715009808258,1.02866169078,-8.3126369272e-05,-0.0250565151192,0.360943931952,-2.94219871592e-05,-0.00607344805592,-0.439817943261,0.0457560328719,-0.191996428574,-1.13695131633,2.58519348984e-05,0.0130956113964,1.84340885683,-1.30536463891e-05,-0.00897334922462,1.38857885797,-0.0243907733127,0.093100229421,0.222977866103,-0.000502798423267,-0.0218402909696,0.402224608515,-5.32255584861e-06,-0.00408190954969,-0.210127194232,0.0125875380082,0.0798719055005
unguided,21,0.49,0.5,predicted,Actual proposal support boundary; monitored coordinates are pre-native endpoint forecast,True,50,-0.218121472387,0.621435100897,-0.0053702567482,0.0330425214386,-0.0941126683617,0.0305291800383,5.80031406523,6.41867030158,0.21450643732,-0.290223792786,1.12323425685,0.182432966609,0.27389317431,0.278810847135,0.279359755199,0.202570852478,4.62753393223,0.190678952435,0.730104133335,9.57083923369,4.38899644863e-08,0.000274936321346,9.30249281946,4.06450424174e-07,0.000831875671408,9.67817854535,1.38789677983e-08,0.000133572217341,7.8559551555,0.000110796406998,0.0209077311193,9.19843389566,9.33501310056e-07,0.00130235897276,9.35007728106,1.23621703854e-07,0.000477606408008,8.19997729485,4.24181301591e-06,0.0081522361984,9.19660974041,1.82649853218e-07,0.000701482963909,9.05164583317,6.47414242826e-07,0.00138945138225,8.57970427529,3.50930110169e-06,0.00420071747515,8.21221378981,1.73828655767e-05,0.0103659277573,8.38801918944,1.058328533e-05,0.0066386935594,4.78267714837,0.141971573275,0.381738596933,8.60052429257,4.84871718603e-06,0.00475498930257,9.016659023,1.34632853698e-06,0.00171201825883,5.08348445521,0.0661500784308,0.32105308648,7.21450819743,0.000471139159102,0.0745934185036,8.6901559357,1.97652084403e-06,0.00320637313824,5.28495798984,0.0469919065044,0.191575347724,0.10194681142,1.59219146211,-0.135103225708,-0.561703205109,-1.26974856853,0.0217189556698,2.12961768918,-4.91648181694,0.122352156563,-1.57142459943,-4.70840261358,0.108775345937,-0.0833817585478,0.00400980994252,0.0518075088026,-0.0324395977235,0.221003214081,-0.043525066823,-0.00860699493747,-3.2399201779,4.44597676014e-07,0.00260089742321,-0.204687738034,3.66050921319e-07,0.000423431214291,0.156930612336,3.74557461744e-09,7.69504082443e-08,1.85402496051,-0.000625790829077,-0.0814367561144,5.47642103666,-2.78825442879e-05,-0.0206635424856,-0.363071712066,-1.64472419868e-07,-2.54764486177e-05,0.070342147785,-1.18150058316e-06,-0.00256477056449,0.300442593997,-8.02480092529e-07,-0.00148688447701,-0.876745170218,1.98694068202e-06,0.00323250256404,-0.588905251323,8.14856858096e-06,0.0064046177369,1.43029634001,-0.000110341566792,-0.034531145385,0.584510080819,-9.54768867625e-05,-0.0124194542429,-0.577894784468,0.0637037614605,-0.310329681677,-1.22268248116,2.85718711292e-05,0.0142134637678,3.08477319176,-2.29500178687e-05,-0.0154680362461,3.569758606,0.00691694970369,0.241858249617,-0.535593155374,0.00147000325515,0.0315374450219,-1.39961073176,1.90555384254e-05,0.0136959826571,-2.39220905341,0.127081604817,-0.0865390347212
gradient_zero,20,0,0.00999999977648,predicted,Actual proposal support boundary; monitored coordinates are pre-native endpoint forecast,True,50,-0.290838626068,0.779233790905,-0.156633801308,-0.0603536224747,0.217942624662,0.0491534354951,5.45800314789,6.36768450902,0.0319882839431,-0.564446129844,1.57869648185,0.183455194726,0.267454730026,0.296594227359,0.276906591626,0.201219844887,4.64388873878,0.194942012804,0.731056045733,9.85238356955,9.39169231349e-09,0.000102224712202,9.35584998049,1.42738899291e-07,0.00056425431806,9.35538178825,1.41323462144e-07,0.000505685698175,8.17508136954,2.85358504659e-05,0.0116662673222,10.0518335538,1.27342786557e-09,3.06150020863e-05,9.30465565492,1.23130378229e-07,0.00055568170832,8.14363166615,6.33654250999e-06,0.00995121754177,9.38626940221,6.64970155837e-08,0.000376386954227,9.3401326778,1.04834215419e-07,0.000492875259347,8.45041728679,5.79409000825e-06,0.00547934931271,8.33344009777,8.09987696626e-06,0.00768888781916,8.66607475107,2.76797112723e-06,0.00344825807715,4.46876457297,0.211900078495,0.36812178253,8.84447129709,2.23330563259e-06,0.00250236919719,9.47159127181,3.51631967247e-08,0.000252069457889,5.29132558571,0.0534496157299,0.279412145863,7.3604044826,0.000276027001099,0.0579897794703,8.76055785858,2.05873924044e-06,0.00273109479404,5.52633904965,0.0345820499583,0.179704916862,4.60304615412,-7.56533813654,6.02362060547,3.63223147392,-0.733537942171,-1.04676428629,-20.9502752506,-16.7416523048,-6.76393369843,13.7382101768,-2.52600986454,0.794048521359,0.969252297675,0.688735218031,0.0803906542806,-0.476019930407,-6.63815478066,2.31823703133,0.149616662,-3.59761722843,2.71488831094e-07,0.00186068019718,12.6918276559,-7.61243092208e-06,-0.0198908183176,3.03544099756,-2.04988169843e-06,-0.00439602070974,2.04105683876,-0.000133988791242,-0.0530901932074,-7.17057474859,1.44456112592e-07,0.00176240324106,4.85372311543,-1.41432113104e-06,-0.00709310895979,3.34140877504,-8.5217301886e-05,-0.0907927703279,-1.50056017962,1.04519046466e-06,0.00297754009401,-0.847935914586,1.87174587453e-06,0.00334684034014,18.9226549638,-0.000416439919921,-0.235310436957,-0.898597120789,2.32740184271e-05,0.00533033628517,1.4020877665,-3.93163495581e-05,-0.0190769503407,6.26353667434,-1.06241454564,0.834973717412,8.34790472969,-5.86527876635e-05,-0.0450640724558,-11.7187952669,3.72971229044e-06,0.0151483556223,4.03420152893,-0.224904715776,0.258397954718,-1.65492613962,0.000196441743998,0.243167335575,5.48259730787,-1.27581485331e-05,-0.031730348352,-7.45778655859,0.316214071491,-1.22791463494
gradient_zero,20,0.01,0.019999999553,predicted,Actual proposal support boundary; monitored coordinates are pre-native endpoint forecast,True,50,-0.244808164527,0.70358040954,-0.096397595253,-0.0240313077354,0.21060724524,0.0386857926322,5.24850039538,6.20026798597,-0.0356510530412,-0.427064028075,1.55343638321,0.191395679939,0.277147253003,0.303481579539,0.277710498169,0.196459645583,4.57750719097,0.218124383118,0.732552212353,9.81640739727,1.21065806244e-08,0.000120831514174,9.48276825705,6.661459007e-08,0.000365346134884,9.38573619823,1.2082464516e-07,0.000461725491078,8.19549193793,2.71959625534e-05,0.0111353653901,9.98012780634,2.71798899149e-09,4.82390344969e-05,9.35319288607,1.08987166919e-07,0.000484750618722,8.1770457539,5.48436949113e-06,0.00904328983849,9.37126380041,7.69489202303e-08,0.000406162355167,9.33165331866,1.23551674164e-07,0.000526343662748,8.63964383642,1.62969080904e-06,0.00312624494314,8.32445412656,8.33261715053e-06,0.00774219118202,8.68009562874,2.37480763165e-06,0.00325748857374,4.53139993971,0.201275933039,0.376471519705,8.92795034439,1.64677775595e-06,0.00205172847263,9.35440331914,7.24603196291e-08,0.000403553014112,5.331667601,0.0512005685721,0.28199612541,7.3438552212,0.000277991418539,0.0604214528261,8.81538383166,1.93115775511e-06,0.00241379131052,5.45176118406,0.0377441906732,0.167425770512,3.71563916188,-5.9550886366,3.14154911041,4.21518528461,-0.550481662154,-0.460763806021,-4.40696312774,-10.4024912872,-3.40468038981,8.18608180532,2.87608765634,0.416010853958,0.539415212344,0.200858306786,-0.0249718489252,-0.218806555341,-2.70056258499,1.04723991992,0.0441685477888,-4.88257819904,4.51011603515e-07,0.00270346719418,4.82673218743,-2.89023307403e-06,-0.00764551324769,-0.851609453874,4.20223974948e-07,0.00132881009605,2.83321151655,-0.000280406812997,-0.0683491594938,-5.82587706524,1.67337372563e-07,0.00177606679505,3.47352983941,-9.12474795705e-07,-0.00498733664624,2.0121340149,-4.97144433171e-05,-0.0550567319914,-1.26626440422,7.92829101276e-07,0.00243920404046,-0.679498751041,1.89739234176e-06,0.00291942028121,11.5888517274,-0.00022780990199,-0.1365452951,-1.45643171728,6.20538793184e-05,0.0186090221152,-0.536939097886,-9.15426242062e-06,-0.000415855023636,3.62186105934,-0.61025780411,0.532125930564,2.99815610977,-2.17840575485e-05,-0.015547520869,-7.04808257223,2.88419525836e-06,0.0105280127974,2.17947943312,-0.0864109035403,0.726064838404,0.12667267029,-0.00113849833096,0.031995375643,4.0230375463,-1.51023891273e-05,-0.0239546430631,-6.27608597586,0.295913589765,-0.959706980856
gradient_zero,20,0.02,0.0299999993294,predicted,Actual proposal support boundary; monitored coordinates are pre-native endpoint forecast,True,50,-0.216525842831,0.660132018173,-0.0938028190994,0.0239500832176,0.206932991419,0.0399381593747,5.36986388533,6.15963468327,-0.0361053238531,-0.400724493737,1.63621823498,0.191775411805,0.278243034273,0.300611393495,0.276407154648,0.19684371378,4.58987748708,0.215886811203,0.731939416689,9.75473200557,1.84119243838e-08,0.000156294056086,9.45238462423,8.49342378103e-08,0.000411344053106,9.33834959918,1.49727941643e-07,0.000532261900096,8.23174559987,2.29277142059e-05,0.0102992841323,9.93531601252,4.62017531683e-09,6.61363379873e-05,9.37412625171,1.04880882315e-07,0.000455934975395,8.18387434644,5.34225364365e-06,0.00885008290195,9.36094411413,8.23535976093e-08,0.000425171035037,9.32654270278,1.42782062254e-07,0.000551263664971,8.68219432133,1.23789196845e-06,0.0027484434107,8.30431146342,9.34095455263e-06,0.00806106826147,8.65533596911,2.58488587882e-06,0.00343994097668,4.54120179416,0.199694922413,0.378764301142,8.90443441929,1.79762448162e-06,0.00219141877981,9.33062962036,9.28471018918e-08,0.000462629713836,5.33491517437,0.0517213976591,0.293933442631,7.36293793601,0.00025325703448,0.0586296869832,8.8410186095,1.75669145789e-06,0.00225200193278,5.40081733013,0.0405003217536,0.160510777245,2.08503541091,-3.40767088293,-0.23379433155,3.92178380489,-1.00705876946,0.25198376541,13.6807872234,2.44197154422,-1.10691872334,0.152244054144,13.5851438627,-0.0385643190852,-0.0777574751008,-0.373853017606,-0.320187977808,0.180427172202,1.48496261001,-0.501157230249,-0.253813016187,-4.11076020344,4.31879222138e-07,0.00237916019713,-4.64500172197,3.80453966558e-06,0.00816740629901,-5.79705332614,4.45679382232e-06,0.00995527246512,0.863811857849,-0.000137058764977,-0.0217265151301,-2.4811379319,1.41669586491e-07,0.00125339446863,0.854919340939,-8.73927992773e-08,-0.00138463070626,0.000781897357797,1.54951734798e-06,-0.00107906613847,-1.18903065435,6.12254198574e-07,0.00204750679582,-0.402049703679,1.20791069803e-06,0.00156083754952,3.00895346786,-2.27938959753e-05,-0.0240351644899,-2.0032810361,8.71857797377e-05,0.0344054096182,-1.65845834323,1.22945047096e-05,0.0122988878129,-0.368137958688,0.065844272006,-0.267889891863,-2.09208635894,6.57566746697e-06,0.0110374983125,-0.213667644965,1.06274683159e-06,0.00238890968239,-0.0684776156841,0.0711481207126,0.753580609801,0.858377838069,-0.00134680179769,-0.0660150721718,1.27250749804,-1.71109138795e-05,-0.0107860990193,-4.31535353119,0.236160129492,-0.398991170407
gradient_zero,20,0.03,0.0399999991059,predicted,Actual proposal support boundary; monitored coordinates are pre-native endpoint forecast,True,50,-0.203107456309,0.635426991881,-0.101073481884,0.0544043683624,0.190466069851,0.0437254679404,5.52211613985,6.24910741685,-0.057789427508,-0.424019146992,1.82513926046,0.190624393557,0.275592103501,0.296004519187,0.271306738613,0.200068189027,4.60720644317,0.208101238513,0.72747595203,9.7341921932,2.07441650672e-08,0.000168414718116,9.38986822261,1.42705383382e-07,0.000528694260864,9.26979513171,2.09960521606e-07,0.00066083094038,8.21276817509,2.44547872539e-05,0.0107008350875,9.9305050477,5.55138072131e-09,7.33069238695e-05,9.37029127289,1.07239310934e-07,0.000457058004597,8.17706139184,5.51535983809e-06,0.00902170851572,9.34748318733,8.91940042018e-08,0.000447112491084,9.32361232458,1.47709888125e-07,0.000557560413739,8.69982290578,1.17381288953e-06,0.00264554165334,8.28438850584,1.00763327453e-05,0.00843029937438,8.64692646187,2.62069772585e-06,0.00350346633,4.52403718054,0.202592818479,0.371113721867,8.88610861721,1.77829110529e-06,0.00227247843888,9.35012996624,9.37152562608e-08,0.00045133120776,5.33029804868,0.0526235309864,0.297067737606,7.36102277796,0.000251055382585,0.0591011513826,8.84083398162,1.58893947751e-06,0.00219806933014,5.36545411344,0.0424673932631,0.159445947104,1.24380074659,-2.36952959464,-0.637900352478,2.52420681715,-1.64302188158,0.4439324873,17.3574510791,4.56011062284,-1.30145514879,-2.40598244565,17.5096041701,-0.125508072417,-0.203794662078,-0.437500246744,-0.414022177092,0.237061807453,1.56026065848,-0.720123831993,-0.395589846492,-0.424653099558,4.87466048951e-08,0.000211478780821,-8.43649295334,1.12740218369e-05,0.0185409221943,-6.4336508101,6.8337781561e-06,0.0132259446227,-1.67333612698,0.000143956306772,0.0373916699886,0.515148023757,5.06590272416e-08,0.000361398698617,-1.18583587319,9.88748841086e-07,0.00173738726131,-0.20901213931,2.3493494882e-06,0.00465593332383,-1.43018684427,8.76499167748e-07,0.00253033350922,-1.14207316876,1.32583439132e-06,0.00247645746562,0.607837288287,1.32039443745e-06,-0.000384627781466,-2.04923769945,7.98564032464e-05,0.0399905217062,-0.574796677683,-6.85225123483e-07,0.00327650916094,-0.989740234811,0.162020339876,-0.585826164871,-3.59907544096,9.90889988333e-06,0.0202379695145,2.26198976378,-1.97810474311e-07,-0.00170247653982,-0.699836768259,0.0974749466884,0.335110142238,-0.635342201904,0.000446290538627,0.0850980828714,-1.21624717939,2.11464823678e-06,0.00509617552773,-2.09887367949,0.113137639276,-0.0573120651118
gradient_zero,20,0.04,0.0499999970198,predicted,Actual proposal support boundary; monitored coordinates are pre-native endpoint forecast,True,50,-0.191649827899,0.61274142628,-0.106560826149,0.0744342195606,0.174072553787,0.0488168091206,5.71701290692,6.25083689573,-0.0621344268288,-0.44884414265,1.98641031838,0.189265250356,0.274167141032,0.29186138856,0.268126711106,0.201584949929,4.62108270025,0.201484334563,0.724027619759,9.74623894358,1.93868564817e-08,0.000160523631702,9.28365476517,3.10414674549e-07,0.000782162496992,9.20967658298,2.86403504765e-07,0.000796780792551,8.19827887733,2.58068403414e-05,0.0110471175321,9.94561897299,5.63335586167e-09,7.33643119596e-05,9.35040953424,1.24655859137e-07,0.000490682720621,8.17969410366,5.38924063341e-06,0.00894320156842,9.33234037724,9.98835809642e-08,0.000475777705221,9.3037012394,1.69298750081e-07,0.000600792814284,8.6943510671,1.2642998572e-06,0.00274075085507,8.26332670943,1.09380826176e-05,0.00886087869559,8.64384003556,2.57118137635e-06,0.0035054711599,4.52140698946,0.20293532921,0.367047777844,8.83245291047,1.99580247928e-06,0.0025961781701,9.37586941564,8.88908924056e-08,0.00042858018304,5.32091843901,0.0536708965929,0.300635645476,7.35023109197,0.000262182845252,0.0603316486406,8.81669366592,1.79898442263e-06,0.00235392544334,5.35883985654,0.0427630745391,0.159364535942,1.25064585433,-2.43471327562,-0.624455332756,1.53292775154,-1.03290253878,0.490366259629,17.6781172959,1.85350437535,-0.406733208111,-2.75930475462,15.930147407,-0.0825203657475,-0.159611773143,-0.366627051198,-0.328300684156,0.107375319382,0.999315620716,-0.555694696369,-0.429429838389,1.07056623059,-1.0260932916e-07,-0.00064098261809,-9.93264592182,2.10977863899e-05,0.0270209611889,-5.60892208054,7.93826369716e-06,0.013480971306,-1.63159827437,0.000170847188837,0.0396392816493,2.07668461336,-2.46647813071e-08,-0.00026231626608,-2.26806332577,2.31906266309e-06,0.00434623672944,0.292638671024,-1.14228825969e-05,-0.00783047105151,-1.38965378348,9.39203764742e-07,0.00264339286154,-2.2075794656,3.11930161974e-06,0.00543702500389,-1.02344797303,1.44916328316e-05,0.0134401723406,-2.01569659283,7.68278640519e-05,0.0421504119292,0.330719289786,-1.11237431681e-05,-0.00530937374614,-0.565677754895,0.0865244043647,-0.367365235652,-5.94825154538,4.34192813208e-05,0.0416094102707,2.80107856963,-7.18552792559e-07,-0.00285384300157,-0.499875114007,0.0577085895064,0.137742630723,-0.868342708118,0.000837402720979,0.104103461572,-2.91841713282,2.99847827468e-05,0.0208292618261,-0.6513696003,0.0537289662655,-0.0938497286538
gradient_zero,20,0.05,0.0599999986589,predicted,Actual proposal support boundary; monitored coordinates are pre-native endpoint forecast,True,50,-0.178094539222,0.586732726369,-0.113562588539,0.0850629233932,0.169808019075,0.0535327931329,5.87567848577,6.28617750436,-0.0659240916702,-0.479205242085,2.1437422086,0.188973986242,0.272399868038,0.288671978163,0.26474072493,0.202215695415,4.62719275558,0.196987344585,0.718887355262,9.75560351781,1.8691978484e-08,0.000155595065755,9.19121530417,5.64661111179e-07,0.00106911348464,9.1576166901,3.6872579555e-07,0.0009304503665,8.1801362096,2.78717310306e-05,0.0114936207205,9.97203873997,5.05808509516e-09,6.80605985479e-05,9.32493000638,1.53620564195e-07,0.000543982739186,8.18291416526,5.28690218615e-06,0.00886509909469,9.31969011166,1.07978079497e-07,0.000499980348315,9.27946073527,2.1009592052e-07,0.000666300913817,8.67935394632,1.46364554617e-06,0.00291434510015,8.24407457398,1.16128900263e-05,0.00927330761296,8.65354084767,2.39822286248e-06,0.00339727885508,4.51272362544,0.204323306566,0.363766417154,8.7671435863,2.64667673171e-06,0.0031046666443,9.40615153763,7.93442004096e-08,0.000394254347728,5.3203005464,0.0537777027765,0.299822590221,7.3436559238,0.000267803437005,0.0611832206141,8.78246563896,2.18863513245e-06,0.00261465456666,5.35242672143,0.0435419725884,0.157568952531,1.06945252186,-1.96396425637,-0.564758658409,0.914085686207,-0.687463283539,0.296620177618,12.7356151449,2.43648593004,-0.423213440822,-2.35510706168,11.7375815654,0.00969271174305,-0.135609112495,-0.257872171633,-0.255306823147,0.0585237509354,0.692193903476,-0.391329568425,-0.394537482528,0.57315351372,-3.50984022555e-08,-0.000298471607366,-6.66795868457,2.14187922426e-05,0.0221403819801,-3.63125296209,5.67614889053e-06,0.00926669450614,-1.55386748779,0.000168756305775,0.0384138632063,3.05192968208,-7.3459310107e-08,-0.000668240779745,-2.0753282958,2.47819429966e-06,0.00446580773364,0.0193440808603,-7.81669374524e-07,-0.00016722435011,-0.922320022015,5.62893965711e-07,0.00174459125584,-2.84621920943,5.17245987062e-06,0.00787672020893,-1.36177523488,2.11416219814e-05,0.0163492251504,-1.5251974883,5.42905639721e-05,0.033575684558,0.578967176037,-1.18569588739e-05,-0.00684202715401,-0.769705042568,0.0849525997046,-0.268160086097,-5.83714953604,7.12164487174e-05,0.0488947403934,3.06563902252,-1.04585657796e-06,-0.00355397351727,-0.119364095102,0.0212356121812,-0.0240841890776,-0.392803922285,0.000246436294339,0.056735794502,-2.64547813746,2.56527774936e-05,0.020146998159,-0.702588910372,0.0862121146752,-0.157005473305
gradient_zero,20,0.06,0.070000000298,predicted,Actual proposal support boundary; monitored coordinates are pre-native endpoint forecast,True,50,-0.170260777462,0.573462141153,-0.117855999317,0.0927159332848,0.160323288116,0.054749212673,5.97172520981,6.29956661433,-0.0705986956452,-0.495946283884,2.22116194969,0.189459104591,0.271454958782,0.286703945127,0.263020574643,0.202755424948,4.63492657832,0.193657743194,0.716136870109,9.75770201386,1.86848884366e-08,0.000154554199555,9.15029559148,7.387905194e-07,0.00122497013659,9.13705152373,3.99926482576e-07,0.000982114682674,8.16720152758,2.91819664569e-05,0.0118153947962,10.0066575666,4.16416965952e-09,5.99994963647e-05,9.30890296833,1.7421974513e-07,0.000579998875294,8.18008098528,5.37360724592e-06,0.00893985708142,9.3138939768,1.11141460278e-07,0.000510669530338,9.24677685522,2.72747947493e-07,0.000758327218462,8.6671155624,1.68713229683e-06,0.00306773535807,8.23282275967,1.2023893897e-05,0.00953239238675,8.65541937908,2.33404219887e-06,0.00336863061682,4.50601288861,0.204634381205,0.361684576122,8.71570991975,3.42013145363e-06,0.00357407297797,9.43718219609,6.79737608465e-08,0.000357500712695,5.3185311571,0.0540956088365,0.300153961695,7.34237501352,0.000267111571139,0.0614663645306,8.76378410317,2.3120399725e-06,0.00275686540652,5.34478807834,0.0444873168326,0.156224426476,0.604077097742,-1.12248965578,-0.0735784769059,0.850939393044,-0.698975890875,0.112486632195,8.39147220752,-0.414581003903,0.114250152601,-1.09773003328,5.87556775491,0.0822737580002,-0.0809973826432,-0.17667759372,-0.117527535505,0.0596994669783,0.558934346379,-0.260899326208,-0.106155112128,0.19072426844,-6.3828596059e-10,-8.48589370585e-05,-3.23540823795,1.54022211821e-05,0.0130186809516,-1.27982728861,1.43462138309e-06,0.00274623175432,-0.120157241072,-1.36425408914e-05,0.00314320401871,2.69073056778,-6.70443903505e-08,-0.000609343871303,-1.51258862712,1.97003699568e-06,0.0034822875581,0.143336945586,-2.36203927536e-06,-0.00347564928852,-0.580168041186,3.01802560369e-07,0.00103633304235,-3.18410342188,7.1995007168e-06,0.00967643687925,-1.08907861996,2.25288551789e-05,0.0142313112966,-1.10240054902,3.96558344731e-05,0.0249408278361,-0.417406103259,2.01744575781e-07,0.00261315579854,-0.186123230497,-0.047676496379,-0.104667128754,-4.37755657293,7.84134500175e-05,0.0421004488657,2.09613175107,-7.35896435756e-07,-0.00234791593834,0.191303964868,0.0163158900876,0.140688000175,-0.182887009445,1.01828571062e-05,0.0331312645216,-2.13351876976,1.84155176542e-05,0.0176532260729,-0.124251185805,0.0510712567578,-0.114538842026
gradient_zero,20,0.07,0.0799999982119,predicted,Actual proposal support boundary; monitored coordinates are pre-native endpoint forecast,True,50,-0.166012997268,0.564282933253,-0.115034158077,0.102081711254,0.155828501258,0.0557825257768,6.04350792992,6.27788588428,-0.0636390886182,-0.50115984275,2.2612535637,0.190619461402,0.270779920385,0.285138426289,0.26239017422,0.203409684754,4.63837144251,0.191769358061,0.716764253019,9.75941800318,1.86792127648e-08,0.000153897887014,9.12650713941,8.72705534821e-07,0.00132948710367,9.13202014432,3.97418223211e-07,0.000985375001587,8.17773306478,2.75988802128e-05,0.0115564848009,10.0258533513,3.71719728816e-09,5.58737211218e-05,9.29467823383,1.93021304109e-07,0.000613628490348,8.18578090418,5.23966140064e-06,0.00879558610892,9.30808675083,1.14014130704e-07,0.000520707009162,9.21577866683,3.54085934856e-07,0.000859829651402,8.65757237392,1.91422264975e-06,0.00319897132608,8.222026563,1.24060067158e-05,0.00977212416969,8.6451927256,2.402257754e-06,0.00344954197105,4.50900116083,0.203369776639,0.361673074579,8.67959245484,4.21494573206e-06,0.00394667562161,9.44807417265,6.46262716945e-08,0.000347296028962,5.3241266257,0.0541040205783,0.302636350224,7.33999818361,0.000268007094147,0.0618458459045,8.73979526357,2.55694548553e-06,0.00296771908812,5.34994169772,0.0445633977235,0.155278175691,0.287444206085,-0.658663617031,0.681455373764,1.24594944715,-0.754869222641,0.154757676644,5.81711081707,-0.233393635881,0.659068288133,-0.67792925522,3.76235850695,0.0725311569742,-0.0632578746899,-0.11816921556,-0.0901035795758,0.0643337150001,-0.215387830713,-0.0769263950873,-0.105541286265,-0.522112012878,5.71879707391e-08,0.000234368283309,-0.80896422765,5.90638434226e-06,0.00419306998319,-0.743620509749,8.49373691207e-07,0.00163425970308,0.0324780525941,-1.87509716202e-05,-0.000707460502674,2.25037341874,-5.05134331806e-08,-0.000481831646412,-0.993072899912,1.25814628291e-06,0.00233693272068,0.922180149394,-2.4399545282e-05,-0.0238349640644,-1.07157522423,5.26056613935e-07,0.00175644270251,-2.37118076395,7.10917369513e-06,0.0083735848512,-0.718301844085,2.29695181527e-05,0.0113557364347,-1.66183651345,7.86816171577e-05,0.0397773621246,-2.01816051964,2.36535890213e-05,0.0196587289123,0.812031536754,-0.217682642093,-0.0389645119448,-2.54669194659,6.49809872937e-05,0.0272205011458,0.759589324241,-2.47200495177e-07,-0.000686275870823,-0.689513658139,0.0677293043613,0.0975353296403,-0.909817504698,0.000990577606756,0.103107655074,-2.06759279195,1.9369485477e-05,0.0184999909727,0.132625910444,0.0219013566118,0.00745639730368
gradient_zero,20,0.08,0.0899999961257,predicted,Actual proposal support boundary; monitored coordinates are pre-native endpoint forecast,True,50,-0.16451189334,0.560288868812,-0.104226891842,0.117634922228,0.145225903664,0.0578443662059,6.08806742615,6.29489874161,-0.0574173298826,-0.509504868988,2.29640911983,0.190909727731,0.270189801288,0.284340560816,0.261218503051,0.204042099248,4.6306188217,0.192119215293,0.714026044383,9.7472597736,1.98286478514e-08,0.000159241565221,9.13411630692,8.56918206245e-07,0.00130883153626,9.12217911354,4.169139564e-07,0.00101479987674,8.16785108863,2.88069470245e-05,0.0118012455862,10.051665035,3.15390099591e-09,5.03628634364e-05,9.28904151033,1.99382670788e-07,0.000626737529708,8.19852458826,4.88561634028e-06,0.00846315780013,9.29246247232,1.21662592557e-07,0.000545798384388,9.19935323994,4.14931421396e-07,0.000925798915486,8.65274952552,2.14652265988e-06,0.00329485008677,8.1995860294,1.35975262402e-05,0.0103279396292,8.61505616869,2.8071139793e-06,0.00376180519506,4.52225351934,0.200280728363,0.360905285884,8.66477608082,4.71975119951e-06,0.00411848300088,9.45237398257,6.30297509429e-08,0.000343775195278,5.30474088394,0.0554501949237,0.302104668287,7.32417866343,0.000286923123274,0.0635285176321,8.72243224733,2.69942968204e-06,0.00312686522597,5.34744059654,0.0449253439649,0.156373554422,0.468443336946,-1.37870908943,0.81931912899,1.16391757131,-0.904276549816,0.158560727226,2.95943612121,1.80721195521,0.587953004569,-0.397136350722,3.27527191576,0.066739658706,-0.0470288634232,-0.11358784803,-0.0980194383095,0.054485379959,-0.508150804542,0.00676861306667,-0.189119911622,-0.937879539024,8.61131602937e-08,0.000429909482797,0.751649030316,-1.89917956455e-06,-0.00215473145544,-0.758537455117,1.46263561214e-06,0.00221476625697,-0.926061955698,0.000117943943516,0.0222923363713,2.45901209514,-4.92086487729e-08,-0.000501976379007,-0.130497082672,3.02439742847e-07,0.000555512351525,0.761636949293,-2.13377490722e-05,-0.0199070509475,-1.14136314347,5.62622188458e-07,0.00180576510468,-1.82902795913,6.79578754917e-06,0.00721695059761,-0.749322892837,2.58838847366e-05,0.0117830251093,-2.00304656369,0.000111187269892,0.0504140899553,-1.69966373492,2.26242089072e-05,0.0174967865451,1.08538191905,-0.24543760909,-0.121466459592,-1.7676009287,6.18461574267e-05,0.0201117489844,0.359451002486,-8.7655404898e-08,-0.000196951021109,-0.914528265101,0.0618344996726,-0.0473719676498,-1.14048779277,0.00125216040849,0.128733887012,-1.29383949882,1.35149193522e-05,0.0125826612731,-0.458347025831,0.0391944433622,0.105651934049
gradient_zero,20,0.09,0.0999999940395,predicted,Actual proposal support boundary; monitored coordinates are pre-native endpoint forecast,True,50,-0.156644130529,0.536708751464,-0.0986477754974,0.12536006268,0.137742970262,0.0589537403214,6.10269665234,6.31403012339,-0.0518800285268,-0.509102569765,2.32675900202,0.191954254577,0.269839343117,0.282866669328,0.260429785453,0.204499392353,4.62820842642,0.191904730322,0.712981854787,9.7406604124,2.04014759706e-08,0.000162496076669,9.14154012002,8.3472194353e-07,0.00128639247457,9.11684939522,4.26670935454e-07,0.00102967032673,8.15921182566,2.99577590831e-05,0.0120023315283,10.0750335932,2.7330243127e-09,4.58341935417e-05,9.29206829218,1.99070098966e-07,0.000624738737378,8.20101364316,4.8129064192e-06,0.00839744508997,9.28525948796,1.25266574473e-07,0.000556822311255,9.17919810765,4.90001685839e-07,0.00100416866335,8.64258591607,2.43190034448e-06,0.00343463182827,8.18196563173,1.46297521136e-05,0.0107804059688,8.6111994509,2.85474193214e-06,0.00379947770195,4.53070879921,0.198461024457,0.359243745387,8.64424043627,5.45186888059e-06,0.0043489106013,9.4552631927,6.28731635965e-08,0.000343357008539,5.3058360604,0.0553407105717,0.301688910871,7.31718842776,0.000293050302317,0.0644205236447,8.71391847359,2.82724387258e-06,0.00321937231358,5.3407747572,0.0453472865908,0.157391214372,0.42193391939,-1.19638911143,0.219255447388,0.448017537594,-0.683290630579,0.0581621416539,-0.184512889454,-0.39682831688,-0.368404430244,-0.1509393053,-0.43178575165,0.118596529523,-0.0074776193828,-0.0966004312634,0.0165221564554,0.0141860752586,-0.0196776260288,-0.0120475982752,0.00289713091,-0.265783307427,1.7256931431e-08,0.000121058329234,1.12910353756,-3.12824515842e-06,-0.00327370235269,-0.159962506263,-1.64145406664e-07,4.91323865242e-05,-1.22384219664,0.000171857183728,0.0299585500593,2.96933646625,-4.94976127733e-08,-0.000552314829024,0.877724538804,-6.38611857742e-07,-0.00134448806347,-0.0891016940398,1.33270425977e-06,0.00184621682813,-0.540401104448,2.7442393639e-07,0.000823718500116,-2.52967838183,8.94731200814e-06,0.00936788639577,-1.14058723132,2.53520584095e-05,0.0141004457686,-0.85182699506,5.36731277322e-05,0.0221755128829,0.680827486332,-1.12236436404e-05,-0.00790993568124,0.394954241543,-0.0860257706584,-0.0914194908148,-1.98308670734,6.65203005289e-05,0.0221576739745,0.898777241557,-2.63747401223e-07,-0.000865257245461,0.297354760942,-0.0228460668936,0.0362873004935,-0.519882064411,0.000546465685847,0.0623170546416,0.408532136828,-4.42613593956e-06,-0.00173376214396,-0.906820506745,0.0557006641655,0.099327274041
gradient_zero,20,0.1,0.109999999404,predicted,Actual proposal support boundary; monitored coordinates are pre-native endpoint forecast,True,50,-0.156073214952,0.536361086584,-0.0998417828941,0.12659527298,0.131560091052,0.059007609039,6.08437716837,6.28696217527,-0.0647854184875,-0.512523655094,2.2877734048,0.193281658321,0.2700402489,0.282408552191,0.26154894618,0.204325820753,4.63022526918,0.191878263327,0.714083987002,9.74194410745,2.017378648e-08,0.000161662731806,9.15669837767,7.94353303077e-07,0.0012433574892,9.11897986341,4.13631048267e-07,0.00101578252447,8.1433742447,3.2244090699e-05,0.0124004165874,10.1110517643,2.16394874045e-09,3.9316566856e-05,9.3065960011,1.86610433634e-07,0.000599847768439,8.19674255438,4.91227042548e-06,0.0085000821367,9.28165445023,1.27151071285e-07,0.00056227275439,9.1487596723,5.93877661559e-07,0.0011131566434,8.62993778089,2.65356382807e-06,0.00357685900214,8.1825494895,1.46709887948e-05,0.0107714498869,8.62867271842,2.58264110649e-06,0.00360360648144,4.53015260418,0.19856021295,0.359076896067,8.62511434667,6.05015721009e-06,0.00456163648037,9.47034952741,5.77548029185e-08,0.000326470050369,5.31068797916,0.0549932735858,0.302830414297,7.31378102214,0.000297852436991,0.064774858725,8.73060289007,2.61090696325e-06,0.00309218998309,5.32930418641,0.0460393572482,0.158360099903,0.241881109497,0.0668766951053,0.105741500855,-0.345049828291,-0.852283209562,-0.015170623655,-0.695470154537,-5.01005856229,-0.274242743021,-0.064426574362,-6.25511776148,0.123316660449,0.0194076125999,-0.0524132791205,0.114587800819,0.00583356463106,0.0271469660766,0.0386398197314,0.162113425397,-0.228100478209,1.4883685289e-08,9.54151759265e-05,1.36375162645,-4.00017219934e-06,-0.00411122948924,1.00104630664,-2.8179019887e-06,-0.00371733426931,-0.542048854862,8.66177609555e-05,0.0135656695579,3.38646656523,-4.88731041029e-08,-0.000579127094419,1.24830174324,-1.21074852357e-06,-0.00228649417656,-0.0572304168366,-2.98549230714e-07,0.000816119242425,-0.547903449636,3.49184709112e-07,0.000982016580289,-2.80768677713,9.71025798883e-06,0.0100325487503,-1.58219938333,2.94277761441e-05,0.0176268616925,0.136578073368,5.31647934015e-06,-0.00219349518206,0.8625236056,-1.46146635996e-05,-0.0102406856543,0.277287361121,-0.0747976576251,-0.084133649276,-2.16035984947,6.80361686468e-05,0.0241223570376,1.30003400125,-4.5066419704e-07,-0.0014631266288,0.0115510927358,-0.00127317670313,0.111355600479,-0.317429494211,0.000381086990112,0.0360784635445,1.67424617353,-2.23188736718e-05,-0.0129103448587,-1.01021576026,0.0589248856514,0.0805520758807
gradient_zero,20,0.11,0.119999997318,predicted,Actual proposal support boundary; monitored coordinates are pre-native endpoint forecast,True,50,-0.151806508339,0.538046285367,-0.0965329454803,0.118459066114,0.12069730607,0.0586503278483,6.08878724925,6.21382895214,-0.0573648833872,-0.510391101252,2.20165664679,0.194420587786,0.270227495369,0.281818403746,0.26272154147,0.204616063646,4.62875136574,0.192677526717,0.716224123295,9.73609840284,2.06991496764e-08,0.000164404380188,9.16881515255,7.54718499543e-07,0.00120416788478,9.13687032136,3.7031289568e-07,0.00095532364134,8.14837084857,3.16901143022e-05,0.0122736449195,10.1427629245,1.75556223064e-09,3.42516516533e-05,9.31703432705,1.74855128494e-07,0.000579008853847,8.19986903482,4.80693543458e-06,0.00841376747482,9.27430141897,1.32250268655e-07,0.000576462642861,9.12304437211,6.84206845616e-07,0.00120481963836,8.6109419284,3.02045586736e-06,0.00378716906212,8.1846971932,1.47360817004e-05,0.0107365360652,8.62844992302,2.56244866015e-06,0.00359466398886,4.53625454644,0.196965071304,0.357561072402,8.60103323928,6.81259225353e-06,0.00483135774205,9.48126387273,5.38598796557e-08,0.000314094475963,5.30606708225,0.0553152470377,0.303916022881,7.31083983787,0.000300672042119,0.0651420929156,8.74740339706,2.38086639914e-06,0.00296116541641,5.320570442,0.0465257843038,0.159002255889,0.485964824944,-0.757402925682,0.57056427002,-0.244875252247,-1.19069853425,-0.0116680500355,-0.569216964973,-6.72503919855,1.51293571944,0.491988179967,-9.23092326745,0.0935205870026,0.0741105404643,0.0106519025444,0.10643753849,-0.0248322285197,-0.67113693289,0.164247350224,0.0899191006438,-0.819430461777,8.22729286671e-08,0.000398683579352,2.13872891684,-7.95400952613e-06,-0.00741890624979,1.74795929218,-3.5587979881e-06,-0.00529321685335,0.504160730437,-4.62913943273e-05,-0.0133619640569,2.472625475,-2.96938730439e-08,-0.000378821977031,1.53771038665,-1.5299522198e-06,-0.00290791078869,0.346886375795,-1.11750706746e-05,-0.00978207932841,-0.438887124099,2.49747692214e-07,0.000682553051181,-2.93915313637,1.29089507877e-05,0.0118135459082,-2.23283964355,5.34653764308e-05,0.0267139265174,0.0820382290227,7.21779852545e-06,-0.000290942514815,-0.931963673702,1.03228386628e-05,0.00846773539928,1.03273614159,-0.281111654202,-0.0464621453797,-3.29404776159,0.000136146603996,0.0388665228235,0.586824489048,-1.63085656554e-07,-0.00054870184532,-0.905665368817,0.0696632666012,0.163632528487,-0.378621319963,0.000433220205672,0.0434836556011,1.85671969808,-2.29430384919e-05,-0.0144660706481,-0.104051910842,0.000103216068171,0.178250013346
gradient_zero,20,0.12,0.129999995232,predicted,Actual proposal support boundary; monitored coordinates are pre-native endpoint forecast,True,50,-0.146353918453,0.52121302807,-0.0884304974937,0.121697767935,0.107746120367,0.0587742480382,6.07299282907,6.1524613913,-0.0345267040987,-0.502683891495,2.10315493945,0.195152070061,0.27152245971,0.282621590242,0.26367769695,0.203829176183,4.61680253052,0.195163210332,0.715882369014,9.72555549821,2.18192450533e-08,0.000169636403393,9.19947295601,6.35273112554e-07,0.00109497936421,9.15393904926,3.42455088505e-07,0.000909918187399,8.15345745931,3.13182628125e-05,0.0121331773062,10.1605042738,1.57007127957e-09,3.17401273153e-05,9.33735020884,1.56011389238e-07,0.000541689552665,8.2036802819,4.68876901198e-06,0.00830444055013,9.27287670774,1.32146025129e-07,0.000575923815414,9.08997660957,8.52056677313e-07,0.00134942756157,8.58528098802,3.72287135669e-06,0.00411113753249,8.18419025408,1.48153447653e-05,0.0107656310366,8.61003344494,2.78909787975e-06,0.00377296118942,4.55080732701,0.192937979865,0.35814765316,8.55923339144,8.77308929e-06,0.00533896693684,9.48208601719,5.44930897874e-08,0.000315496013462,5.29257467178,0.0563865389179,0.306103064867,7.30620859574,0.000306516841105,0.065644531837,8.76773728403,2.15204619341e-06,0.00280286857013,5.32722314819,0.0460414215695,0.16192510017,0.414552548871,-0.700482047275,0.720272779465,-1.53966201842,-0.909447029233,0.033080536927,-1.24538392287,-4.72458272754,2.29707457244,0.212382241473,-10.248867753,0.0722661597242,0.100226127258,-0.0386980437045,0.074014241823,-0.0268751932211,-0.936307452354,0.212366053244,0.115163220223,-0.665327395339,7.83941405266e-08,0.000369627106638,1.40929482474,-4.9098184263e-06,-0.00473128043621,3.16464874672,-5.43984425764e-06,-0.00870130962642,0.452870293502,-5.51387817527e-05,-0.0119745379555,1.55856374159,-1.79930031163e-08,-0.000237057737216,1.40345798129,-1.49498515905e-06,-0.0027956153226,0.55923320927,-1.56076349322e-05,-0.014528828402,-0.573381745686,3.89952665662e-07,0.000982830188796,-4.48151447764,2.31272466696e-05,0.0193075175231,-3.04634402083,7.98255513564e-05,0.0375512724893,0.542030478298,-1.90922169659e-05,-0.0115942286786,-0.697443227574,1.06172316922e-05,0.00717175879555,0.967596090543,-0.252705726531,-0.175222597578,-5.11290111435,0.000232953883588,0.0645608919257,0.218447146439,-1.17282133988e-07,-0.000296367847409,0.212470266039,-0.0218376959548,0.0386911388713,-0.690430294044,0.000818468431638,0.0797103720714,1.75083308467,-2.39299185558e-05,-0.0142452094294,0.313963810424,-0.0286094492329,0.178647699833
gradient_zero,20,0.13,0.140000000596,predicted,Actual proposal support boundary; monitored coordinates are pre-native endpoint forecast,True,50,-0.143515457361,0.524036644421,-0.0821274898911,0.0876658257461,0.102508365486,0.0593119385868,6.06387957079,6.11933729759,-0.0114233919385,-0.506143456423,1.99667929173,0.19586591098,0.272232017914,0.281044442872,0.264201826306,0.204078559782,4.6100252167,0.196924847782,0.718527387699,9.72279185493,2.2267032487e-08,0.000171796922321,9.19700104904,6.56522131017e-07,0.00110954227606,9.20016329629,2.61516010527e-07,0.000781297448811,8.15742825444,3.05873386672e-05,0.0120341541604,10.1739341994,1.39570216831e-09,2.9510496909e-05,9.34510348667,1.44955425313e-07,0.000523096547395,8.21105369901,4.49478273594e-06,0.00812319090678,9.26283378406,1.40049321969e-07,0.000596119246637,9.03341408255,1.14675177901e-06,0.00159096998882,8.55001504798,4.61696689449e-06,0.0045381945119,8.19553780276,1.43542373611e-05,0.0105046514916,8.61450105847,2.77479329399e-06,0.00373809916477,4.55560646825,0.191910956774,0.35405662045,8.49877521699,1.14716699253e-05,0.00612257558056,9.48563281566,5.1514236976e-08,0.000308167119015,5.31031648757,0.0548784931186,0.304689845658,7.29703123199,0.000317041410752,0.066736300357,8.78242005875,1.90226802803e-06,0.00267626122782,5.3268497182,0.0459535953191,0.162575209886,0.0254922706735,-0.307812696018,0.428770422936,-3.77547502518,-0.989365905523,-0.057090454437,-1.94657724772,-1.06533978728,2.72807044559,-0.638722234236,-9.33002550116,0.0438923845103,0.0726084052868,-0.123375135669,0.0509124241292,-0.0106257015652,-0.619596018648,0.098605044099,0.247891141095,-0.559956028753,1.01924798903e-07,0.000461087922035,-1.21296559949,5.50707994164e-06,0.00461771115017,5.45867595181,-8.09216444727e-06,-0.0139322817002,-0.202774219656,-1.9925306446e-05,0.00558973769045,0.501273037855,-6.82156763894e-09,-9.43232382523e-05,-0.256493411852,-9.28495475235e-08,0.000113039706825,0.466974236735,-1.37566053658e-05,-0.0121215769962,-1.45160662567,1.21963013112e-06,0.00307072382973,-4.19716516856,2.23934275528e-05,0.0180753083425,-2.72599371692,6.88177304434e-05,0.0326764605145,1.43989127318,-5.1686987236e-05,-0.032203382684,0.748182449562,-5.17652721597e-06,-0.00654431411057,0.265164545772,-0.0829295402124,-0.40257582017,-4.3782563326,0.000191924094044,0.0575821022829,0.723768600696,-4.01048356476e-07,-0.00115099458154,2.38476208388,-0.194803669262,-0.141053615213,-0.593059747253,0.000577810062518,0.0740012445285,0.0979368956641,-8.906935066e-06,-0.00195742031517,-0.802300890833,0.0424483604912,0.0430556913427
gradient_zero,20,0.14,0.149999991059,predicted,Actual proposal support boundary; monitored coordinates are pre-native endpoint forecast,True,50,-0.14584407304,0.51505677415,-0.079855089035,0.0461882674313,0.0879588022566,0.0576324389495,6.03406128411,6.13115459556,0.0200347048132,-0.51545833618,1.91655442943,0.196029917751,0.272974627815,0.280154087528,0.264695945433,0.203616662151,4.60441061015,0.197135311214,0.720840191836,9.71435637764,2.38577410314e-08,0.000178858161833,9.17521364402,7.45414711387e-07,0.00118733358721,9.26311256829,1.80611799559e-07,0.000631272553394,8.14940197491,3.09197566836e-05,0.01224497206,10.1705297346,1.43363992679e-09,2.98536625503e-05,9.3322203406,1.54154398287e-07,0.000543950346801,8.21301976663,4.41363690467e-06,0.0080620090102,9.24384457523,1.56538627752e-07,0.000637338292008,9.0060333062,1.29992522837e-06,0.00171093372842,8.53076111368,5.09922596556e-06,0.00476466674278,8.21298807954,1.37816050206e-05,0.0101215633829,8.62499709393,2.68556733543e-06,0.00364207490721,4.55611061792,0.191279389061,0.350096136756,8.47166826479,1.26115711709e-05,0.0064906089825,9.4965613892,4.64721226579e-08,0.000292476121832,5.34026991346,0.0524904655326,0.303281992563,7.2943474008,0.000318073042355,0.0671245567275,8.76969602194,1.97390749209e-06,0.00276372016383,5.31117713038,0.0468903887794,0.162786213997,0.109743009987,-0.66594971206,0.468795180321,-4.242340222,-2.47679972649,-0.371222854247,-5.16837793268,1.76102202108,4.09372302982,0.329708902815,-9.30637473222,0.0189378795328,0.148047963392,0.0019564987733,0.0916679062287,-0.162564934093,-1.13922540171,0.134771576503,0.0496509332088,-1.14210823464,1.86423189435e-07,0.000786594843201,-2.59912619768,1.15847327217e-05,0.00976736359719,9.13879588927,-8.80746319265e-06,-0.0185450226684,-1.58335726333,0.000157303350239,0.0409715964253,1.14151359709,5.58609863885e-09,-5.54806886262e-05,-1.63226083739,1.49824500182e-06,0.00299178238923,-0.245786065628,-4.35094483594e-07,0.00326329948381,-1.62794576771,1.2992115665e-06,0.00333112881993,-2.17675621447,1.23133290573e-05,0.00959813609925,-1.43419626835,3.81824148893e-05,0.0166912490013,1.01543150781,1.92774669107e-05,-0.0169133769608,0.334749913089,-2.38079124719e-07,-0.00200888549906,0.918339406465,-0.274900073495,-0.334198027045,-2.17626866681,8.87293789752e-05,0.0301632443875,2.22290155638,-7.98664412866e-07,-0.00289742339337,1.73474569395,-0.141660800748,-0.254391765062,-0.335842889026,0.000231729730959,0.0419237734355,-1.95474981387,1.61171005255e-05,0.0146806949407,-1.4993117446,0.105005598139,0.154010366153
gradient_zero,20,0.15,0.159999996424,predicted,Actual proposal support boundary; monitored coordinates are pre-native endpoint forecast,True,50,-0.141320597162,0.51071765018,-0.0727515862846,0.00281902130603,0.0529723709559,0.0518874815019,5.96051201214,6.15455773801,0.070451068658,-0.499549278366,1.81055179708,0.196244668571,0.275192977182,0.281083572847,0.266035184431,0.2008272611,4.58724070866,0.199620279312,0.719520406363,9.69994969024,2.59954962757e-08,0.000187528819185,9.14501852509,8.88216785452e-07,0.001304889548,9.38293921407,8.53667466743e-08,0.000410396995444,8.12576110917,3.37334056719e-05,0.0128535860889,10.1967644713,1.50742414109e-09,2.84008831365e-05,9.31245826992,1.7492032535e-07,0.00058293219518,8.2061379777,4.48608084627e-06,0.00818845689646,9.2302748687,1.66033553299e-07,0.000662741823036,8.98987895826,1.39301836015e-06,0.00178293271081,8.52133112262,5.38061519227e-06,0.00487201949193,8.21584643292,1.47397866993e-05,0.0101663839524,8.62119605673,2.7700317115e-06,0.00369792145479,4.57397325638,0.186412955304,0.347372659909,8.45524984366,1.32462575048e-05,0.00672584046831,9.53009084679,3.55409487187e-08,0.000250218651148,5.34501140145,0.0520452771036,0.299602010357,7.29031437421,0.000321676005371,0.0675747758258,8.74332506248,2.22461003854e-06,0.00296987512663,5.29686348331,0.0480537072819,0.165655417209,0.159653883048,-0.515190081045,0.880742192268,-4.22161927819,-2.70169009268,-0.547810928902,-3.6672955311,0.241202807836,5.83004464366,1.21558221704,-14.062652628,0.0330038382131,0.124881479447,-0.0612400976671,0.137252728732,-0.119071860163,-1.16350005568,0.151626718804,0.0954944447308,-2.17342723374,3.16271452162e-07,0.00131310405843,-2.45854508786,1.22414928889e-05,0.00968080379039,11.4124825614,-6.8136235662e-06,-0.0177384300381,0.439481493873,-0.000137055198889,-0.00953535671558,0.0113250187605,2.58771036251e-08,0.00014384718841,-1.92535729897,1.69739477617e-06,0.00350526309195,-0.0257732194596,-4.66213026021e-06,-0.00175424444665,-1.39418565845,1.03392225558e-06,0.00268091989678,-1.76672820839,8.98014757603e-06,0.00743985353908,-1.53983992511,4.28267974294e-05,0.0182097771697,0.0475634429959,0.000103273890011,0.00959690891239,-1.72147445223,2.81928810296e-05,0.0197418910258,1.87165072819,-0.505145618678,-0.305789927576,-1.88932278455,6.40420316418e-05,0.0278546359595,1.91902799571,-5.83851199761e-07,-0.00240670811135,-0.0763620311519,-0.0057524265346,-0.253950877875,0.0545729282525,-0.000241213142412,-0.00720785065218,-1.52744280047,1.01246395705e-05,0.0114517115524,-1.22790854094,0.0930039579865,0.325981832932
gradient_zero,20,0.16,0.170000001788,predicted,Actual proposal support boundary; monitored coordinates are pre-native endpoint forecast,True,50,-0.142650995379,0.504752972529,-0.0622402451897,-0.0382441181326,0.0339250004029,0.0466762203715,5.96071537349,6.13597865171,0.136635597686,-0.491146691839,1.63530137686,0.196689994516,0.275472257404,0.278929285575,0.267441000008,0.201235224948,4.58114060904,0.20016784559,0.722750080731,9.67088783296,3.01831700746e-08,0.000205120243002,9.12604274226,9.90244569166e-07,0.00138094966302,9.49136221952,4.43393282355e-08,0.000276503952633,8.15819160479,2.81786527058e-05,0.0120542649257,10.170756235,1.95118199929e-09,3.27306063185e-05,9.29371319462,1.8810229381e-07,0.00061405560864,8.21250430224,4.32039429946e-06,0.00802692412127,9.21596086206,1.77217072863e-07,0.000690956689944,8.97069874203,1.47952817989e-06,0.0018597307992,8.49996431518,5.95576191415e-06,0.00512886228617,8.2139393484,1.58470828208e-05,0.0103135015612,8.59056760489,3.24942495602e-06,0.00403691272773,4.59354363249,0.181176476688,0.343980338205,8.43388180909,1.38924118037e-05,0.00704770170169,9.53494194911,3.47950986627e-08,0.000244341959605,5.33874267284,0.0523754170019,0.298202975005,7.29543885936,0.000313248779507,0.0669803997145,8.73914716593,2.1764002835e-06,0.00299275439487,5.28661895956,0.0487504679391,0.169305850656,-0.119606345916,-0.136836041537,0.772740840912,-3.42815747857,-0.915022298694,-0.361677812551,1.86670157961,-2.40938740878,6.81309321259,0.33022068618,-15.3320732048,-0.0169941343427,0.012317583683,-0.158168224247,0.11409388073,0.0625786186745,-0.232235507844,0.0399470802355,0.299129887536,-3.10264597085,5.6367693029e-07,0.00215951462897,-2.74004969632,1.53596060717e-05,0.0112054556049,9.36392622631,-2.89625496827e-06,-0.0102719261991,3.52550365554,-0.000520434097602,-0.0862245901169,-3.19872631203,5.18105797868e-08,0.000507985283419,-2.52010274779,2.18899325735e-06,0.00493697193097,1.03910940376,-2.56459798096e-05,-0.0255958544655,-1.37825889989,1.30365691985e-06,0.00305399473286,-1.27869387768,2.20798811118e-06,0.004054867211,-2.44390588799,6.94082853541e-05,0.0308804023461,-0.0171258424703,8.17145781711e-05,0.00790825014851,-3.72029379235,6.6316637475e-05,0.0438255624684,1.53750624435,-0.384812900147,-0.138764812753,-2.33513449849,5.41817376071e-05,0.0373600756879,-0.297169741565,7.15239533799e-08,0.000112099288263,-0.994450086133,0.0603728514766,-0.224862759541,0.71183428125,-0.000912213257249,-0.0869945777974,-1.02762944309,2.94736392956e-06,0.00839843550232,-0.447847243877,0.0263219282964,0.20528148472
gradient_zero,20,0.17,0.179999992251,predicted,Actual proposal support boundary; monitored coordinates are pre-native endpoint forecast,True,50,-0.14371272408,0.507980929349,-0.0572967694664,-0.0657441282654,0.0346719249821,0.0446539252508,5.99784604373,6.10636998984,0.20671293291,-0.492944864643,1.50391033298,0.195904785884,0.275439328856,0.277920208362,0.268317062045,0.202078833473,4.5825959985,0.200419220917,0.725503004114,9.63789677082,3.72690348815e-08,0.000230719111764,9.09021753116,1.19540890689e-06,0.0015289986601,9.5702177386,2.74416473088e-08,0.000204958471461,8.19627118228,2.33247237199e-05,0.0111290942865,10.1327899451,2.54363573683e-09,3.85605888048e-05,9.26205621497,2.18700190497e-07,0.000681671633799,8.22692016577,3.97316125008e-06,0.00767653980715,9.20270969071,1.92106691696e-07,0.000723821717693,8.96430508071,1.43717812238e-06,0.00186403005503,8.47245300486,6.76878089935e-06,0.00548962753885,8.21550391607,1.63740782627e-05,0.0103245489553,8.54679018088,4.096364461e-06,0.00457443270416,4.60472338126,0.178716697301,0.344597363654,8.40854715369,1.43298922569e-05,0.00747304198207,9.52414745195,3.69714277863e-08,0.000252460636913,5.32512239973,0.0532527341331,0.295104755166,7.30455105984,0.000303431740226,0.0658348842698,8.72277247362,2.28355731713e-06,0.00313784383668,5.28790653843,0.0485801458479,0.169761046903,-0.0481060810486,0.543968870821,0.174422860146,-2.54401195049,-0.34902536869,-0.194742743743,5.51854078115,-0.922596589061,4.84563812967,0.0402421384989,-9.30059175115,-0.132883904301,-0.128609889879,-0.0689961768409,-0.00228414358827,0.12615251986,0.597065032753,-0.145028693335,0.185682981151,-3.11319233256,7.26389896655e-07,0.00254274850033,-3.45591698111,2.09373475563e-05,0.014505552417,6.68710895956,-1.28452159689e-06,-0.00570878905853,2.44207302528,-0.000333203191823,-0.060231361653,-3.747134914,6.71634125214e-08,0.00062985970468,-2.62138845678,2.4573817778e-06,0.00539201402896,0.787752031257,-2.08087862574e-05,-0.0198816261541,-0.684005236309,9.63071180422e-07,0.00186337708445,-0.800395246545,-6.85777302263e-06,0.000423965341743,-1.72110214929,2.57718712727e-05,0.0221438364559,0.333527054353,2.65797441148e-05,-0.00418337982924,-3.23146477225,6.12310182082e-05,0.040357431518,0.752100696007,-0.180554210034,-0.015607359697,-2.45708125476,1.52651618308e-05,0.0419391533631,-1.02316330227,2.19346789305e-07,0.000834271988275,-2.50092443064,0.18899100336,-0.507722175718,-0.114384230877,0.000453815947849,-0.000274477227461,-1.10251005833,5.68549631912e-06,0.00886965958811,0.124767543376,-0.0120887873595,0.00536321491653
gradient_zero,20,0.18,0.189999997616,predicted,Actual proposal support boundary; monitored coordinates are pre-native endpoint forecast,True,50,-0.143613117,0.515632349945,-0.0587517879868,-0.0891243571424,0.0269444930291,0.0427813654966,6.07108618911,6.11752671993,0.23354836028,-0.490341849069,1.44928954184,0.19403231643,0.272900059607,0.277549362038,0.267395317136,0.203758275345,4.59308190969,0.197267271723,0.726463740354,9.60862398631,4.47109680077e-08,0.000255975213008,9.05692440264,1.40899152029e-06,0.00167106071136,9.62510439871,1.86488962977e-08,0.000162328171463,8.2070330653,2.15145888693e-05,0.0108496376927,10.0958135367,3.29445024972e-09,4.53278004121e-05,9.24128542549,2.37249929366e-07,0.00072189588922,8.22825934287,3.90421857432e-06,0.00762929159819,9.20228075734,1.96478496472e-07,0.000728224231633,8.9546908371,1.34237271944e-06,0.00186821010603,8.4655422722,6.4711993396e-06,0.00557173901529,8.22060988949,1.63786777031e-05,0.0102298339646,8.52593830944,4.47404532018e-06,0.00484406135809,4.60858564641,0.177565392487,0.343668191011,8.384740184,1.41977150403e-05,0.00788648476895,9.51447868307,3.91820344488e-08,0.00026102739937,5.28872418422,0.0561552370691,0.288048531491,7.29315117474,0.000322325098464,0.06697491017,8.71709696476,2.29011020988e-06,0.00317014758664,5.28911431042,0.0485086921919,0.169413114954,-0.177100674993,0.631244204887,-0.180532217026,-1.83302289248,-0.557973235846,-0.183631881311,5.46372924598,-1.74943823952,1.90617722171,0.865705432615,-0.244088548327,-0.154352153605,-0.0630122059506,0.172921599929,-0.0392933188718,-0.160900828478,0.535859238363,-0.121765449741,-0.0674995625366,-2.27371236176,6.46732299025e-07,0.00217275904435,-3.83194087164,2.4047391498e-05,0.0161831184098,4.75751182544,-6.85617057418e-07,-0.00347900958093,1.9988347353,-0.000269554186579,-0.049321844161,-3.76097527557,8.7451345893e-08,0.000744656940517,-3.10999340849,3.79699751574e-06,0.00666722268904,0.253404550222,-1.41231437733e-05,-0.00929195572247,0.88027762858,-4.73810535726e-07,-0.00150011978538,-0.13590455778,-1.32562325593e-05,-0.00246705030619,0.730884280485,-5.22698293972e-05,-0.011626650948,0.766451952207,-2.42786732779e-05,-0.0161371388796,-1.83417666126,3.77653950648e-05,0.0243589797797,0.506588036612,-0.120420906162,0.326164249084,-2.05953252181,-1.2959459848e-05,0.0379913550345,-1.50148752278,3.90651533126e-07,0.00150128700683,-3.1939539447,0.263345970523,-0.658928502011,-1.42072943964,0.00235077159964,0.144940352628,-0.752212224735,-7.10431211486e-06,0.000952216828833,1.78152729607,-0.105167174948,-0.274999322868
gradient_zero,20,0.19,0.199999988079,predicted,Actual proposal support boundary; monitored coordinates are pre-native endpoint forecast,True,50,-0.14725473758,0.520605813447,-0.0609074138069,-0.102404586115,0.0235124602652,0.0409812876246,6.10712062865,6.07138122504,0.244836477344,-0.47563075599,1.49902856202,0.192817742812,0.274179084737,0.281378640361,0.267531195668,0.198860816904,4.59331318327,0.197983911922,0.724153012863,9.59242252358,5.0203680862e-08,0.000274174292651,9.01357871373,1.67635673684e-06,0.00185266102829,9.66536797511,1.37293061605e-08,0.000135378279842,8.23624787699,1.79336399883e-05,0.0101426574033,10.0575704396,4.29266265469e-09,5.34537276152e-05,9.1998563468,2.94640140812e-07,0.00081501608758,8.23198825678,3.69069837461e-06,0.0074907006927,9.22031524328,1.82630480981e-07,0.000693819321985,8.96158698956,1.17205347119e-06,0.0018146890489,8.48707069046,5.72338431141e-06,0.00525709451989,8.23083295511,1.58885047972e-05,0.0100018061777,8.51010664765,4.8516723623e-06,0.00506161229976,4.61485514199,0.176308279178,0.351120648636,8.36735650325,1.407070306e-05,0.00823286908276,9.4941177015,4.47844584488e-08,0.00028248637705,5.26124332084,0.0585196535436,0.281926185126,7.27613647104,0.000350447172219,0.0687336913224,8.70772822912,2.14147107483e-06,0.00315688817326,5.32353708436,0.0464768023489,0.164261060446,-0.357681135095,0.122399128615,0.236526012421,0.181941047311,0.507989391684,-0.266902220565,-0.208317851254,-0.434071550823,-0.481213021606,1.68761705031,2.99123744365,-0.115917633668,0.122295040149,0.280756234835,0.0172425608008,-0.39447295167,-0.663298567627,0.22042582111,-0.220474009895,0.124648205564,-1.67990282075e-08,1.6474446048e-05,-2.28436658491,1.29129552766e-05,0.00938159429071,3.19687779485,-3.79728826375e-07,-0.00213813557102,1.46947329052,-0.000169879696653,-0.0366473754249,-4.13140591209,1.17228275571e-07,0.000915903773849,-2.57371010962,4.35060345081e-06,0.00632136839181,0.0892011405485,-7.73725531511e-06,-0.00366162769,1.28638759318,-9.59767871839e-07,-0.00243926745227,-0.157906824922,-6.2935381199e-06,0.000148597120503,2.78622275108,-8.13815484847e-05,-0.0381238949095,0.466484786553,-3.1664861234e-05,-0.0114900351218,-0.0645329107347,-1.05245226285e-05,-0.00131681202566,0.53814676465,-0.090168125401,0.699643807146,-0.531979772077,-4.81405694401e-05,0.0116447242032,-2.28656249326,5.97716468076e-07,0.0023104642513,-1.71971128114,0.161428422737,-0.326489614599,-0.961858319649,0.0015908657927,0.101427726889,0.347594725616,-1.59065518045e-05,-0.0086393664603,2.23052124638,-0.119961249827,-0.363574501199
gradient_zero,20,0.2,0.209999993443,predicted,Actual proposal support boundary; monitored coordinates are pre-native endpoint forecast,True,50,-0.150766739702,0.518080332517,-0.0540212677383,-0.0854855361962,0.0371042808628,0.0374433210853,6.06691983209,6.10884528892,0.223924099848,-0.456589508063,1.50911429071,0.191713963756,0.27534596041,0.283164486735,0.267740168352,0.195868816312,4.57981593834,0.201675788145,0.722054260156,9.61111695042,4.43749874436e-08,0.000256304701929,9.01123707094,1.66725062582e-06,0.00185869259717,9.68904195461,1.10543197701e-08,0.000119565460042,8.23642253111,1.81169949363e-05,0.0101166901842,10.0131854184,5.63901576113e-09,6.36458758891e-05,9.18981122329,3.24261998383e-07,0.000848323257056,8.23004336568,3.74947346801e-06,0.00755605904439,9.2280085092,1.77283139035e-07,0.000679438882588,8.9515327006,1.21650195704e-06,0.00187118204844,8.52126672722,4.84356836991e-06,0.0048092611171,8.22993958522,1.57453804784e-05,0.0100000332622,8.52464765123,4.26355486761e-06,0.00481772511757,4.6193485817,0.175762029979,0.357661067154,8.37410058856,1.32349036515e-05,0.00811937925302,9.4687474332,5.11363638103e-08,0.000307236684396,5.2543299586,0.0593838055239,0.281518739199,7.27391400835,0.000354142414318,0.0690034647077,8.72404885928,1.97197917379e-06,0.00299736025743,5.33372473535,0.0461094671954,0.16214162493,0.00953994847245,-0.862888738054,0.876552939415,0.80094897747,1.13012823462,-0.106158204155,-6.77783815556,4.2401546405,-0.90609536599,0.68678383173,1.62999699798,-0.0057412554836,0.208880586378,0.0457392235414,-0.012876248144,-0.203064890675,-1.67878870529,0.434614302995,-0.212518297692,0.649817444014,-8.38115932466e-08,-0.000430405190824,-0.321557169455,-3.50589697894e-07,0.000939964613275,2.32074367048,-1.91334449725e-07,-0.001228041455,1.93402778709,-0.00018426993735,-0.0447226003296,-4.31216354297,1.43208493343e-07,0.00104951334458,-0.590298783255,1.45529510656e-06,0.00162842322467,0.126386851073,2.78404828815e-07,-0.000892307774931,0.783958198547,-9.86823563624e-07,-0.00208808622586,0.17797225199,-3.85189276583e-07,-0.00012317369136,2.76256815368,-6.62621699952e-05,-0.034832516676,0.131962052363,-2.15435682467e-05,-0.00423474565174,0.221544940052,-2.88546822237e-06,-0.00304140731432,0.324859745139,-0.0228320241575,0.363358080437,1.42201285728,-0.000111153490537,-0.0250044196635,-2.57583265838,6.68422003207e-07,0.00260070168465,0.424662702998,-0.0510085733986,-0.0568625757206,-1.00974338331,0.00164390935928,0.107337843254,0.494605324524,-3.99672939122e-06,-0.00523153911336,2.52005144007,-0.115966757164,0.0431841736923
gradient_zero,20,0.21,0.219999998808,predicted,Actual proposal support boundary; monitored coordinates are pre-native endpoint forecast,True,50,-0.14706393861,0.503348038686,-0.0433763550186,-0.0863856065655,0.0461150249577,0.0388581235415,5.97156386554,6.15618431785,0.226714570024,-0.461895079356,1.53162850198,0.192702917702,0.278356696464,0.282293424832,0.267273670705,0.19479951909,4.55973740917,0.206676197982,0.719902646909,9.60541887246,4.8527448997e-08,0.000265566188835,9.00714757034,1.66934494289e-06,0.00187146032056,9.71178284852,9.90261716598e-09,0.000110817450742,8.27492843273,1.42482412413e-05,0.00924820539674,9.97132716869,7.15683252155e-09,7.44439945068e-05,9.18805037113,3.23746042943e-07,0.000847584552074,8.2345159938,3.69626647118e-06,0.0074728545372,9.23599440725,1.62894009709e-07,0.000652057597468,8.9651464346,1.16434968566e-06,0.00181222557508,8.54232205354,4.39814091151e-06,0.00456044418637,8.23347219616,1.54576334323e-05,0.00991711126471,8.51453754646,4.79396299785e-06,0.00500078415347,4.6213523369,0.175851638694,0.358387810245,8.3957967604,1.18476332492e-05,0.00773278068949,9.44260104833,5.81528985129e-08,0.000334500410743,5.2697365749,0.0574994820756,0.280788933612,7.25594160338,0.000383325359405,0.0708804481874,8.71762033561,2.06153648701e-06,0.00305225739099,5.37393811316,0.0441574672056,0.16512474392,0.334278002694,-1.21880884848,0.711601018906,0.00482599437248,0.280248323455,0.149164135682,-6.0444550701,9.4159555995,-0.319799668051,-1.29613264527,5.54930389147,0.00146836540868,0.14811575898,-0.202246684566,-0.106635944693,0.0131346040114,-1.42820274499,0.237951194147,-0.327203483949,-1.09448046112,5.10478612353e-07,0.00139504529015,-1.47573961806,9.50155468105e-06,0.00678475627333,1.26343481485,-5.82683841044e-08,-0.000460484563515,0.888686750741,-0.000147084717035,-0.0205200394579,-3.19168542541,1.00469488912e-07,0.000773366649072,-1.30949512497,2.00152796234e-06,0.00305669130299,0.316941389335,-2.58100870644e-06,-0.00527376696363,0.0526140751984,-5.78836938192e-07,-0.000970033568757,1.29359720067,-2.53973336308e-06,-0.00483310501369,2.58800690828,-5.37091605381e-05,-0.0310168692353,0.181042946714,-1.64635154261e-05,-0.00425394643103,-0.334814610858,2.75859173982e-05,0.00756925329804,-0.518664794678,0.145783744613,-0.165657704624,2.04598744538,-0.00011198052965,-0.0359844551652,-1.51674478719,2.81448767912e-07,0.00133997943064,1.04851210994,-0.130211668525,-0.123913034498,-1.65337483651,0.00269863785174,0.178337247513,-2.47265247965,3.19398490984e-05,0.0222883613209,1.44118094116,-0.0682735403266,0.267335187574
gradient_zero,20,0.22,0.229999989271,predicted,Actual proposal support boundary; monitored coordinates are pre-native endpoint forecast,True,50,-0.144081179648,0.493704155548,-0.0397892473602,-0.0853890163088,0.0427092473319,0.0404266037989,5.94603073069,6.29716440091,0.217528106487,-0.482512160968,1.62010036854,0.191743331064,0.278308275589,0.279119553043,0.265607449458,0.196131508392,4.55125188344,0.206434812028,0.715510190477,9.5892273412,5.45845596906e-08,0.000284205607732,8.98172227858,1.85728171944e-06,0.00199438772264,9.71431065091,9.88895208806e-09,0.000110355768772,8.25419626612,1.51753005956e-05,0.00970628939502,9.94935170994,7.64840553938e-09,7.91132088705e-05,9.16362132079,3.64292557629e-07,0.000909457083116,8.23638219347,3.69785329389e-06,0.00745058370512,9.2290607907,1.65706400271e-07,0.000660038211212,8.97740464462,1.16570728978e-06,0.00177451994817,8.57302686538,3.76938515914e-06,0.00418892373239,8.23356044415,1.54161101699e-05,0.00991495433353,8.51795135901,4.81527321558e-06,0.00496911018353,4.60897528581,0.178677704871,0.354347913061,8.41502033747,1.09952930585e-05,0.00739969014971,9.43841253746,5.67653391685e-08,0.000334036273009,5.2753002008,0.0567795721534,0.279040478509,7.24084651162,0.000408115171353,0.072570209658,8.67459580968,2.61077615576e-06,0.00344312748385,5.36254835418,0.0447439963888,0.167488328682,0.0927426522872,-1.42799206578,0.443214416504,0.413510918617,-0.196330711246,0.231942544365,-3.74733874601,14.1904293588,-1.05908557927,-2.76557995253,7.19755649458,-0.0957522432447,-0.0119728464846,-0.346290376235,-0.16503720151,0.176092951814,-0.596705444718,-0.00467028750711,-0.397642721232,-2.49471618391,7.45816713187e-07,0.00243852365424,-1.73539315104,1.2933408974e-05,0.00851432855973,-0.131723554486,2.74963273889e-08,0.000167261541815,-0.796544871858,3.55730104316e-06,0.0165889412088,-1.85214786508,1.25439379936e-08,0.000308483366496,-1.8437545622,3.09657753257e-06,0.00466688087724,0.460633626982,-4.58205886793e-06,-0.00824062002846,-0.626320927795,-2.19033835134e-07,0.000127824642143,2.0019583417,-3.85611335956e-06,-0.00732052428097,3.23379760573,-6.24934145531e-05,-0.0382554414043,0.0624218736974,-1.02217867911e-05,-0.00153156740042,-0.855343913028,3.53644741129e-05,0.0146161787328,-1.46925398334,0.35298996835,-0.538170738005,3.07386282648,-0.000123242062079,-0.051265969163,-0.374519814142,-1.71789848017e-07,-0.00010600099369,0.0465990180195,-0.0455618823232,-0.197416569661,-1.55486734406,0.0024532228557,0.186093111245,-3.88087570512,6.04119805626e-05,0.0375267756632,-1.06150765997,0.0640595344164,0.364478660366
gradient_zero,20,0.23,0.239999994636,predicted,Actual proposal support boundary; monitored coordinates are pre-native endpoint forecast,True,50,-0.145209085564,0.47478819737,-0.0345120666885,-0.0781153881931,0.0421884107327,0.0434969744288,5.89661709062,6.43999290503,0.205532858439,-0.517206678406,1.67557963187,0.190787872837,0.278117239535,0.275367617307,0.263972926675,0.198321378126,4.54780330027,0.206582792232,0.711949792485,9.55552454879,6.34437832608e-08,0.000314336661919,8.97243970732,1.92801312237e-06,0.00204174689175,9.70914837743,1.04525437138e-08,0.000114162681579,8.25899753529,1.43193872622e-05,0.00957998422091,9.93428421139,7.40771128142e-09,8.06136618367e-05,9.15117527989,3.85677593594e-07,0.000940922169618,8.24372866634,3.60462529383e-06,0.00730804213663,9.22346798869,1.58513333006e-07,0.000654614090311,9.00518560143,1.08722741847e-06,0.00166581508946,8.60699800565,3.14827262044e-06,0.00379533535829,8.23472063363,1.52531976964e-05,0.0098864799167,8.4974306682,5.50125248011e-06,0.00529310772812,4.59196725723,0.182911438061,0.347624395485,8.45727401693,9.38279200766e-06,0.00670746130623,9.43511065205,5.47171015526e-08,0.000332380390869,5.27066855526,0.0565882444292,0.276840602219,7.2248442565,0.000432389816519,0.0746023104123,8.64000282151,3.26977609826e-06,0.00380279290425,5.35270795996,0.0454386578939,0.172414317127,-0.407513236773,-1.38198493759,0.835196733475,1.27604684234,-0.640523994341,0.351895775586,0.608362102418,10.679012022,0.433739249562,-2.93676924402,-0.0888353708662,-0.13362045191,-0.0178192499716,-0.339601210012,-0.174990940581,0.189429770818,-1.06612523298,0.165003283739,-0.627315034434,-7.56843238987,3.15819814919e-06,0.00874733704096,-1.71284959374,1.44101490483e-05,0.00893594531191,-0.446905444138,7.68116932986e-08,0.000465146446076,2.33237756999,-0.000181781748811,-0.0505899884368,-0.573323375404,-4.74474671547e-08,-5.60979201498e-05,-1.67381318566,2.81541741387e-06,0.00442150952103,1.46294612216,-2.21736375202e-05,-0.0305078841085,-1.60450284883,8.91637327195e-07,0.00264283458982,2.43480112303,-6.08749194391e-06,-0.00905102507355,3.19083456277,-5.70706093191e-05,-0.0363521524617,-0.197636707065,1.77965216367e-05,0.00541571186344,-4.95293044003,0.000169831457073,0.0771858441317,-0.950445677418,0.18116909975,-0.560756742923,3.60865465361,-0.000125523151521,-0.0576785158107,0.191173750244,-2.89926046417e-07,-0.000676572926188,-3.39080355063,0.164187460401,-0.0650509054537,-0.73027544122,0.00121547519021,0.0821443852012,-4.29973880569,9.42610850977e-05,0.0486422100663,-3.64726297312,0.239344015199,0.196917795428
gradient_zero,20,0.24,0.25,predicted,Actual proposal support boundary; monitored coordinates are pre-native endpoint forecast,True,50,-0.152231444383,0.466064456796,-0.0230853126907,-0.0598680794621,0.0298987674451,0.0474645193107,5.95819797273,6.51074464135,0.226202891478,-0.541247545848,1.61832366113,0.189070922026,0.27795189059,0.272327528843,0.262107630646,0.199920103809,4.52992937878,0.209734877703,0.702963889788,9.4378586934,1.17748522674e-07,0.000459152348552,8.94746528671,2.14548470041e-06,0.00217310662888,9.70537254202,1.1425185954e-08,0.000119658697694,8.30084381752,1.15396656193e-05,0.00869448962628,9.93788524243,6.69945619629e-09,7.79912504675e-05,9.13014505708,4.20600905907e-07,0.000997887273536,8.26564111591,3.25438054348e-06,0.00684042602295,9.19697073373,1.83539146815e-07,0.000712894903009,9.02610066708,1.0439574509e-06,0.0015934994467,8.63684355664,2.62797297276e-06,0.00346188068316,8.22960771001,1.57720406026e-05,0.0100232685708,8.41889275021,8.21190235703e-06,0.00651282706617,4.58996637226,0.182301086866,0.343132778203,8.48719343054,8.48483002811e-06,0.0062461198335,9.44223601247,5.09668182402e-08,0.000320504814485,5.20748412979,0.0600633213614,0.2777394604,7.2262410028,0.000432424675157,0.074213097362,8.58860103357,4.49599785771e-06,0.00441597168518,5.28960309471,0.0495308766928,0.17142668459,-0.719349110805,2.2228146001,1.31588923931,-0.581467650831,-2.58100378513,0.276189164828,19.9593204437,0.440460513392,4.42014079307,-1.01149547151,-6.06323838285,-0.248231072615,-0.208675687835,-0.373059759131,-0.188905752386,0.226402291431,-2.74742158181,0.351159772747,-1.37480844788,-11.7973471555,7.20617876812e-06,0.0174208616409,-6.40564171953,7.18334129499e-05,0.0376420845225,0.048829739289,8.82763448319e-08,0.000479369042523,4.36812061062,-0.000261893901657,-0.0938942380849,3.09227771834,-1.45106758863e-07,-0.000945913596195,-6.22957134846,1.41551880114e-05,0.0201509200734,2.59521297831,-3.95559005487e-05,-0.0524876302326,-3.86129105174,4.54155406417e-06,0.00991070112738,-2.15619061435,1.9334230849e-05,0.0125809395464,2.54436283488,-4.78003671762e-05,-0.0297785881921,-0.46430909102,4.76224057889e-05,0.0125577261883,-8.18027444007,0.000328621038288,0.13536599335,0.789087921857,-0.333242909218,-0.241581565303,-2.22800202082,0.0001137338778,0.0353203440637,1.64230967577,-5.98849044436e-07,-0.00220186044933,-5.1044711178,0.313374240157,0.0884453219628,0.964354571072,-0.00153276920718,-0.12773499545,-7.94140951947,0.000190538498397,0.099716660599,-6.35050800138,0.396128628524,-0.0430745690561
gradient_zero,20,0.25,0.259999990463,predicted,Actual proposal support boundary; monitored coordinates are pre-native endpoint forecast,True,50,-0.159596067781,0.519244489372,-0.00819428190232,-0.0897447412097,-0.00943166496992,0.0490207577254,6.29580349949,6.4488021153,0.2939356743,-0.537436587837,1.55431486421,0.185823251385,0.273943725778,0.267906422124,0.260194811627,0.202849423955,4.49285486864,0.213605987687,0.684453623527,9.31957760568,2.07567358623e-07,0.000662753894736,8.84432687293,3.36468138137e-06,0.0027945885822,9.71012497222,1.22180706104e-08,0.000123750062429,8.3463599475,9.08150922906e-06,0.00770209945921,9.99612976576,4.50557610417e-09,6.16953899128e-05,9.02658385292,6.68781353823e-07,0.00134394057109,8.2956329259,2.81350728285e-06,0.00625828953198,9.14624216766,2.49344414289e-07,0.000852828112859,8.96206178914,1.47391203545e-06,0.00191743388039,8.65788526235,2.19226527692e-06,0.00319976359444,8.22543445181,1.62056458122e-05,0.0101376344405,8.33382517939,1.20736732459e-05,0.00800042759513,4.60774901567,0.176246579877,0.342792764179,8.41271397651,1.16574695637e-05,0.00741386818751,9.46795684556,4.27401206639e-08,0.000288343181882,5.1685791329,0.0628557292323,0.278609508658,7.24413134792,0.000401734432375,0.0720476105033,8.48117463112,7.08054606619e-06,0.00579712611623,5.22569779993,0.0533612304644,0.171552825746,-0.738504647831,3.02210938366,0.68556201458,-3.68087486923,-4.04609565437,0.0304866686264,28.8337046094,-7.97687941544,6.12114578119,1.10004737219,-3.32408572111,-0.221058682437,-0.303681008547,-0.340622103262,-0.123684669219,0.189851234582,-1.61339993006,0.14789842034,-1.45739263181,-6.80863599748,5.30160741816e-06,0.0119352243028,-9.34393238818,0.000130589642816,0.061094744525,0.435468919317,4.13767166569e-08,0.000246405411176,1.64194153561,-9.69775218216e-05,-0.0387265110515,6.35196259447,-1.87896903139e-07,-0.00154472606,-9.2015366698,2.91552656404e-05,0.0352149183671,1.55657753436,-2.33714559029e-05,-0.0308380987924,-4.11145260855,5.82517452968e-06,0.0119204260875,-5.85099206652,4.06591090889e-05,0.0303901310056,0.607027337698,-1.81305469685e-05,-0.0102712695109,-0.659841871707,7.39440832093e-05,0.018269339117,-4.74692393012,0.000218285504478,0.0834424564129,1.8475308574,-0.532975862701,-0.0234239223378,-8.23862951793,0.000416369297579,0.141352782827,2.68785041762,-6.89230410564e-07,-0.00287172939466,-1.00935680424,0.0746751716687,0.144552696353,1.8099910299,-0.00302314281874,-0.215027325934,-8.85702165326,0.000233571082533,0.121792025395,-4.52791431629,0.281602259911,0.0500458160403
gradient_zero,20,0.26,0.269999980927,predicted,Actual proposal support boundary; monitored coordinates are pre-native endpoint forecast,True,50,-0.16700153734,0.526506644469,-0.00937407239914,-0.133485576847,-0.0510231456423,0.0480742526832,6.53487206492,6.35120705304,0.348625807102,-0.519246598405,1.5518419467,0.184649748377,0.271878270419,0.265515086778,0.259633937262,0.2037171285,4.49766138018,0.21269284611,0.673816037152,9.30168597345,2.23780671038e-07,0.000697856834608,8.76058663894,4.75727755674e-06,0.00339500151938,9.71408192041,1.22527202872e-08,0.000124586805917,8.33368264823,9.60011518291e-06,0.00791995940525,10.0649244943,2.9415181335e-09,4.70967292676e-05,8.94611432368,1.00370621871e-06,0.00170218564088,8.2967726666,2.78695142542e-06,0.0062236640471,9.11474168156,3.00042637408e-07,0.000951303424759,8.90908082575,1.85713963268e-06,0.00220130206681,8.64898410339,2.26536203339e-06,0.00325645529294,8.21641087258,1.72509222668e-05,0.0103886553531,8.32395427161,1.25776124466e-05,0.00818167619443,4.62691698941,0.171641569612,0.342664299756,8.32242084018,1.68122159797e-05,0.00907317549004,9.49599302082,3.71822100289e-08,0.000263070226592,5.1872969937,0.0615568247948,0.280630514327,7.26244082339,0.000371961818782,0.0699125508433,8.4114606005,9.16741950837e-06,0.00685181219308,5.19904480839,0.055162921891,0.172427600911,-0.348206194446,0.0585204243938,0.153019547463,-2.73913774639,-3.21488673985,-0.0283744726149,18.3532045738,-6.70183980357,4.41781773599,1.24102678651,2.7642262564,-0.0871298245382,-0.139980001484,-0.182055243065,-0.0658346284109,0.0410863233236,0.542355258676,-0.0792416436648,-0.774966688729,-0.833402805935,8.64191611441e-07,0.00166563994823,-6.68455230562,0.000124306708561,0.0507225055509,-0.102795495612,2.80602145493e-08,0.00023053281945,-1.46010450404,6.36362809721e-05,0.0269358547826,5.80060013382,-1.1723520427e-07,-0.00114277152407,-6.29297657556,3.03810254234e-05,0.0300192677445,0.138696283971,-2.73679274761e-07,-0.00271638343795,-2.68679143542,4.40287073353e-06,0.00845349624502,-3.71038512123,2.8977900596e-05,0.0205977196365,-0.167279633632,1.33110943017e-06,0.000262695593396,-1.6540407997,0.000155640506422,0.0428356422529,-1.14046683154,6.77789146492e-05,0.0220478915366,1.67759089527,-0.359892490473,0.0142816981817,-6.63275014446,0.000421874199016,0.126633092464,2.32726862131,-4.32250442459e-07,-0.00201898284839,2.43692694235,-0.168786634439,0.23760736845,1.18455137912,-0.00204141949309,-0.131283449916,-5.44984557724,0.000191277387808,0.085944580135,-1.78695058438,0.126837153171,0.0703174451873
gradient_zero,20,0.27,0.280000001192,predicted,Actual proposal support boundary; monitored coordinates are pre-native endpoint forecast,True,50,-0.16656019167,0.52041489786,-0.00513389095306,-0.144527496138,-0.0737293997669,0.0484532682731,6.66286759097,6.31476531923,0.38229202902,-0.512616052106,1.60959938934,0.184080654894,0.271144125748,0.264265317263,0.258878119059,0.203671150421,4.50370197381,0.212021154813,0.668954289753,9.30290954956,2.24851190852e-07,0.000696066693701,8.71063582681,5.85081555259e-06,0.00380903869322,9.7080690623,1.27792749014e-08,0.000128360718818,8.31715785742,1.03542348485e-05,0.00824081655487,10.1121417684,2.16087201877e-09,3.88399594315e-05,8.90072432141,1.27640186229e-06,0.00194432592598,8.29840685158,2.80803369736e-06,0.00620396186322,9.09250633895,3.3740182896e-07,0.00102189803776,8.88785408672,2.05347004737e-06,0.00232938827311,8.65453966968,2.21888746552e-06,0.00320501750631,8.19235363582,1.93184559406e-05,0.0109943472855,8.31101584276,1.34292515389e-05,0.00844138542587,4.64130083357,0.169048730068,0.343078398142,8.28005897362,2.0094953544e-05,0.00994653003678,9.51450221799,3.40951118147e-08,0.000247963524915,5.21731767175,0.0594799965435,0.283361656027,7.2678223755,0.000360906042513,0.069421941505,8.37217771957,1.09060938224e-05,0.00751601771893,5.18995878824,0.0558979735279,0.17295917465,-0.0554027289736,-1.38313619882,0.563580393791,-0.933120444417,-1.27918234468,0.121660509832,10.2915410225,-2.3915254845,3.06736586238,0.583694136907,7.06517676251,-0.0499338206453,-0.0504590747647,-0.0922909268303,-0.0767411649303,-0.011793824328,-0.0685821062346,0.0356478776615,-0.416227835856,1.17342468456,-9.88940893984e-07,-0.00231999283665,-4.29929800629,0.000102828649694,0.0371330756711,-0.834684783931,7.04624073209e-08,0.000485486447059,-1.33206738097,6.71106881775e-05,0.0266566035276,3.85428746161,-5.83650090814e-08,-0.000640373735641,-3.0625551825,1.89065120391e-05,0.0165198771365,0.571259937304,-6.30901754685e-06,-0.00975003152105,-1.94968428822,3.59440178667e-06,0.00649806712067,-1.85727588964,1.95543604694e-05,0.0117250254633,0.147651410497,3.49083106412e-07,-0.000805060560702,-2.80739571171,0.000250673068092,0.0720145286043,-0.0631652161835,4.7869507767e-06,0.000733583792295,1.41270156005,-0.251879452773,0.0794196558674,-3.72896785418,0.00032385649581,0.0782069958756,1.49313381,-2.71192575595e-07,-0.00130751165336,2.95825511607,-0.216708038528,0.129587322928,0.231693379149,-0.000854155142679,-0.000273341634152,-3.02624936327,0.000150742099072,0.0523582400682,-0.159941142572,0.019705033977,0.0124704423013
gradient_zero,20,0.28,0.289999991655,predicted,Actual proposal support boundary; monitored coordinates are pre-native endpoint forecast,True,50,-0.168109591919,0.498843920493,0.00189753547668,-0.152147985735,-0.0766067925358,0.0505074628798,6.74070288537,6.30337654335,0.409973124349,-0.507572715666,1.69314548195,0.183651071965,0.270869088924,0.263669268241,0.258099113963,0.203481252014,4.49628973805,0.213405803663,0.665491480435,9.32515446715,2.04001853158e-07,0.000651456977875,8.67460067882,6.81385055062e-06,0.0041376630328,9.69738822473,1.36619684336e-08,0.000134296534858,8.30704130061,1.09423289465e-05,0.00845309147581,10.1420102436,1.77421795187e-09,3.42892545548e-05,8.88486322003,1.3818364595e-06,0.00203258318361,8.30819786534,2.66077107449e-06,0.00602866341668,9.07574799579,3.71930673142e-07,0.00108126476717,8.87193530796,2.24822684207e-06,0.00243580257608,8.6519371316,2.27234369552e-06,0.00324035408173,8.16026295835,2.22643836287e-05,0.0118289459252,8.32269096728,1.26733514621e-05,0.00819634787027,4.65517102061,0.166603980557,0.344252692873,8.2478414831,2.32893458959e-05,0.0106373154075,9.52585569702,3.1758358517e-08,0.000236919993525,5.24646209602,0.0572226640242,0.283222260785,7.26707469098,0.000354878715929,0.0699070840107,8.35093561324,1.21822614898e-05,0.00789897699445,5.19584598554,0.0555570225706,0.172677009757,-0.16760775675,-0.915113204457,0.37523317337,-0.632732748985,-0.291858643293,0.135330886207,6.3256861757,-1.67017781415,1.80907945112,0.193791576699,5.67087207195,-0.030107618102,-0.0204420432931,-0.0404490867753,-0.0528197424342,-0.0144647297715,-0.403061711126,0.0500146411155,-0.216855602088,1.65478966848,-1.56115619313e-06,-0.00329805121671,-2.42025237881,6.56093055256e-05,0.0221773313007,-1.0447374628,8.71651747904e-08,0.000577088477568,-0.829853973474,5.08285991648e-05,0.017562492593,2.73764020241,-3.25172577989e-08,-0.000396952620374,-1.17163306485,7.79366880946e-06,0.00655846240431,0.571654053472,-8.03740933204e-06,-0.0100843259369,-1.03864922101,2.18189027801e-06,0.00369724682585,-1.35367840765,1.49962487136e-05,0.00874547839727,-0.436595200897,6.62602229105e-06,0.00478649577004,-2.22846245624,0.000211380769612,0.0587267695545,0.863893917204,-5.32548386688e-05,-0.0178118613765,0.84913150846,-0.160780222493,0.0710929089181,-2.63432977403,0.000260378163157,0.0578749728889,1.27266531646,-2.47296214689e-07,-0.00118106959394,2.18913436861,-0.165400544316,0.0201443293081,-0.0663392477219,-0.000259808054202,0.0269802963363,-1.21450089064,6.83536919197e-05,0.0218458744983,0.334325929295,-0.0207401583486,-0.0234160515846
gradient_zero,20,0.29,0.299999982119,predicted,Actual proposal support boundary; monitored coordinates are pre-native endpoint forecast,True,50,-0.169912346805,0.502112633771,0.00237077251434,-0.157182151117,-0.0795665726328,0.0511598859972,6.78938131449,6.28136176294,0.418473618042,-0.508740220572,1.72301683078,0.183478502532,0.270735284882,0.263456335528,0.25782172421,0.203381855826,4.49564073959,0.213021447636,0.664617177711,9.33600534293,1.9362806699e-07,0.000630105669367,8.66223077924,7.1630016631e-06,0.00425258531924,9.68717431305,1.45225783972e-08,0.00013990248837,8.30056077795,1.13708068318e-05,0.00859206640672,10.1668945725,1.51052686279e-09,3.09009070241e-05,8.87729166011,1.43227523848e-06,0.00207549517406,8.30983993265,2.64728551072e-06,0.00600227534448,9.07173335453,3.8103963452e-07,0.00109584297428,8.86078051856,2.35339502164e-06,0.00250429784106,8.64580776566,2.35140791134e-06,0.00330074742171,8.14778438669,2.35460713329e-05,0.0121688826766,8.32829372111,1.23641547655e-05,0.00808514819834,4.65828346374,0.165833125618,0.344500256321,8.22737237814,2.53025168071e-05,0.0111040294946,9.53995552432,2.91491875209e-08,0.000224342133036,5.26110035912,0.0561719856572,0.283764542613,7.26649559055,0.000355709881429,0.0699615474317,8.34788770176,1.22731676608e-05,0.0079529352089,5.19664530683,0.0554831703609,0.172490853618,-0.447818921952,2.41285053172,-0.126889467239,-0.0286480784416,-0.310378760099,0.0272373518055,3.08475766152,-1.26669189666,0.317468759963,-0.221374240527,2.19960209955,-0.014132683441,-0.0120617818987,-0.0171574723184,-0.0167104922739,-0.000967867919632,0.23956586962,-0.0929230622938,-0.032224004115,0.51268913644,-4.7078843813e-07,-0.00100469529817,-0.210864849386,4.27207951125e-06,0.00165083443518,-1.20085274881,1.04045132344e-07,0.000660069479933,-0.70232233613,4.30642844563e-05,0.0149889497128,2.20146220904,-2.18960527907e-08,-0.000288461433354,-0.129479744875,4.64306377367e-07,0.000599218741405,-0.0734115983059,1.35433044126e-06,0.00137862049152,-0.297315930543,6.63701954559e-07,0.00108188906873,-0.525295944613,4.33183993729e-06,0.0030977732781,-0.494976747522,6.10105723209e-06,0.00486338759568,-0.947616491075,9.64093173053e-05,0.0258847131884,0.489812271538,-2.85385503473e-05,-0.00987311868818,0.0526638703361,-0.0268665784727,0.00499729805664,-0.922690944191,8.4709313893e-05,0.0212066374894,1.3971694502,-2.42440876126e-07,-0.00119232838156,0.885612057842,-0.0624435817045,0.0800981711941,0.114338278345,-0.000139923894207,-0.015543528361,0.104270787882,-1.79290086022e-05,-0.00211710362287,-0.335246480389,0.0205409962625,-0.0126457181792
gradient_zero,20,0.3,0.310000002384,predicted,Actual proposal support boundary; monitored coordinates are pre-native endpoint forecast,True,50,-0.177065970358,0.547100931127,-0.000640253868106,-0.152720947304,-0.0828143677378,0.0510522099159,6.8023980386,6.27804270541,0.416322499549,-0.512000200477,1.73713752395,0.183368418296,0.270627853286,0.263326118795,0.257764904118,0.203461894655,4.50108105545,0.211547342417,0.664847000353,9.33540824987,1.94586084395e-07,0.000631363071911,8.67038338183,6.89929214085e-06,0.0041706797215,9.67337116976,1.57428710805e-08,0.000147497924457,8.29299485389,1.18036146356e-05,0.00875287047006,10.1860394877,1.33629689605e-09,2.85200258877e-05,8.88227362514,1.39112258704e-06,0.00204456755844,8.30672963338,2.68785768331e-06,0.00605623582651,9.06980167718,3.85204712233e-07,0.00110290254855,8.86142938906,2.33486364081e-06,0.00249775804164,8.64203759665,2.39436484016e-06,0.00333762183364,8.14131062852,2.41925699748e-05,0.012346640189,8.33248721272,1.21025804552e-05,0.00799888549651,4.65622429801,0.166066648987,0.344352638834,8.22938766421,2.49835321737e-05,0.0110614481573,9.55379908602,2.69095409945e-08,0.000213073425894,5.26417433718,0.0559737923901,0.284824224209,7.26936145654,0.000352080238044,0.0695962134434,8.353021029,1.18236813178e-05,0.00785663492199,5.18914105593,0.0559678424958,0.172424095393,-0.419134131172,1.94770998297,-0.109565854073,0.542245417833,-0.0453103780747,0.0264582437868,1.87359316429,-0.475097256216,-0.299578184476,-0.594690613359,1.33704826106,-0.014628835312,-0.0101592434171,-0.0169376460258,-0.0106383653087,0.00880229214568,0.275208245343,-0.09279605002,0.0235925110245,-0.0447843701802,6.1403428779e-08,8.99255101439e-05,0.44698469882,-1.4100226161e-05,-0.00441947209975,-1.32821256618,1.20671353749e-07,0.000740978304489,-0.280030173376,1.93581824271e-05,0.00612399377965,1.63383853821,-1.43170115145e-08,-0.000199003089826,0.302654548464,-2.09524027326e-06,-0.00174749143798,0.000919155481313,9.22912381561e-08,-1.3728059142e-05,-0.142737899463,2.88867943928e-07,0.000492159077653,-0.291609963199,2.88086151497e-06,0.00185721217142,-0.240220875305,3.08007010229e-06,0.0025879109733,-0.667248661795,6.5769400556e-05,0.0182025467603,0.110703495239,-9.40823660784e-06,-0.00277433796739,-0.248806598848,0.02970811713,-0.0236437633044,-0.186129043816,1.56735344627e-05,0.0044990066945,1.26682301971,-2.11591172625e-07,-0.0010603074779,0.126857332086,-0.00727897906967,0.0883737174153,0.0336068114933,1.34180657695e-05,-0.0070424917045,0.516231442603,-3.35860319202e-05,-0.00950020688018,-0.374542732283,0.0218724020043,-0.00544622657924
gradient_zero,20,0.31,0.319999992847,predicted,Actual proposal support boundary; monitored coordinates are pre-native endpoint forecast,True,50,-0.178295029428,0.54106683343,0.000179455432889,-0.146337242761,-0.0804727801943,0.051689050873,6.82685317777,6.27185981782,0.412482054353,-0.52063403284,1.749757796,0.183185925826,0.270532100014,0.263117582607,0.257608956904,0.203557901669,4.50114490449,0.211165526635,0.665089027931,9.33510965552,1.94856135565e-07,0.00063190417957,8.67117047322,6.88099713988e-06,0.00416419587724,9.66061006172,1.69360054722e-08,0.000154722054459,8.29496017449,1.17579704803e-05,0.00871454628232,10.1995713432,1.2241866325e-09,2.69208452275e-05,8.88334475108,1.39037043301e-06,0.0020405453453,8.30985831576,2.64913133548e-06,0.0060020007833,9.06887859654,3.86816993399e-07,0.00110568615583,8.8549483193,2.41101225194e-06,0.00254144208449,8.64100334815,2.41300931339e-06,0.00335250564118,8.13443941346,2.4861459344e-05,0.0125329336118,8.33050779101,1.21759900333e-05,0.00802966143899,4.65330733177,0.16642728796,0.344027381054,8.22364979726,2.56159874964e-05,0.0111940096284,9.56529198471,2.49173640684e-08,0.000203135983478,5.26363750576,0.0560264060758,0.285532016961,7.26716772678,0.000355978242745,0.0698206975977,8.35821233061,1.16014470223e-05,0.0077629310713,5.18915445218,0.055920618401,0.172381929087,-0.236085234127,0.434697304325,0.21347630024,0.221036314964,0.537902027369,0.117767076665,0.724231755914,-0.222828930838,0.181458163272,-0.986058031164,1.25898754238,-0.00485669846496,-0.00132363289053,-0.00328643658342,-0.00668872775494,-0.00386213751116,0.00390559278478,0.0146090125814,0.0747333438443,0.84077792492,-8.29253867919e-07,-0.00164936973997,0.200033437974,-5.20546085046e-06,-0.00180143207732,-0.73426160699,7.54397149887e-08,0.000438845999228,0.370767694905,-1.64968667036e-05,-0.00762182164007,0.424165671779,-3.74556749733e-09,-5.26140717093e-05,0.237249839144,-1.25371598241e-06,-0.00123151421769,0.532684656874,-6.67278781658e-06,-0.00936482840888,-0.42194194291,7.84314374643e-07,0.00146293641792,-0.520262582479,6.07304122008e-06,0.003474973851,-0.225948367747,3.05454060044e-06,0.00242465631035,-0.559443470377,5.61622332944e-05,0.015246679991,-0.263018888041,1.46336764351e-05,0.00505034195179,-0.104601771794,0.027908573753,0.00520791240739,-0.418463871111,4.58330889561e-05,0.00968292091737,0.335190303943,-5.94324717916e-08,-0.00029902261859,1.03039714869,-0.067574227913,0.033009985562,-0.237647769048,0.000336183119725,0.0281289993011,0.531304385419,-2.51248479057e-05,-0.00946271023244,0.756059717717,-0.0427498125529,-0.0130772923897
gradient_zero,20,0.32,0.329999983311,predicted,Actual proposal support boundary; monitored coordinates are pre-native endpoint forecast,True,50,-0.181787675041,0.555794877214,0.00362927213668,-0.148300221004,-0.0720563271904,0.0534075514493,6.81688267372,6.2735861268,0.419951662814,-0.5317213611,1.76231727479,0.183271284326,0.270601380628,0.263260390063,0.257631129563,0.203384651905,4.5011591673,0.211839522669,0.66634166723,9.35222380837,1.78001007037e-07,0.000598375677112,8.67438405059,6.79518292384e-06,0.00413465107996,9.65868593762,1.72516653802e-08,0.000156274844441,8.30041020779,1.14736773015e-05,0.00860043403726,10.1945228012,1.26138554611e-09,2.74677444535e-05,8.88701862192,1.36604826739e-06,0.00201993727408,8.31738332651,2.55440192698e-06,0.00586893925833,9.06136283832,4.00890999726e-07,0.00113216127691,8.85102413741,2.45632446521e-06,0.00256725751866,8.6375186293,2.45545565217e-06,0.00338611495985,8.13012175912,2.53158146407e-05,0.0126515737888,8.32722683495,1.23952539839e-05,0.00809989233554,4.65413226258,0.166624820462,0.344456797083,8.22101838679,2.59001939529e-05,0.0112551065757,9.5605028921,2.57208915587e-08,0.000207092973522,5.28478228016,0.0546223078319,0.285484423921,7.26460850116,0.000358803900439,0.0701587934295,8.36364711671,1.13211843596e-05,0.00766738071734,5.20426225028,0.0551128462447,0.172162549546,-0.175248309064,0.17200658584,0.313434958458,0.24035397172,0.5436001122,0.0708325675725,-0.00191610754501,1.18297546306,0.735539985049,-0.0875782583825,0.656802595701,-0.013184682465,-0.0115050079131,-0.0144333359265,-0.00806529858272,0.00276841038365,-0.0547253846854,0.0236100140273,0.0613132376779,0.579584852879,-5.85516583743e-07,-0.00116051773862,0.373644876872,-1.01589310766e-05,-0.0034353808936,-0.291446215305,5.35872889649e-08,0.000248386615038,0.27440764434,-1.30788876835e-05,-0.00569802279755,-0.888918224194,7.5827802439e-09,0.00010811099321,0.354987991458,-1.95673262698e-06,-0.00186088462562,0.3884855079,-4.51097576106e-06,-0.00672747902053,-0.673011871601,1.3842346848e-06,0.00243649440432,-0.390081548923,4.16053780213e-06,0.00257243362629,-0.100415128112,9.88705184148e-07,0.00119416414884,-0.625457142268,5.92236403599e-05,0.0171419925663,-0.628015058079,3.768883537e-05,0.012557881574,0.520171208707,-0.0572453434541,0.0937342140927,-0.0958993631708,2.25316291358e-06,0.00260398810122,-1.02610882845,1.96510681984e-07,0.000945330184031,1.0671847657,-0.0672820520406,0.0361766263759,0.0599230047182,-0.000137897417677,-0.00471444139977,0.582295429626,-3.06710460595e-05,-0.0103441508822,0.617050938066,-0.0311652986506,0.00144162003034
gradient_zero,20,0.33,0.340000003576,predicted,Actual proposal support boundary; monitored coordinates are pre-native endpoint forecast,True,50,-0.181799995609,0.544506965147,0.00644815460205,-0.141530163326,-0.0696007779503,0.0531057022244,6.82681485562,6.29551932708,0.427192854054,-0.522385598007,1.76289384791,0.182922232177,0.270301999856,0.262828915888,0.257447650933,0.203613269877,4.5000503968,0.211637726916,0.666315292685,9.34670135258,1.8314580389e-07,0.000608693824797,8.67864337075,6.67781851835e-06,0.00409548825937,9.65478113742,1.80077512515e-08,0.00015968978676,8.30044832737,1.14963927267e-05,0.00860058582637,10.1817929788,1.37584223738e-09,2.90830650917e-05,8.89044451091,1.35123578048e-06,0.00200332765279,8.31762802592,2.55891182026e-06,0.00586745120289,9.05541835911,4.14501687095e-07,0.00115441604392,8.84714668832,2.49422300798e-06,0.00259289075701,8.63899504559,2.43278341707e-06,0.00337638892416,8.12193027061,2.60459321512e-05,0.0128757734631,8.31794748985,1.29297667407e-05,0.00828081907047,4.66371075594,0.165282381091,0.345902065336,8.22173181,2.56610507547e-05,0.0112460893905,9.54476980814,2.88475777081e-08,0.000222042587158,5.28498120108,0.054680765035,0.286255549489,7.26836618687,0.000353220294391,0.0697264087697,8.36985823921,1.09880261012e-05,0.00755604805365,5.20149547094,0.055297312428,0.172410761487,-0.233015717564,-0.608941143372,0.24760222435,0.751560419798,0.110145270824,-0.0163914488966,1.10724571352,0.890697206078,0.607808157142,0.714851189806,0.0374255408442,-0.0196677955032,-0.0188232611058,-0.0273911655631,-0.0129564944825,0.0128062916578,-0.091020975442,-0.00639450049163,-0.00360128453305,-0.627932628265,5.80340691115e-07,0.00118392044065,0.424778217912,-1.16411359475e-05,-0.003910609089,-0.442662467971,6.42025217736e-08,0.00032096088867,0.100808848743,-3.02839407307e-06,-0.00200581178321,-0.211145609862,2.11993416346e-09,3.06532498925e-05,0.442030109182,-2.33813066582e-06,-0.00230598681732,0.0740341187608,-4.55005427223e-07,-0.00114641530607,-0.413875617795,8.75857340658e-07,0.00148293953282,-0.259672737572,2.91528354379e-06,0.00179602607438,0.10234593497,-1.3797080082e-06,-0.000509864298043,-0.904547772196,8.93278039107e-05,0.0253407877237,-0.874713226292,5.02325174445e-05,0.0170242451279,0.743086204726,-0.110167234083,0.11431124254,0.0787823630627,-1.48915483761e-05,-0.00149510669144,-0.773552405578,1.64678141433e-07,0.000769647889335,-0.133036625739,0.0158944115544,0.0807721389241,0.286853453365,-0.00043256960751,-0.0323663532352,0.58608434101,-2.89316342601e-05,-0.0104050853631,-0.278009661673,0.0173839543614,0.0210260292652
gradient_zero,20,0.34,0.34999999404,predicted,Actual proposal support boundary; monitored coordinates are pre-native endpoint forecast,True,50,-0.186447989392,0.543616054346,0.00858131662369,-0.133269012609,-0.0698534217739,0.0530797224713,6.83902758799,6.29140007092,0.432107825957,-0.517424337304,1.76306578561,0.182877928416,0.270224915406,0.262712566752,0.257371999673,0.203640777738,4.49933874779,0.211711632659,0.666269641539,9.33966515581,1.89607820859e-07,0.000622054085925,8.68287961495,6.56236020489e-06,0.00405643889818,9.64983268826,1.85357158157e-08,0.000162694062215,8.30242638476,1.14131094201e-05,0.0085603178016,10.190299889,1.30378422938e-09,2.80808094514e-05,8.8958592241,1.31928565408e-06,0.00197381753774,8.31886400889,2.54530181844e-06,0.00584601095221,9.05308532597,4.18408146539e-07,0.00116182006756,8.84583068266,2.51463013609e-06,0.00260317804015,8.639565548,2.42786149201e-06,0.00337591767389,8.11203080367,2.71023707189e-05,0.0131583895433,8.30973257043,1.33999043328e-05,0.0084403772381,4.66899398667,0.164421475781,0.346743021933,8.22259403405,2.56023629853e-05,0.0112252044419,9.54503184399,2.90144543873e-08,0.000222485931309,5.28212154764,0.0549401960629,0.287099866699,7.27034557023,0.000350152508289,0.0695114663648,8.37536880353,1.07425516744e-05,0.00745927901008,5.19870205705,0.055460525332,0.172583070131,0.00716721190996,-0.372814727747,0.200481653214,0.593330144882,-0.129167973995,0.0305444504029,0.84037744431,-0.207383799357,0.363895765404,0.125703542192,-0.00689526267983,-0.00432399637388,-0.00775685533181,-0.0116518902566,-0.00470033309484,0.0039811831563,-0.12214252845,0.00989115284034,-0.0185825316333,-0.595832397564,5.76117923438e-07,0.00115633568976,0.281830508836,-7.30466869842e-06,-0.00254807307504,-0.400329635539,4.32485662054e-08,0.000246513907033,0.0546083183339,-3.03874744586e-06,-0.00117583553107,0.754329461065,-6.30375223298e-09,-8.86443496136e-05,0.438146014163,-2.97636426226e-06,-0.00251696483627,0.199126309007,-3.2633506543e-06,-0.00379656109683,-0.402397764617,7.82713950166e-07,0.00140067483566,0.0313082586438,-6.11936623259e-07,-0.000234988101227,0.0412187749338,-1.95402254172e-07,0.00010191508554,-0.658139021468,6.98982451329e-05,0.0188985994927,-0.587235238276,3.27949489485e-05,0.0113092777363,0.358784166452,-0.0626970105859,0.0400505795763,0.159567425442,-2.16918302256e-05,-0.00343715228235,0.107472145037,-5.73032051509e-09,-5.18748153146e-05,-0.19688125665,0.0177558429068,0.0536279797461,0.0423225810671,-0.000132203977633,-0.00059957426658,0.375594931926,-2.00888855822e-05,-0.00658264215495,-0.257076974952,0.0160755818216,0.0174592216327
gradient_zero,20,0.35,0.359999984503,predicted,Actual proposal support boundary; monitored coordinates are pre-native endpoint forecast,True,50,-0.181656651371,0.537050670592,0.0104577876663,-0.129663560429,-0.0721841374302,0.0537165912325,6.84362240451,6.29137165109,0.434470769362,-0.519871527163,1.76275594266,0.182835752249,0.270146862749,0.262595878083,0.257353644271,0.20369289354,4.49760754623,0.211835549973,0.665943642052,9.33478470463,1.94668162359e-07,0.000631820538592,8.68427998093,6.53172514439e-06,0.00404452679787,9.64677454471,1.88727225756e-08,0.000164620064901,8.30154049374,1.14356177778e-05,0.00857706911575,10.196879568,1.24976719272e-09,2.73101780995e-05,8.89920743119,1.29170849523e-06,0.00195298835607,8.3216105521,2.49364480717e-06,0.00579151998095,9.04737040382,4.30155966098e-07,0.00118242954063,8.84777285349,2.48198427552e-06,0.00258819099499,8.63981942109,2.42887537199e-06,0.00337842722587,8.10876749018,2.74438970539e-05,0.013253745453,8.30620278508,1.35856657197e-05,0.00850700462519,4.67088643927,0.16402844088,0.346703076928,8.22492315851,2.52272141502e-05,0.0111773463448,9.54691925104,2.87329712978e-08,0.000221005090852,5.28104357594,0.0550358818931,0.287328109084,7.26921263849,0.000350576214838,0.0697144172843,8.37737013784,1.05862483895e-05,0.00742439521055,5.19635393145,0.0556188240644,0.17275994592,0.315560338676,-0.357829963594,0.258453428745,0.56056112051,0.223376870155,0.0696914727976,-0.0270979890276,-0.18060204054,0.189527140497,-0.487894722143,-0.236345707399,0.00252305967931,-0.000927823938701,-0.00271547331322,0.00127014524857,0.00286145546449,-0.236162990698,0.0422588985782,0.038101401296,-0.30972268803,2.87765365648e-07,0.00058738051995,0.408696357503,-9.93804562718e-06,-0.00356803204226,-0.0743685250424,-2.72117171385e-09,-3.00727666987e-07,0.45759299309,-2.33899124603e-05,-0.00930137466387,0.458463978735,-4.00592921543e-09,-5.78966058588e-05,0.483183402377,-3.15732478252e-06,-0.0026911008013,0.450833630022,-6.51131790861e-06,-0.00811434703631,-0.371708457492,7.6672426828e-07,0.00133308983741,0.237822991686,-3.51189612089e-06,-0.00175538464091,0.0066890973381,7.30286484997e-07,0.000429037640052,-0.4766306581,5.4351779558e-05,0.0138845059903,-0.652398901653,3.76784021609e-05,0.0129010229898,0.0360715094797,-0.0105140345,0.0139674840014,0.379147709018,-4.60564998242e-05,-0.00844201577493,0.282776790272,-7.26251665187e-08,-0.000327956667807,-0.196397792797,0.0162923365617,0.0152022055247,-0.168382284254,0.000197233323078,0.0228118486068,0.570485835442,-2.54745172742e-05,-0.00980249763386,0.14676068948,-0.0105699591673,0.00571640491589
gradient_zero,20,0.36,0.370000004768,predicted,Actual proposal support boundary; monitored coordinates are pre-native endpoint forecast,True,50,-0.180136782619,0.536459455074,0.0137503851986,-0.122057790198,-0.0653858843708,0.0544735519273,6.83848562821,6.28778803011,0.435898368767,-0.527182231747,1.75833887146,0.18292838961,0.270206358927,0.262658257286,0.257397402578,0.203698006847,4.49461548798,0.21255681063,0.667031669565,9.33347070205,1.95363128172e-07,0.000633801696324,8.6910535421,6.36359929235e-06,0.00398507825733,9.64834531776,1.84812923814e-08,0.000162688047662,8.31157824463,1.09453111708e-05,0.00837429030832,10.1994691685,1.22366564507e-09,2.69228773342e-05,8.90552289215,1.25613915843e-06,0.00191999552171,8.32788068149,2.41507546026e-06,0.00568372401148,9.04565115682,4.33742631905e-07,0.00118848186431,8.8505871425,2.44439221367e-06,0.00256807034733,8.63969932994,2.44246722171e-06,0.00338449842669,8.10249819051,2.818940631e-05,0.0134360796631,8.2966845924,1.4153472376e-05,0.0086983976979,4.66971541686,0.164211195091,0.347022371613,8.23017698823,2.46812329889e-05,0.0110563641264,9.55068737979,2.75619510569e-08,0.000215926797952,5.27819359178,0.0552660427942,0.28740391081,7.26697792454,0.00035409717475,0.0699677033369,8.38677852023,1.0233061329e-05,0.0072632290574,5.20163727084,0.0552491261486,0.172697398229,-0.0682858337513,-0.53000997542,0.0873587727547,0.311436027289,0.419309169054,0.0261063822776,-0.24933813361,-0.139224959531,-0.010704944297,-0.409704039852,-0.272145831111,0.00296382318803,0.00212119296762,0.00415538999101,0.00285070447845,4.21982200915e-05,-0.0718080700838,0.0257824936768,0.0627696809806,-0.0451576751976,2.55932178314e-08,6.86394191057e-05,0.242266969006,-5.70224490011e-06,-0.00207456751734,0.156173197664,-3.02080510274e-08,-0.000155152971396,0.560120854481,-2.72045530588e-05,-0.011268761712,0.0214850098669,-5.30718353009e-10,-7.92094229625e-06,0.260855210783,-1.40370001732e-06,-0.00133288622702,0.262454702634,-3.256374126e-06,-0.00446746154481,0.0699300505474,-1.87958871184e-07,-0.000281081437442,0.0816918921621,-9.72177075177e-07,-0.000565488164962,-0.0132602096373,3.00236930819e-07,0.00016124041723,-0.271318028836,3.61391055572e-05,0.00798518763041,-0.385341184448,2.28694807672e-05,0.00777489836679,-0.193177065145,0.0310212206057,0.0114432754633,0.19990132423,-1.97242742788e-05,-0.00465964875492,0.290763742908,-8.24391075058e-08,-0.000364047129105,-0.227563550837,0.0171909619973,-0.0104068333863,-0.0666233141577,0.00014089433006,0.00595029679972,0.413945016843,-1.38540539522e-05,-0.00705296337275,0.28808476444,-0.0203102750063,-0.00881034904965
gradient_zero,20,0.37,0.379999995232,predicted,Actual proposal support boundary; monitored coordinates are pre-native endpoint forecast,True,50,-0.183022368046,0.526450471084,0.0122049631214,-0.123434839883,-0.0637979540491,0.054238718878,6.83863564183,6.2885871519,0.434256670476,-0.528065607961,1.75731302604,0.182895028713,0.270189286608,0.262678985883,0.25741065836,0.203693737504,4.49617138483,0.212351199846,0.667199035672,9.33388155112,1.95180026716e-07,0.000633193326975,8.68912532031,6.41768024638e-06,0.00400303544752,9.64989800866,1.8268561555e-08,0.000161517005473,8.31274291083,1.08915267166e-05,0.00835169388151,10.1973092682,1.23915282566e-09,2.71517592535e-05,8.90442453541,1.26363449488e-06,0.00192633063152,8.32685964615,2.42851732465e-06,0.00570217075006,9.04876900483,4.26396788674e-07,0.00117680791188,8.84940669134,2.46254073401e-06,0.00257688123169,8.6395542169,2.43488011061e-06,0.00338165203421,8.10334112961,2.8166679165e-05,0.0134134492056,8.2984959614,1.4043055335e-05,0.00866250259253,4.66702289797,0.164648865292,0.346931942437,8.22892118499,2.48327286646e-05,0.0110841533697,9.5527345259,2.70841891476e-08,0.00021372414827,5.27649230493,0.0553797011331,0.287119972416,7.26788017221,0.00035339410144,0.0698334232203,8.38564903818,1.03091673105e-05,0.0072833359431,5.20211562673,0.0552126185643,0.172583738939,-0.429042866273,0.00226432125476,-0.139898002148,-0.200069308281,0.140999555588,-0.005002358856,0.0109027117194,-0.433718492136,-0.147061627965,-0.258933337449,-0.155244620476,0.00366516741026,0.00506421808031,0.0118356644138,0.00152039669975,-0.0108894911371,0.0855526266325,-0.0151460522446,0.0326338171827,0.14391699572,-1.14611155163e-07,-0.000255826621409,-0.218872401559,6.31547444377e-06,0.00203230470273,0.240934857678,-3.51561396523e-08,-0.000189417066906,0.224519530278,-1.07026915552e-05,-0.004449436054,-0.0883986671017,6.5670705945e-10,8.89925250713e-06,-0.0776258383289,3.2189343653e-07,0.000357517266709,-0.046683809903,5.30825151618e-07,0.000824176320604,0.293545968985,-6.97505202778e-07,-0.00109419191661,-0.190687179542,2.76522317027e-06,0.00138999697811,0.0207742558513,-1.48248063958e-06,-0.000734587121162,0.161865111846,-1.02283257663e-05,-0.0044617829512,0.1705979584,-9.9980423086e-06,-0.00338446117365,-0.338720356652,0.0471232461296,-0.0175032350112,-0.21294602903,2.7612154769e-05,0.0046669047676,0.43448609961,-9.37060169062e-08,-0.000436564564712,-0.0399651397479,0.00186698477824,-0.0200084777929,0.0681167608861,-6.58659423663e-05,-0.0095558557325,-0.0764906222982,6.52264704173e-06,0.00134292842921,0.181870026038,-0.0118927006411,-0.0169329221715
gradient_zero,20,0.38,0.389999985695,predicted,Actual proposal support boundary; monitored coordinates are pre-native endpoint forecast,True,50,-0.188717639944,0.536504741499,0.0109524251556,-0.126059176364,-0.062565893259,0.0543735047502,6.83870368245,6.27911366027,0.432957136207,-0.532360898496,1.75523397905,0.183001692958,0.270307643289,0.262894970574,0.257427810512,0.203480217025,4.49632654051,0.212253889585,0.667684345909,9.33634904196,1.93070905069e-07,0.000628685163895,8.68667609407,6.48990878122e-06,0.00402572435139,9.65316401491,1.77781695884e-08,0.000158899706323,8.31606863523,1.07312573397e-05,0.00828530158724,10.1977011952,1.23679978626e-09,2.71008623843e-05,8.90397037538,1.26257702716e-06,0.00192714586704,8.32694700529,2.4256919633e-06,0.00570020753789,9.0515220762,4.19792527849e-07,0.00116659802598,8.84677339891,2.49969667708e-06,0.00259587028689,8.64011481506,2.41281760891e-06,0.00336980668427,8.10573549275,2.79848397947e-05,0.0133468440041,8.30009655156,1.39535115298e-05,0.00863070847443,4.66294100973,0.165153660013,0.346672306913,8.22591806765,2.52334760842e-05,0.0111497022217,9.55937710179,2.56878307188e-08,0.000207195506658,5.27739428899,0.0553033824897,0.287003741254,7.26834025976,0.000352779855903,0.0697765862222,8.38524870779,1.03635142698e-05,0.00729008762599,5.20527467136,0.0550112721358,0.172358739786,-0.148137658089,0.863709311314,-0.285867273808,-0.33529534936,0.182934105396,0.0147379087265,-0.153740296827,-0.76020421617,-0.545827748044,-0.670190229408,0.0633877447618,0.00633890518607,0.0109976290496,0.0229320293721,0.00527307078001,-0.0171340634457,0.165595445968,-0.0276624647738,0.0287426215371,0.269331943593,-2.51010289937e-07,-0.000495195528212,-0.210073065122,5.84466208165e-06,0.00189747835641,-0.056935863671,-4.01585385742e-09,1.66489782267e-06,0.333199311167,-1.79227602544e-05,-0.00673041696782,0.0376662453821,-5.08339831774e-10,-7.07717251056e-06,-0.14599526138,6.16806681382e-07,0.00069280822951,-0.0907273291497,1.02358853479e-06,0.00154137023439,0.508508629972,-1.09912755877e-06,-0.0018282527754,-0.0963246479865,1.59591294374e-06,0.000721708018386,-0.0475700921228,-7.01850144353e-07,-0.000234961091698,0.638506531809,-6.94610090743e-05,-0.0183568589602,0.335514473089,-1.89334091552e-05,-0.00653948560263,-0.691156050659,0.104131037466,-0.0634097779248,-0.204848052164,2.95107910175e-05,0.00436014093144,0.715657724283,-1.34849272789e-07,-0.000658844575966,-0.136510991862,0.00644744380625,-0.0416864073775,0.0139591504355,4.87951109527e-05,-0.00518230894971,-0.203501393459,1.13690771108e-05,0.0036071584625,0.386940735201,-0.0259867021502,-0.0229099781895
gradient_zero,20,0.39,0.399999976158,predicted,Actual proposal support boundary; monitored coordinates are pre-native endpoint forecast,True,50,-0.185985121208,0.54372465731,0.00648761764526,-0.13014074687,-0.0601392719412,0.0545334770526,6.8355608359,6.27338306758,0.423340115515,-0.541469412549,1.75858078093,0.183021806817,0.270409239189,0.263137626471,0.257516119776,0.203351056235,4.49948329375,0.211797950551,0.667773888103,9.33926819,1.90159820917e-07,0.00062328941641,8.68492385901,6.53457348802e-06,0.00404098501465,9.64875929139,1.81882444779e-08,0.000161550303429,8.31940689705,1.05330715115e-05,0.00821708554215,10.1980625931,1.22898602902e-09,2.70102158033e-05,8.90150463018,1.27597062851e-06,0.00194018679611,8.32504509957,2.44898909535e-06,0.00573299815474,9.05893917743,4.04414237499e-07,0.00114024285637,8.84748019838,2.49445899289e-06,0.00259131539206,8.63860281506,2.42084310772e-06,0.00337695281238,8.11611126024,2.67774589835e-05,0.0130463120264,8.30520625086,1.36643871519e-05,0.00853171288048,4.65319977695,0.166731486041,0.345663746879,8.22482422395,2.54229444849e-05,0.0111713561884,9.56704768039,2.43872036919e-08,0.000200547256751,5.27376208509,0.0555086500092,0.286286244268,7.26815935522,0.000354370003659,0.0697297770413,8.38157901031,1.05365488527e-05,0.00735547911235,5.20985444144,0.0546928845213,0.172125539375,0.0222861757955,-2.4188316903,-0.389351606369,-0.498748391867,0.0671043992043,-0.061212602477,-0.969423444792,-0.151292729799,-0.989990267149,-0.180744519077,-0.0275755938503,0.0069902959229,0.0122273762647,0.0209921006436,0.0119424203685,-0.0103767013796,0.19916451369,-0.037503243854,0.00920845602327,0.327382076207,-3.14276963824e-07,-0.000612352026852,-0.081558173211,3.07792672262e-06,0.000809799705012,-0.0132440618231,-1.33431374247e-09,4.91015840574e-06,-0.0195776870332,-1.85236640537e-06,0.000270217503624,-0.230482841687,1.62676093694e-09,2.39598359525e-05,-0.166621343047,6.16709194366e-07,0.000778011260225,-0.403414954238,5.35189916159e-06,0.00717310515056,0.722489374796,-1.47167489647e-06,-0.00254161230141,-0.0624459529701,1.27810518053e-06,0.00051071200621,0.0795927888976,-2.80674962541e-06,-0.00162398445275,0.817662672232,-8.73336667688e-05,-0.0232947784486,0.77312658662,-4.45537400627e-05,-0.015121631465,-0.638481714734,0.104008238907,-0.0732788710117,0.132512904921,-1.29279198771e-05,-0.00315525128273,0.381693274441,-7.08481047225e-08,-0.000350713541919,-0.266546955669,0.0150216881499,-0.0653283559356,0.0954345427144,-8.0860752336e-05,-0.0141346987187,-0.340365693884,1.33241317576e-05,0.00601983804783,0.217779059911,-0.0143302973047,-0.0100171609254
gradient_zero,20,0.4,0.409999996424,predicted,Actual proposal support boundary; monitored coordinates are pre-native endpoint forecast,True,50,-0.188271916428,0.488128107693,0.00316539302826,-0.136034144201,-0.061223805275,0.0531492527006,6.81931521355,6.27608780567,0.413157330865,-0.535975788878,1.75468246718,0.183141498877,0.270552190814,0.263314812587,0.257666658919,0.203272682997,4.50030983079,0.211503824708,0.667868515029,9.34289668349,1.86785365792e-07,0.000616438123358,8.6850449306,6.55146731567e-06,0.00404192034549,9.65289913367,1.77514833135e-08,0.000158997909492,8.31567708149,1.06942100116e-05,0.00829070593731,10.1930915384,1.269335005e-09,2.75800591034e-05,8.90063794852,1.27491121105e-06,0.00194270609225,8.31887870621,2.53272994653e-06,0.00584366964091,9.06597186369,3.9035902992e-07,0.00111576577995,8.84552447985,2.52525878069e-06,0.00260608452701,8.64170667084,2.35668261641e-06,0.00333732699521,8.12208874619,2.62381664593e-05,0.0128809484351,8.3155590833,1.30624367286e-05,0.00832827584513,4.65017137543,0.167233824791,0.345206729493,8.22856832575,2.49749176867e-05,0.0110865971961,9.56701096728,2.42708686244e-08,0.00020018123582,5.27206334988,0.0556038162527,0.285697174135,7.27024895062,0.000351162640856,0.0694938922479,8.37844139391,1.06299969049e-05,0.00741048438694,5.20963025256,0.0547246661897,0.172158396567,-0.198719738999,-0.974625344723,-0.00714159011839,0.156002372503,0.202898263931,-0.111734356173,-2.75365991577,0.991603041648,-0.328234569857,0.724721853511,-1.31526021222,0.0126940540494,0.0158352586413,0.0192629903424,0.0182600298556,-0.00243309019892,0.0976070795091,0.00536996194455,0.0928622516225,-0.00823590011584,-1.30420587269e-08,1.2244764432e-05,1.19281340828,-3.05282063689e-05,-0.0106153260914,0.408837333217,-2.68674421323e-08,-0.000195954431948,-0.0137286467212,-1.59544824792e-06,0.000155427004347,-1.01566367944,8.40427170906e-09,0.00011919005618,0.681121341134,-4.44882557831e-06,-0.00370252323447,-0.336102632428,4.88202091105e-06,0.00605440553286,0.30215345949,-5.58255390409e-07,-0.00103172512758,0.235627145725,-3.75992839924e-06,-0.00174188538386,-0.0212932273516,-3.7484473053e-07,0.000192709715439,0.0729122380122,-1.21081690215e-05,-0.00209345599071,0.165280866119,-9.93476213628e-06,-0.00326662306112,0.294180760745,-0.0327182938771,0.0571597609641,0.99231609328,-0.000119253673838,-0.0218523384987,-0.931386019867,1.62372724762e-07,0.000805396234679,-0.238348360555,0.0183928947671,-0.0218926458645,0.0677167743016,-1.36815123366e-06,-0.0137334306298,0.796528343877,-4.58435024594e-05,-0.0136906346946,0.034736439356,-0.00132440469721,0.0136093794843
gradient_zero,20,0.41,0.419999986887,predicted,Actual proposal support boundary; monitored coordinates are pre-native endpoint forecast,True,50,-0.189959515988,0.524232150416,0.00634478584289,-0.12702069942,-0.0560813066626,0.0522987899291,6.78048763758,6.29321512841,0.416775424118,-0.526974975478,1.73227557669,0.183275687898,0.270725944362,0.263522886277,0.257881320373,0.203302394431,4.50143543534,0.21190534979,0.669631133135,9.33910347199,1.89898979742e-07,0.000623534311699,8.70878012717,5.92400936064e-06,0.00382867849282,9.65693603805,1.76508956352e-08,0.00015763121479,8.31913232412,1.05011625465e-05,0.00822019408224,10.1777493195,1.3970714632e-09,2.93940169269e-05,8.915127057,1.18699411694e-06,0.00186613633143,8.31832304692,2.54662951357e-06,0.0058540862654,9.06498224662,3.93249129691e-07,0.00111960835382,8.85219274129,2.4192604249e-06,0.00255647768438,8.63817695051,2.41334621311e-06,0.00338080700669,8.117569505,2.65352956031e-05,0.0130044429066,8.30851186818,1.34656919092e-05,0.00846638041925,4.65908339217,0.166077120163,0.346806942098,8.24467054582,2.30378710082e-05,0.0107343094184,9.54841995999,2.76346581871e-08,0.000216655181444,5.26899511788,0.0558765079045,0.285848391351,7.2695136907,0.000354342640634,0.0694551084287,8.39750957719,9.6196788035e-06,0.00708166641846,5.21054917023,0.0546663964273,0.172397726965,-0.495242212123,2.70597473166,0.246626377106,0.225570678711,-0.0182706713677,-0.123578820113,-3.07626906019,0.989906838212,-0.0802051388575,0.825337755986,-2.964378874,0.0162999468413,0.0162982850358,0.0203411681406,0.0199273443198,-0.00124351698373,0.0706803322298,0.0302566476642,0.120827413952,-0.248573050519,2.03595012616e-07,0.000447147548114,1.6346073411,-4.17792161272e-05,-0.0145192226411,0.786254500426,-5.87266373248e-08,-0.000396896747247,-0.339978858706,1.88544079798e-05,0.00694459385796,-1.12186397779,1.00004075322e-08,0.0001384493715,0.756041301097,-4.43543401965e-06,-0.00395370396164,-0.22933174706,3.62583971294e-06,0.00423054698129,-0.234443386215,4.6566810501e-07,0.00080340532814,-0.0625525088964,-1.66266964602e-06,2.41665984028e-05,0.03499607697,-5.81140165226e-07,-6.67490485275e-05,-0.0398363768581,9.73316977662e-07,0.00115269913775,-0.221558693151,1.29070606721e-05,0.00443373291141,0.661525637957,-0.0966105822892,0.0752082697236,0.839158113574,-0.00010725094087,-0.0180452005261,-1.32060819767,2.4444189252e-07,0.00119726578411,0.0628771354654,-0.000107791445322,0.0194926897457,0.0458985025329,-6.24806580865e-05,-0.00677940132416,1.32159090548,-6.99941732211e-05,-0.0227261473923,-0.373275800989,0.0252993206631,0.0297478682383
gradient_zero,20,0.42,0.42999997735,predicted,Actual proposal support boundary; monitored coordinates are pre-native endpoint forecast,True,50,-0.198176760671,0.542247602327,0.00809792057037,-0.131522730627,-0.0615892187023,0.0506776762983,6.75778983235,6.29588594243,0.411553228087,-0.519469033758,1.6953948897,0.183467497813,0.270878156515,0.26372163595,0.258065205806,0.203247812657,4.50172343743,0.212108957662,0.670285063308,9.33792522248,1.90857266045e-07,0.000625381074321,8.71773707743,5.71588299313e-06,0.00375153589266,9.66862422368,1.6576950567e-08,0.000151059974547,8.30887750432,1.10712981712e-05,0.00842959781447,10.1706542588,1.46934315564e-09,3.03490465334e-05,8.91575877455,1.18620253065e-06,0.00186363201302,8.31429207127,2.60524674079e-06,0.00592828058053,9.06128299597,3.9967239202e-07,0.00113183388651,8.84427342967,2.49200538777e-06,0.00260656785898,8.64240659238,2.3450598131e-06,0.00333599201424,8.12129201865,2.62576327989e-05,0.0129040024179,8.31112790943,1.3320577942e-05,0.00841695050335,4.66340188819,0.165301613146,0.346710894887,8.24535148802,2.28298988693e-05,0.0107256931855,9.54059880332,2.91597064748e-08,0.000224126551502,5.27332089259,0.0556016604238,0.28608702793,7.27116692067,0.000349913027694,0.0693583042214,8.40487321202,9.23011344052e-06,0.0069559614391,5.20216473654,0.055230652603,0.172753353932,-0.630113196915,1.17871890959,0.110420107842,-0.25718665123,-0.354306980967,-0.125178385335,-0.843161941241,-0.780785385829,-0.407656984345,0.605156090758,-1.69610623526,0.0169920956593,0.0147159349701,0.0239989435973,0.0146786711169,-0.0174606090463,-0.161517595084,0.0203565980556,0.0429340433815,0.127649782432,-9.43607797656e-08,-0.000243822736347,0.503078272858,-1.10825588062e-05,-0.00427735331441,0.681617941804,-7.65820420131e-08,-0.000433034650578,-0.581843856004,3.24333735946e-05,0.0119367296437,0.23091584076,-1.61790442996e-09,-2.46578179757e-05,-0.0935034521702,1.05533073521e-06,0.000670549067222,-0.274991586077,4.42608363547e-06,0.00522593215539,-0.0105030529038,-1.53110935748e-07,-9.15393786955e-05,-0.481684314557,3.49268499381e-06,0.00285414708626,0.23216985328,-2.9089835215e-06,-0.00227909235448,-0.128320064978,3.30139508351e-05,0.00424697536861,0.180136698831,-7.1663602091e-06,-0.00325686084697,0.322197586812,-0.0625609831043,0.0196611226318,-0.0672689624177,-4.34652458911e-06,0.00207089548696,-0.0197922568588,2.50441235554e-10,1.53332645089e-05,0.42320884277,-0.025913148426,0.0408778968079,0.121067363807,-0.000313568580604,-0.00735073488793,0.448608243212,-2.43329886568e-05,-0.00762126766817,-0.339969338803,0.0240706574247,0.0134193682635
gradient_zero,20,0.43,0.439999997616,predicted,Actual proposal support boundary; monitored coordinates are pre-native endpoint forecast,True,50,-0.202561779926,0.547806528607,0.00855318799972,-0.132164432445,-0.0631674462819,0.0497952222224,6.76362439876,6.2775994207,0.408622284431,-0.514871853663,1.69835345198,0.183615529811,0.271020263062,0.264002865149,0.258174893795,0.20295318225,4.49820508344,0.212312481751,0.670489814003,9.34165646764,1.88011764147e-07,0.000618657856972,8.71884169263,5.70235818451e-06,0.00374313142653,9.67056839689,1.6119254795e-08,0.000148970521779,8.307495447,1.11498300184e-05,0.00845892867511,10.1823676363,1.36471337461e-09,2.89008605674e-05,8.91325698796,1.20810073165e-06,0.00187954731277,8.3128232152,2.63515118628e-06,0.00595860490851,9.06477218556,3.90186910976e-07,0.00111777756625,8.842559055,2.48911412478e-06,0.00261356062611,8.64282034757,2.35516654268e-06,0.0033352251596,8.1150031037,2.71955746198e-05,0.013089382414,8.31211460216,1.3322364705e-05,0.00840124320232,4.6655273439,0.164825900501,0.347200164551,8.24332516657,2.29509405164e-05,0.0107757273281,9.54802411485,2.76396670118e-08,0.000216961846734,5.27745929473,0.055358244936,0.286665949287,7.27193503798,0.000348071269022,0.069308093731,8.40648174205,9.13301903036e-06,0.00692924106509,5.20374978345,0.0551478095758,0.17266611433,-0.465318067378,1.27504486684,0.221264600754,0.669797375798,0.352176584303,-0.0708243694487,0.844284485792,-1.60316847903,-0.453957765619,0.101504469144,-1.09962057196,0.00252968542219,0.00221021198606,0.0108528531835,0.0177263906587,-0.00691063160358,-0.371659037759,0.0350813322392,0.0795889724127,-0.435669468925,4.22708936908e-07,0.000859247577805,1.10218819623,-2.44778212091e-05,-0.00924213789727,-0.109542808839,-8.85984404487e-09,-1.117587041e-05,0.797576353398,-3.95962025551e-05,-0.0159850453846,0.704175100002,-6.31338159522e-09,-8.83224096279e-05,0.245431848625,-1.00508672862e-06,-0.0010605870555,0.162081651823,-4.46343415125e-07,-0.00226997736032,0.283161817346,-6.83289256508e-07,-0.00108998860344,-0.276340979565,-4.70446608569e-07,0.00121213371124,0.0778305777181,-2.32015838422e-07,-0.000367431021464,-0.592129272948,7.13399136103e-05,0.0167921785993,-0.957236947085,6.22436448888e-05,0.0194964852103,0.22660626125,-0.0426088633974,0.086018637716,0.189130898548,-3.56528471253e-05,-0.00333232321733,0.33839080893,-7.53490166848e-08,-0.000353451197666,-0.505290402928,0.0437704114164,0.0781352825942,-0.00423763029477,0.000171738840995,-0.00865413216816,1.09948874931,-4.98657765522e-05,-0.0178439007132,0.414907384834,-0.0238103243286,0.00149999724542
gradient_zero,20,0.44,0.449999988079,predicted,Actual proposal support boundary; monitored coordinates are pre-native endpoint forecast,True,50,-0.207483122018,0.567748499663,0.0125232125854,-0.118126783111,-0.0545456870162,0.0492611889094,6.77467552206,6.26382257285,0.402474072775,-0.517438944375,1.67340247826,0.183518091522,0.270922360754,0.263938693013,0.258419733619,0.203109600025,4.49429025668,0.212810584306,0.671876842756,9.3292118331,1.99311444783e-07,0.000642566025877,8.73978084135,5.22632656895e-06,0.00356669313472,9.6664333675,1.63997536861e-08,0.000150836457138,8.32482903139,1.02793741201e-05,0.00810989690678,10.1847377608,1.34307552374e-09,2.85825983408e-05,8.92066741152,1.16610079608e-06,0.00184242027191,8.3175337043,2.59631987248e-06,0.00588288103333,9.06694623231,3.8600660689e-07,0.00111003411444,8.83874661008,2.4825964556e-06,0.00263081053321,8.64396320393,2.34041949633e-06,0.00332864339381,8.1094494332,2.76844310711e-05,0.0132398459898,8.29198317049,1.45654508398e-05,0.00880688020756,4.66793401342,0.164449435878,0.348431267642,8.24913410599,2.21168419268e-05,0.0106590467212,9.5473666195,2.76527261411e-08,0.000217057527549,5.26321508453,0.0564770686522,0.287649733582,7.27108216806,0.000353347804514,0.069185221578,8.42686298701,8.23279790948e-06,0.00659908342483,5.21046288423,0.0547544461164,0.172783353877,-0.374416499963,0.998752206196,0.193150043487,1.09823743999,0.745410948992,-0.0191028625136,0.358640705034,-0.900669297763,-0.00231876817638,0.0156598577124,-1.24969816886,-0.00362112171154,-0.00206302396145,0.00512954381031,0.0163130786971,0.00334725479201,-0.272451845776,0.0407177269736,0.0885906818278,-0.707157913873,6.67165278797e-07,0.00137972384413,1.4585666011,-3.34293969816e-05,-0.0122663870578,-0.345542264139,2.34580509763e-08,0.000155782791894,1.30142737608,-6.4908095384e-05,-0.0259419185281,0.16120976307,-1.61171746888e-09,-2.29563034788e-05,0.997165980363,-5.77815956114e-06,-0.00515264364675,0.269486557698,-2.2549574668e-06,-0.00426886506087,0.302903515977,-5.79401046773e-07,-0.00104737520739,0.0579683381645,-3.69123469066e-06,-0.000932568051104,-0.13839894504,1.73552021724e-06,0.00179957318431,-0.565383145532,5.4630981515e-05,0.0157037914986,-1.317151641,8.21469909997e-05,0.0265847947057,0.149293896429,-0.023124402014,0.100756940951,0.547872173698,-7.11275879599e-05,-0.0113387808282,0.0233876005975,-1.51550579257e-08,-7.11893603175e-05,-0.994437400984,0.0761172308102,0.0581142271323,0.192603994488,-8.54389243898e-05,-0.0316470637023,1.56801286769,-6.73423806207e-05,-0.0253534088398,0.576446726093,-0.0371448325043,-0.000651970998984
gradient_zero,20,0.45,0.459999978542,predicted,Actual proposal support boundary; monitored coordinates are pre-native endpoint forecast,True,50,-0.210050109925,0.567781572731,0.0124161888695,-0.110199683645,-0.0482592273021,0.0494131649721,6.77079721286,6.25958603474,0.408575909067,-0.514558656509,1.67335948861,0.183543107376,0.270979002582,0.264105456026,0.258501155369,0.203020127346,4.49275604652,0.21312683629,0.672261627639,9.32751330937,2.01355069723e-07,0.000646252333855,8.74801302465,5.03377024488e-06,0.00349780368538,9.6636575516,1.65884158145e-08,0.000152086177617,8.33352399452,9.85166811074e-06,0.00794009030455,10.1855918316,1.33247902523e-09,2.84417344978e-05,8.93320030757,1.09253754043e-06,0.00177649443983,8.31821294635,2.59005203694e-06,0.00587322760729,9.07083025588,3.7859889004e-07,0.0010968300621,8.84371842177,2.41528943097e-06,0.00259490926508,8.64005236867,2.38987694702e-06,0.00337121662328,8.10369544079,2.82881942501e-05,0.0134034582439,8.28577156934,1.4965304525e-05,0.00893293909643,4.66851322183,0.164363412461,0.34921530337,8.25428261004,2.15283887572e-05,0.0105489517116,9.54849186687,2.73365658533e-08,0.000215538059528,5.25757054671,0.0568805895522,0.28782823383,7.27578711787,0.000346362490534,0.0686751524569,8.43784199941,7.78617141795e-06,0.0064221728883,5.21527871797,0.0544049129257,0.17265307491,-0.34789148336,-0.279822006392,-0.351330637932,0.741235867143,0.255188763142,-0.0287430827787,0.75115517877,-0.191063321511,-0.26146724509,-0.0143854508315,0.656439957781,-0.00836170242796,-0.00131618074304,0.00216320776197,-0.00280329121148,-0.00626513137184,0.300127350256,-0.0861538632235,0.018981463338,-0.490583695632,5.2453154873e-07,0.00101178356442,0.289729561147,-7.33197269815e-06,-0.00247357496161,-0.846031258419,7.62608109987e-08,0.000458952558352,0.50333000866,-2.55875167114e-05,-0.00987690432479,0.548412566804,-4.66484476074e-09,-6.56737161658e-05,0.424827088161,-1.63790412404e-06,-0.00189965253442,-0.29864050172,3.78465384736e-06,0.00530864336294,0.565660292921,-1.09069405001e-06,-0.0019251321072,0.350684793074,-4.05781524253e-06,-0.00236937156682,-0.130872342315,1.7789050408e-06,0.00138387085975,-0.209269493672,2.05793309309e-05,0.00589966674377,-0.174548469079,9.11800061472e-06,0.00326520970488,-0.408812932857,0.0679342871688,0.00730586160149,0.344602448617,-3.44324787894e-05,-0.00760212123236,0.751544963383,-1.26078330938e-07,-0.000635770904073,-0.937347802786,0.0685160396997,0.0478123027999,0.556017642559,-0.000750854178024,-0.0637829919363,0.330148779511,-1.13154587934e-05,-0.00526822734383,-0.0141394734212,-0.00335016992553,-0.00144249606677
gradient_zero,20,0.46,0.469999998808,predicted,Actual proposal support boundary; monitored coordinates are pre-native endpoint forecast,True,50,-0.214440951686,0.562152059536,0.00549659982681,-0.103302065768,-0.0494419117534,0.0486863272538,6.78969862564,6.26000130642,0.397244727873,-0.517726653392,1.68653127741,0.183350857473,0.27089603714,0.263981957169,0.258363667795,0.202984297398,4.50029280368,0.211087507042,0.672256472023,9.31940015918,2.09802075757e-07,0.000662801697165,8.74557543257,5.07968711499e-06,0.00351722163549,9.64951274234,1.79249699061e-08,0.000160015508305,8.33489563156,9.7676237859e-06,0.00791235882028,10.1957060121,1.24977862852e-09,2.72691240175e-05,8.92916395328,1.1333427136e-06,0.00180442722122,8.31156089427,2.67201294943e-06,0.00598905390058,9.07825943817,3.6419272589e-07,0.0010715314723,8.84576030594,2.40144015075e-06,0.00258342310187,8.64134575709,2.37599759715e-06,0.00335632081101,8.10526404332,2.80960176897e-05,0.0133578393247,8.28849220111,1.47478108521e-05,0.00887218440166,4.65975775476,0.165808121621,0.348577384874,8.25602615496,2.1428192351e-05,0.0105070042965,9.56239751877,2.51311595223e-08,0.000204342109467,5.24446812847,0.0578473894462,0.288605979638,7.28220252091,0.000338330720954,0.0679095617393,8.4334659626,8.00648873361e-06,0.00649371887796,5.21018009477,0.0546874427179,0.172754503956,-0.293435996261,-0.0135264032893,-0.600591301918,1.14405699074,-0.0226814001799,-0.05079084685,1.16548843597,0.23782195374,-1.19321349237,-0.50335987675,1.10796767037,-0.0134959786732,-0.00614009264585,-0.00978860852161,-0.0096324247326,-0.00222615261521,0.81941104234,-0.207704974925,0.0522608281272,-1.00724139612,1.11716824977e-06,0.00210436577779,0.427002107697,-9.49037079748e-06,-0.00348463472419,-1.67407496688,1.72130187095e-07,0.000988846832948,0.277691569698,-1.46373068347e-05,-0.00547625325941,0.995631767216,-7.79768902457e-09,-0.000111952850335,0.084013107196,1.18224889319e-06,0.000236968934904,-0.551882811397,6.73718109449e-06,0.00948616242928,0.575604283359,-1.12567237235e-06,-0.00196878851884,0.457128633612,-4.241075782e-06,-0.00283238792772,0.154083914706,-1.50828461421e-06,-0.00147528507573,0.0228682760123,-9.27597139137e-06,-0.000920753520058,-0.12760601434,4.93302038946e-06,0.0022049759113,-0.793093782515,0.139146406605,-0.0437084984666,0.718138318225,-5.861355313e-05,-0.0161035934344,1.26194252008,-1.83324372318e-07,-0.000957316287439,-1.40657590547,0.106393558902,0.113434475282,0.544297054528,-0.00060882614458,-0.0682680538346,0.0492688009866,3.67847986832e-06,-0.000488371592519,-0.403814749166,0.0268196198716,0.0208008941115
gradient_zero,20,0.47,0.479999989271,predicted,Actual proposal support boundary; monitored coordinates are pre-native endpoint forecast,True,50,-0.215918829851,0.567511044666,0.000404362831112,-0.0873185438299,-0.0487128553057,0.0483973480351,6.79410698158,6.26434247382,0.38471163922,-0.524625854044,1.69551884201,0.183273187803,0.270856200729,0.263909683855,0.258308506875,0.202975604294,4.50914426737,0.208972736792,0.673306844202,9.30736848144,2.23698434718e-07,0.00068833964941,8.75655306681,4.84396282893e-06,0.00342811099089,9.63017605227,2.00310195564e-08,0.000171863114276,8.33907782591,9.55892197405e-06,0.00783056523936,10.2055044669,1.17652524474e-09,2.62026774911e-05,8.93488056971,1.11618251829e-06,0.00178123381853,8.30717529013,2.72479565883e-06,0.00606295085588,9.08234234154,3.56085442593e-07,0.00105745429172,8.85286099444,2.33046791533e-06,0.00253826150653,8.64313404697,2.35971125474e-06,0.00334171092177,8.10415280631,2.81026748223e-05,0.0133850431735,8.28321944905,1.50639649328e-05,0.00897703861466,4.65265134618,0.167146340593,0.3483411334,8.26864537641,2.03561176946e-05,0.0102268798429,9.57373071727,2.36700784069e-08,0.000196391733779,5.2294390286,0.0590084607302,0.290096923336,7.28667305896,0.000334185967642,0.0673097913802,8.43882737543,7.85974101531e-06,0.00641240545645,5.20720242299,0.0549413053232,0.173069092792,-0.349703550927,3.15278797979,-0.397596120834,1.43290743232,0.110452368855,-0.0199127694226,0.435845518682,0.234114603988,-1.07161998449,-0.578510024524,0.42178383939,-0.00593902931394,-0.00380439706254,-0.00685350662989,-0.00375881280431,-5.43409419596e-05,0.747123318514,-0.175534356301,0.105881077594,-1.11018503981,1.28522436153e-06,0.00237461970535,0.989959568709,-2.04262988907e-05,-0.00788546728577,-1.63867855428,1.83151559617e-07,0.00101563479221,0.455559795469,-2.17038902184e-05,-0.00882438682061,0.900504988797,-6.61517688689e-09,-9.75057061258e-05,0.749759698775,-3.32497130211e-06,-0.00347526540744,-0.33938825945,4.24709397651e-06,0.00576763731542,0.323742195794,-6.53404741525e-07,-0.00112494082603,0.394498959696,-3.41708378941e-06,-0.00236563351282,0.207765068042,-2.9408891325e-06,-0.00187022358298,-0.157219694977,7.75851445757e-06,0.00420032024631,-0.596079414903,3.77533110458e-05,0.0121396112705,-0.575990455059,0.110011217142,-0.0171582066783,1.02060979564,-8.68326213947e-05,-0.0224326290684,0.973084059868,-1.24345208681e-07,-0.00067933711885,-1.24669036005,0.0996527854106,0.139394659834,0.395382127043,-0.000382899001692,-0.0517661436775,0.690443449751,-2.11088192026e-05,-0.0105433793094,-0.323318247346,0.0232407689762,0.0226001730551
gradient_zero,20,0.48,0.489999979734,predicted,Actual proposal support boundary; monitored coordinates are pre-native endpoint forecast,True,50,-0.221435022704,0.625207819131,-0.00245532258988,-0.0746439171219,-0.0472328643763,0.0482880718653,6.79841553601,6.2646835985,0.375812328183,-0.529296853882,1.6949669542,0.183232076887,0.270819949198,0.263844887036,0.258288491539,0.202983210579,4.51523527005,0.207576819916,0.674374093575,9.29719645839,2.35506562988e-07,0.000710294091272,8.76537462395,4.67116113717e-06,0.00335951228977,9.61673917125,2.15880010985e-08,0.00018032820415,8.34400682747,9.33354598154e-06,0.00773587108387,10.2137161119,1.11747509078e-09,2.5319009895e-05,8.94415914726,1.06684328756e-06,0.00173492191307,8.30477312908,2.75695482896e-06,0.00610440664689,9.08473428209,3.51124631059e-07,0.00104903265578,8.85365028513,2.33309847496e-06,0.00253611043161,8.64550105845,2.3171798145e-06,0.00331891633935,8.10211964942,2.82511879789e-05,0.0134418457296,8.27657061281,1.5502877073e-05,0.00911497662707,4.64823794566,0.168008345964,0.34823422074,8.27643835088,1.96915399231e-05,0.0100583517152,9.58185919997,2.26442553487e-08,0.00019075536709,5.21953432127,0.0598404451544,0.291393872834,7.29011016345,0.00033067274092,0.0668742388658,8.44727483159,7.58431234956e-06,0.00628285129177,5.20371372982,0.0551522580974,0.173206507417,-0.0963045526277,3.13812103832,-0.243426918983,1.06195014715,-0.282034866512,0.051299670792,1.64755754364,-1.25074852429,-0.385208606721,-0.748408810132,0.704926925884,-0.00295841465259,0.00136444890746,0.00175776419294,-0.00420920839204,-0.00914350405471,0.620117440088,-0.130217774845,0.0477758908455,-0.889893213033,1.03633968951e-06,0.0019376549661,0.112654398488,-1.40733046363e-06,-0.000708804505529,-1.37173246268,1.51973593123e-07,0.000871052505233,0.298742108497,-1.52927343384e-05,-0.00584948539767,1.77555777334,-1.1972493124e-08,-0.000182274743868,0.443591941476,-2.56625945088e-06,-0.00230246215637,-0.111004569128,1.43355706181e-06,0.00168410000734,0.151137343734,-4.16767323948e-07,-0.000643537035111,0.247345598175,-1.19401024979e-06,-0.00128296093303,0.161558855817,-2.69604406371e-06,-0.00148514637481,-0.243065081239,2.18254590624e-05,0.00697682448341,-0.742536873876,4.90271594798e-05,0.0153279678983,-0.49988824475,0.0673006068683,-0.0440178676838,0.480912279584,-3.77825691373e-05,-0.0104750827868,1.54081444387,-1.9504297031e-07,-0.00108507733821,-0.655545332266,0.0585680253285,0.153492627244,0.136729292897,-6.57291119919e-05,-0.0210961794213,0.117135486569,-1.33195525946e-06,-0.00164804780795,-0.394952635842,0.0229269172748,0.00645030523214
gradient_zero,20,0.49,0.5,predicted,Actual proposal support boundary; monitored coordinates are pre-native endpoint forecast,True,50,-0.217844920903,0.630273465432,-0.00446417554856,-0.0660795408869,-0.0543535526359,0.049423341451,6.82705813245,6.23932750333,0.377007467085,-0.539594030247,1.70961738053,0.18321401951,0.270883489708,0.263944839139,0.258224322707,0.202792734213,4.52154661617,0.206368381295,0.674262362019,9.28957061718,2.44425228508e-07,0.000727092748732,8.75880615478,4.81581621966e-06,0.00341393490078,9.60274140301,2.30704914189e-08,0.00018928416438,8.34505266808,9.25306728728e-06,0.00771357553141,10.2410156224,9.37075382256e-10,2.25571826138e-05,8.94375240854,1.06485732927e-06,0.00173518457541,8.30495519874,2.75346680007e-06,0.00609663285602,9.08536508842,3.47750096114e-07,0.00104458355102,8.8578079064,2.30658771033e-06,0.00251260228787,8.64636522408,2.30579037346e-06,0.00331200799427,8.09929150469,2.85391840035e-05,0.0135245796632,8.26836871157,1.60445081224e-05,0.00928359797262,4.64265358129,0.168492352731,0.347460776047,8.278263622,1.96004663118e-05,0.0100173781871,9.60454700614,1.97692190007e-08,0.000174690187015,5.21632812196,0.0601798212368,0.29316677588,7.28940764482,0.000332871385403,0.0668878677918,8.44117008516,7.83310191012e-06,0.00637944450029,5.19930337027,0.0553998436687,0.173198098897,0.359010180097,0.506564630064,-0.200885295868,0.856437623501,-0.71206882596,0.113526958561,2.86425964394,-2.53560951723,0.119513890207,-1.02971763647,1.46504263322,-0.00180573771063,0.00635405093282,0.0099952103018,-0.00641688319775,-0.0190476366317,0.631134611958,-0.120843862127,-0.011173155627,-0.762584120507,8.9186655204e-07,0.00167986574602,-0.656846917165,1.44655082486e-05,0.00544226110114,-1.39977682374,1.4824903204e-07,0.000895596023069,0.10458406164,-8.04786942564e-06,-0.00222955524636,2.72995104619,-1.80399708526e-08,-0.000276182728121,-0.040673871591,-1.98595828481e-07,2.62662337422e-05,0.0182069665495,-3.48802889252e-07,-0.000777379086811,0.0630806330125,-3.37453494478e-07,-0.000444910475969,0.415762126866,-2.65107646274e-06,-0.00235081437445,0.0864165635944,-1.13894410342e-06,-0.00069083450759,-0.282814473347,2.87996024648e-05,0.00827339335544,-0.820190123926,5.41631049413e-05,0.0168621345553,-0.558436437266,0.0484006766613,-0.0773444693654,0.182527112292,-9.10736112458e-06,-0.00409735280398,2.26878061793,-2.87503634795e-07,-0.00160651800751,-0.320619931192,0.0339376082447,0.177290304598,-0.0702518634684,0.000219864448252,0.00136289260566,-0.61047464327,2.48789560564e-05,0.00965932085213,-0.441035954757,0.0247585571232,-0.000840851969078
gradient_zero,21,0,0.00999999977648,predicted,Actual proposal support boundary; monitored coordinates are pre-native endpoint forecast,True,50,-0.285915252185,0.77172902961,-0.109505915489,-0.085533885994,0.329285723839,0.0332008189631,5.85434489982,6.87557833338,0.141118110641,-0.486286751123,1.91420508526,0.189806877579,0.249084379306,0.257831131789,0.263532092353,0.221347818259,4.67465333094,0.186086322643,0.739515879506,9.81534242867,1.25954118863e-08,0.000123277295248,9.2534409556,2.09695598669e-07,0.000718353757687,9.60832365064,1.54635354154e-08,0.00015843097555,8.14854883159,3.66236421457e-05,0.0123149847475,9.66107780951,1.77332454165e-08,0.000172703708376,9.13865472137,2.83596461664e-07,0.00095703045312,8.20683953618,5.29726278616e-06,0.0085858196678,9.31460892237,1.00523180036e-07,0.000490846208947,9.27252890751,1.02526255262e-07,0.000534691623185,8.56482310361,2.18032065679e-06,0.00387307500858,8.23816922363,1.29581688186e-05,0.00954540160551,8.72248517766,1.47040681354e-06,0.00272766450572,4.49028830719,0.210174970838,0.367174964218,8.82565336522,1.44810326167e-06,0.00237406210413,9.29412436372,9.91746308789e-08,0.000512674769272,5.46974515007,0.0438425282735,0.281302425662,7.45206346706,0.000163565501609,0.0505356050443,8.69311280447,2.78427852184e-06,0.00343178404095,5.37791568708,0.0425646214082,0.1674657928,4.67777768491,-7.83956495229,2.11666107178,1.17481946945,-3.49686205387,-0.116276063719,-22.9011082468,-35.9389461191,-10.3222341179,4.70808526996,-11.3220913443,0.259151204863,1.47776610668,1.5643689119,0.428842265064,-0.866317428624,-5.4099359632,1.48156316077,0.318253180905,6.36602826385,-3.72116532452e-07,-0.00265691329383,7.38129654611,-3.84020155079e-06,-0.0112988840092,-3.63232565954,3.95719164161e-07,0.00278734497848,7.68677600172,-0.00111559226915,-0.183952796827,-0.770264200168,1.51556908532e-07,0.00083411929724,10.9569748652,-1.35744233533e-05,-0.0309505474191,0.283599670977,-1.87033896145e-05,-0.0160431737938,7.40310079654,-3.32251129134e-06,-0.0113344600071,-2.31762053288,5.76854140053e-06,0.0108253483769,6.89314273859,-6.54084815753e-05,-0.0680823920807,7.67117699493,-0.000370848703912,-0.171959707523,-2.4057438686,3.42967734325e-05,0.0244700692353,2.24412862065,-0.67026128748,0.270112556763,-1.62136628775,5.22829813416e-05,0.0281085821009,-3.90897080456,1.76693892243e-06,0.00771552702871,-7.77416743207,0.51565303927,-0.292561601055,-7.44987306999,0.00589545836281,0.773317131413,6.26894338166,-7.75412160237e-05,-0.058844022054,14.1080435169,-0.752672836193,-0.0758586414823
gradient_zero,21,0.01,0.019999999553,predicted,Actual proposal support boundary; monitored coordinates are pre-native endpoint forecast,True,50,-0.239137475336,0.693333380087,-0.0883393047714,-0.0737856912994,0.2943171033,0.0320380583259,5.62533381735,6.51618887218,0.0378957694618,-0.439205898424,1.80098417182,0.192398389627,0.263862040373,0.273474820908,0.267820515004,0.212684643973,4.62055397131,0.200901954251,0.742698411315,9.8790027113,8.87424656183e-09,9.67081623097e-05,9.32725392106,1.71293583161e-07,0.000605364917595,9.57200039405,1.9420727057e-08,0.000186304425334,8.2254165916,2.54677194542e-05,0.0104754567793,9.65337516751,1.92488145018e-08,0.000181044901349,9.24822447003,1.47852228131e-07,0.000647524978929,8.20967553289,5.11022889001e-06,0.00842538792986,9.38863993034,6.72980671227e-08,0.000377501608876,9.24935270218,1.60211669268e-07,0.000642945106954,8.63375453099,1.52623584103e-06,0.00319225108777,8.31488099358,9.24968177943e-06,0.00782580453028,8.69842773898,1.81337454786e-06,0.00297236519808,4.5127295934,0.203472357964,0.369876089785,8.80943970234,1.97093307508e-06,0.00265514792513,9.25503465568,1.16844020103e-07,0.000589830039559,5.39200347575,0.0489990586662,0.278376809651,7.37756473636,0.000222520085237,0.0582687763584,8.75580223829,2.00886636161e-06,0.00284334382041,5.51899612225,0.0350378930463,0.166707206385,3.8950693246,-6.28401930414,1.12636852264,2.74791991711,-4.71299505234,0.102989699185,-5.64624325281,-22.0889550892,-5.9545893473,2.83067474911,0.26581650708,0.0342065583629,0.891533685243,0.988145242185,0.0888621560289,-0.484464466592,-2.35677058201,0.57760257132,-0.104272796108,0.154997559961,1.99099898749e-08,-7.8470528242e-05,2.58589952131,7.91347708396e-07,-0.00184876456906,-6.01542748082,7.78977365921e-07,0.00482572623324,4.57959485125,-0.000740229132843,-0.110456156116,4.39352358948,-2.79673157241e-07,-0.00207984489333,6.86961095878,-7.07704442961e-06,-0.0183378925279,-0.141677636673,-1.05840011266e-05,-0.00544745485966,3.55457454945,-1.40808049396e-06,-0.00524070180436,-1.80116159718,5.33579877734e-06,0.00923420356063,4.6649085033,-3.6758651337e-05,-0.0422911571102,2.57324029643,-0.00013892857494,-0.0614647806805,-4.44522984342,5.60512779127e-05,0.0434858208252,1.49586739751,-0.472689362659,-0.136845009017,-2.79951615067,5.64590857804e-05,0.0326010001445,-0.347861606748,9.20777374523e-08,0.00124260970664,-7.10560981779,0.491012938739,0.0199476552836,-5.57985650012,0.0048989321106,0.585284690167,2.20180604232,-3.29992114295e-05,-0.0234717585806,5.91608653716,-0.336664675035,-0.098108930449
gradient_zero,21,0.02,0.0299999993294,predicted,Actual proposal support boundary; monitored coordinates are pre-native endpoint forecast,True,50,-0.208013865693,0.646048643527,-0.0869785450363,-0.0305754876518,0.235025822792,0.0352606129468,5.74142003476,6.43379923159,0.0220263236952,-0.429673256141,1.9195214154,0.190491008746,0.266915053011,0.277594036632,0.265309335474,0.211658528927,4.6275179193,0.197638374069,0.737430423584,9.81844237986,1.29936116838e-08,0.000121707884683,9.30515894603,2.25522552837e-07,0.000681378466306,9.48801510103,3.10430827338e-08,0.000254945500214,8.24014072861,2.18190594888e-05,0.0101058616252,9.7489482813,1.21397822717e-08,0.00013110681051,9.27604694055,1.42055573072e-07,0.000590272602562,8.20400598344,5.08558276363e-06,0.00847687057061,9.38570041336,7.2361570157e-08,0.000386032172859,9.23650567557,2.09242230809e-07,0.000719375694398,8.65812127367,1.44514763005e-06,0.00302725186637,8.28963402956,1.01795973198e-05,0.0083161059919,8.63358058079,2.59143237179e-06,0.00359738092223,4.52020565514,0.200721183585,0.364438064037,8.7696630422,2.57728497727e-06,0.00302608210702,9.28716713159,1.01016185628e-07,0.000537526963405,5.32763295371,0.0536627870483,0.281701378768,7.34046633705,0.000261544143821,0.0622412988476,8.73714892532,2.12429429326e-06,0.00296234886934,5.49623741783,0.0358313279075,0.165503614191,2.31981765311,-3.94847235124,-0.248999714851,4.73705506325,-4.06013470888,0.432563836528,8.70633405179,-3.70763163527,-2.68422616542,-0.163201921052,16.1756797288,-0.141489208352,0.177915705358,0.209356031686,-0.281267857238,-0.0506656197577,1.14057700825,-0.431561270715,-0.356789818048,-2.24489786873,1.55269902086e-07,0.000896059350004,-1.94224576972,5.3277293927e-06,0.00687824001276,-9.02391881627,1.5833397257e-06,0.00857865482667,0.870076206024,-0.000282919261571,-0.0219694377698,7.34375185141,-4.80383621587e-07,-0.00349638576386,2.60016664115,-6.12916569234e-07,-0.00493147332894,-0.802414406923,6.98482238995e-06,0.0132802996106,-0.165286760734,3.1157721042e-07,0.000481333426853,0.429280762744,1.94391135996e-06,0.00241943836039,2.36543743656,-5.73388179448e-06,-0.0154475356809,-2.67818916972,8.62005176578e-05,0.0530665716792,-3.30852917435,4.06997346489e-05,0.031496561727,0.227010407498,-0.0657561385234,-0.399265904454,-1.1625182729,1.75806336595e-05,0.0125875686607,2.72770304683,-1.04954696655e-06,-0.00400827477831,-3.75974274429,0.267963611253,0.505900416271,-2.90414332693,0.00317223121043,0.314265508971,-1.17592652119,1.23919349588e-05,0.00773120829865,-1.03543747397,0.0258828694376,-0.0358902057374
gradient_zero,21,0.03,0.0399999991059,predicted,Actual proposal support boundary; monitored coordinates are pre-native endpoint forecast,True,50,-0.192741122274,0.614363933062,-0.0933192990685,0.0209554099655,0.213114409122,0.0406893350564,5.79946049838,6.44203623948,-0.0157887538467,-0.442469936845,2.1244977664,0.18956860546,0.26742035448,0.277661941541,0.262195157859,0.211671331578,4.64336551148,0.192270728836,0.735562614954,9.83410475393,1.19796446035e-08,0.00011462934931,9.28840900567,2.77848171015e-07,0.00074292971785,9.39152201772,5.1087521571e-08,0.000357877521868,8.24281811572,1.98093342228e-05,0.0100360680239,9.80025020454,9.64114207011e-09,0.000111117186072,9.30022780285,1.35593896747e-07,0.00054889551235,8.19362724475,5.24992533781e-06,0.00869099392208,9.38533419512,7.35296113311e-08,0.000387128277413,9.25793831744,1.99089896467e-07,0.000691333874162,8.68106327972,1.41155820514e-06,0.00288330037415,8.26131721019,1.09736921326e-05,0.00888713596386,8.63225715549,2.62736924084e-06,0.00360229643261,4.51726980155,0.202157235193,0.361890771696,8.78618933688,2.32254574827e-06,0.00290689929835,9.30958871661,9.58530807723e-08,0.000509664543993,5.31680862086,0.0543583308913,0.288494817977,7.31948186982,0.000285964709445,0.0645540865379,8.73228370787,2.25670506078e-06,0.00299796798638,5.49828737277,0.035555550435,0.165989402271,1.28075691848,-2.58149462173,-0.594419836998,5.44271105528,-1.79144895077,0.501464681636,9.47397440955,-0.854500941918,-3.594665252,-0.154484143603,17.2306868616,-0.0881803341926,0.0140482415621,-0.0542599621453,-0.299098063763,0.0272680054962,1.20420240218,-0.408670095063,-0.470070119918,1.0712952236,-8.6015392404e-08,-0.000565673496648,-4.33085217628,1.09052694298e-05,0.0134601646416,-9.41391836033,2.82336675939e-06,0.0120929161943,1.16388892584,-0.000215649788004,-0.0262933229308,4.99830990054,-2.23192194661e-07,-0.00182127798675,0.280563383728,1.11811950698e-06,0.000405111247022,-1.19590835029,2.47068618679e-05,0.0275462223111,0.553212628395,-1.94032270466e-07,-0.000831959215013,1.62620543124,-6.30362878735e-07,-0.00202300975742,2.58750335205,-7.54176614641e-06,-0.0171267122582,-2.77266591417,8.83926071346e-05,0.0573839157393,-0.192488476159,-2.55480313866e-06,-0.00114545057724,0.0719882544648,0.0620949989236,-0.134081233425,0.654973878771,-1.49263327927e-05,-0.00449413157012,1.81043483652,-1.3297726306e-07,-0.00190794703028,-2.20121589056,0.179452309759,0.764102921621,-0.708399399731,0.000781461557806,0.0813642108891,-1.36186602232,3.61781282279e-05,0.0134592744543,0.386099104469,-0.0278596379184,0.151645794417
gradient_zero,21,0.04,0.0499999970198,predicted,Actual proposal support boundary; monitored coordinates are pre-native endpoint forecast,True,50,-0.182398727324,0.594418751092,-0.0988669417763,0.0782787334538,0.199196843777,0.0452899065795,5.93089952295,6.41670921275,-0.0498669813449,-0.432762939013,2.26413515264,0.188727402062,0.267196017842,0.27650883739,0.259327374199,0.212203889037,4.65160196735,0.189464972168,0.728029021185,9.83986828434,1.12733038358e-08,0.00011039441475,9.2185419025,4.43627941433e-07,0.000950581759137,9.29973673382,8.75104179216e-08,0.0004968038241,8.26341850713,1.75060637288e-05,0.0095799951666,9.84891447931,7.67593837848e-09,9.4681250775e-05,9.28165820822,1.64417963211e-07,0.000598374827502,8.18008781644,5.57972000099e-06,0.00902779501683,9.39676466593,6.84809247476e-08,0.000369392988559,9.26902978419,1.96634973235e-07,0.00067891549925,8.70987134071,1.29431230712e-06,0.00268471762121,8.23418071128,1.19474494625e-05,0.00946378430669,8.62973081127,2.54033630902e-06,0.00357447191068,4.52164542023,0.201963083564,0.361756439369,8.78276251978,2.27875832142e-06,0.00293619947561,9.32337582832,9.83566403668e-08,0.000499368022799,5.2836086359,0.0572518332435,0.2969834372,7.32629834906,0.000277173374977,0.0638685830654,8.70991160487,2.84785685781e-06,0.00323153435842,5.50395939992,0.0352741351492,0.168536530079,1.06351096456,-1.90053081394,-0.303339958191,4.17910957336,-1.55234506726,0.469938944049,15.7787465808,-2.71063285789,-2.16349839965,0.106988006808,15.847777796,-0.0241478566309,-0.0893615780181,-0.307322207719,-0.311785867125,0.211729240099,1.52007473035,-0.418244424906,-0.504408609222,1.47757277034,-1.17527783688e-07,-0.000757950856882,-7.47002897819,2.05127210219e-05,0.023455300944,-7.52567808479,3.89602607077e-06,0.012825559919,1.06064299798,-0.00012770322888,-0.0234823976074,4.91120803022,-1.72798454014e-07,-0.00151510514561,-3.06444862436,3.66929093645e-06,0.00703384773999,-0.534670123793,1.23444773344e-05,0.0133866322366,0.729922200474,-3.02433457293e-07,-0.00111680294554,0.406303785163,5.59455718256e-07,0.000115513676572,2.11099251125,-6.778320657e-06,-0.0133350506851,-2.41716121886,8.2209168858e-05,0.0517894368083,-0.689088590434,-5.1870769757e-07,0.00282278945951,0.218259044959,0.0285023419129,-0.240399310936,-1.3623947412,8.10759000356e-06,0.0106885069549,1.68615496546,7.73669710527e-08,-0.00153565030178,-2.31981810027,0.212403925537,0.712563309317,-0.317170725587,0.000353082736016,0.0407880924579,-3.7456101248,8.47793947591e-05,0.0363291244116,1.30259761032,-0.0659842640417,0.175042295648
gradient_zero,21,0.05,0.0599999986589,predicted,Actual proposal support boundary; monitored coordinates are pre-native endpoint forecast,True,50,-0.171470902983,0.576353316783,-0.0993860982323,0.104537601433,0.182067507777,0.0500881139374,6.11503543,6.38782358232,-0.0590587218397,-0.440330176709,2.44145332232,0.189085648328,0.26563312292,0.271515497387,0.255959440517,0.215905916379,4.67376700608,0.183905840338,0.725474442769,9.86365620934,9.62908892979e-09,9.94703321721e-05,9.1390084261,6.88102591453e-07,0.00121203573673,9.24100845603,1.29008042986e-07,0.000614388720247,8.26403097568,1.72552696452e-05,0.00956642007172,9.89847436514,6.18517298984e-09,8.08150831595e-05,9.23893883036,2.08979715476e-07,0.00068957246715,8.18293384227,5.4968148845e-06,0.00895872656681,9.39993263913,6.74809421852e-08,0.000364792218502,9.26606439314,2.10279010832e-07,0.000693644147693,8.72328312995,1.275991792e-06,0.00261659936045,8.21297398581,1.26178755097e-05,0.00992292470003,8.61847538368,2.61699508689e-06,0.0036587522218,4.52163498245,0.202727282031,0.357082785477,8.75894144206,2.48469754834e-06,0.00312066943745,9.34331181592,9.74004201933e-08,0.000478951537957,5.27041225886,0.058606409402,0.302746084163,7.31313845531,0.000293026364166,0.065369848387,8.65737150537,3.95229295597e-06,0.00372455047461,5.52433932498,0.0342358651542,0.169490248183,0.980361711367,-2.12824981671,-0.0609254837036,1.72489792109,-1.57404404879,0.305246793546,15.7721723016,-2.17295403708,-0.923132764661,-0.331238031249,10.9718551652,0.0507422810633,-0.179167367947,-0.583156428281,-0.245183338653,0.454027264505,2.52097039323,-0.609939500469,0.0450087417749,1.08117934844,-6.88317901017e-08,-0.000514831237357,-5.73567555487,1.97018969164e-05,0.0198245195236,-4.38782412116,3.63604622626e-06,0.0094164753049,-0.333607795587,3.44027059639e-05,0.00673532674599,3.09840335659,-7.37113174118e-08,-0.000764940791247,-3.17579623477,3.55293426494e-06,0.00701797782419,0.0516048490196,-2.64266281543e-06,-0.00089805752467,-0.0536046154396,2.1270366889e-08,3.85468422025e-05,-1.48806225783,2.73075412113e-06,0.00401689061409,0.565860508692,3.10316118007e-06,-0.00123807792714,-1.65386750758,6.07610846175e-05,0.0369867359301,-0.722498588681,2.38466879436e-06,0.00448980321898,-0.0316542015047,0.0618014133154,-0.509807582167,-2.69097734983,2.91259185631e-05,0.0216997761864,1.15657862227,2.51862540521e-07,-0.000740367116098,-1.2188254271,0.128581446326,0.48832999762,-0.906127548833,0.00101444309592,0.109957856694,-3.3032627252,7.45033929944e-05,0.0310686323567,0.955019171184,-0.0363487866788,0.0785017235069
gradient_zero,21,0.06,0.070000000298,predicted,Actual proposal support boundary; monitored coordinates are pre-native endpoint forecast,True,50,-0.162791493096,0.551853754758,-0.10008545145,0.112776691875,0.167715962801,0.0513948424504,6.24634296898,6.37325013201,-0.0683296366381,-0.439387699638,2.48357225594,0.189742247683,0.263612670483,0.264845708824,0.254423707425,0.221284434327,4.70202137521,0.177266182159,0.728929196021,9.86149187131,9.89666803373e-09,0.000100097790003,9.1038283914,8.37665879761e-07,0.00134707214961,9.2119802514,1.60231342447e-07,0.000685133330198,8.25674635122,1.8194117848e-05,0.00971470170152,9.91088254644,6.20171203025e-09,7.938243495e-05,9.21814228353,2.3547664851e-07,0.000738734383986,8.18111991342,5.52686674468e-06,0.00900983386634,9.39569257362,6.89063320854e-08,0.000370163925403,9.23926853904,2.51250055657e-07,0.000759253311531,8.72118855089,1.35637553072e-06,0.00265995606267,8.20110336112,1.31626711548e-05,0.0102035190253,8.6152808395,2.5880296849e-06,0.00366426797506,4.5210123362,0.20319911183,0.351560287725,8.72894297278,2.86127669268e-06,0.00337019499934,9.34650740076,1.03393891177e-07,0.000484560680477,5.25923212736,0.05982346217,0.306750037152,7.30817579808,0.000297462236895,0.0660677401993,8.64384635037,4.3379247177e-06,0.00385290700556,5.52305978334,0.0345471594156,0.17010656455,0.64066199466,-1.90472178283,0.0364909172058,1.21135628223,-1.24348157644,0.15301458731,12.5320922072,-0.807333288256,-0.18802263366,0.0113498943689,2.07903314819,0.0141067049961,-0.162226890044,-0.547724119459,-0.10082118077,0.404452959518,1.98954723731,-0.501223205679,0.120040261946,-1.37394004874,9.21411089879e-08,0.000494424047686,-4.12926480811,2.12238200726e-05,0.0174513113072,-2.93840693773,3.42927371811e-06,0.00755257837632,-0.522219054238,8.976076606e-05,0.010177950904,0.771042825614,2.40729844781e-08,2.67696658111e-05,-1.95206576384,3.30209943817e-06,0.00538301695339,-0.0336688772027,-4.79477119438e-07,0.00146206704001,-0.647511679886,1.48520355961e-07,0.000691803855524,-2.98685717458,5.76685776585e-06,0.00831944752384,-0.39143255555,1.08675423914e-05,0.00603521318212,-1.25924909345,5.79920359492e-05,0.0307355284962,-1.15623510958,9.04232031192e-06,0.00986588573611,0.120140379017,-0.00693370638491,-0.467104138504,-3.57166200159,5.31367637129e-05,0.0321858782842,0.225078145503,6.57802512675e-07,0.000691436721269,-1.50189630087,0.149186468318,0.366346980078,9.24914363054e-05,-0.000224033101011,0.0176471466747,-1.67725467835,5.17209283137e-05,0.0183209316036,-0.669253318933,0.0602823301237,0.103189660773
gradient_zero,21,0.07,0.0799999982119,predicted,Actual proposal support boundary; monitored coordinates are pre-native endpoint forecast,True,50,-0.158657663089,0.538258881127,-0.0986562798882,0.128764727077,0.157197876248,0.0531484056836,6.36567727414,6.37167691656,-0.0628191745129,-0.440103178821,2.48303398528,0.189367782428,0.262388585119,0.260561014998,0.253943016901,0.22399497557,4.71355795083,0.173881376225,0.727875248008,9.83617740836,1.14719111095e-08,0.000109358813126,9.05642312994,1.1125789929e-06,0.00156106196287,9.18224031727,1.97593517348e-07,0.000765440287774,8.2535865946,1.90504849664e-05,0.0097699790898,9.91389522166,6.6666326794e-09,8.13504764757e-05,9.19989751508,2.75021704239e-07,0.000797232806218,8.18226046473,5.48722534211e-06,0.00898796790761,9.38698240553,7.04513493045e-08,0.000378628295613,9.20632724965,3.25616166149e-07,0.00086003309817,8.71545447884,1.49334263983e-06,0.00273730362409,8.18778900394,1.37777162287e-05,0.0105376352699,8.59535068149,2.79784149313e-06,0.00385606993653,4.52403779003,0.202588607904,0.347740702707,8.68750820203,3.5474328226e-06,0.00376438700313,9.34781337883,1.10556470447e-07,0.000492780272382,5.24037433284,0.0615901387684,0.310073023765,7.31314030513,0.000288545702145,0.0657227913205,8.6238264118,4.98671152224e-06,0.00409096910669,5.5109542586,0.0354415117567,0.171554041399,0.0820027019576,-0.38436946318,0.52457523346,2.01978516579,-0.515276908874,0.203236202176,12.004675959,0.614074669685,0.829752393646,-0.401667781653,1.05114584004,-0.0593961687196,-0.121243396037,-0.371278755854,-0.0691207551135,0.201451602328,1.02099329144,-0.273226223887,-0.0662812063662,-2.31286408335,1.50010436566e-07,0.000863795036179,-4.62994414045,3.13484942347e-05,0.0224695337472,-2.67537530319,3.4250844261e-06,0.00723047523702,-0.226755033986,7.65091455116e-05,0.00447568672669,-0.33428073455,6.7624952807e-08,0.000371007863572,-1.77592795645,4.2714142852e-06,0.00598159373677,0.739143121133,-1.87373984084e-05,-0.0176153564445,-1.2001679087,3.62715135308e-07,0.00145789954474,-3.49660192511,9.2540476434e-06,0.0116130768534,-0.396297941449,1.50642307579e-05,0.00701566432117,-1.91129612186,9.88115015524e-05,0.0488750182473,-2.98341694726,3.98757514222e-05,0.0318895059985,0.587379963827,-0.10885758502,-0.272512395619,-4.26133374239,8.27044821216e-05,0.0431455441593,-0.380117102394,9.5469425957e-07,0.00160601122621,-1.97966476818,0.176640585436,0.271264905396,0.109239802047,-0.000411391059446,0.00964616298581,-1.9902916434,7.1029751288e-05,0.024411460382,-0.912872409262,0.0684970781775,0.0659022038656
gradient_zero,21,0.08,0.0899999961257,predicted,Actual proposal support boundary; monitored coordinates are pre-native endpoint forecast,True,50,-0.161151439057,0.544166365494,-0.0895939467812,0.153172395191,0.157410424623,0.0554595664939,6.48643648816,6.38553162541,-0.0517345887652,-0.447421055271,2.50459517274,0.188554324309,0.261187802563,0.257420133707,0.253041292323,0.225313466374,4.72244124104,0.171801657681,0.727603571893,9.81523458964,1.2896876765e-08,0.000117373690727,9.01122950859,1.46463576445e-06,0.00179646282455,9.15847274533,2.28733030969e-07,0.000829742834938,8.25221125054,1.97243007583e-05,0.00980421543605,9.90419693175,7.55421108639e-09,8.68025922215e-05,9.1826237244,3.20904934214e-07,0.000858366258722,8.19590277584,5.15211877651e-06,0.00865752673745,9.37168921545,7.61606347916e-08,0.000399321916298,9.16933650054,4.36331008525e-07,0.0009915148486,8.71326259206,1.65766014588e-06,0.00280026934909,8.16287743869,1.51389011859e-05,0.0111810193902,8.55561250055,3.38554471335e-06,0.00430205809503,4.53275993548,0.20102196013,0.346110039813,8.64371629794,4.51536633511e-06,0.00423310588253,9.33890505872,1.22487776369e-07,0.000516680905001,5.219638832,0.0633562738787,0.31217533526,7.31036059412,0.000289234415706,0.066260663459,8.6040405175,5.75851974346e-06,0.0043411362132,5.50480233516,0.0359171009791,0.171424608627,0.130096139514,-0.0255837740149,0.619501113892,1.93657207489,0.350685834885,0.223724312544,11.6808171711,-0.282594117148,0.703432198741,-0.594089309637,2.16897109567,-0.0729440910622,-0.0844912289006,-0.248614869235,-0.069086240691,0.0703466726168,0.682353729453,-0.15669757928,-0.0538694408734,-1.4248493098,1.06855758606e-07,0.000591348611275,-4.23353066379,3.54541445067e-05,0.022648573913,-2.44961218583,3.26898238881e-06,0.00672985609388,0.197166768597,4.278734562e-05,-0.00371337163344,-0.140391552184,4.97583985141e-08,0.000248599639938,-1.69257267,4.71742233038e-06,0.00611294433045,1.13237122601,-2.63712416055e-05,-0.0268000338159,-1.11029204978,4.21267451096e-07,0.00157933046749,-4.1300982141,1.35034644484e-05,0.0151998002228,-0.588670686941,1.76922502913e-05,0.00862522538589,-2.14080046366,0.000119434307458,0.0562101504976,-2.61310151297,3.60548470795e-05,0.0288382141193,0.644513594747,-0.125712529766,-0.0485531688788,-4.86462516461,0.000119373822951,0.0543233074206,-0.548395594596,9.68847452891e-07,0.00177301958916,-1.13479756612,0.118567478182,0.209192355239,0.0397399024992,-0.000262206605176,0.0145241680566,-1.67324911374,7.11062703204e-05,0.0219434105963,-0.33173579329,0.032537726879,-0.0668274772881
gradient_zero,21,0.09,0.0999999940395,predicted,Actual proposal support boundary; monitored coordinates are pre-native endpoint forecast,True,50,-0.156055740299,0.537747205646,-0.0862662576103,0.167496168575,0.164211592946,0.0576228919345,6.59929361757,6.36602503421,-0.0487505305381,-0.451984965014,2.52641340719,0.187908900606,0.260698760541,0.255588717613,0.252561292087,0.225401909022,4.72720502542,0.170747424639,0.726797859191,9.80768042217,1.36090262817e-08,0.000121185785351,8.97175251666,1.82166188304e-06,0.00201403344113,9.13324807356,2.62973165125e-07,0.000900037409651,8.25752992997,1.99062318788e-05,0.00969571165713,9.91108739061,7.66180064968e-09,8.63224692745e-05,9.16604606168,3.69370150847e-07,0.000919491692827,8.20490788925,4.95980051e-06,0.00845196723129,9.36477656454,7.88766983264e-08,0.000410214904962,9.12372528537,5.95685455117e-07,0.00116402910263,8.7036810651,1.84718764566e-06,0.00290980813181,8.14497299467,1.61664023779e-05,0.0116618382799,8.54308865123,3.51893843472e-06,0.00443283421891,4.53692806192,0.200074357308,0.34676963933,8.59021569873,5.93490928162e-06,0.00485085315154,9.33684546694,1.29933419505e-07,0.000528240664166,5.21767838152,0.063961488332,0.314256870869,7.31393510318,0.000283301570042,0.0660132746816,8.59036142953,6.40883692865e-06,0.00452983731861,5.50431954274,0.0360922662943,0.170217491853,0.375596879933,-0.265440726597,-0.0255802869797,1.0535941124,-0.00474870204927,0.113581151154,8.48028414678,-4.16825530621,0.295494273931,-0.0755875705263,0.197547375327,-0.0207328247597,-0.0114690154495,-0.100960135569,0.0131561096056,-0.0424990611775,0.492454086421,-0.0896680751066,-0.0909037412088,-0.696645414374,8.00654113847e-08,0.000359929725188,-3.120627238,2.91321767012e-05,0.0174022708995,-1.91702686211,2.69493772929e-06,0.00543410011076,0.178196434422,4.97448867601e-05,-0.00278166677635,1.26994920474,-1.45433713293e-08,-0.000227281759607,-1.39950572454,4.13391694872e-06,0.00520295385839,0.35750382299,-6.36952521602e-06,-0.00824213450286,-0.152863854785,-6.53049344479e-09,0.000204777554541,-3.62849603162,1.4655139095e-05,0.0147748722991,-0.855666276089,1.61937686856e-05,0.00920694542221,-0.93876883783,5.40534430338e-05,0.0253045264792,-0.886062198938,7.92752403331e-06,0.00904603639397,0.153447798778,-0.0506981982076,0.0270054663833,-4.42133311731,0.000131790279153,0.0530279640348,0.391140914277,3.11169512125e-07,9.30031973352e-05,-0.589596631642,0.0939562802444,0.194444928186,0.539570843312,-0.000729383913184,-0.0510138962367,-1.25915921446,5.74859823978e-05,0.0169451550178,0.307506120073,0.0105054041718,-0.0366495966784
gradient_zero,21,0.1,0.109999999404,predicted,Actual proposal support boundary; monitored coordinates are pre-native endpoint forecast,True,50,-0.153639501458,0.538857550963,-0.0901055525208,0.174244277439,0.157315450583,0.057731189517,6.6560421711,6.30216651928,-0.0458247032865,-0.448932806682,2.50854612025,0.188139667814,0.260958422254,0.255400930995,0.253304414515,0.22446348515,4.73229032277,0.170008296179,0.725785497069,9.80130168135,1.44981849927e-08,0.00012457228523,8.94881696383,2.04727929848e-06,0.00214450824254,9.12013220809,2.82631785555e-07,0.000938424837153,8.25577517922,2.07191984935e-05,0.00974858210053,9.92959591585,7.2633436598e-09,8.22569570293e-05,9.15463360991,4.03583273189e-07,0.000962425335889,8.2030528523,5.02472827219e-06,0.00849268404739,9.36863193835,7.60300249227e-08,0.000403417467389,9.0967665799,7.29433790426e-07,0.00128701229458,8.69614926654,1.98153551959e-06,0.00298440825753,8.14410206193,1.62199700465e-05,0.0116871099198,8.53789125657,3.54409519401e-06,0.00448297882291,4.53582889145,0.200007996165,0.346650149141,8.55528963559,7.15117191818e-06,0.00529366516322,9.346727877,1.28711166611e-07,0.000518540968948,5.20784689936,0.0652353994836,0.316064233824,7.32115201099,0.000274646737442,0.0652403855343,8.57885733321,6.90823939142e-06,0.00468003931355,5.51095245756,0.0361272090626,0.170691616693,0.21243289104,-0.0476738464332,-0.187318563461,0.607530355453,-0.221126556396,0.0141810244902,5.22680770054,-8.30960001334,0.562397619431,0.630207586442,-2.26607908482,0.0184295063033,0.055508038816,0.0459351370151,0.105768096617,-0.142095877356,-0.268335072955,0.0832783416007,-0.150778560086,0.259360377672,1.94825500181e-08,-8.86107780065e-05,-2.22003191019,2.26645485394e-05,0.0128318963299,-1.12158811729,1.82442538696e-06,0.00340664065795,1.22614461672,-6.60336774143e-05,-0.0234922976208,1.87808838313,-4.75731413547e-08,-0.000437668844541,-1.14697191539,3.3568096961e-06,0.00426033440918,0.0581563633499,2.07557264498e-06,-0.00114308514351,0.726667933568,-4.70432049786e-07,-0.00122686486942,-2.31218156945,1.19295450435e-05,0.0107433235905,-0.543837959901,9.48895267299e-06,0.00510000322001,-0.213916929535,1.20401855987e-05,0.00641400196858,-0.712930100995,6.94172422771e-06,0.00755673850702,0.0788591187954,-0.042665535172,0.0818758144181,-2.90146084672,0.000101362835138,0.0375166834674,0.756988515885,-1.06924667525e-07,-0.000738031381945,-0.946655584191,0.106836745805,0.19888182676,0.927508016405,-0.0010856111158,-0.101353122041,-1.1345292799,4.86190577136e-05,0.0152399250953,2.20248959881,-0.0623768725599,0.0765616160205
gradient_zero,21,0.11,0.119999997318,predicted,Actual proposal support boundary; monitored coordinates are pre-native endpoint forecast,True,50,-0.151807082478,0.536793728718,-0.0900126288795,0.179646775684,0.159789061818,0.0579065124243,6.70382977158,6.19983303395,-0.0375025781495,-0.439380813285,2.4810918255,0.188277490732,0.261808921317,0.256507420353,0.25467665402,0.222559991475,4.72183832396,0.172412991471,0.723782287989,9.81286762972,1.3998677282e-08,0.000119413569791,8.92735187846,2.27495285383e-06,0.00227067136773,9.11081631121,2.99461672864e-07,0.00096817022281,8.2820528223,1.85855583305e-05,0.00922586570471,9.94864915827,6.71033782259e-09,7.75690923837e-05,9.14310662338,4.36506344769e-07,0.00100469838101,8.20607101652,5.0013119629e-06,0.00842910552842,9.37930992321,6.94680573306e-08,0.000385677607574,9.07748165398,8.34276355988e-07,0.00137889557444,8.6928043059,2.03696669912e-06,0.00301180819621,8.14069465608,1.64072060899e-05,0.0117901183193,8.52883004921,3.65777291927e-06,0.00458396898905,4.5385052443,0.199221046605,0.348407155618,8.5321864818,7.96216598438e-06,0.00560118682089,9.35198523726,1.27794926154e-07,0.000513480036527,5.19874526983,0.0660982232481,0.318234507405,7.33248526351,0.000261589347726,0.0639862122408,8.56767084393,7.38121808292e-06,0.00483463582052,5.54836933471,0.0348447288431,0.171748724174,0.421678791457,-1.2933743696,0.186525821686,0.827965199947,1.12042880058,0.0434974493083,4.67485625265,-8.83440716906,0.790409265587,1.13999924433,-1.39916740704,-0.00540622494508,0.051277318406,0.101629534621,0.129595128438,-0.165046925488,-1.15031523703,0.254069269063,-0.118433709692,1.41085757073,-4.89561857562e-08,-0.000510966107965,-1.20830423495,1.38886789458e-05,0.00739153435291,-1.18121834121,1.96392441657e-06,0.00363200982115,3.09153476149,-0.000248977860977,-0.0603070827871,0.725830793166,-1.14218934898e-08,-0.000121478819519,-0.272456087435,1.37421047165e-06,0.00143564078305,0.640023630919,-1.0291905514e-05,-0.0139167351391,1.0506768698,-5.49509755864e-07,-0.00156992143152,-1.6915684223,9.10538249155e-06,0.00792933107317,-0.585892059926,7.38971209616e-06,0.00516413459826,-0.914238805273,5.31231744163e-05,0.0259719152013,-0.670101042064,4.38954426762e-06,0.00650204627782,0.638302764397,-0.141990275195,0.378884796637,-1.83029797318,6.24943728899e-05,0.0246577622039,-0.526012247453,6.53987519007e-07,0.00135172664733,-0.413688085119,0.0569767421621,0.158643786301,0.898016447924,-0.000947617044326,-0.101737174131,0.0485110482566,5.35620426548e-06,0.00129582687454,3.99062808608,-0.15067748749,0.0081012399938
gradient_zero,21,0.12,0.129999995232,predicted,Actual proposal support boundary; monitored coordinates are pre-native endpoint forecast,True,50,-0.145205925629,0.51299006357,-0.086375036087,0.190803581438,0.179724026594,0.0586011385032,6.74953929615,6.1254783759,-0.0300165179748,-0.426132821795,2.48056277211,0.188031543315,0.261983968622,0.257433521688,0.255896317084,0.22116254664,4.70928401803,0.17508968156,0.723416822875,9.82951883277,1.35190612776e-08,0.000114352963071,8.92465087914,2.32505287739e-06,0.0022923389296,9.09650784127,3.21910273886e-07,0.00101106503358,8.31760587445,1.57396412739e-05,0.00854244044479,9.94411253171,7.03490579e-09,7.98273806389e-05,9.14918448816,4.31067482622e-07,0.00099113815155,8.21585332492,4.81889016191e-06,0.00821434934461,9.38964547575,6.50398298054e-08,0.000372019038758,9.06293521146,9.11541440257e-07,0.00144559891604,8.68443142534,2.12932976151e-06,0.0030876909495,8.12581728583,1.72824335349e-05,0.0122065482238,8.52448923573,3.63188607937e-06,0.00461301974847,4.54859494674,0.197168190662,0.354227845073,8.51868367613,8.40105937598e-06,0.0057868204073,9.33620763205,1.41790916991e-07,0.000545575501894,5.19957313766,0.0663749343269,0.31923710955,7.33911233995,0.000255694396556,0.0632056420517,8.57982755418,7.01536347673e-06,0.00470595585104,5.59076501928,0.0331136593128,0.170853641493,0.305924342341,-0.923657493281,0.456745147705,1.20020347834,1.56410181522,0.0665802638688,3.32949639395,-6.02191321547,0.351690328056,1.42712340295,0.553459199916,-0.0270489801256,0.00798832341402,0.103089302199,0.120745939211,-0.146280762966,-1.41220513352,0.259420489306,-0.0708161690185,1.88132118362,-7.10332159245e-08,-0.000604909009561,0.188544322075,-1.34773143163e-07,-0.000579938827353,-1.07197268625,1.95284227251e-06,0.00323207935027,2.77100595295,-0.000209673881168,-0.0533244594638,-0.468452810781,2.89739980728e-08,0.000203832914829,0.614425277384,-6.342577553e-07,-0.00147316541087,0.796368578495,-1.38174436903e-05,-0.0171016937623,1.2008339239,-5.71754781588e-07,-0.00175081401177,-1.21863933144,7.29618377558e-06,0.00596667616923,-0.391588182743,4.50579794669e-06,0.00395209016117,-1.32821660099,8.18427308577e-05,0.037065407984,-0.322118533706,-7.17655834276e-06,0.000914346309413,1.16616064029,-0.242299629858,0.571320725863,-0.803412710499,2.62880290529e-05,0.011316927294,-1.61843707098,1.38314440981e-06,0.0032271942061,-0.188396575433,0.0595417530183,0.0659058333772,0.206021619325,-0.000104599620121,-0.0264524733381,1.11014738749,-3.58934986048e-05,-0.012224333462,4.55053420366,-0.184590914725,-0.0176441515692
gradient_zero,21,0.13,0.140000000596,predicted,Actual proposal support boundary; monitored coordinates are pre-native endpoint forecast,True,50,-0.145688595632,0.518320578852,-0.0808777259254,0.203650845251,0.191071098123,0.0592381177017,6.77041969946,6.07939476964,-0.0304687715884,-0.410838345226,2.4921610095,0.18773651113,0.261968687785,0.258569206397,0.257091572804,0.219634376216,4.69359422129,0.177601401257,0.722365964609,9.85049405339,1.25780129635e-08,0.0001073153896,8.9311227649,2.27225739096e-06,0.00225907259119,9.08937685748,3.38518518314e-07,0.00103281180982,8.33747294136,1.43920807072e-05,0.00815937651544,9.93928010206,7.28981778404e-09,8.16457506802e-05,9.15539512892,4.23821189663e-07,0.000975235072793,8.22199838809,4.7249630891e-06,0.00808707165317,9.40332660169,5.80329616989e-08,0.000350661327339,9.05310886735,9.802000315e-07,0.00149822909782,8.68497254225,2.12708265805e-06,0.00309084999943,8.11413032406,1.8044060707e-05,0.012531426479,8.52238767854,3.51424175242e-06,0.00460225591524,4.5618284571,0.194375054008,0.359833570135,8.51611822759,8.48792656544e-06,0.00582752536677,9.31961649584,1.5545781435e-07,0.000578023920649,5.19497733833,0.0672890583085,0.319552624072,7.3366056959,0.000259497355323,0.0634571627741,8.58987379168,6.66334811083e-06,0.00459014915128,5.63938001879,0.0311529105486,0.171395841142,-0.290222454802,0.291242631045,0.192361235618,0.743357002735,0.560709029436,0.0205576453383,-1.34412982709,-5.64966798889,-0.193923609529,1.68713436199,0.299645996071,0.0294056332915,0.085590953198,0.209717174573,0.162547944276,-0.253928063721,-1.53171841224,0.261205990346,-0.0627550247842,1.62464643595,-4.37303091973e-08,-0.000436358357587,0.789118347669,-7.71038230988e-06,-0.00440733668533,0.210040837965,6.63864071467e-08,-0.000772464866348,1.54847567522,-9.40015463536e-05,-0.0297246614649,-0.147262542812,2.6029748852e-08,0.000121973602009,0.656980575027,-1.16461153529e-06,-0.00190430547888,0.179308243838,-2.10793366313e-06,-0.00419617608772,1.89865797733,-7.91145851461e-07,-0.0026379676027,0.0891052032788,1.71828635106e-06,0.000759935257906,0.266317687644,-2.94762804548e-06,-0.00191053278065,-0.0652151465644,-1.38861295101e-06,0.000550355700659,0.131742964344,-1.65356966842e-05,-0.00452673356284,0.868900252006,-0.204487539191,0.503823210445,0.630314826086,-1.98066807522e-05,-0.00798598680137,-1.02450124053,9.68286128757e-07,0.00206381826643,-0.967519446526,0.144832902439,-0.128855584558,-0.280100528755,0.000436992768765,0.0262532913281,0.40968916073,-1.49242404418e-05,-0.00510314562003,4.78636879851,-0.19495964725,-0.003099509769
gradient_zero,21,0.14,0.149999991059,predicted,Actual proposal support boundary; monitored coordinates are pre-native endpoint forecast,True,50,-0.151010374725,0.518814916191,-0.0825278113747,0.205670721493,0.190938207183,0.0590122914099,6.72265669961,6.01248501612,-0.0338949901654,-0.392390134555,2.48655569203,0.188619655981,0.263695787686,0.261627865179,0.25914727597,0.216083985366,4.67864964978,0.180313801367,0.72216172238,9.86201176148,1.26444550937e-08,0.000105625795919,8.94043324609,2.1708452312e-06,0.00220419219589,9.10070865803,3.23238002029e-07,0.000995615736249,8.34857538796,1.38596103469e-05,0.00794794721549,9.94116728086,7.55550076704e-09,8.22668526791e-05,9.16232409966,4.07775251916e-07,0.000953052041973,8.2194394898,4.77673148865e-06,0.00813042582285,9.42761863529,4.92169127762e-08,0.000319259686704,9.06471731552,9.45907167278e-07,0.0014607976212,8.68975777909,2.0703772006e-06,0.00304948029389,8.12451298289,1.72546612758e-05,0.0122175553379,8.52712409502,3.30117214568e-06,0.00452248507721,4.56597295178,0.193078439878,0.364304309282,8.53128997265,8.00492576094e-06,0.00562710067127,9.31571760724,1.61156639566e-07,0.000586851867223,5.18022274873,0.0692715923756,0.316659997859,7.33351032937,0.000264434251931,0.0637307078782,8.58802133739,6.71687866789e-06,0.00460389293864,5.68649239525,0.0292144663678,0.170791651298,-0.133049491826,0.124346184521,-0.307589054108,-0.112399250269,-0.714560866356,-0.0736548547243,-5.29523278117,-6.26197088246,-0.313688526427,1.41353190848,-2.38723867629,0.0649116305444,0.224334998433,0.330256241377,0.213297526201,-0.365413341482,-1.4840070061,0.266538957916,-0.0998224975962,0.297519071223,5.01143943345e-08,0.000111603081939,0.638823641787,-6.0748396313e-06,-0.00349049657327,0.958649714023,-1.06847988009e-06,-0.00287020650516,-0.591368533026,4.6173675045e-05,0.0125315327886,0.860011714276,-3.60015521453e-09,-0.000140798068552,0.551412105288,-9.46639380837e-07,-0.001523486469,-0.478848910321,7.94491153398e-06,0.00904297220597,1.67345044011,-5.27529834006e-07,-0.00202037264823,1.48421747207,-5.9654877876e-06,-0.00557945125433,0.332920234972,-4.68014760431e-06,-0.00325788206686,1.39039234053,-9.84487775301e-05,-0.0397739140452,0.555378818298,-1.80386203574e-05,-0.00823370140998,0.223809137177,-0.107074406473,0.361962792837,1.76504817978,-6.41222236928e-05,-0.0231407350748,0.453973509888,-1.69260285311e-07,-0.00074543451223,-1.30353639314,0.162608806886,-0.218915579152,-0.149668975171,0.000378916306939,0.00360456693748,-0.156188302038,3.40425725566e-06,0.000738305514972,2.27426410651,-0.0948667518686,-0.0792275603944
gradient_zero,21,0.15,0.159999996424,predicted,Actual proposal support boundary; monitored coordinates are pre-native endpoint forecast,True,50,-0.148349585468,0.520807502542,-0.0870295070076,0.201402860246,0.176779880795,0.0577650206072,6.66451504383,5.95415535199,-0.0367425421169,-0.382567707056,2.44441623597,0.189034743741,0.266455387754,0.265174331225,0.261357523328,0.212326109386,4.66391408117,0.182932180416,0.720369514657,9.85644443482,1.35803008502e-08,0.000109547451239,8.94389923774,2.15076059834e-06,0.00218926265972,9.10854985177,3.17148920712e-07,0.000975407679713,8.3256455707,1.53155542081e-05,0.00841000717121,9.95648033634,7.21781467975e-09,7.88297893092e-05,9.16642337103,4.04888402046e-07,0.000944765343413,8.21242140988,4.88386131978e-06,0.00826793109729,9.43679561049,4.74823650188e-08,0.000310253874374,9.08279321679,8.60890275747e-07,0.00138664007274,8.69163094695,2.03347970596e-06,0.0030256923581,8.14193817087,1.60750851564e-05,0.011735948198,8.5334952549,3.15346934527e-06,0.00443758188704,4.56630463985,0.192233565878,0.367072825992,8.55141919119,7.20548209158e-06,0.00536471066528,9.32869596604,1.52072608644e-07,0.000563115230404,5.16890661046,0.0705412344462,0.315174312489,7.3336123164,0.000267075681462,0.0635292541128,8.58675002564,6.73143325594e-06,0.00460491526158,5.68486530092,0.0292555755112,0.169811289934,0.0771351965379,-0.00563013645401,-0.196041584015,0.0191727876663,-1.40570226312,-0.195451887802,-6.93669836118,-7.76723039072,-0.377983763158,1.23002682967,-5.4453243306,0.0894528732775,0.303803986111,0.405029785735,0.239233528078,-0.398007809174,-1.6514532469,0.29248657035,-0.0455259865568,-0.319547616386,5.7513798524e-08,0.000228500876621,1.74586780554,-1.46379660863e-05,-0.00894549777161,0.988435620621,-8.81665027016e-07,-0.00258109922324,-1.11803561438,5.8975450121e-05,0.0239137321767,1.76911834491,-2.38965132165e-08,-0.000318657410995,1.1092790867,-1.74049684637e-06,-0.00281502247784,-0.646234203327,8.41896251347e-06,0.0122823109259,1.04085331639,-1.89789460156e-07,-0.00104886946786,1.66603151624,-7.95644306839e-06,-0.00686274270197,0.338567903939,-5.20143621613e-06,-0.00355296539768,1.1263104519,-6.0103584795e-05,-0.0295728934335,0.221842530588,-7.85565603621e-06,-0.00357073487883,0.550067170736,-0.187620328474,0.36532503221,2.62817712682,-9.62848478498e-05,-0.0333223251406,1.28158665617,-6.15304478069e-07,-0.00201080552932,-1.20897775413,0.139960411734,-0.0788384743332,-0.00539906297132,0.000296169295583,-0.0205496326083,1.16812117833,-3.95337498787e-05,-0.014213772445,0.720886166741,-0.0349943329143,-0.0366323157734
gradient_zero,21,0.16,0.170000001788,predicted,Actual proposal support boundary; monitored coordinates are pre-native endpoint forecast,True,50,-0.149467670795,0.518702313462,-0.086448643055,0.206054177246,0.162824161921,0.0551032536539,6.58392273238,5.85714040831,-0.0414546654286,-0.367789597962,2.37764920542,0.190408713446,0.269771867408,0.269728460894,0.263931946531,0.208123829182,4.64562058484,0.186163532774,0.721251202649,9.85562080916,1.37947310641e-08,0.000110195813452,8.9753506022,1.87808590947e-06,0.00202528224046,9.12047737044,3.05604701489e-07,0.000943993751784,8.32621467567,1.50391193493e-05,0.00842622185902,9.97654964775,7.07757050271e-09,7.58937044592e-05,9.18450968139,3.72965314989e-07,0.000896751592416,8.20651480573,4.94511073892e-06,0.00837607204137,9.44843570162,4.5421123573e-08,0.000298282297347,9.09803794585,7.8677830591e-07,0.00132354276716,8.69652913717,1.96634847628e-06,0.00297842098593,8.14703919193,1.60525895799e-05,0.0116260974692,8.53156094563,3.14405902496e-06,0.00445107037963,4.5769742952,0.189326033308,0.371610809927,8.58385351518,6.07922880394e-06,0.00496065416846,9.34134934036,1.48850550005e-07,0.000546635756637,5.15604319365,0.0720708006103,0.315083228372,7.33340234811,0.000270357637843,0.0633197152261,8.61138376096,5.92620367032e-06,0.00431961748974,5.70091011858,0.0285145797095,0.170059004982,-0.284280100562,0.120661581692,0.146062374115,0.182153120637,-1.18164724112,-0.244455821184,-6.49431890409,-8.71385751365,-0.489679449572,1.03013878372,-4.76343262829,0.0940519279356,0.30560142599,0.452526124154,0.223681493966,-0.41688766699,-1.66578703716,0.313278651639,0.0376716941265,0.194647456258,-5.02421491894e-09,-5.72719939098e-05,2.84632689529,-2.34946502389e-05,-0.0144583040644,1.0277539771,-7.5155291402e-07,-0.00260855058368,0.0499903511912,-3.40536560222e-05,0.000572181954698,2.0476585421,-1.38005608693e-08,-0.000289811720633,1.31976870944,-2.21154953372e-06,-0.00341980404005,-0.302194083026,-3.86531372291e-07,0.00431004025307,1.04701353626,-2.30000423192e-07,-0.00115312423885,0.836733083164,-4.51707473033e-06,-0.00360023456105,0.37040526434,-5.19341511925e-06,-0.00366084344657,0.123944787374,2.90592536135e-05,-8.18371868344e-05,-0.29804508492,6.25323139484e-06,0.00372418969138,1.08327373131,-0.261404669556,0.431421279297,2.50053476921,-8.609473814e-05,-0.0307500499049,1.06595567779,-7.9239626037e-08,-0.00115785602148,-1.24838143513,0.104968274773,-0.0798192515094,-0.430622231019,0.000864783267546,0.0209613649384,2.07865095961,-7.17038750686e-05,-0.0243626269106,2.1975541883,-0.0920828115108,0.0162516026647
gradient_zero,21,0.17,0.179999992251,predicted,Actual proposal support boundary; monitored coordinates are pre-native endpoint forecast,True,50,-0.154035187479,0.523220734176,-0.0841082595253,0.205045922658,0.153146935973,0.0528759041835,6.53462866575,5.77987820171,-0.0465361311084,-0.361964931382,2.3491475834,0.190915782299,0.272567416274,0.274224853708,0.265831153207,0.203988356046,4.63059834042,0.189197753448,0.721122948539,9.86033738394,1.34798165519e-08,0.000108402011361,9.00082577564,1.68086759356e-06,0.00190009657843,9.12910493131,3.02117862432e-07,0.000923236668039,8.32664537773,1.46344810876e-05,0.0084214508103,9.99743350719,6.94180346237e-09,7.30335548965e-05,9.19281874522,3.60657411372e-07,0.000876369262612,8.20637752822,4.87613069233e-06,0.00835413190236,9.45773588122,4.28823565549e-08,0.000287191389597,9.09952787846,7.70548781141e-07,0.00131463538151,8.69903905223,1.92961140358e-06,0.00295247548916,8.14441706661,1.66562702287e-05,0.0117343114543,8.5275343532,3.27853397316e-06,0.00451206568087,4.58797011447,0.187005472487,0.375701251578,8.60142988657,5.48358732878e-06,0.00474970966718,9.35001507959,1.50487816123e-07,0.000539958109975,5.14393898176,0.0726405999417,0.313577927459,7.32499987178,0.000284371346813,0.0639484814116,8.62832304483,5.29735575457e-06,0.00411766272336,5.72881638468,0.027413919281,0.170136321988,-0.300366325513,1.15022598962,0.0119769573212,-0.591311737895,-0.648287862539,-0.269588122424,-4.01476507551,-8.44458655041,-0.781171019349,1.16908971721,-0.161393010267,0.0568772111022,0.293861661107,0.458328235658,0.152393540399,-0.403609410522,-1.30708783087,0.249030803666,0.0722467721124,1.75455379899,-1.19811626854e-07,-0.000638681742605,2.53285012541,-1.92080957911e-05,-0.0123683358722,1.0097706362,-1.19189917607e-06,-0.00294666528219,-0.156524040563,-2.47817149663e-05,0.00376204505592,1.62791039608,5.65167080099e-09,-0.000143294408927,0.477448318077,-7.50804101017e-07,-0.0012591987397,-0.20000459917,-5.28307232179e-07,0.00251610018374,1.92806482055,-4.64901266218e-07,-0.00202068347824,-0.218533854829,6.46229776323e-08,0.000632455570198,0.294987091597,-4.41860120119e-06,-0.00326765157897,-0.273920205898,6.36967137969e-05,0.0110099633429,0.187783682262,6.28378559339e-06,-0.00105054257273,1.03624898999,-0.202468178958,0.469141063898,1.50071952776,-4.82538253553e-05,-0.0178891935681,0.550601804611,5.11074514508e-07,3.73040075447e-05,-0.863535676511,0.00723119805885,-0.131033347102,-0.754972205116,0.0013461545908,0.0523317128955,1.09475463951,-5.19911306542e-05,-0.014934767348,3.98216717863,-0.163242839838,-0.100593735794
gradient_zero,21,0.18,0.189999997616,predicted,Actual proposal support boundary; monitored coordinates are pre-native endpoint forecast,True,50,-0.155474997305,0.541706833255,-0.0862091039085,0.194227942488,0.14985840467,0.0497114912054,6.50362743087,5.6882486773,-0.0570780858155,-0.344407803618,2.37442134521,0.191546257668,0.27564910063,0.278895025607,0.266979817339,0.200051640972,4.61947882823,0.191144148847,0.722696138091,9.89071188514,1.13984985271e-08,9.74221785996e-05,9.02600760471,1.49392399365e-06,0.00177791552302,9.14067278316,2.81766717967e-07,0.00088506044614,8.32308419486,1.45434850499e-05,0.00850146276014,10.0091078557,7.19060391873e-09,7.30278162807e-05,9.19405864776,3.57949232968e-07,0.000871567617622,8.20251471375,4.93454459427e-06,0.00842639404505,9.48699699803,3.61230982487e-08,0.000257868627782,9.09366726875,7.88070765463e-07,0.00133619187857,8.702428879,1.87797645226e-06,0.00291306795435,8.14156078781,1.73265238559e-05,0.011846296736,8.53531661928,3.26973473683e-06,0.00443005952818,4.597699275,0.185276669729,0.380993631205,8.61386790574,5.11415229683e-06,0.0046028702971,9.35236137646,1.59072040295e-07,0.000547381836788,5.13877248012,0.0722154245715,0.31246256143,7.31830290401,0.000297280729659,0.064366349484,8.63327885375,4.88638105723e-06,0.00402092214278,5.78055346216,0.0252497229127,0.168047130266,-0.216824982803,0.619361881136,-0.0379787683487,-1.37123902142,-1.00807318091,-0.354023906549,-4.42883344033,-7.98671468633,-0.109863934911,1.28181149577,-1.06254423577,0.0567851030127,0.279736901375,0.446316348994,0.128299114568,-0.371337818514,-1.13735402813,0.23034844325,0.120281869508,1.81657798804,-1.22001388328e-07,-0.000633350860055,2.37526323568,-1.59591199136e-05,-0.0109137939139,2.17971791158,-3.1988310477e-06,-0.00632864623108,-1.79753943942,0.000100456934484,0.0366356451477,2.3477003791,-5.19083584907e-08,-0.000442074583574,0.517501543185,-1.09609357711e-06,-0.00161667009886,-0.304664796616,1.92558759462e-06,0.00481671463112,1.4574206951,-3.60309418659e-07,-0.00145040289384,-0.750492197089,1.68145990494e-06,0.00246701432142,-0.0951280866944,1.51046199213e-07,-6.60087293021e-05,-0.134600379079,7.36042816324e-05,0.00759136206745,0.477541472981,6.97711419409e-06,-0.00441148854811,1.05910443263,-0.190092552899,0.4393503003,0.744400804195,-2.66616813417e-05,-0.00880287918519,0.969185099934,-2.10896083005e-07,-0.00100920350002,-0.377893881881,-0.0872033832587,-0.0690064694342,-0.637594812756,0.00117312772236,0.0433014455404,1.13473021284,-5.77223058013e-05,-0.0166304451697,2.52617645443,-0.113482656321,-0.143682875487
gradient_zero,21,0.19,0.199999988079,predicted,Actual proposal support boundary; monitored coordinates are pre-native endpoint forecast,True,50,-0.158371687135,0.535607971799,-0.0848678348923,0.17762114223,0.132985472355,0.0457954260525,6.44605199694,5.62014390799,-0.0487334098066,-0.336328701467,2.32789669869,0.19205148436,0.278162154301,0.283151180688,0.268397135499,0.196561599676,4.60785125986,0.193804722313,0.72352858593,9.8966689437,1.10397887853e-08,9.57349941595e-05,9.04833104036,1.36168519529e-06,0.00168182070015,9.17269928954,2.38141241478e-07,0.000796663743417,8.29069458894,1.66436197773e-05,0.00915416371326,10.0443875148,5.90363629255e-09,6.4192063225e-05,9.20316877608,3.3873553983e-07,0.000844035860635,8.20028423229,4.91464244422e-06,0.00845046619498,9.48688429512,3.56761681817e-08,0.00025818333172,9.08451803451,8.0417797924e-07,0.00136397566794,8.6971364905,1.93263232756e-06,0.00295115531458,8.14172505903,1.81283558613e-05,0.0118861386957,8.53708518266,3.41807625704e-06,0.00442383590991,4.60915220313,0.183203621429,0.384488257584,8.61631790265,4.95035370195e-06,0.00457365208348,9.36939878159,1.46269894463e-07,0.000519774039974,5.13638110412,0.0708965322765,0.31219779807,7.31224797552,0.00030783390126,0.0648145103224,8.65101764909,4.14290963854e-06,0.00378505381997,5.77933991377,0.0251442661546,0.167262664478,-0.224904689259,-0.432972484016,0.61378967762,-2.15561659634,-2.05400145054,-0.432852103666,-8.31074458667,-3.99092596493,1.73102266601,0.798194995255,-8.61990050085,0.0260580857723,0.18291074463,0.399037684209,0.151882352431,-0.289800121824,-1.45601160878,0.350286751758,0.101000518962,-0.739856550056,3.53503622067e-08,0.000252125725756,2.78323000741,-1.61777586292e-05,-0.0118425277224,5.07984542023,-5.66356594367e-06,-0.0124100399675,-3.08389831576,0.000203423717099,0.0622229250995,2.38742955524,-9.48664574887e-08,-0.000640130849775,1.00753122211,-1.95190269385e-06,-0.00296036434748,0.00666905779968,-6.90711206087e-06,-0.00302948075913,-0.725203393765,7.42678637492e-08,0.000597570804702,-0.735638273225,4.75910252185e-07,0.00189940342406,-0.815410809295,1.0570156767e-05,0.00698513984952,0.26091103094,6.64932951942e-05,-0.00236667889726,-0.368402099232,2.75686550543e-05,0.00620917295335,1.47071354063,-0.288271076733,0.22225610485,0.272484070061,-1.70689296104e-05,-0.00323918871095,1.09496335418,-1.10644786803e-06,-0.00210724779208,-0.315421319945,-0.132801955122,-0.0670669120678,-1.27357781996,0.00199093396422,0.115990909924,1.84594328312,-7.46399764475e-05,-0.0239313265327,-2.30581252326,0.065644541109,-0.0106327957934
gradient_zero,21,0.2,0.209999993443,predicted,Actual proposal support boundary; monitored coordinates are pre-native endpoint forecast,True,50,-0.15997309109,0.533047383574,-0.0739333103561,0.151115610561,0.108778375659,0.0410544491321,6.33741253914,5.608430158,-0.0224576324953,-0.328443903713,2.20202333519,0.192067419384,0.279307315523,0.286875779291,0.270017464388,0.194255638536,4.59035859605,0.198149883882,0.72471614847,9.87591475414,1.21055057712e-08,0.000102464693115,9.08167220486,1.17036882106e-06,0.00154106496857,9.24226969157,1.68495399094e-07,0.00063685964679,8.26140622854,1.86119593919e-05,0.00974592126213,10.0568564468,5.29327476896e-09,6.02251992852e-05,9.2142092722,3.18911179091e-07,0.000812360330673,8.2026480949,4.79640235306e-06,0.00836580442986,9.47249293016,3.76084555237e-08,0.000269820043876,9.07895450329,7.97588970506e-07,0.00137417994705,8.68612066282,2.0893795876e-06,0.00305277075134,8.14677900843,1.86563897598e-05,0.0117989631581,8.52794857729,3.82110783791e-06,0.00455424298725,4.62711354581,0.179511248194,0.385438753302,8.61931758714,4.77277370463e-06,0.00453808652288,9.37426064354,1.36943082935e-07,0.000505236880946,5.13246405372,0.0695593854691,0.311121223189,7.29283134761,0.000337099408943,0.0666861676825,8.67019771941,3.39358152828e-06,0.00354229561213,5.73443721169,0.0265626137349,0.167834474351,0.415638266395,-1.53294799065,0.909235954285,-2.90790721774,-2.89420050383,-0.441730982523,-11.426773615,0.775067076034,2.81892356589,0.86175079042,-14.3340585261,-0.0312774095262,0.100082746224,0.310756431904,0.166536997329,-0.160712123116,-1.38103844238,0.330064479566,0.106241856274,-2.71523510053,1.43910441069e-07,0.000880331755014,2.84769978958,-1.57622743528e-05,-0.0118168536515,7.64675799945,-6.49749936777e-06,-0.0157308151715,-2.83887458454,0.000195799154065,0.0584394130152,-0.209289894105,-3.66081577944e-09,-2.12813921415e-06,0.8893505745,-1.76581650696e-06,-0.00276524684372,-0.0911872969866,-6.59367845106e-06,-0.00155443176442,-1.87235569382,3.77911672989e-07,0.00178048273942,-0.291099116366,-1.42754824466e-06,0.000106430629346,-1.1419764198,1.58328425186e-05,0.0105021724749,1.15543454105,5.71008417165e-07,-0.0257993462359,-0.897673381486,4.04887897981e-05,0.0129819042563,1.66807099437,-0.368833447215,-0.0242310525178,0.172558140006,-1.40517438736e-05,-0.00203630556226,0.0691693611486,-5.94851899281e-07,-0.0007388289552,-0.83648034755,-0.077367725352,-0.0920109937213,-1.86805389651,0.0030004308911,0.174467046712,1.22383255837,-6.05781677358e-05,-0.0170214715247,-5.43744145962,0.191046687946,0.105782378643
gradient_zero,21,0.21,0.219999998808,predicted,Actual proposal support boundary; monitored coordinates are pre-native endpoint forecast,True,50,-0.150058921807,0.504949011986,-0.0666831158066,0.119462997875,0.0751014622784,0.036960806402,6.21751652464,5.63564524951,0.00764506151128,-0.319093685658,2.04121552817,0.191425936169,0.280163809226,0.289366309326,0.271727875445,0.193347357214,4.58023049101,0.200406011905,0.725653423055,9.84236424169,1.39179976067e-08,0.00011334162926,9.10528503615,1.04643970823e-06,0.00144548362712,9.32563444953,1.08191254122e-07,0.000482047439988,8.23391709725,2.05596028586e-05,0.0103229519736,10.0402017169,5.83041997697e-09,6.41495004408e-05,9.22095578757,3.03419209691e-07,0.00078873092376,8.19846048635,4.7827688752e-06,0.00841937755969,9.44943718124,4.32344016415e-08,0.000293792986509,9.07869605219,7.75627014346e-07,0.00136610428053,8.6742969621,2.24928917794e-06,0.00316119876407,8.16483374985,1.81397760297e-05,0.0113701517709,8.51913171503,4.22785205301e-06,0.00468347399503,4.64251362301,0.175826952485,0.384003636534,8.61976906545,4.66931882447e-06,0.00453292597223,9.37078216881,1.34372856478e-07,0.00050499746087,5.11965149717,0.0693491777695,0.310357578196,7.27488689759,0.000367842519082,0.0683038512566,8.67549430026,2.93134628382e-06,0.00344462438948,5.67059108458,0.0289651999135,0.169378312051,0.324215724874,-2.02463241525,0.215819478035,-3.56657189131,-3.40735417604,-0.224569473913,-16.1173575154,8.96994587285,3.90092982933,0.446354733772,-17.7579952958,-0.0926347059062,0.0961079542224,0.133319642773,0.228780698722,-0.0101842312518,-0.118037325559,0.0759058740217,0.0721206151822,-1.60210141475,7.14108058685e-08,0.0004729919689,1.09695636912,-6.1750356215e-06,-0.00459315819463,8.98352387163,-5.41777971057e-06,-0.0149064181974,-6.72708924406,0.000698952813475,0.163638806508,-6.8462462209,4.01918031482e-07,0.00230844741593,1.24904410478,-1.71800384715e-06,-0.00297167834408,-0.93610764905,8.74848818711e-06,0.0172928881157,-3.71944488893,8.86797722981e-07,0.00391800174349,0.612231551629,-2.65951897526e-06,-0.00247615180808,-1.97771403953,2.52611273752e-05,0.018069180042,3.11468247737,-0.000146712663458,-0.0750679621868,0.0957246584624,3.64049021416e-05,0.00204128586248,1.01858414303,-0.275866103493,-0.118006408188,-0.307527769821,4.59404210106e-06,0.00371514438755,-2.74048784367,2.34194469295e-06,0.00489343926895,-0.840646189575,-0.127109226622,-0.108044596446,-1.14673102132,0.00192737569044,0.103423922226,0.619189637038,-2.816847991e-05,-0.00902491725734,-6.27641552478,0.263661025238,0.3543159889
gradient_zero,21,0.22,0.229999989271,predicted,Actual proposal support boundary; monitored coordinates are pre-native endpoint forecast,True,50,-0.153488776593,0.492554735269,-0.0696169207954,0.0797841727352,0.0406312921381,0.0365630596538,6.01506538883,5.78782907546,0.0555609640913,-0.319516809037,1.84686342928,0.190214725266,0.281229474607,0.289542172147,0.274593078362,0.19405195391,4.58799784954,0.199668001363,0.726158560774,9.84387272584,1.35337218886e-08,0.000111924532493,9.10361133224,1.04686810863e-06,0.00144920180468,9.421940169,6.01398048825e-08,0.000338731282842,8.12686444366,3.25910156614e-05,0.0130186973923,9.91993152236,1.33316353986e-08,0.000106394147604,9.23919015429,2.84551102148e-07,0.000752926763791,8.18392594192,4.9713721168e-06,0.00871166219218,9.39810403238,5.53444099833e-08,0.000348180078746,9.09119913432,7.44398591001e-07,0.00132465691089,8.64656638203,2.5946021351e-06,0.00341415435218,8.20907265798,1.57221364906e-05,0.0102976039144,8.52986307046,4.54920588074e-06,0.0045950687045,4.64748522867,0.173993926125,0.383078625138,8.61316703174,4.86465454665e-06,0.00461238941063,9.31945088667,1.83781976794e-07,0.000603105666325,5.11565112993,0.0670172009366,0.30896033126,7.26989672719,0.000375646922752,0.068754646127,8.68258151215,2.83021193008e-06,0.00336179726698,5.6089089012,0.0318358342397,0.174920794129,-0.000461182667988,-1.58909444937,0.336159706116,-3.70769935846,-2.28531502187,-0.10280182803,-19.6831470642,22.7066889996,5.50115742068,1.81353479018,-19.4069008841,-0.107210346506,0.0352356812273,-0.174718369363,0.157689662232,0.208971878223,1.25441016272,-0.211556296922,0.260595378784,1.4060170232,-2.26434134837e-07,-0.000945167346489,0.445679840429,-2.9173721543e-06,-0.00200880605761,10.5381601153,-3.92746513145e-06,-0.013094409391,-10.3639338777,0.00147916635188,0.281843053612,-26.6107885741,8.47215705028e-06,0.0216905532909,1.7719423541,-1.53827659667e-06,-0.00313493563605,-1.37102556383,1.91313224262e-05,0.0288374912322,-4.42208801831,1.10484636315e-06,0.00479196626883,0.449546164865,-6.21193270668e-07,-0.00125579517881,-2.03091010449,2.55028012581e-05,0.0192259459909,3.69451657208,-0.000181150700468,-0.0866016606719,-1.35745054926,0.000134422545323,0.0253767700004,1.6149914893,-0.454148571273,-0.0130212150434,-0.616144658619,1.51448724799e-05,0.00730785441791,-12.3065411635,2.6435258024e-05,0.034497580965,-1.67225767487,-0.236028290969,-0.111352610238,0.185127333302,-0.000648267570452,-0.00886573323094,1.33317116524,-1.87192971224e-05,-0.0139024730953,-2.91262003346,0.150228953277,0.804749894416
gradient_zero,21,0.23,0.239999994636,predicted,Actual proposal support boundary; monitored coordinates are pre-native endpoint forecast,True,50,-0.150068145461,0.473167122998,-0.0599599216843,0.0453090107059,0.0293951618409,0.0349047698414,5.82385358336,6.0897790295,0.117668209925,-0.282822989855,1.65307751049,0.189281729239,0.28086852285,0.285871941939,0.27488166869,0.197526794778,4.60531869427,0.196174885966,0.730865330631,9.87048458216,9.38931490994e-09,9.443828233e-05,9.11419863296,9.88092265144e-07,0.00140530750597,9.53639765183,2.96419514934e-08,0.000220159252168,8.02663841969,5.01429298963e-05,0.0159598130458,9.5079859454,1.75273560982e-07,0.000497960566259,9.25639463465,2.72653677757e-07,0.00072603221104,8.17103997507,5.16539532373e-06,0.00899612738433,9.36099542088,6.53313289044e-08,0.000389632311885,9.08768697548,7.63203148933e-07,0.00134098837695,8.63367876001,2.7593452031e-06,0.00354571768389,8.2387240813,1.45167620203e-05,0.0096381185575,8.49198270405,6.91630295947e-06,0.00519100939504,4.6748134528,0.166743981059,0.383743212233,8.60744617228,4.97221627407e-06,0.00467908306059,9.12465134554,6.63078016957e-07,0.00119494908017,5.08620634367,0.0646286119501,0.308130525991,7.27858944426,0.000354877167673,0.068126536592,8.70215772356,2.55696034138e-06,0.00316657492757,5.61233868391,0.031969778979,0.185473309939,-0.109052428978,-1.50327566006,1.19435214996,-1.70425462723,-2.17396143079,-0.229630168966,-11.4755686645,26.7589036305,4.98660144755,4.28986735633,-17.3804981997,-0.163358069032,-0.184457744273,-0.324605079732,-0.0502122669357,0.296531041425,1.55625010221,-0.369949381595,0.192897639038,-3.13605457204,-2.38297321695e-08,0.000794048524755,2.32543326261,-1.07009136898e-05,-0.00879562491496,9.76805521814,-2.12973925823e-06,-0.00893269702871,-7.72783817743,0.00135801740219,0.238541721816,-37.1213119844,4.9629513753e-05,0.0627647036273,1.63831434764,-2.0563584627e-06,-0.00360344378438,-0.799847664356,9.93995641181e-06,0.0160042890125,-3.5591580712,1.53092872207e-06,0.00514713257332,0.64231000414,-3.34754172535e-06,-0.00284498874848,-0.771118036311,1.37920457452e-05,0.00991177442359,1.76018751034,-6.569178876e-05,-0.0382377464493,-5.23881416555,0.000283635829116,0.0777881199992,3.23570304635,-0.852335942272,0.0884362255435,0.865912523617,-2.61687993754e-05,-0.00981786581329,-16.7160118601,6.69811559277e-05,0.0624058483944,-6.56550879564,0.0479439025717,0.0221903150989,-0.16103830277,-7.26149410152e-05,0.0299737006496,0.870043099782,-3.17410112045e-05,-0.0118865098432,-4.44085338921,0.184664324002,0.713988502911
gradient_zero,21,0.24,0.25,predicted,Actual proposal support boundary; monitored coordinates are pre-native endpoint forecast,True,50,-0.155669825172,0.462489222068,-0.0457298777962,0.0456990801907,-0.00284793647766,0.0319704562745,5.78555401554,6.32300714807,0.155292993042,-0.233719461911,1.49925346528,0.186947563885,0.277540319722,0.283050070552,0.273588833023,0.199982574739,4.61912285159,0.192269013731,0.730016513554,9.7811516344,1.30571272452e-08,0.000127805502988,9.15011999749,8.32849834837e-07,0.00127328930638,9.61730127336,1.7545019718e-08,0.000160077342268,7.97230768011,5.97513637052e-05,0.0177895318286,9.17750528267,1.00592191046e-06,0.00136168822015,9.27195644125,2.43423932894e-07,0.000680857888103,8.16792898863,5.17017124503e-06,0.00903174797243,9.32692087095,8.59629844247e-08,0.000451122730213,9.1040453344,6.77447756494e-07,0.00126775713592,8.6311440213,2.87044305001e-06,0.00361238984065,8.24427640819,1.44083007154e-05,0.00953284898538,8.42508678715,1.02219224631e-05,0.00615083110448,4.7121992896,0.156947207279,0.384847349649,8.63048528222,4.34127855914e-06,0.00441603209437,8.98513064947,1.52340509535e-06,0.00185122263421,4.98434095402,0.0679760789881,0.309404137562,7.26667596113,0.000374194623932,0.06935412014,8.69998237415,2.19539170599e-06,0.00312406707012,5.52009183341,0.0355291207197,0.189200564187,-0.519159149766,1.13138071447,1.80843055248,-0.58786213398,-3.36393079162,-0.137660967147,-2.89822695486,13.6633948983,3.04635709259,0.310449760175,-12.4482736676,-0.20735431914,-0.185802301451,-0.189051593414,0.00947346011142,0.179812628587,0.670750668078,-0.168681414861,0.00368755801836,-7.68567516875,4.46740862186e-07,0.00325627347723,3.3818280665,-1.33894242213e-05,-0.0118472647062,6.47828917407,-8.14490244003e-07,-0.0043212343623,-3.56678040894,0.00106230555283,0.0904414625687,-18.0238057606,4.9539690924e-05,0.0490514870868,0.300832609625,-1.71638333329e-06,-0.00222313563806,1.12944610807,-3.40870114536e-05,-0.0326126909802,-4.20788130584,2.72438068853e-06,0.0075523077682,1.71984289211,-1.01859558762e-05,-0.00835983469153,-0.273711106068,1.3129627315e-05,0.00643304094549,0.763707690513,-3.02189409101e-05,-0.0156130197294,-4.47609883413,0.000185669184071,0.0638310023092,2.73733176791,-0.708676826064,-0.0958757267607,2.02237308609,-5.65495103039e-05,-0.0227749639128,-6.65900367306,4.01620876604e-05,0.0309266455737,-3.56212852309,0.123149891353,0.272256686485,-2.53668487562,0.0041135922782,0.279389657802,-1.7430989376,-2.0037543394e-05,0.0115200946205,-7.86312807698,0.333352944857,0.149714534029
gradient_zero,21,0.25,0.259999990463,predicted,Actual proposal support boundary; monitored coordinates are pre-native endpoint forecast,True,50,-0.160451328456,0.495794737288,-0.0237913106346,0.0335517680263,-0.0378834539914,0.0321515504985,5.76588904426,6.36304692747,0.178595351777,-0.276613994651,1.40411203713,0.185134642856,0.277152476821,0.28209091007,0.275071137892,0.20112304735,4.61873370763,0.192801257669,0.730939081791,9.71677107878,1.83241321537e-08,0.000159563751875,9.18183519429,7.20303780719e-07,0.00116836221185,9.66596343532,1.33521466134e-08,0.000133734564922,7.95530281152,7.13890409529e-05,0.0177686422972,9.14750983019,1.16606737946e-06,0.00147899030799,9.26241128685,2.38326011091e-07,0.000681569498278,8.19362889723,4.48365509465e-06,0.00834387356473,9.27683779476,1.19818942675e-07,0.000540678467249,9.12208383333,5.59484031409e-07,0.00117379168312,8.62820453789,3.0219377494e-06,0.0036743785028,8.25399823511,1.39123832021e-05,0.00932585816292,8.40246072737,1.06296866409e-05,0.00646762944122,4.72956008816,0.152570444538,0.381825697698,8.647893634,3.84122606799e-06,0.00422358378233,8.99147127208,1.46631977017e-06,0.00181348199164,5.01496377321,0.0670916097771,0.313575659721,7.22785574674,0.000437149013237,0.073714329748,8.66729574481,2.15620947349e-06,0.00339697681998,5.45507612237,0.0386368378762,0.18846760062,-0.447469930298,2.31295411515,1.56276834011,-1.46441364288,-2.08943468332,0.0427120223835,0.236861179568,2.492998,2.31990736615,-2.64697174479,-5.92360099405,-0.175939959859,-0.0350902978231,-0.0486244673328,0.138887238889,0.0353745313605,-0.275625497098,0.101131027621,0.00877374654427,-1.98223197955,1.1666411523e-07,0.000786033358193,1.68422213766,-6.0890484981e-06,-0.00566842986208,3.33345569842,-2.71269468688e-07,-0.00174487702184,-3.95783959586,0.00184484322733,0.0910155931389,-1.92368030737,1.05533754004e-05,0.00763793719481,-0.789609523771,3.43912041561e-08,0.000545779889324,1.98756956017,-5.05838696556e-05,-0.0514510937256,-4.47941356688,3.77957546157e-06,0.00925119078963,-0.498627984495,-2.54608594208e-06,-3.7722374841e-05,-0.869922293251,1.94769980973e-05,0.010730857264,0.343710994144,-1.10731544575e-05,-0.0067717803168,-0.848289490028,-1.02203469816e-05,0.0104935421085,1.63402979333,-0.37361768703,-0.0362615642891,-0.763945148586,4.89810785301e-06,0.00853811746708,-0.138353959117,1.03936386708e-06,0.000587250200344,3.68319246842,-0.149963168193,0.238873874343,-2.23588555037,0.00360614683861,0.254548753795,-2.36750956122,2.22022117338e-06,0.020547713403,-5.40804259309,0.22272513158,-0.206243150177
gradient_zero,21,0.26,0.269999980927,predicted,Actual proposal support boundary; monitored coordinates are pre-native endpoint forecast,True,50,-0.164619223778,0.508748304371,-0.014474510994,0.016410807333,-0.0446366301441,0.0328246967222,5.79029123913,6.37286710807,0.201691140365,-0.286658896806,1.3807814454,0.183428764688,0.276838513765,0.282077581206,0.276366577801,0.200690065366,4.61361034164,0.194291634283,0.730191988485,9.74150699481,1.53904095498e-08,0.000143526170152,9.18380444024,7.11068864875e-07,0.00115992070914,9.68397038733,1.21196303442e-08,0.000125179801831,7.8931508882,9.66482282518e-05,0.0196098436914,9.13903167653,1.21698941847e-06,0.00151444696405,9.25616425077,2.44111756977e-07,0.00069177348589,8.20768037984,4.15849385192e-06,0.00800272609792,9.23733259962,1.61554493656e-07,0.000636146546005,9.09407277471,6.26526037653e-07,0.00126700268842,8.61374557543,3.25998301195e-06,0.00382700698593,8.25115062807,1.41868376262e-05,0.00939741337904,8.40812099735,1.00175155234e-05,0.00636070194665,4.74487988546,0.149474853539,0.384122118363,8.61520637924,4.4392407162e-06,0.00458679444371,8.98236357028,1.54419237269e-06,0.00186296763822,5.05800480338,0.0649768156242,0.314181615049,7.22195825012,0.000446317560704,0.0744450952159,8.65263218292,2.23979612946e-06,0.00353502133818,5.41193098155,0.0399836233513,0.185075701183,-0.509681817119,1.61500111032,0.777010083199,-1.25418871641,-0.303136572242,0.103898112235,0.877014692819,2.98897578603,2.1377226099,-1.08190768895,-2.83382767052,-0.140877983528,-0.0436702546006,-0.0437351257452,0.0870100041808,-0.00460486817951,-0.373889230272,0.104529782936,-0.0376413713331,0.967378688227,-1.16352189741e-07,-0.000628177892924,0.63250975376,-2.33370300009e-06,-0.00219384393406,1.54787397523,-9.9514382452e-08,-0.000704313578934,-4.2097169064,0.00168449741119,0.130940658076,-1.49532656141,9.03541900186e-06,0.00618381034302,0.0581744932535,-2.28558981729e-07,-0.00035984204329,1.14626232881,-2.55974086187e-05,-0.0274126367851,-3.42263040262,3.86463433497e-06,0.00839731881999,-1.72546770311,3.0812631815e-06,0.0053195828958,-1.67820731517,2.96145013774e-05,0.0184299582055,-0.541523242068,4.32400884592e-05,0.0130475844362,0.216299151318,-2.51251441662e-05,-0.00419222619238,1.23914749775,-0.236571060019,0.153659972481,-2.41084113187,4.45835990439e-05,0.027216250794,-1.01688982211,8.10096539558e-06,0.00527776254269,2.7949981834,-0.171491268742,-0.0284874212825,-0.727058204484,0.00133815089844,0.0809825747732,-0.202994636291,-3.59096080911e-06,0.00131488642993,-4.09816430327,0.129938763368,-0.204847521022
gradient_zero,21,0.27,0.280000001192,predicted,Actual proposal support boundary; monitored coordinates are pre-native endpoint forecast,True,50,-0.170644964799,0.528094759494,-0.00825110897064,0.00846799369812,-0.0439461854362,0.0342295127432,5.78342933812,6.42282644319,0.221349803975,-0.29825214843,1.34743548372,0.182317083186,0.276279071729,0.281216207556,0.276811337976,0.201030949986,4.61125592302,0.194891853328,0.730186254364,9.73611865254,1.59970883588e-08,0.000147000194016,9.19448538936,6.73629720717e-07,0.00112448533317,9.69692091482,1.13618589643e-08,0.000119648293344,7.87110847339,0.000105078989177,0.0203874554587,9.11760329896,1.3467757595e-06,0.00160266651485,9.26357477671,2.33754831457e-07,0.000674372657413,8.21655414381,3.97170692228e-06,0.00779562082903,9.20838518671,1.97111629374e-07,0.000708624843649,9.08757447926,6.21109295038e-07,0.00128018334104,8.59464039159,3.61422777695e-06,0.00404297766691,8.24316777026,1.47771849713e-05,0.00958680985164,8.40678671039,1.01271837576e-05,0.00638378491738,4.75434303811,0.147839023338,0.384898897147,8.59967681137,4.73289804887e-06,0.00476790879821,8.97113347564,1.62833907808e-06,0.0019190372425,5.07086373688,0.0636617844023,0.313005911295,7.21331458265,0.000463912031206,0.0753339812435,8.66323585208,2.08439025731e-06,0.00342327454858,5.3731128363,0.0412356131435,0.184370650199,-0.108005963677,-0.435664042092,0.491428852081,-0.672589659691,0.334723711014,0.0468160136676,-0.318683973595,1.8826405582,1.37180649493,-1.28258631805,-1.70277511287,-0.0634626588934,-0.0431974120428,-0.0431110745485,0.0532762685981,0.0329161955308,-0.367012564101,0.122273759369,0.0326945884417,-0.46174184746,6.32102020671e-08,0.000334500611176,1.13612630699,-3.7952806145e-06,-0.00366693189144,1.12456442538,-7.21198571371e-08,-0.000505776893574,-0.992276155668,0.000272820575875,0.0417574081399,3.93338314512,-1.98402700822e-05,-0.0150489771336,0.763322155475,-1.20358775781e-06,-0.00195717357436,0.87154283276,-1.80021412156e-05,-0.0197893384468,-2.33620061213,3.3941143899e-06,0.00645803110817,-1.14045506197,1.47832489738e-06,0.00344403186847,-1.39552148471,2.37984013507e-05,0.0155367618168,-0.838361952551,5.92779111565e-05,0.0192567531027,0.411506534656,-2.42778510451e-05,-0.00673316903917,0.492441472041,-0.0455505928818,0.0353920245608,-1.50264244159,2.94335972124e-05,0.017734403089,1.87360154663,-1.71663628654e-05,-0.0109736644698,1.60213369014,-0.130031984186,-0.112865690721,-0.553981519569,0.00113843192194,0.0568535053921,0.796401527774,-9.98936366877e-06,-0.00784899968307,-3.86225354166,0.120367734271,-0.18929025282
gradient_zero,21,0.28,0.289999991655,predicted,Actual proposal support boundary; monitored coordinates are pre-native endpoint forecast,True,50,-0.166779343052,0.500035023529,-0.00464593395234,0.00295901413917,-0.0379421559238,0.0337610169955,5.78391755966,6.41051991923,0.229127270264,-0.312310623167,1.34672594315,0.18215951151,0.275974565524,0.281215359715,0.277432103173,0.201348389277,4.60627009036,0.196737109471,0.730845880254,9.73227215786,1.66546135911e-08,0.000150216182375,9.20652696638,6.35163252585e-07,0.00108658207131,9.70646167584,1.06772332015e-08,0.00011506426396,7.87330536508,0.000102104639769,0.0204449918542,9.21769933943,8.20184016823e-07,0.00121346742137,9.27143069388,2.20040001821e-07,0.000652630014403,8.22511123649,3.79845102761e-06,0.00760693932898,9.19060858737,2.29436781454e-07,0.000765307168169,9.07126367347,6.560925356e-07,0.00133588332579,8.58583514574,3.73595103897e-06,0.00413774222227,8.23438338902,1.53723958494e-05,0.0097825484411,8.41635112804,9.53195850254e-06,0.00622603856587,4.7547287149,0.148563841681,0.384829958854,8.58515353041,5.02791266045e-06,0.00494148250549,9.01983560122,1.20086511538e-06,0.00164349434882,5.09004747719,0.0623761759405,0.311924301234,7.21087861973,0.000469086199143,0.0755821653237,8.66856021348,2.04000885608e-06,0.00337804134452,5.33468591072,0.0423909780367,0.181289896127,-0.111714180269,-1.17344405711,-0.0459064245225,-0.795446693897,0.37428945303,-0.0590283385851,0.653825839694,-0.938641601323,0.405298718696,-1.1480401273,-1.68333742764,-0.0158386827861,-0.0436910067093,-0.020099131776,0.0524341746993,0.0336456819153,-0.0684100039389,0.0514494646757,0.0305118908664,-0.742341449509,8.13438498622e-08,0.000455316551155,0.812544589344,-2.59430355125e-06,-0.00258010182298,0.545028652051,-2.94962321342e-08,-0.000216952485866,0.349900774572,-0.000180523556705,-0.00933666929505,5.50877361025,-2.83408385632e-05,-0.0211688661608,0.636919862149,-1.24609543359e-06,-0.00192817932513,0.283136259164,-6.07012163417e-06,-0.00615191657756,-0.441253518217,7.64344699166e-07,0.00146843606032,-1.63067797231,3.73188474648e-06,0.00574228764604,-0.982630696023,1.32224949176e-05,0.0103731750584,-0.126140176022,1.45471091336e-05,0.00328683669492,0.895210515328,-5.50723302232e-05,-0.0146395065847,-0.280893403163,0.0866266969927,-0.0831007894716,-1.62717510258,3.51041228972e-05,0.0198380702906,3.34307085959,-2.71800366943e-05,-0.0181767018531,1.5372759096,-0.0767248485251,-0.0410016788684,0.0440939500161,8.93044765396e-05,-0.0149378358133,-0.0326359787214,2.49029220292e-06,0.000979137235305,-1.34588745062,0.0616860244711,-0.139193379736
gradient_zero,21,0.29,0.299999982119,predicted,Actual proposal support boundary; monitored coordinates are pre-native endpoint forecast,True,50,-0.172879248404,0.504625878352,-0.00916923746109,-0.00744094017983,-0.0364603963757,0.0330489459715,5.79650585491,6.40405361116,0.229455778349,-0.321212950976,1.31376873517,0.18200030953,0.275405251595,0.28081422492,0.27786002147,0.201703863625,4.60988772295,0.195920842621,0.730796492182,9.72127182355,1.76239653561e-08,0.000156106525039,9.21073628115,6.21743649692e-07,0.00107288329671,9.70782148786,1.07719343216e-08,0.000115309243626,7.87810648888,0.000101468518043,0.0202007220728,9.22777877117,7.79958988236e-07,0.00117928919164,9.27631317395,2.08832922785e-07,0.00063580907091,8.22221686899,3.8503044896e-06,0.00767258249748,9.19956011634,2.12398523358e-07,0.000737993564855,9.05496091982,6.95746989968e-07,0.00139502909396,8.57498777767,3.8786776753e-06,0.00425044116808,8.24064496674,1.5068127154e-05,0.00965254658554,8.4246909207,9.02573715309e-06,0.00609099478568,4.74872517005,0.149571557278,0.383236881358,8.56713330931,5.43498050682e-06,0.00516467020402,9.03799489283,1.08473834419e-06,0.00155550320544,5.10160925507,0.0621272874318,0.312185877718,7.21419646165,0.000465698120737,0.0750352245272,8.66258313251,2.13419610137e-06,0.00344285729328,5.34619508729,0.042469333633,0.181586782604,-0.975526504634,3.09552390214,-0.298309803009,-0.65790605545,-0.348948419094,-0.0306172239297,0.310022597435,-0.290368795657,-0.37259166477,-1.17283578741,-4.04975493577,-0.011450020493,-0.0485565287341,-0.0338714406475,0.0556353974327,0.0392770813997,0.549861353946,-0.127856846454,0.0485272055346,-1.12207156515,9.33978819392e-08,0.000579395622453,1.27116299441,-3.87110640699e-06,-0.00394587896538,0.0451512520765,1.60149057122e-08,6.74133904487e-05,-0.461426180825,0.000347327588664,0.00715332087999,0.427640063513,-1.61919250651e-06,-0.00138591021329,0.425393808275,-8.56045060244e-07,-0.00132056601325,-0.253713559971,4.59125747089e-06,0.00525054418267,0.685932286868,-1.7509100968e-06,-0.00269309008648,-1.15714692051,2.04347696021e-06,0.00398232716309,-0.808470407821,1.15190044155e-05,0.00843235381874,0.86770034193,-4.75319202878e-05,-0.0184856028834,-0.138632449164,8.17402754827e-06,0.00235772379944,-0.487477175835,0.0643256807109,-0.172062450882,-1.00377587616,2.27514379636e-05,0.0124274052625,1.05272976018,-5.91495822999e-06,-0.00471998268116,0.625848777563,0.0054675922024,0.0617429265541,-0.127837459922,0.000580730622732,-0.00579247901291,-0.152200295903,4.19526481733e-06,0.00192100621946,1.31573969338,0.00582675258251,0.140085037975
gradient_zero,21,0.3,0.310000002384,predicted,Actual proposal support boundary; monitored coordinates are pre-native endpoint forecast,True,50,-0.186289873144,0.561945501572,-0.0106121300125,-0.0101991069698,-0.0449211243057,0.0331486725169,5.79011801161,6.40471254332,0.221675436969,-0.335767338915,1.26573084443,0.1819305111,0.27500343495,0.280537930902,0.278544811122,0.202133930905,4.61726731744,0.194179972542,0.731816424365,9.70983072656,1.85225712299e-08,0.000161804094824,9.23195022627,5.57741124445e-07,0.001007664492,9.70736470088,1.09975313157e-08,0.000116412531769,7.86407684147,0.000109051191543,0.0205880582718,9.2262521407,7.87800166693e-07,0.00118574921711,9.27993857005,2.02919100616e-07,0.000626218694138,8.22003696529,3.89027617703e-06,0.00771195021263,9.20432723311,1.94418579518e-07,0.000711445366439,9.04812073506,6.96962074804e-07,0.00141552986905,8.56966573758,3.96633112728e-06,0.00430638929865,8.25173739586,1.44217574436e-05,0.00941283638343,8.41357847906,9.6954390535e-06,0.00627319304185,4.74497917139,0.149850355295,0.381388709836,8.56507801289,5.48294141972e-06,0.00519003061074,9.04089019642,1.08256595078e-06,0.0015490946952,5.10256445274,0.0624855277846,0.313159159765,7.20832187053,0.000480700811597,0.0754663157435,8.66551620756,2.12391415243e-06,0.00341646146891,5.36100070458,0.0425075130884,0.184091596886,-0.74099121509,2.72724460647,-0.00325989723198,0.0418962836266,-0.358380556107,-0.0137324888369,-0.0936280079541,-0.701478804691,-0.998336901898,-1.62186495899,-1.39689325562,-0.0232349443393,-0.00660433515434,0.00592460033058,0.051803082143,0.0233097505999,0.440383555,-0.107829735186,0.139932337228,0.978711218382,-1.2503470082e-07,-0.000681252862245,1.65968558956,-4.65473045024e-06,-0.00485525502258,-0.438815669254,3.98133104056e-08,0.000239661510216,-1.15961066616,0.00047612803676,0.0417691177173,2.80047059457,-9.55307815355e-06,-0.0087356419913,0.317495438698,-4.34864757675e-07,-0.000729755311388,0.0151856527655,1.59992258707e-07,-0.000568005304258,-0.332699499828,-8.52830482781e-08,0.000314685425614,-1.09816153251,2.45263244223e-06,0.00414804269621,-0.0251479659508,-3.14405207073e-06,-0.000388819415654,0.280286280756,-1.63744753408e-05,-0.00608187205937,-0.491130658348,3.51882859214e-05,0.00823488009564,-0.321009055402,0.0520344083736,-0.0999481692943,-0.254471228882,6.1275563705e-06,0.00317938233049,1.94839966306,-1.0770300103e-05,-0.00876010575121,0.147175009231,-0.00359577929353,0.0532934729679,-0.567292003874,0.00133431182524,0.0496545406292,0.701311708433,-6.62848001004e-06,-0.00664620038615,0.70561505743,-0.000373806057479,0.0818103857277
gradient_zero,21,0.31,0.319999992847,predicted,Actual proposal support boundary; monitored coordinates are pre-native endpoint forecast,True,50,-0.187699072706,0.559170770481,-0.00923443540573,-0.0066030145073,-0.0436280074978,0.0327742961948,5.79463329475,6.39002403507,0.209489040311,-0.353650250156,1.28583087006,0.181535610643,0.275273164892,0.280932716927,0.278896083113,0.202170058637,4.61869539405,0.193764247918,0.733595138926,9.74084604792,1.51232713397e-08,0.000142481467794,9.24392999294,5.28649040688e-07,0.000975778196255,9.69904517448,1.15682005297e-08,0.000120102473831,7.85491427556,0.000110991078778,0.0210361044271,9.28378818306,5.88897425165e-07,0.00100457635181,9.28266308273,2.00135627631e-07,0.000621213964682,8.22252058205,3.85350433477e-06,0.00766122239139,9.19290612634,2.10692862392e-07,0.000744287273368,9.03299768917,7.44799638813e-07,0.00147798994788,8.57448481835,3.81579663389e-06,0.00424266477977,8.24625069236,1.47406376472e-05,0.00953090914435,8.41486830753,9.72950287152e-06,0.0062556923876,4.74230498894,0.150612245445,0.381237917972,8.56204388474,5.55753163423e-06,0.00522825785063,9.07696288609,8.69332342131e-07,0.00138030109041,5.10455275526,0.0620553718459,0.313251747177,7.20285062158,0.000492384357242,0.0760283153398,8.67660936668,2.00162650117e-06,0.00330993328556,5.36030738844,0.0424618575118,0.183222990319,-0.115325116047,0.161219666061,-0.0379477739335,0.290003061295,0.584465622902,-0.0370281865395,0.665059283448,-0.908668837687,-1.18248406202,-1.44618769031,0.913116397155,-0.0325360303736,0.0137843167609,0.0280688967835,0.0264817458865,-0.0154133036224,0.160202310464,-0.0293677773331,0.152918509947,1.73627103996,-1.81088449494e-07,-0.00104644098068,0.964917388445,-2.3606236438e-06,-0.00258575373368,-0.814622577039,5.885893144e-08,0.000371784585912,-0.0601248556198,-0.000119398521539,0.0117276263933,3.15344862586,-1.07989662481e-05,-0.0098955730305,0.296671401423,-2.84008688039e-07,-0.000534833616716,0.208237834794,-2.95443579803e-06,-0.00411914422842,-0.769101680123,1.44032191293e-06,0.00262739324053,-1.33572643803,4.48414363689e-06,0.00563029612998,0.232103394452,-9.0001891749e-06,-0.00345632990138,-0.348067821558,2.13284070718e-05,0.00748175709589,0.491023485897,-2.50260098752e-05,-0.00779459434872,-0.461957278587,0.103814367268,0.0228715935053,-0.438126133875,1.0906005131e-05,0.0056027564034,2.47897498863,-1.40587739005e-05,-0.0113918934708,-0.177609619178,-0.0176014282747,-0.0157842640554,-0.243225620514,0.000647549931673,0.0187851076804,1.05882731755,-1.05737803832e-05,-0.00982680050882,-0.669123050611,0.0117466653685,-0.156874024542
gradient_zero,21,0.32,0.329999983311,predicted,Actual proposal support boundary; monitored coordinates are pre-native endpoint forecast,True,50,-0.188596375465,0.565169894893,-0.0113710854912,-0.00439904574394,-0.0332318118477,0.0324081087861,5.80341919728,6.38653916657,0.198025755728,-0.364691092722,1.28399317237,0.181279790493,0.275279121285,0.281099308837,0.27907444604,0.201825664832,4.62047136365,0.193592616995,0.734874794564,9.74455614736,1.490080224e-08,0.000140875275211,9.25124857404,5.10528651569e-07,0.000955949417326,9.69107224934,1.21747099445e-08,0.000123848223487,7.86287434435,0.000106663221112,0.0208226107997,9.28932111322,5.71820841731e-07,0.000987837756497,9.28587199808,1.97238926856e-07,0.000615522021803,8.22420172199,3.83118746107e-06,0.00762956732807,9.18894519951,2.23225017777e-07,0.00076399323125,9.0214062063,7.86644947542e-07,0.00152813579165,8.57430780547,3.78632734378e-06,0.00423726270062,8.24477603943,1.48483255851e-05,0.00956247152534,8.42339894878,9.194918856e-06,0.00611730115488,4.73574002582,0.15192664264,0.381846141707,8.55631549021,5.70106152234e-06,0.00530208573881,9.09046969619,8.01390472772e-07,0.00132125682578,5.09901226035,0.0621334992191,0.312843474484,7.20345735812,0.000493651810231,0.0758420178971,8.68669275391,1.91243854477e-06,0.00321992545873,5.34761824357,0.0427424463957,0.180954116396,0.00429486117631,-0.256061583456,-0.0549238920211,0.318179666996,1.03176808357,0.0106552787591,-0.172201541286,1.41694457992,-0.88788032184,-0.201422149092,-0.814877153777,-0.0298648229725,-0.0106945535261,-0.00734695253809,0.00858928194812,-0.0163335231728,0.148679289888,-0.00842883218681,0.114316812721,-0.0549434272546,1.35217079251e-08,6.54196994147e-05,1.18308133449,-2.9193854513e-06,-0.00321928110599,-0.542406249075,3.87062513081e-08,0.000246852222186,0.579719970877,-0.000300740648026,-0.0160654260912,-2.26723726885,7.52557014938e-06,0.00696586475558,0.724483306373,-8.01153141492e-07,-0.00147732208919,0.127534385781,-1.67371378369e-06,-0.00237917077139,-0.310411227013,9.04613354172e-07,0.00144070115134,-0.512874903988,1.2648716821e-06,0.002024395433,-0.266173783002,4.46868413309e-06,0.00309104882017,-0.310365208501,1.75900702886e-05,0.00675463972012,0.6634224377,-3.99124513196e-05,-0.0106825289703,-0.217775002016,0.0400537937462,0.122716851507,-0.142947577284,3.76298685652e-06,0.00184669803849,-1.11760316442,6.34339845912e-06,0.00508748747529,-0.760747180596,0.0175717258455,-0.0451890471715,-0.122711864518,0.000541524355995,-0.000925537639074,1.06158497723,-8.28332117463e-06,-0.00920620289373,-0.940525697198,0.0227282293462,-0.145775677087
gradient_zero,21,0.33,0.340000003576,predicted,Actual proposal support boundary; monitored coordinates are pre-native endpoint forecast,True,50,-0.187613175482,0.554049538812,-0.0103329132462,-0.000239421167375,-0.0229926458263,0.0329874017699,5.79118926393,6.41836292667,0.191731433874,-0.357678693138,1.26953332698,0.180938314184,0.275059273822,0.280785777876,0.279067868751,0.201843388173,4.62166897984,0.193595671274,0.735881475181,9.73974717938,1.53937054982e-08,0.000143789861783,9.26759161963,4.70261331662e-07,0.000911392574135,9.68819704949,1.23423255559e-08,0.000125039518274,7.86650867497,0.000104976265817,0.0207147959053,9.23844343768,7.39408828153e-07,0.00114389364692,9.29715274886,1.84112564801e-07,0.000591667522899,8.22507126976,3.8200300591e-06,0.00761363897596,9.1866979018,2.28785129476e-07,0.000773101296395,9.02274019109,7.70097072454e-07,0.00151847785654,8.56916134269,3.90517031655e-06,0.00430448575617,8.24004338819,1.50924390529e-05,0.00966600193875,8.42813675628,8.93125384513e-06,0.00604204180819,4.7379494889,0.15141332132,0.383692255002,8.55918493319,5.63279137136e-06,0.0052651918114,9.05461082281,9.96200311314e-07,0.00148205083992,5.08933781165,0.0624068063628,0.312347966234,7.20039638429,0.000503214844361,0.076009804587,8.69784106622,1.83596007768e-06,0.00312580922769,5.3414968745,0.0429164220987,0.180307476777,-0.192138567259,-0.603073916119,0.193241119385,0.835088372231,0.894403576851,0.0117424606852,-0.845480571083,2.08575781689,-0.413313390999,1.1357021542,-0.407566044003,-0.0229367507619,-0.00946636093185,-0.0205650259235,-0.00497930149613,0.00675271654735,-0.0444182911854,0.0268537891774,0.0757306524507,-0.297886772183,2.37711260031e-08,0.000152661015321,1.5853784726,-3.72702634377e-06,-0.00420218829362,-0.31798095861,1.38183276925e-08,0.000113181163778,0.523240628494,-0.000228392488769,-0.0168456437075,-2.72470586865,9.01217248736e-06,0.00836149228926,1.06376763633,-1.05830063087e-06,-0.00203842185435,0.038798020525,3.57319858975e-07,-0.000288746509848,-0.0458455454306,2.19433148248e-07,0.000314626918293,0.287087116496,-1.96953653882e-06,-0.00153818749472,-0.220183300178,6.63888306509e-06,0.00348772666815,-1.02819717309,6.44256894258e-05,0.0231881667032,0.0561147158039,-5.64499454501e-06,-0.00122964389933,0.518451928971,-0.0795523206664,0.206238202691,0.592423067333,-1.43629400993e-05,-0.00757409828295,-2.5454585179,1.38702349685e-05,0.0113855968489,-1.1019615497,0.0442178707873,-0.00836244187106,-0.0887595749341,0.000432251182805,-0.00285448780135,1.31442863581,-1.04933416836e-05,-0.0112334414986,-0.119168514228,0.00386438493884,-0.0239102742191
gradient_zero,21,0.34,0.34999999404,predicted,Actual proposal support boundary; monitored coordinates are pre-native endpoint forecast,True,50,-0.19243914681,0.553108416571,-0.00750626310349,0.0123027217007,-0.0153437403107,0.0326429579998,5.78650958586,6.4282543229,0.189759487908,-0.341977049638,1.27584185149,0.180821055477,0.275089794066,0.280688008319,0.27897486001,0.201960719163,4.61958299783,0.194129692779,0.736389407613,9.73859841191,1.53762247601e-08,0.000143928495517,9.28295614349,4.35988124694e-07,0.000871905651454,9.68471263017,1.24510764984e-08,0.000126111846763,7.87333915692,0.000102095371336,0.0204856979255,9.23482699584,7.52064291478e-07,0.00115506760228,9.3071473508,1.76072914238e-07,0.000574753584716,8.2249776824,3.83833385825e-06,0.00762379239787,9.1880282886,2.27613680742e-07,0.000770285769616,9.02714794863,7.47254216766e-07,0.00149737204176,8.56990413947,3.91910500508e-06,0.00430701723398,8.22421209597,1.61368393736e-05,0.0100262348594,8.42452124309,9.0820189651e-06,0.00609270827689,4.74610906439,0.150335596227,0.38597090576,8.56816395156,5.41380272035e-06,0.00515060377315,9.03956052583,1.07879517214e-06,0.00154896876276,5.07697302936,0.0630178566348,0.312676225647,7.20168216662,0.000502296833887,0.075784928141,8.71298132663,1.7025717111e-06,0.00299525662876,5.34523487329,0.0428197340945,0.180475910911,-0.252924385155,0.179342163932,0.243567109108,1.05255526304,0.381458997726,-0.0220880600982,-0.236412274173,-0.0104103780388,-0.243906847843,1.13759372675,1.03645507696,-0.000830835624773,0.0111572217297,0.000422386445152,-0.00606704859429,0.011589789388,-0.182194285559,0.0440294379573,0.0306179168786,0.115175972073,-2.20605805655e-08,-0.000112777860942,0.907834122022,-1.93652467826e-06,-0.00225348221838,-0.435785835046,2.27314222029e-08,0.000172596009012,0.463928739958,-0.000192931645906,-0.0156910974269,0.241706996717,-8.67164277657e-07,-0.000769225062445,0.685632998105,-5.6677086658e-07,-0.00117971634555,0.00692295246415,1.12765443635e-06,0.000411896198148,0.193943285691,-3.17737498496e-07,-0.000571477733609,0.552929843204,-2.29216722679e-06,-0.00247608642647,0.347220112991,-6.08479213354e-06,-0.00333610341575,-1.1577175393,7.52313692686e-05,0.0264000542892,-0.361991858928,1.50258181478e-05,0.00510076645083,0.590088957462,-0.0820978979896,0.151303544201,0.996331137573,-2.44766004364e-05,-0.0126592232603,-0.867435659616,4.89063170926e-06,0.00392152866063,-1.00767955519,0.0518258269416,0.046582562297,0.0194829207196,4.39377910016e-05,-0.00628516502458,1.00993011989,-9.1694485167e-06,-0.00871334025443,0.672134375898,-0.0194761355131,0.0351786238862
gradient_zero,21,0.35,0.359999984503,predicted,Actual proposal support boundary; monitored coordinates are pre-native endpoint forecast,True,50,-0.192671663185,0.557636382091,-0.005461571064,0.0208116840935,-0.0153634658718,0.032545640568,5.78646101844,6.4181547191,0.186853296917,-0.334926818603,1.29026242852,0.180921697471,0.275282418256,0.280794225605,0.27894652778,0.202075183961,4.61802509413,0.194476260033,0.736493833518,9.74205069882,1.49524938869e-08,0.000141534304564,9.28574830207,4.31530838096e-07,0.000866322929768,9.67948133279,1.2796954e-08,0.000128491438455,7.87578724977,0.000101117632899,0.0204009739568,9.24327757762,7.220655426e-07,0.00112850914567,9.31086540882,1.7277714747e-07,0.000568073195988,8.22520972881,3.84258314782e-06,0.00762187689993,9.19057676752,2.22430379506e-07,0.000761671741722,9.03379878795,7.24253727919e-07,0.00146895612801,8.57610574495,3.78347447388e-06,0.00423776368786,8.2168890374,1.65970664383e-05,0.0101940030245,8.42089691911,9.23177020808e-06,0.00614405713721,4.74975126805,0.14977136336,0.386718325886,8.57911155594,5.14325936263e-06,0.0050120073462,9.03726210961,1.0940129455e-06,0.00156048141313,5.06918422054,0.0634433229017,0.31327961748,7.2007860427,0.000504093600182,0.0758841012866,8.71803966862,1.65257110734e-06,0.0029515424226,5.35493956201,0.0425268993885,0.181011049255,-0.111900494669,0.235373987105,0.431475520134,0.79763251543,0.36434584856,0.00986032929434,0.355741806171,-1.52573635501,-0.285291942121,0.405532804786,2.95761782118,0.0145430878868,0.0329392314892,0.00846912553993,-0.0210223923736,0.0264737835487,-0.152644723856,0.0352274509569,0.103527978634,1.90373161377,-1.48811266505e-07,-0.000989587810407,0.626734182652,-1.2231457529e-06,-0.00147769157028,-0.705539252327,5.33616091361e-08,0.000347304367045,0.650456804412,-0.000272148856353,-0.0215531911275,0.166295461054,-4.77620958132e-07,-0.000432359485895,0.340661841961,-2.80172646203e-07,-0.000599376761806,0.334153941986,-5.64354881643e-06,-0.00703320213965,0.539887445217,-1.06087374195e-06,-0.00183834435344,0.136201351033,-3.62605213122e-07,-0.000538807517075,0.702894062647,-1.55060796214e-05,-0.00780871376335,-1.10798354555,7.37478783957e-05,0.0258716275039,-0.679749136325,3.61032741611e-05,0.0106186693128,0.480316226955,-0.0813579065243,0.0882869102434,0.810436727897,-1.98261683692e-05,-0.0102145952452,-0.575857751186,3.97360075938e-06,0.00292907078006,-0.363610035299,0.0116944908206,0.0274141803783,-0.3648733391,0.000635432813503,0.0465142238835,0.710877624168,-6.20534813025e-06,-0.00597811461062,3.49221487181,-0.136305458281,0.126603272019
gradient_zero,21,0.36,0.370000004768,predicted,Actual proposal support boundary; monitored coordinates are pre-native endpoint forecast,True,50,-0.194677156704,0.557815896313,0.00112324729919,0.0282553720093,-0.00805682333946,0.0328401645857,5.79362442198,6.3977395958,0.184053649066,-0.333866393542,1.33499420792,0.181111917235,0.275748578696,0.28085739083,0.278554412162,0.202490194834,4.61653010335,0.194834241798,0.738459967186,9.77667304419,1.239999943e-08,0.000124136739309,9.29549082715,4.11525209636e-07,0.000842351820048,9.67060184512,1.35183086811e-08,0.000133057934104,7.88634829301,9.66523942094e-05,0.020054634103,9.23815290506,7.42511872315e-07,0.00114642041256,9.31396058764,1.70469461314e-07,0.00056276604948,8.23166076124,3.72546288192e-06,0.00748312835508,9.1988260375,2.06396205903e-07,0.000733518882547,9.02987197565,7.40002112503e-07,0.00148659589142,8.58396202072,3.60898341265e-06,0.00415084295871,8.20205242505,1.76117969415e-05,0.0105436674095,8.41092626037,9.80408444832e-06,0.00630508166315,4.75571538893,0.148708438097,0.387736643965,8.58437268612,5.01727935297e-06,0.00494631186824,9.02804337081,1.15826718733e-06,0.00160755017836,5.06970082865,0.0632517464512,0.313224509254,7.19438469984,0.000515005490157,0.0767152126187,8.72719887911,1.57846474849e-06,0.00287569433655,5.41507917072,0.0400936249289,0.183007976352,-0.2004971706,-0.557997303803,0.388417959213,0.614901661873,0.28087669611,-0.0219558603931,0.559502952133,-0.426354737822,-0.299157637024,0.603172495139,2.46139160493,0.00288263731698,0.0270584418772,-0.0151613455006,-0.0308663717465,0.0285097567578,-0.0591491227248,0.0116006724663,0.076914871082,1.4029021254,-8.06124618858e-08,-0.000648824571138,0.730761738665,-1.47818074931e-06,-0.00178227854714,-0.606935113027,5.0319464333e-08,0.000314732296076,0.46942534769,-0.00026885632599,-0.0111349939259,-0.88910871088,3.53939269156e-06,0.00306210121495,0.0850839450919,1.10468693344e-07,5.83404276572e-05,0.206171169516,-3.83074729679e-06,-0.0042502308395,0.370407460739,-7.06732630628e-07,-0.00126623623682,-0.228435028454,1.04328191221e-06,0.00109477734884,0.546277957011,-1.05138283028e-05,-0.00583875134334,-1.1192716729,7.63417906413e-05,0.0267495715073,-0.417594421746,2.33432125757e-05,0.0066767163794,0.547398138217,-0.102249166313,0.0898303493847,0.396405254027,-8.35278390106e-06,-0.00481079690066,-0.977064164449,7.11410281032e-06,0.00509056676059,-0.497719977639,0.00997565622489,-0.00888181024698,-0.20383842396,0.00023157710295,0.0327844702157,0.652455819453,-5.27057534969e-06,-0.00540829885693,2.75041218806,-0.109972263801,0.136982905306
gradient_zero,21,0.37,0.379999995232,predicted,Actual proposal support boundary; monitored coordinates are pre-native endpoint forecast,True,50,-0.196681606597,0.546476436015,0.00230678812027,0.0331097173309,-0.00974593194961,0.0321065233601,5.79765107749,6.40962762435,0.180870144176,-0.3228633687,1.33949026062,0.180979350218,0.275823587094,0.280490998695,0.278329200345,0.202645379096,4.61684211168,0.194708273482,0.73803213094,9.77010874133,1.33402446492e-08,0.000128557813141,9.30036353684,4.0196722311e-07,0.000830677358825,9.66734263053,1.38033432866e-08,0.000134786084376,7.88517575673,9.57405063794e-05,0.0201782740783,9.2254954034,7.92853396431e-07,0.00118975116997,9.31256708772,1.74986521337e-07,0.000569240004541,8.2293331522,3.76596820189e-06,0.00753687228314,9.19798491673,2.08295726893e-07,0.000736347016986,9.02923008738,7.45119366163e-07,0.00149085167499,8.58703130409,3.57319790782e-06,0.00412098866099,8.19450360394,1.81239022511e-05,0.0107289944547,8.41254503067,9.69863445959e-06,0.00627759146479,4.76069923082,0.147726380034,0.388514932874,8.58703966102,4.97620368461e-06,0.00491579140819,9.01772082632,1.23629500171e-06,0.00166229274834,5.05922982099,0.0636428360261,0.313101981275,7.19670927422,0.000508725142241,0.0765397906909,8.73108878501,1.54715960035e-06,0.00284337644546,5.40994780578,0.0403274541124,0.183750707361,-0.110439197576,-0.553845634014,0.0973398685456,0.411916255951,-0.0936268568039,-0.119271277399,-0.55061432258,0.582259961585,0.488853295523,1.79194280264,1.04603518275,-0.0121654398657,0.0199638123332,-0.0136403782788,-0.00143455953829,0.0282897366657,-0.114579688771,0.0141105619516,-0.0414323299492,0.88118092268,-1.63135545304e-08,-0.00033502800032,0.511386566864,-9.00458117863e-07,-0.00114200656976,0.246664780151,-2.28555821915e-08,-0.00014058471978,-0.38153093306,5.65540663421e-05,0.0190878515394,-0.625824790767,2.47964250711e-06,0.00213613600653,0.366991646734,-1.60003258872e-07,-0.000464359239912,-0.485938523461,1.01737655359e-05,0.0115210212534,0.827261906265,-1.33094216826e-06,-0.00241362012503,0.29426961591,-1.06048802543e-06,-0.00121704735673,-0.0191128541521,2.23734027568e-06,0.000892412496632,-1.16416792935,9.64348853179e-05,0.0294083861222,0.0327836936056,-2.03350665992e-06,-0.000407784554016,0.825319541427,-0.140871651488,0.110644679198,0.414361666599,-7.45337660388e-06,-0.00486598700054,-0.621102231509,4.05088037376e-06,0.0030154550569,-0.523552585025,0.0208453576446,0.00507451239299,0.461792394938,-0.00105626763082,-0.045342828433,0.0337835079403,1.22323814867e-06,9.89550861901e-05,1.67247940041,-0.0415379704892,0.132300549024
gradient_zero,21,0.38,0.389999985695,predicted,Actual proposal support boundary; monitored coordinates are pre-native endpoint forecast,True,50,-0.196885940655,0.546738983633,0.0030700446701,0.0364936971283,-0.00992936047554,0.0304547390377,5.78261213553,6.40938479504,0.193830714976,-0.298027537489,1.35591491157,0.180868608438,0.276147854943,0.280584583264,0.278525720971,0.203055989568,4.61423850957,0.195116453037,0.737631320587,9.79429666264,1.20737283394e-08,0.000117436179303,9.30571855848,3.93516047278e-07,0.000819511688653,9.67553514072,1.30611970373e-08,0.000130246239708,7.87871767435,9.77834755362e-05,0.0204363911337,9.22563640925,7.92104722457e-07,0.00118914313269,9.32130042058,1.67269396137e-07,0.000553478864682,8.22194199077,3.92893819264e-06,0.00771354878014,9.21537127563,1.79777362537e-07,0.000685246480046,9.03575736797,7.18792351995e-07,0.00146225494428,8.58357976364,3.65373021817e-06,0.00416869120865,8.17876906647,1.95404946478e-05,0.0111318351319,8.41158193424,9.76341431512e-06,0.00629692597207,4.77222177976,0.145891005067,0.389949537549,8.59265991945,4.86821182089e-06,0.00484899212823,9.01562132618,1.23928479481e-06,0.0016678592795,5.05922977695,0.0636686536041,0.313325999502,7.20362054774,0.00049388013754,0.0758083560501,8.72787454927,1.60292951146e-06,0.00287767343827,5.44852875873,0.0392628655191,0.185653987332,-0.0660585778768,1.17474557877,0.156574010849,0.265925526619,0.0297954678535,-0.119244592548,-0.555818723635,-0.245111373843,1.47090499976,2.10499316531,1.06486911459,-0.0135717810636,0.0137802112019,0.0135230151717,0.0139666543201,0.0190185058226,-0.268288929091,0.0578282972933,-0.0331923641762,1.48398976107,-9.18441417629e-08,-0.000728183712047,0.0173086484444,2.50331314554e-07,0.000193553278536,0.872175072952,-7.65667014201e-08,-0.000475874457539,-0.265394609165,7.71136407924e-05,0.010947592396,-0.258937830362,1.03887643367e-06,0.000879743467837,0.692252986581,-7.36068386815e-07,-0.00139809162835,-0.428570141836,1.12379122509e-05,0.0108068957872,1.35099907236,-2.08107168011e-06,-0.00386075985686,0.571199827636,-2.17141925978e-06,-0.00247824912958,-0.292847191258,6.35354168595e-06,0.00391938324575,-1.44070051577,0.000133067798429,0.0373428403004,-0.611664922491,3.64831397623e-05,0.0102122387334,1.08276559981,-0.170391591719,0.138686480614,0.348499929229,-6.19295945364e-06,-0.00410364972832,-0.322238369342,1.28855040252e-06,0.00120398095061,0.209904046317,-0.00609078839757,0.0349129064537,0.448333457695,-0.000882637915107,-0.0519527753681,-0.35945741627,4.89769482842e-06,0.00354628607145,2.06018704308,-0.0493489276433,0.0519616765
gradient_zero,21,0.39,0.399999976158,predicted,Actual proposal support boundary; monitored coordinates are pre-native endpoint forecast,True,50,-0.198002778155,0.56997134759,0.00543826833725,0.0384282278633,-0.00915002259254,0.0297216315092,5.78653470301,6.40472539687,0.210288244172,-0.280763505394,1.36078764291,0.180707914596,0.276099191318,0.280761458998,0.278608533431,0.203025749213,4.6114763331,0.195864839428,0.737368283656,9.79978853655,1.15033618139e-08,0.0001139941389,9.30070970981,4.06973849401e-07,0.000834548424396,9.68478613199,1.22720092582e-08,0.000125268595225,7.87986786454,9.72827791953e-05,0.0203972259262,9.22031664679,8.13630925104e-07,0.00120734603933,9.32641214745,1.602651536e-07,0.000541278171974,8.22076174937,3.99072644691e-06,0.00775301019888,9.22500489818,1.66674293291e-07,0.000659131819849,9.04065408394,7.01690980967e-07,0.0014412866924,8.58117436026,3.70026874154e-06,0.0041993763259,8.16568959363,2.07852582197e-05,0.0114758512607,8.40031173222,1.04282972548e-05,0.00648183623946,4.78235454281,0.1443185482,0.391288662486,8.59400965961,4.85234449553e-06,0.00483371841362,9.01127605894,1.26206600976e-06,0.00168637236735,5.06342790192,0.0635210202582,0.313800239404,7.20567594338,0.000491072383938,0.0755007351835,8.72389963668,1.64511349692e-06,0.00291430216689,5.45115154664,0.0393404755596,0.184789940891,-0.0466942838253,-1.63574180998,0.171198964119,0.0248456001282,-0.809259593487,-0.0127174529917,-0.165368710852,-0.17711573294,1.49652004845,0.843925886849,0.393227490516,-0.00282089665866,0.00635026488708,-0.0211957839767,-0.00523218097966,0.0510441445972,-0.0184946728772,-0.00549377979205,-0.0871023760598,-0.640845773453,1.68704359119e-07,0.00057204870674,-0.657231689241,1.54542087427e-06,0.00178331488104,0.57999108277,-3.68149494502e-08,-0.000251499500093,-0.496184840515,0.000234953593346,0.0144888457704,-0.30525293699,1.46891736283e-06,0.00121627111749,0.321095724074,-5.38149734589e-07,-0.000900974637068,-0.192332107783,3.45047585187e-06,0.00421818865933,0.578647930565,-1.294385856e-06,-0.00225836310076,0.756037532924,-2.26382579263e-06,-0.00305849569764,0.0221280255955,-2.16528674008e-06,-0.000145808634093,-0.698128961944,7.13510016257e-05,0.0189448050143,-1.05304233589,6.74353560573e-05,0.0173794843041,0.689842913293,-0.125595780807,-0.0377652921661,0.488215176089,-1.01713362095e-05,-0.00585232922129,-0.0761246063984,1.01121761983e-06,0.000595104236136,0.332031274027,-0.013971569496,0.0684854438467,0.128643954691,-0.000434526535038,-0.00625611025931,-0.898198492815,8.28812460956e-06,0.007758342788,2.3377496317,-0.0513439908755,0.231627988864
gradient_zero,21,0.4,0.409999996424,predicted,Actual proposal support boundary; monitored coordinates are pre-native endpoint forecast,True,50,-0.197819826332,0.514024147433,0.00649402395248,0.0369906091309,-0.0261145523453,0.0302003899779,5.77930476131,6.40584248038,0.223761115945,-0.281149019752,1.36377946138,0.180812190505,0.27627486024,0.280160667584,0.278421077352,0.20407687246,4.61386861612,0.195006577441,0.735889273065,9.78147974717,1.54478155218e-08,0.000128877153437,9.2925739247,4.24424464764e-07,0.000855177986273,9.68713496238,1.23248980482e-08,0.000125216249706,7.86879397754,0.000102482547403,0.0207261680491,9.21953135051,8.21483069714e-07,0.00121346855504,9.32772233506,1.56506401445e-07,0.000535459371941,8.21809534862,3.99794770967e-06,0.00779791255333,9.22694423424,1.53889645417e-07,0.000640079218031,9.05087811863,6.73515836142e-07,0.00140108503033,8.58402232415,3.61042448336e-06,0.00416577503597,8.16480648723,2.09675146804e-05,0.0115107312322,8.39052108752,1.11121214363e-05,0.00664451565815,4.78601863803,0.143379089451,0.389194231706,8.60242422297,4.6647850967e-06,0.00473194554381,9.01409883405,1.2595091472e-06,0.00167976136422,5.06587040243,0.0633892222142,0.314695708379,7.20619342683,0.00048518960684,0.0756832338449,8.70991057941,1.76869200366e-06,0.00303284029403,5.49528375137,0.0382359857016,0.190286547109,0.104865726211,-1.86585076184,0.614975571632,0.786779880524,-1.21287512779,0.0869178393183,-0.486217939036,-0.253461566419,0.86895577566,-0.45121653876,-3.66699901376,0.0354099527239,-0.0640224470645,-0.0387135894814,0.035710654122,0.0894552013817,-0.340952826426,0.0533407491941,-0.12820393602,-4.70317313338,6.51076766104e-07,0.00290383864291,0.528201011739,-9.17959695926e-07,-0.00115019796525,0.43144339284,-1.43782113324e-08,-0.000114430511315,-0.433449059591,0.000579675075167,-0.00825013604029,0.102008344747,-1.8079137031e-07,-0.000176018856141,0.465084893449,-7.43586519704e-07,-0.00129630753311,0.427430170516,-8.9281143925e-06,-0.0102663235915,0.593131394072,-1.85145472143e-06,-0.00341576140101,1.14400340795,-3.67923529159e-06,-0.0046332861329,0.439172859194,-9.07711365322e-06,-0.0044485569085,-0.1330411684,1.57516391703e-05,0.00400979692159,-2.51579626349,0.000148061081244,0.0411919265941,0.581527772588,-0.122394885966,-0.151138732484,1.43299240871,-2.88775284373e-05,-0.0167375566098,-0.179427705125,1.74589060742e-06,0.00111414105116,0.394572548932,0.0692002573893,0.229035916833,-0.950997432572,0.00223716240137,0.08636557713,-0.685879678832,8.10612993597e-06,0.00641424224579,2.47856190145,-0.0354322305005,0.445769240375
gradient_zero,21,0.41,0.419999986887,predicted,Actual proposal support boundary; monitored coordinates are pre-native endpoint forecast,True,50,-0.195905463631,0.532654332354,0.0177377797699,0.0541638254738,-0.0334075251484,0.0314599882955,5.77681034423,6.39965616554,0.227667359685,-0.289787836169,1.28744766264,0.181416113651,0.274818742376,0.279987187209,0.279322746514,0.20481485324,4.60465727657,0.196931654412,0.734804204936,9.70572507388,2.4524897136e-08,0.000172070911758,9.31127373005,3.88614655483e-07,0.000811544465091,9.69341499985,1.19844450316e-08,0.000122979984999,7.87119888335,0.000108876280699,0.0202322232054,9.22235681369,8.10015097698e-07,0.00120382566221,9.33571384532,1.45393423206e-07,0.000515352021312,8.22931035278,3.81216415906e-06,0.00754768372705,9.23686752606,1.29645198862e-07,0.000590816591828,9.06353415209,6.28106275135e-07,0.00134862096974,8.58995781745,3.51872646847e-06,0.00411040518773,8.16302877026,2.11002910031e-05,0.0115560471991,8.34999580695,1.33895188797e-05,0.00730567477134,4.79398509826,0.14187065048,0.388265887836,8.62266950778,4.27479392679e-06,0.00449896728142,9.00768750483,1.2969838219e-06,0.00170865518838,5.07131935289,0.064905025406,0.31838095774,7.18665599472,0.000535815631966,0.0772280467261,8.71018204311,1.80723609564e-06,0.0030425870118,5.50072278467,0.0386318309496,0.193705325699,-0.590242440012,2.82567496903,0.660239577293,0.668671607971,-1.31391394138,0.115821909869,-1.64800615648,0.0286074591764,-0.0770502361144,-1.62819239104,-2.2478211997,0.0223864970629,-0.0210066911264,0.0304685773008,0.0583022266904,-0.011475303662,-0.515294486102,0.117055876659,-0.0984423953177,-4.1016179121,4.8051165084e-07,0.002422378202,0.749469933412,-1.2319735887e-06,-0.00156478059595,0.517945360061,-3.08569762978e-08,-0.000212612851916,-1.51214375404,0.000808400162651,0.0451913434778,2.44442354871,-8.87366398421e-06,-0.0078517705381,0.318573305282,-7.28842773692e-07,-0.00116674223704,0.80083629301,-1.44901796895e-05,-0.0184649002749,-1.02631871871,4.67581616949e-07,0.00153646138572,1.52807872252,-4.22368111542e-06,-0.005798257429,1.10199058107,-2.08964958969e-05,-0.0122288325102,0.583836373658,-5.24676331763e-05,-0.0154098642729,-3.07441516259,0.000227107501758,0.0535307770256,0.112073910841,-0.0332752718012,-0.130246809098,2.25297264187,-4.10208227518e-05,-0.0252052100177,1.09677430931,-7.79640357091e-06,-0.00559591890201,-0.608230112698,0.0567660246519,0.0500303116489,-1.58603650029,0.00349346111768,0.165844523152,-0.600851437004,5.84377295552e-06,0.00529224209529,-2.10360102403,0.0953138140499,0.0426721341766
gradient_zero,21,0.42,0.42999997735,predicted,Actual proposal support boundary; monitored coordinates are pre-native endpoint forecast,True,50,-0.209624675132,0.570537646814,0.0196988154983,0.0503640412903,-0.0523928311729,0.0325168281753,5.74634463818,6.40641462956,0.222220111223,-0.313712867573,1.31882303739,0.181259920446,0.275854726418,0.28077003913,0.279587121886,0.203847366386,4.60356272639,0.197347694974,0.733920425159,9.69944738893,2.50580485386e-08,0.000177324717477,9.30756332337,3.9978499299e-07,0.000823882374354,9.69749386958,1.17077585223e-08,0.000120963992668,7.83855110246,0.000118650550656,0.0216299949187,9.26841982148,6.4400979003e-07,0.00105643314428,9.33409380116,1.41929545971e-07,0.0005121245272,8.23411207448,3.70814411588e-06,0.00742861454783,9.20641785987,1.63241277756e-07,0.000670808445746,9.08143969308,5.89042213834e-07,0.00128511988175,8.60606213577,3.19249456543e-06,0.00392119838576,8.1764832147,1.99181620168e-05,0.0112025339468,8.32903278427,1.56542714714e-05,0.00771513119866,4.78826011624,0.142713584015,0.386589295524,8.64748367581,3.84436864167e-06,0.00422784134345,9.03603432024,1.10358107578e-06,0.00156784298618,5.05370580018,0.0645245427072,0.315696314612,7.17447269683,0.000555058829193,0.0790001243079,8.69789355067,1.88556746277e-06,0.00313868513594,5.45321173089,0.0401422619826,0.191139989793,-0.325269188397,0.278629527663,-0.0619049072267,-0.295168399811,-1.62456905842,0.0367657898945,-3.03399216727,1.42470838338,0.185620761304,-0.794102677998,2.50637025259,0.0377206504017,0.10566337596,0.0175403696555,-0.0215090801137,-0.0899613418009,0.0875275857165,-0.0188972365011,-0.083612620967,0.0348176529715,-2.4360877672e-08,0.000110815158571,-0.98232745086,2.25044213481e-06,0.00262786128796,0.22113393807,-1.68141232373e-08,-0.00011421393112,-2.03584928237,0.000363784653367,0.101540003288,2.54187716272,-8.91382283229e-06,-0.00796394917717,0.0974853299797,-9.81446770205e-08,-0.000139929790648,-0.197076093079,1.02107433032e-07,0.00287332509497,-2.67701887796,3.50701916742e-06,0.00745331962505,1.20836169546,-2.18783084159e-06,-0.0040665211447,1.15997083405,-2.42184270944e-05,-0.0136348097742,0.629213731102,-5.43663390119e-05,-0.0162946287791,0.127954690301,1.85919969946e-05,-0.000123499464193,-0.228808710834,0.026280483593,-0.102337207225,1.48779582968,-2.63813608384e-05,-0.0162319135455,1.64474600218,-1.05304405864e-05,-0.00786065866465,-0.369436611308,-0.0675120646623,-0.215844130454,0.112587064614,-0.0011873420573,0.0409636570881,0.210817566224,-9.08653056548e-06,-0.00388732425896,-4.45387090596,0.130642978361,-0.0592905392879
gradient_zero,21,0.43,0.439999997616,predicted,Actual proposal support boundary; monitored coordinates are pre-native endpoint forecast,True,50,-0.202410847399,0.538226922907,0.0164996816254,0.0482604574776,-0.0658989063168,0.0321953040934,5.71613050089,6.42815033321,0.231379774911,-0.305669889729,1.33757506769,0.182170526659,0.276932009896,0.280337994602,0.278892564911,0.203015626404,4.60640782828,0.196553709682,0.733131952517,9.70642142694,2.40376795825e-08,0.00017428721493,9.29162718103,4.33623498179e-07,0.00086410169085,9.69783767861,1.16481625668e-08,0.000120695706377,7.8304818977,0.000116151973766,0.0222630232711,9.27319435694,6.31738641052e-07,0.00104454667866,9.33766355192,1.43430529666e-07,0.000512553425499,8.22536883091,3.81420630772e-06,0.00760515022895,9.1833271485,1.99785582211e-07,0.000739882984329,9.087701386,5.84349658304e-07,0.00126729054685,8.61315723413,3.03435792659e-06,0.00383770899225,8.17561304488,2.00129642229e-05,0.0112301546235,8.35255490076,1.37613588196e-05,0.00730320478206,4.78940892405,0.142396260152,0.386219143692,8.65242542438,3.74716671002e-06,0.00417432901051,9.04058242488,1.08637501018e-06,0.00155144201508,5.06393062067,0.0635547841127,0.314064075131,7.18890773602,0.00051206879082,0.0780473198679,8.71439839443,1.62550548433e-06,0.00296484052663,5.41164536655,0.0412446905168,0.192519514913,0.41404816106,-0.66080011755,0.0360865592958,0.149537563324,-0.530409753323,-0.00193803950403,-0.170240091913,0.834674977979,0.654719138478,0.669221583867,1.37948459276,0.0281300679264,0.0342002033171,-0.0122216339282,-0.0469753944644,-0.0533425122951,0.0272252831689,-0.0151662036203,-0.0263323795008,-0.282340473806,-1.88786725358e-08,0.000161467032615,-0.708669042434,1.57346292647e-06,0.00184671227596,-0.170495726976,8.42649450888e-09,6.94503258548e-05,0.0852371295388,-0.000319850891659,0.0121511252809,-0.180099485961,8.70954338868e-07,0.000779145570335,0.287754942781,-1.8503434824e-07,-0.000435130867822,-0.132480631033,4.22761553248e-08,0.00212429656287,-1.40485310519,2.64123208936e-06,0.00457008604827,0.14859413661,3.96728063748e-07,-0.000212673090013,0.469719385724,-1.07949797085e-05,-0.00530600835841,-0.57428850229,4.86095845545e-05,0.0149935762273,0.855771638361,-8.26462853943e-05,-0.0156248483036,0.375610022314,-0.0739558561174,0.0317593318708,0.261332640646,-4.83691986879e-06,-0.00282149332384,-0.204297515301,2.2912767853e-06,0.00142389767706,0.705132999975,-0.0404422478059,-0.0268067991674,0.572283071412,-0.00167858011327,-0.0399813165093,0.203312134524,-3.95431851157e-06,-0.00229377094935,-3.44168586301,0.0889580548306,-0.0678369449995
gradient_zero,21,0.44,0.449999988079,predicted,Actual proposal support boundary; monitored coordinates are pre-native endpoint forecast,True,50,-0.201343711911,0.557321644463,0.0204205466843,0.0533547925568,-0.0630010262394,0.0324780673852,5.74293983634,6.42310812912,0.235314493992,-0.300328435896,1.34641272924,0.181822521804,0.276538730484,0.280525606452,0.278647613996,0.20278051614,4.60410723206,0.197044370902,0.733393777569,9.69380057945,2.46804750879e-08,0.00018055405813,9.29338994252,4.31254251519e-07,0.000860816619874,9.69408395504,1.18762884125e-08,0.000122352999185,7.84025584505,0.000112253532823,0.0218730174243,9.26481783176,6.61428876807e-07,0.00107201605569,9.33984890002,1.38228859006e-07,0.000503421909843,8.23146246185,3.70898963899e-06,0.00747110047909,9.17832079776,2.16065919544e-07,0.000762210166711,9.08441157581,5.96976775109e-07,0.00128086641995,8.61545652349,2.97659497126e-06,0.00381507821859,8.16499744466,2.08903537079e-05,0.0115024054713,8.34614821704,1.40013457635e-05,0.00740263423259,4.79577231669,0.141234466892,0.387224482161,8.65271032862,3.74763024429e-06,0.00417141147698,9.03194836993,1.14940661149e-06,0.00159632093972,5.06780846018,0.0637156977511,0.315160178629,7.18591835826,0.000521487226928,0.0782004979777,8.70195979337,1.80648109253e-06,0.00309280971695,5.38437801363,0.0419214230792,0.189783250893,-0.0871698826013,1.19990151732,0.247704267502,0.569102883339,0.523761987686,-0.03362027593,2.02863078492,3.07731757262,-0.10249975082,1.19994420223,-1.29972733014,-0.0662264285389,-0.0407684071008,-0.0367553019989,-0.0471571440104,-0.028222566947,0.0291513494981,-0.0239006112795,0.0105249832668,-1.35861976565,1.57261591249e-07,0.000869595888038,0.393255925172,-6.35866897494e-07,-0.000810389790602,-0.547577065133,3.43947566489e-08,0.000241798337129,0.493132651148,-0.000310351254028,-0.0123428357558,-6.99185266909,3.17629827896e-05,0.0251346988967,0.504710601678,-4.0373023691e-07,-0.000882810361352,0.182138883879,-3.19549863103e-06,-0.00378939115426,-0.835639249253,2.20561264554e-06,0.00321038561272,-0.808003732367,2.76871714871e-06,0.00322213559401,0.395931926943,-8.74541690069e-06,-0.00425753501687,-1.2195867349,0.000116604972726,0.0327170517884,-0.297710740323,9.03922511953e-06,0.00452935808093,0.827028480474,-0.16304444698,0.179980281308,-0.130336261744,3.07322755737e-06,0.0014339214835,-3.33276243046,2.70046126009e-05,0.0179443620894,-0.711475043657,0.0389084685092,0.0376695731009,0.393066906229,-0.000798563054596,-0.0442263853706,0.439158633425,-1.87985910235e-06,-0.0031284177265,-2.94546204481,0.078562872106,-0.118934721154
gradient_zero,21,0.45,0.459999978542,predicted,Actual proposal support boundary; monitored coordinates are pre-native endpoint forecast,True,50,-0.204154245051,0.562224953253,0.0214537669754,0.0596425151443,-0.055423666563,0.0315228985748,5.75670311659,6.48969668466,0.229329779895,-0.281671005684,1.31158052109,0.180845998088,0.276116641754,0.279602888562,0.277949422031,0.202451175065,4.60699085527,0.196075697456,0.733342452182,9.67924903163,2.71829114075e-08,0.000191679132691,9.29949229953,4.20906160229e-07,0.000847893895038,9.68688613731,1.23360576998e-08,0.000125531673119,7.84034455073,0.000109944948685,0.022016166556,9.13335730356,1.26699829684e-06,0.0015472406566,9.34775776395,1.35355924928e-07,0.000494897218272,8.22901160859,3.7502963351e-06,0.00752936240587,9.16661436352,2.43897835122e-07,0.000804090696584,9.07154131136,6.39724001278e-07,0.00133173325873,8.62107587267,2.85944958857e-06,0.00375255829191,8.15122131019,2.23450636774e-05,0.0118844956593,8.34660068595,1.3942143322e-05,0.00739379194368,4.80594949366,0.139135371213,0.389818749318,8.64981869914,3.80863126117e-06,0.00420300744018,8.97392717627,1.62646726219e-06,0.00191032925687,5.04970111979,0.0643329534829,0.314817466593,7.19676907414,0.000496097529728,0.0771627921605,8.7231815671,1.58790830228e-06,0.0029022721721,5.35273612565,0.0428159479589,0.19014082049,-0.549740657333,-0.0510439118341,-0.58406150341,-0.107549548149,-0.169697403908,-0.0501228334744,2.31730503858,3.96833783119,-0.350976487531,1.0072696895,-7.1955034151,-0.0983543149257,-0.113903772062,-0.0817104814607,0.00718229869121,0.00938322250793,0.431674762518,-0.145526197958,-0.188733331173,-4.33780028082,6.19031175357e-07,0.00305076857557,0.33412256936,-8.80930524718e-07,-0.00100852615104,-0.214924612931,1.993956014e-08,0.000123725985286,0.0997031369518,0.000137601014925,-0.0152471871753,-7.08301966811,3.34164810697e-05,0.025880214081,0.398955090573,-4.00349082893e-07,-0.000797126189796,-0.613882803554,8.97699633466e-06,0.012896095142,-0.683268805184,1.47593600399e-06,0.00253027609564,-0.682789311018,1.30975672279e-06,0.00229265437188,-0.836046011678,1.26922669027e-05,0.00899675925573,0.553315710394,-3.22470981114e-05,-0.0126470354456,0.67433137357,-6.41870624686e-05,-0.0135812649903,0.124194343195,-0.0523510785586,0.0286281649431,-1.03207818252,1.92075511835e-05,0.0111718051109,-2.83056524234,2.36637138206e-05,0.0154975713764,-1.75460982106,0.125194602591,0.130702150355,1.14236387861,-0.00199467290611,-0.145472985894,-0.338653676775,5.57707186742e-06,0.00359500721261,-4.55171018071,0.2135566154,-0.0680757925704
gradient_zero,21,0.46,0.469999998808,predicted,Actual proposal support boundary; monitored coordinates are pre-native endpoint forecast,True,50,-0.212338525057,0.556300766226,0.00873931661605,0.0512038015938,-0.0663949743176,0.0314756107157,5.78928593712,6.50247488574,0.228294964242,-0.280183042106,1.20250266094,0.179855435506,0.274260655043,0.278891396823,0.27879125997,0.202968180591,4.61274072731,0.194133846943,0.729619110946,9.60704457384,3.7061098595e-08,0.000241569429641,9.3000723939,4.13635641025e-07,0.000840646096853,9.68978546278,1.22750796153e-08,0.000124827518891,7.84224990779,0.000115005553121,0.0215680736808,9.1231574384,1.3297584982e-06,0.00158962033731,9.34782800183,1.30221877348e-07,0.000487479386048,8.21918480578,3.88852956568e-06,0.00772902238193,9.16465542166,2.45584639623e-07,0.000812815688624,9.07075578959,6.23171909565e-07,0.00132671950739,8.59873560325,3.23044030931e-06,0.00399501340371,8.17606375886,2.02454117457e-05,0.0112494647624,8.35963484451,1.27176045142e-05,0.00713100893279,4.79825620356,0.140187445321,0.38779704546,8.63206876497,4.13178126796e-06,0.0043948475792,8.97533706509,1.6226808879e-06,0.00190627236725,5.03271626376,0.0662195898029,0.317774221636,7.20876563583,0.000481593768806,0.0752910382598,8.69518671983,1.91802252988e-06,0.0031647098612,5.29334381001,0.0461925553872,0.188421735041,-0.47304620108,-0.0333030190215,-1.04327940941,-0.820635318756,-1.12030267715,-0.0318720329799,1.71694977895,0.0836199053466,-0.810827600337,0.192383993337,-6.99569770085,0.00339085456579,-0.122849956143,-0.057005582704,0.0523885188607,0.0228804113872,0.675249236343,-0.197772809393,-0.201686621191,-4.93809518149,7.28196804052e-07,0.00366929558911,0.140987902449,-6.49555724619e-07,-0.000706679395194,-0.262346141611,4.45038707597e-08,0.000239523819376,-0.382916330645,0.000678862847152,-0.0176572493631,-0.0485834914401,4.2969108017e-07,0.000282502398295,-0.0969049851719,-3.43305537755e-07,-0.000411667701381,-1.05418939652,1.66917056944e-05,0.0222491332896,1.09303369449,-2.35861245388e-06,-0.00366771824443,-0.232756724603,-1.06927071558e-06,0.000185964925655,-1.41706679448,2.27082056834e-05,0.0152578610794,2.02096229023,-0.000164983535765,-0.0508718799808,1.70998124258,-0.000138520912442,-0.0316814711582,-0.723799321121,0.0960540702626,-0.212011190686,-1.32776901239,2.61523613448e-05,0.0145034817231,0.293183479807,-9.5328987171e-07,-0.000942200677353,0.30058791305,0.115247020707,0.218680764909,0.663978298258,-0.00074512010801,-0.106628391874,-2.05350617859,2.47531829362e-05,0.0192869578571,-3.17877959627,0.196210389265,-0.00814554376746
gradient_zero,21,0.47,0.479999989271,predicted,Actual proposal support boundary; monitored coordinates are pre-native endpoint forecast,True,50,-0.213615169072,0.561558892873,0.000588178787229,0.0432298087692,-0.0778297201061,0.0308854579152,5.79104211217,6.49136908277,0.213113227888,-0.277823325818,1.17166656707,0.180913815179,0.273659642631,0.278462776908,0.278997192408,0.202908783293,4.62049584,0.192120241269,0.729308719758,9.580487128,4.17468474886e-08,0.000265065044473,9.30231205758,4.07915045737e-07,0.000833760307134,9.68163921448,1.3226135115e-08,0.000130322149507,7.83268622411,0.000123522205628,0.0216630215688,9.13238563373,1.27559211845e-06,0.00155289070457,9.34581966425,1.28489814173e-07,0.000486663864244,8.20792782066,4.08413044898e-06,0.00797434507166,9.18847503741,1.96725586044e-07,0.000730736331695,9.06688617686,6.18338586966e-07,0.00133545255724,8.59273453678,3.31361370224e-06,0.0040577155135,8.19164055599,1.90453929621e-05,0.0108670580597,8.3808003108,1.11717250732e-05,0.00676016252051,4.79147350723,0.141056452618,0.385578525504,8.62326331889,4.33167848806e-06,0.00449307707465,8.97979084586,1.60740146476e-06,0.00189148524333,5.05571287806,0.0666378938971,0.319191081891,7.21004864011,0.000481195127568,0.075030224323,8.68211144353,2.082971961e-06,0.00328801132924,5.28916053373,0.0467401557442,0.189977909614,-0.34012077218,2.46062100248,-0.637927055359,-0.627212405205,-0.751010417938,-0.0581810117042,-0.51340243864,-1.73198829944,-0.750602424396,0.283674765726,-1.60921889762,0.0744888821713,0.0233168426437,-0.00603238936819,0.00252100704138,-0.00364660674466,0.629158639146,-0.150982191957,0.0285546169339,-0.190306918626,1.19144456559e-07,0.00036789587362,0.223365146808,-5.42286303217e-07,-0.000650236879369,-0.658811177723,7.83216218411e-08,0.000437196447318,-0.241750094875,0.000102438108387,0.0077012499828,1.02561234437,-5.87158726332e-06,-0.00403129698442,0.293999817518,-2.4777246476e-07,-0.000480910677674,-0.995546620576,1.82549228031e-05,0.0224430761058,1.44749464068,-2.74549927398e-06,-0.00482319399722,-0.517125236136,2.18646322055e-07,0.00152034246131,-0.657113772381,9.86875532847e-06,0.0070828947037,1.09235337711,-8.79565250558e-05,-0.0269112775616,1.12696220634,-5.89775158289e-05,-0.018406041548,-0.490005367107,0.0573545169693,-0.147757585525,-0.965882379625,2.15608603388e-05,0.0109003542849,0.523711299899,-2.34260861182e-06,-0.0019786872979,0.75353026978,-0.00693404345818,0.0430141173896,0.554924657627,-0.00125773211274,-0.0506497103243,0.448266159333,-6.60285350523e-06,-0.0047648274764,0.77681351818,-0.0235732465503,0.200950151512
gradient_zero,21,0.48,0.489999979734,predicted,Actual proposal support boundary; monitored coordinates are pre-native endpoint forecast,True,50,-0.219140940501,0.605513186276,-0.00401922449112,0.0386595534897,-0.0814151826763,0.0303119904816,5.77901788834,6.46783511975,0.213282915754,-0.274509546791,1.17031828299,0.181345213149,0.274726991896,0.278770749035,0.278841680111,0.202895248456,4.62532390009,0.191114203103,0.730190203284,9.60323843547,3.94439877262e-08,0.000248927347113,9.30453969684,4.02789914961e-07,0.000827641359265,9.67660923923,1.38415120521e-08,0.000133571447837,7.83741490589,0.000117054315289,0.0217220986805,9.14366968529,1.21232675294e-06,0.00150899439762,9.35370799818,1.25266428053e-07,0.000477861172494,8.19927387337,4.25362802175e-06,0.00817788390405,9.19360531447,1.90674654144e-07,0.000716351808679,9.06041328487,6.27544836006e-07,0.00135712635661,8.58559332781,3.42781541588e-06,0.00413667129778,8.19791082641,1.84862812446e-05,0.0107112392112,8.38217408863,1.15380541976e-05,0.00676288810183,4.78845609621,0.141334535661,0.38484189375,8.61275111738,4.56299847474e-06,0.0046128546649,8.98581129108,1.57582871566e-06,0.00186669862129,5.04778686915,0.0660809089338,0.318634503984,7.21986412898,0.000456439126551,0.0742780440534,8.70415204302,1.78596545978e-06,0.00306941331167,5.30888008037,0.0457210904562,0.192440738072,-0.225315165732,2.9938104012,-0.297921776771,-0.509364366532,-0.814147412777,-0.0178138938446,0.463597653454,-3.63493905927,0.069660471585,-0.620023348398,-2.4216155108,0.0759575714625,0.01167658398,0.0174035113564,0.0181281395394,-0.0168965407281,0.351904611638,-0.0720644416687,0.0397706788325,-0.482394715545,1.07155849888e-07,0.00049356384364,0.00903809386199,-7.32310781514e-08,-9.42317862914e-05,-0.173033456207,3.26416341636e-08,0.00016250339171,1.16344656924,-0.000636289931498,-0.037764522472,3.3024130962,-1.71045404196e-05,-0.01252658659,0.212880840442,-2.43405515909e-07,-0.000452872811803,-0.397526290581,7.88412834648e-06,0.00889455633727,0.406735150292,-7.03786641284e-07,-0.00146266838931,-0.762017184884,1.45378279299e-06,0.00269994125055,-0.651513074261,9.78436997242e-06,0.00715009808258,1.02866169078,-8.3126369272e-05,-0.0250565151192,0.360943931952,-2.94219871592e-05,-0.00607344805592,-0.439817943261,0.0457560328719,-0.191996428574,-1.13695131633,2.58519348984e-05,0.0130956113964,1.84340885683,-1.30536463891e-05,-0.00897334922462,1.38857885797,-0.0243907733127,0.093100229421,0.222977866103,-0.000502798423267,-0.0218402909696,0.402224608515,-5.32255584861e-06,-0.00408190954969,-0.210127194232,0.0125875380082,0.0798719055005
gradient_zero,21,0.49,0.5,predicted,Actual proposal support boundary; monitored coordinates are pre-native endpoint forecast,True,50,-0.218121472387,0.621435100897,-0.0053702567482,0.0330425214386,-0.0941126683617,0.0305291800383,5.80031406523,6.41867030158,0.21450643732,-0.290223792786,1.12323425685,0.182432966609,0.27389317431,0.278810847135,0.279359755199,0.202570852478,4.62753393223,0.190678952435,0.730104133335,9.57083923369,4.38899644863e-08,0.000274936321346,9.30249281946,4.06450424174e-07,0.000831875671408,9.67817854535,1.38789677983e-08,0.000133572217341,7.8559551555,0.000110796406998,0.0209077311193,9.19843389566,9.33501310056e-07,0.00130235897276,9.35007728106,1.23621703854e-07,0.000477606408008,8.19997729485,4.24181301591e-06,0.0081522361984,9.19660974041,1.82649853218e-07,0.000701482963909,9.05164583317,6.47414242826e-07,0.00138945138225,8.57970427529,3.50930110169e-06,0.00420071747515,8.21221378981,1.73828655767e-05,0.0103659277573,8.38801918944,1.058328533e-05,0.0066386935594,4.78267714837,0.141971573275,0.381738596933,8.60052429257,4.84871718603e-06,0.00475498930257,9.016659023,1.34632853698e-06,0.00171201825883,5.08348445521,0.0661500784308,0.32105308648,7.21450819743,0.000471139159102,0.0745934185036,8.6901559357,1.97652084403e-06,0.00320637313824,5.28495798984,0.0469919065044,0.191575347724,0.10194681142,1.59219146211,-0.135103225708,-0.561703205109,-1.26974856853,0.0217189556698,2.12961768918,-4.91648181694,0.122352156563,-1.57142459943,-4.70840261358,0.108775345937,-0.0833817585478,0.00400980994252,0.0518075088026,-0.0324395977235,0.221003214081,-0.043525066823,-0.00860699493747,-3.2399201779,4.44597676014e-07,0.00260089742321,-0.204687738034,3.66050921319e-07,0.000423431214291,0.156930612336,3.74557461744e-09,7.69504082443e-08,1.85402496051,-0.000625790829077,-0.0814367561144,5.47642103666,-2.78825442879e-05,-0.0206635424856,-0.363071712066,-1.64472419868e-07,-2.54764486177e-05,0.070342147785,-1.18150058316e-06,-0.00256477056449,0.300442593997,-8.02480092529e-07,-0.00148688447701,-0.876745170218,1.98694068202e-06,0.00323250256404,-0.588905251323,8.14856858096e-06,0.0064046177369,1.43029634001,-0.000110341566792,-0.034531145385,0.584510080819,-9.54768867625e-05,-0.0124194542429,-0.577894784468,0.0637037614605,-0.310329681677,-1.22268248116,2.85718711292e-05,0.0142134637678,3.08477319176,-2.29500178687e-05,-0.0154680362461,3.569758606,0.00691694970369,0.241858249617,-0.535593155374,0.00147000325515,0.0315374450219,-1.39961073176,1.90555384254e-05,0.0136959826571,-2.39220905341,0.127081604817,-0.0865390347212
gradient,20,0,0.00999999977648,predicted,Actual proposal support boundary; monitored coordinates are pre-native endpoint forecast,True,50,-0.290838626068,0.779233790905,-0.156633801308,-0.0603536224747,0.217942624662,0.0491534354951,5.45800314789,6.36768450902,0.0319882839431,-0.564446129844,1.57869648185,0.183455194726,0.267454730026,0.296594227359,0.276906591626,0.201219844887,4.64388873878,0.194942012804,0.731056045733,9.85238356955,9.39169231349e-09,0.000102224712202,9.35584998049,1.42738899291e-07,0.00056425431806,9.35538178825,1.41323462144e-07,0.000505685698175,8.17508136954,2.85358504659e-05,0.0116662673222,10.0518335538,1.27342786557e-09,3.06150020863e-05,9.30465565492,1.23130378229e-07,0.00055568170832,8.14363166615,6.33654250999e-06,0.00995121754177,9.38626940221,6.64970155837e-08,0.000376386954227,9.3401326778,1.04834215419e-07,0.000492875259347,8.45041728679,5.79409000825e-06,0.00547934931271,8.33344009777,8.09987696626e-06,0.00768888781916,8.66607475107,2.76797112723e-06,0.00344825807715,4.46876457297,0.211900078495,0.36812178253,8.84447129709,2.23330563259e-06,0.00250236919719,9.47159127181,3.51631967247e-08,0.000252069457889,5.29132558571,0.0534496157299,0.279412145863,7.3604044826,0.000276027001099,0.0579897794703,8.76055785858,2.05873924044e-06,0.00273109479404,5.52633904965,0.0345820499583,0.179704916862,4.59798631191,-7.5687740268,5.98094773293,3.71797144413,-1.32778063416,-1.04475644988,-20.4300721872,-17.3292490284,-6.80909174966,13.5586301274,-2.08002726498,0.801820022615,0.952953078111,0.673917402448,0.084458234059,-0.465349035353,-6.48557076744,2.26780490481,0.136697263862,-3.95671316258,2.93954266162e-07,0.00200698837512,12.7947190805,-7.63295797718e-06,-0.0199873793332,2.7388539392,-1.79960092309e-06,-0.00387057730606,1.81526634284,-0.000113964715913,-0.0479562186367,-5.84393202076,1.21389163563e-07,0.00148448199737,4.73116150441,-1.32720984095e-06,-0.00689355513245,3.24797626227,-8.41915427411e-05,-0.0888964277201,-1.65837421427,1.09453689193e-06,0.0031580488148,-0.498543732427,1.65012175928e-06,0.00273573459835,18.9184952053,-0.000415495505937,-0.23510524374,-0.964924307181,2.54427496818e-05,0.00681001428742,1.29569310243,-3.90944374717e-05,-0.0183486607057,6.33363897319,-1.07588660576,0.735955920783,8.82305393763,-6.16461621852e-05,-0.0477034478259,-10.7608023727,3.1600905239e-06,0.0135102852364,3.79280070897,-0.204829172906,0.288811728612,-1.78699942238,0.000291535192618,0.259859576862,5.11188109198,-9.50701956566e-06,-0.0292912744074,-7.75176323608,0.332986614294,-1.1948261599
gradient,20,0.01,0.019999999553,predicted,Actual proposal support boundary; monitored coordinates are pre-native endpoint forecast,True,50,-0.244858762949,0.703546050637,-0.0968243239784,-0.0231739080334,0.20466481832,0.0387058709963,5.25370242602,6.19439201873,-0.0361026335535,-0.428859828569,1.55789620921,0.191473394952,0.276984260808,0.303333401383,0.277751173967,0.196566354533,4.5790330311,0.217620061852,0.732423018372,9.81281643793,1.23312349751e-08,0.000122294595953,9.48379717129,6.6409319519e-08,0.000364380524728,9.38277032765,1.23327452913e-07,0.000466979925114,8.19323403297,2.73962033067e-05,0.0111867051359,9.99339423362,2.4873195012e-09,4.545982206e-05,9.35196726996,1.0985827982e-07,0.000486746156996,8.17611142877,5.49462708258e-06,0.00906225326457,9.36968566007,7.74423845031e-08,0.000407967442375,9.33514724048,1.21335433012e-07,0.00052023260533,8.63960223884,1.63913494888e-06,0.00312829687531,8.3237908547,8.35430446308e-06,0.00775698796204,8.6790316821,2.37702675252e-06,0.00326477147009,4.5321009627,0.201141212438,0.375481341738,8.93270183647,1.61684401074e-06,0.00202533471893,9.36398324808,6.67641019637e-08,0.000387172310253,5.3292535928,0.0514013240008,0.282300263149,7.34253448838,0.000278942353025,0.0605883752389,8.8116766695,1.96366904478e-06,0.00243818204997,5.44882141729,0.0379119161012,0.167756655263,3.80817423211,-6.12489354477,3.11319351196,4.30498874187,-0.618615195155,-0.452009889788,-5.09972356307,-9.99753037373,-3.34002478711,7.92616953692,2.44503585721,0.418160611362,0.525679952554,0.212230577205,-0.0232551558799,-0.212719159793,-2.55892808682,1.0187742202,0.0866948493421,-4.94616023988,4.56908394995e-07,0.00273331988069,5.08855219545,-2.96999645106e-06,-0.00791430547643,-0.906314590725,4.64578453876e-07,0.00143185713515,2.78102353641,-0.000282241082299,-0.0670556223958,-5.59929561409,1.56497949127e-07,0.00168000662974,3.69688893696,-1.00792789588e-06,-0.0052756437449,2.0077857752,-5.0795989429e-05,-0.0552762826306,-1.46059561963,8.79240980325e-07,0.00272502583086,-0.352367184499,1.6068232302e-06,0.00224165325758,11.4801023779,-0.000226883613891,-0.135560296688,-1.44119713585,6.26964237855e-05,0.0184294024854,-0.540642952084,-9.28614104049e-06,-0.000446067900096,3.59619404579,-0.597629975519,0.505377612258,3.4835870741,-2.48962322501e-05,-0.018335192891,-6.81865596217,2.65744588966e-06,0.00999206393685,2.24539579318,-0.0906085024619,0.743081878944,0.0968106962511,-0.00112050783269,0.0360014926542,4.17962790113,-1.70001461018e-05,-0.0250519339687,-6.46556061002,0.306799903737,-0.950161947597
gradient,20,0.02,0.0299999993294,predicted,Actual proposal support boundary; monitored coordinates are pre-native endpoint forecast,True,50,-0.214675141426,0.656735920009,-0.0943699310684,0.0257461523628,0.205570320759,0.0401132376993,5.35600867663,6.16773390154,-0.0348122117992,-0.405922739105,1.627597199,0.191818406953,0.277968329078,0.300838838903,0.276441488509,0.196965461691,4.59271017704,0.215317497208,0.73278994272,9.75346036476,1.85298602134e-08,0.000156891109816,9.4576210244,8.33389702697e-08,0.000405968208531,9.33725549644,1.50615031222e-07,0.000534322840878,8.23070184027,2.28910288199e-05,0.0103251548743,9.93984764154,4.40338684811e-09,6.42151346811e-05,9.37859343366,1.02971820312e-07,0.000450168833422,8.18378738165,5.32062272141e-06,0.00884569188916,9.35705748982,8.40818351902e-08,0.000430887470845,9.33308533411,1.36970680023e-07,0.000537708324498,8.68001933434,1.25641773043e-06,0.00276814337895,8.30461615505,9.35380544197e-06,0.00805747586887,8.65526189203,2.58224830642e-06,0.00343933671915,4.54068845389,0.199947478985,0.378229334776,8.91414303857,1.73538098759e-06,0.00213566533937,9.33521815256,8.83121145179e-08,0.000451910736626,5.33623350157,0.0516374456807,0.294273783442,7.36234069652,0.000253616844446,0.0587098093234,8.8441504166,1.7187363184e-06,0.00223005611467,5.39702783745,0.0407180480331,0.16070167791,2.27913960699,-3.77796806605,-0.168879270553,3.47821861506,-0.448075324297,0.23496569455,12.1283557149,4.4418840462,-0.672740582638,0.0513015929065,12.7387136288,-0.041445127808,-0.0830206483331,-0.361898752932,-0.334917694184,0.177471883,1.40159746546,-0.449972556088,-0.222058065141,-4.07569629733,4.4832219856e-07,0.00242827991876,-4.76273797993,3.90921535871e-06,0.00841567991618,-5.09981433671,3.73493864644e-06,0.00857413274155,0.713671088987,-0.000124951375776,-0.0176883118147,-3.84835058548,1.71723760229e-07,0.00156477896877,0.908705912682,-6.96472146721e-08,-0.00137979843227,0.172573852697,-2.69962834297e-06,-0.00519229542973,-1.4689847094,7.76214504905e-07,0.00256695424447,-0.744787534036,1.55028003424e-06,0.00223700366686,2.85738453344,-2.2519658251e-05,-0.0231460485311,-1.85627330337,8.47166359271e-05,0.0314516864667,-1.45055985986,1.20106053913e-05,0.0110063029839,-0.473868794418,0.100878912203,-0.23231651782,-2.52653277207,1.17609969277e-05,0.0139334747853,-0.950633578908,1.31837894403e-06,0.00338197363284,0.6367431633,0.0107317708586,0.65094145746,0.981774618358,-0.0014873599814,-0.0789429047477,1.42913177539,-1.83173410078e-05,-0.01169940563,-4.61268661758,0.254297735655,-0.459078125843
gradient,20,0.03,0.0399999991059,predicted,Actual proposal support boundary; monitored coordinates are pre-native endpoint forecast,True,50,-0.199275970809,0.627986689316,-0.100201909389,0.0463904642677,0.195703311834,0.0434051848873,5.49626954032,6.28322969966,-0.0495574452063,-0.427833796711,1.81267048178,0.190644492395,0.275323847841,0.296095426325,0.271052820083,0.200115792193,4.60706498041,0.208620610731,0.727981857069,9.73130251198,2.12976789463e-08,0.000170860194329,9.38854241169,1.44593626693e-07,0.000532694123051,9.28077404091,1.98026225842e-07,0.000638462579946,8.20750745475,2.48971757912e-05,0.0108329388996,9.91642722191,5.92179470577e-09,7.67554014353e-05,9.37014138822,1.08465335527e-07,0.00045915018835,8.17956290582,5.44063451572e-06,0.00895840735598,9.34030596588,9.29666746011e-08,0.000459306527265,9.3202514898,1.52341033697e-07,0.000564972678668,8.69674992951,1.18874178386e-06,0.00266537590468,8.28666538863,1.00486371816e-05,0.00838602169137,8.6500204849,2.61723886034e-06,0.00348489752977,4.52262358681,0.203158790682,0.370835011382,8.88217118103,1.85206394929e-06,0.00230400421464,9.3449705765,9.31316808442e-08,0.000454811782909,5.34198845606,0.051615959418,0.295319092299,7.36216998074,0.000249195153398,0.059009517144,8.84025930501,1.59732222462e-06,0.00220419393737,5.35656768494,0.0429978708143,0.158575092746,1.50966058785,-2.85314718355,-0.469451904297,1.68243247271,-1.43822860718,0.386867831717,17.3875076199,6.10883035247,-0.947999571303,-2.0118043367,17.1284908361,-0.109532673969,-0.232662142572,-0.491636265308,-0.450340680076,0.2693689782,1.41536048768,-0.674406107625,-0.400117349264,-0.628783916763,8.2115545493e-08,0.000376041282292,-8.84157592977,1.1540379722e-05,0.0191757328666,-5.50041735629,5.63250226002e-06,0.0111134585151,-2.11302523402,0.00019868892341,0.047997920735,-0.663585038996,9.09425602841e-08,0.000720777920796,-1.56610951065,1.15317629746e-06,0.00225574942327,-0.155144635888,3.31310237206e-06,0.00407332777564,-1.51577700108,9.42329816081e-07,0.00272884811831,-2.15352031821,2.1084667913e-06,0.0042630633133,0.537989423122,1.04748795571e-06,-2.05766515753e-05,-1.88720500467,7.33004521818e-05,0.0363202831008,-0.449988492046,1.4494079301e-07,0.00298653346857,-0.951140966454,0.147223664361,-0.641815532354,-4.71645651117,2.02956096026e-05,0.0274854832948,1.53299510644,1.63972512903e-07,-0.000538314519468,-0.0578675266161,0.041499251692,0.19779064743,-0.553440458666,0.000298785844505,0.0782489904227,-1.07284590358,-1.46717566728e-06,0.00337525282318,-2.48123773918,0.137251900298,-0.119840195629
gradient,20,0.04,0.0499999970198,predicted,Actual proposal support boundary; monitored coordinates are pre-native endpoint forecast,True,50,-0.184481929669,0.599672976338,-0.103758969154,0.0593948018169,0.176805748615,0.0478505943336,5.70375882903,6.28991050859,-0.0537722032252,-0.446158825839,1.97016701572,0.189627753473,0.273315086226,0.291006113597,0.267434674907,0.202352841255,4.62101738679,0.201829375056,0.724787595735,9.74088468642,2.01721711233e-08,0.000164411935462,9.2807895058,3.14146564711e-07,0.000789482865864,9.22724714931,2.63265076422e-07,0.000756592011181,8.18844133559,2.68648072881e-05,0.011285113289,9.92657594076,6.22223805379e-09,7.8630693097e-05,9.34727124344,1.26035346261e-07,0.000495283821888,8.18068448893,5.38688476885e-06,0.00892715844467,9.3267419498,1.02928431512e-07,0.000485464433211,9.29001492775,1.79140015849e-07,0.000622969590764,8.69077912281,1.27736748954e-06,0.00276773184592,8.26687205496,1.08198144856e-05,0.00878388153089,8.64626212219,2.58514712228e-06,0.00349906738852,4.52166563456,0.202891952272,0.365393024129,8.81981390835,2.14129317964e-06,0.00268537500527,9.36587805469,9.1591564776e-08,0.000441144446236,5.33507615104,0.0524674307145,0.298229596391,7.35127188735,0.000259592561336,0.0602747891319,8.82269349853,1.68939280505e-06,0.00229756117113,5.34740308267,0.043463086039,0.158304873997,1.62913780257,-3.18477262058,-0.407198309899,0.577786326408,-1.25778269768,0.42127617183,18.8256489357,2.91305770396,-0.445546816849,-2.17175060164,16.4651841783,-0.0454095755088,-0.216436828903,-0.477126451215,-0.382633107382,0.193114360369,1.04781500825,-0.586417687126,-0.384071849071,0.825742457035,-7.99749172025e-08,-0.000499069103214,-9.84387484766,2.04292601841e-05,0.0264884232593,-4.87271953814,6.51889785336e-06,0.0113658182575,-1.84198341404,0.000198349822194,0.0446066456993,1.37689714185,1.25938334008e-09,-4.67552348143e-05,-2.72165399601,2.37683072429e-06,0.00475436141803,0.224338833225,-7.14262552991e-06,-0.00543810395272,-1.18568105873,8.5544365622e-07,0.00233144125941,-2.96169678188,3.44979653203e-06,0.00645772406119,-0.902369946788,1.23026419483e-05,0.012318090175,-2.03360713692,8.0384865069e-05,0.042567787254,0.336980506625,-9.6297596208e-06,-0.00454765376008,-0.395914302089,0.0339666539441,-0.558335765997,-6.43651554116,4.91042763258e-05,0.0453424389065,2.19025183576,-3.33564736052e-07,-0.00181824514241,-0.237626982409,0.0343255109109,0.0033714751256,-1.0687323583,0.000963569776529,0.128512338275,-2.66378599552,1.99085871189e-05,0.0170040433758,-0.836346291548,0.061072667738,-0.111354191467
gradient,20,0.05,0.0599999986589,predicted,Actual proposal support boundary; monitored coordinates are pre-native endpoint forecast,True,50,-0.166693214758,0.564291236904,-0.108345875587,0.0579461907959,0.170547657881,0.0518307083239,5.87278251903,6.34149085374,-0.0584683815433,-0.471268808744,2.14197416535,0.189736300885,0.270995111263,0.286552897301,0.263400157935,0.203978079401,4.62802128058,0.196892256988,0.720300420088,9.74781736112,1.96981806023e-08,0.000160878812264,9.19166491474,5.53178830376e-07,0.00106246258824,9.18331965015,3.28404182909e-07,0.000865778945095,8.17066778647,2.88641722351e-05,0.0117250718135,9.94396516474,5.94698237257e-09,7.5820296739e-05,9.3157083083,1.56001950012e-07,0.000554237416711,8.18404968249,5.29778200512e-06,0.00884964527692,9.3165923447,1.10075547726e-07,0.000505935352453,9.26101755416,2.21336964337e-07,0.000694127159891,8.67870253057,1.43479462283e-06,0.00291173770818,8.24599324589,1.1656334483e-05,0.00923737743645,8.65676009503,2.42464366793e-06,0.00339394445457,4.51470530077,0.20383812376,0.359668296062,8.7534408702,2.8341494758e-06,0.00321085299277,9.38877561322,8.64603861232e-08,0.000418446880061,5.33723591642,0.0523024696362,0.295386521801,7.34079533358,0.000268466548928,0.0615797639095,8.7869835851,1.995493967e-06,0.00254427480489,5.33984075911,0.0442193241691,0.156348008917,1.4913756581,-2.98609132678,-0.414885282517,-0.168062984943,-0.923674762249,0.196953760348,14.5553407286,3.96462346616,-0.342633691718,-1.63796634842,13.6322875764,0.0472467428432,-0.207298632393,-0.417319918778,-0.329396113151,0.17713352869,0.946343820857,-0.48159763281,-0.313331169077,-0.0427068853851,4.32642472802e-08,9.65726210745e-05,-6.73050019421,2.12389313503e-05,0.0220751977056,-2.89144888463,4.04894634859e-06,0.00704392759575,-1.54329358863,0.000169744110825,0.0384679865814,2.3608949154,-5.35572371672e-08,-0.000503492168009,-3.0133662724,3.0339448346e-06,0.00585262619283,-0.0502710533577,2.34322268395e-06,0.00194487246876,-0.803846920223,5.78884109371e-07,0.00167366580581,-2.91454158714,3.99812915552e-06,0.00697816703029,-0.755998325773,1.19666909849e-05,0.00997126847231,-1.72154990194,7.3096815932e-05,0.0384206333472,0.44595397117,-7.36766592145e-06,-0.00442451159576,-0.648346919288,0.062412238045,-0.520723244002,-5.15146490537,5.69473292356e-05,0.0423059762512,2.44575728701,-6.6944307582e-07,-0.00261589272319,0.12492304776,-0.00622736628742,-0.166157985986,-0.270220616356,-9.29632507876e-05,0.0521726073349,-3.18678799893,2.36565285918e-05,0.0220932416382,-0.961568849556,0.0968321954436,-0.188391010937
gradient,20,0.06,0.070000000298,predicted,Actual proposal support boundary; monitored coordinates are pre-native endpoint forecast,True,50,-0.154654416507,0.539951149803,-0.112056674805,0.0560335421181,0.15833225337,0.0517896695406,5.9948656436,6.36920297791,-0.0606248770596,-0.478918152807,2.24281276725,0.19057268833,0.269169113578,0.282659715221,0.260846752644,0.205895511829,4.63994426321,0.1921974224,0.718520972353,9.74003054871,2.10374560689e-08,0.000166343387883,9.14617950192,7.38925191717e-07,0.00123098681998,9.16941817162,3.44244003394e-07,0.000897470563096,8.15757546382,3.02596895046e-05,0.0120544730206,9.97379383907,5.15109331044e-09,6.85608497368e-05,9.287003918,1.86714242953e-07,0.000612336345744,8.17967906787,5.43374922253e-06,0.00896605589405,9.31066501139,1.14506113699e-07,0.000518937749327,9.231724096,2.5910259896e-07,0.00076253293137,8.67565915629,1.51670130924e-06,0.00296715721537,8.23244105692,1.22817508042e-05,0.00955229419783,8.65518120161,2.43779380386e-06,0.0034105771566,4.50869869617,0.204140197033,0.354978559249,8.71678461024,3.28023976435e-06,0.00353149453029,9.41479320043,7.82027032596e-08,0.000388826591773,5.33757461199,0.0523428833887,0.294906436671,7.34586747502,0.00025773329632,0.0613182412786,8.75895773855,2.16252337689e-06,0.0027394260039,5.32817170567,0.0453997299479,0.154537053779,1.03902808013,-2.12172268113,-0.0398253202437,-0.0188553333281,-1.06832611561,0.0542930924729,11.5811886138,1.48295785313,0.0118997594599,-0.876915677912,8.70415922026,0.124853925208,-0.178918630585,-0.431795970821,-0.239147653931,0.199017752457,1.021766545,-0.42801153475,-0.0141048865064,-0.91823712363,1.5414934297e-07,0.00065846684175,-3.82601994482,1.76298393989e-05,0.0150867089241,-1.30133184686,1.49140212764e-06,0.00302841785847,-0.506506483813,3.18619159025e-05,0.0125628394463,3.14458869219,-8.25288186407e-08,-0.00075529716125,-2.35022946741,2.61426052614e-06,0.0048493759937,0.00170562693637,1.49230216248e-06,0.000211903290621,-0.767214538076,4.85127514767e-07,0.00147829824949,-3.43678218791,4.54464508015e-06,0.00852894052471,-0.362686712915,7.8210312477e-06,0.0061896749608,-1.45905373048,6.96754902658e-05,0.0339090897208,-0.414048583587,5.11830607492e-06,0.00390887527596,-0.221026867125,-0.0106406563526,-0.426022280891,-3.75069537184,5.01694503327e-05,0.034063852017,2.1136759203,-6.42830331298e-07,-0.00229670668093,0.591864734701,-0.0326372686027,0.0560862674091,0.0913028381844,-0.000489270024374,0.0116596762979,-2.17013954395,1.0971108873e-05,0.0158108661155,-0.829170117374,0.0910048356479,-0.146111430598
gradient,20,0.07,0.0799999982119,predicted,Actual proposal support boundary; monitored coordinates are pre-native endpoint forecast,True,50,-0.145912653155,0.521856783282,-0.109142381992,0.0575690841293,0.149181135569,0.0529165701733,6.10440629131,6.3711500108,-0.0582303863541,-0.488807122302,2.31605734975,0.192233379389,0.267416738651,0.277916977884,0.258617204857,0.20795843445,4.64845661148,0.188332026293,0.720018322358,9.72945261865,2.27811674616e-08,0.000174048149099,9.11514451584,9.05775618353e-07,0.00136419676672,9.15729301321,3.58232225462e-07,0.000926347302264,8.16053765679,2.95014105531e-05,0.0119763286025,10.0068569386,4.29640599976e-09,6.0714353514e-05,9.26870371895,2.08287160535e-07,0.000651224936585,8.18408379503,5.32762804837e-06,0.00885388334274,9.30124805394,1.19778098021e-07,0.000535501317443,9.1922819104,3.1222986594e-07,0.000864705970385,8.67144879631,1.59121524778e-06,0.0030355312074,8.21681217128,1.30498442883e-05,0.00991555923087,8.64847912336,2.52700978943e-06,0.00347212196009,4.51028476343,0.203625310633,0.351147850444,8.67842696277,3.83753848246e-06,0.00389213003311,9.43104913162,7.36037794972e-08,0.000372512746443,5.34907321111,0.0516497242642,0.296508247149,7.34262139034,0.000258681148441,0.0618129574354,8.74358079422,2.21491614446e-06,0.00286049212719,5.32325735676,0.0460394208821,0.153425780305,0.612545944739,-1.25595069717,0.524553537369,1.02790820599,-1.40133586526,0.18923271933,10.6927576082,3.33766292521,0.783172961256,-1.48996661288,7.6281462784,0.0801004342762,-0.164895269626,-0.485304964007,-0.293508027366,0.199087436782,0.545310438901,-0.342423209754,-0.0962919265298,-2.88856117686,4.64804856844e-07,0.00197903603312,-2.38394514639,1.40526113012e-05,0.0106961414249,-2.22969232816,4.18791281911e-06,0.00663360311832,-0.448601901376,1.00762561706e-05,0.0115480092412,4.05924022903,-9.65747471099e-08,-0.000914436828364,-1.54366595003,1.63978608824e-06,0.00316892625526,0.664229734497,-1.83340823904e-05,-0.0175777842274,-1.75579613661,9.95150463783e-07,0.00303475396966,-2.34560611724,1.9306162326e-06,0.0057100483207,-0.327174861681,6.92858809431e-06,0.00651765697386,-2.33353296174,0.000124250104945,0.0573499071299,-2.29995473085,3.73412960441e-05,0.024726490493,0.579316125447,-0.116246364426,-0.433566928854,-2.5012084418,2.59415774942e-05,0.0231506928373,1.6961340887,-5.1070008371e-07,-0.00176608713736,-0.354809969672,0.0124105037518,0.0913069414531,-0.585824336599,0.000469554768244,0.0729842598138,-1.36822609358,1.1662431485e-06,0.0108804771486,-1.47829778057,0.125299535138,0.00574269752617
gradient,20,0.08,0.0899999961257,predicted,Actual proposal support boundary; monitored coordinates are pre-native endpoint forecast,True,50,-0.142403497612,0.514832135859,-0.101565604057,0.0765917062378,0.130305536065,0.0555743239272,6.20872079576,6.43595623642,-0.0449614178345,-0.508717485065,2.39537569282,0.192174697016,0.265871208186,0.272953615941,0.254976592097,0.209877260565,4.65085047199,0.185348958205,0.716595133823,9.68225932518,3.03335532057e-08,0.000205924108546,9.09850059899,1.01997741774e-06,0.00144490964847,9.12482432506,4.28002259776e-07,0.00103014262546,8.14860342579,3.0461214628e-05,0.0122854332055,10.0549786437,3.21959836824e-09,5.02721131695e-05,9.256130599,2.19509964718e-07,0.000675714870849,8.19296366256,5.06706757472e-06,0.0086145002095,9.27554908866,1.34409122975e-07,0.00057963282872,9.18481197366,2.97714923612e-07,0.000876733897784,8.66911565906,1.65527307113e-06,0.00309751035485,8.18577039769,1.47667529031e-05,0.0106992923404,8.609182107,3.18461972474e-06,0.00390510696646,4.52028501868,0.201815269744,0.346307220671,8.66676044141,3.79907131423e-06,0.00399450838704,9.44871588221,6.79887015854e-08,0.000353504849025,5.3304784126,0.0525910934638,0.2967325755,7.33415098829,0.000267124391685,0.0627779264748,8.73159321668,2.18584823986e-06,0.00295703554687,5.29860575006,0.0479057206506,0.154651907729,0.453050630532,-1.50341265781,0.944516777992,0.420239686966,-1.83301511407,0.281846264959,14.79824946,6.48065481112,0.70999017921,-3.07873897428,6.61423542502,-0.0802083085151,-0.161752035249,-0.640754355989,-0.406914193374,0.246861203253,0.705107451345,-0.381966276769,-0.277623207221,-5.05072705307,8.93393708488e-07,0.00363988545691,-2.89561765973,1.80271858491e-05,0.0128053279128,-2.3142483178,5.13959865198e-06,0.00766381696923,0.117498019177,-8.54123343836e-05,-0.00351232715712,3.77702388386,-7.33597592691e-08,-0.000755838557517,-3.84351680222,3.96749906975e-06,0.0081917567936,1.43217878856,-3.88407535881e-05,-0.036414972215,-2.8276697567,1.73058601863e-06,0.0050728672449,-2.84165191312,-2.04697531448e-07,0.00652289818741,-0.352107970951,1.0292981756e-05,0.0068619849289,-2.39516626112,0.000130369287807,0.0620748665884,-3.82928157238,7.22576565361e-05,0.0442162775946,0.65801640344,-0.103427189672,-0.65110943046,-2.98662124288,1.13330717581e-05,0.0275080970143,1.23572158677,-2.48016062122e-07,-0.00108157602471,-1.50785526948,0.0626009369777,-0.0108747309623,-1.55577244217,0.0018341177312,0.169615845397,-1.98103397347,3.68627658953e-06,0.0158002876443,-2.45512311409,0.174262173555,0.171991330537
gradient,20,0.09,0.0999999940395,predicted,Actual proposal support boundary; monitored coordinates are pre-native endpoint forecast,True,50,-0.136851640545,0.491788530125,-0.0902520464325,0.0659738778687,0.112520833287,0.0585534954725,6.40037128051,6.50076310702,-0.0440305827699,-0.550381901788,2.44834205825,0.190629213219,0.264181697946,0.265101890764,0.250478920989,0.212895658515,4.6625587605,0.180692700758,0.714465858213,9.62843807759,4.06490416314e-08,0.000246845858238,9.05723216265,1.26631933534e-06,0.00162030332497,9.11100804686,4.61024198502e-07,0.00107962364165,8.16288761718,2.77931638655e-05,0.0119060820593,10.0823974163,2.82921081438e-09,4.55975823637e-05,9.1918333829,2.8763714193e-07,0.000815060072457,8.2127273708,4.55081297661e-06,0.00812558389844,9.24469465881,1.54389818394e-07,0.000636958662341,9.13544887214,3.08135915311e-07,0.000995163934134,8.66440663689,1.7970748829e-06,0.00317277090598,8.16890884606,1.56572300444e-05,0.0111570565626,8.57189349191,3.97216292015e-06,0.00435644751198,4.5234450915,0.20155676684,0.338125661835,8.61869453791,4.06419991762e-06,0.00444229197339,9.45576356336,6.86434582548e-08,0.000350881225949,5.31891610572,0.0529017430037,0.29629075253,7.3115059415,0.000295363503065,0.0652052743434,8.70396011475,2.28864167625e-06,0.00317649788008,5.27415489448,0.0495246643532,0.156865606915,0.315318643531,-1.34150897008,1.06560516357,-1.79511457682,-2.59467089176,0.426874485887,14.3786317098,10.449038811,0.0367927783253,-5.24246498246,0.649489698574,-0.203313793908,-0.116936861279,-0.700805212129,-0.365936497998,0.232043713453,0.563062177922,-0.321658799483,-0.589202373264,-6.39053559283,1.42487785834e-06,0.00532610174031,-4.34853085313,2.87575553053e-05,0.0195004433757,-0.645582956162,1.55061388315e-06,0.00268117050106,1.18653635134,-0.000281772727154,-0.0339706680005,2.22293931189,-2.70214204957e-08,-0.000358599197443,-6.60481030658,1.01839462545e-05,0.0170491710214,1.41890484214,-4.02184023001e-05,-0.035440866522,-3.52287795031,2.25998815232e-06,0.0064884753688,-6.71355941692,1.05801874343e-05,0.0222054991758,-1.36903479617,3.96961987107e-05,0.0189375116656,-0.616430735261,3.5985521817e-05,0.0192286473846,-3.29430059609,8.05678103085e-05,0.0427290911996,-0.258981259474,0.0950159089615,-1.05109533677,-7.44142521036,0.000110315469544,0.0869088577508,0.653327666063,8.67211978033e-08,-0.000279827861432,-0.105298625651,-0.0449397843349,-0.13042629862,-2.82702285329,0.00364060664707,0.313594666653,-3.81807904403,2.9909415753e-05,0.0338289724163,-3.19829776418,0.222864460193,0.485894166292
gradient,20,0.1,0.109999999404,predicted,Actual proposal support boundary; monitored coordinates are pre-native endpoint forecast,True,50,-0.136097124742,0.488001956458,-0.0802535007858,0.0406894147015,0.0784121182299,0.0641118136449,6.49629342996,6.64493701264,-0.044225562268,-0.613566784714,2.40836548679,0.188108421138,0.26353247096,0.258937511699,0.247657862137,0.214518134834,4.66211171555,0.178915782215,0.704811086357,9.55444861332,5.88311103726e-08,0.000312446143352,9.01152998193,1.59512852385e-06,0.00183491851599,9.11191266594,4.59014537439e-07,0.00108376603548,8.17233415282,2.48257600849e-05,0.0116060198454,10.0994374299,2.67916995833e-09,4.31001292207e-05,9.12403439286,4.23188889808e-07,0.00101669829128,8.2213417594,4.26269952872e-06,0.00790568287906,9.20509152965,1.79608886021e-07,0.000709402336096,9.05054078532,5.09318672297e-07,0.0013208438813,8.64173496313,2.44919704534e-06,0.00347626058816,8.17344178298,1.54864633395e-05,0.0110838652881,8.54329609507,4.79597593091e-06,0.00475968879046,4.51510539349,0.203715587924,0.325285313936,8.5179319372,6.00538070512e-06,0.00573268554205,9.46178243553,6.97231255414e-08,0.000347908291797,5.32837244009,0.0516922977771,0.294124049528,7.27761053123,0.000339936524626,0.0690498198079,8.6552316358,2.78403655492e-06,0.0036336149952,5.23463979478,0.0523630098545,0.164369791055,0.476925746289,-0.94724033077,0.823984384537,-2.71726641059,-3.16737148166,0.522166439306,6.83408632394,14.5878824098,2.61141241331,-5.22498184782,-7.24635068936,-0.209870475464,-0.140114394339,-0.510806092188,-0.159076210672,0.142391931827,-0.713698897949,-0.0926166718396,-1.00427002297,-7.72088796999,2.30205657032e-06,0.00778487369915,-3.72305559555,2.63383117293e-05,0.0172447789937,1.44573961459,-3.1987765287e-06,-0.00394942704848,0.337195586657,-0.000178677030811,-0.0147453178998,-0.413437290761,3.16121948242e-08,0.000183848689375,-4.48556163784,9.04308490903e-06,0.0134230846478,0.849725788099,-2.61685371801e-05,-0.0218876295687,-4.03752083183,2.8801925724e-06,0.00784055258148,-7.53874746409,2.8857175509e-05,0.0334901907499,-2.65523184188,6.3841935053e-05,0.0324378458859,0.625741834473,-1.04740215927e-05,-0.0111937383238,-3.73497451873,0.000112352787995,0.0535719060172,-0.373045712384,0.0782285630724,-1.016849829,-9.7001212525,0.000278418143606,0.138625429184,-0.476137622408,6.50983786224e-07,0.00115859997909,1.01886464848,-0.112957064879,-0.285997483203,-2.43206703158,0.0033298019961,0.273539588404,-3.64102750712,3.25676207053e-05,0.0336455076632,-4.39125774613,0.302913279642,0.691373129778
gradient,20,0.11,0.119999997318,predicted,Actual proposal support boundary; monitored coordinates are pre-native endpoint forecast,True,50,-0.127313125619,0.47284372351,-0.0737723587418,0.0116285496569,0.0491734036541,0.0689968242586,6.53705300698,6.79252075522,0.00819766549641,-0.654881538744,2.30341504447,0.18643180371,0.261379410059,0.254885768921,0.247297396776,0.215743497152,4.64828478254,0.178840367321,0.694380457754,9.47402031819,8.66901730379e-08,0.000402543332221,8.98277105074,1.79308556992e-06,0.00196519890485,9.13992283915,3.97048667928e-07,0.00100063510068,8.16963152891,2.42196232493e-05,0.0116111757013,10.0741286704,3.46145471086e-09,4.92745561512e-05,9.10212215015,4.68498840111e-07,0.00108352176541,8.22972188656,4.02744223301e-06,0.00768783130706,9.16394424217,2.11993669842e-07,0.00079376971397,8.98467392286,8.85279425491e-07,0.00166496774913,8.61130200006,3.07391358396e-06,0.0038215278237,8.18142368275,1.54477496126e-05,0.0109331817962,8.49719400154,6.21921868005e-06,0.00542788563232,4.51598417725,0.203121338101,0.317788665255,8.42469211286,9.63256278974e-06,0.00721480055707,9.44624081091,8.16631339793e-08,0.00037405322553,5.33929339869,0.0506426017062,0.290570802866,7.26286460087,0.000361959542987,0.0706760661115,8.63113956461,2.93999409036e-06,0.00384940803335,5.18632973955,0.055582929946,0.170693069511,0.867764792356,-2.04949675697,1.07169854641,-2.79019886255,-2.18997168541,0.33266890874,-0.712733127575,13.461449996,5.77706693035,-3.49635105931,-11.5363846787,-0.144551062221,-0.101439142982,-0.206269185277,0.0603120611183,-0.0902811660148,-2.97450079868,0.237676227884,-0.909304546304,-6.42174517198,2.44690963483e-06,0.00770216398902,-0.972100446112,5.48911782733e-06,0.0038768058614,5.1632374517,-9.80076139009e-06,-0.0146068037932,-0.228458508661,-3.45452126646e-05,0.00041644598894,-1.97099968711,3.21094512584e-08,0.0003380982585,-1.04150728333,1.63721179952e-06,0.00290810797917,1.08138753087,-2.44578187797e-05,-0.0260891797528,-3.93194115374,3.64317179608e-06,0.00889112327726,-4.74768875295,2.77532382668e-05,0.0251557173665,-3.09572169623,6.73211791429e-05,0.0360248521323,0.756064812848,-4.90776006218e-06,-0.0134466620738,-4.56679626628,0.000150330226793,0.0683401241832,0.784187115917,-0.282052930782,-0.396728528812,-6.96476376476,0.000310225681209,0.115344506241,-0.42316272695,1.09820083819e-07,0.000335829899059,1.16217077077,-0.0959141378074,-0.457794061721,-1.28665639523,0.0019166215775,0.141687599902,-1.09905329558,-1.07094995094e-06,0.00878248724542,-4.0148726274,0.264121368559,0.457852657062
gradient,20,0.12,0.129999995232,predicted,Actual proposal support boundary; monitored coordinates are pre-native endpoint forecast,True,50,-0.118741828894,0.447012021318,-0.0588195298576,-0.0151145625496,0.0346126845217,0.0707651918197,6.48203876741,6.91416601256,0.071315776339,-0.683493805901,2.17763779322,0.185217399893,0.2615036881,0.254812127993,0.248864103359,0.212712511513,4.60262169957,0.183669306773,0.686624995431,9.42601370988,1.07769303069e-07,0.000466489423132,8.992087973,1.70491088039e-06,0.00191245463322,9.21517741497,2.62999309637e-07,0.000791629959619,8.16776498264,2.41348558316e-05,0.0116143487652,10.0600174361,3.3213589835e-09,4.98620943907e-05,9.1032042472,4.55933125798e-07,0.00107486045086,8.24296951002,3.77354315312e-06,0.00738389928401,9.12645270658,2.52472321943e-07,0.000887224801641,8.95558701026,1.06438343763e-06,0.00182395822863,8.57982052921,3.7956206282e-06,0.0041967576308,8.18856307924,1.53883081382e-05,0.0108149320466,8.45196016975,7.80258046677e-06,0.00612649127412,4.53078913581,0.198074529308,0.31735074336,8.37863666191,1.22098943293e-05,0.00803957566687,9.45331918099,7.19195272178e-08,0.000354624889778,5.3516158555,0.0497740150209,0.284968168293,7.25187740332,0.000378268956176,0.0718835718059,8.63325056989,2.7626175559e-06,0.00380926474011,5.15434234223,0.0576454372257,0.173526844196,0.220791676346,-0.463990775782,1.37157559395,-3.17543798685,-1.17360237241,-0.0164683186306,-3.70672547095,12.3164444635,5.76353184997,-2.03562912932,-6.98024858398,-0.0811223775714,0.0027869168394,-0.106479846381,0.108380202542,-0.240106018821,-3.82441909174,0.412151206693,-0.72038011505,-3.28828401036,1.48119510906e-06,0.00454163757892,-0.27521413192,1.00339202922e-06,0.000796495600845,8.3528142939,-1.23668665513e-05,-0.0210293947521,-0.650028398358,4.3511837536e-05,0.0127921053957,-0.464366368942,-3.3794263067e-08,-0.0001376608006,-1.09130117321,1.39930371349e-06,0.00296907610416,1.15268905414,-2.10980528366e-05,-0.0255436304142,-3.07794216571,3.7453122531e-06,0.00821376132279,-2.7102882281,1.59364544399e-05,0.0147581294387,-2.05631137829,4.85812536254e-05,0.024392950241,0.448735861107,6.81770026604e-06,-0.00649737972346,-3.0178665789,0.0001118119741,0.0476601147019,1.13297309928,-0.425209865207,-0.111010297023,-4.12467924686,0.000240812422317,0.0758190713281,1.71320307413,-1.52860537548e-06,-0.00358168248586,1.51464804315,-0.108553064968,-0.667166378415,-0.951350228579,0.00119704197082,0.117796031914,-1.33499721502,7.98043495019e-06,0.0128824074463,-2.56544130647,0.157622417764,0.155775792751
gradient,20,0.13,0.140000000596,predicted,Actual proposal support boundary; monitored coordinates are pre-native endpoint forecast,True,50,-0.122897292092,0.463563907994,-0.0463408468628,-0.0518802100801,0.0257013562059,0.068667457886,6.46291849757,7.03884964448,0.123468302496,-0.695594121331,2.16381007279,0.184809356158,0.261435148396,0.252756171993,0.249465000827,0.210941376775,4.57179640071,0.187083391455,0.679972855453,9.40825463798,1.16314075219e-07,0.000493376083799,8.9772667681,1.81315341051e-06,0.00198112881687,9.30697912503,1.49711336903e-07,0.000580047205637,8.15663096094,2.508986e-05,0.0118670178092,10.0648413431,2.78556944952e-09,4.65213401392e-05,9.08029612668,4.96484914381e-07,0.0011429032875,8.25277566764,3.60548117627e-06,0.00717695869878,9.10238539886,2.86899914904e-07,0.000958044940426,8.93046815829,1.20400851429e-06,0.00196013033791,8.57017577249,4.04553865647e-06,0.00430938682852,8.19039839997,1.55841036179e-05,0.0108032342017,8.43683666996,8.45545816205e-06,0.00638108792636,4.53864363924,0.194617140797,0.315568459314,8.34219852792,1.44488112361e-05,0.00873118198363,9.48050487239,5.10910264696e-08,0.000302419575813,5.36958635955,0.0484715404068,0.277227475298,7.24383759629,0.000385900382403,0.0730319867497,8.6044396203,3.09960278936e-06,0.00410705618227,5.13502091343,0.0587353783013,0.173808585366,-0.372601313018,0.430152506159,1.08928585052,-3.77991251647,-1.13976401091,-0.26264749143,-1.13617817613,7.56676024902,4.2271728435,-0.566053726531,-2.05223362661,-0.0273169782468,-0.00135627454963,-0.118062343633,0.0445511922236,-0.115238291854,-2.27487975227,0.304261774938,-0.474240482752,-0.678064365755,2.92930047956e-07,0.00103751434793,-2.38120649594,1.97762087986e-05,0.0120034333471,8.0655997918,-8.07710228716e-06,-0.0167158996385,-1.36662767687,0.000132318959902,0.0333134943755,-0.538781510284,-1.43633884496e-08,-2.95422334692e-05,-3.05273562219,7.31818312233e-06,0.010339887076,0.907343984149,-1.56231045952e-05,-0.0190320683681,-1.92124274431,2.88250688295e-06,0.00580131348035,-2.27447804472,1.40824497623e-05,0.0127607410017,-0.254559627103,8.55037637482e-06,0.00218743334563,0.220657907189,3.46569931072e-05,-0.00156812212869,-0.525730561822,2.5833377887e-05,0.00951064534524,0.733527992105,-0.271441226851,-0.16420217368,-3.19488749515,0.000201715926171,0.0620984144806,1.60802254535,-1.28197893812e-06,-0.00324955626841,1.97921689138,-0.142695061929,-0.624514415207,-0.837478236711,0.000789753138762,0.122692438507,-3.41294156035,4.87268010596e-05,0.0377646112684,-1.40634748634,0.0760233447282,-0.00537221221625
gradient,20,0.14,0.149999991059,predicted,Actual proposal support boundary; monitored coordinates are pre-native endpoint forecast,True,50,-0.126193855155,0.455615071442,-0.0370338128471,-0.0907128128791,0.0118174043036,0.0655122419911,6.45931520388,7.06550121754,0.155859233209,-0.694814880431,2.13659312068,0.184671060328,0.26147656261,0.25245088112,0.249755127204,0.210407745676,4.55712410453,0.189754542271,0.677140185776,9.41245242256,1.13627904028e-07,0.000487239710091,8.94446384308,2.10043505636e-06,0.00215252330016,9.37648941081,1.01457263894e-07,0.00045731196685,8.14043242911,2.67812350297e-05,0.0122806186527,10.0492418059,3.03409121451e-09,4.92712497213e-05,9.04214953475,6.02296788245e-07,0.00128165819238,8.2611163897,3.46108106122e-06,0.00700325791665,9.08802785169,3.10122459602e-07,0.00100325107125,8.91009744937,1.34603243288e-06,0.00207917304867,8.57472933667,3.9666281557e-06,0.00424050629772,8.19297623738,1.60814480004e-05,0.0107835696041,8.44144555851,8.31924802452e-06,0.00631670418102,4.54545969565,0.192645704771,0.314066699886,8.314738912,1.62442128527e-05,0.00928154395648,9.4854796319,4.62799484554e-08,0.00028963376441,5.39120019333,0.0469201137824,0.272477879989,7.23512783859,0.000394064018952,0.0743374205761,8.56499173868,3.73715357709e-06,0.00456455696547,5.1262153925,0.0591659041202,0.173419399952,0.198960115328,-0.930293028143,0.703180074692,-3.99470388889,-1.94755190611,-0.355007803842,-2.0158027575,-0.0759721236504,2.91578446156,1.0823000096,-4.23363358798,0.0318907604088,0.0374528935098,0.0215612246812,0.0412507788705,-0.0527543936054,-0.9070113957,0.226090321632,-0.147630662018,0.681250585632,-3.68158579688e-07,-0.000997121739189,-3.81019685182,3.71857737836e-05,0.0210971325273,7.14489348911,-4.13938070203e-06,-0.0113456160845,-1.70981460311,0.000194799685459,0.0440317628618,-1.89742666291,3.58614179719e-08,0.000376045514723,-3.72172535398,1.17555069004e-05,0.0143776905023,0.379550681951,-8.9733143531e-06,-0.00883155769685,-1.06568776339,1.72959006633e-06,0.00337577356041,-1.34509967058,1.17878960441e-05,0.00836261847313,0.739162577155,-1.51792353386e-05,-0.0105294843962,0.779606516323,1.28561843664e-05,-0.0147308821505,1.21811646312,-4.14428960742e-05,-0.0181586046334,0.810512099675,-0.211113000081,-0.111832540587,-2.13988436529,0.000144398449501,0.0434230456171,-0.360893513647,-1.07224782898e-07,-2.90992919833e-05,1.75522161221,-0.128013067561,-0.409249738567,-0.973093333559,0.00107244761863,0.140354351656,-3.73133537027,6.72443540399e-05,0.0447590346734,-0.63412518397,0.0394264312724,-0.0105326780356
gradient,20,0.15,0.159999996424,predicted,Actual proposal support boundary; monitored coordinates are pre-native endpoint forecast,True,50,-0.118918089785,0.444958047431,-0.032277245369,-0.131774287858,-0.0132496819162,0.0615673018092,6.42260244242,7.03733020201,0.181783991727,-0.673948121139,2.07913740103,0.185447171367,0.262184206266,0.253187396487,0.250290016404,0.209886288903,4.5536561728,0.191605197887,0.677020242212,9.42187964969,1.08950903625e-07,0.000473433649015,8.90106283106,2.55686888618e-06,0.00240307146741,9.44987699481,6.69237228621e-08,0.000353134883946,8.12243466888,2.89858537092e-05,0.0127476530665,10.0268928098,3.50279780896e-09,5.40422504336e-05,9.0058616196,7.31595052389e-07,0.00143045709754,8.26036668128,3.42601488921e-06,0.00700032754484,9.08107164359,3.2149171623e-07,0.00102556041163,8.90356616488,1.43976643517e-06,0.00212738270737,8.58495902403,3.7419539497e-06,0.00409879714059,8.2059905303,1.58412273052e-05,0.0105086165587,8.46119899922,7.62660024057e-06,0.00601791583369,4.55485388123,0.190394880796,0.313331808503,8.29940084062,1.73367802261e-05,0.00959964289598,9.47328700212,4.89465308116e-08,0.000301837589973,5.4046907918,0.0459112790556,0.269042480526,7.22437572962,0.000407349334776,0.0758390737829,8.5298129129,4.44448987016e-06,0.00500223687574,5.12233840975,0.0595239069267,0.173597931805,0.142155751821,-0.254101915389,0.615249991417,-3.00879868865,-1.6255632937,-0.301057247936,-3.44721230505,-1.14377560007,3.0950130419,2.09473181755,-5.05866905553,0.0479709340305,0.052017193209,0.0529450350163,0.0445528387221,-0.034777234078,-0.6417384856,0.231413867011,-0.0488411879998,0.348814035673,-1.64809700091e-07,-0.00048799896191,-3.4487916051,3.88423053301e-05,0.0205962182672,6.36268902933,-2.6100846026e-06,-0.00828628588816,-0.889013387885,0.000105370181497,0.0223537812846,-2.77576489278,6.39697939742e-08,0.000625915503391,-2.55835951264,9.46305542996e-06,0.0107513735222,0.190534189335,-6.35080674656e-06,-0.00504907284571,-0.773782709056,1.33961890096e-06,0.00256439457601,-0.126787163277,4.94801891768e-06,0.00158739872816,0.788056122456,-1.80340427841e-05,-0.0108784743766,0.663904936399,5.52332947842e-06,-0.0128247333996,0.794441732864,-2.71800914761e-05,-0.0120068419738,1.19357944214,-0.256807291992,0.04389187908,-0.84105870257,6.09514496616e-05,0.0174390267897,-1.770215744,4.38055919053e-07,0.00185478529082,0.905636797111,-0.0676757197661,-0.299019062856,-0.695358286665,0.000807636531784,0.0998032192591,-2.78194752053,6.19674523491e-05,0.0358078469357,-0.223011956622,0.0201380973569,0.0153935065834
gradient,20,0.16,0.170000001788,predicted,Actual proposal support boundary; monitored coordinates are pre-native endpoint forecast,True,50,-0.123350740118,0.450533033134,-0.0247288130188,-0.150888786652,-0.0206938615704,0.0594910970324,6.39037095778,7.04262570554,0.217759494047,-0.65292024408,2.03541973957,0.185630479009,0.262516906474,0.253509781821,0.250646183978,0.209712200995,4.54428933482,0.194382819612,0.676163362016,9.41942870328,1.10331710027e-07,0.000477479730853,8.87548801098,2.87728116297e-06,0.0025644476655,9.50374319139,4.9255571842e-08,0.000291586249086,8.12265216135,2.88886386596e-05,0.0127276942784,9.99372650808,4.31348709399e-09,6.17895597891e-05,8.9909823445,7.91557896844e-07,0.00149668566282,8.26492707348,3.33406492629e-06,0.00690227645973,9.07255219751,3.36914837621e-07,0.00105453896277,8.9075617061,1.44499281123e-06,0.00211092102323,8.59049045912,3.60594730002e-06,0.00402293681018,8.20625433611,1.61919145899e-05,0.0105270749361,8.45733439317,7.77564619499e-06,0.00607656734155,4.56933128449,0.187509558931,0.314944537468,8.29791773795,1.7463241846e-05,0.00963032449228,9.45007531702,5.50410668365e-08,0.000326729470226,5.40931292927,0.045566599387,0.266497498732,7.22122067285,0.000410216749587,0.0763334849613,8.50935278827,4.97650262407e-06,0.00528071390419,5.12175515337,0.0595686660674,0.173727270084,-0.0673808954942,-0.354062878216,0.570683956146,-1.48838700354,0.152072459459,-0.248694232949,-2.96620043127,1.51053730958,3.10930171356,2.30535855494,-4.69553864152,-0.0056506343793,0.0100961315139,0.0121619734751,0.0362520338907,0.00946056267192,-0.797161605015,0.265291129416,-0.0682926923459,-0.22922760532,1.17908080415e-07,0.000353815848515,-1.15554512764,1.40705676856e-05,0.00716243377848,4.90452674274,-1.44375310637e-06,-0.00528433210656,0.33664515972,-5.55041330476e-05,-0.00934319382575,-3.44400817818,9.42604220249e-08,0.000848672201582,-0.440553790782,9.03444801546e-07,0.00161838903257,0.329218976652,-4.99232598645e-06,-0.00628583472987,-0.188211745188,4.58405949703e-07,0.000731315084401,0.0483632321811,-3.05187676098e-07,-0.000281583856482,-0.293939296165,4.18584522002e-06,0.00272837680963,-0.200215474394,4.43261312051e-05,0.0066810436489,-0.141547704237,3.18992328997e-06,0.00211765855518,1.24647089994,-0.228860064979,0.187567483298,-0.53880011765,3.63823415785e-05,0.011584009344,-2.3086157049,5.89638687133e-07,0.00244756869883,0.0150905778719,-0.00550581741159,-0.241700920026,0.0910866803305,-0.00030080105529,-0.00283551480352,-1.14091856447,2.79364976728e-05,0.0158598460963,-0.184268204101,0.00388423044487,-0.0317691828043
gradient,20,0.17,0.179999992251,predicted,Actual proposal support boundary; monitored coordinates are pre-native endpoint forecast,True,50,-0.120265707695,0.437876789867,-0.020863566246,-0.161542027929,-0.0102082327271,0.0565934171502,6.36327843379,7.0675409482,0.243970025998,-0.62784095004,1.9852266282,0.185334158679,0.262386128897,0.253430635956,0.251015057082,0.210075500156,4.5377129407,0.196911020476,0.675654388365,9.41729509759,1.11309065234e-07,0.000480509965985,8.87795192851,2.83828023989e-06,0.00254632014298,9.54796752966,3.80486607348e-08,0.000247448241815,8.12916757208,2.78757710482e-05,0.01256078919,9.95801264625,5.38800624945e-09,7.10156944653e-05,8.99705054379,7.4966394842e-07,0.0014628248782,8.26695106081,3.32616836948e-06,0.00687461085024,9.07730740869,3.30659835224e-07,0.00104018671332,8.90453342953,1.43366268165e-06,0.00212175103024,8.57908023811,3.8256708541e-06,0.00415336467679,8.20198622081,1.67277499293e-05,0.0106422374317,8.45836804514,7.69039870637e-06,0.0060602690048,4.57978329923,0.185817679496,0.317083158169,8.28862483826,1.80644270577e-05,0.00983132308286,9.42711468802,6.07393045543e-08,0.00035078896395,5.40499260335,0.0458011627074,0.264208462126,7.22619746323,0.00040133331367,0.0757823634868,8.50699454161,5.00321982362e-06,0.00531943379767,5.11865304566,0.0596015915356,0.172962548149,0.0648895743154,0.744207908048,0.264801383018,-0.712364330888,0.715035170317,-0.196715524034,-2.7288072507,2.8508434625,1.83258842418,1.40583775001,-3.7022015556,-0.0350603399502,-0.00741023085828,-0.00595452648571,0.0364625852299,0.0273737081202,-0.362619704961,0.159110045374,-0.0429521121961,-0.0758149431033,1.61371676922e-08,7.96113605631e-05,0.687553005057,-9.42287458941e-06,-0.00460154957405,3.22392954926,-7.68874652382e-07,-0.00310315234182,0.192112554747,-5.51913556133e-05,-0.00377908760033,-2.69099372276,8.4373750554e-08,0.000709147739509,0.58438024556,-4.03576678312e-06,-0.0033170624539,0.140289037962,-8.30229042822e-07,-0.00206752677198,0.0770959405158,2.88715272243e-08,-0.000150814741277,-0.0734182894427,-2.56794192251e-06,-0.000172258959058,-0.732376319787,1.28581499926e-05,0.00827981070966,-0.230867955916,3.46036318155e-05,0.00660276334706,-0.0572996329439,-1.59333205144e-06,0.00087662137439,0.674957170828,-0.105231946248,0.153624924487,-0.295633142249,1.40086365767e-05,0.0065634035123,-1.61022891725,3.90369191153e-07,0.00165909353986,-0.140527332179,0.00712287636697,-0.149284261423,0.366912858743,-0.000625168532852,-0.0425449187852,-0.375853875435,4.65563419899e-06,0.00566529058282,-0.178004839223,0.00124160818551,-0.0184349650442
gradient,20,0.18,0.189999997616,predicted,Actual proposal support boundary; monitored coordinates are pre-native endpoint forecast,True,50,-0.122052948632,0.465417191295,-0.0194327853584,-0.16513607327,-0.00639315816402,0.0555567865518,6.33579481277,7.09964257479,0.25441126253,-0.62480348908,1.96137570846,0.18492927221,0.262368701857,0.253390691291,0.251375435683,0.210259675157,4.53703694072,0.197565020519,0.675304319772,9.41791240442,1.1065445338e-07,0.000479071958064,8.88923907108,2.68882367118e-06,0.00247241667402,9.56822178238,3.38780787944e-08,0.00022952320225,8.12649441244,2.77848115473e-05,0.0126521125264,9.93990663363,6.00096210507e-09,7.59725145793e-05,9.00266994941,7.10842561182e-07,0.00143034441375,8.26773285424,3.31746034543e-06,0.00686092592429,9.07409411632,3.37492268166e-07,0.00105152266794,8.90609334031,1.39363397278e-06,0.00210747584405,8.57584293272,3.86311029987e-06,0.00418853302438,8.20163697699,1.68839872263e-05,0.010659130203,8.45618840051,7.74377955397e-06,0.00609409976904,4.58283042791,0.185404920006,0.318017035958,8.29200507511,1.77434145775e-05,0.00976159256252,9.41787073867,6.28484506596e-08,0.000359911341023,5.40650238263,0.0457090569144,0.263511813504,7.22855893003,0.00039771337893,0.0754825865856,8.50183571076,5.06961530805e-06,0.00539401971584,5.11819505659,0.0595934982311,0.173358570783,-0.248203684268,1.76533770345,0.0211355686188,-0.251717627048,0.332095474005,-0.0753185931825,-1.76787736934,1.70699202947,0.908967243194,0.150559593187,-2.16727229568,-0.0289767745121,0.00261471412296,-0.00532725991681,0.0349649815948,0.0171008145049,0.13979025171,0.0192745089504,0.0122503725453,0.159501089473,-9.72393404728e-08,-0.000271730986872,0.906146844473,-1.22398831833e-05,-0.00601168688018,1.52387146945,-3.13301463361e-07,-0.00136421703493,-0.044819587779,-2.69718813468e-05,0.00259557743396,-1.15527618414,4.04405181475e-08,0.000317684417624,0.389414899597,-2.67717152949e-06,-0.00221412810972,0.0174619671719,-5.67657314346e-07,-0.000385499544249,-0.366668563888,8.13845275921e-07,0.00135350491105,-0.0911429388079,-2.36980979674e-06,2.92443849513e-05,-0.373363259031,5.51229379437e-06,0.00418259919021,0.0213505166087,7.60591726612e-06,9.211828893e-05,-0.286033492918,8.98556970689e-06,0.00444391781049,0.152992814611,-0.00646881725512,0.0849542612997,-0.0451613511015,-2.1234521065e-06,0.00118330064438,-0.573049019106,1.15065446477e-07,0.000532812315004,0.240776559806,-0.0139045047108,-0.0183228180002,0.412970448484,-0.000679879726079,-0.0488884251269,-0.36934406168,5.64616504035e-06,0.00538677383548,0.23553145876,-0.0153186959796,0.0477201262547
gradient,20,0.19,0.199999988079,predicted,Actual proposal support boundary; monitored coordinates are pre-native endpoint forecast,True,50,-0.125229781381,0.473183543936,-0.0204408548737,-0.16657638047,-0.00356632324696,0.0550870452866,6.3279208864,7.10168078879,0.262149370862,-0.624829758176,1.94188118228,0.184754623189,0.262438423179,0.253324090758,0.251714356714,0.210417516447,4.54050874573,0.197296510655,0.675899395816,9.42048511938,1.09364278424e-07,0.000475075346248,8.8960748654,2.59348257622e-06,0.00242608640538,9.57844495905,3.17826314675e-08,0.000220163901116,8.12827118032,2.73363334213e-05,0.0126127007386,9.93490712257,6.1968166124e-09,7.73693828178e-05,9.00483884178,6.9612051783e-07,0.001418542316,8.26730030016,3.3148152232e-06,0.00686690085936,9.06997403741,3.46936740743e-07,0.00106725681154,8.90271057075,1.38626648571e-06,0.00212233591794,8.57161297293,3.93591672999e-06,0.00423701666059,8.20241323114,1.68798682747e-05,0.0106440797974,8.45264737528,7.87011010051e-06,0.00614914736101,4.58284315552,0.185688303151,0.318782243395,8.28772161124,1.80219580155e-05,0.00985498909574,9.41565370764,6.30406134839e-08,0.00036144521025,5.40980813455,0.0455230726131,0.263842005766,7.2344568722,0.000387735719148,0.0748045949843,8.49960766038,5.11614312442e-06,0.00542716927437,5.12336367484,0.059295217616,0.173916950674,-0.188705024166,-0.21185218933,0.254323244095,0.18164267391,0.374955683947,-0.032404657514,-0.104579432971,0.527653643534,0.777053792117,0.246783736273,-1.76839778214,-0.0243398369312,-0.00687314388797,-0.0153095172778,0.02316121602,0.0180637599507,-0.091541772831,0.0473376967579,0.0277341693075,-0.16137117172,1.32388732582e-07,0.000252360227948,0.749532191546,-9.63250849937e-06,-0.00482024986212,0.864421088186,-1.71587787207e-07,-0.000770000825042,0.329150512511,-4.84507044452e-05,-0.00832697825341,-0.597276582164,2.33740605825e-08,0.000173974900782,0.269266236213,-1.32428353057e-06,-0.00133398948386,0.310148707859,-5.68545457791e-06,-0.00639592623794,-0.620243833911,1.25364806681e-06,0.00222128345956,-0.576456823492,2.28747309183e-06,0.0032084466068,0.0246110164056,-2.79742646677e-06,-0.00035428364146,-0.423105309671,3.37854578012e-05,0.0107087336517,-0.766417294408,2.67721095759e-05,0.0116974779202,0.435348256118,-0.0594532217071,0.141618918273,-0.251006330168,1.63767543137e-05,0.00550415835717,-0.660308270459,2.10414837234e-07,0.000788537993736,0.120988097258,-0.00551539653793,0.0383932616336,0.317152074686,-0.000530497709169,-0.0368412485672,0.208452871642,-5.57008387721e-06,-0.00270802314162,0.242639676635,-0.0106590161325,0.0339815575119
gradient,20,0.2,0.209999993443,predicted,Actual proposal support boundary; monitored coordinates are pre-native endpoint forecast,True,50,-0.125827049115,0.461180147508,-0.0143463204765,-0.161503219792,0.00110595551491,0.0549086934015,6.33370322411,7.11019564766,0.269952338373,-0.619867814354,1.92600775282,0.184442475471,0.262231238979,0.253084500945,0.251838660003,0.210620950356,4.53520610526,0.198511774454,0.675859003159,9.41468498098,1.13302228032e-07,0.000484119162623,8.90422971491,2.49617350119e-06,0.00237601167678,9.58551020414,3.04463230503e-08,0.000214123185749,8.13307742269,2.68157974584e-05,0.0124855729614,9.92796110199,6.46844331672e-09,7.94520125949e-05,9.00805527414,6.8435689057e-07,0.00140366462407,8.2739358284,3.20375125387e-06,0.00673300739953,9.06168923964,3.62565229502e-07,0.00109594833713,8.89456420384,1.43938343462e-06,0.00217164477618,8.57633515305,3.80716177053e-06,0.00418144735155,8.1931748708,1.75596963823e-05,0.0108733048761,8.44086005462,8.27922174548e-06,0.00632804932744,4.59153739303,0.184215855572,0.320849414323,8.2869849485,1.80709496638e-05,0.00987167572967,9.40466457326,6.70567474042e-08,0.000375682100898,5.40892214457,0.0455987489836,0.264279678736,7.23490197152,0.000387103424747,0.0747457616142,8.50600476819,4.95821363051e-06,0.00533985925301,5.12304785012,0.0593803179084,0.174038201933,0.0197976728323,-1.53443974759,0.415574073791,0.433114685118,0.269394099712,-0.00725333751902,1.16563534752,-0.291417633583,0.474605550913,0.277392332379,-0.806372154515,-0.0258322881098,-0.0026270808716,-0.0161109136165,0.0140010177584,0.0147909173196,-0.333655526173,0.0856604804431,-0.0185251166383,-0.51688972961,3.88168406605e-07,0.000838038195845,0.60020499125,-7.57501279845e-06,-0.00382139391332,0.272727640175,-6.75049216478e-08,-0.000278284823322,0.452326056672,-5.22545269714e-05,-0.0115920049437,-0.0624660662559,3.11122977363e-09,1.76088325538e-05,0.0300911461305,-1.93129178591e-07,-0.000247976927741,0.498252175281,-7.78618771757e-06,-0.0099901403207,-0.553071920755,1.13279910639e-06,0.00199749840865,-0.58629272295,3.70297909121e-06,0.00352956797103,0.373420168125,-9.40408359842e-06,-0.00435345772835,-0.684062610007,4.95122098556e-05,0.0170256996834,-1.06418234822,4.01744197142e-05,0.0164654639698,0.567163068855,-0.101717664419,0.155331598677,-0.0579328880226,3.24359740635e-06,0.00128761840242,-0.511642376795,1.86014284496e-07,0.000665754719566,-0.254768530163,0.0156363555195,0.0525330872646,0.0780249008929,-9.72743109105e-05,-0.0114025476563,0.228088747927,-5.56084031874e-06,-0.00295011801485,0.126472472809,-0.000914484500926,-0.00128362763219
gradient,20,0.21,0.219999998808,predicted,Actual proposal support boundary; monitored coordinates are pre-native endpoint forecast,True,50,-0.124833827924,0.442494748984,-0.0121293733978,-0.157914086767,0.00182155874729,0.0549419785362,6.35123359335,7.09585243612,0.27164148188,-0.619281911528,1.92575373919,0.184237977427,0.262385881562,0.253001872485,0.251994377069,0.210713334793,4.53383563521,0.199009720264,0.675528893484,9.41014732478,1.17127646556e-07,0.000491836110165,8.90807896522,2.44198232025e-06,0.00234965852711,9.58389951186,3.04325330346e-08,0.00021459820465,8.13731770145,2.62912428818e-05,0.0123808606398,9.93365780124,6.25904120788e-09,7.77215594688e-05,9.0054406647,6.92257934258e-07,0.00141358277745,8.27726534366,3.15909146884e-06,0.00666709805294,9.05891259899,3.6959272287e-07,0.00110720677972,8.89098471629,1.46032606754e-06,0.00219292727736,8.57908137629,3.74783505802e-06,0.00414994750602,8.18873197894,1.78701124718e-05,0.0109845937911,8.43136372831,8.67359849479e-06,0.0064784566404,4.5941864169,0.183653949863,0.321888875368,8.28656295348,1.80868299637e-05,0.00988074146379,9.4054208601,6.67608991738e-08,0.000374760304641,5.40471276395,0.0458357997235,0.264892667511,7.23601737022,0.00038579023293,0.0745765440311,8.50416943533,5.00492631805e-06,0.00536816691408,5.1258931243,0.059276927926,0.173891278122,0.442918086329,-1.98823454236,-0.0216820240022,0.325825625099,-0.390310049057,-0.00815702298706,3.29913094204,-1.72933117261,-0.392359028285,-0.389453895316,0.965037719202,-0.032986960393,0.0118066350759,-0.0255365217615,0.00136207829592,0.0210661797087,0.21154794265,-0.0378049653779,-0.0810645889776,-0.742028013289,5.71145650455e-07,0.00124171890142,-0.539719373317,5.67292852395e-06,0.00309363090248,-0.69230425315,8.09708343748e-08,0.000452696721137,0.165405258607,-4.0827593174e-05,-0.00284414998588,1.33058938275,-4.80396064128e-08,-0.00038801226148,-0.978784239133,3.61850596747e-06,0.00415784604084,0.145319485207,-2.16729673649e-06,-0.00306459651875,-0.0481438533882,1.57811417021e-07,0.00020354266075,-0.373738999308,3.7973878931e-06,0.00254363315457,0.552722352687,-1.11084295001e-05,-0.00663196857943,-0.277576135763,2.19398987243e-05,0.00722730916402,-0.568054059961,2.18604575251e-05,0.00868735665171,-0.156923414154,0.0148663148396,0.0142067016218,-0.176105679274,1.2960716644e-05,0.00383898981812,1.01132777934,-3.66343128852e-07,-0.00131171458028,-0.771709157461,0.0457583153111,0.0939084444813,0.0169830489828,9.79013570367e-05,-0.00964011281882,-0.983969414119,2.3110833077e-05,0.01419930893,-0.203185764318,0.0160417876914,-0.00936261966518
gradient,20,0.22,0.229999989271,predicted,Actual proposal support boundary; monitored coordinates are pre-native endpoint forecast,True,50,-0.116968687389,0.421415456661,-0.0147799609566,-0.15498670729,-0.00670024546623,0.0547455529417,6.39968584295,7.07560902421,0.262105157807,-0.627656892261,1.9453085072,0.183782736263,0.26246737168,0.25257377051,0.251865901569,0.21104227395,4.53943706411,0.197755675147,0.674237711379,9.39984442072,1.24725141041e-07,0.000508953540651,8.89343532745,2.60963207167e-06,0.00243788429483,9.57166411908,3.20657397378e-08,0.000223177120172,8.13638552787,2.5999245595e-05,0.0124286899616,9.95457288964,5.50765118847e-09,7.16917673653e-05,8.98847958935,7.5672700992e-07,0.00148682154488,8.27684221811,3.16040531914e-06,0.00667171546916,9.06072636257,3.65721457842e-07,0.00110001919035,8.88708942386,1.51533119248e-06,0.00222251743928,8.5873896001,3.58499318053e-06,0.00404880797996,8.18762334808,1.79984943568e-05,0.0110178510593,8.42949897342,8.71643089598e-06,0.00650179646047,4.58839892475,0.184513181869,0.321133548355,8.28346283492,1.83301639967e-05,0.00994845552603,9.42489112885,5.97298848272e-08,0.000349447809292,5.39348796143,0.0465139152898,0.266157847626,7.2352416325,0.000389061451888,0.0745529593578,8.48632537991,5.42043029205e-06,0.00562384543161,5.11898413483,0.0597011536623,0.17385094954,0.455041073827,-2.31495465326,-0.227959036827,0.165624924004,-1.41070190072,-0.101475027341,4.09244267827,-10.4149693364,-0.155683256835,0.568518976091,-3.66357096105,-0.0613188660819,0.196182630998,0.0769771909565,0.154221066328,-0.101432683677,-0.379972806386,0.111006588095,-0.145069907481,-1.13133370351,1.03620272454e-06,0.00197504344066,-1.67484970621,2.01346549367e-05,0.0103850136119,0.0659024014555,-1.13442265023e-07,-0.000279740170589,0.626305760483,-0.000103817601734,-0.0135933827254,3.63062895689,-1.07155850275e-07,-0.000932771910237,-1.18738847862,5.03578712978e-06,0.00535282062115,-0.0408877365729,-8.56736635089e-07,-0.000555544320716,0.394105717944,-6.29972575307e-07,-0.00119010904054,-0.514281628748,7.32942853496e-06,0.00384004334844,0.560927789929,-1.34755016776e-05,-0.00761615413744,0.44662088527,-1.97574579049e-05,-0.00997575207019,-0.257646781901,-5.15717554259e-07,0.00241038524715,0.0392292118282,-0.109372283442,0.280182033854,-0.55188114428,4.23487158277e-05,0.0120439358775,2.55512447021,-8.38418715657e-07,-0.00309431807165,-1.83734398037,0.119745887798,0.285683785282,0.429240324864,-0.000339224338473,-0.0731700482291,-1.06781920176,2.6783074001e-05,0.0156505175511,-0.249279169177,0.0311145639063,-0.0536409979025
gradient,20,0.23,0.239999994636,predicted,Actual proposal support boundary; monitored coordinates are pre-native endpoint forecast,True,50,-0.115733006448,0.396195655919,-0.0166885541344,-0.154601588287,-0.0263924792671,0.0529124779893,6.43308244692,6.88755304939,0.268527816744,-0.607911532007,1.85248231997,0.183011600105,0.266309534182,0.254541416305,0.255078798396,0.208684681119,4.52623617908,0.201229852026,0.672627495334,9.38752065071,1.37851701047e-07,0.000531336978978,8.8745819711,2.84467541899e-06,0.00255735879935,9.58521755989,2.81636877341e-08,0.000209003401238,8.14984381666,2.42148908472e-05,0.0121089929853,10.0062703804,4.11592420238e-09,5.90661212641e-05,8.98169289513,7.92973676854e-07,0.00152063918987,8.27644758893,3.14195673614e-06,0.00665598716653,9.06679471335,3.56993271364e-07,0.00108340459891,8.88069908372,1.60691463824e-06,0.00226972814433,8.59029993209,3.47832502447e-06,0.00399762442327,8.19766439665,1.74749633137e-05,0.0107850787497,8.42621079268,8.66328414371e-06,0.00652666434535,4.59497100113,0.181466504194,0.327492516045,8.2755253306,1.89338042802e-05,0.0101216201813,9.45652334951,4.99925248606e-08,0.000312873943208,5.36796588434,0.0482307174795,0.270606343217,7.24460217671,0.00037900574616,0.0731131430666,8.4828130513,5.54058779807e-06,0.0056811772651,5.12090754091,0.0598992192041,0.172818458164,-0.420691709925,-1.47981333855,-0.180044293404,0.0170505261048,-1.5314848423,-0.237783715402,7.61024347863,-24.4630702694,1.44924133403,3.00635282152,-12.2164782929,-0.0332646381286,0.329896139714,0.321203775342,0.284548560378,-0.234391863623,-1.39173118202,0.35131297191,-0.059150349259,-1.50546694584,1.69186028528e-06,0.00283358961031,-2.74446565605,3.58647781336e-05,0.0177672760081,1.68023016316,-3.62096186191e-07,-0.00147508418697,3.67202937107,-0.000393625981681,-0.0899507290928,5.98518431525,-1.41034860052e-07,-0.0013336625114,-1.0796224825,6.43718783807e-06,0.00566015860197,0.164035895795,-4.0219014831e-06,-0.00519427258567,0.786473467023,-5.99183091254e-07,-0.00167769648874,-1.68067428035,1.99548746332e-05,0.0116792508548,0.0516123464499,-8.74251296304e-06,-0.0034781406545,0.590545446575,-2.59942843112e-06,-0.0121014330581,-1.54063839937,4.2623714662e-05,0.0213808812779,1.26539952616,-0.414697436967,0.808309594925,-2.02425259094,0.000167834544791,0.0451224161395,3.04486333467,-8.58149411805e-07,-0.00335754350392,-3.53542880951,0.255040859071,0.675769214761,1.52773574354,-0.00175775077326,-0.214395239154,-0.244017731793,1.36336654318e-05,0.0047234561106,1.544435561,-0.0694307296567,-0.101906628981
gradient,20,0.24,0.25,predicted,Actual proposal support boundary; monitored coordinates are pre-native endpoint forecast,True,50,-0.125382521587,0.39181918989,-0.0183808468246,-0.154645696768,-0.0373299423122,0.0499898786337,6.55189071252,6.58634761882,0.291089984488,-0.56752983583,1.70097894134,0.183117443501,0.269065294475,0.258997846017,0.257556872777,0.206354436678,4.51160244047,0.204781934585,0.673054704394,9.3697350818,1.58562346747e-07,0.000565625332857,8.83854601433,3.32692763434e-06,0.00279322981499,9.60526872234,2.48238160139e-08,0.000193675436433,8.20982611529,1.81267259613e-05,0.0106296753798,10.0742765759,2.68695398743e-09,4.50185171374e-05,8.9668871397,8.85470766681e-07,0.00160002471692,8.28012293602,3.07996728948e-06,0.00656783001744,9.07645583192,3.53737796017e-07,0.00106646526057,8.85347593825,1.91442868515e-06,0.00245610245637,8.58842184703,3.41014292127e-06,0.00397924516687,8.19943425701,1.79465057881e-05,0.0107758223982,8.39868620544,9.56890518922e-06,0.00692941408603,4.61370691527,0.176219233129,0.337299740254,8.2429777831,2.16868548925e-05,0.0108509038488,9.48578839554,4.25668965911e-08,0.000282296939214,5.32277938524,0.0516147324713,0.279673231921,7.26579634737,0.000353906436422,0.0702650545748,8.48144502528,5.69310360068e-06,0.00571831455382,5.14987284605,0.0583125390691,0.17181281696,-0.995159407072,2.78261472578,0.367647051811,-0.62217502296,-2.23564431071,-0.315614591533,12.7966816233,-28.2876218745,2.82971004948,3.93700481489,-10.3606607987,0.0720995460919,0.221393895411,0.398128292862,0.156892337847,-0.222153259647,-1.22862883616,0.390057444291,-0.110399086698,-0.693510530199,1.03239309248e-06,0.00137356250803,-4.95553198887,7.67829773109e-05,0.0348414970559,2.53559640082,-3.86825769043e-07,-0.00180013971085,4.56128669084,-0.000430614793045,-0.110104512074,8.47703568375,-1.34927884439e-07,-0.00147007037391,-2.90882626413,1.6455869755e-05,0.0149291156077,0.498059325127,-9.0817443181e-06,-0.0108290520601,0.350139916091,8.79581816389e-07,0.000242647282087,-2.56432250731,3.41026757968e-05,0.0184947804804,0.624828439662,-1.95325853811e-05,-0.0105354182654,-1.16050922898,0.000164018413578,0.0333829440625,-1.26707360369,1.80358476964e-05,0.0139168513408,2.39833304576,-0.621631536026,0.741088966024,-3.28323489663,0.00031183626118,0.074797257908,4.09631229629,-9.68213054018e-07,-0.00414743751591,-3.40169384266,0.254962419018,0.664125666149,1.00880581795,-0.00110375394788,-0.143153682816,-1.58025786615,5.96015113341e-05,0.0248290154488,2.51402256444,-0.135642888099,-0.0174553737626
gradient,20,0.25,0.259999990463,predicted,Actual proposal support boundary; monitored coordinates are pre-native endpoint forecast,True,50,-0.135636194589,0.451847950435,-0.00933561309815,-0.167045088747,-0.0711053654814,0.0466001861587,6.68901607938,6.3218006119,0.325122017733,-0.529171435709,1.645269104,0.184453591027,0.27073741209,0.262503982162,0.258216645153,0.204241615926,4.50166360236,0.209031000911,0.6704195136,9.37365044011,1.58499562897e-07,0.000558808229138,8.77547133132,4.38033496521e-06,0.00325418874047,9.6359294879,2.04271723533e-08,0.000173000607021,8.24106955048,1.56025949863e-05,0.00990690274379,10.1758110941,1.4173665136e-09,2.96647137858e-05,8.92351636985,1.12209107195e-06,0.00181922150202,8.28640877543,2.96032184978e-06,0.00643940612533,9.07379751167,3.74584907692e-07,0.00108825754455,8.82941263357,2.28896815417e-06,0.00263962375394,8.60279650088,3.08767331684e-06,0.00378691605797,8.17445421207,2.07553315852e-05,0.011452737631,8.4008693206,9.02400109764e-06,0.00680500137216,4.64293766205,0.169033873473,0.342314295366,8.20986063266,2.51705295038e-05,0.0116175653395,9.53844959543,3.06282637803e-08,0.00022992519289,5.29993200749,0.0533299658598,0.28388885654,7.26477829307,0.000356930667203,0.0702500694102,8.45120789398,6.73261802475e-06,0.00617775757408,5.1711879922,0.0571863614422,0.172469350688,-0.893242965837,3.18286240067,0.518100619316,-0.811251975596,-2.85071317106,-0.214944078692,10.0482854488,-16.9514320018,2.67232485293,2.75802115874,-2.927150953,0.0606715706426,0.09765769851,0.230035359714,0.047509617401,-0.136678403757,-0.449140152897,0.224883951876,-0.264595956817,-0.369255315854,5.27662404549e-07,0.000679549656424,-4.70258038474,8.30415439582e-05,0.0353252094278,1.99454063767,-2.86731905286e-07,-0.00135785080431,1.59115796881,-0.000136406149966,-0.036758882212,7.33260769246,-8.09360034458e-08,-0.00102156060925,-3.20140923652,1.80279780055e-05,0.0164463893947,0.225020094673,-4.57992810504e-06,-0.00483099922414,-0.187456322598,1.11528083321e-06,0.00125098163588,-1.20128503826,2.33668240436e-05,0.00991366878732,1.17748457197,-2.49347418159e-05,-0.0152939354037,-1.79447586786,0.000202179548541,0.0489084802054,-0.18777124535,-2.20024504222e-05,-0.00277677933713,1.97799641432,-0.496572185887,0.254885329155,-1.93951332784,0.000221536110688,0.0442333683307,3.84915330721,-8.06371459564e-07,-0.00363820885874,-1.73318149621,0.131158967357,0.305904700307,0.0126141946686,4.85936227604e-05,-0.00961370809198,-2.91716627665,0.000103867321033,0.045293712696,0.795067453561,-0.0323235721492,0.0617117257028
gradient,20,0.26,0.269999980927,predicted,Actual proposal support boundary; monitored coordinates are pre-native endpoint forecast,True,50,-0.143247380904,0.455476437903,-0.00801883443833,-0.170870736279,-0.0943442057335,0.0456909970598,6.7528564215,6.24731897878,0.344536481546,-0.512369412655,1.64243592228,0.184330874914,0.271018448445,0.263598553211,0.258507065125,0.203620868603,4.50261963742,0.209279613622,0.667762785257,9.36234997548,1.69115594838e-07,0.000579216325986,8.74449440663,4.9877585135e-06,0.00349973400355,9.64515953509,1.90891779082e-08,0.000166518420346,8.24164927466,1.5398602962e-05,0.00989449773554,10.2209287298,1.06823391851e-09,2.45873049523e-05,8.90285895497,1.24603032679e-06,0.00192895250482,8.28462333791,2.98836872738e-06,0.00647121003296,9.07270670546,3.76043412681e-07,0.00109148489329,8.82945023748,2.38176516602e-06,0.00265437583212,8.61197153847,2.91144808495e-06,0.0036733664588,8.16354473966,2.1990096759e-05,0.0117539920023,8.39493078053,9.12885618078e-06,0.00687387849929,4.65326684356,0.166287789412,0.342397446837,8.20418751654,2.61175771062e-05,0.0117355712154,9.56277146169,2.64394673998e-08,0.000209532762039,5.28811575531,0.0542379118184,0.285791325927,7.26604863127,0.000354878308878,0.0700727804129,8.42310169974,7.77045002135e-06,0.00662418880774,5.16577419513,0.0576660676261,0.173047051474,-0.352627704474,0.684728447038,-0.00180888175958,0.397124394774,-1.69676782936,-0.00919927211115,5.27709100469,-4.95193158485,1.38102091184,0.872458891992,0.95908142416,-0.0225325991769,0.0145588000975,0.0686448729624,0.00790468302039,-0.0443197836429,0.480592268787,-0.0689192953576,-0.132798822808,-1.48145055072,1.4378663598e-06,0.00279045002259,-2.68566480749,5.69046517627e-05,0.0221224829403,0.119129438328,-4.55362015943e-08,-0.000177847229379,0.384227785074,-4.03270857253e-05,-0.00906000271253,3.20704108481,-2.3264986587e-08,-0.000344063241574,-1.58096715451,1.01681414218e-05,0.00864693286101,-0.0780888027602,1.44775740343e-06,0.000946838214216,-0.105596808197,-5.60965028727e-08,0.000160705847343,0.53588213386,2.57555667729e-06,-0.00223678181233,1.10468943247,-1.9292643902e-05,-0.012674034702,-0.836764269805,9.14936681821e-05,0.0229479994106,-1.45460845882,5.73675018964e-05,0.0235939357407,0.600854505463,-0.144439812507,0.0109443499907,0.202973481693,9.1161119106e-06,-0.00655865497427,1.74874171445,-2.68182081727e-07,-0.00135294224843,-1.09934792008,0.0915697604637,0.240185851404,0.209235678445,-0.000279381366592,-0.0274070102288,-2.46351370946,0.000101576930332,0.0401168100657,-0.433917806204,0.0378205390058,0.0398173596726
gradient,20,0.27,0.280000001192,predicted,Actual proposal support boundary; monitored coordinates are pre-native endpoint forecast,True,50,-0.142688748678,0.465542519375,-0.00937179073334,-0.159102600851,-0.105040722069,0.0464162007165,6.79455789948,6.2227619802,0.35274243597,-0.511722257869,1.66445073248,0.184002939043,0.271028588092,0.263876879621,0.258374738813,0.203355220254,4.51127544773,0.207652615004,0.667763537144,9.3440214291,1.87256890093e-07,0.00061461722959,8.72175803517,5.51842800046e-06,0.00369663839927,9.63831207667,1.95164483214e-08,0.000169443662434,8.24875410618,1.47960532718e-05,0.00972570268954,10.2399519157,9.52066781857e-10,2.27834489543e-05,8.89189702676,1.32545390039e-06,0.00199216015924,8.28484699938,2.98927699785e-06,0.00645834288961,9.07168557551,3.73462977635e-07,0.00109147166149,8.84013027625,2.34047928772e-06,0.00259488811769,8.62489028953,2.70182043881e-06,0.00353343536393,8.15771892667,2.25852049489e-05,0.0119116976192,8.37177715143,1.01713511356e-05,0.00727688008698,4.65495475216,0.166145077223,0.342533182366,8.2139201023,2.5352851742e-05,0.01148639224,9.57342442972,2.52646221457e-08,0.000202866347922,5.27794504908,0.0551613610691,0.288692573568,7.26896300664,0.000351343039871,0.0697019292057,8.40193761979,8.76415663139e-06,0.00698009377539,5.16250963608,0.0579427722223,0.173265697882,0.365568197666,-2.25413956358,0.24565923214,0.939363330603,-0.568424232304,0.16789907116,3.68511682116,-1.26421719074,1.37950989731,-0.242702031359,3.67351939337,-0.027924118496,-0.00325095414725,0.00610912083332,-0.0292027870144,-0.0219475278594,0.181142643765,-0.0289085009503,-0.0715806383243,-0.746637136122,8.29873808749e-07,0.00149664543919,-2.1582426806,5.2820959376e-05,0.019088255831,-0.768410219396,6.87203647596e-08,0.000416661831089,0.42967904236,-3.49965823693e-05,-0.00996931507259,1.74683302669,-1.04522738707e-08,-0.000164601013038,-0.640480377608,4.72960824632e-06,0.00364526272842,0.587334376737,-9.81391517969e-06,-0.0119339205406,-0.773010947466,1.43825924326e-06,0.00262293088992,0.678861428402,-2.01111717113e-08,-0.00330240030615,0.877796980466,-1.3518751486e-05,-0.00901920968375,-1.25198294879,0.0001235653677,0.0338616919851,-1.412032739,5.96150998717e-05,0.0238815024837,0.385871078473,-0.0629305793392,0.0425087281093,0.441383024078,-1.67179940824e-05,-0.0122182291065,0.898808900565,-1.16756565337e-07,-0.000640389050626,-0.0830872757707,0.014512905302,0.157005312458,-0.0337338907634,-0.000108474737913,0.0135084635455,-1.69833450188,8.72379201575e-05,0.0289595059214,0.0672318839601,0.000318732444299,0.00738069617481
gradient,20,0.28,0.289999991655,predicted,Actual proposal support boundary; monitored coordinates are pre-native endpoint forecast,True,50,-0.135936016951,0.410393646632,-0.00310564979554,-0.152083469667,-0.10571269038,0.0490489784831,6.82655875792,6.22203463497,0.372126679492,-0.517223453283,1.71590631015,0.183772392544,0.270953429362,0.263720735628,0.257923009384,0.203181918045,4.50624249029,0.208701443603,0.666331172491,9.34741723276,1.85713071013e-07,0.00060914923477,8.70132955302,6.04417770102e-06,0.00388149912017,9.62979133071,2.04635852034e-08,0.000174851656968,8.25024285551,1.46986713146e-05,0.00969511143409,10.2558653903,8.59188441097e-10,2.12952846915e-05,8.89004934742,1.34062249172e-06,0.00200185775939,8.29637002545,2.79209042379e-06,0.00623253162215,9.05724648651,4.04808597546e-07,0.00114394351109,8.84302746605,2.38136294258e-06,0.00258832782599,8.62952747808,2.64107305523e-06,0.00349298226512,8.13850508068,2.4461404113e-05,0.012431225842,8.36669012575,1.03211581782e-05,0.00735150854896,4.66098426513,0.165029177825,0.343247621399,8.21301517702,2.57832172246e-05,0.0114912066333,9.5807476397,2.41043360931e-08,0.000196724981027,5.2864540098,0.0545281699244,0.288931432176,7.26537395345,0.000352708814119,0.0703429496838,8.38913500971,9.5152084245e-06,0.00720337892617,5.1671188328,0.057672442275,0.173194665398,0.168023070463,-2.75993019475,0.391985654831,0.510746449232,-0.314914084971,0.171715291709,2.29565159186,-0.540738109571,1.3172306717,-0.42642077716,2.94087528436,-0.0138022768829,-0.00443710602346,-0.00704373386696,-0.0237269278671,-0.0130670766095,-0.300934362659,0.0447571929622,-0.0947783884512,-0.000493092642273,7.17814434672e-08,4.09736127337e-05,-1.19233532483,3.06864963482e-05,0.0107770531772,-0.586858955759,6.71081529285e-08,0.000378869154702,0.0427534116673,-5.30185759164e-06,-0.000991489897669,1.41251145204,-7.86620852818e-09,-0.000128415203111,-0.199659204659,1.4489297418e-06,0.00108324544571,0.676159296064,-1.13175874064e-05,-0.0132952901347,-0.969867477707,2.07269019234e-06,0.00348667324497,0.274160262988,1.12828315909e-06,-0.00109550843106,0.303886083014,-3.52223115787e-06,-0.00255927133909,-1.13367512241,0.000111936779178,0.0308046747033,-0.641181835769,2.53418759638e-05,0.0105488475696,0.359902271985,-0.0786431602664,0.0203150497211,0.0166166762669,1.77482558761e-05,-0.0013410510469,0.750652088191,-1.13558353966e-07,-0.000596689657876,0.50260923057,-0.0338893988694,0.0534980043747,-0.202600263223,4.93246120454e-05,0.0372551377624,-0.9040123449,4.93211331241e-05,0.0157425866849,0.179473024136,-0.0104209911857,0.00924619127285
gradient,20,0.29,0.299999982119,predicted,Actual proposal support boundary; monitored coordinates are pre-native endpoint forecast,True,50,-0.139328287269,0.410343915481,-0.00153207763672,-0.148887671866,-0.111339003768,0.0498505065506,6.84047093132,6.21194721801,0.379087049404,-0.520250673412,1.72326823817,0.183726893506,0.270939845971,0.263736004944,0.257900200256,0.203093878721,4.50525676048,0.208547758863,0.665867969375,9.34401156724,1.88692518962e-07,0.000615436701845,8.69791132868,6.13215792742e-06,0.00391217946282,9.62657489755,2.085861138e-08,0.000177021045528,8.24960917442,1.46900161199e-05,0.00970587289158,10.2682021448,7.94742611293e-10,2.02151448921e-05,8.88790384266,1.35443249523e-06,0.00201382506816,8.2983701853,2.76292524972e-06,0.00619243708692,9.05228822596,4.14916781481e-07,0.00116120512639,8.84561348151,2.3630449509e-06,0.00257297794907,8.63096801119,2.63137581565e-06,0.00348224993714,8.13504542422,2.48239405324e-05,0.0125277911132,8.35895351471,1.06781886548e-05,0.00748785703837,4.6621527976,0.164572214018,0.34293948336,8.21425243582,2.57078168596e-05,0.0114595712191,9.58843747149,2.29934550664e-08,0.000190932554764,5.2879972337,0.0544835730917,0.289762533655,7.26491100138,0.000352329532112,0.0704470319609,8.38385737289,9.75057929387e-06,0.00729494550909,5.16609909656,0.0577343523986,0.173450621707,-0.862628196856,4.22109738597,0.0308566093446,0.442062169313,-0.383619055152,0.0792293243759,1.74904282925,-0.852623681488,0.255382680513,-0.631148460716,1.08760603713,-0.0067266988143,-0.00530660647904,-0.00817295322457,-0.00759485950159,-0.00551369040638,0.0859075053777,-0.0523168738859,-0.0185511245574,-0.310002581471,2.92997217958e-07,0.000579322693365,-0.331369918135,8.74851032911e-06,0.00302511110209,-0.697089092186,7.98503280333e-08,0.000445103146861,-0.000983072725887,-2.34792093739e-06,-0.000147702135839,1.35410767898,-6.75219893804e-09,-0.000115170245982,-0.165201782487,1.28368993629e-06,0.000987585445507,0.174581715839,-2.85966138056e-06,-0.00356823671548,-0.394734683174,8.41208129901e-07,0.00140620939361,0.134488086665,-5.72599263353e-07,-0.000710751088356,0.139813190192,-1.39926073717e-06,-0.00116332501917,-0.333503097246,3.48651116559e-05,0.00923743030791,-0.506716091313,2.14659552961e-05,0.008658038616,-0.164599753443,0.00539213584004,-0.0452946807184,0.0373649443138,3.8991639737e-07,-0.00104343545732,1.1005023852,-1.54830423084e-07,-0.000819355773584,0.025213112665,0.00284339827536,0.0889521824631,-0.0201573777417,-2.83654329611e-05,0.0054972930043,-0.332453921435,1.70588322559e-05,0.00578965412277,-0.173857147691,0.0119688020378,0.0101342577552
gradient,20,0.3,0.310000002384,predicted,Actual proposal support boundary; monitored coordinates are pre-native endpoint forecast,True,50,-0.153188580888,0.494815594351,-0.00248851760864,-0.143242226281,-0.113385071483,0.0506335649706,6.86153961451,6.20498216134,0.377234333103,-0.529846422497,1.73765843089,0.183637858567,0.270847297232,0.263557276564,0.257771112194,0.203071644237,4.5079606404,0.207655106126,0.66596015,9.34121718113,1.91573015372e-07,0.000620735688637,8.69470215466,6.21914790761e-06,0.00394200134221,9.61584954886,2.20605917641e-08,0.000183753719905,8.25022319406,1.46517128959e-05,0.00969215739137,10.2829475439,7.24144462336e-10,1.89918797719e-05,8.88674531177,1.36629629044e-06,0.0020216094683,8.29986165977,2.73489719617e-06,0.00616116688784,9.04935179285,4.21632760144e-07,0.00117206769896,8.84571722779,2.36991095732e-06,0.00257411280423,8.63232374188,2.61308784049e-06,0.00346971576474,8.13183501874,2.51587063461e-05,0.0126159744481,8.35655580392,1.07504772841e-05,0.00752466932128,4.65769227006,0.165137020542,0.342341727785,8.21376247591,2.57910155525e-05,0.0114703379242,9.6027576874,2.10077276314e-08,0.000180337865555,5.28695827205,0.0545850378899,0.290710475826,7.2649708059,0.00035214150546,0.0704528955439,8.38248593128,9.85638506962e-06,0.00731917200863,5.16364168985,0.0579118183158,0.173397350553,-0.684634449627,3.69030968135,0.00317287445064,0.572210490704,0.212841957808,0.0672220954056,1.49148747788,-0.421109698236,-0.0759361520272,-0.787180054178,1.17125049376,-0.00870432915459,-0.00567520422392,-0.0108685730593,-0.0106600098979,-2.89682497545e-06,0.120204477767,-0.0406610863379,0.0394714815489,-0.112960948491,1.02280397695e-07,0.000199670686115,-0.147948876559,4.55898990281e-06,0.00148088225288,-0.711130050362,7.71781107259e-08,0.000434691453393,0.45552989506,-2.78949143071e-05,-0.0101628741198,0.843414673549,-4.11931178039e-09,-7.14339315354e-05,0.0539565267367,4.8082869909e-08,-0.00016893444744,0.261760520512,-3.70923054885e-06,-0.00483254147172,-0.110614209706,3.39767834567e-07,0.00046916644849,0.0216505472368,5.86838076435e-07,2.09524061646e-05,0.0168187398525,-1.1753131913e-07,-4.51526095361e-05,-0.486687500465,5.17437499711e-05,0.013426457188,-0.280254321811,9.35395624235e-06,0.0044304697447,-0.346033185983,0.0451928234116,-0.0143848390412,-0.00790401864441,6.15906721525e-06,-2.75034827885e-05,0.996834184028,-1.49336482505e-07,-0.000785042542643,-0.241468607247,0.017788230802,0.0509587974576,-0.112292052393,0.000250075350748,0.00923282084687,0.127501894994,1.59619246686e-06,-0.00204508276164,0.123797645129,-0.00832161653217,-0.00888006497794
gradient,20,0.31,0.319999992847,predicted,Actual proposal support boundary; monitored coordinates are pre-native endpoint forecast,True,50,-0.153020976262,0.484150109107,-0.00146862014771,-0.137443462052,-0.107082164612,0.0511949484588,6.87030068087,6.20352502405,0.377568326364,-0.535994274496,1.74669324804,0.183552806923,0.270826341887,0.263518633482,0.257687000058,0.203093820785,4.50766085003,0.207734537137,0.666657399006,9.34175234827,1.90738126916e-07,0.000619430115567,8.69495235115,6.22333772548e-06,0.00394179710787,9.61235229655,2.24021735945e-08,0.000185714874595,8.25871977232,1.41321178338e-05,0.00950261540919,10.2850704383,7.12356375686e-10,1.87864662614e-05,8.8889829732,1.35539415262e-06,0.00201044637921,8.30360539571,2.68874063874e-06,0.00609578625749,9.05007594176,4.21712138173e-07,0.00117058845536,8.84604649245,2.37478171243e-06,0.00257339699719,8.63130438599,2.62902518927e-06,0.00348134688495,8.12531167421,2.58588155319e-05,0.012796320257,8.35334842827,1.08652677797e-05,0.00757646643326,4.65523213388,0.165476070486,0.342651786579,8.21409435545,2.58309982039e-05,0.0114590211494,9.60837415517,2.00067254163e-08,0.000175231703911,5.28316786155,0.0548393377078,0.290781709604,7.26266516033,0.000357331039127,0.0706316883779,8.38640741079,9.78250314321e-06,0.00725404385385,5.16857504946,0.0575679200679,0.173273020408,-0.161561366214,0.174277495488,0.277156472206,0.302211821079,0.837963759899,0.115493687233,0.211267230331,0.036279527087,0.491558631031,-0.855966881899,1.29040746307,-0.00020079230781,0.000101708976674,0.000481707909453,-0.006630376638,-0.00765799751265,0.0168528284337,0.0436971872901,0.110703679626,0.687207580422,-7.03491132539e-07,-0.00135139783331,0.0204429471581,8.22067008973e-07,5.33551124175e-05,-0.120647550202,1.68786041048e-08,8.05245980041e-05,1.06711138754,-6.71989089806e-05,-0.0238098392232,-0.335509278463,1.40612597204e-09,2.48440449536e-05,0.220516813489,-1.36787923737e-06,-0.0012044773226,0.658103573817,-8.31488232605e-06,-0.0117099359866,-0.234342471501,5.3414121684e-07,0.000921763209098,-0.109750682483,2.22538354465e-06,0.000910423075818,-0.0762041968956,4.74584235539e-07,0.0006661483188,-0.665486199344,7.21638957507e-05,0.0184936242338,-0.55594937288,2.63531880977e-05,0.0101321523533,-0.0623907944186,0.021715702129,0.0487103974457,0.00994565152121,4.44786069465e-06,-0.000511168180453,0.0077604212666,-1.81148374027e-08,-7.86072450029e-05,0.561965176174,-0.0367501269995,-0.0141146350074,-0.345673668187,0.000633252035729,0.0337267289672,0.379608456004,-8.58980103187e-06,-0.00627579810944,1.1244352667,-0.0685175663752,-0.0183560673767
gradient,20,0.32,0.329999983311,predicted,Actual proposal support boundary; monitored coordinates are pre-native endpoint forecast,True,50,-0.156419808212,0.498301144261,0.00305461183548,-0.13719798986,-0.0966257962847,0.0529434387152,6.86576495911,6.20570775188,0.387065505723,-0.546965760135,1.76346658016,0.183633842721,0.270849331412,0.263566910722,0.257638504661,0.202918484287,4.50829769697,0.208529049871,0.668174223592,9.35496133274,1.77503192721e-07,0.000593707731971,8.6951110136,6.23558924779e-06,0.00394306844446,9.61343659786,2.23981638462e-08,0.000185364211865,8.27156542181,1.33077347163e-05,0.00921596060691,10.2762373583,7.52266981777e-10,1.9488760671e-05,8.89115564804,1.3389387057e-06,0.00199751992184,8.31302373124,2.56859954965e-06,0.00592696816811,9.04466494342,4.32315584481e-07,0.00119050296314,8.84352221414,2.41441862821e-06,0.00259232126574,8.63079965795,2.6225795252e-06,0.00348303873111,8.11852529475,2.66019842611e-05,0.0129858469328,8.34543681646,1.12775410461e-05,0.00772731236835,4.65644445417,0.165571334584,0.343315935734,8.21396138894,2.58799727664e-05,0.0114601145605,9.60291289583,2.06454308834e-08,0.000178765720655,5.29819757557,0.05385003535,0.290428183125,7.25805733253,0.000364806546175,0.0711274301233,8.3900781004,9.68458904898e-06,0.00719365604644,5.18613039518,0.0565414669883,0.173030229205,-0.165133200683,-0.0829126824074,0.445005357265,0.309344410896,0.64356559515,0.112388231712,-0.187249826329,1.20114743454,1.11579942326,-0.291701591965,0.856033888137,-0.012098694741,-0.00984307506263,-0.00949639051535,-0.00491305103676,-0.00263757564688,-0.221117733843,0.0772580647667,0.0428269702661,0.341536529109,-3.56992589291e-07,-0.000683630864887,0.0402654875998,2.24983606421e-07,-0.000147543365224,0.229890215827,-1.27592132134e-08,-0.000109436280721,0.775989616874,-5.12145891315e-05,-0.017252982301,-1.1730697468,5.91970137137e-09,0.000101532526449,0.264757802366,-1.79225163146e-06,-0.00149845718412,0.65204230491,-7.94527097453e-06,-0.0115219356698,-0.626391651662,1.41687323848e-06,0.00237803369465,-0.0334355233622,1.57260314094e-06,0.00046396759639,0.0962019133271,-2.17422792033e-06,-0.000971267032316,-0.742537764839,8.17590396412e-05,0.0208301874026,-0.989592045685,5.14539574762e-05,0.0186953444979,0.48365376978,-0.0592372432342,0.0955536199264,0.200857326116,-1.85749290251e-05,-0.00490259740479,-0.921333828336,1.21881942849e-07,0.000660535450901,0.722520503738,-0.045513709482,-0.00506759607309,-0.198876206924,0.000341978146922,0.0198750048161,0.210409610174,-4.05038741675e-06,-0.00335388495532,0.850371634443,-0.0480750132842,-0.00383278022064
gradient,20,0.33,0.340000003576,predicted,Actual proposal support boundary; monitored coordinates are pre-native endpoint forecast,True,50,-0.156323640275,0.482491855459,0.0074314869976,-0.131256573834,-0.0942108527088,0.053442713093,6.86655568435,6.22754797274,0.399884314829,-0.541828306335,1.76381392581,0.183310833028,0.270629480386,0.263328705672,0.257588739037,0.203041069272,4.50323849536,0.209279698432,0.667513938411,9.34858307885,1.8359827513e-07,0.000605757498269,8.6957576609,6.22783739761e-06,0.00393884624057,9.61695010086,2.21469893302e-08,0.000183526148981,8.27423956465,1.31078260512e-05,0.00915755576316,10.2616090433,8.30750403113e-10,2.08171167904e-05,8.89427812925,1.31954911999e-06,0.00198047723553,8.31664624181,2.52983521925e-06,0.00586534754409,9.03754810873,4.50049602942e-07,0.00121814912926,8.84537778198,2.40623377525e-06,0.00258267634912,8.63322842426,2.58554063086e-06,0.00346192154431,8.11046091892,2.74939963247e-05,0.013212924005,8.33355658736,1.18943469292e-05,0.00795037332322,4.66490520927,0.164291325621,0.344562858978,8.21811150197,2.54594996234e-05,0.0113609692013,9.5899474786,2.24443642733e-08,0.000188442412929,5.29761827163,0.0539290635181,0.290680357683,7.25868763619,0.000364170602065,0.0710291884742,8.39061560299,9.70149539487e-06,0.00718696615475,5.18558248215,0.0566064198022,0.173196364803,-0.402794699318,-1.15643073573,0.312625765801,0.669900238514,0.0956062376499,0.0454369169661,0.162456127922,1.12336220668,1.08714735157,0.370876907624,0.351548483811,-0.0168317732966,-0.0128742252449,-0.014797258534,-0.0034845735193,0.00582071034719,-0.284134065037,0.0438092123008,-0.0357818973732,-0.581660016394,5.51491581433e-07,0.00109747097007,0.102926664471,-1.87931505921e-06,-0.000787601926542,0.140549575726,-1.15253475738e-08,-8.03693165461e-05,0.276696892994,-2.03773418349e-05,-0.00609812360112,-0.529244558617,2.89311852497e-09,4.92099366644e-05,0.315994995557,-1.83073858185e-06,-0.00168891257438,0.26714325756,-2.78586032641e-06,-0.00461224390746,-0.491337801335,1.188755971e-06,0.00186976601952,0.371461357934,-2.99678816726e-06,-0.00222585879545,0.198601255097,-2.90805856039e-06,-0.00168396006394,-0.793850643677,8.92803792617e-05,0.022682895518,-1.09755236637,5.8712419236e-05,0.0207929043834,0.597432963775,-0.093022530132,0.0953743186291,0.548638120381,-5.49221032144e-05,-0.0130371143313,-0.623762623038,8.81494920283e-08,0.000469684118691,-0.126670447414,0.013056319492,0.042509990203,0.0752070779591,-7.34817751803e-05,-0.0115046866584,-0.00817836095752,4.50579943455e-06,0.000384075974195,-0.0159704092999,0.00363400665063,0.0175432429822
gradient,20,0.34,0.34999999404,predicted,Actual proposal support boundary; monitored coordinates are pre-native endpoint forecast,True,50,-0.164475702199,0.475172529546,0.00930712715149,-0.123799985089,-0.0947136715317,0.0538521770545,6.86901408167,6.22817499601,0.408808452755,-0.539548221982,1.77049754983,0.183297207255,0.270591846907,0.263270965551,0.257568813191,0.203034898494,4.50261501567,0.209405234117,0.667458585645,9.34332813241,1.8853302435e-07,0.000615657151372,8.69716954689,6.1980029466e-06,0.00392731640593,9.61624758937,2.21676568947e-08,0.000183756825534,8.27709935967,1.29001878796e-05,0.00909399813489,10.2656524672,8.10129352276e-10,2.04729594043e-05,8.89747554795,1.30232393406e-06,0.00196374167036,8.31836659639,2.51288234312e-06,0.00583472328996,9.03483818739,4.56090703901e-07,0.00122789828354,8.8509514413,2.35448286486e-06,0.00254780408984,8.63477168305,2.56441835399e-06,0.00344935952983,8.10264828187,2.83875918463e-05,0.0134395048432,8.32348576914,1.24517894308e-05,0.00814317045602,4.66839311345,0.163710883982,0.345223422106,8.22493415135,2.47815307021e-05,0.0111993722739,9.59043764337,2.24084207239e-08,0.000188159403029,5.29566416662,0.0541111617398,0.29127838293,7.25956147409,0.000363336910671,0.0708973363901,8.38991453318,9.77470503767e-06,0.00720133756592,5.185810987,0.0566141471213,0.173381094065,0.0691627445276,-1.03487747444,0.264980018139,0.452328383922,-0.0666788518429,0.0671309153422,0.796792803755,-0.470397326769,0.891999597241,0.0200502870291,0.653426318184,-0.00160496332897,-0.00232412688348,-0.00365254597242,-0.00332554156577,-0.00431849210044,-0.235958499834,0.0451681220388,-0.0337730343503,-0.286189849758,3.04612931828e-07,0.000574542808041,-4.48213636446e-05,4.42601545324e-07,7.70712073498e-05,-0.118828591968,9.61581450676e-09,6.99357813223e-05,0.175214882419,-1.25759950211e-05,-0.00382907171256,0.738435975178,-3.78866768255e-09,-6.40829828806e-05,0.252946974047,-1.67587715918e-06,-0.00143903587538,0.341299278704,-4.55194777277e-06,-0.00614374588098,-0.407629469947,9.47762107089e-07,0.00153699287054,0.186766964917,-1.88308416746e-06,-0.00118567131521,0.0237351860139,-3.90605876794e-07,8.44434567602e-05,-0.72882893446,8.34521939745e-05,0.0213124163082,-0.680112219386,3.60069343687e-05,0.0127488039736,0.328679250692,-0.0685328909017,0.045238576635,0.187687781702,-2.26080739774e-05,-0.00423293821321,0.27299153323,-3.87824202011e-08,-0.000214837261857,0.0900790024394,-0.00519864779436,0.0283564783058,-0.00912859275297,-4.99908384873e-05,0.00433852678023,0.0371575294313,-1.92551553538e-06,-0.000542985084369,0.0610339666235,-0.00314835507473,0.000458502376556
gradient,20,0.35,0.359999984503,predicted,Actual proposal support boundary; monitored coordinates are pre-native endpoint forecast,True,50,-0.154940385385,0.461794305971,0.0127310873604,-0.122210006156,-0.0955444297457,0.0547853313998,6.88249154042,6.2181400262,0.417724306774,-0.541427300594,1.77688245217,0.183278733761,0.270582997848,0.263255654753,0.257522228206,0.20295469943,4.49851932536,0.210183060873,0.666838477724,9.34285928186,1.89690533767e-07,0.00061724835443,8.69575676447,6.23668942851e-06,0.00394038766472,9.61457352902,2.23393056203e-08,0.000184924864607,8.2777438623,1.28563061508e-05,0.00908097432891,10.2763777628,7.54977049462e-10,1.95354571327e-05,8.89933706873,1.28603157681e-06,0.00195169651802,8.32347222738,2.4387962638e-06,0.00574247262647,9.02939551933,4.69004845084e-07,0.00124888898667,8.84911312128,2.3685720919e-06,0.00255896292281,8.63370312798,2.57772851332e-06,0.00346361041344,8.09588434023,2.91630402042e-05,0.0136391723312,8.31995434297,1.26144856166e-05,0.00820534940269,4.67147879429,0.162920667803,0.34546763051,8.22186525761,2.50073381438e-05,0.0112763104371,9.59540730927,2.16687158693e-08,0.000184145667692,5.29941985167,0.0538250905622,0.291247487249,7.25850506434,0.000363170785296,0.0711159590098,8.39135875358,9.66298508416e-06,0.00717610645306,5.18680316148,0.0565434527007,0.173205534851,0.693509317613,-1.03775805699,0.296458423138,0.484571754932,0.318437933922,0.109490078562,0.973193371765,-1.17911280886,0.527517349603,-0.814822693124,0.370040400959,0.00544046956678,0.0019980027506,0.000198857921825,-0.00270453488132,-0.00397666251357,-0.108122710916,0.0511599105201,0.0455101193993,0.0668490946008,-4.97984916712e-08,-0.000117886044861,0.299686627065,-6.97619920298e-06,-0.00254732616991,-0.340591581347,2.78868036427e-08,0.000186983820441,0.475938741075,-2.3372600393e-05,-0.0098870470428,1.1951058988,-6.05837971158e-09,-0.000104624930439,0.465709356869,-2.85836550723e-06,-0.00253150772534,0.603276804541,-7.66744220957e-06,-0.0104524780052,-0.438677028918,1.0860036883e-06,0.00171823438701,-0.10109751774,8.76006419158e-08,0.000458240222418,-0.221469280048,3.6152291224e-06,0.00262964083576,-0.72837721916,8.41693869034e-05,0.021615491084,-0.638669498374,3.37809107581e-05,0.0120630126287,-0.0803076542159,-0.00889832908359,0.00698851293104,-0.100682909019,3.60113813049e-06,0.00274025834417,0.897962611282,-1.33723797246e-07,-0.000721276088682,0.288982651648,-0.0203976568459,0.0179657982039,-0.138222461229,0.000116536859322,0.0217247765404,0.722701736818,-3.06184751507e-05,-0.0121820640211,0.361552006016,-0.0246285769004,-0.0172274092884
gradient,20,0.36,0.370000004768,predicted,Actual proposal support boundary; monitored coordinates are pre-native endpoint forecast,True,50,-0.150605515846,0.454417368407,0.0152362956142,-0.114108549991,-0.0883449128532,0.0560419786258,6.88847794911,6.20459273984,0.419358799747,-0.555844675845,1.77789835785,0.183406016647,0.270631806962,0.263274942709,0.257514722493,0.202955365244,4.50045256145,0.210428432328,0.668368788033,9.3446651143,1.87537054516e-07,0.000613299430475,8.70316327943,6.05847896254e-06,0.00387636988253,9.60943575775,2.27253929676e-08,0.000187496501943,8.28661813449,1.24327358717e-05,0.00889625719403,10.2895545851,6.88961758045e-10,1.83804607955e-05,8.90678973509,1.24515662391e-06,0.00191311151585,8.33043213248,2.35953349893e-06,0.00562567372985,9.02606464682,4.77810777667e-07,0.00126226297128,8.84892949094,2.3562348777e-06,0.00255696889428,8.63034229745,2.63672293644e-06,0.00350195234655,8.08808073749,3.00709795844e-05,0.0138718146649,8.31071237917,1.3127407646e-05,0.00838443070859,4.66678696036,0.1635329174,0.345363192365,8.22292049317,2.48535534647e-05,0.0112541774408,9.60839689559,1.9733944779e-08,0.000173733881255,5.30144381966,0.0537032086029,0.291637698894,7.25679702487,0.000365667647857,0.0713318319209,8.40436856791,9.16233553466e-06,0.0069576962855,5.19304202712,0.0561215755833,0.173036545879,-0.01277460367,-0.726797205185,0.0137706995011,0.282440930605,0.394512340426,0.0666833391309,0.738266953913,-1.0362914003,-0.156165877631,-1.11965739615,-0.100403278593,0.00430262707896,0.000432316687492,-0.000493171298052,0.000582447559719,0.00203795271719,0.300651523523,-0.0243917073761,0.106375787707,0.231252501386,-2.14440172606e-07,-0.000446996931039,0.410091408997,-1.01646889274e-05,-0.00360692913683,-0.440254832555,4.02382334548e-08,0.000244250002897,0.334080762724,-1.24084579793e-05,-0.00672769562139,0.986065742073,-4.77210566667e-09,-8.42734340771e-05,0.292903582624,-1.41015992218e-06,-0.00143133944288,0.323399926309,-3.70561374804e-06,-0.00543197851977,-0.126974590321,3.20765185296e-07,0.000508254235488,-0.252884526784,1.16978753451e-06,0.00135421741131,-0.338882524641,5.19304360318e-06,0.00348981408798,-0.29507956473,3.72000560966e-05,0.00887678634998,-0.290456951851,1.58771482325e-05,0.00558152990848,-0.519425445119,0.0711382197191,-0.0344098370501,-0.253966242445,1.99251412518e-05,0.00633623550676,1.10924479442,-1.55312650592e-07,-0.000846231318783,0.241027278751,-0.0158278884437,0.0222643270602,-0.0673323807997,0.00011943841498,0.00767644143743,0.808576387187,-3.37703378628e-05,-0.0136053500366,0.294977753791,-0.0201595563979,-0.0151192602533
gradient,20,0.37,0.379999995232,predicted,Actual proposal support boundary; monitored coordinates are pre-native endpoint forecast,True,50,-0.155195877458,0.447258361867,0.0130065013504,-0.116561187544,-0.0876541829371,0.0561189981825,6.8972568795,6.1974141982,0.414600989221,-0.563820448517,1.7748743866,0.183364786303,0.270591644182,0.263245791327,0.257533877157,0.202995458484,4.50453235583,0.209695226725,0.668965993478,9.34748433189,1.85401730314e-07,0.00060830841581,8.70395859265,6.03339564997e-06,0.00386824908198,9.60576843237,2.31440702894e-08,0.000189809864665,8.28442547756,1.26081369912e-05,0.00894642041649,10.2960990777,6.59534936129e-10,1.78499884512e-05,8.90519514038,1.25782837837e-06,0.00192306972916,8.32994022591,2.36468398884e-06,0.00563383305607,9.02685602752,4.7542014879e-07,0.00125905407138,8.84405543075,2.39196784259e-06,0.00258604727104,8.62692547749,2.68158938539e-06,0.0035334066952,8.08998274893,2.99070413261e-05,0.0138167080582,8.31414520394,1.29320285812e-05,0.00831698000086,4.66109028539,0.164343432198,0.344779433769,8.21678593276,2.54058409688e-05,0.0114030351472,9.61759220515,1.85624628574e-08,0.000167221041316,5.30424039725,0.0535085327934,0.29169277379,7.25715841672,0.000365559553595,0.0712694878385,8.40753028133,8.98757832691e-06,0.00690399945233,5.19270271656,0.0561402615728,0.172903149646,-0.46636887919,-0.263547944056,-0.182147324085,-0.313772559166,0.149795427919,-0.0100871472416,0.305337097577,-0.588344440546,-0.328463854699,-0.44538106856,-0.465197648089,-0.000547310724802,0.00269920990099,0.00792135112561,0.00430451497437,-0.00539365212171,0.31362885339,-0.0417836584497,0.0560433560861,0.440198350288,-3.63724726194e-07,-0.000796334119627,0.0865757133537,-2.17462341882e-06,-0.000786657066,-0.137711695684,1.57365248578e-08,8.3618152166e-05,-0.198902653993,1.62933729337e-05,0.00459767264512,0.363057422183,-1.69014838349e-09,-3.05289875547e-05,0.117763764937,-1.01950853982e-06,-0.000718319134445,-0.0940140622379,1.20520342315e-06,0.00171271082681,0.159257636917,-4.06936869706e-07,-0.000610694350185,-0.624128138592,5.99123456574e-06,0.00403177977834,-0.313743238814,3.11342129139e-06,0.00275127666262,0.121406998319,-9.02078288775e-06,-0.00335838878341,0.496777860996,-2.85950308466e-05,-0.00978936701771,-0.393011686933,0.0546358332138,-0.031531016915,-0.617658836912,5.67713853198e-05,0.0150824771795,0.633856801084,-8.29777223773e-08,-0.000457737292099,0.361241903719,-0.0265640124421,-0.0117319249256,0.0815367261408,-0.00011202244102,-0.00979952926794,0.429867474052,-2.21642839578e-05,-0.0072336780701,0.0425701410125,-0.00290542733034,-0.0169935773321
gradient,20,0.38,0.389999985695,predicted,Actual proposal support boundary; monitored coordinates are pre-native endpoint forecast,True,50,-0.15993289343,0.449146409525,0.0115933491325,-0.120384001174,-0.0853490042949,0.055840235681,6.89458469106,6.19282585102,0.412789522653,-0.564752297216,1.76859440489,0.183395070432,0.27068579116,0.263433369732,0.257600812793,0.202847492201,4.50672513852,0.209592759159,0.669489655155,9.35346908131,1.80262559992e-07,0.000597372748083,8.7048947937,6.01498649417e-06,0.00386063674121,9.60668152383,2.30401234647e-08,0.000189168864987,8.28264008141,1.27586033304e-05,0.00898821064693,10.2968157336,6.55158790375e-10,1.77698810444e-05,8.90914501039,1.22476645312e-06,0.00189874513316,8.32855185124,2.3836375674e-06,0.00565992794639,9.02924979955,4.69672040273e-07,0.00125004908427,8.83644692817,2.47605956902e-06,0.00263760448985,8.62406743267,2.69899136227e-06,0.0035569778798,8.09050887746,2.98905639267e-05,0.0138046468892,8.32064793639,1.2555507029e-05,0.00818864336824,4.65892672662,0.164625634064,0.344732572027,8.21056731643,2.59889811711e-05,0.0115558269844,9.62107403161,1.80743903315e-08,0.000164579135413,5.30866865773,0.053171928354,0.291403060395,7.25842775939,0.000363427199037,0.0711358413355,8.41296591739,8.7190498555e-06,0.0068130227241,5.19389342994,0.0560634670367,0.172696674332,-0.169956922957,1.23893297535,-0.222220957279,-0.281154662371,0.0536149442196,-0.0649963597013,-0.352792763841,-0.299234500831,-0.66815342671,-0.112917265553,-0.783049819289,0.00351284409995,0.00759508236469,0.0144912052137,0.0069500433399,-0.0109792142486,0.316599250112,-0.0383685607533,0.0398099692757,0.260447855438,-2.27578268434e-07,-0.000475748336657,0.271258069275,-6.96807745602e-06,-0.00243134347562,-0.0461941105412,6.44179230348e-09,2.99793241778e-05,-0.205698363981,1.41632126966e-05,0.00456426074703,0.0934745657308,-4.67038221538e-10,-8.61150110567e-06,0.162216957884,-1.4687238503e-06,-0.00102822602406,-0.285976854497,3.57157759603e-06,0.00505567722138,0.325397372448,-8.21323908522e-07,-0.00126491145271,-0.661948027884,7.47671325437e-06,0.00454495045925,-0.015421553958,-1.48861669395e-06,-0.000389230153339,0.344814771011,-3.89854540205e-05,-0.00997427390806,0.57566566777,-3.27350119049e-05,-0.0112272044713,-0.353298522266,0.0544132729091,-0.0374210066996,-0.343377666708,3.12455588389e-05,0.00850915452675,0.397277805027,-4.81559325126e-08,-0.000270916837758,0.103156359305,-0.00808087760583,-0.00987878662594,0.213652496128,-0.000367964530777,-0.0219335800131,0.352385157328,-1.90955340706e-05,-0.00594661874723,-0.099002487707,0.005308416651,-0.00842924267127
gradient,20,0.39,0.399999976158,predicted,Actual proposal support boundary; monitored coordinates are pre-native endpoint forecast,True,50,-0.158595015917,0.472037021374,0.00856208220481,-0.122184280791,-0.0865818840528,0.0548190709884,6.89020102422,6.19142950818,0.401237920687,-0.566078793828,1.75921339021,0.183435043185,0.270743545829,0.263535615431,0.257672878024,0.202775874199,4.51086434083,0.20892785551,0.669762192864,9.352693289,1.80850164946e-07,0.000598793449076,8.70938375404,5.89403410085e-06,0.00381962221247,9.60484455016,2.32729061355e-08,0.000190409451149,8.28031151028,1.28914012451e-05,0.00903770563143,10.297968569,6.50194171698e-10,1.76777584291e-05,8.90843947954,1.22845390136e-06,0.00190250520868,8.32422068882,2.43611554076e-06,0.0057349466005,9.03336397497,4.5899367062e-07,0.00123375584232,8.83081647019,2.54150210768e-06,0.00267694628023,8.62661704641,2.65181705151e-06,0.00352562209213,8.09687904435,2.91273322457e-05,0.01361722258,8.32565851729,1.22773283431e-05,0.00809243591144,4.65402431494,0.165431697656,0.344031013635,8.20991837942,2.60307521456e-05,0.0115732182377,9.62553776126,1.75993442072e-08,0.000161802704561,5.30630352444,0.0533469152413,0.291495198058,7.26143146664,0.00035820026298,0.0708308162383,8.41457798447,8.6056676455e-06,0.00678506707739,5.1907226668,0.0562464299058,0.172734564792,0.0395516166607,-3.9321849715,-0.255030691624,-0.3696192801,-0.383319847286,-0.12950216654,-0.730674889087,-0.00344397354053,-1.04247236068,0.177103438298,-1.22968857503,0.00313947839634,0.00579112198073,0.0109508198228,0.0118568361051,-0.00322743370827,0.27268915223,-0.0514699591242,-0.00305484593402,-0.202950932059,1.96025583117e-07,0.000391711585698,0.309022718978,-7.85614841935e-06,-0.00279160099318,0.186290362874,-2.4070261101e-08,-0.000128217270146,-0.503686912915,2.73195144559e-05,0.0107153233933,0.0194721619116,-5.66266341723e-11,-1.35918326725e-06,-0.286869211042,1.61571843273e-06,0.00151919025538,-0.506502638531,6.35347693013e-06,0.00883509531319,0.374706499674,-1.01208757471e-06,-0.00152813275194,-0.485799811409,5.72386172079e-06,0.00342646075424,0.429300129637,-7.76440149096e-06,-0.00508801642449,0.672302995329,-7.36377754505e-05,-0.0195371043353,0.544151819654,-2.93661390747e-05,-0.0103413727898,-0.346701979885,0.0496003720099,-0.0729289721988,0.112582337519,-1.76200099645e-05,-0.00241416328139,0.304098543956,-3.52723054025e-08,-0.000196724668294,-0.213007027459,0.0152542398151,-0.00114133576476,0.251513843812,-0.000448842714024,-0.0255817659819,-0.160482219962,-1.20433859763e-08,0.00249973141833,-0.517968072972,0.0329619872639,0.0108645861863
gradient,20,0.4,0.409999996424,predicted,Actual proposal support boundary; monitored coordinates are pre-native endpoint forecast,True,50,-0.159141861097,0.370502710095,0.00649273530006,-0.127776386776,-0.0930154012406,0.0532501923502,6.87997119328,6.19275697155,0.391940075439,-0.56121022845,1.74400063339,0.18345786,0.2708016136,0.263652386128,0.257837949515,0.202782943527,4.51217892156,0.208563359976,0.669428558236,9.34941006267,1.84183071655e-07,0.000605206979796,8.71107524808,5.85786352578e-06,0.00380480472134,9.61040733109,2.25587182427e-08,0.000186604519584,8.27256634315,1.33049936195e-05,0.0092025171148,10.2972051768,6.54026257691e-10,1.7742697379e-05,8.90340762617,1.25708082177e-06,0.00192912893827,8.31842179847,2.510707106e-06,0.00583662985265,9.03674392955,4.49430288779e-07,0.00121948642923,8.82673093194,2.59053680343e-06,0.00270613370494,8.63265343526,2.54370333245e-06,0.00345521755131,8.10395493736,2.84178084176e-05,0.0134139048025,8.33153097278,1.19681842475e-05,0.00798181591244,4.65199268703,0.165617641504,0.343273992583,8.21281896318,2.56365809718e-05,0.0115075437188,9.62715600249,1.73689442234e-08,0.000160644642047,5.30440851718,0.0534770131503,0.29138023368,7.26345803627,0.000354450344757,0.0706242060159,8.409756273,8.71880898778e-06,0.00686301735246,5.18353406848,0.056722706782,0.172913966056,-0.210999142566,-2.20018624392,0.0368524193764,0.173976868391,-0.235562250018,-0.100465740408,-1.09605141045,-0.055711877023,-0.533895380484,0.44790574529,-1.45998780976,0.00640480858728,0.00988213878242,0.0166645290089,0.0136622774394,-0.00468723973395,-0.13380297951,0.0193971844653,0.00331351526837,-0.621680157494,6.01404751939e-07,0.0012055083162,0.667386059999,-1.57325193325e-05,-0.00574456945747,0.299089168954,-3.86037390408e-08,-0.000207753798263,-0.0903322713236,2.02927169541e-06,0.00182501909488,-0.0814554451555,3.73597672725e-10,6.51148337925e-06,0.0934062479323,-4.56437779819e-07,-0.000457624996339,-0.209506708773,2.78978946856e-06,0.00369055353701,0.188996568585,-5.45864863444e-07,-0.000817284422866,-0.059386671697,8.17932446031e-07,0.000492186136228,0.469768090139,-7.56931673689e-06,-0.0049806816691,0.19755219207,-2.16824274963e-05,-0.00577687065659,-0.120138479202,6.09327614684e-06,0.0022339517509,0.0781870080312,-0.0216775651475,0.00356148770066,0.664151248962,-7.45607874269e-05,-0.0155672840008,-0.0969738552321,7.85070764076e-09,5.31776800155e-05,-0.500146707747,0.0367346241474,0.0212654148715,0.0964722139374,-0.000144607574197,-0.0117917838114,0.174732260652,-9.55372629947e-06,-0.00285837321044,-0.444840932381,0.0281560309307,0.00872882583267
gradient,20,0.41,0.419999986887,predicted,Actual proposal support boundary; monitored coordinates are pre-native endpoint forecast,True,50,-0.162814998769,0.428033296496,0.00929913059234,-0.118704743423,-0.0912931290531,0.0528097561803,6.86827999601,6.19031527064,0.390560013077,-0.557120678923,1.73001363402,0.183563139356,0.270941188605,0.263868906011,0.257946123572,0.202682129405,4.50818828124,0.2093157992,0.669828463169,9.34025968585,1.92878259985e-07,0.0006229036154,8.72273147524,5.5793837142e-06,0.00370473082332,9.61082633354,2.25008313547e-08,0.000186254375184,8.27850486485,1.2931986679e-05,0.00907420601332,10.2963394601,6.57666125153e-10,1.78079880967e-05,8.9103076045,1.21932514577e-06,0.00189335270875,8.32003055464,2.49191133013e-06,0.00580875767124,9.03714390634,4.48076373351e-07,0.00121741015387,8.82962873675,2.5578607566e-06,0.00268679000295,8.63601240821,2.50043071677e-06,0.00342600845875,8.1008300882,2.86936836958e-05,0.0135016851669,8.32325574771,1.23991938661e-05,0.00813711494645,4.6555880551,0.164998146353,0.344102243389,8.2232014044,2.45395363971e-05,0.0112618725577,9.62359828415,1.775635836e-08,0.000162866258162,5.29630059028,0.0540816077242,0.291920506355,7.26336091092,0.000355308111496,0.070594980562,8.41807262968,8.41459311951e-06,0.00672789961318,5.18182584816,0.0568095505244,0.172909141309,-0.565994161514,4.03400086768,0.0516161322594,0.365949511528,-0.142517797649,-0.0451990262416,-1.08833020928,0.0375203390529,-0.36489975268,0.187108449269,-1.0871355393,0.00863321602299,0.0104835729115,0.0165162436848,0.00670721348352,-0.00691321340669,-0.0514621571397,0.015351582948,0.0157276249113,-0.499744761176,4.62698055486e-07,0.000949605984656,0.574679704717,-1.31080715325e-05,-0.00488797101311,0.0451985062198,-2.31112999969e-09,-2.00251847257e-05,-0.0318651990046,2.74555219638e-06,0.000729241313939,-0.11046677753,5.75659120762e-10,1.02299675399e-05,0.250278305183,-1.08825320149e-06,-0.00122877929461,-0.106936397186,1.49611774942e-06,0.00190761208685,-0.025609538721,6.65598018651e-08,8.97108222554e-05,0.135165385777,-5.41037288669e-07,-0.000730855079328,0.350962615419,-4.73712694815e-06,-0.00344053049426,0.167297235148,-2.35087322518e-05,-0.00500384096445,-0.229341856964,1.0860838053e-05,0.00415154487861,0.0479874211155,-0.0122222291244,0.00613991548287,0.664151353476,-6.18209431337e-05,-0.0160759383167,-0.106271305359,1.59458291123e-08,8.75503605033e-05,-0.424623234008,0.0319916781293,0.0389634076645,0.102659761411,-0.000181224761077,-0.0105457208408,0.206979362942,-4.96566612338e-06,-0.00322813520864,-0.343628060649,0.0217080343854,0.0126770436585
gradient,20,0.42,0.42999997735,predicted,Actual proposal support boundary; monitored coordinates are pre-native endpoint forecast,True,50,-0.170461744327,0.451182727449,0.00752505794525,-0.120457396545,-0.0958657571936,0.0523462118253,6.85820458909,6.19350737833,0.384642080385,-0.557468059465,1.7222579226,0.183630524321,0.271011285058,0.263982711002,0.257972093785,0.202644679259,4.51114967842,0.208870391635,0.669743110734,9.33941516744,1.93437032765e-07,0.00062419909949,8.72256884217,5.59570209513e-06,0.00370704530108,9.61131130121,2.25124956427e-08,0.000186204015889,8.27192903917,1.33599046634e-05,0.00921710194108,10.2949958413,6.65539440107e-10,1.79472967298e-05,8.90841319227,1.23531575774e-06,0.00190455335238,8.31628307053,2.54062946099e-06,0.00587478209439,9.03623173877,4.50761484816e-07,0.00122128064568,8.82943423966,2.57971605766e-06,0.00269151660335,8.63967268757,2.44896079348e-06,0.00338640694143,8.10730088207,2.79476337726e-05,0.0133138279832,8.32694413564,1.21854010086e-05,0.00806484681001,4.65295243545,0.165373196922,0.343396790892,8.22610199025,2.44001621092e-05,0.0111860249524,9.62503057639,1.76878608057e-08,0.000162395649257,5.2959160525,0.0541168467129,0.292159501833,7.26551123149,0.000350825849535,0.0704132915991,8.41389586025,8.61949566532e-06,0.00679845464829,5.17666150727,0.0571568674697,0.173167506929,-0.662903651475,2.49130697456,-0.0947756767273,0.0997954905033,-0.254916697741,-0.0402166970302,-0.266121234848,-0.0364449328577,-0.346666784331,0.100834487352,-0.0166412293056,0.00416179346053,0.00477252806549,0.00801936448392,0.00105288714175,-0.00577627045822,0.0891511875259,-0.0335686517304,0.0044872457315,-0.11370749436,1.30843005914e-07,0.000228657250392,0.0548690761503,-1.65196047452e-08,-0.000340345946556,-0.0854981882846,5.54411443779e-09,4.34901098485e-05,-0.341356619722,2.20951010094e-05,0.00747861491831,0.294246238111,-1.12374805963e-09,-2.06179225466e-05,-0.0497961290312,6.25756144264e-07,0.000354672218763,-0.248873888022,3.58605556039e-06,0.00450429023247,0.0731875789048,-1.99461519905e-07,-0.000310503926602,0.0554902074995,3.7436323076e-07,-0.000200990587622,0.222528469026,-3.07130516199e-06,-0.00229697819872,0.0247943863694,2.88101134653e-06,-0.000626415536578,0.122184325246,-6.67408967594e-06,-0.0024488581663,-0.0968131944558,0.00533807475912,-0.0123237285948,0.270155846511,-1.88659862038e-05,-0.00673171634901,0.337221654736,-3.69027686685e-08,-0.00021450706715,-0.083106125681,0.00786932710635,0.0357640871207,0.118345477985,-0.000198002822392,-0.0128044695753,-0.161016002949,9.09997487642e-06,0.00278873692426,-0.299481631132,0.0196350068509,0.0156760332842
gradient,20,0.43,0.439999997616,predicted,Actual proposal support boundary; monitored coordinates are pre-native endpoint forecast,True,50,-0.176073071798,0.477859435987,0.0074036170578,-0.116708833613,-0.0963914630079,0.0520054222397,6.86295757132,6.18958637198,0.383626677391,-0.555103989176,1.72968080943,0.183646375226,0.271036639166,0.264029293301,0.257967181315,0.202566603996,4.50997130499,0.208644426165,0.669918208084,9.33798553596,1.95495120103e-07,0.000627476760408,8.72382885676,5.5790533221e-06,0.00369792390439,9.60911636977,2.26117136434e-08,0.000187124177381,8.27167773246,1.33738886992e-05,0.00922377831169,10.3022243848,6.3519116396e-10,1.73956296457e-05,8.90931168191,1.23184026865e-06,0.00190044615313,8.31505307688,2.56363244134e-06,0.00589884347589,9.03860765792,4.44087142953e-07,0.00121120007533,8.8307385409,2.56534802121e-06,0.0026827701912,8.64046297759,2.43900461353e-06,0.00338006889478,8.10132597592,2.87513039227e-05,0.0134891568562,8.32569943421,1.22657120726e-05,0.00808813778313,4.65365179121,0.165104907848,0.343855768818,8.22860452133,2.4162216673e-05,0.0111272382307,9.63034271725,1.70183029866e-08,0.000158576116819,5.29463846777,0.0542389942663,0.292635788098,7.26572782048,0.000351348055048,0.0703388911705,8.41485230963,8.59659261703e-06,0.00678367435166,5.17583621553,0.0572022506614,0.173222661975,-0.319017403739,2.25441352888,0.206033587456,1.08793702722,0.244158223271,-0.0611622845515,0.0182223839261,-0.261433149262,-0.408228752501,0.140215479864,-0.674096486132,-0.000215652912036,-0.0030897431911,-0.000706630546714,0.00979168521196,0.00485306159945,-0.138317874595,-0.00874209457624,0.0971788252269,-0.885531977361,8.76148010302e-07,0.00174279133686,1.38151553767,-3.05950727342e-05,-0.0114877221117,-0.260973016745,2.24344198068e-08,0.00013309932753,0.745347649282,-4.84615927493e-05,-0.0161953288535,0.28033194569,-1.18355353679e-09,-2.17306968764e-05,0.495466866176,-2.88440981426e-06,-0.00255111626038,0.0884434482145,2.38000215704e-07,-0.00122830497391,0.232829368084,-6.7308809993e-07,-0.00103287372483,0.217337219059,-4.43567750859e-06,-0.00177513339413,0.295560197531,-3.75257885501e-06,-0.00252108818401,-0.640592974801,7.33483283598e-05,0.0184722217402,-1.16813729978,6.81222517069e-05,0.0229855195458,0.248346817965,-0.0413991238954,0.0863190164651,0.926704827484,-0.000100492765747,-0.0208313240277,0.0362796035454,-7.04317363035e-09,-3.7714018781e-05,-0.868269933389,0.069814144998,0.0943211015756,-0.121518639294,0.000462143410059,-0.00199427624169,0.969591278026,-3.93316245804e-05,-0.0155385505845,0.0705758473658,-0.00432545479356,0.0206126672122
gradient,20,0.44,0.449999988079,predicted,Actual proposal support boundary; monitored coordinates are pre-native endpoint forecast,True,50,-0.176842092402,0.496270998027,0.0116457296944,-0.0986986560011,-0.0909825927281,0.0511229661343,6.85856903677,6.18827871535,0.376477505335,-0.554663749868,1.70877599288,0.183626211262,0.270949490194,0.263968578391,0.258167927489,0.202741740491,4.50838332093,0.208695549744,0.671686687239,9.3217045279,2.10959992971e-07,0.000659054926227,8.75019915293,4.98380064045e-06,0.00347729085885,9.60609184088,2.29611840388e-08,0.00018886600244,8.28683599216,1.23906728084e-05,0.00889319536401,10.3006024802,6.41868369371e-10,1.75126827923e-05,8.9183225296,1.17762756146e-06,0.00185353102717,8.31805193949,2.5453894653e-06,0.00585021599491,9.04088832613,4.37299722818e-07,0.00120062317118,8.83378098404,2.49100250749e-06,0.00265601393547,8.64558389152,2.37390921638e-06,0.00333598517775,8.09448902257,2.94146003398e-05,0.013683272418,8.30358138965,1.35478460427e-05,0.00852455720093,4.65791937181,0.164545214444,0.345123171222,8.2446360868,2.23903067942e-05,0.0107693984719,9.62575616846,1.75469973331e-08,0.000161641368882,5.27855065383,0.0555131296129,0.294045923865,7.26308085871,0.000360068717736,0.0703734060743,8.43328768582,7.83286317371e-06,0.0064876836366,5.17807302421,0.0570703583738,0.173579760273,0.0694742671344,0.924337401431,0.183243393898,1.39632232487,0.569655060768,-0.0168314860893,-0.710648886621,0.00856750573291,-0.0598226254452,0.124983882323,-1.48724153083,-0.00115018050265,-0.00232967011411,0.00232845838811,0.0159616931052,0.00868612071451,-0.0739369221545,0.00286007891301,0.129037311599,-1.10389071644,1.07968150438e-06,0.00217223743074,1.63825750507,-3.59796522375e-05,-0.013449844306,-0.307275729956,3.5025460719e-08,0.000179366401023,1.17113924722,-7.31268277592e-05,-0.0251581127842,-0.173273745491,6.57961040991e-10,1.17158004439e-05,1.3949912276,-8.82705578952e-06,-0.00753572788295,0.174115541651,-1.13715122842e-06,-0.00287488136664,0.235269533657,-5.8453657605e-07,-0.000973817318729,0.390996113278,-6.32081264617e-06,-0.00293462389163,0.0717758502988,-2.31161930349e-06,-0.000363408793267,-0.569348243119,5.77014175067e-05,0.0163305965493,-1.52547951035,9.02791495852e-05,0.0303489850029,0.256247768321,-0.0273501234608,0.103660878277,1.19695023816,-0.000133479596911,-0.0264842482458,-0.311740708804,3.46298712705e-08,0.000200156168932,-1.19327926807,0.0932820427843,0.0926539562011,0.0187554315789,0.000291075393423,-0.0192283310776,1.55762508805,-6.17313121663e-05,-0.0248254640892,0.209591806866,-0.0148643702478,0.0178369643355
gradient,20,0.45,0.459999978542,predicted,Actual proposal support boundary; monitored coordinates are pre-native endpoint forecast,True,50,-0.174683586456,0.496346184015,0.0110684849358,-0.088782387116,-0.0849983617926,0.0516687925179,6.84874459358,6.1897577221,0.382430224882,-0.552604311529,1.69993597881,0.183623371616,0.270990045764,0.264075862469,0.258286415177,0.20274032641,4.50849256655,0.208701627743,0.672498954316,9.31590772163,2.17088750191e-07,0.000670921509023,8.75659400686,4.85946027735e-06,0.00342892701827,9.60297085518,2.33122228578e-08,0.000190711505401,8.2951005174,1.1911352144e-05,0.00872061605601,10.2987589099,6.4835038478e-10,1.76299456546e-05,8.93721150647,1.05529915286e-06,0.00174973159547,8.31853538772,2.54088941677e-06,0.00584134584856,9.0433130486,4.32396411432e-07,0.00119172372896,8.83855846317,2.43893176829e-06,0.00262407771336,8.6418984946,2.39277222746e-06,0.00337280071891,8.08993901106,2.99053322728e-05,0.0138157687872,8.29518984401,1.40712950643e-05,0.00869511748319,4.65877674658,0.164557905379,0.345928986383,8.2525435261,2.14926247348e-05,0.0105975532658,9.62410790307,1.7710900412e-08,0.000162579240197,5.27077288241,0.056104635122,0.294488867222,7.26610292911,0.000357169562916,0.069954324549,8.44600481139,7.36196637371e-06,0.00628716506988,5.18002805167,0.0569049632565,0.173579401261,-0.174143617714,-0.628827768943,-0.302632451058,0.750064536929,0.166056454182,0.000143594047722,-0.447781557223,0.267475755432,0.0808476098868,0.118624561213,-0.294389909398,-0.00357943804695,0.00225525467421,0.00754025861178,0.00510865466815,-0.00439544677607,0.266645577439,-0.0680841316954,0.0276057056581,-0.723426194272,7.75011098245e-07,0.00149576555983,0.272789030888,-5.78154890497e-06,-0.00212218288285,-0.454193766668,5.81283494495e-08,0.00030077394045,0.501499024446,-3.20034692663e-05,-0.0106592758619,-0.0519893219324,2.28250663885e-10,4.09000163511e-06,0.749409135558,-4.1142361066e-06,-0.00382588424361,-0.298894143793,3.85121786873e-06,0.00514154503777,0.371484883386,-7.79846446971e-07,-0.00135399292473,0.633752329806,-6.62608549716e-06,-0.00416997588278,-0.0893563280741,2.15706481615e-07,0.000857037727545,0.0572482704277,-1.20695145814e-05,-0.00191158556568,-0.530108918953,3.32412972709e-05,0.0108187020745,-0.242293072715,0.0493243021464,0.017804492417,0.728176003141,-7.08946647919e-05,-0.0162126242175,0.167301426446,-1.55605808705e-08,-9.58068008224e-05,-0.952064825182,0.07217355149,0.0555247343667,0.489106207094,-0.000603553496463,-0.0612515879219,0.292072390957,-9.00484288647e-06,-0.0045252470326,-0.0793774423429,0.00251086888006,0.0131708902572
gradient,20,0.46,0.469999998808,predicted,Actual proposal support boundary; monitored coordinates are pre-native endpoint forecast,True,50,-0.180324964756,0.483694442648,0.00559308067321,-0.0836973652625,-0.0876614636445,0.0511258380153,6.84961340562,6.19362823046,0.378094457533,-0.552291258643,1.70288819469,0.183554622501,0.270994595287,0.264119383563,0.258270100582,0.202653831555,4.51371623247,0.20733386711,0.672238801352,9.30723600401,2.26460214935e-07,0.000688970237423,8.75565493354,4.86816966235e-06,0.00343484720119,9.59700796555,2.41237510278e-08,0.000194881481249,8.29686597265,1.17506034231e-05,0.00868000984677,10.2995626937,6.46433382649e-10,1.7594482825e-05,8.93331071231,1.09534283932e-06,0.0017770133423,8.31207405661,2.62241382268e-06,0.00595304689567,9.0483180238,4.21702793878e-07,0.00117354331269,8.84645603063,2.35848079755e-06,0.00257261441781,8.64379676496,2.37822334602e-06,0.0033531259323,8.09563398798,2.91732100482e-05,0.0136450407067,8.29297921127,1.42126719882e-05,0.00874093124242,4.65307351035,0.165531700487,0.34547926107,8.25919960686,2.09724134984e-05,0.0104451459875,9.62910219699,1.72357857157e-08,0.000159725232865,5.25950935733,0.0569566006427,0.295156418552,7.27286298285,0.000347997647807,0.0691483743158,8.43912913363,7.65276631598e-06,0.00639717869595,5.17648547537,0.0571205757514,0.173843178079,-0.403689173643,-0.101746239851,-0.491804599762,0.986368581653,-0.127514027059,-0.0369744352112,-0.1004582812,0.648611183693,-0.614882502796,-0.212297750458,0.450387328448,-0.00680312653999,-0.000787380938714,0.000170275824159,-0.00286706693319,-0.00469728130611,0.662618060439,-0.162079964369,0.0324623682706,-1.07295845858,1.2462627265e-06,0.00229098701381,0.422870432324,-9.52357837181e-06,-0.00347812865687,-0.956624862051,1.34515933737e-07,0.000681316468777,0.343745856856,-2.46548690393e-05,-0.00745675449653,0.151004463655,-4.43627635903e-10,-8.36677011235e-06,-0.02328825033,1.88048973348e-06,0.000829287544655,-0.53707592262,6.6341433731e-06,0.00913274694196,0.399161397908,-8.89999701769e-07,-0.00147978951637,0.854037450395,-8.33758914383e-06,-0.00544553145632,0.31369302106,-3.46937837748e-06,-0.00310071586626,0.348105229631,-5.10153796998e-05,-0.0106700209985,-0.593562724475,3.85658866768e-05,0.0123097036171,-0.560474110197,0.104980335545,-0.0270728702613,1.09087632483,-8.85814953086e-05,-0.0243711230315,0.51968513354,-4.42344105473e-08,-0.000274771626303,-1.28347985053,0.0991689067713,0.101899580502,0.604590215034,-0.00074534724114,-0.0753326203958,-0.262225998534,1.44278639563e-05,0.00439264798038,-0.265690111673,0.019823179685,0.0335745347437
gradient,20,0.47,0.479999989271,predicted,Actual proposal support boundary; monitored coordinates are pre-native endpoint forecast,True,50,-0.182757369928,0.494311259218,0.00123239294052,-0.0690550154829,-0.0875486423337,0.0509293038137,6.84673542796,6.20272994577,0.370132574826,-0.556850266538,1.70894372538,0.183487309085,0.270974298145,0.264079267985,0.258229073839,0.202646380784,4.52174492776,0.205460028456,0.673148201681,9.29444855246,2.42014004721e-07,0.000716741249299,8.76505141551,4.66898870991e-06,0.00335936444513,9.58383835793,2.60025415326e-08,0.000204337834777,8.30197543454,1.14182547632e-05,0.00857148096608,10.3017789992,6.39477832062e-10,1.74626102524e-05,8.93674574146,1.09290894753e-06,0.00176631734636,8.30779386926,2.67357228423e-06,0.0060240007874,9.05129627655,4.14596417396e-07,0.00116212793863,8.85563921218,2.27217998541e-06,0.00251516708424,8.64817235502,2.32338465991e-06,0.00331078640159,8.09690111565,2.88850246788e-05,0.0136023683672,8.28331858952,1.48426127978e-05,0.00894131155553,4.64756726437,0.16665751209,0.345387528978,8.27436105259,1.97209948286e-05,0.0101101308052,9.63450160574,1.68262122011e-08,0.000157083807671,5.2451032854,0.0580880132574,0.296526858832,7.27819473341,0.000342262618094,0.0684476721411,8.44076029142,7.65052365283e-06,0.00637501802949,5.17471424944,0.0573014268502,0.174250891956,-0.453129310444,4.01407606131,-0.366884946823,1.20490883291,0.227207541466,-0.00471803421659,-0.212847732663,0.776869761716,-0.590731911541,-0.36025747275,0.352402905774,-0.00672793423018,-0.00243696573597,-0.00465064139008,-0.00348727942907,0.00147338338986,0.592805485942,-0.138707968726,0.0791216539315,-1.03270391539,1.26263599334e-06,0.00227055452996,0.739462520726,-1.50864072515e-05,-0.00583865043085,-1.09988232273,1.60006668309e-07,0.00079666842618,0.649633526155,-3.81654708851e-05,-0.0135483633145,0.0349745396115,-3.61226384643e-11,-8.98988850224e-07,0.522366218401,-1.68181770067e-06,-0.00216538247265,-0.310620296768,3.94724661989e-06,0.00527466969209,0.297732250267,-6.26270138751e-07,-0.00106705123592,0.671890269502,-5.99039192787e-06,-0.00413846308926,0.222249425821,-2.93149037461e-06,-0.00213038963909,0.0622560487603,-1.91388674772e-05,-0.00226359266566,-0.811017545313,5.41966587196e-05,0.0170141519962,-0.459902491739,0.0987884683448,0.00244166271212,1.1169134687,-9.00121021245e-05,-0.0245644474538,0.347145024722,-2.59943944385e-08,-0.000169493683258,-1.18790307892,0.0941352769794,0.100409719449,0.500360242919,-0.000558495071298,-0.0638719481397,0.319846836068,-6.10122063642e-06,-0.00465128099844,-0.0674727337197,0.00653751238893,0.0234030179426
gradient,20,0.48,0.489999979734,predicted,Actual proposal support boundary; monitored coordinates are pre-native endpoint forecast,True,50,-0.189387550965,0.563975963874,-0.00174461826325,-0.0595991886044,-0.0831173128152,0.0510314773309,6.84535645097,6.20916562569,0.366279819302,-0.559496408098,1.70993625281,0.183420063817,0.270945855973,0.264026370736,0.258200354994,0.202683299223,4.52557234219,0.204559707735,0.67382123443,9.2865819257,2.51712934802e-07,0.000734381328022,8.77044418396,4.56644151732e-06,0.00331807419258,9.57501031909,2.7323884394e-08,0.000210814849772,8.30985864317,1.09872940054e-05,0.00840904258048,10.3002621845,6.45710929879e-10,1.7576503048e-05,8.94375803667,1.06170648531e-06,0.00173370569284,8.30586165068,2.70135875507e-06,0.00605854028951,9.05427266881,4.09177391103e-07,0.00115220228797,8.85989383602,2.23867295899e-06,0.00248984515603,8.64824175348,2.31959353852e-06,0.00331051813952,8.09687910896,2.87904326986e-05,0.0135997688534,8.27675886036,1.52966051626e-05,0.00908121428234,4.64387546052,0.167507469854,0.345528094324,8.28153787624,1.91721714559e-05,0.00995385703846,9.63604509748,1.67158978269e-08,0.0001563353592,5.23575129575,0.0588393061823,0.297164612941,7.28287018771,0.000336827746381,0.067870935353,8.44552607036,7.53074190325e-06,0.00630415307598,5.17513602069,0.0572513259992,0.174311238437,0.0688820838466,3.50469052678,-0.275664925575,0.842350885272,0.141416765749,0.0403153718614,-0.0181892824778,0.108640312323,-0.116259673332,-0.368925426824,-0.518534098545,-0.00516961745848,0.00214243789576,0.00530833846773,0.00117181954102,-0.00392507103465,0.360511911012,-0.0702220154572,0.0239558373842,-0.895019983199,1.10362814538e-06,0.00200975506112,0.212487336118,-3.97845853268e-06,-0.00157539283255,-0.747737036731,1.16985578711e-07,0.000571739802997,0.557076403734,-2.94638928193e-05,-0.0114453105231,0.101480510699,-3.39985656847e-10,-6.49387882339e-06,0.601834098811,-2.75920719047e-06,-0.00281597358876,-0.162475254823,2.31616064852e-06,0.00280342863459,0.267561492718,-6.00488418843e-07,-0.00100100547547,0.551554713411,-4.32240798836e-06,-0.00328462667179,-0.182084610808,3.10570732596e-06,0.00210141082892,0.198046197162,-3.28859550119e-05,-0.00617126806077,-0.667329494188,4.49294139598e-05,0.014116667023,-0.385210028987,0.0686365088411,-0.00323037427407,0.50740912776,-3.41558455173e-05,-0.011173565129,0.367174736857,-3.14583826723e-08,-0.000199188866129,-0.894544341014,0.0735985587071,0.0785402525799,0.290186132499,-0.000251315034806,-0.0401019721567,0.243854063153,-2.52316473877e-06,-0.00342206991107,-0.2565947667,0.0133200034055,0.00571244039202
gradient,20,0.49,0.5,predicted,Actual proposal support boundary; monitored coordinates are pre-native endpoint forecast,True,50,-0.181379728251,0.564405069754,-0.00428090557099,-0.0522079977775,-0.0847203070188,0.0517356112509,6.84637164231,6.20490275202,0.367807381359,-0.564228775075,1.69857304341,0.183383916736,0.271017146903,0.264185434755,0.258252510229,0.202567879363,4.52895516598,0.204055588147,0.673627318429,9.27654815279,2.64086567628e-07,0.000756936350521,8.76930116223,4.58941953926e-06,0.00332785658848,9.5688836172,2.83422531068e-08,0.000215772630837,8.31311696261,1.08289769068e-05,0.00834257475561,10.3038086094,6.32678118925e-10,1.73327326759e-05,8.94878242344,1.03772480372e-06,0.00170999787459,8.30454436417,2.7198954972e-06,0.00608006936009,9.05664750641,4.02586649019e-07,0.00114210782912,8.86667030645,2.18573182565e-06,0.0024494745508,8.6445306628,2.38549880643e-06,0.00335281461817,8.1008620396,2.82273055786e-05,0.013478943006,8.26997199963,1.5741201077e-05,0.00922364489599,4.63986306379,0.168030242267,0.345322921492,8.28450923515,1.90378779183e-05,0.00988665950261,9.64184510048,1.61970445476e-08,0.000153100030349,5.22721239858,0.0595599844316,0.298097663883,7.28399845606,0.000337236317397,0.0676456326979,8.44563737268,7.60006035806e-06,0.00630657663126,5.1695823541,0.0575678269183,0.174365140764,0.800782271365,0.0429105880059,-0.253628730774,0.739119082689,-0.160299420357,0.0704133919964,0.101519133929,-0.426287367402,0.152756205672,-0.473236697655,-1.13632093952,-0.00361470811628,0.0071290930115,0.0159064018845,0.00521552357424,-0.0115419860299,0.33828237853,-0.0504119588706,-0.0193916001706,-1.00337729082,1.2373632826e-06,0.00225550224991,-0.114302172938,2.29780219439e-06,0.00097823959034,-0.612670189212,1.01836871276e-07,0.000495778106422,0.325831944379,-1.58317098576e-05,-0.00664678248656,0.354642487919,-1.30328109546e-09,-2.43770372101e-05,0.502438676171,-2.39816815913e-06,-0.00237078182567,-0.131728651171,1.85367421269e-06,0.00215290705796,0.237483760033,-6.59074208367e-07,-0.00100944588463,0.677647042343,-5.29411333427e-06,-0.00403706052225,-0.37110906776,6.59052679046e-06,0.00422964786509,0.398293064076,-5.63127120037e-05,-0.0120825847395,-0.67868607304,4.44595914436e-05,0.0142430613646,-0.401239672412,0.0522772412652,-0.0205172831871,0.297135891197,-1.34293537647e-05,-0.0067197535846,0.580000299629,-5.18853279244e-08,-0.000323532885142,-0.853889717737,0.0720678249311,0.0933050942398,0.112826835446,4.08571016375e-05,-0.0225302655095,0.011130232355,6.93184548082e-06,0.000242355528297,-0.555366658878,0.0316500919104,0.0053902326611
gradient,21,0,0.00999999977648,predicted,Actual proposal support boundary; monitored coordinates are pre-native endpoint forecast,True,50,-0.285915252185,0.77172902961,-0.109505915489,-0.085533885994,0.329285723839,0.0332008189631,5.85434489982,6.87557833338,0.141118110641,-0.486286751123,1.91420508526,0.189806877579,0.249084379306,0.257831131789,0.263532092353,0.221347818259,4.67465333094,0.186086322643,0.739515879506,9.81534242867,1.25954118863e-08,0.000123277295248,9.2534409556,2.09695598669e-07,0.000718353757687,9.60832365064,1.54635354154e-08,0.00015843097555,8.14854883159,3.66236421457e-05,0.0123149847475,9.66107780951,1.77332454165e-08,0.000172703708376,9.13865472137,2.83596461664e-07,0.00095703045312,8.20683953618,5.29726278616e-06,0.0085858196678,9.31460892237,1.00523180036e-07,0.000490846208947,9.27252890751,1.02526255262e-07,0.000534691623185,8.56482310361,2.18032065679e-06,0.00387307500858,8.23816922363,1.29581688186e-05,0.00954540160551,8.72248517766,1.47040681354e-06,0.00272766450572,4.49028830719,0.210174970838,0.367174964218,8.82565336522,1.44810326167e-06,0.00237406210413,9.29412436372,9.91746308789e-08,0.000512674769272,5.46974515007,0.0438425282735,0.281302425662,7.45206346706,0.000163565501609,0.0505356050443,8.69311280447,2.78427852184e-06,0.00343178404095,5.37791568708,0.0425646214082,0.1674657928,4.65641981514,-7.79881031324,2.17880296707,1.20835614204,-3.81253945827,-0.0974737411239,-21.2057151243,-37.0536340857,-10.2913769809,4.92163204729,-11.2941659672,0.246886146579,1.47678780603,1.56677097283,0.420145934638,-0.851711632267,-5.41351815636,1.47648073999,0.275741568216,6.33281865282,-3.7259488024e-07,-0.00266137587235,6.10841398948,-2.16682833935e-06,-0.00830085238871,-3.82099066173,4.10050266508e-07,0.00290722131145,7.8934473242,-0.00114002206836,-0.188689976179,-0.315422673068,1.16728620297e-07,0.000573887399261,10.4192422962,-1.30683985234e-05,-0.0296943247831,0.278080393944,-1.91335414775e-05,-0.0160063183798,7.47354903019,-3.36000070397e-06,-0.0114710932638,-2.50798501949,5.75447526553e-06,0.0110545192452,7.00618717298,-6.65166136343e-05,-0.0690840651327,7.58062531366,-0.000368522910175,-0.170051603616,-2.60022355111,3.52999956541e-05,0.0258090691438,2.37187332525,-0.709621038311,0.247793580983,-2.02998003146,5.31032930992e-05,0.0308048723191,-3.7851541164,1.67822911377e-06,0.00748332786956,-8.06305575653,0.539654878272,-0.247344200817,-7.53655272506,0.00599035060469,0.781864736394,5.83805908611,-7.36342489102e-05,-0.055350046408,14.3154584338,-0.761839340963,-0.0487708134924
gradient,21,0.01,0.019999999553,predicted,Actual proposal support boundary; monitored coordinates are pre-native endpoint forecast,True,50,-0.239351054034,0.693740926477,-0.0877178858185,-0.0734503245735,0.291160329256,0.0322260815518,5.64228774857,6.50504199252,0.038204340832,-0.43707043065,1.80126342559,0.192275739044,0.263852257366,0.273498841517,0.2677335517,0.212830701936,4.62051814938,0.200851130043,0.742273295188,9.87867061519,8.86946308395e-09,9.66635365245e-05,9.31452509549,1.88027315276e-07,0.0006353452338,9.57011374403,1.95640380805e-08,0.000187503188664,8.22748330483,2.52234214621e-05,0.0104280849857,9.65792358278,1.89005316195e-08,0.000178442582369,9.24284714434,1.52912476431e-07,0.000660087205289,8.20962034012,5.10592737138e-06,0.008425756484,9.38934441267,6.69231729964e-08,0.000376135276309,9.24744905732,1.60071007918e-07,0.000645236815637,8.63488497534,1.51515452044e-06,0.00318223435725,8.31397547677,9.27293971681e-06,0.00784488556935,8.69648294215,1.82340677008e-06,0.00298575519716,4.51400704044,0.203078760455,0.369652900027,8.8053535649,1.97913619266e-06,0.00268211082732,9.25627282256,1.15956922017e-07,0.000587508047967,5.3891145925,0.0492390770563,0.278828983654,7.37669793981,0.000223469007655,0.0583542524082,8.75149339534,2.04793603274e-06,0.00287828357687,5.52107027142,0.0349462279986,0.166978084665,3.94569378749,-6.43085032235,1.19370150566,2.77679693699,-4.87640690804,0.103978730351,-5.97216077148,-22.0187332468,-5.92868696603,2.87033405824,-0.02417575967,0.0460800291269,0.890700435015,0.978936623265,0.0897253645916,-0.482806966142,-2.33830264991,0.580897821609,-0.0860284442234,-0.0337534923572,3.54869482446e-08,9.24587905673e-06,2.37718874303,1.51941964884e-06,-0.0010450137392,-5.87912349715,7.55234641038e-07,0.00470579626361,4.505168689,-0.0007353413236,-0.10882967651,4.3718187274,-2.67904902701e-07,-0.00203345931752,6.88276160997,-7.02985721821e-06,-0.0183196643124,-0.140792718352,-1.10696137491e-05,-0.00560761047363,3.44126576406,-1.37691742458e-06,-0.00511496412597,-1.66801668393,5.20367223801e-06,0.00891080465561,4.80297904077,-3.77163739172e-05,-0.043562510582,2.53794034124,-0.000135475167908,-0.0605932840077,-4.51705973621,5.69382195838e-05,0.0441678724007,1.55764076944,-0.485259899042,-0.158461698581,-2.55414827985,5.16659890742e-05,0.0305835453743,-0.335028693203,6.63725250145e-08,0.00119523635312,-7.10242970771,0.490924652983,0.0383825838144,-5.64837452499,0.0049539465459,0.593502562694,2.16033375131,-3.22243868936e-05,-0.0229858430897,5.76482135524,-0.327716765744,-0.0867133572584
gradient,21,0.02,0.0299999993294,predicted,Actual proposal support boundary; monitored coordinates are pre-native endpoint forecast,True,50,-0.207001376435,0.643112023163,-0.085631885376,-0.0299979472542,0.231757585678,0.0352803935701,5.73490168439,6.43520366844,0.0225443713206,-0.428880069958,1.91372157007,0.190728478161,0.266898388006,0.277409864254,0.265326599645,0.211691678936,4.62788727794,0.197704279075,0.737795310621,9.81466735882,1.33051508512e-08,0.000123462212829,9.30098473046,2.40083991646e-07,0.000697453482903,9.4907411807,3.05682282362e-08,0.000252546900822,8.23865220537,2.19168156737e-05,0.0101383912173,9.74851418406,1.23751473625e-08,0.000132034522026,9.27630995357,1.429993173e-07,0.000590637166872,8.20402368181,5.07587051118e-06,0.00847366745833,9.38343423765,7.29848315445e-08,0.000388546926427,9.23916857383,2.06599700023e-07,0.000712907716297,8.66088268442,1.42599317844e-06,0.00300182479694,8.28892803046,1.02486654604e-05,0.00833353592536,8.63214398294,2.60917120521e-06,0.00361102195374,4.52144112258,0.200469772858,0.364005730246,8.77457039962,2.48142304315e-06,0.00298573301161,9.28742378986,1.00502081379e-07,0.000536579496334,5.32769655592,0.0536610213332,0.282070077338,7.33909597656,0.000262644432526,0.0624056562982,8.7363194795,2.13979078397e-06,0.00297206717916,5.49321211419,0.0360102860933,0.165731525655,2.5013822942,-4.30274383893,-0.237295150757,4.51386260986,-3.83852529526,0.408714195472,6.57652793761,-1.95010945396,-2.17567586144,-0.183996560993,15.7555567015,-0.11794619683,0.188470467949,0.209395005711,-0.284419786439,-0.0764632483031,1.0297059107,-0.395194341086,-0.345104778192,-2.40475741508,1.67560491081e-07,0.000969664578608,-1.60460386275,5.48460948624e-06,0.00642132361743,-8.40262418373,1.43346054098e-06,0.00788911378315,0.692340607078,-0.000263859977624,-0.017914842292,6.35832764762,-4.07513401355e-07,-0.00299851417749,2.76723576883,-6.36543527437e-07,-0.00520419194172,-0.785427918832,6.58330218116e-06,0.0128511088418,-0.375622058692,3.85737756353e-07,0.000767017891484,0.857948099446,1.81800762195e-06,0.00171618998471,2.21850340598,-3.23677432795e-06,-0.0140894618856,-2.60029452677,8.49980238189e-05,0.0517609402816,-3.32568594863,4.34555451206e-05,0.0326266444223,0.236619871024,-0.0507583048137,-0.391646431625,-0.783875088728,1.49582611391e-05,0.010031136165,2.3254294312,-8.48796891608e-07,-0.00333851463585,-3.43586506065,0.235070816675,0.435920001839,-2.7645126413,0.00298165652881,0.300137925892,-1.21375660127,1.4095792143e-05,0.0085375334801,-1.257441633,0.0382351085745,-0.0285578362866
gradient,21,0.03,0.0399999991059,predicted,Actual proposal support boundary; monitored coordinates are pre-native endpoint forecast,True,50,-0.18932340815,0.607686049699,-0.0924637888336,0.0168269276237,0.214389823351,0.0404003654613,5.77381830732,6.46603980344,-0.0053091763968,-0.44075036187,2.11637455962,0.189916815108,0.267621666725,0.277686741631,0.262045155971,0.21130143697,4.64111226759,0.192947243221,0.735371199624,9.83057546689,1.22206729056e-08,0.000116056828097,9.28243301824,2.97719505e-07,0.000763771706149,9.40206126035,4.82332489001e-08,0.000345285464327,8.24133011697,1.99462219096e-05,0.0100697881399,9.78509013573,1.07502635924e-08,0.000118472298819,9.29819185971,1.40181605882e-07,0.000556003366454,8.19391178174,5.23759341501e-06,0.00868277866084,9.3818319715,7.46379281235e-08,0.000391475634139,9.26460801931,1.96431160357e-07,0.000679560615331,8.67925504346,1.45041903388e-06,0.00290044511954,8.26196958623,1.09729001932e-05,0.00888010437498,8.62996922318,2.69251767249e-06,0.00363828808561,4.51873943786,0.202063594359,0.361819971395,8.78967606313,2.27830141544e-06,0.00288273355062,9.30278141118,9.89809841845e-08,0.00052073775525,5.32039729129,0.0539404933898,0.28754738369,7.32140768698,0.000283102138232,0.0643570109261,8.72721826331,2.3298518756e-06,0.00304903424647,5.49592143876,0.0357109301701,0.166406927939,1.56784553925,-3.18968664014,-0.589520335198,4.76748144627,-1.32294437289,0.491993760043,9.74649004337,-0.367807137291,-2.45602034136,-0.029905973894,17.5584061994,-0.0910116512983,0.0348265681691,-0.0277626847082,-0.330316495638,-0.0158311941786,0.835311793318,-0.33363783666,-0.537396174941,1.46438435497,-1.1225386719e-07,-0.000730878739795,-5.22905523595,1.33287514659e-05,0.0161133759694,-8.92829355125,2.59888304312e-06,0.0112731581099,1.31658579831,-0.00022019379575,-0.0295508764089,4.36605076274,-2.01899584024e-07,-0.00161607128248,-0.231158353673,1.725898095e-06,0.00157882979085,-1.02001766168,2.18014634168e-05,0.0236082839287,0.571658929957,-1.83966528153e-07,-0.000804419847157,0.858107126526,9.21016631942e-07,0.000347454910326,1.83649238043,4.99678193771e-07,-0.0103966463916,-2.76191368494,8.57044687421e-05,0.0573857762779,-0.314014189578,2.88862752369e-06,0.00150367856207,0.144336041962,0.0655043740792,-0.0892471693899,-1.10435228174,1.08730590047e-05,0.0105368663931,1.34479743894,9.46581722967e-08,-0.00115680861357,-1.68797344173,0.121698471361,0.643927876883,-0.539519047972,0.000629780259365,0.0603776672849,-1.80305487098,4.30974943219e-05,0.0176050437098,0.883487982155,-0.049819770133,0.126041324173
gradient,21,0.04,0.0499999970198,predicted,Actual proposal support boundary; monitored coordinates are pre-native endpoint forecast,True,50,-0.17564446565,0.57931829036,-0.0974222920799,0.0653516816711,0.20529869822,0.0451202687709,5.92983148525,6.42784752569,-0.0265760355066,-0.429478189436,2.26488969406,0.188908245135,0.26759491937,0.27685461056,0.258720269732,0.211375055052,4.64459351381,0.191031522342,0.727047387122,9.84395504592,1.10600735074e-08,0.000108844638033,9.19640362574,5.06659020964e-07,0.00101972100229,9.31217530968,8.25458890985e-08,0.00047801006302,8.26498392133,1.75129397587e-05,0.00954737368915,9.83583519932,8.33715568203e-09,9.97130963764e-05,9.2716867865,1.775172792e-07,0.000622213762689,8.18362332858,5.51189977951e-06,0.0089458331369,9.39486741625,6.93055009814e-08,0.000372458529484,9.25633071636,2.25020032661e-07,0.000719856814504,8.69761253203,1.43598674232e-06,0.0027938918691,8.23368975676,1.19627548352e-05,0.00948125145091,8.62586369915,2.66694375569e-06,0.00364109552498,4.52432784342,0.201779860339,0.362220786858,8.75248335399,2.69888422324e-06,0.00319647033947,9.31431973864,1.02395244825e-07,0.000513443324063,5.29393708708,0.0560949907604,0.294948634876,7.3283055956,0.000275240037714,0.0636132096439,8.70025838208,3.00174067041e-06,0.00332416805335,5.51088187383,0.0350138906907,0.168252352138,1.39551445697,-2.63073826254,-0.172103524208,3.60814571381,-1.18487617373,0.451690577039,16.9633841084,-3.53250208821,-1.30974631002,0.386778242642,15.5584453239,-0.038031469731,-0.0533625748373,-0.279591846674,-0.322005277971,0.148571466482,0.955808247748,-0.307086745352,-0.551099351226,1.76258857796,-1.26747633296e-07,-0.000838534800741,-8.85265704609,2.75160573985e-05,0.0293103280728,-7.3335396439,3.66427286099e-06,0.0122039755807,1.08412167694,-0.000117433098435,-0.0234745291517,4.96301702109,-2.00855820446e-07,-0.00165455433124,-3.62728465835,4.8238316993e-06,0.0087501296987,-0.340295845565,9.9598038208e-06,0.00935773558378,0.66294311187,-2.60149562639e-07,-0.000976279116898,-1.44096430209,3.70947317588e-06,0.00530368321302,1.56435961591,-6.7588852738e-07,-0.00860864534998,-2.6029067743,9.0128401565e-05,0.0564892900111,-0.808218987776,5.24632468457e-06,0.00537539682151,0.368426000477,0.0110759546901,-0.183288139761,-3.73400374151,4.36646237144e-05,0.0320029336155,1.45376753752,1.42391843647e-07,-0.00126646492345,-1.79855630675,0.1459263519,0.631997691151,-0.155978274474,0.000186409011425,0.0205568540705,-4.04736459778,9.99175744343e-05,0.0403076855004,1.60302052614,-0.0742925450517,0.122147533277
gradient,21,0.05,0.0599999986589,predicted,Actual proposal support boundary; monitored coordinates are pre-native endpoint forecast,True,50,-0.16141311901,0.555071284448,-0.0959058593178,0.0889898418999,0.190692299876,0.0494341770021,6.11308598949,6.39538976167,-0.0315041025972,-0.433014797017,2.4275434661,0.189156185713,0.266554415229,0.272094904698,0.255605050411,0.2142728663,4.66022843255,0.186805508314,0.7243492126,9.86582723845,9.68572023965e-09,9.92861320818e-05,9.10537987732,8.4804065297e-07,0.0013499782676,9.25539046747,1.2151870612e-07,0.00058936497594,8.26301255051,1.75975599409e-05,0.00960029755686,9.88435047616,6.73314718348e-09,8.53812121945e-05,9.22564616655,2.36658239868e-07,0.000731005960428,8.18710586483,5.43678949142e-06,0.00886993337251,9.39509083374,6.94349368707e-08,0.000371950051801,9.23578873327,2.70620623874e-07,0.000785634279592,8.71054223577,1.43690126334e-06,0.00272827221254,8.20991145075,1.27754682245e-05,0.0100098901752,8.61380484342,2.79744416618e-06,0.00374579602204,4.52610795787,0.202285113453,0.3581542086,8.7149959883,3.15159388973e-06,0.00352279222293,9.33185676193,1.01828821057e-07,0.000495408456781,5.28442616516,0.0568590204278,0.300187337513,7.31828812149,0.00028683031846,0.0647681480075,8.64627097135,4.32820336429e-06,0.00385518795648,5.52798184929,0.0342250792691,0.168849878605,1.39911158699,-3.09227730053,0.0246291160584,1.59617656469,-1.07331991196,0.265122751604,13.5421108345,-1.25916679831,-0.344789243072,-0.087516023405,9.62812962751,0.0304622514333,-0.107159726572,-0.515507343075,-0.219847675386,0.342250772077,2.01539595654,-0.471642092505,0.054900653889,1.24240875479,-6.53720892294e-08,-0.000523248702186,-7.16428847097,3.23839895571e-05,0.0283128072426,-4.09971079198,3.31181777142e-06,0.00865529225137,-0.491636588625,5.55171979201e-05,0.0115558191375,1.97412622883,-3.1456536782e-08,-0.000424185677311,-3.40354735891,5.04323985733e-06,0.00865934433412,0.0540970731616,-6.94089661769e-07,-0.000379505073214,-0.425830997489,1.54614890397e-07,0.000551192725298,-2.05058766987,4.38294683736e-06,0.00625216781896,0.703184694019,2.79698528942e-06,-0.00271131368543,-1.79678824556,7.36124381197e-05,0.0413621022166,-0.378460534812,1.06158478611e-06,0.0018286183887,-0.0148306824684,0.0802382169755,-0.395267914484,-2.98804607215,3.57233052071e-05,0.0264139475527,0.52017440107,6.02002280295e-07,0.000281581828063,-0.340787402562,0.0327250908339,0.466610339261,-0.437524104477,0.000434195907818,0.0560036662628,-3.70673529157,0.000106312033792,0.0378632081713,0.546073620908,-0.00384767508428,0.0438060120898
gradient,21,0.06,0.070000000298,predicted,Actual proposal support boundary; monitored coordinates are pre-native endpoint forecast,True,50,-0.14766223391,0.517472744349,-0.0969297097588,0.097275212965,0.183832299981,0.050422723803,6.20067370194,6.40266418973,-0.033471820368,-0.431228509904,2.45745228661,0.189517490164,0.265451724838,0.266544463698,0.254323316225,0.218220070494,4.68490143294,0.181598680492,0.7281454002,9.86880322101,9.75263172286e-09,9.83796639894e-05,9.05311785632,1.15433881211e-06,0.00158597714714,9.23018109384,1.48782244527e-07,0.000651115908047,8.25515118956,1.86232837171e-05,0.0097784900719,9.87531772389,7.70802494639e-09,9.12293828302e-05,9.20361583932,2.78382076347e-07,0.000795400649371,8.18470527004,5.49801798628e-06,0.00893824303544,9.3863507963,7.23977987894e-08,0.00038348238399,9.21531896297,3.12678969408e-07,0.000844900170883,8.71167622591,1.49192644811e-06,0.0027396655954,8.19775399185,1.34350035976e-05,0.0103084934952,8.61829448845,2.68817545141e-06,0.00367766789275,4.52403122977,0.203384624679,0.354315428569,8.69272243254,3.41335032738e-06,0.00372474929053,9.32472322666,1.14435290431e-07,0.000519074960624,5.28712133903,0.0567494925771,0.304280841661,7.31955511351,0.00028392395587,0.0647332829691,8.62612367625,5.12798134626e-06,0.00408143221678,5.52180334625,0.034936937189,0.16912847238,1.07083764944,-3.08406018943,-0.0103565454483,0.983774840832,-0.492191672325,0.105906817293,9.30537936867,0.13933365911,0.246963931296,0.117964384283,1.03344564338,-0.0133594777592,-0.0755482018687,-0.418124465353,-0.0721459791534,0.251794934143,1.56206519131,-0.342921644939,0.126454608871,-0.988706690977,7.31061980646e-08,0.000374854344022,-5.61289453196,3.87970125904e-05,0.0272918537871,-2.35519390185,2.7170682122e-06,0.00598650092124,-0.259663189066,7.09660242547e-05,0.00598102706789,-0.928955069686,1.1326094469e-07,0.000647916537187,-2.22846939074,4.92081385646e-06,0.00706571993832,-0.0181631703032,1.14332095373e-06,0.00124566631171,-0.823387164124,2.42292805775e-07,0.00104674412718,-2.75097276688,6.18374326339e-06,0.00848452597564,-0.0172388586878,6.7576000568e-06,0.00219509227022,-1.17285724497,6.48603114568e-05,0.0295856419106,-0.465790390064,1.91787016753e-06,0.003076458874,-0.0341094298433,0.0498003561158,-0.298393921454,-3.14415857261,4.59049799475e-05,0.0307311913835,-0.453192644713,1.10825985742e-06,0.00186258140676,-0.423521209671,0.0436484411736,0.345135679753,0.516626464364,-0.000762240731732,-0.0453250865525,-2.29127319393,9.09361233455e-05,0.027286450646,-1.05994790682,0.0879924021968,0.01296250065
gradient,21,0.07,0.0799999982119,predicted,Actual proposal support boundary; monitored coordinates are pre-native endpoint forecast,True,50,-0.139996366022,0.493390080659,-0.0961129902267,0.108665338717,0.18084846643,0.0515523133479,6.29919357687,6.39817643486,-0.0265648239712,-0.430655509332,2.44821237897,0.188888996158,0.265043451191,0.263732415391,0.254162130828,0.219308764983,4.69146973637,0.179947075415,0.726878304777,9.84605310463,1.11478442009e-08,0.000106783218962,8.99312198668,1.62398090478e-06,0.00189581534335,9.20828658944,1.75860070364e-07,0.000709094994365,8.25781928673,1.9016880426e-05,0.00971991809822,9.86577137476,8.99836607728e-09,9.83395429382e-05,9.18107677873,3.35074516997e-07,0.000872320359195,8.18674260142,5.4596559105e-06,0.00889484669875,9.37862309046,7.42807929862e-08,0.000392884934344,9.18076927793,3.94295489142e-07,0.000955324799104,8.7101974586,1.57205326447e-06,0.00277217405794,8.18645430585,1.40726744536e-05,0.0106016030134,8.60448903562,2.83580156953e-06,0.00380732519952,4.52542576928,0.203281120575,0.352186330171,8.65211281685,4.06969348868e-06,0.0041374160506,9.32279290904,1.23994018206e-07,0.000532660084917,5.27595574096,0.0577319892512,0.307090051109,7.32862065078,0.000271585503825,0.0638616462765,8.60044550748,6.1469258312e-06,0.0044009169694,5.50678289115,0.035984927313,0.169109128618,0.396487972753,-0.876853948258,0.426122188568,1.47346103191,0.213069349527,0.144365485271,8.76729467323,0.469329702552,0.734123780914,-0.117752089335,2.2837406863,-0.0732404556518,-0.0253201264395,-0.207835433627,-0.0236724718618,0.053674868787,0.337172587479,-0.0918848624073,-0.0885556184571,-1.32771535439,9.10959912714e-08,0.000517706631072,-4.82792710996,4.23706219363e-05,0.0262475045439,-2.20700818834,2.63995168311e-06,0.00572438059439,-0.0534177365986,5.64601848438e-05,0.00179578976061,-1.7996615811,1.95604096582e-07,0.00108737252642,-1.97148443209,5.36577949713e-06,0.00693549478259,0.798656644385,-1.86758016469e-05,-0.018970164205,-0.957798585167,3.31033309019e-07,0.00133863054094,-2.94390069987,8.52956713697e-06,0.0104371408971,0.207542801309,6.10496145835e-06,0.000746465203845,-1.72726529377,9.78880553275e-05,0.0446350405364,-1.6994045909,2.12977658751e-05,0.0171894345543,0.476068989706,-0.0686526392041,-0.0223694826353,-3.24379895941,6.21592337854e-05,0.0345059631756,-0.988927710983,1.61421845125e-06,0.00294546269869,-0.61525972725,0.0555658288625,0.191820052482,0.294279029586,-0.000524515024791,-0.0185039669196,-2.52135684172,0.000105105658307,0.031397017323,-0.691449355101,0.0582120185678,-0.0832328444267
gradient,21,0.08,0.0899999961257,predicted,Actual proposal support boundary; monitored coordinates are pre-native endpoint forecast,True,50,-0.139732474455,0.499935665384,-0.0884072659874,0.126744433603,0.188093686972,0.0533100335084,6.37601959541,6.41205078378,-0.0187893447497,-0.433583551691,2.50312710033,0.188052681051,0.26494532231,0.262387755026,0.253849866787,0.21929356787,4.69164488469,0.179760983244,0.726374287831,9.84224891393,1.15745515483e-08,0.000108733796611,8.95655931412,2.00175125083e-06,0.00211092723802,9.18604093007,2.01581278189e-07,0.000765603519935,8.25408283483,1.9752487414e-05,0.00981440586711,9.83932449227,1.1620106878e-08,0.000112976833359,9.16418615068,3.85697666289e-07,0.000934110545023,8.20067840293,5.12450195334e-06,0.00855883975134,9.3671948246,7.90184649698e-08,0.000410254994809,9.15644094897,4.83270312148e-07,0.00105364298883,8.71582708194,1.61402567727e-06,0.00275459489947,8.16320868597,1.53927647042e-05,0.011201194306,8.58430639663,3.11413076891e-06,0.00402145658384,4.53355260956,0.202011571895,0.353868038916,8.62784645336,4.65653500309e-06,0.00441486855404,9.30494467244,1.46719659456e-07,0.000577984214598,5.27481614449,0.0578608091543,0.308117242711,7.3254406941,0.000273433655374,0.0643632036307,8.57569653942,7.23009451241e-06,0.00470937256324,5.50797435915,0.0361011775604,0.167463815492,0.21576219194,-0.115790558588,0.476135730743,1.44008105993,0.9048602283,0.160610931688,6.30824211797,0.277015307542,0.455528306859,-0.182626081824,4.17581949868,-0.0524610903524,0.00771106625232,-0.0862942062744,-0.00012503424602,-0.0302868363528,-0.00342186218222,-0.00970385904804,-0.0184328351167,-0.169348470365,3.36700727444e-08,0.000159334940202,-2.68198434404,2.93516015836e-05,0.016164347201,-2.24610086612,2.60884762975e-06,0.00578892070117,-0.159074857041,5.96985080688e-05,0.00471051651155,-2.18769438644,2.61375359562e-07,0.00134114067192,-1.11565752852,4.07044878005e-06,0.00454071130537,1.0729285113,-2.56696114064e-05,-0.0257703308376,-0.87626617787,3.78228141559e-07,0.00138819437057,-2.36070418796,8.50690065395e-06,0.00934977605495,-0.02414261474,6.85669880793e-06,0.0023493488772,-1.92011680601,0.000111125426666,0.0503464110084,-0.704410500741,4.09499911948e-06,0.00602828957281,0.652856623146,-0.111444520847,0.253102541363,-2.49895631356,6.11283111647e-05,0.0288714275888,-1.70626406527,2.44635872852e-06,0.0045851573063,0.814036739438,-0.0310356360848,0.118371674991,0.0322283322636,-0.000122422385721,0.00486557488007,-1.22458118519,6.48394250761e-05,0.0163706474611,0.0397412780376,0.011010231762,-0.163162936639
gradient,21,0.09,0.0999999940395,predicted,Actual proposal support boundary; monitored coordinates are pre-native endpoint forecast,True,50,-0.135681122183,0.491074269488,-0.0865902756119,0.137466959915,0.198945670996,0.0547645319817,6.42535841923,6.40371674101,-0.0174542578341,-0.434308030968,2.53172876894,0.187839774351,0.265197672516,0.262006531265,0.254159630143,0.218703028256,4.69140129913,0.179752998234,0.726509648075,9.84266613522,1.18212456558e-08,0.000109969917766,8.9394822998,2.21101293645e-06,0.00221910228737,9.16336457211,2.28037022959e-07,0.000824873408388,8.25463778959,2.02108505874e-05,0.00981412842845,9.82201748703,1.42258732685e-08,0.000125162356377,9.15876362816,4.16483492598e-07,0.000963134585302,8.20820117165,4.94626368237e-06,0.008379440082,9.3610977669,8.18453558174e-08,0.000420648821756,9.13355519417,5.64433502221e-07,0.0011423203202,8.70971460631,1.70918724063e-06,0.00281916103549,8.14805196973,1.62951829869e-05,0.0116085312336,8.59040082561,2.91770155192e-06,0.00392789099097,4.53848290174,0.201052230158,0.357248380998,8.60213369058,5.29225971197e-06,0.00471484460237,9.28866762773,1.72921192776e-07,0.000624363231043,5.29223647575,0.0571112765295,0.309457484608,7.32926521742,0.000269137056111,0.0639589577741,8.57595388377,7.44371433272e-06,0.00472832991862,5.50757771671,0.0362051319482,0.165845869885,0.347889474461,-0.0972194810077,-0.0832797288895,0.418469905853,0.162168979645,0.0739431464751,2.9417138398,-1.14067699171,0.668102048016,0.189155377194,-0.731487386257,0.00774850751156,0.00710665438232,-0.0151488995612,0.0421969937566,-0.0529908927915,0.0693539286748,-0.00675747192845,-0.0505237557633,-0.999990299671,1.01073438152e-07,0.000543739728688,-1.57713111181,1.82504838827e-05,0.00959679219114,-0.974321206944,1.1757767319e-06,0.00257676864098,-0.646680351566,0.000113773450696,0.0145854329105,-1.04209572077,2.03915035072e-07,0.000883800506405,-0.316910858396,2.0944173893e-06,0.00183907312623,0.248472474105,-6.50212329197e-06,-0.00651860434742,-0.633471118431,2.10660419509e-07,0.000905875754258,-2.0418418474,7.96140853484e-06,0.00826006968783,-0.840714913145,1.00026290236e-05,0.00777521948121,-0.640169207186,4.37571793651e-05,0.0176267864508,0.59713544055,-1.6418668036e-05,-0.00837127806327,0.16895798323,-0.0325414585705,0.15574186731,-2.68166858531,7.41149647002e-05,0.0320380388995,-0.937385020096,1.87636982814e-06,0.0030614121091,0.983347172409,-0.0267731480098,0.0799728150714,0.517320098757,-0.000532731153007,-0.0585508115342,-0.128188988117,2.0406951472e-05,0.00311461522,-0.870877084003,0.0615440009429,-0.0523020774749
gradient,21,0.1,0.109999999404,predicted,Actual proposal support boundary; monitored coordinates are pre-native endpoint forecast,True,50,-0.132774684966,0.497991275764,-0.0900728605652,0.13511383172,0.191337066565,0.0547888964379,6.4348538722,6.38923724394,-0.00542730378941,-0.429800444147,2.48849735261,0.188207651201,0.265087455397,0.262084777035,0.254693806662,0.218233750014,4.69303196327,0.179625833805,0.725363812716,9.82224910793,1.35960203113e-08,0.000119608591185,8.92501669189,2.36676092849e-06,0.00230286308184,9.16655450593,2.25096812827e-07,0.000817138892754,8.2411492278,2.20279564279e-05,0.0101061145253,9.81848257785,1.56984075795e-08,0.000130652843487,9.15784793351,4.27586014075e-07,0.000970892007548,8.20564785241,4.9944594875e-06,0.00842846766439,9.35452540223,8.32316733599e-08,0.000428372509894,9.11560411202,6.42498482845e-07,0.00121884438258,8.69901278367,1.81407825774e-06,0.0029100992891,8.15040530183,1.62679082915e-05,0.011553730035,8.59624910544,2.78575740819e-06,0.00385403102257,4.53693176923,0.201360742723,0.356982876262,8.57421308165,6.1388342971e-06,0.00505562933203,9.28619697204,1.84247056019e-07,0.00063921245678,5.29448308793,0.0573253461941,0.309716699012,7.33578709607,0.000262779032314,0.0631921874001,8.57313275965,7.63823354184e-06,0.00477166486764,5.49055681747,0.0373320575792,0.166417773942,0.465177922818,-0.432563821843,-0.0722494125366,-0.472515463829,-0.998508304358,-0.0153513626006,0.619893486388,-3.2918971508,1.33446593207,0.677866701038,-6.39702898712,0.0506570760385,0.0147643887146,0.0389763959359,0.0531867470539,-0.0442890624271,-0.334678525477,0.0858722644506,-0.120617949372,-1.48851138989,1.29477932293e-07,0.000661613092335,-1.50617807199,1.63187163032e-05,0.0087203528287,0.949405499379,-8.30299700785e-07,-0.00212840096665,-0.440976077273,7.92310987104e-05,0.00964593573469,0.0686869480515,9.03980066339e-08,0.0002777451826,-0.423662529423,1.41825180145e-06,0.00149371095261,-0.164845923721,1.97412921634e-06,0.00282326799676,-0.493335791627,2.39754180886e-08,0.000432895068936,-1.96102479752,8.51644058072e-06,0.00821631712337,-0.749983323361,7.01351472965e-06,0.0062276839782,0.399710577288,-8.21459862565e-06,-0.00911672505063,0.130452438338,-5.72147074254e-06,-0.00223974244232,0.045806737103,-0.0283806096292,-0.0764928307094,-2.72064907806,8.56152022793e-05,0.0338294930661,-0.181937158475,8.50144931824e-07,0.00109889941274,-0.305509715279,0.0455134398062,0.0713088869148,0.628229764631,-0.000655961766269,-0.0720531001204,-0.442746462603,2.11384504016e-05,0.00635439478268,-0.825285156586,0.0707009858319,0.143626891864
gradient,21,0.11,0.119999997318,predicted,Actual proposal support boundary; monitored coordinates are pre-native endpoint forecast,True,50,-0.126377563726,0.482422993051,-0.0880352638626,0.128016650639,0.178975504909,0.0544575047297,6.43775628895,6.33787879799,0.00923506080729,-0.420750696947,2.4037881892,0.188852915872,0.265492960291,0.262786059184,0.255223365084,0.217817247007,4.68470772862,0.181470443523,0.724097289087,9.81289590743,1.44108043017e-08,0.000123202179613,8.90935873836,2.53738726251e-06,0.00239350934394,9.1823526821,2.11431028943e-07,0.000782305389055,8.24581826804,2.17954725616e-05,0.0100070471431,9.82339122599,1.60338334012e-08,0.000130717260029,9.15029037757,4.44848528627e-07,0.000993008804354,8.20490425318,4.9857462667e-06,0.00843590544193,9.35123105107,8.23248641792e-08,0.000429306723134,9.09433469822,7.34762313836e-07,0.00130664666267,8.69471493984,1.84945753522e-06,0.00294371471505,8.15604618127,1.61308910144e-05,0.0114261967326,8.59300987437,2.80327213707e-06,0.00388309614213,4.53939903648,0.200484617966,0.355718524384,8.54772070901,7.00456375756e-06,0.0053914344637,9.28502888456,1.89924091413e-07,0.000646341219298,5.28612628145,0.0580215453257,0.310883662347,7.34182981272,0.000256017820786,0.0625178957716,8.56709895452,7.86648334075e-06,0.00485541781428,5.49107201358,0.0376191516649,0.168718407722,0.770357339113,-2.35357281958,0.333204984665,-0.670999869704,-0.508931696415,-0.00463553216006,-1.573010219,-2.83972154091,1.42409446248,0.626772894487,-7.89256805964,0.0426396951268,0.0268893122581,0.114234984925,0.0624476593905,-0.0507699024409,-0.994775838146,0.23966957231,-0.0718114400796,-1.22488824105,1.30608744882e-07,0.000618982278881,-0.565981264258,6.6306508466e-06,0.00335221020545,1.49709487791,-1.29413992329e-06,-0.0032880291646,0.275623279802,-2.20548457392e-05,-0.00496605780868,-0.974350983541,2.06989593397e-07,0.000803011957231,-0.0621009970212,3.37748536057e-07,0.000247839317769,0.267187141051,-7.65306047199e-06,-0.00718084842895,-0.97131643386,3.91102374399e-07,0.00139379985799,-1.67808811805,7.39556403453e-06,0.00694250720124,-0.676620904283,6.51679274627e-06,0.00574164460445,0.344645119222,-2.6176149391e-06,-0.00724617746536,-0.114541177717,5.87565419785e-07,0.00116971083433,0.40444305872,-0.106809571417,0.0681512699779,-1.933485453,6.31666961365e-05,0.0248545142529,-1.0959363097,1.75694952873e-06,0.00293841995373,0.142739698745,-0.0091702607529,0.040172810889,0.394637299908,-0.000383659774984,-0.0475056360984,0.474053747299,-1.79086956331e-05,-0.00427944132947,-0.976672815545,0.0702647721561,0.0769848999852
gradient,21,0.12,0.129999995232,predicted,Actual proposal support boundary; monitored coordinates are pre-native endpoint forecast,True,50,-0.117367538184,0.450919819372,-0.0834087608719,0.121693834326,0.181158432636,0.0546961857947,6.40339366782,6.33244281313,0.0230545854603,-0.417264986258,2.33064599141,0.189060445104,0.265625241642,0.264369476733,0.25594275985,0.217218351965,4.6731364465,0.184419225251,0.723927583914,9.79775134311,1.6208195209e-08,0.000131988236762,8.9136970666,2.49937394542e-06,0.00236990728595,9.19649640349,1.99214014361e-07,0.000751378309462,8.24666169339,2.15868595131e-05,0.0100067933691,9.79899555818,1.98381994474e-08,0.000146713082631,9.15660591357,4.34340984796e-07,0.000975848793903,8.21099159523,4.84139827806e-06,0.00828485069581,9.33509907355,9.10537208479e-08,0.000456248507054,9.08204234966,7.90409763535e-07,0.00135769452661,8.68548036559,1.94441411267e-06,0.00302493218119,8.15729820421,1.62155559927e-05,0.0114088064857,8.59395828189,2.79750871659e-06,0.00387742523926,4.5450206304,0.199224551295,0.358345901662,8.53554337259,7.40216821983e-06,0.00555271961709,9.26427824584,2.19386046593e-07,0.000697980855854,5.29733788191,0.0571419409791,0.31052015523,7.34367984207,0.000255105836814,0.0622420746781,8.5826138346,7.28005962918e-06,0.00468607604105,5.47102336116,0.0387373530223,0.167957471942,0.37845181276,-1.00347605609,0.470339179039,-0.462800383568,-0.320821642876,-0.0141717709822,-3.19777183507,-0.378424972151,1.13988286046,0.11104169288,-7.7705530643,0.0205001449042,0.0199041143662,0.158976865465,0.0680043584576,-0.0672124823905,-0.965317338413,0.249398164443,-0.0462258100718,-1.85065313993,2.04325853962e-07,0.00101997498248,0.680706863684,-6.99054088974e-06,-0.00391216332019,1.42233629548,-1.00007188152e-06,-0.00292594590667,-0.429940918512,3.19483321858e-05,0.0104101386538,-1.83970717711,3.58479207632e-07,0.00137808420798,0.420535126671,-7.44321603476e-07,-0.00114117463306,0.468223877079,-1.20653421487e-05,-0.0121559173941,-1.88889067952,1.01859876318e-06,0.00315237468237,-1.6275452768,8.07696178459e-06,0.00708535192195,-0.693311097569,8.52234279304e-06,0.00639820011457,0.0894843280345,1.7129337986e-05,-0.000216003056504,-0.144036337124,3.09185866445e-06,0.0019477197923,0.629835579483,-0.141339415053,0.237193940213,-1.35261339822,4.8270310148e-05,0.0183051559202,-1.58976170522,2.58889603181e-06,0.00422440987376,0.878847451907,-0.0722664559856,0.0499870729114,0.070276104123,6.71210689082e-05,-0.0175700629122,1.5896822964,-6.22971162656e-05,-0.0177373746325,-2.50061322772,0.14000975905,-0.0330287826195
gradient,21,0.13,0.140000000596,predicted,Actual proposal support boundary; monitored coordinates are pre-native endpoint forecast,True,50,-0.118808527471,0.462353471929,-0.0786284802818,0.118760642967,0.172559072051,0.05417406931,6.37380085225,6.33031029855,0.0320327180166,-0.41852986309,2.24837712791,0.18926291877,0.265891042578,0.265965596493,0.256583452254,0.216472997359,4.66540138185,0.186458406812,0.723172772886,9.77588284463,1.84973213809e-08,0.000143601679263,8.92297287563,2.39757644472e-06,0.00231526607754,9.21079940801,1.91429591313e-07,0.000723786470922,8.23721944967,2.24344392053e-05,0.0102152499162,9.78659708245,2.32034175538e-08,0.000158278944188,9.15870108011,4.29962096558e-07,0.000970185311693,8.21426873072,4.74443942372e-06,0.00819278709405,9.31345323748,1.02696839443e-07,0.000492354216782,9.06178379268,8.96301549527e-07,0.00144835370111,8.68084871789,2.01990439109e-06,0.00307167871734,8.15783586783,1.64734777741e-05,0.0114218766714,8.59012914763,2.86510931036e-06,0.00392205053797,4.55199574807,0.197657829665,0.360462403188,8.52066844105,7.96996996052e-06,0.0057575375821,9.25323365046,2.41702012049e-07,0.000730829416773,5.30370323048,0.0565762162059,0.311883403805,7.3432353348,0.000257360242164,0.0621664945134,8.59889260045,6.62054101544e-06,0.00450067032163,5.44105974902,0.0404193468459,0.16805783207,-0.238936236045,0.446034042809,0.221926569939,-0.35485984385,-2.11592870951,-0.0797835801936,-1.49357601663,-0.57818450265,0.713765949575,-0.486857220883,-7.55946272578,0.020926856265,0.0332925979682,0.174978905099,0.0290031855267,-0.0916281918223,-0.457789570647,0.0917420181605,-0.183191017718,-3.3976962131,3.8083613832e-07,0.0018785525376,0.413483462388,-4.21352008269e-06,-0.00236488747056,1.11643573866,-3.32664095955e-07,-0.00188439522674,-1.47811806544,0.000124193516009,0.0323207721783,0.677514913926,1.52142034796e-07,0.000265240289879,-0.183341767024,2.45813070804e-07,0.000455533220458,-0.105852835676,-1.84379505493e-06,-7.98521819886e-05,-2.43201688863,1.44907548661e-06,0.00423380865774,-1.60322396214,8.1137398805e-06,0.00712225649506,-0.449250510901,8.1810849129e-06,0.00475808062357,-0.0407639058419,4.78634044449e-05,0.00539046240542,-0.578534099763,1.16852969999e-05,0.00705263710206,0.626305959169,-0.16469804533,0.0450489356292,-1.3302470821,4.60839666828e-05,0.018478865932,0.539041848957,6.04530786961e-07,-0.000157681371943,-0.187156170145,-0.00243634270464,0.145968239976,-0.180817409458,0.000343791104718,0.00835445826546,0.952726312564,-4.75171017511e-05,-0.0113943979516,-4.4196794223,0.238830445143,0.0542794515568
gradient,21,0.14,0.149999991059,predicted,Actual proposal support boundary; monitored coordinates are pre-native endpoint forecast,True,50,-0.122146262905,0.459840500229,-0.0789702294731,0.114596637449,0.138839858446,0.0531005141909,6.37352214749,6.32087912307,0.0373299044518,-0.427002130675,2.1794567369,0.189478982229,0.266291093602,0.267869054835,0.256522823561,0.215385788129,4.66398065509,0.186254065615,0.72026376356,9.72979741885,2.38249179754e-08,0.000169559287514,8.92196673585,2.41510354376e-06,0.00232260953654,9.21882511826,1.92560732442e-07,0.000713690404927,8.21709933208,2.40707298333e-05,0.0106532088127,9.81254585646,2.28810401433e-08,0.000152017888429,9.15293907823,4.39257246213e-07,0.000984959458312,8.20887453852,4.80452237696e-06,0.00828325365217,9.28645873578,1.2003523058e-07,0.000540924680209,9.04997787042,9.52684561145e-07,0.00150013965651,8.67649535537,2.10803581093e-06,0.00312009379366,8.15648292609,1.71728240816e-05,0.0115166157338,8.58238759989,3.03121465658e-06,0.0040184779813,4.55754674959,0.195930590388,0.359246880374,8.50893843095,8.32384755348e-06,0.00592229693573,9.27505908282,2.31476662333e-07,0.000694827228415,5.29359475851,0.057093214125,0.313439520029,7.34006349388,0.000261981658909,0.0624091638434,8.60166836085,6.32971759416e-06,0.00445818808202,5.38262977271,0.0435139619252,0.169043060973,0.0480325979264,-0.595162566156,-0.0647228956222,-0.884824179113,-4.01280993223,-0.108335303255,1.21265635064,-1.32937652688,1.03944993813,-0.661156976973,-6.75716074771,0.00453910416283,0.0817497914284,0.23849893866,0.00293942168794,-0.197135326219,-0.333009225245,-0.00158358910679,-0.442766038548,-4.81829964174,6.08415873205e-07,0.00290581512536,-0.568111043036,6.59698137747e-06,0.00338055018852,0.569774408653,7.13880563782e-07,-4.46301328689e-05,-3.12447043806,0.000297034359948,0.0719855657718,2.64063588887,1.90117200507e-08,-0.000431268201828,-0.76819878057,1.19745981675e-06,0.00194771984849,-0.601811443184,4.67126252652e-06,0.00955981789757,-3.11804481501,2.36162671476e-06,0.00611562125896,-1.76088070182,8.65327707589e-06,0.00778977486384,-0.739317933534,1.22367395879e-05,0.00761709123831,-0.401793365866,0.000111789527405,0.0177656007189,-0.891134387555,2.16998253027e-05,0.0118788376413,0.990868898326,-0.283960855252,-0.0667834445032,-2.0387140685,6.84986607124e-05,0.0292339890024,2.33542439373,-6.6216890111e-07,-0.00332593560585,-0.914924318155,0.0363758207434,0.0957232553238,-0.344305312214,0.000544843241012,0.0226429667372,0.123278269905,-3.22822669484e-05,-0.00357447746137,-6.713961481,0.343847092407,0.0706559926521
gradient,21,0.15,0.159999996424,predicted,Actual proposal support boundary; monitored coordinates are pre-native endpoint forecast,True,50,-0.117847875513,0.450450220606,-0.0799229381943,0.101064159385,0.0923028734064,0.0520073632449,6.39805397927,6.30372276801,0.0528217167792,-0.431753002629,2.11323391296,0.189353700853,0.267526038407,0.270735575266,0.256642240687,0.212530290835,4.65874119735,0.18642673503,0.714317452115,9.67951685179,3.0665638845e-08,0.00020171798177,8.91161065477,2.52951607227e-06,0.00238287708131,9.22219489618,2.05707202588e-07,0.000722893868265,8.17473004091,2.83751264043e-05,0.0116549612317,9.83940980023,2.35836519548e-08,0.000149653580152,9.14333710449,4.53911292893e-07,0.00100913970866,8.20223250185,4.83786467425e-06,0.008383983452,9.25109234117,1.49929373738e-07,0.000614666641961,9.02656617865,1.06936709105e-06,0.00160414919839,8.66606235922,2.26463918284e-06,0.00322402054211,8.14980000052,1.87092683222e-05,0.0117771886858,8.57230645988,3.29910581641e-06,0.0041596272908,4.57181312604,0.191978612559,0.359126734298,8.47989415968,9.33994317476e-06,0.00634221736215,9.29994213833,2.28458634027e-07,0.000664310704656,5.28540474412,0.0573037326208,0.313797868911,7.33634922855,0.000268257106984,0.0626193538482,8.60135816585,5.97489567647e-06,0.0044291807724,5.3067805194,0.047296288694,0.169470951923,0.176942492929,-0.740329794719,0.233658909798,-0.651764973998,-3.53232125193,-0.0112123675946,2.99214039485,-2.62578935449,1.21379072327,0.258113498398,-5.43969985846,-0.032939087266,0.136949546166,0.28765016078,0.0466641252838,-0.314568236404,-0.761729082332,0.0382908471557,-0.424251575055,-4.01748666717,6.57242070841e-07,0.00286325429457,0.0637083663389,-7.32623692837e-07,-0.000414545745259,-0.99012955087,2.69836477883e-06,0.00416532930893,-2.53515428799,0.000255402703682,0.0592067867903,-2.46292715372,1.09283736979e-06,0.00324662377044,-0.261218584503,-1.39608444645e-07,0.000301922760593,-0.209056772556,-6.04521418821e-06,-0.000168239969593,-2.98701141081,2.5824552765e-06,0.00641896958938,-2.10595230937,1.0023617702e-05,0.00924632324959,-1.0069477852,1.54697312833e-05,0.0106349843987,-1.43054124237,0.000211575567834,0.0463275597317,-0.960410027837,2.51341818851e-05,0.0123861376194,2.43767878203,-0.559162907234,0.295092299256,-2.17394379051,6.64959502581e-05,0.0320642012134,-0.579207534651,5.24829807143e-06,0.00501763853011,0.156933126982,-0.0301037974213,0.219375926099,-0.455547125203,0.000716302043105,0.0316782959611,1.06534199079,-6.45712394618e-05,-0.0146971278666,-4.97748768872,0.270459058425,-0.0142424219013
gradient,21,0.16,0.170000001788,predicted,Actual proposal support boundary; monitored coordinates are pre-native endpoint forecast,True,50,-0.118607413046,0.445033904334,-0.0742970512772,0.101561337969,0.0681934334075,0.052876266839,6.43336495539,6.26836333598,0.0616057189171,-0.421839860707,2.07066273973,0.188820200484,0.269030084525,0.273622058051,0.257456106066,0.209094423401,4.64874607344,0.187019882558,0.711778732059,9.64944768551,3.69697593922e-08,0.000226824373406,8.92324090318,2.40045106991e-06,0.00231431862164,9.19902252724,2.46528028019e-07,0.000796996991106,8.16639624632,2.9178783907e-05,0.0118373445485,9.76328731339,4.47377875391e-08,0.000216950363838,9.14771470654,4.3646507732e-07,0.000990997913524,8.20469340307,4.6836180932e-06,0.00827988885278,9.22671850756,1.7168433611e-07,0.000669304071996,9.00785882423,1.15315691519e-06,0.0016850661215,8.65635639967,2.41743043659e-06,0.00333279348163,8.12787210125,2.14043354383e-05,0.0124431669284,8.56317939934,3.53389829429e-06,0.00426620073369,4.60630032523,0.184747332244,0.365148726359,8.46545955514,9.65376655864e-06,0.00656358096,9.26347493213,3.36442623761e-07,0.000795179999018,5.29673342104,0.0564911381766,0.317827038551,7.33095255138,0.000276307699771,0.0630427297626,8.62297520067,5.03829280493e-06,0.00416424552469,5.28308001894,0.0489231430937,0.168758212535,-0.268534670462,0.0184162781553,0.627039909363,-0.150831885636,-2.32698991895,0.0624997205039,0.937855031293,-0.58585217943,1.12023406815,1.08004478535,-5.35184053344,-0.0841836125961,0.102447385095,0.140397051126,0.102458501221,-0.269603621628,-0.834828229204,0.0483656981055,-0.232008629607,-2.97458830999,6.54883071122e-07,0.00250805800748,1.77927893152,-1.90711965068e-05,-0.0103085175098,-0.64250089197,1.46391448657e-06,0.00265396911214,-1.13034580406,0.000106891057751,0.0245226825409,-8.09526519465,2.75448591292e-06,0.00772839616734,0.581551658448,-1.97934129916e-06,-0.00225070131807,0.163901168556,-1.17578297364e-05,-0.00749061007686,-2.31322501435,1.90529172044e-06,0.00503387058053,-1.14568872546,3.36195616775e-06,0.00440336248974,-0.823665524264,1.26169087574e-05,0.00966529781451,-1.37849835714,0.000191530124232,0.042243903611,-1.24619362862,2.9722875956e-05,0.0151857654759,2.83830703099,-0.564395397513,0.335870504472,-0.544343107792,-1.66413615478e-05,0.00876506004372,-4.53254974223,1.38608589674e-05,0.015804940187,0.891406298664,-0.0600206175425,0.296824130867,-0.670389568444,0.000914556384876,0.0613611516935,2.14348158904,-9.61999499162e-05,-0.0270814946879,-1.87305059967,0.153711940327,0.0483265709473
gradient,21,0.17,0.179999992251,predicted,Actual proposal support boundary; monitored coordinates are pre-native endpoint forecast,True,50,-0.123218568922,0.450818546169,-0.067382140007,0.0980475216722,0.0457630750275,0.053257357655,6.41681107989,6.29200572442,0.0752263981421,-0.410152106922,2.00619710229,0.187670028601,0.269574986108,0.273543516289,0.258691410712,0.207138218402,4.64204463276,0.187394048992,0.709677279523,9.62002508559,4.37633002674e-08,0.000251879141919,8.9471962334,2.14809214213e-06,0.00217670673111,9.20934487834,2.3498549232e-07,0.000775973250507,8.15212312483,3.05129475593e-05,0.0121454148825,9.67750449634,7.86733702133e-08,0.000304221503498,9.15496813766,4.14324466909e-07,0.000964125682302,8.20551052522,4.60270807953e-06,0.00823417125046,9.20482784089,1.88035208147e-07,0.000715344053572,9.00365240414,1.1366062144e-06,0.00169221644818,8.64958904873,2.51697735799e-06,0.0034173264984,8.12223003337,2.25398708069e-05,0.012622066758,8.54738258731,3.89356333553e-06,0.00446334260032,4.62857926666,0.180690704609,0.365844144387,8.46900729752,9.00711594381e-06,0.00651751856302,9.20929114349,5.05675813375e-07,0.000980409508395,5.3032328701,0.05610332027,0.319734351529,7.32294143718,0.000286548234682,0.063846576882,8.64422779763,4.05089667815e-06,0.00388755087864,5.26931950741,0.0503705275005,0.170437483342,-0.535434969586,1.67154047162,0.760192990303,-1.40963788331,-1.94548320025,0.0289118899822,-4.42901447304,4.98675791842,1.50732039518,0.401720062566,-6.1037406616,-0.129094248622,0.0696108668327,-0.0353246290919,0.11960300614,-0.17785258836,-1.23694489221,0.152580031426,-0.274803895012,-2.61088170222,6.48530936546e-07,0.00231908954469,2.13299277435,-2.17949074681e-05,-0.0120815994497,1.40538411518,-1.36707901076e-06,-0.00268347174197,-1.46766673775,0.000113830521043,0.0338310626377,-9.86929332628,5.22468741509e-06,0.0114832185195,0.161493317996,-7.13284676718e-07,-0.00083389743073,0.187543387514,-1.15764423138e-05,-0.00711425064314,-2.36008759594,1.9658321594e-06,0.00518137311935,-0.369281467375,-1.20016219918e-06,0.000759011178408,-0.285409867077,3.43376496249e-06,0.00351161187106,-0.309794305555,9.78498261235e-05,0.0123619861868,-1.16139997246,3.73979759145e-05,0.0170316495308,1.62578856473,-0.303551363406,-0.0712508398532,0.471300023252,-5.68053573666e-05,-0.00649666010253,-5.86409486166,2.10494614828e-05,0.0210210694656,1.29798321356,-0.128970915875,-0.135576908284,-0.952481420627,0.00113135751942,0.0994112159914,1.2085106815,-7.04494436885e-05,-0.0177666270491,-1.3544726721,0.12791430717,0.205236132631
gradient,21,0.18,0.189999997616,predicted,Actual proposal support boundary; monitored coordinates are pre-native endpoint forecast,True,50,-0.129316112438,0.478464713767,-0.0590931914711,0.0733685803032,0.0292837694025,0.0534545046386,6.34478466593,6.36809849435,0.0917521268206,-0.413805459456,1.9485879265,0.186238315511,0.270422301862,0.272915565469,0.259848166189,0.205537371633,4.6240071756,0.190071483186,0.706282654159,9.59723005146,4.99403781231e-08,0.000273206164299,8.96590075866,1.96455292055e-06,0.00207268663264,9.22713020955,2.19186447803e-07,0.000743327556267,8.13704291157,3.14553943278e-05,0.0125139658013,9.56590144686,1.49231535841e-07,0.000446614734229,9.1509445729,4.22199383785e-07,0.000974319964909,8.20844427082,4.45208924692e-06,0.00813760383992,9.17951675565,2.11000979298e-07,0.000772931534383,9.00047319488,1.1291536712e-06,0.00170024634507,8.65064820232,2.48610573584e-06,0.00340302571905,8.12167621514,2.33613319608e-05,0.0126904066522,8.53995139989,4.28185781258e-06,0.0046068337243,4.63881609652,0.178676304975,0.363723709562,8.4748855556,8.51765941131e-06,0.00643364775795,9.1461930349,7.57431853417e-07,0.00121560138833,5.32269308532,0.0539117198591,0.315115500386,7.31190292297,0.000298934850159,0.0650309540825,8.6471454143,3.62930393116e-06,0.0038089129837,5.2559905655,0.0514814292371,0.172862935188,-0.397040152161,1.66329555543,0.891163468361,-2.47077521682,-1.06896261871,0.0591034883754,-3.28359789122,7.07303969628,1.57605931375,0.0929973840832,-3.65369295221,-0.182952712779,-0.0199724416266,-0.0190274609233,0.0613286815563,-0.216315507229,-2.59447065332,0.277756045779,-0.417502317062,-1.86930435204,5.24739694241e-07,0.00173937900139,0.760898064737,-7.68752189062e-06,-0.00433256752818,1.6271091849,-1.89381531208e-06,-0.00347212016784,0.228889867661,-0.000172702938857,-0.00663665440044,-12.3132761154,1.13555659477e-05,0.0189364216716,-0.771237024812,1.11432409903e-06,0.0017757232437,0.509609870189,-1.70195699851e-05,-0.013630881417,-2.20286650907,2.01953203362e-06,0.00521161178913,-0.765939575248,1.80598677417e-06,0.00294965084131,0.268115350507,-6.87296901896e-06,-0.00343975027341,-0.663875713962,0.000140190082365,0.0241450631782,-0.724012357693,3.54822458329e-05,0.013836531457,1.43869116104,-0.330430389271,-0.0253509174622,-0.22470083457,-1.3958127813e-05,0.00396936800595,-6.97933553093,3.42833943951e-05,0.0285474943008,1.64102954806,-0.191586217074,-0.457109774637,-0.899950234092,0.00098660411676,0.0971205016118,-0.2374542446,-2.92754181828e-05,-0.00187058293657,-0.85414475568,0.0868476480828,0.152076828163
gradient,21,0.19,0.199999988079,predicted,Actual proposal support boundary; monitored coordinates are pre-native endpoint forecast,True,50,-0.131159371965,0.484084457277,-0.0495588706398,0.0486320173359,0.0243838226533,0.0544394274225,6.35113912207,6.43346651835,0.106747584417,-0.408292159241,1.93312324324,0.184010974346,0.269175537276,0.27316296707,0.259917984343,0.202811908258,4.5901552197,0.192949169908,0.701327233181,9.58263899855,5.42580941523e-08,0.000286666721947,8.9624141947,1.99434170432e-06,0.00209005538055,9.24188706204,1.97109186078e-07,0.000706530847151,8.15670092218,2.70588887822e-05,0.0120126817945,9.43123897403,3.05784689167e-07,0.000682949936931,9.13954339717,4.3661094889e-07,0.000999640147176,8.21570272263,4.26231667982e-06,0.00796155362213,9.16077051071,2.28425848819e-07,0.000819576289354,8.98833361263,1.17272594988e-06,0.00175120946501,8.65495135574,2.37951797761e-06,0.00334853149293,8.10895251909,2.53436724542e-05,0.0131049680216,8.53290234015,4.60320825219e-06,0.00474007322946,4.65735308988,0.174082096824,0.365337126038,8.46451328083,8.72795338755e-06,0.00659690592314,9.06970443287,1.19134370128e-06,0.00155135939441,5.33605346106,0.0522715959285,0.310592156036,7.3049424325,0.000306280317017,0.0657889869143,8.63947871273,3.46538831449e-06,0.00385013921991,5.2522366123,0.0521074804622,0.173479019905,-0.050992856293,-0.716600925022,0.928102731705,-0.891054391861,0.395444452763,0.186603751478,8.07196586223,1.44823427492,0.431865448679,0.209240679822,9.12198518693,-0.168773709192,-0.09469126882,0.00835508082259,-0.065571377009,-0.165252113781,-3.45722759614,0.281244199787,-0.567707475244,-0.59552276439,2.8874492394e-07,0.000872445736089,-1.31064138295,1.26096598042e-05,0.00716886967907,-2.8172800588,3.90693943364e-06,0.00783898286187,2.17941793714,-0.000397589371474,-0.0540849528867,-4.05033998745,4.34931059892e-06,0.00697189708359,-2.14128834805,4.35439245816e-06,0.00610812326562,1.34483532197,-2.96860334389e-05,-0.0304889635581,-0.938419778022,1.0324482221e-06,0.00266242638656,-0.463945881305,8.20135300166e-07,0.00165470658939,0.438814538977,-6.27077357543e-06,-0.00448693666234,-3.14359574523,0.000356615712916,0.0988271912972,0.22661480984,4.39683512574e-06,-0.00228745377861,1.94572133359,-0.455941316981,0.448252551356,-0.792316045142,1.82649985217e-05,0.012579375023,-3.74113080678,2.28705926618e-05,0.0171587136087,2.2797444743,-0.188583395703,-0.218686753394,-1.08170928759,0.00149334878439,0.110038274126,-1.96843940933,1.26682779651e-05,0.0181490478974,0.210959038411,-0.0015456443326,-0.263654141633
gradient,21,0.2,0.209999993443,predicted,Actual proposal support boundary; monitored coordinates are pre-native endpoint forecast,True,50,-0.130335969564,0.464132695266,-0.040531136837,0.055547492466,0.0371926584578,0.0571865796682,6.50622398317,6.39706317985,0.100389435794,-0.409620645859,2.13102763024,0.182862841327,0.268528476485,0.273082667085,0.258536738649,0.202232329358,4.55486262368,0.195696367182,0.694928504654,9.58531959617,5.57152766019e-08,0.000290655079021,8.939687931,2.21674611663e-06,0.00221606402622,9.17078460837,2.97325236476e-07,0.000900107213504,8.18063127031,2.35036068983e-05,0.0114322667435,9.48489464711,2.3621774782e-07,0.0005860526759,9.10811880594,5.09287232948e-07,0.00109648243022,8.23534097726,3.85836857814e-06,0.00752782456875,9.16074836009,2.3164994374e-07,0.000826180062114,8.99119427726,1.14555637721e-06,0.00173334047686,8.6594244931,2.36069026434e-06,0.00331328698581,8.05880430023,3.04936462191e-05,0.0146669504781,8.54448369608,4.36979451509e-06,0.00456108464873,4.67773052319,0.169557478636,0.372688760589,8.4590392347,8.88295938175e-06,0.00668523525841,9.07137041876,1.21484370665e-06,0.0015587756605,5.3682879748,0.050140051945,0.310741765318,7.29026873721,0.000328801825847,0.067231719565,8.60777662611,3.88266949046e-06,0.00417189394165,5.26020974626,0.0514505163504,0.167589852355,0.447276357754,-2.42566613104,0.449539422989,0.134841322899,-0.419080913067,0.0847402621697,11.8768038176,-4.64186815116,0.555270278576,0.609797630254,10.7014240602,-0.0575276325331,-0.0216987813563,-0.0951151774907,-0.0748664669434,0.0471340605344,-1.92363106759,0.0249557669433,-0.317723854549,-0.529968365648,2.00637005654e-07,0.000735083342916,-2.95427095776,3.06376836637e-05,0.0168799156191,-3.24980240006,4.43801041135e-06,0.00863215117568,1.4950100987,-0.00023069440998,-0.035827141676,5.14795792883,-6.04956257611e-06,-0.00882943319115,-2.96759360022,7.55432639421e-06,0.00957816077869,0.976672252965,-2.35731867198e-05,-0.0230011889635,0.081235957684,9.21047882946e-08,7.66072918992e-05,0.116061252525,2.09922087201e-07,-0.000321165233824,0.449683723517,-4.47205362764e-06,-0.00438251715363,-3.28430059602,0.000366689543701,0.10449160194,0.390296953252,-1.03732345305e-05,-0.00809666292252,1.43447490944,-0.349885759687,0.376447951804,-0.732434164929,2.72590154214e-05,0.0115985825652,1.6060189905,-7.44887107891e-06,-0.00610110526032,1.50184606914,-0.0805648665169,0.204391864446,-0.942449437873,0.00159325251622,0.0837175962323,-3.47814312381,5.95820282834e-05,0.0374988854367,-0.506358909965,-0.00408567990605,-0.274246966444
gradient,21,0.21,0.219999998808,predicted,Actual proposal support boundary; monitored coordinates are pre-native endpoint forecast,True,50,-0.12221384481,0.435571134657,-0.04056808218,0.0513288437939,0.016002204392,0.0561342326659,6.58867519842,6.34062915533,0.117852989989,-0.396096206636,2.14715172445,0.182860421695,0.268741561649,0.271260663521,0.258420655004,0.203754589468,4.55168259835,0.193448285247,0.69497275609,9.57203963124,5.82708342654e-08,0.000301368388805,8.90332877554,2.6070953776e-06,0.00242765369293,9.17689101404,2.85869394305e-07,0.000879173870664,8.18660112415,2.24450005826e-05,0.0112961389609,9.53419813261,1.84793437645e-07,0.000506361273108,9.08019152516,5.87697476774e-07,0.00119120336275,8.23523616769,3.79085294543e-06,0.00750152984286,9.16239522986,2.30267944585e-07,0.000821108435192,8.99065483768,1.17692439163e-06,0.00174478616033,8.66394503021,2.29007690506e-06,0.00326088114986,8.04326650717,3.26774633282e-05,0.0151948000604,8.54070827922,4.39574356158e-06,0.00457813997101,4.68604258807,0.16708438163,0.372866085074,8.44986459753,9.27313369598e-06,0.00682887757445,9.10182481268,1.0423662797e-06,0.0014293372892,5.36609038244,0.0506602985981,0.314679993325,7.28609344375,0.000338145367341,0.0674633388389,8.56991585026,4.65702888016e-06,0.00460011692864,5.2421094341,0.0520257668641,0.167994080576,0.709821165961,-2.9369285068,-0.30062520504,-1.05562204123,-2.37823474407,-0.0833425714459,7.16603794596,-5.92110742118,2.24200686372,2.00642423562,3.46122662453,0.0301730387291,0.0615739126229,-0.125731496488,-0.0113813213789,0.0652456085948,-0.23193956117,-0.140266447386,-0.197690133104,-0.0470617663541,-3.8642636794e-08,-8.78934588398e-05,-5.51609603105,6.93650570785e-05,0.0346226399736,0.89016973973,-1.41464681299e-06,-0.00275785449286,0.129680880738,-3.999536226e-05,-0.00295027504455,3.92507961881,-3.78059484034e-06,-0.00602738516099,-3.14909927089,9.43197655288e-06,0.0111430363718,-0.642056258412,8.00507753071e-06,0.0127759776768,0.775153568533,-9.88281658061e-07,-0.0022230929298,0.366322358283,3.60993972547e-06,6.50701588396e-06,0.169878943326,-2.7054280983e-07,-0.00195362509924,-1.14121193278,0.000178343156481,0.039816881307,0.900061250562,-2.15919232276e-05,-0.0129830975618,0.923454751761,-0.234452787366,0.0220877761307,-1.66611469219,9.52693842108e-05,0.0262948852399,2.82155671492,-1.48413262112e-05,-0.0114899156688,-0.00172624391666,0.00871080584905,0.299895179621,-0.328573713137,0.000637954598758,0.0236908478202,-5.26928417813,0.000152245636255,0.0651776066639,-0.376196568583,0.00844240673105,0.108844502209
gradient,21,0.22,0.229999989271,predicted,Actual proposal support boundary; monitored coordinates are pre-native endpoint forecast,True,50,-0.116139546245,0.40539412513,-0.0465436409378,0.0344350516415,-0.0103720364237,0.0555197282393,6.64954474209,6.27864103143,0.145229573069,-0.369492161147,2.20025216273,0.183466302102,0.269759954738,0.270568037156,0.258309112222,0.20353724153,4.55022383245,0.192891038234,0.690974701992,9.58437836085,5.4942423866e-08,0.000288897209844,8.82936601038,3.6040472582e-06,0.00290851682569,9.18858800317,2.69032300216e-07,0.000844950123647,8.18322488793,2.27036996531e-05,0.0113732612426,9.56339623949,1.60605851013e-07,0.000465504972681,9.04513682052,6.97926764006e-07,0.00131934315766,8.22249985209,4.01847012876e-06,0.00778334412229,9.17625143146,2.11884310579e-07,0.000781718203518,8.99852072442,1.21775517172e-06,0.00173347061717,8.66282207197,2.35527940814e-06,0.00327421448382,8.03598006158,3.40605093487e-05,0.0154632881042,8.5624849211,3.93795605054e-06,0.0043014226975,4.69619961823,0.164868422888,0.373130516112,8.42571694086,1.0788347066e-05,0.00721113296321,9.12780155306,9.18017182429e-07,0.00132897734713,5.36825344992,0.050314268062,0.31673966891,7.28369726295,0.000341560917822,0.0677055365214,8.50239094255,6.92758221556e-06,0.00547544607493,5.25268581489,0.0516193644851,0.169766742399,0.68123933924,-3.42107918396,-0.157012104988,-0.917619623244,-2.48362614214,-0.0656648274943,6.63592029506,-7.65775727744,2.37089762409,2.69693614541,2.9586153094,0.041540205917,0.0657684152483,-0.000883374152036,0.0370416497683,-0.0666785242518,-0.446662421378,0.0309999569845,-0.390856480262,1.49832467819,-5.09935151953e-07,-0.00172673419177,-5.96427427499,8.89091773295e-05,0.0406931347495,1.03903682148,-1.20787859808e-06,-0.00280766656582,-0.0346403655255,4.48850560949e-06,0.000895162286905,2.51226988766,-1.95898038006e-06,-0.00337681585145,-3.00668527595,9.49951582707e-06,0.0111415833923,-0.663616801313,1.06118537666e-05,0.0142493905069,1.0494636454,-1.16319305833e-06,-0.00283408941176,0.225665306307,6.44995480332e-06,0.00137581804971,0.62405339309,-7.13568181716e-06,-0.00633531249074,-0.495858202872,9.18166534804e-05,0.0180577658239,0.854445039514,-2.92030542725e-05,-0.0132718678264,1.44282058797,-0.326133569668,0.112871900266,-1.63434191812,0.00011360978973,0.025656572059,1.83184322775,-8.11114416082e-06,-0.00670548701973,-1.57167105571,0.0972707554563,0.197032866972,-0.222744403508,0.000393112524773,0.0176278291313,-5.87142698618,0.000227887259569,0.0802341536114,1.35621418744,-0.0701137945651,0.217959667861
gradient,21,0.23,0.239999994636,predicted,Actual proposal support boundary; monitored coordinates are pre-native endpoint forecast,True,50,-0.108589058025,0.367149550977,-0.0437083242798,0.032976451329,-0.0336703184509,0.054820936116,6.72139360432,6.18747400978,0.16527094247,-0.342157483727,2.20632403064,0.183691225813,0.270056929954,0.271242996038,0.259161487999,0.202421018983,4.54274934992,0.194068284386,0.687155626485,9.6020061248,4.80721312263e-08,0.00026683370497,8.78404329004,4.38527892418e-06,0.00324151638792,9.19767175047,2.61711822343e-07,0.000823020539348,8.18590831684,2.25347706948e-05,0.0113140422067,9.58444353036,1.45613830044e-07,0.000438824956079,9.02005781964,7.77687793316e-07,0.00141403503059,8.22196383166,4.00309002076e-06,0.00778651765299,9.18338450277,2.07004083419e-07,0.000764426646957,8.99516814381,1.30592348769e-06,0.00177230252133,8.67642609807,2.14736326872e-06,0.00313417490004,8.03334934312,3.45137963978e-05,0.0155559553769,8.55779718001,3.81168247613e-06,0.00431270261448,4.71489899983,0.160561710237,0.37512352308,8.41717775917,1.15453294906e-05,0.00734200901563,9.13846167724,8.80143396483e-07,0.00129522754881,5.33465696132,0.0526057137073,0.318620650664,7.28163855568,0.000346007617837,0.0678158954215,8.45248731054,9.21477407155e-06,0.00620480000087,5.26923371785,0.0506234909728,0.172353273934,0.0832924339667,-2.96871731383,0.494742155075,-0.151684539393,-1.88342581689,-0.0729017618937,7.85322606941,-10.6370117105,2.80575545149,2.44752380439,-2.51258889333,0.0358007416671,0.0688492749931,0.0681103773252,0.0941996408613,-0.17952248512,-1.1062203422,0.239502970624,-0.403216728908,-2.13107024751,6.07152714028e-07,0.00187519938949,-3.5313941411,6.27882585385e-05,0.0263047180386,1.16441169,-1.10605331107e-06,-0.00277898847176,3.51239808102,-0.000354802871402,-0.0834250046791,2.44865851998,-1.67637220251e-06,-0.00306332229684,-2.2291552087,7.1682754183e-06,0.00853974502437,0.434161532183,-7.92508644217e-06,-0.0101271178648,0.654186652833,-5.1622263272e-07,-0.00156782976633,-0.545714490809,8.93534961519e-06,0.00446575944148,1.15112807304,-1.78699349885e-05,-0.0120272873961,-0.125677585139,3.08168689089e-05,0.00420683267487,-3.17199751889,6.3475763071e-05,0.0398052137188,1.87296094785,-0.428001886479,0.184713199283,-0.892462216673,7.44616546924e-05,0.0139157123092,1.2837739523,-4.88246998492e-06,-0.0042938679563,-3.87655063722,0.249734365711,0.111736561637,0.262020220645,-0.000295216082081,-0.0374967084078,-4.14141973797,0.000199101111728,0.0628160941163,0.730651461475,-0.0538781382159,0.0825957099501
gradient,21,0.24,0.25,predicted,Actual proposal support boundary; monitored coordinates are pre-native endpoint forecast,True,50,-0.114473697565,0.346019778853,-0.0366487978363,0.0314013608536,-0.0480405527616,0.0540616930014,6.80660926348,6.06590079722,0.201344682098,-0.320541685059,2.15000038486,0.184182316935,0.271136940238,0.271930244702,0.260193105039,0.199946791827,4.52809942561,0.197681097647,0.682910367413,9.5417569559,6.70854781466e-08,0.000326401197634,8.75873812756,4.85981242897e-06,0.00343461118646,9.21187623697,2.46911233995e-07,0.000789370354212,8.25347284955,1.56076422251e-05,0.00970476114907,9.61236940989,1.27078406963e-07,0.000404238526744,9.00055371635,8.41292272372e-07,0.00149013805814,8.23118308273,3.85996839991e-06,0.00758080176499,9.18933516451,2.01559857924e-07,0.000750361608192,8.98760643461,1.39646216402e-06,0.001822785806,8.68584463343,1.99788070837e-06,0.0030336687359,8.03346650987,3.46768467269e-05,0.0155474247577,8.49904497072,5.20747131196e-06,0.00509752697187,4.73365883719,0.156308385159,0.376824780098,8.40786769652,1.22775801598e-05,0.00748944720939,9.1534770321,8.20367782731e-07,0.001243099988,5.29072243718,0.0553089553762,0.318974400143,7.28893766737,0.000335656596181,0.0669556023532,8.41956254779,1.09096044501e-05,0.00673176795726,5.26729884412,0.0505418017208,0.171418656598,-0.821673787865,2.00564237902,1.10010099411,-0.445010766387,-2.49101120234,-0.186728230103,10.4210293539,-15.186964895,4.22819498779,1.98303742275,-10.3874396716,0.00473743900951,0.0664051788226,0.142843879329,0.201086822183,-0.25203104058,-1.7941010991,0.423819463117,-0.465463636797,-6.86034150863,2.4962037981e-06,0.00748595804403,-2.79201748961,5.93291379267e-05,0.0225803356648,2.72264169755,-2.82008645567e-06,-0.00626535524774,5.89720768487,-0.00054106982022,-0.136780529576,4.27552652479,-2.53184533368e-06,-0.00499581515733,-2.23284837157,9.02849451104e-06,0.00944211006526,1.24360666673,-1.96331468109e-05,-0.0275213398051,0.302500450324,-3.10750301172e-07,-0.000905248462883,-1.72062487264,1.41838613268e-05,0.0094175886252,0.869519075501,-1.26539070898e-05,-0.00915744171473,0.524598073971,-4.65268738758e-05,-0.0174478114302,-7.16644499058,0.000194467083276,0.10241844501,2.49440924413,-0.581143060637,0.172718174084,-1.92666179012,0.000118165145869,0.0327352469575,2.78132248408,-1.06518277786e-05,-0.00953505468373,-4.95264710157,0.343827490467,0.0835724349162,0.30131828076,-0.000439199010384,-0.0383282317161,-2.57293137793,0.000131112506462,0.0405465546049,-0.649986538724,0.0162975359369,-0.052811696398
gradient,21,0.25,0.259999990463,predicted,Actual proposal support boundary; monitored coordinates are pre-native endpoint forecast,True,50,-0.125022533783,0.407262398558,-0.0217063043976,0.0240762360013,-0.0834905424976,0.051086371514,6.9298141914,5.88373471188,0.249834842226,-0.302496735272,1.9985752372,0.183785974593,0.27138503353,0.274099873624,0.263183224443,0.197380398172,4.50686732794,0.202544673649,0.677846353749,9.46479929463,9.79962071884e-08,0.000416552865851,8.72820294025,5.57186168272e-06,0.00369312310122,9.25212458442,2.0531009323e-07,0.000697713434393,8.30385247054,1.17133742903e-05,0.00857843161517,9.66995406085,9.49769233699e-08,0.000338908652932,8.97540085221,9.58257683537e-07,0.0016028772319,8.246835965,3.61042708454e-06,0.00723609085689,9.18943451177,2.00789077395e-07,0.0007463216777,8.96075564636,1.58960071423e-06,0.00196065429383,8.69381647958,1.89428512692e-06,0.00295102606575,8.0438413046,3.35832589203e-05,0.0152069991483,8.4144682802,7.70102414165e-06,0.00636107151468,4.76478718471,0.148938849024,0.378577886561,8.37864452337,1.3908632408e-05,0.00799671395478,9.19408812692,6.67106840912e-07,0.00110452645514,5.23560401929,0.0594822635166,0.320292099363,7.28766492129,0.000337223637629,0.0670493307872,8.40102868298,1.18370242008e-05,0.00701573109297,5.25623398707,0.0509494416915,0.171297040006,-0.566707743987,3.2341904304,1.10770404339,-1.24143777601,-3.92993678153,-0.229976671474,15.2147397203,-19.0960319985,4.480217265,1.10714990583,-14.4635930512,-0.0526769639821,0.0304131718367,0.14234187549,0.275154098577,-0.192361121069,-1.49331921603,0.36078649703,-0.586731119452,-7.49506646464,3.68180635908e-06,0.00988845811308,-3.50202647428,8.62174697083e-05,0.0302753014107,3.41582415055,-3.33871845942e-06,-0.0074880229932,4.30439248797,-0.000307266033418,-0.0940047045426,7.36844055537,-3.37214145897e-06,-0.00745949836847,-3.14229066343,1.4694472648e-05,0.0142840614529,1.29295331149,-1.75899238539e-05,-0.0279784126636,-0.277088678532,2.63741660236e-07,0.000421172229047,-3.17448216617,2.41455566919e-05,0.0167523438683,0.30102508385,-4.97994186087e-06,-0.00393662558806,1.66062528555,-0.000196935798474,-0.0534647960755,-7.93721394032,0.000287672226674,0.128207643474,2.71093807909,-0.67495737317,0.126390112671,-3.97243715162,0.000243975008122,0.0721784322093,4.95984607221,-1.61191514726e-05,-0.015542145121,-4.82264712945,0.377503474265,0.248676644905,0.0333147530944,-5.31782393795e-06,-0.0121639653003,-2.33087568302,9.67631132499e-05,0.0373965553536,-1.27559849021,0.060866626208,-0.017183947801
gradient,21,0.26,0.269999980927,predicted,Actual proposal support boundary; monitored coordinates are pre-native endpoint forecast,True,50,-0.125807852445,0.410703587461,-0.0144947169685,0.00657260533333,-0.126639288392,0.0494621595719,7.11090405789,5.68398015725,0.290949027398,-0.298398686943,1.86072852384,0.183128777656,0.271745203674,0.274777082212,0.26569618701,0.196099569406,4.49823304129,0.204896827587,0.671175745024,9.3918556266,1.40721605328e-07,0.000524170359896,8.68869759808,6.58416182314e-06,0.00404011721468,9.28019271998,1.80136864807e-07,0.000639609894348,8.33956069931,9.46232155673e-06,0.00782466705821,9.759738221,5.96355777831e-08,0.000255048559374,8.93770790308,1.13518172533e-06,0.0017758192872,8.25704214896,3.50816992283e-06,0.00702123351172,9.18379339094,2.06834691129e-07,0.000758785052773,8.92411679128,1.87937329786e-06,0.00215783268337,8.69186513511,1.89828187115e-06,0.00295493622414,8.06667901558,3.07381307574e-05,0.0144781288362,8.34030069191,1.09609158454e-05,0.00766167984135,4.78787759877,0.142809237695,0.379352582351,8.32841895349,1.71570803223e-05,0.00893301585357,9.25267395355,4.97984753278e-07,0.000932257085583,5.19426949459,0.0628590248615,0.323947933041,7.28960396243,0.000335550239702,0.0667123230472,8.37294503413,1.28448667151e-05,0.00747969906433,5.24178687432,0.0517591342449,0.171074977642,-0.143392004388,1.4013495945,0.656501173973,-1.2865043357,-3.45098635554,-0.180485666432,19.826230823,-18.7833255576,3.28679313802,0.13460518247,-13.9585372226,-0.0604851756084,0.00668568825275,-0.0425466952303,0.190843951023,-0.0426045440044,-0.643251523328,0.155724849205,-0.59423783596,-7.31518560189,5.30015293609e-06,0.0122582682267,-2.61412276221,6.71491302948e-05,0.0227105674042,2.16545663071,-1.91403745767e-06,-0.00443239122703,3.64981999884,-0.000189214018499,-0.0732504449852,8.97190462018,-2.8970614736e-06,-0.00744290350639,-3.19520544713,1.4239648936e-05,0.0146157919079,1.13605983917,-1.31106260107e-05,-0.023087255426,-0.460126620739,5.44166510862e-07,0.00111229060637,-4.08896514217,3.19341711154e-05,0.0222591877881,-0.938803875328,9.58543144359e-06,0.00777453119926,1.81168803984,-0.000232623965022,-0.0572463426037,-6.60936469155,0.000319446587931,0.121044185858,2.10443515115,-0.550968297021,0.044305589723,-5.33245949526,0.000358356126532,0.105590472616,5.76355221309,-1.46876016419e-05,-0.0158420040606,-4.59359118921,0.385363758709,0.335151825772,0.463143399413,-0.000532066678808,-0.0602597236988,-1.35925596365,-1.05057890835e-05,0.0230371756775,-0.925874468435,0.0650653170826,0.00954445337838
gradient,21,0.27,0.280000001192,predicted,Actual proposal support boundary; monitored coordinates are pre-native endpoint forecast,True,50,-0.12789037387,0.435289390448,-0.00857628091812,-0.00165385071278,-0.152510269608,0.0474766581853,7.32633880786,5.50806820073,0.315570704987,-0.299804631623,1.71940449275,0.182576271081,0.271518747295,0.27324893972,0.267000103464,0.196528307292,4.49400229747,0.205659170633,0.66596159703,9.31849558259,2.0399926591e-07,0.000661718230384,8.675920485,6.91484428862e-06,0.0041473344493,9.29543371704,1.67029344077e-07,0.000609065609852,8.37684887052,7.92909392037e-06,0.00711342271547,9.84939215326,3.70356938979e-08,0.000190050582804,8.91149674327,1.24305066226e-06,0.00189519307006,8.26955716178,3.34821456433e-06,0.00677434574837,9.18023197936,2.11672407612e-07,0.000768567489827,8.87897634351,2.22828413654e-06,0.00240583804959,8.67504040208,2.08599375579e-06,0.00310651668973,8.08007506539,2.89307796199e-05,0.0140620722962,8.28228098637,1.40899559003e-05,0.00878195523183,4.80687588773,0.137919483084,0.379463998356,8.27199533346,2.10757549386e-05,0.0101085234071,9.30935917118,3.73354808073e-07,0.000787686373923,5.14373219551,0.0671895386908,0.326995135878,7.29692778928,0.000326582304053,0.0658441363132,8.3738435637,1.16269084191e-05,0.00747647460652,5.2377164977,0.0522507480332,0.171487929073,0.230607062355,-1.66118556977,0.654237985611,-0.508319169283,-2.19984976947,-0.0524196706697,14.0773052984,-11.2948033578,1.62248010332,-1.50695073657,-8.30700655213,-0.027805514889,-0.00653843595541,-0.108024678183,0.0639054640308,0.030707260328,-0.235918370625,0.0311942793319,-0.34731265215,-3.98830780919,3.61703641515e-06,0.00758706497343,-0.526506422022,1.16179953994e-05,0.00391324062544,0.731517277322,-6.45820506834e-07,-0.00149404785342,1.29872717453,-5.48489905347e-05,-0.0250359936979,7.28754214509,-1.61577885748e-06,-0.00489013672351,-1.93977392776,8.4899983666e-06,0.00920199753035,1.30114256394,-2.11612544884e-05,-0.0264381235669,-1.65197771028,2.19328862197e-06,0.00452694007423,-2.71314948383,1.90140384374e-05,0.0145291831065,-1.15332506419,1.51197471305e-05,0.0111214379632,0.838391423016,-0.000116849067208,-0.0260634044195,-3.28905984791,0.00016591873433,0.0624103478297,1.21012399351,-0.333079634474,-0.0582884962578,-3.54683572547,0.000243026565875,0.0753150727961,5.07170658069,-1.02043815336e-05,-0.0123754297626,-2.15202975663,0.198200494727,0.281128093288,0.00115771323334,-0.000154916274465,0.00756776069095,0.00253672902045,-8.19461930064e-05,0.000996186479807,-0.411527359267,0.0513277374191,0.0601238716279
gradient,21,0.28,0.289999991655,predicted,Actual proposal support boundary; monitored coordinates are pre-native endpoint forecast,True,50,-0.121195711198,0.377479876066,-0.00140995725632,-0.00359377805233,-0.170636283782,0.0484137661585,7.39245016385,5.45808409009,0.323398629465,-0.328537701674,1.69458839279,0.182572667358,0.271614434955,0.272616588648,0.266974296291,0.196713714612,4.49351467388,0.205520713174,0.664229491981,9.31208947042,2.13062333631e-07,0.000675911659364,8.67816746964,6.81652173112e-06,0.00411838202719,9.29482306552,1.6722045467e-07,0.000609728937279,8.3655352428,8.36534174604e-06,0.00732394718426,9.9054890639,2.73200006336e-08,0.000157245824904,8.89891242452,1.30498169266e-06,0.00195985923781,8.28306500024,3.08494483307e-06,0.00649247104038,9.15075383674,2.50700463569e-07,0.000849323854257,8.86985380161,2.2596540666e-06,0.0024484163455,8.66879863382,2.20067681376e-06,0.0031773649834,8.08344684404,2.84011494132e-05,0.0139568607478,8.27451949495,1.4279290532e-05,0.00890988679794,4.81208007864,0.136147645006,0.378186812426,8.25748223898,2.20176116398e-05,0.0104393173095,9.35410808516,2.93897122606e-07,0.00068474849033,5.15122889946,0.066823034756,0.329570494907,7.28962711669,0.000332451914213,0.066863678261,8.37299576871,1.1205942855e-05,0.00749962279392,5.23355632713,0.0527856889933,0.172277455075,0.175427838115,-3.2069011547,0.295982718468,-0.255849659443,-1.55826848745,0.0763294972138,4.44319999139,-3.64916987853,0.522628597526,-2.38295793922,-1.91246286555,0.00273503962192,0.0115768848824,-0.0410323086757,-0.00275845613391,0.0143062773144,0.37971637596,-0.0863252969525,-0.0893576703445,-0.179339443467,3.98175317276e-07,0.000444114074286,0.192536233878,-7.71102047514e-06,-0.0023812009339,-0.278692681423,2.18480186444e-07,0.000507768065334,-1.42126464455,5.93327469281e-05,0.0268102977402,4.53073891546,-7.20483558288e-07,-0.00251554025989,-0.73731548952,3.58588010506e-06,0.00379256973768,0.732923042043,-1.50479740644e-05,-0.0157801387156,-2.22429549207,3.00819896912e-06,0.00617204003554,-0.645282687644,1.91301731752e-06,0.00297493902448,-0.658481706126,1.04378610561e-05,0.00686360238321,0.554921142233,-7.38091494505e-05,-0.0170629324043,-0.25814752001,-4.89943102539e-06,0.002858102731,0.144037922196,-0.0966234638134,-0.130452278766,-1.11125935572,7.49449243647e-05,0.0254364701702,3.76016955283,-6.14039207573e-06,-0.00823321372797,1.01098656096,-0.0572248559378,0.243047614489,-0.377400328302,0.000206342056587,0.05733103113,0.00089994889845,-3.40936613133e-05,0.000467264478752,-0.660598115643,0.0611175956605,0.0574420432404
gradient,21,0.29,0.299999982119,predicted,Actual proposal support boundary; monitored coordinates are pre-native endpoint forecast,True,50,-0.124381817108,0.371151367354,-0.00265662654877,-0.00677084390163,-0.183675639358,0.0490032481296,7.41520280768,5.43508480315,0.326023276937,-0.347463790407,1.68115523544,0.182630971874,0.271750284993,0.272428293546,0.266944934341,0.196814432838,4.50159662499,0.203932664694,0.664174443623,9.31490879372,2.11962772256e-07,0.00067060051187,8.67977120968,6.76062387911e-06,0.00409971043062,9.28985986341,1.71398947805e-07,0.000619220971159,8.34842357763,9.11574885894e-06,0.00764962867027,9.94000693157,2.26260227322e-08,0.000139739777606,8.89675043348,1.31476826436e-06,0.00197104446481,8.28421562262,3.04725508304e-06,0.00645874297406,9.13574606952,2.71836386995e-07,0.000892008290538,8.86607068976,2.26654448289e-06,0.00246533683008,8.66187076795,2.29475097692e-06,0.0032437887374,8.09117348824,2.74545966308e-05,0.0137208136481,8.27711803597,1.39919672798e-05,0.00883911728645,4.80975664618,0.135987013807,0.37685495278,8.24977014635,2.25746534259e-05,0.0106172528105,9.38456256224,2.50546966558e-07,0.000623022099363,5.16395192673,0.066045041572,0.331856088168,7.28937978271,0.000330709145185,0.0669907569358,8.37386156268,1.09450351928e-05,0.0074858198961,5.22450453539,0.0534730999464,0.172636769938,-0.83550788949,4.02784308367,-0.143979668617,-0.307771235705,-0.985396787524,0.0942452946449,1.24695829357,-1.41449974717,0.105181430782,-1.67948254756,-1.4495358802,-0.000887019399354,0.00231134120038,-0.0140411810872,0.00401982474049,0.0100815098681,0.7107206353,-0.146150550197,0.015012328067,0.270494566259,-1.42501189285e-07,-0.000505232548016,0.532789323754,-1.62724236908e-05,-0.00529871591803,-0.669010863416,6.13452835869e-07,0.0013652586076,-1.49404791522,6.62580694179e-05,0.028594231577,2.40236467379,-3.15178755081e-07,-0.00119170990975,0.0160295976119,-2.47993472959e-07,-7.57682218624e-05,0.0726875821142,-3.14616688898e-06,-0.00258313292096,-1.39928443269,2.05645033015e-06,0.00408958912042,-0.20915447173,-2.1540476505e-06,0.000406084830169,-0.845243894065,1.20349910602e-05,0.00834713030224,0.772021541702,-9.52795431142e-05,-0.0233689118711,0.158558556669,-1.43777797385e-05,-0.00406093448161,-0.183363920726,-0.00224145190386,-0.107411176582,-0.616962057645,3.52665900667e-05,0.0147944353621,1.87135457645,-2.51649603391e-06,-0.00363122461288,1.24589379972,-0.077727694284,0.180817706162,-0.0218964696135,-0.000141177515929,0.0108059946114,0.405635537807,-4.45376007039e-05,-0.00708827668843,-0.706146156395,0.0530238009328,0.0338575454551
gradient,21,0.3,0.310000002384,predicted,Actual proposal support boundary; monitored coordinates are pre-native endpoint forecast,True,50,-0.137905868988,0.45803673774,-0.00428955062867,-0.00974920276642,-0.190344219532,0.0502986720514,7.41738932973,5.42979409515,0.32550225808,-0.362127352625,1.66559767519,0.18255492697,0.271660661779,0.272335765026,0.267054692786,0.19691534481,4.50772908658,0.20259770217,0.664529738543,9.31749936174,2.10212309845e-07,0.000665807008404,8.68882325611,6.49107325731e-06,0.00401240770883,9.28144284826,1.79489511387e-07,0.000637034109431,8.33565428449,9.69050313439e-06,0.0078958318158,9.95353635737,2.1016425532e-08,0.000133411626709,8.89923301648,1.30002182321e-06,0.00195834387337,8.28451875188,3.02202149529e-06,0.00644080838196,9.12276814808,2.91829470172e-07,0.000931115636666,8.86567071217,2.21657311359e-06,0.0024565380421,8.65189375594,2.44137663497e-06,0.00334430758945,8.09888727488,2.6495558551e-05,0.0134894825104,8.27769066609,1.39917349373e-05,0.00882866810831,4.80841280022,0.136102815968,0.376038588894,8.24514299783,2.27229434411e-05,0.0107352060167,9.39153517669,2.43567201928e-07,0.000612123998072,5.17614677545,0.0652684808704,0.33318684903,7.2891891873,0.000329628363894,0.0670797981533,8.38110847946,1.03151908409e-05,0.00735785726015,5.219433404,0.053846165012,0.172954605984,-0.602995477165,3.89082467435,-0.0992523431778,0.101166307926,-0.78092995286,0.0450351508086,0.506742230109,-0.226062732497,-0.593278749956,-0.432868705498,-0.87430646706,-0.0103879616688,-0.0115012426961,-0.00548138774801,0.00206059736911,0.00852750443775,0.38782301727,-0.0983244156296,-0.0312520464981,-0.439011315037,5.01546305186e-07,0.000929018684191,0.490062425937,-1.38346097729e-05,-0.00457503441237,-0.761944786867,7.12129424042e-07,0.00159636953241,-1.00867887237,4.37750051403e-05,0.0192485770681,1.37605119341,-1.5861387151e-07,-0.000632602637994,0.0367352986978,-3.21872571388e-07,-0.00019806858376,-0.175777465543,1.36380156053e-06,0.00254280612515,-0.647485142411,9.41852427057e-07,0.00185985662412,-0.13230985942,-7.37672754129e-07,0.000467624872358,-0.131408468682,1.90427694803e-06,0.00152547386349,0.296468331171,-3.39194382046e-05,-0.00884415676332,0.0959823794109,-5.88382844133e-06,-0.00219865873812,0.192727303112,-0.0262853400747,-0.0430804989727,0.0173726189967,-1.90725942234e-05,0.000450087896773,0.420150369919,-3.8348994754e-07,-0.000605070032663,0.235751646511,-0.00372119052476,0.114533098898,-0.105030938129,9.05457393432e-05,0.0144176763032,0.190036192166,-2.36962588023e-05,-0.00329466042525,-0.962017016448,0.0589642993037,0.033071234732
gradient,21,0.31,0.319999992847,predicted,Actual proposal support boundary; monitored coordinates are pre-native endpoint forecast,True,50,-0.136441726651,0.448967860841,-0.00464167341233,-0.00474751774311,-0.199294238415,0.0499039511458,7.42533765229,5.4305635485,0.314157701938,-0.356121164517,1.6636691061,0.18242321264,0.271520260139,0.272318665791,0.266986146288,0.196984982927,4.50935308533,0.201966176381,0.663549402693,9.30612856742,2.21993698359e-07,0.000689180885553,8.6895724582,6.48393168366e-06,0.00400820974237,9.27462096767,1.85641536286e-07,0.000651148361807,8.32825000018,9.99124896174e-06,0.00803460021163,9.96752795544,1.9453745302e-08,0.000127087724847,8.89748513945,1.30833081293e-06,0.00196708309314,8.28070007331,3.07453111425e-06,0.00650959909656,9.12279636667,2.90673435536e-07,0.00092920542302,8.86342449257,2.25179102781e-06,0.00247468932753,8.65924259858,2.33283651588e-06,0.00327429821467,8.09710285486,2.67762078668e-05,0.0135439305128,8.27903768355,1.38742907109e-05,0.00879514411169,4.81361119224,0.135461307006,0.375993342801,8.25011759873,2.21932015414e-05,0.0106262545684,9.39296556963,2.42877167607e-07,0.00061092069871,5.16866695966,0.0659706177615,0.334146750146,7.28727916395,0.000332520059971,0.0672791104619,8.37766228652,1.04711100168e-05,0.00741992668759,5.20526419506,0.0546523859324,0.173298194633,-0.0814421749475,-0.296267280114,0.0102390050889,0.361931592226,-0.709837764502,-0.0811896859409,1.36677532263,-0.403891222499,-0.225694714317,1.3515585887,0.531942311997,-0.0105272510312,-0.00744792443417,0.000881152236879,-0.00411424856865,-0.00532454395173,0.143084692705,-0.0387835667648,-0.0964157723533,-0.628302548142,6.83528267596e-07,0.00130132497602,-0.189903975259,6.11575163804e-06,0.00190779659929,-0.202370717172,1.60599329632e-07,0.000398278413018,-0.540144402312,2.21173232769e-05,0.0101695527644,0.94249165115,-1.01059081475e-07,-0.000411092028235,-0.167756106866,8.07531545777e-07,0.000809010261857,-0.389742430358,5.02970313825e-06,0.00716073941097,0.168583886147,-3.36118096714e-07,-0.000609565171337,-0.287771719391,4.80940024807e-06,0.0023345136132,0.588090379288,-9.76136504464e-06,-0.00585285834038,-0.748690578018,9.57699940377e-05,0.022943534685,0.319695518116,-2.86856730123e-05,-0.00784367953295,0.907318556746,-0.13476753136,0.0906898285195,0.276285542716,-2.86766296537e-05,-0.00612844075841,-0.359904711204,6.83418755402e-07,0.000958594919437,-0.622264390994,0.0550890654287,0.0671289130585,0.0569931286469,-7.99073369737e-05,-0.00637706916164,-0.481935741481,2.29256480561e-05,0.00859299312352,-0.891013311496,0.0521621058689,0.0233402970017
gradient,21,0.32,0.329999983311,predicted,Actual proposal support boundary; monitored coordinates are pre-native endpoint forecast,True,50,-0.139534712487,0.452111392137,-0.00408477052689,-0.0025105709219,-0.204540974822,0.0486748783326,7.44472483618,5.4217162707,0.320988363794,-0.335096180851,1.67623652143,0.182344381949,0.271511703291,0.272353388071,0.266972407814,0.196808853931,4.51059078044,0.201822030835,0.662601423096,9.30493331078,2.23882875197e-07,0.000691833507925,8.68502517661,6.61338829007e-06,0.00405056364081,9.27739543391,1.8270149798e-07,0.000644999677691,8.32485139645,1.01328495999e-05,0.00809922287108,9.9723861904,1.89952439025e-08,0.000125189786144,8.89587789434,1.31617245412e-06,0.00197452407861,8.27672390328,3.12261555805e-06,0.00658402317018,9.12613982581,2.85107108237e-07,0.000918924333239,8.85991527778,2.31276111855e-06,0.00250322831437,8.66365556353,2.24614933407e-06,0.00322725042264,8.08391346332,2.84109584317e-05,0.0139483532041,8.28408457645,1.3418021477e-05,0.00867179451765,4.82655917136,0.133407465341,0.377852385465,8.25066870868,2.2149410848e-05,0.0106126372016,9.38433708247,2.57235577036e-07,0.000631295896461,5.16370148763,0.0663702621789,0.334529427291,7.29032904987,0.000328030217155,0.06695225677,8.37146976463,1.0773703802e-05,0.00752971712262,5.20161313777,0.0548894071293,0.173421411924,0.0761983320079,-0.728322378933,-0.110845446587,0.472794026136,-0.289232805371,-0.138143829691,1.51004783752,-0.651107591914,0.403802178842,1.10502021267,0.758254543895,-0.0077290921559,-0.00235381352741,0.00383255442032,-0.00494587347922,-0.00722384517339,0.340071826605,-0.0616773871563,-0.0249792701127,-0.391916894797,4.64004500647e-07,0.000838401199962,-0.123135987818,3.26341873513e-06,0.00114708008578,0.156378215904,-2.54212498674e-07,-0.000461798586915,-0.0539000088903,1.64029710389e-06,0.000810684329412,0.939627633516,-9.4926992086e-08,-0.000398029330489,0.0849579568471,-5.43658154543e-07,-0.000516241070858,-0.390432716733,5.65249536777e-06,0.00759228347618,0.41441238656,-6.82858037487e-07,-0.00127088749377,-0.118257074047,2.94890306935e-06,0.00118111950085,0.269324774912,-5.56068638939e-06,-0.00293880267661,-1.02418508423,0.000133934964116,0.03161933961,0.169076933833,-2.23003367765e-05,-0.00493807546106,0.537678434749,-0.0906929703523,0.105888555405,0.195383928897,-1.71376078484e-05,-0.00447323633968,0.531825714403,-6.39655930061e-07,-0.000970565054133,-0.652648674045,0.0544906984123,0.0531387981294,0.36484380845,-0.000461496793265,-0.0422191115862,-0.230847211432,1.26497741158e-05,0.00408214265155,-0.41111628227,0.0242540789344,0.00803436781758
gradient,21,0.33,0.340000003576,predicted,Actual proposal support boundary; monitored coordinates are pre-native endpoint forecast,True,50,-0.134917760011,0.434401413262,-0.00685858234406,0.00470836277962,-0.205078894522,0.047141074552,7.45553860904,5.41754139667,0.322233745515,-0.334020760264,1.67883419698,0.182268630797,0.271473183868,0.27239531688,0.266887228819,0.196840506023,4.51615452187,0.200732628638,0.663049817291,9.29829022953,2.31273788372e-07,0.000705948909553,8.68710973844,6.54920005836e-06,0.00403115134409,9.27774853199,1.80557286313e-07,0.000641912390069,8.327172,1.00240549038e-05,0.00805081389822,9.98632050811,1.75552054603e-08,0.000119127138237,8.89918429859,1.29745764984e-06,0.00195675827172,8.27289141897,3.18758102161e-06,0.00666144476609,9.1310846144,2.77016274786e-07,0.000903787673145,8.86105935109,2.31076908919e-06,0.00249831171754,8.66462909408,2.22162278809e-06,0.00321552216114,8.07661915318,2.94549071491e-05,0.014176317305,8.28241922223,1.34282839754e-05,0.00869638260247,4.82436476093,0.133647447599,0.378111113909,8.25402527731,2.18504493845e-05,0.0105367898416,9.40360208392,2.30084049006e-07,0.000591509397627,5.15561398618,0.0670604317298,0.335209526108,7.29457604012,0.000323290124106,0.0664347282302,8.3730453423,1.07241054991e-05,0.00750156954062,5.19704186942,0.0551374675111,0.173458881989,0.0380004732174,-1.34426187633,-0.221524238587,0.897799193859,0.11956384778,-0.121221382647,1.04400932918,-0.242845111896,-0.137248992121,0.00217079509505,-0.00566324368981,-0.00798272720391,-0.00732111365652,-0.00533866683483,-0.00389619446552,0.00528449141948,0.58989214757,-0.101858412157,0.064466044683,-0.933276267351,1.06841896384e-06,0.00202878077747,0.451024543822,-1.2509992164e-05,-0.00410040256934,-0.219228520625,7.11823218127e-08,0.000270231043834,0.525793833066,-2.46266634047e-05,-0.0104655356722,0.922321386552,-9.37533993455e-08,-0.000396653932748,0.41666933247,-2.27227857822e-06,-0.00218295425548,-0.244510499532,4.38928090588e-06,0.00497868073498,0.551213456118,-9.12928703695e-07,-0.0017111550799,0.129539050843,-6.20589192846e-07,-0.000646489317776,0.110738809408,-2.1687577537e-06,-0.00116572965154,-0.634234586219,8.4838007664e-05,0.0198288763912,-0.506029459818,2.62721303676e-05,0.0100335687646,-0.231056544135,0.0342655617243,0.0205781584842,0.450738787223,-3.99300917214e-05,-0.0100865770149,1.3965782551,-1.89452724123e-06,-0.00281256350525,-1.07810777468,0.0898294678771,0.0611510705038,0.330152666046,-0.000305503772933,-0.0429795015441,0.385690826402,-1.53039461018e-05,-0.00674603048517,-0.325185991384,0.016122493561,0.00676868813525
gradient,21,0.34,0.34999999404,predicted,Actual proposal support boundary; monitored coordinates are pre-native endpoint forecast,True,50,-0.138774703022,0.425226154611,-0.00851525529862,0.0154454129553,-0.202149697866,0.0462504506797,7.46560502276,5.41685936846,0.318243383952,-0.335052764949,1.67612325656,0.182184727405,0.271365281018,0.272246614734,0.266894483925,0.196914543759,4.52238862339,0.199784862592,0.663890743989,9.28626778543,2.45251254474e-07,0.000732409123474,8.69404566748,6.36318844679e-06,0.00396855558943,9.2730108635,1.84125144416e-07,0.000650404298568,8.33536727311,9.64031633184e-06,0.00788991215764,9.99083261813,1.71201759155e-08,0.000117256707489,8.90421128099,1.27072688256e-06,0.0019308649935,8.27183369329,3.21040117617e-06,0.00668359678488,9.13716409493,2.66848534163e-07,0.000884701231641,8.8625060588,2.3003493347e-06,0.00249029852801,8.66587033972,2.202774179e-06,0.00320393582961,8.07122877159,3.0107718585e-05,0.0143449307319,8.27396398725,1.39434640844e-05,0.00887246589295,4.82193804048,0.134092776575,0.378263948634,8.25968348443,2.13508090136e-05,0.0104109056613,9.41226864757,2.19345032211e-07,0.000575044626356,5.14213933214,0.0681668515365,0.335752448701,7.29693210319,0.000321920141696,0.0660926667392,8.37918358116,1.046762488e-05,0.00739479651292,5.19510941795,0.0552118570005,0.173556785686,0.0916577262,-1.10753713299,-0.0117745399475,0.617753505707,0.253394424915,-0.0303246144232,0.135236237652,0.47930431039,0.118158983706,-0.00827049472678,-0.544400505822,-0.00932841697335,-0.0154334390972,-0.0177755031602,0.00277264846024,0.0161314425417,0.289199533632,-0.0342788009109,0.0549006034785,-0.830764198683,9.69491325014e-07,0.00183587014756,0.485438316497,-1.22305546779e-05,-0.00427776669959,-0.101650504365,6.05365152259e-08,0.00015301462115,0.434970426598,-1.97300750547e-05,-0.00846517463832,-0.11016788802,1.02895023176e-08,4.39390183365e-05,0.528791269024,-3.24711362013e-06,-0.00286808547266,0.0361057806312,-3.90212496703e-07,-0.000642180870467,0.136296250627,-2.64748757558e-07,-0.00045850588394,0.256799761424,-3.04355625279e-06,-0.00172302486789,-0.0578101995463,1.13726754833e-07,0.000539548341449,-0.477837357587,5.98505654079e-05,0.015046740415,-0.629435355999,4.05096364038e-05,0.0132854157348,-0.0226771671352,0.00977803931213,0.0205340602029,0.523208452067,-5.21673208876e-05,-0.011426520998,0.103248925754,-1.44695385998e-07,-0.00021670212788,-0.738498404629,0.0560764356524,0.00614164262746,0.109478961598,-3.51497376546e-05,-0.0173075442982,0.514524454706,-2.31715813235e-05,-0.00893167440885,-0.188553560048,0.0090699038277,0.00976844178856
gradient,21,0.35,0.359999984503,predicted,Actual proposal support boundary; monitored coordinates are pre-native endpoint forecast,True,50,-0.133084605487,0.412250670602,-0.00709407314301,0.0170634328938,-0.200011006024,0.0465345822635,7.45824333379,5.42712748287,0.324596925189,-0.334186170159,1.66794618686,0.182082062458,0.271164515086,0.272039806816,0.266942681788,0.197163134874,4.52193851254,0.20004705262,0.664147829361,9.28167494555,2.50663614873e-07,0.000742666312504,8.69681850477,6.3045889648e-06,0.0039455960101,9.2757155219,1.81768016617e-07,0.000644972682492,8.33587140853,9.62945340273e-06,0.00788151040546,9.98411715035,1.77609955066e-08,0.000120005918603,8.90976012397,1.23251537744e-06,0.00189939656227,8.27361353459,3.17977677167e-06,0.00664860114868,9.13381053941,2.71721299635e-07,0.000894617555466,8.86619534632,2.24989796414e-06,0.00246385122019,8.66347289009,2.22389732319e-06,0.00322631312797,8.06706240602,3.06519184572e-05,0.0144772521133,8.26983051511,1.42384767035e-05,0.00896209091717,4.82391121759,0.133843008385,0.378521795113,8.26448944635,2.08071029667e-05,0.0103082594217,9.40566706244,2.27190141286e-07,0.00058717535507,5.14084401809,0.0681819604428,0.335332358961,7.29676561935,0.000322587129353,0.0660885773442,8.38333583139,1.02606738726e-05,0.00732293605244,5.19327079821,0.0553188655877,0.173654250825,0.21097148746,-0.495191988567,0.421172738075,-0.283123493195,0.574285686016,0.097435392152,-0.797952908121,0.903161132718,1.17031907552,-0.521440273984,-0.89473397228,-0.0103920748012,-0.0179919415814,-0.0168447501688,0.0115829940269,0.0204562635962,-0.27740038059,0.0930924163053,0.0714068164364,0.298856624876,-4.0433032436e-07,-0.000672883386154,0.2187787989,-4.29410004278e-06,-0.00178602214185,0.627467866815,-5.69563786453e-07,-0.00126223730966,0.460413461803,-2.0839111164e-05,-0.00903092612975,-1.24976992935,1.25207093865e-07,0.000526549864186,0.46985277118,-3.44677602751e-06,-0.00274831945446,0.62792288923,-9.02335633624e-06,-0.0119397603926,-0.778940195902,1.1224687074e-06,0.00231069065288,-0.254328048664,1.33399968994e-06,0.00135469586358,-0.314305216719,2.56202156645e-06,0.00276260366244,-0.484707260365,6.93410717399e-05,0.0154667784156,-0.808229868782,6.19657469103e-05,0.0183742981972,0.211021130871,-0.0249222315133,0.020436143112,-0.142654651734,-8.47877394104e-08,0.00364556141852,-0.893080048549,1.02391932295e-06,0.00158088691697,1.04584653366,-0.0852735601385,-0.0724271283819,-0.221285922771,0.000278790558411,0.0248515390978,0.616809551087,-3.26527877467e-05,-0.0106186619338,0.636035060907,-0.0343655492936,-0.00957772080641
gradient,21,0.36,0.370000004768,predicted,Actual proposal support boundary; monitored coordinates are pre-native endpoint forecast,True,50,-0.134555273273,0.415322314839,-9.18005371133e-05,0.00978294309139,-0.190663984146,0.0481991585227,7.4496459646,5.43492259111,0.341649765462,-0.345481570429,1.65822857711,0.181976885909,0.271005442186,0.271909719731,0.267126143806,0.197323669031,4.51684061577,0.201646710918,0.665318880318,9.29224491793,2.37164647987e-07,0.000718951455751,8.69842124346,6.27730644593e-06,0.00393283514659,9.28556022084,1.72733868687e-07,0.000625159552375,8.34457554234,9.22353410856e-06,0.00770929363505,9.96583721954,1.96243177928e-08,0.000127787704773,8.91360833641,1.20179136201e-06,0.00187589860441,8.28439215107,3.02993404944e-06,0.00644480157703,9.12158529101,2.89297908311e-07,0.000930915044699,8.85741949783,2.3270293285e-06,0.00251739244528,8.65958423538,2.25401461033e-06,0.00325918790286,8.06153462639,3.14945400198e-05,0.0146542663003,8.25779938988,1.51827790226e-05,0.00923995185689,4.82615846309,0.133594331945,0.378672671497,8.25683039139,2.13491132588e-05,0.0104838168896,9.3944070466,2.3982341867e-07,0.000606662364695,5.16305626281,0.0664613803337,0.334303906134,7.29250638474,0.000327495952864,0.0665896975211,8.39151977218,9.81456912507e-06,0.00718242327424,5.20783011916,0.0545245460147,0.17336523127,-0.0538049002311,-0.516456258743,0.360149741173,-0.650284916163,0.666560992599,0.0913211119279,-0.331252746533,0.694208315312,0.700021243205,-0.984453887185,-0.841328257251,-0.012921417924,-0.0154338674984,-0.013749585676,0.01079267826,0.0126791363329,-0.246307837456,0.0829046520213,0.0748186293708,0.814817329024,-1.02001035467e-06,-0.00182032076153,0.232275548936,-6.48868981187e-06,-0.00217666932494,0.519074246359,-4.91333103366e-07,-0.00105543087229,0.382015653477,-1.62982891813e-05,-0.00740164562381,-1.2912086058,1.34353299946e-07,0.000556437839821,0.114899306902,-1.19186414167e-06,-0.000785729597102,0.626515747605,-8.22559715181e-06,-0.011629129785,-0.735575521044,1.10516446345e-06,0.00222755192101,-0.856640045852,7.66661058456e-06,0.00528216643298,-0.335945399646,3.1804943988e-06,0.0028785829769,-0.104909088356,1.99330483346e-05,0.00348533397977,-0.576038909146,4.91349561089e-05,0.0138064186358,-0.0949405741761,0.0197129800205,-0.0174645037821,-0.878953990247,7.05775017227e-05,0.0200989719905,-0.605667692274,6.65137601319e-07,0.00102755206973,1.48406500108,-0.116200605765,-0.0773006781422,-0.280559555368,0.000342256063756,0.0321913416072,0.702627947077,-3.98317741691e-05,-0.0121785917066,0.871549657545,-0.0488105066515,-0.0210169255782
gradient,21,0.37,0.379999995232,predicted,Actual proposal support boundary; monitored coordinates are pre-native endpoint forecast,True,50,-0.134160703492,0.401921545428,0.000108921680447,0.0040577345705,-0.186679786172,0.048361004502,7.45161827886,5.44101164918,0.338597350053,-0.353875247902,1.65111962172,0.181823634099,0.270855837737,0.271764815103,0.267158535353,0.197416717601,4.51701235579,0.20170514566,0.665644201948,9.29797129213,2.30263407779e-07,0.000706259897273,8.70146401575,6.17481516856e-06,0.0039020626236,9.28609700683,1.7194135455e-07,0.000623864065046,8.3435117216,9.3034876191e-06,0.00773347749298,9.95829297823,2.04480615055e-08,0.0001311346754,8.91205811011,1.2086780946e-06,0.00188368197032,8.28614384954,3.01526482864e-06,0.00641601855298,9.11909902899,2.93824588904e-07,0.000939168593886,8.8490625454,2.40323017583e-06,0.00256949454885,8.65675398209,2.28750721116e-06,0.0032838847875,8.06496422426,3.10505794239e-05,0.0145469587929,8.25830973693,1.52211758257e-05,0.00923821928988,4.82201240611,0.134237267985,0.378172505037,8.24691036654,2.22186530012e-05,0.0107102388615,9.39355370859,2.40492893313e-07,0.000607726396465,5.17052531811,0.0658579483275,0.333786345398,7.29115442824,0.000329432250628,0.0667324041763,8.39738839033,9.46403838926e-06,0.00707936421831,5.21070179137,0.0543426554547,0.173233912313,-0.0538556756241,-0.720682604475,0.201366901398,-0.688285917044,0.204256653786,-0.0159858200587,0.0688108547642,0.260042826999,0.385155882811,-0.240960704803,-0.494404703053,-0.00184202852594,-0.0026401595005,-0.00505225699078,-0.00122459346376,0.00242440430287,-0.20992482784,0.0598322454864,0.00704489624775,0.723889840633,-8.03265829352e-07,-0.00154314629308,0.00379444362676,-1.73572219616e-06,-0.000325119051285,0.657572892564,-6.17980065515e-07,-0.00133478272775,-0.219566847954,1.31660516504e-05,0.004528176006,-0.633798026936,7.07077092007e-08,0.000285669104777,-0.411594464021,3.00286574692e-06,0.00239876145977,0.211447153278,-2.63621108635e-06,-0.00363705094693,-0.327896835361,5.26456609628e-07,0.00102628863377,-0.900660520108,9.61095308602e-06,0.0059372333841,-0.140430230073,1.55274270245e-06,0.00109544763659,-0.0237365218907,7.09084311233e-06,0.000959602471637,0.218802939497,-1.33823699353e-05,-0.00449366424164,0.0585951637208,-0.014834501416,-0.00568633925214,-0.991488432036,9.52153876155e-05,0.0224219598121,-0.145506572033,1.03199848416e-07,0.000175141896033,1.00331806319,-0.0829789831183,-0.0571905993818,-0.0792759172612,2.37042929434e-05,0.0123498493843,0.148498021788,-9.41180479358e-06,-0.00258733276701,0.253711635513,-0.0151535375262,-0.0144795628126
gradient,21,0.38,0.389999985695,predicted,Actual proposal support boundary; monitored coordinates are pre-native endpoint forecast,True,50,-0.135632386786,0.40090866275,0.00393553749084,-0.00398277524948,-0.18657885107,0.0478794421215,7.45102218169,5.44012344765,0.349352883118,-0.350300784525,1.64834048305,0.181940045339,0.270952638996,0.271808674591,0.267101651936,0.197372157117,4.51264211922,0.202843355827,0.665459778243,9.30672271475,2.210993314e-07,0.000688088529889,8.69849713233,6.24259200201e-06,0.00392633276556,9.29871167869,1.60374267377e-07,0.00059846389782,8.34018420538,9.48685514157e-06,0.00779985715517,9.953161259,2.10384719769e-08,0.000133501086869,8.90537644713,1.26184867694e-06,0.00192387383361,8.28862109414,2.97720982772e-06,0.00637206055809,9.1150273543,2.99827040504e-07,0.000951440817374,8.83940628743,2.51924839022e-06,0.00263613711296,8.65677563078,2.28506946438e-06,0.00328109685559,8.06105989595,3.1636356882e-05,0.0146734583497,8.26217544867,1.49151316239e-05,0.00915007857206,4.82733036637,0.133297641917,0.378558944712,8.23700062275,2.32534210111e-05,0.0109322560859,9.39149691516,2.41887415639e-07,0.000610165202616,5.18312262408,0.0648018006713,0.333160094146,7.29092086639,0.000327970038723,0.0668366945088,8.39448973262,9.6263330292e-06,0.0071306766189,5.21290435188,0.0542214752642,0.173075640014,-0.0512787166457,1.38223766791,0.287140369415,-0.740140676498,-0.0218668580055,-0.0526795666959,0.20806384384,-0.237170626701,1.21375645187,0.638025355611,0.19771257106,0.00578110914623,0.0036303600964,0.00383174791985,-0.00196020909754,-0.00745042837819,-0.383108119224,0.0965739834361,-0.0339474768957,0.773159949796,-8.20754607019e-07,-0.0016070593035,-0.471612545396,1.17761628651e-05,0.00408276228526,1.26289352011,-1.15068253472e-06,-0.0025411503733,-0.308223423542,1.44935889155e-05,0.0060630600224,-0.231183840545,2.61258134226e-08,0.000104801177462,-0.463523820821,3.02484485446e-06,0.0025737021638,0.141058586499,-1.80302984102e-06,-0.002293132757,-0.0884652679258,9.01582352071e-08,0.000233815917373,-0.438948925622,4.3973333097e-06,0.00283855635815,-0.189171020524,2.65129694374e-06,0.00171325491075,-0.563149723751,8.51347752506e-05,0.0183547468655,0.382314002011,-3.03182831123e-05,-0.00867870382213,0.569055356565,-0.096361159164,0.0434907613591,-0.82198559843,8.11437262968e-05,0.0188137566706,-0.161183568052,9.18290016305e-08,0.000168370462688,0.907066632008,-0.0783929981013,-0.0779161383305,-0.0650320793609,-1.96882534292e-05,0.0119065139765,-0.328221265016,1.23923673391e-05,0.00557387718852,0.230524843499,-0.0147170073388,-0.018955637315
gradient,21,0.39,0.399999976158,predicted,Actual proposal support boundary; monitored coordinates are pre-native endpoint forecast,True,50,-0.135186277825,0.429566298786,0.00585172906875,-0.0107450789595,-0.187117123332,0.0473074131681,7.45577955574,5.43626823665,0.362872479091,-0.34111474079,1.65507387314,0.181939256282,0.270928444938,0.271841450061,0.267119331171,0.197267709033,4.50935019341,0.203636625329,0.66496525241,9.31343449113,2.13848315639e-07,0.000674118711203,8.69203176485,6.41033842586e-06,0.0039837178693,9.31135487723,1.48927703856e-07,0.00057304105758,8.33734725313,9.59335939741e-06,0.00785473869343,9.95366930142,2.0970577774e-08,0.000133230698949,8.90278763369,1.26917499169e-06,0.0019351560136,8.28896502127,2.97920423182e-06,0.00637015589784,9.11732972363,2.95627753608e-07,0.000943844912233,8.84028356689,2.49117684202e-06,0.00262626567601,8.65297056168,2.34053315004e-06,0.00331814988572,8.05370122978,3.27532749289e-05,0.0149140537302,8.26595601697,1.46148101634e-05,0.00906464521344,4.83339351324,0.132310044802,0.379042320265,8.23047065457,2.38415275271e-05,0.0110865139949,9.39033003723,2.42329473345e-07,0.000611093805718,5.18866665075,0.0642900883655,0.332228022632,7.28985378666,0.00032903848556,0.0669705344559,8.39082396503,9.71188573604e-06,0.00719084176208,5.21531228824,0.0540483153079,0.172854799567,0.229368001625,-4.51505893983,-0.17825961113,-0.165467381477,0.0465029478073,-0.039471662864,0.578019411177,0.266123861626,-0.154002175056,0.639883837224,1.69932640571,-0.00734504506985,-0.00860544180711,-0.00759529419148,-0.0109452791391,0.000181709712356,0.123551072089,-0.0300412513222,-0.0357574077045,0.437507665309,-4.76104657403e-07,-0.000929561534248,-0.405903398665,1.0589679995e-05,0.00363993082486,-0.134009770846,6.06669094591e-08,0.000203008139511,-0.227221371925,9.20754953471e-06,0.00443518258385,-0.0293536625485,4.26699818469e-09,1.69060641873e-05,-0.292961689415,1.56004478749e-06,0.00152917620698,-0.291507833981,4.94736609354e-06,0.00585003520947,0.441829331259,-6.12456535408e-07,-0.00126595476053,0.141641509171,-1.48256969946e-06,-0.000949998164456,0.0157000529635,-6.8673748252e-07,-0.000356357374716,-0.274554774832,3.89651008848e-05,0.00885048113527,0.633071703637,-4.32118046411e-05,-0.0136887948201,0.0839763684035,0.000395502589232,0.0316422261237,-0.0413625188646,3.68412208296e-06,0.000913417806159,-0.339027635905,5.19894033387e-07,0.000747383998494,-0.122909351722,0.00500643734444,-0.0435050305517,0.0790627067348,-5.03354887436e-05,-0.0116525715206,-0.470944134157,2.03122455566e-05,0.00806006726416,0.148437194276,-0.0100721924102,-0.00340241942429
gradient,21,0.4,0.409999996424,predicted,Actual proposal support boundary; monitored coordinates are pre-native endpoint forecast,True,50,-0.131045026753,0.310607483953,0.000370345268248,-0.00729212287903,-0.185648792114,0.0470900088642,7.46258256992,5.44544592488,0.346272839617,-0.337503107781,1.68232701116,0.181793144437,0.27078053016,0.271656768707,0.266882746353,0.197375791311,4.51511314066,0.202242530801,0.664744630089,9.31547286805,2.11577238252e-07,0.000669497299204,8.69037906436,6.45438560191e-06,0.00399913138206,9.29603148327,1.61587605566e-07,0.00060252406061,8.33563977795,9.67100613226e-06,0.00788856080684,9.95257418575,2.11238119406e-08,0.000133839208152,8.89951721334,1.29304957269e-06,0.00195445735775,8.28279093746,3.07615714959e-06,0.00648906126228,9.12386394093,2.87577909796e-07,0.000926121722164,8.84223911761,2.48959699623e-06,0.00261713714967,8.65708963184,2.27133471473e-06,0.00327396970809,8.05556880045,3.24156588997e-05,0.0148504679724,8.27483688274,1.40508955311e-05,0.00887630267565,4.82900989374,0.133305551968,0.379191789234,8.23617337237,2.33271034528e-05,0.010950524442,9.38471636244,2.52285296306e-07,0.000625112882586,5.18066443704,0.0649019294182,0.332289993535,7.29250212053,0.000326963328948,0.0666036430784,8.38507084994,1.00325779403e-05,0.00729187796419,5.21587309576,0.054020031416,0.173007591626,0.103458576004,-4.18535901683,-0.136642575264,0.637162715197,0.52644212544,-0.013603114554,0.342360502464,1.18208288038,-0.811275913846,0.0508621919158,1.16476556421,-0.0213268973846,-0.0220911030934,-0.0274640241169,-0.00828283314481,0.0243694963933,0.084893419996,-0.0329839853219,-0.00401602660759,-0.236753280824,2.54221460307e-07,0.000471762912576,0.514898634796,-1.41538658455e-05,-0.00465192438749,-1.0546393354,8.81545385185e-07,0.00203921063537,0.269687072434,-9.23999473952e-06,-0.00491224001591,-0.369528881833,4.37813908391e-08,0.000173211524248,0.246593948105,-9.6138306236e-07,-0.00110994563242,-0.0968689368964,2.2890359899e-06,0.00233842337576,0.309173426764,-4.19324947192e-07,-0.000878330739751,0.171547380578,-1.17534121969e-06,-0.00101034597748,0.131665807404,-2.33468689645e-06,-0.00134946992199,-0.367571880031,3.94517976343e-05,0.0117068822135,0.0778041635182,-5.84389817379e-06,-0.00168891338885,-0.212234916019,0.050233302866,0.0402229494455,0.5693741614,-5.31150343382e-05,-0.0133587648678,-0.365827579482,5.2752915673e-07,0.000760582028854,-0.634634106294,0.0458544631917,-0.0151852622462,0.130533584966,-4.59204131406e-05,-0.020678422244,0.347657029736,-8.55289048028e-06,-0.00572605228475,-0.0160899802329,0.000767874203327,0.00428696725319
gradient,21,0.41,0.419999986887,predicted,Actual proposal support boundary; monitored coordinates are pre-native endpoint forecast,True,50,-0.133117106305,0.345859118449,0.00311887756347,0.00199817534446,-0.176588280823,0.047035350877,7.46262676579,5.45990989425,0.346646960814,-0.340097496952,1.67836918442,0.181512718334,0.270486622877,0.271292169579,0.266953674508,0.197755098961,4.51104806181,0.202976945622,0.664884931878,9.30869942551,2.18932744845e-07,0.000683553969455,8.70232973754,6.12726110896e-06,0.00389067938155,9.29026209052,1.66558611559e-07,0.000613825270287,8.34274099458,9.40855950262e-06,0.00775649389311,9.94627872378,2.18462055908e-08,0.000136694929434,8.90771951265,1.24994733045e-06,0.00191295710095,8.28702764253,3.02498495161e-06,0.00641692436535,9.12351319217,2.87241254664e-07,0.000926278297438,8.8437145145,2.46767001763e-06,0.00260605875646,8.65560387783,2.29383941211e-06,0.00329116048728,8.04634979218,3.35423108816e-05,0.0151481913745,8.26751210024,1.44979321999e-05,0.00903086694566,4.82914881492,0.133314710859,0.379846779254,8.2418581378,2.27792268403e-05,0.0108193386975,9.38301348564,2.5288005648e-07,0.000626305446295,5.17597396862,0.0652071776293,0.331924317387,7.29246445836,0.000328120077297,0.066556966011,8.39777710563,9.54082792644e-06,0.00707632071639,5.21499048863,0.0540636727919,0.172940538912,-0.490261391839,4.16073652552,-0.0260760784149,-0.00314190983772,-0.216125361621,0.0216846384511,-1.88982988474,-0.192568580235,-0.248034107821,-0.277217436784,-3.01233398056,0.010361595173,0.00259278226363,0.00242267298377,0.0324043415551,0.0213954761354,0.106886753533,0.038182586428,-0.0114715556077,-0.293061664931,3.84371644173e-07,0.000631928503305,0.896403112393,-2.19226902309e-05,-0.00786376751996,-0.280393113813,3.05146497724e-07,0.000650829187017,-0.746265943224,4.31831560555e-05,0.0151023839354,0.472869488318,-5.40210100979e-08,-0.000217323598269,1.43383644318,-1.01581538915e-05,-0.00828169199645,-0.10590165648,1.73954688716e-06,0.00212095987189,-0.497130346762,7.58887296958e-07,0.00149050835876,-0.105178324519,5.21675648949e-07,0.000543142943888,-0.376070082412,2.25499280331e-06,0.0032873649398,0.306815366868,-3.87188217711e-05,-0.00966641306018,0.437818112845,-3.15008288974e-05,-0.009645792408,0.113988821903,-0.0135609059184,-0.0241213244068,0.277256159574,-3.56548645409e-05,-0.00599263964337,0.331603067243,-4.31553519525e-07,-0.000641090954474,0.328350673961,-0.0225532467071,0.0342763226897,0.0679643617912,-0.00018055208246,-0.00301884658884,1.26466347361,-6.10651356632e-05,-0.0215946528948,-0.896698601336,0.0620504156235,0.0148755949107
gradient,21,0.42,0.42999997735,predicted,Actual proposal support boundary; monitored coordinates are pre-native endpoint forecast,True,50,-0.14085025459,0.393822214464,-0.000151176300051,-0.00735496107578,-0.189971299347,0.0475237016333,7.42478597222,5.44159455328,0.341312157461,-0.343047456516,1.62208033155,0.182000376341,0.270832385805,0.271705222167,0.267530833185,0.197803700834,4.51725087573,0.203006182529,0.664515198977,9.30961163475,2.19264671135e-07,0.00068213586927,8.70830712661,6.01593179729e-06,0.00384185603166,9.29042362099,1.67690535521e-07,0.000615540644351,8.32071445908,1.05346692534e-05,0.00819060848555,9.96203157552,2.00433917386e-08,0.000129492736187,8.92819394221,1.08988649486e-06,0.00178882351782,8.28067290433,3.11094808733e-06,0.00653148045972,9.11392133399,3.02755655735e-07,0.000955931889339,8.84013555112,2.50003050921e-06,0.00262800000855,8.64956823019,2.31643457079e-06,0.00333971700689,8.06170510779,3.16412824643e-05,0.0146571397112,8.283593245,1.34208789531e-05,0.00868338682749,4.83128967017,0.13303433385,0.378709362746,8.24171849556,2.2614006162e-05,0.0108306716491,9.39134842378,2.43654225916e-07,0.000612291063497,5.18723145052,0.0644508644841,0.332975519989,7.29386140776,0.000323352287299,0.0665432661466,8.41036411941,8.81127522707e-06,0.00685998490629,5.19793912373,0.0552610397284,0.173305103524,-0.446420540788,1.43212347211,-0.182084441185,-0.506227612495,-1.2690885514,-0.000278847506749,-2.48103450929,-2.71819939464,-0.789640917894,-0.166829254998,-5.98208240267,0.0359395759071,0.0380569199076,0.0503860812221,0.0623018723409,-0.00279769225879,0.496273023337,0.0233369667077,-0.0489009747577,-0.24392739913,4.17466621402e-07,0.000554357003555,1.04733301165,-2.42209797214e-05,-0.00899460559297,-0.0690647427103,1.38200467125e-07,0.000276091914265,-1.8640686675,0.000101057230242,0.0374524831541,2.04836047494,-2.20340527379e-07,-0.000903452967203,1.56653026307,-1.12819060869e-05,-0.00909719532576,-0.487856485609,6.79706773261e-06,0.00883072079856,-0.672869555659,1.01454875087e-06,0.00199130810992,-0.303786314723,5.00870143163e-07,0.00143716759047,-0.709750676069,6.75180751045e-06,0.00669823426019,1.19421710459,-0.000142397735872,-0.0378808682492,1.20205970852,-8.54563938919e-05,-0.0264842407777,0.389473816114,-0.0705135394992,-0.0574315209784,-0.104170612499,-1.04547736381e-05,0.00332298854108,0.719900828355,-6.7204262276e-07,-0.00106380150454,0.48928364462,-0.0236094798918,0.135991628962,-0.0694720310532,-4.81211645257e-05,0.0146676148304,1.49595052072,-7.64851217444e-05,-0.0251422200366,-1.67026739903,0.116803060744,0.0311391379867
gradient,21,0.43,0.439999997616,predicted,Actual proposal support boundary; monitored coordinates are pre-native endpoint forecast,True,50,-0.14204551712,0.374501587891,-0.000522811260225,-0.00812637690544,-0.201970051851,0.0470297739269,7.4130060756,5.40554590636,0.330854142456,-0.343434082052,1.55872753637,0.182231509853,0.271247761275,0.272299891203,0.268199711955,0.197699145116,4.52097352227,0.203443684957,0.663906912383,9.30382087753,2.27282077273e-07,0.000694641109526,8.72327639777,5.64284151453e-06,0.00371078726969,9.28888079567,1.69322620902e-07,0.000619347108573,8.30545962123,1.14297041075e-05,0.00850554355619,9.98724593328,1.74393950432e-08,0.00011862587009,8.93905011792,1.02430920871e-06,0.00173101319444,8.27727051282,3.16092630627e-06,0.00659353878132,9.11005580106,3.07532229681e-07,0.000966104459637,8.83763878821,2.47768742049e-06,0.00263480210827,8.64140886431,2.42887556232e-06,0.00342512517248,8.07023413427,3.06943561642e-05,0.0143905740095,8.29155329441,1.27888043221e-05,0.00850118213011,4.83693829124,0.131904440069,0.378698148834,8.23977472555,2.25701313676e-05,0.0108857984684,9.39741150221,2.39439204025e-07,0.000605029416205,5.18575964151,0.0647349880315,0.334644149966,7.29107501773,0.000327157654006,0.0668503183076,8.42769611604,8.01112549155e-06,0.00657347631566,5.18158514065,0.0563997340068,0.173563321672,-0.133867899256,-0.138448761253,0.13509452343,0.239165693521,-0.675281066448,-0.013532515285,-0.159501290665,-2.52824480739,-0.916933598624,-0.466007618945,-4.43355657282,0.0107365633917,0.022431469513,0.0328190194011,0.041464174125,-0.00591696922178,0.00199114677989,0.023806793479,0.00201627657692,-0.446010227868,6.31338030472e-07,0.000984592607024,1.46980205386,-3.49658929633e-05,-0.0125908973163,-0.420543159501,3.89902696367e-07,0.000880590886865,-0.918433544287,5.72724536239e-05,0.0191397714292,2.32514649141,-2.29143936652e-07,-0.000977591689489,1.02459087896,-6.07808902905e-06,-0.00540035543076,0.0112770478452,-5.49370121972e-07,-0.000480867092258,-0.52250086381,7.47488668623e-07,0.00150018859493,-0.503504063078,1.03347827143e-06,0.0025567138724,-0.59621723139,8.03250924977e-06,0.00643863820074,0.33614487095,-3.73536909287e-05,-0.0106824773358,0.290496701298,-2.96671387472e-05,-0.00748168591065,0.444307618389,-0.0935421540591,0.00538047612182,-0.263949100578,3.45954046285e-06,0.00713458653349,1.06445384754,-1.19887248412e-06,-0.0018618684168,-0.0291988025792,0.0188429095293,0.143089144424,-0.36851960679,0.000515931646171,0.0402609442449,1.82060025099,-7.79116753127e-05,-0.0295094557138,-1.0348047527,0.0730604773704,0.0199612719565
gradient,21,0.44,0.449999988079,predicted,Actual proposal support boundary; monitored coordinates are pre-native endpoint forecast,True,50,-0.143527612575,0.391053239239,0.00255071416855,-0.00257164720535,-0.203476920676,0.0472530513276,7.42159594641,5.39102965713,0.322973485488,-0.352367608895,1.5334092001,0.182215107608,0.271281015195,0.272361602555,0.268360116667,0.19768536145,4.51729069867,0.203482318399,0.664555524508,9.3006914302,2.31891431745e-07,0.000701827721411,8.73770316768,5.31661393803e-06,0.00359003808534,9.2820127578,1.75488589448e-07,0.000633152462088,8.3023457882,1.16801183258e-05,0.00857340391414,10.0085345053,1.54605130056e-08,0.000109940902397,8.94868575979,9.68324714283e-07,0.0016808164092,8.28089844528,3.09996068489e-06,0.00652186311787,9.10347131672,3.17705429107e-07,0.000985935661237,8.83006546986,2.52070007464e-06,0.002679134286,8.63764388556,2.47708475579e-06,0.00346848977091,8.06842800521,3.08942086457e-05,0.0144434901645,8.28940317902,1.28275361782e-05,0.00853375310928,4.84017582254,0.131163490769,0.378816972268,8.23643951355,2.26831969712e-05,0.0109733633798,9.41263750074,2.19676776233e-07,0.000575053695161,5.18664747447,0.0648277226747,0.335837302877,7.28649101563,0.000333670920222,0.0673484850315,8.44677612443,7.25304172081e-06,0.00626979579202,5.17724302868,0.0567222492758,0.173704328963,-0.0624744343542,0.741348557572,0.141181111336,0.745831280947,0.284360572696,0.00381883910874,0.16624015962,-0.210027923436,-0.647027774578,-0.309174747559,-1.15180039058,-0.00873808200936,-0.0040197936269,-0.00157862998212,0.0112345573687,0.00351373759971,-0.139351167654,-0.00931778781976,0.0686377316029,-0.140178921893,2.02135595258e-07,0.000291599360977,1.43809285165,-3.22084549688e-05,-0.0119397362882,-0.886817782847,8.55372715981e-07,0.00184440159265,0.0164000225668,4.04038935115e-06,2.08765070154e-05,0.730480666719,-6.91522874694e-08,-0.000301452994597,0.954361170458,-4.67486177264e-06,-0.00461127628825,0.121440597237,-7.81006765195e-07,-0.00194142122601,-0.0273992404253,-1.52551789323e-07,-0.000112738392394,-0.330110897819,7.74874269418e-07,0.00174544909733,-0.270020469146,3.82317921459e-06,0.00321839216429,-0.312683810354,3.0165874241e-05,0.00935583545952,-0.404894916772,2.18511142437e-05,0.00813424954483,0.151154987025,-0.0274947396336,0.0389071745391,0.122529175408,-2.42152523743e-05,-0.00213794021214,0.335004472123,-4.04766444422e-07,-0.000625277621177,0.00438979704819,0.0123027475219,0.0938827566866,-0.0262283820314,6.85981271453e-05,0.00137784894683,1.60183089016,-5.95653229215e-05,-0.0250291909242,-0.161911999408,0.0115226414081,0.0074016880296
gradient,21,0.45,0.459999978542,predicted,Actual proposal support boundary; monitored coordinates are pre-native endpoint forecast,True,50,-0.143295005807,0.389328559043,0.00230081096649,0.00679024871349,-0.196282840397,0.0471061507091,7.41633087879,5.40134534789,0.317913586964,-0.349617577003,1.53569152856,0.182056748212,0.271167365402,0.272268318604,0.268424403102,0.197769419868,4.51818649892,0.2032573292,0.665279667015,9.30101729909,2.31324789178e-07,0.000700473096745,8.75203825481,4.99867241515e-06,0.00347199254393,9.27114444001,1.86430075221e-07,0.000656235140426,8.30578762168,1.15105118945e-05,0.00850596108633,10.0018555466,1.60563492938e-08,0.000112596810198,8.95813734132,9.30811973254e-07,0.00163878766867,8.27969932476,3.14530617096e-06,0.0065547103568,9.10950781625,3.04481193895e-07,0.000963849691789,8.83103657025,2.49318490588e-06,0.00266971109022,8.63600845493,2.50533914661e-06,0.00348949301577,8.06398045807,3.1297673649e-05,0.0145776907187,8.28345539607,1.3225826607e-05,0.00866386712101,4.83996139098,0.131354545277,0.379476292325,8.24222530906,2.20858263201e-05,0.0108430396641,9.40411159165,2.31343875136e-07,0.000592523863781,5.18584743745,0.0649810429819,0.3365218051,7.29055045009,0.000328529616549,0.0668778752865,8.45973273384,6.81981903312e-06,0.00607289249717,5.17834690066,0.056630186835,0.173711355432,-0.271844025293,-0.478763860625,-0.57030081749,0.279383003712,0.0552655421198,-0.113505788285,0.468813394883,0.925163475083,-0.524565045278,0.880322640321,-0.817373379779,-0.021355095009,-0.0142855413028,-0.0165773418246,-0.00300962248721,0.0123323754142,0.183280435094,-0.0921743575198,-0.087681813363,-0.593096999441,7.67051373824e-07,0.00133482470869,0.496809668302,-1.26269414354e-05,-0.00444220689976,-0.647715362411,6.02033077322e-07,0.00132054578846,-0.550522202917,3.53051899857e-05,0.0120115069226,-0.127957043938,1.1951468548e-08,5.3414140525e-05,0.50382778164,-1.09976158562e-06,-0.00188077102899,-0.809914389787,1.32273724428e-05,0.016319363561,0.992047571091,-1.63780090782e-06,-0.00313734846466,0.126029052479,-4.56019196978e-06,-0.00142734576616,-0.729794389404,1.22744480974e-05,0.00801882209577,0.210917278243,-3.33022137933e-05,-0.00664500868995,0.681167075352,-4.13964324758e-05,-0.0141379469897,-0.293984246714,0.0398892348456,-0.0198300724272,-0.394244333357,3.10706449771e-05,0.00962606162031,0.0312528085462,4.9245206955e-08,5.10099291249e-05,-1.08319139606,0.0834577302202,0.0063963060529,0.907225245287,-0.00127413113047,-0.0955523331275,0.50807495505,-2.09539659746e-05,-0.0078496703724,-0.90099671203,0.0459648961919,0.0132459991603
gradient,21,0.46,0.469999998808,predicted,Actual proposal support boundary; monitored coordinates are pre-native endpoint forecast,True,50,-0.148964493081,0.381477962026,-0.00885530218125,0.00301601286888,-0.202371609833,0.0449829355619,7.43097221431,5.40953292663,0.312482184583,-0.334761156089,1.5170617325,0.181788005708,0.270995304369,0.272030055719,0.268299924217,0.197932008958,4.52095630737,0.201638831249,0.662801888241,9.28882949021,2.47232459221e-07,0.000728524215585,8.74763936105,5.06407510932e-06,0.00350119394734,9.26905845056,1.87529250994e-07,0.000659563377857,8.29133534414,1.23862221256e-05,0.00881363405259,10.0059753645,1.56995423765e-08,0.000111009185208,8.95876231542,9.46329482571e-07,0.00164320098862,8.26470015749,3.36450813375e-06,0.00684825038909,9.12331226814,2.84949410951e-07,0.000923188691944,8.83258605091,2.42949623524e-06,0.00265058737068,8.62304799778,2.72257371774e-06,0.00362886621282,8.07264635077,3.02281643699e-05,0.0143105899907,8.30302652053,1.19996075287e-05,0.00825099416949,4.83429613761,0.131961275466,0.37842037082,8.22855462689,2.33046098708e-05,0.0111658846122,9.41326255691,2.20661680373e-07,0.000576073893743,5.16498364655,0.0664968772791,0.335965228998,7.30463552053,0.000308188297613,0.065437438369,8.45693762353,6.83396240132e-06,0.00611280238457,5.15922309444,0.0576415471997,0.173969248946,-0.233997863999,0.198486932452,-0.871514797211,-0.0704668164254,-0.0389564447105,-0.179800753451,2.5345418878,2.00474893345,-0.797307975892,1.07730382097,2.53124507893,-0.031184876628,-0.0356425822476,-0.0491230827347,-0.0509221505458,0.00903177757798,0.39336553581,-0.214200741217,-0.107144764633,-0.451166711345,6.52333705094e-07,0.00111150269958,-0.798971672658,1.62731094933e-05,0.0062428593483,-0.583762037208,4.51647459364e-07,0.00107753448225,-0.64589241531,3.57581977445e-05,0.0136696189333,0.154233546072,-1.32336815579e-08,-5.87808260861e-05,-0.704397730959,5.17569153297e-06,0.00412815584851,-1.06496261348,1.52262374224e-05,0.0210862413986,1.27316704021,-1.78859528184e-06,-0.00366120546395,0.0716845229408,-2.97147532429e-06,-0.000863666975736,-0.486330680848,9.39606565125e-06,0.00526627262641,0.111841856274,-2.86645000914e-05,-0.00349738918386,1.75074142879,-0.000107246912079,-0.0365005720981,-0.631977953921,0.0850148717985,-0.0479536393583,-0.875672828927,8.26665909782e-05,0.0205514066906,0.808544090448,-9.78316138848e-07,-0.00150779746268,-1.4450633594,0.100805108644,-0.0606112004369,0.921650689726,-0.00125384094652,-0.0972269638312,-0.829563736791,2.49176363452e-05,0.0126902598594,-0.908516054705,0.0448468776989,-0.00999771417108
gradient,21,0.47,0.479999989271,predicted,Actual proposal support boundary; monitored coordinates are pre-native endpoint forecast,True,50,-0.147974963087,0.393298297692,-0.0151294849777,0.00538091238499,-0.197061969292,0.0435101356401,7.46702171655,5.44144032656,0.301967427446,-0.328071500584,1.58631643014,0.18143305068,0.270454513757,0.271285856949,0.267405960091,0.197950055419,4.52605380964,0.198973314376,0.663136771722,9.29199396487,2.4437146328e-07,0.000722703150737,8.73605882135,5.32413460502e-06,0.0035968497309,9.25946919927,1.95463024409e-07,0.000677785830071,8.29286977338,1.22256758494e-05,0.008779353465,10.0049402175,1.57916756626e-08,0.000111421193676,8.94404938671,1.03432580391e-06,0.00172135078564,8.25840007249,3.44983091941e-06,0.00697643518478,9.13497115705,2.68709288258e-07,0.00089062558251,8.83247026071,2.4337553994e-06,0.0026524377507,8.62628184131,2.69326045963e-06,0.0035948184683,8.06621729519,3.07243836472e-05,0.014507742935,8.31847022465,1.10808883654e-05,0.00793385567904,4.8273218319,0.133054842713,0.378517219538,8.22471185248,2.37391581396e-05,0.0112540677979,9.42028247346,2.11777552359e-07,0.000562367914527,5.15694617027,0.0669971451548,0.335309581091,7.30898346389,0.000303452797619,0.0649333360099,8.44314145911,7.31817176003e-06,0.00632669769436,5.16017657957,0.057527124389,0.173511401149,-0.128678069672,4.16286013798,-0.413051724434,0.124495238066,0.528962180018,-0.101657388833,2.40265816363,1.96389513263,-0.364151307009,0.61777895399,4.54390830187,-0.0235471936358,-0.0315642278164,-0.0444781051429,-0.0566045182139,0.000218358185762,0.311891841313,-0.149742358299,0.0211552513172,0.273168718596,-2.57436696683e-07,-0.00051379085106,-0.994035993254,2.27503011506e-05,0.00832030318647,-0.453133995856,3.37447387581e-07,0.000806813836361,0.326114497574,-2.21774496721e-05,-0.00685036436691,-0.295672835582,2.62851729514e-08,0.000116744302948,-0.896393168997,5.47785496592e-06,0.00480116140209,-0.409507207675,6.34899194899e-06,0.00867341886435,0.936036292409,-1.32793271013e-06,-0.00263546961841,-0.0338070330055,1.68073958655e-06,0.000481607175713,0.151199696215,-1.37262493261e-06,-0.00170286151271,-0.581787721253,5.76688782122e-05,0.0181396089148,0.904691638272,-5.30467127909e-05,-0.0184255334735,-0.431877731081,0.0715391355903,0.0306581774467,-0.358304098014,4.34725626834e-05,0.00809370045275,0.344407363003,-4.71136061065e-07,-0.000719527057549,-0.463029047929,0.0270278278376,-0.0528126848754,0.386638332661,-0.000420678157911,-0.0448929062783,-0.947736112239,3.63149532032e-05,0.0149007523063,0.187680697643,-0.0170819547899,-0.0427015024646
gradient,21,0.48,0.489999979734,predicted,Actual proposal support boundary; monitored coordinates are pre-native endpoint forecast,True,50,-0.151538054474,0.464735164786,-0.0171163366699,0.0055059176302,-0.191792366233,0.0429497877852,7.47902537758,5.44881082929,0.305199158442,-0.322405577009,1.60793989854,0.181317061836,0.270364019813,0.271140493616,0.267167833853,0.197936376122,4.52719414419,0.198643984083,0.663224993267,9.29429286458,2.42083725288e-07,0.000718248398564,8.72775864118,5.51908113233e-06,0.00366760001107,9.25999577064,1.94278198746e-07,0.000675699654584,8.29785763409,1.19426731321e-05,0.00867662676525,10.0000619078,1.62252458356e-08,0.000113344071267,8.94083445204,1.05588658189e-06,0.00173922421666,8.25651001333,3.49148797273e-06,0.00702171876638,9.14203299399,2.58390756748e-07,0.000870479299576,8.83190991025,2.46311102697e-06,0.00266021951419,8.6260719917,2.69512121908e-06,0.00359480898257,8.06101059635,3.13815419341e-05,0.014673382169,8.32112035329,1.09386732728e-05,0.00788248350002,4.82565858299,0.133392058178,0.379033534369,8.22138854493,2.41740611244e-05,0.0113277586213,9.42015070417,2.11238959151e-07,0.000561683352592,5.15572306559,0.0670374338358,0.334908975301,7.31236828719,0.000299774734455,0.0645395802434,8.43798290128,7.56026146538e-06,0.00641081743069,5.16297670839,0.0572999081039,0.173115218897,-0.063643795183,3.80287882593,-0.250759243965,-0.0237853825093,0.35663465783,-0.05550480259,0.841790088589,0.55313147277,0.271684018031,0.130663514326,1.32606074502,-0.00962080130555,-0.00916459166238,-0.0108735499493,-0.0169619715119,0.00346861381527,0.216046976399,-0.0439433680481,0.0073228990636,0.0753402840001,-8.2263334578e-08,-0.00013848460147,-0.68519450979,1.63400689069e-05,0.00588350215565,0.052671383469,-1.20904394165e-07,-0.000200614449994,0.335583680872,-1.93096182051e-05,-0.00696553992714,-0.0604487056555,3.60599048408e-09,1.62283719721e-05,-0.169933959765,1.1751487872e-06,0.000960541246659,-0.211694438453,4.64867658994e-06,0.00489454122004,0.616649082553,-9.02225282806e-07,-0.00177624647021,-0.0386032008483,2.32467738947e-06,0.000593940988036,-0.134788536701,1.64173722274e-06,0.00114463081612,-0.226239953319,2.80698160448e-05,0.0073751364046,0.192789586974,-1.04833718824e-05,-0.00367431013875,-0.42115952264,0.0629705797034,-0.00387530305974,-0.319970303203,4.0177798674e-05,0.00723217498362,0.579849876843,-7.55373406192e-07,-0.00118101926888,-0.175988553044,0.00766074213134,-0.0382061552959,0.26702486511,-0.000252751916467,-0.0329698471425,-0.392873739191,1.80996838124e-05,0.00640235442524,0.10647564159,-0.011182621544,-0.0257120621881
gradient,21,0.49,0.5,predicted,Actual proposal support boundary; monitored coordinates are pre-native endpoint forecast,True,50,-0.149247838991,0.46935587421,-0.020144669857,0.0049052047348,-0.189929276135,0.0424000395883,7.48385751832,5.45250295602,0.307401107807,-0.325458230297,1.61283764504,0.181240634654,0.270271221924,0.27106838595,0.267066720661,0.198019427696,4.53037474916,0.198094447015,0.663283229703,9.29350077055,2.42726196588e-07,0.000719933458708,8.72235493116,5.65093598316e-06,0.00371451977401,9.26052262694,1.93044936525e-07,0.000673773541071,8.29958144699,1.18394834853e-05,0.00864004266645,10.0037312434,1.58637954723e-08,0.000111745761116,8.94065070751,1.05782877966e-06,0.00174056161057,8.25416618373,3.54280445121e-06,0.00707432600918,9.1473041387,2.50664782602e-07,0.000855100653106,8.83169819669,2.48024894718e-06,0.00266431657046,8.62358607058,2.72609520409e-06,0.00361771108462,8.06169249613,3.12857799681e-05,0.0146552456631,8.32232601639,1.08712209277e-05,0.00786036947627,4.81889864145,0.134314254307,0.378439713476,8.21831244642,2.45427141131e-05,0.0113987112976,9.431879471,1.96670084235e-07,0.00053874752915,5.15342639921,0.0671503599974,0.334545457985,7.31432396119,0.000298397759289,0.0642739390671,8.43528398432,7.68016543627e-06,0.00645474478286,5.1623060924,0.0573034719581,0.172997159905,0.229021548322,0.462070942482,-0.30283331871,-0.0600712895395,0.18630900979,-0.0549748196934,0.48321407394,0.369212672993,0.220194936463,-0.305265328809,0.489774649974,-0.00764271818015,-0.00927978888903,-0.00721076657707,-0.0101113191824,0.00830515740851,0.318060496936,-0.0549537067718,0.00582364360219,-0.0792094032407,6.42471300895e-08,0.000168506014403,-0.540371002639,1.31854850826e-05,0.00469197629395,0.0526856298304,-1.23326222053e-07,-0.000192611351359,0.172381290582,-1.03189646854e-05,-0.0036584098796,0.366933566815,-3.61450363232e-08,-0.000159831015084,-0.0183744529004,1.94219776858e-07,0.000133739391051,-0.234382960904,5.13164784809e-06,0.00526072427947,0.527114471606,-7.72597414638e-07,-0.00153786464702,-0.0211713555204,1.71379202137e-06,0.000409705627019,-0.248592112388,3.09739850025e-06,0.00229021020515,0.0681899777115,-9.57619660473e-06,-0.00181365058365,0.120566309406,-6.74523450882e-06,-0.00221140237478,-0.675994153513,0.0922196129271,-0.0593820892291,-0.307609850715,3.68652988707e-05,0.00709526763363,1.17287668297,-1.45688749158e-06,-0.00229358234423,-0.229666638388,0.0112926161606,-0.0363517315952,0.195567400447,-0.000137697516547,-0.0265641176324,-0.269891696023,1.1990397089e-05,0.00439273521709,-0.067061599202,0.000356385421053,-0.0118058991682
