split,feature,metric,window_mean,ci_low,ci_high,p,n_batches,mean_time_coverage,start,end,end_minus_start,mean_change_rate,missing_node_policy,q
discovery,ck2:A:ASN117::NOS::motif_centroid_x,population_mean,2.11364311485,2.10874370211,2.11854252759,9.43660127384e-33,14,1,2.42135900358,1.95045061459,-0.47090838899,-0.94181677798,Complete curve required,4.43109972859e-32
discovery,ck2:A:ASN117::NOS::motif_centroid_x,selected_mean,2.11367738184,2.10886639205,2.11848837162,7.44561865751e-33,14,1,2.42110789834,1.95037123725,-0.470736661093,-0.941473322185,Complete curve required,3.82917530958e-32
discovery,ck2:A:ASN117::NOS::motif_centroid_x,selection_shift,3.42669863441e-05,-0.000395241188737,0.000463775161426,0.865810177694,14,1,-0.000251105241899,-7.93773445004e-05,0.000171727897398,0.000343455794796,Complete curve required,0.996730627894
discovery,ck2:A:ASN117::NOS::motif_centroid_x,retained_shift,0.00371167916986,-0.00362580562101,0.0110491639607,0.294308183453,14,1,0.0833035073905,-0.000708682172671,-0.0840121895632,-0.168024379126,Complete curve required,0.888604591122
discovery,ck2:A:ASN117::NOS::motif_centroid_x,low_enrichment,-0.00214110826055,-0.0065521394609,0.0022699229398,0.313449042651,14,1,-0.00166022277836,-0.00301319534412,-0.00135297256575,-0.00270594513151,Complete curve required,0.505261143377
discovery,ck2:A:ASN117::NOS::motif_centroid_x,high_enrichment,-0.0016704450899,-0.00481354614605,0.00147265596624,0.271592753655,14,1,-0.00317037144412,-0.00397555777419,-0.000805186330068,-0.00161037266014,Complete curve required,0.348189067191
discovery,ck2:A:ASN117::NOS::motif_centroid_x,affinity_correlation,0.00166913391206,-0.0487720912338,0.0521103590579,0.944097443315,14,1,-0.00731625925344,-0.0161739829869,-0.00885772373351,-0.017715447467,Complete curve required,0.969609833936
discovery,ck2:A:ASN117::NOS::motif_centroid_x,partial_affinity_correlation,-0.0115696721317,-0.0466894158712,0.0235500716077,0.489225286655,14,1,-0.0229798634525,-0.0281707282417,-0.00519086478917,-0.0103817295783,Complete curve required,0.786709347911
discovery,ck2:A:ASN117::NOS::motif_centroid_x,lag_gain_correlation,0.0391146642527,0.0223505775267,0.0558787509787,0.000226136817551,14,1,0.0559835852728,0.0468862297943,-0.00909735547853,-0.0185660315888,"Undefined genealogical contrasts are omitted with reported quadrature coverage, never treated as zero",0.019297549886
discovery,ck2:A:ASN117::NOS::motif_centroid_x,lag_partial_gain_correlation,0.0379551602194,0.025269897966,0.0506404224727,2.11959038811e-05,14,1,0.0634729474158,0.0668967392317,0.00342379181588,0.00698733023649,"Undefined genealogical contrasts are omitted with reported quadrature coverage, never treated as zero",0.00228915761916
discovery,ck2:A:ASN117::NOS::motif_centroid_x,native_difference,0.00421614337734,-0.00119252404526,0.00962481079994,0.116016753887,14,1,0,0.0167774080296,0.0167774080296,0.0335548160593,Complete curve required,0.29832879571
discovery,ck2:A:ASN117::NOS::motif_centroid_x,lag_controlled_gain_correlation,0.0122156391978,-0.00399386008634,0.0284251384818,0.127490357215,14,1,0.0365874343051,0.0822223572529,0.0456349229478,0.0931324958118,"Undefined genealogical contrasts are omitted with reported quadrature coverage, never treated as zero",0.428905383988
discovery,ck2:A:ASN117::NOS::motif_centroid_x,root_balanced_selection_shift,7.40075050905e-07,-0.000238746172058,0.00024022632216,0.994774642576,14,1,0,-6.9043636394e-05,-6.9043636394e-05,-0.000138087272788,Complete curve required,0.994774642576
discovery,ck2:A:ASN117::NOS::motif_centroid_x,root_balanced_retained_shift,0.000269063731797,-0.00534636805515,0.00588449551874,0.919134757547,14,1,0,-0.00104379547004,-0.00104379547004,-0.00208759094009,Complete curve required,0.998966672469
discovery,ck2:A:ASN117::NOS::motif_centroid_x,within_root_affinity_correlation,-0.020186534568,-0.0673987658464,0.0270256967104,0.372465698877,14,0.97,,-0.018488049576,,,"Undefined genealogical contrasts are omitted with reported quadrature coverage, never treated as zero",0.600392469831
discovery,ck2:A:ASN117::NOS::motif_centroid_y,population_mean,-9.34298981362,-9.3682387045,-9.31774092274,6.93704086246e-32,14,1,-9.79904218661,-8.40424519956,1.39479698705,2.78959397409,Complete curve required,2.49733471049e-31
discovery,ck2:A:ASN117::NOS::motif_centroid_y,selected_mean,-9.34260481378,-9.36849207607,-9.3167175515,9.60226744513e-32,14,1,-9.76152044667,-8.40215985602,1.35936059065,2.71872118129,Complete curve required,3.45681628025e-31
discovery,ck2:A:ASN117::NOS::motif_centroid_y,selection_shift,0.000384999835176,-0.00112693903022,0.00189693870058,0.591566856883,14,1,0.0375217399384,0.00208534353945,-0.0354363963989,-0.0708727927979,Complete curve required,0.976836482904
discovery,ck2:A:ASN117::NOS::motif_centroid_y,retained_shift,0.0016411428652,-0.00941113451197,0.0126934202424,0.753467085354,14,1,0.143341837016,-0.00209288731739,-0.145434724333,-0.290869448666,Complete curve required,0.888604591122
discovery,ck2:A:ASN117::NOS::motif_centroid_y,low_enrichment,-0.00241161586724,-0.00788504396171,0.00306181222724,0.358527410662,14,1,-0.0198951661387,-0.00456170525908,0.0153334608796,0.0306669217593,Complete curve required,0.537791115993
discovery,ck2:A:ASN117::NOS::motif_centroid_y,high_enrichment,-0.00285219469061,-0.00788274198934,0.00217835260813,0.24235386534,14,1,0.00456221972997,0.00615450748388,0.00159228775391,0.00318457550782,Complete curve required,0.315352017551
discovery,ck2:A:ASN117::NOS::motif_centroid_y,affinity_correlation,0.00435702949755,-0.0768118502506,0.0855259092457,0.909452117229,14,1,0.21836450337,-0.019538829168,-0.237903332538,-0.475806665077,Complete curve required,0.966292874556
discovery,ck2:A:ASN117::NOS::motif_centroid_y,partial_affinity_correlation,-0.00863870966183,-0.0593495976672,0.0420721783436,0.71877858713,14,1,0.222530736675,-0.0465037930417,-0.269034529717,-0.538069059434,Complete curve required,0.917159019516
discovery,ck2:A:ASN117::NOS::motif_centroid_y,lag_gain_correlation,0.0260904768899,-0.00620958323747,0.0583905370172,0.104553448913,14,1,0.0951802477531,0.128548499624,0.0333682518704,0.068098473205,"Undefined genealogical contrasts are omitted with reported quadrature coverage, never treated as zero",0.16364887656
discovery,ck2:A:ASN117::NOS::motif_centroid_y,lag_partial_gain_correlation,0.0284000568473,-0.00152213625874,0.0583222499533,0.061044785006,14,1,0.251812843262,0.113318534753,-0.138494308509,-0.282641445937,"Undefined genealogical contrasts are omitted with reported quadrature coverage, never treated as zero",0.129218237146
discovery,ck2:A:ASN117::NOS::motif_centroid_y,native_difference,0.0103651596147,-0.0125284929115,0.0332588121409,0.345870665239,14,1,0,0.0139424797391,0.0139424797391,0.0278849594781,Complete curve required,0.504784214133
discovery,ck2:A:ASN117::NOS::motif_centroid_y,lag_controlled_gain_correlation,0.0113735594542,-0.0181427897741,0.0408899086825,0.420181526545,14,1,0.22269094834,0.0870694273974,-0.135621520942,-0.276778614168,"Undefined genealogical contrasts are omitted with reported quadrature coverage, never treated as zero",0.621638422834
discovery,ck2:A:ASN117::NOS::motif_centroid_y,root_balanced_selection_shift,-8.15773611487e-05,-0.00147810872572,0.00131495400342,0.901507372314,14,1,0,0.00263531692142,0.00263531692142,0.00527063384283,Complete curve required,0.985262702876
discovery,ck2:A:ASN117::NOS::motif_centroid_y,root_balanced_retained_shift,-0.000246897640506,-0.0101891165566,0.0096953212756,0.958030517619,14,1,0,-0.00183598743274,-0.00183598743274,-0.00367197486547,Complete curve required,0.998966672469
discovery,ck2:A:ASN117::NOS::motif_centroid_y,within_root_affinity_correlation,-0.0118543513917,-0.0766604650114,0.0529517622279,0.699121529426,14,0.97,,-0.0162277431569,,,"Undefined genealogical contrasts are omitted with reported quadrature coverage, never treated as zero",0.82070788237
discovery,ck2:A:ASN117::NOS::motif_centroid_z,population_mean,6.12432730641,6.10030622668,6.14834838614,8.79478188785e-30,14,1,5.29894817922,5.54583761789,0.246889438669,0.493778877338,Complete curve required,2.87829225421e-29
discovery,ck2:A:ASN117::NOS::motif_centroid_z,selected_mean,6.12423362628,6.09906829308,6.14939895948,1.61076618709e-29,14,1,5.27876592656,5.5450290075,0.266263080935,0.532526161871,Complete curve required,5.27159843047e-29
discovery,ck2:A:ASN117::NOS::motif_centroid_z,selection_shift,-9.36801326836e-05,-0.00190368372622,0.00171632346085,0.912678951102,14,1,-0.020182252653,-0.000808610386505,0.0193736422665,0.038747284533,Complete curve required,0.996730627894
discovery,ck2:A:ASN117::NOS::motif_centroid_z,retained_shift,-0.00629869510254,-0.0277371164706,0.0151397262656,0.5366189946,14,1,-0.187644945237,0.00468674856776,0.192331693804,0.384663387609,Complete curve required,0.888604591122
discovery,ck2:A:ASN117::NOS::motif_centroid_z,low_enrichment,-0.00362113596257,-0.00856642949761,0.00132415757248,0.137686140928,14,1,0.000381511451961,-0.000559467976023,-0.000940979427984,-0.00188195885597,Complete curve required,0.297402064405
discovery,ck2:A:ASN117::NOS::motif_centroid_z,high_enrichment,-0.00131718942643,-0.00710583595337,0.00447145710052,0.631208003868,14,1,-0.00541715832319,-0.00808269038335,-0.00266553206016,-0.00533106412033,Complete curve required,0.702788292966
discovery,ck2:A:ASN117::NOS::motif_centroid_z,affinity_correlation,0.0238383678621,-0.0535917773975,0.101268513122,0.517605675235,14,1,-0.134521541603,-0.0696995146258,0.0648220269771,0.129644053954,Complete curve required,0.703893988045
discovery,ck2:A:ASN117::NOS::motif_centroid_z,partial_affinity_correlation,0.00888608059723,-0.0298564069376,0.047628568132,0.628512036062,14,1,-0.151063355609,-0.0157063470686,0.13535700854,0.270714017081,Complete curve required,0.866327401059
discovery,ck2:A:ASN117::NOS::motif_centroid_z,lag_gain_correlation,-0.034630802422,-0.0666662410347,-0.00259536380924,0.0361978006463,14,1,0.0846492388153,0.0474631078601,-0.0371861309552,-0.075890063174,"Undefined genealogical contrasts are omitted with reported quadrature coverage, never treated as zero",0.0831779248894
discovery,ck2:A:ASN117::NOS::motif_centroid_z,lag_partial_gain_correlation,-0.0254897713441,-0.0513073123359,0.000327769647689,0.0525669879073,14,1,-0.00154211144572,0.0265419883878,0.0280840998336,0.0573144894562,"Undefined genealogical contrasts are omitted with reported quadrature coverage, never treated as zero",0.129218237146
discovery,ck2:A:ASN117::NOS::motif_centroid_z,native_difference,-0.0484831242343,-0.0712330654717,-0.0257331829969,0.000494064399148,14,1,0,-0.156344155612,-0.156344155612,-0.312688311225,Complete curve required,0.0135483271888
discovery,ck2:A:ASN117::NOS::motif_centroid_z,lag_controlled_gain_correlation,0.0108140598221,-0.0101093883395,0.0317375079836,0.284393901969,14,1,-0.0157008916019,-0.0142295785421,0.00147131305981,0.00300267971391,"Undefined genealogical contrasts are omitted with reported quadrature coverage, never treated as zero",0.57546072151
discovery,ck2:A:ASN117::NOS::motif_centroid_z,root_balanced_selection_shift,5.06501466594e-05,-0.00144258894528,0.00154388923859,0.942699648917,14,1,0,-0.000310618382483,-0.000310618382483,-0.000621236764967,Complete curve required,0.985262702876
discovery,ck2:A:ASN117::NOS::motif_centroid_z,root_balanced_retained_shift,-0.000822307779488,-0.0194749532887,0.0178303377297,0.925576208155,14,1,0,0.00797999868788,0.00797999868788,0.0159599973758,Complete curve required,0.998966672469
discovery,ck2:A:ASN117::NOS::motif_centroid_z,within_root_affinity_correlation,0.0268988522708,-0.0573995035476,0.111197208089,0.502719842446,14,0.97,,-0.060003385056,,,"Undefined genealogical contrasts are omitted with reported quadrature coverage, never treated as zero",0.684747011295
discovery,ck2:A:ASN117::NOS::motif_pair_1_5,population_mean,0.634619643364,0.612735302949,0.656503983779,1.61711531013e-17,14,1,0.220764521563,0.372548774557,0.151784252994,0.303568505988,Complete curve required,3.06400795604e-17
discovery,ck2:A:ASN117::NOS::motif_pair_1_5,selected_mean,0.636022780686,0.613684006586,0.658361554786,2.05108302326e-17,14,1,0.216759771498,0.375648522349,0.158888750851,0.317777501702,Complete curve required,3.83603890703e-17
discovery,ck2:A:ASN117::NOS::motif_pair_1_5,selection_shift,0.00140313732205,3.16954447824e-05,0.00277457919932,0.0456259788227,14,1,-0.00400475006521,0.00309974779161,0.00710449785682,0.0142089957136,Complete curve required,0.287953312374
discovery,ck2:A:ASN117::NOS::motif_pair_1_5,retained_shift,0.00278635593399,-0.0160325122306,0.0216052240986,0.754150910754,14,1,-0.0804178437327,0.0086820902907,0.0890999340234,0.178199868047,Complete curve required,0.888604591122
discovery,ck2:A:ASN117::NOS::motif_pair_1_5,low_enrichment,-0.00531406756146,-0.00940553144454,-0.00122260367838,0.0148601867029,14,1,0.0056946192584,-0.00992564656272,-0.0156202658211,-0.0312405316422,Complete curve required,0.0944058919947
discovery,ck2:A:ASN117::NOS::motif_pair_1_5,high_enrichment,0.00175369092697,-0.00195598122191,0.00546336307584,0.325751445879,14,1,-0.000392885135679,0.00449682774228,0.00488971287796,0.00977942575592,Complete curve required,0.395293889382
discovery,ck2:A:ASN117::NOS::motif_pair_1_5,affinity_correlation,0.0679438447021,0.00405187196044,0.131835817444,0.0388476427539,14,1,-0.0531637786419,0.0968658774695,0.150029656111,0.300059312223,Complete curve required,0.110068321136
discovery,ck2:A:ASN117::NOS::motif_pair_1_5,partial_affinity_correlation,0.061971701078,-0.00570921309942,0.129652615255,0.0695054621327,14,1,-0.0720212695721,0.125139999104,0.197161268676,0.394322537353,Complete curve required,0.786709347911
discovery,ck2:A:ASN117::NOS::motif_pair_1_5,lag_gain_correlation,0.0243075463675,-0.000920240724638,0.0495353334597,0.0577094662651,14,1,-0.10172713991,-0.0150935943765,0.0866335455339,0.176803154151,"Undefined genealogical contrasts are omitted with reported quadrature coverage, never treated as zero",0.107459006149
discovery,ck2:A:ASN117::NOS::motif_pair_1_5,lag_partial_gain_correlation,0.0294151319431,-0.000247213779912,0.0590774776661,0.0516715666099,14,1,-0.158789390818,0.0170459385963,0.175835329415,0.35884761105,"Undefined genealogical contrasts are omitted with reported quadrature coverage, never treated as zero",0.129218237146
discovery,ck2:A:ASN117::NOS::motif_pair_1_5,native_difference,-0.00783477337254,-0.0299631934657,0.0142936467207,0.457993202488,14,1,0,-0.0644716404912,-0.0644716404912,-0.128943280982,Complete curve required,0.623013496458
discovery,ck2:A:ASN117::NOS::motif_pair_1_5,lag_controlled_gain_correlation,0.0133296899187,-0.0178242057676,0.044483585605,0.372145166308,14,1,-0.16110813045,0.0554322288923,0.216540359342,0.441919100698,"Undefined genealogical contrasts are omitted with reported quadrature coverage, never treated as zero",0.596961864557
discovery,ck2:A:ASN117::NOS::motif_pair_1_5,root_balanced_selection_shift,0.00104873506028,0.00022599106921,0.00187147905135,0.0164188863763,14,1,0,0.00346417783407,0.00346417783407,0.00692835566813,Complete curve required,0.443309932161
discovery,ck2:A:ASN117::NOS::motif_pair_1_5,root_balanced_retained_shift,0.00378352145986,-0.00937182003294,0.0169388629527,0.545124373956,14,1,0,0.0114805275572,0.0114805275572,0.0229610551144,Complete curve required,0.998966672469
discovery,ck2:A:ASN117::NOS::motif_pair_1_5,within_root_affinity_correlation,0.0657358987577,0.00600891800131,0.125462879514,0.0334503998017,14,0.97,,0.100209240055,,,"Undefined genealogical contrasts are omitted with reported quadrature coverage, never treated as zero",0.138743433719
discovery,ck2:A:ASN117::NOS::motif_pair_3,population_mean,0.243308473848,0.214505434721,0.272111512975,1.20266399779e-10,14,1,0.637906610803,0.665862130986,0.0279555201835,0.0559110403671,Complete curve required,1.41182295393e-10
discovery,ck2:A:ASN117::NOS::motif_pair_3,selected_mean,0.242606391421,0.212802729449,0.272410053394,1.91277519764e-10,14,1,0.638146654477,0.663713568512,0.0255669140347,0.0511338280693,Complete curve required,2.24543175375e-10
discovery,ck2:A:ASN117::NOS::motif_pair_3,selection_shift,-0.000702082426398,-0.00224492142725,0.000840756574452,0.343504274851,14,1,0.000240043674561,-0.00214856247433,-0.00238860614889,-0.00477721229778,Complete curve required,0.724046000889
discovery,ck2:A:ASN117::NOS::motif_pair_3,retained_shift,0.00192198715528,-0.0203056062321,0.0241495805426,0.85469813854,14,1,-0.111290884835,-0.00289647628373,0.108394408551,0.216788817102,Complete curve required,0.947431497266
discovery,ck2:A:ASN117::NOS::motif_pair_3,low_enrichment,-0.00281911954422,-0.00696881564893,0.00133057656048,0.165971213629,14,1,-0.00336477146635,0.000434593559163,0.00379936502552,0.00759873005103,Complete curve required,0.331942427257
discovery,ck2:A:ASN117::NOS::motif_pair_3,high_enrichment,-0.00331797275624,-0.00736153446845,0.000725588955974,0.0996948568078,14,1,0.000391086702556,-0.00868923602375,-0.00908032272631,-0.0181606454526,Complete curve required,0.156044123699
discovery,ck2:A:ASN117::NOS::motif_pair_3,affinity_correlation,-0.016770799368,-0.076139133489,0.042597534753,0.552198231113,14,1,0.0235274229613,-0.0900961128329,-0.113623535794,-0.227247071588,Complete curve required,0.712964804728
discovery,ck2:A:ASN117::NOS::motif_pair_3,partial_affinity_correlation,0.00917150492784,-0.0224063543867,0.0407493642423,0.541222818363,14,1,0.0162753508673,-0.126607439313,-0.14288279018,-0.285765580361,Complete curve required,0.811834227545
discovery,ck2:A:ASN117::NOS::motif_pair_3,lag_gain_correlation,0.0336446542956,0.00344397528573,0.0638453333055,0.0316832969111,14,1,-0.0968043623617,0.0415845304957,0.138388892857,0.282426311954,"Undefined genealogical contrasts are omitted with reported quadrature coverage, never treated as zero",0.0817999542495
discovery,ck2:A:ASN117::NOS::motif_pair_3,lag_partial_gain_correlation,0.0281530711455,-0.000288043506332,0.0565941857973,0.0520380377975,14,1,-0.0534912634643,0.0126991706023,0.0661904340666,0.135082518503,"Undefined genealogical contrasts are omitted with reported quadrature coverage, never treated as zero",0.129218237146
discovery,ck2:A:ASN117::NOS::motif_pair_3,native_difference,0.0164732590622,-0.0132082376928,0.0461547558172,0.251924685998,14,1,0,0.0514486992993,0.0514486992993,0.102897398599,Complete curve required,0.445510661504
discovery,ck2:A:ASN117::NOS::motif_pair_3,lag_controlled_gain_correlation,-0.00666640203103,-0.0277899013119,0.0144570972499,0.507334452461,14,1,-0.0773360310977,-0.0201929607842,0.0571430703134,0.116618510844,"Undefined genealogical contrasts are omitted with reported quadrature coverage, never treated as zero",0.663860260001
discovery,ck2:A:ASN117::NOS::motif_pair_3,root_balanced_selection_shift,-0.000774187217315,-0.00205030431319,0.000501929878562,0.212662195688,14,1,0,-0.00222633635652,-0.00222633635652,-0.00445267271304,Complete curve required,0.644382535191
discovery,ck2:A:ASN117::NOS::motif_pair_3,root_balanced_retained_shift,-0.00322235670119,-0.01915642371,0.0127117103077,0.669358306475,14,1,0,-0.00373481241231,-0.00373481241231,-0.00746962482461,Complete curve required,0.998966672469
discovery,ck2:A:ASN117::NOS::motif_pair_3,within_root_affinity_correlation,-0.0279719737119,-0.101322603848,0.0453786564244,0.424882977162,14,0.97,,-0.0937474614284,,,"Undefined genealogical contrasts are omitted with reported quadrature coverage, never treated as zero",0.646300866668
discovery,ck2:A:ASN117::NOS::motif_pair_5,population_mean,0.00954235608035,0.00656166067409,0.0125230514866,1.05914084482e-05,14,1,0.198610187579,0.0775650811337,-0.121045106446,-0.242090212891,Complete curve required,1.08940201181e-05
discovery,ck2:A:ASN117::NOS::motif_pair_5,selected_mean,0.00957333242103,0.00652128942555,0.0126253754165,1.30857599598e-05,14,1,0.20204548083,0.0772578324041,-0.124787648426,-0.249575296851,Complete curve required,1.34596388158e-05
discovery,ck2:A:ASN117::NOS::motif_pair_5,selection_shift,3.09763406797e-05,-0.000131572815718,0.000193525497077,0.687271656152,14,1,0.00343529325056,-0.000307248729521,-0.00374254198008,-0.00748508396015,Complete curve required,0.996730627894
discovery,ck2:A:ASN117::NOS::motif_pair_5,retained_shift,0.00148024800631,-0.000724895311697,0.00368539132432,0.170701099625,14,1,0.134618134597,-0.00258979325099,-0.137207927848,-0.274415855695,Complete curve required,0.888604591122
discovery,ck2:A:ASN117::NOS::motif_pair_5,low_enrichment,-0.00173368288532,-0.00616264145145,0.00269527568082,0.413037295359,14,1,-0.00617799044255,-0.00538932453953,0.000788665903021,0.00157733180604,Complete curve required,0.602811187821
discovery,ck2:A:ASN117::NOS::motif_pair_5,high_enrichment,-0.00336472571036,-0.00828764628772,0.001558194867,0.163600215737,14,1,0.00431309405577,-0.00666565046413,-0.0109787445199,-0.0219574890398,Complete curve required,0.229465237657
discovery,ck2:A:ASN117::NOS::motif_pair_5,affinity_correlation,-0.0430994036762,-0.112088634204,0.0258898268512,0.200166119342,14,1,0.0390169084656,-0.0200280625925,-0.0590449710581,-0.118089942116,Complete curve required,0.356809691301
discovery,ck2:A:ASN117::NOS::motif_pair_5,partial_affinity_correlation,-0.0225564515727,-0.0614831980556,0.0163702949101,0.232682482716,14,1,0.0627411502661,-0.0325876293006,-0.0953287795666,-0.190657559133,Complete curve required,0.786709347911
discovery,ck2:A:ASN117::NOS::motif_pair_5,lag_gain_correlation,0.0402567949375,0.00561107922165,0.0749025106534,0.0260794524803,14,1,0.151564225555,-0.0146340615064,-0.166198287061,-0.339180177676,"Undefined genealogical contrasts are omitted with reported quadrature coverage, never treated as zero",0.0761238072397
discovery,ck2:A:ASN117::NOS::motif_pair_5,lag_partial_gain_correlation,0.0294935138644,-0.00180206990681,0.0607890976357,0.0626605707998,14,1,0.157000206877,-0.020539626115,-0.177539832992,-0.362326189779,"Undefined genealogical contrasts are omitted with reported quadrature coverage, never treated as zero",0.129218237146
discovery,ck2:A:ASN117::NOS::motif_pair_5,native_difference,0.000542921152052,-0.00264664145674,0.00373248376085,0.718989497901,14,1,0,0.015674687191,0.015674687191,0.031349374382,Complete curve required,0.768820453201
discovery,ck2:A:ASN117::NOS::motif_pair_5,lag_controlled_gain_correlation,-0.00901590210273,-0.0306716148428,0.0126398106373,0.384784446456,14,1,0.16939735826,-0.0328875900354,-0.202284948296,-0.412826425093,"Undefined genealogical contrasts are omitted with reported quadrature coverage, never treated as zero",0.596961864557
discovery,ck2:A:ASN117::NOS::motif_pair_5,root_balanced_selection_shift,-1.5115185338e-05,-0.000130452437953,0.000100222067277,0.781542444034,14,1,0,-0.000460775116154,-0.000460775116154,-0.000921550232309,Complete curve required,0.985262702876
discovery,ck2:A:ASN117::NOS::motif_pair_5,root_balanced_retained_shift,-9.03981367282e-05,-0.000932475188971,0.000751678915514,0.820212048779,14,1,0,-0.00368600560824,-0.00368600560824,-0.00737201121647,Complete curve required,0.998966672469
discovery,ck2:A:ASN117::NOS::motif_pair_5,within_root_affinity_correlation,-0.0442921008504,-0.1180229902,0.0294387884993,0.216914734152,14,0.97,,-0.03233023412,,,"Undefined genealogical contrasts are omitted with reported quadrature coverage, never treated as zero",0.425941659789
discovery,ck2:A:ASN117::NOS::motif_shell_2,population_mean,1.04007600239e-09,7.99449622605e-10,1.28070238217e-09,3.95969649994e-07,14,1,4.67522808134e-09,1.6406838347e-08,1.17316102656e-08,2.34632205312e-08,Complete curve required,4.23413091083e-07
discovery,ck2:A:ASN117::NOS::motif_shell_2,selected_mean,1.05739915902e-09,8.09368336818e-10,1.30542998121e-09,4.63404895934e-07,14,1,5.52164722798e-09,1.65483447778e-08,1.10266975498e-08,2.20533950997e-08,Complete curve required,4.9552206694e-07
discovery,ck2:A:ASN117::NOS::motif_shell_2,selection_shift,1.73231566302e-11,-5.66741721533e-12,4.03137304757e-11,0.127545900018,14,1,8.46419146636e-10,1.41506430859e-10,-7.04912715777e-10,-1.40982543155e-09,Complete curve required,0.495022307768
discovery,ck2:A:ASN117::NOS::motif_shell_2,retained_shift,-2.51767368785e-11,-9.38521246677e-11,4.34986509107e-11,0.442572423366,14,1,-4.58162567964e-09,1.55906181599e-10,4.73753186124e-09,9.47506372248e-09,Complete curve required,0.888604591122
discovery,ck2:A:ASN117::NOS::motif_shell_2,low_enrichment,0.000965260594474,-0.00307185706688,0.00500237825583,0.614153725349,14,1,-0.0175335072089,-0.0153442245687,0.00218928264022,0.00437856528044,Complete curve required,0.78033649809
discovery,ck2:A:ASN117::NOS::motif_shell_2,high_enrichment,-0.00398176903155,-0.00708897325987,-0.000874564803226,0.0159653086189,14,1,0.00690395502069,0.01150163788,0.00459768285936,0.00919536571871,Complete curve required,0.0374837680617
discovery,ck2:A:ASN117::NOS::motif_shell_2,lag_gain_correlation,0.0595896722293,0.0243674675287,0.0948118769299,0.00290965506183,14,0.539358600583,0.029287656176,0.0623566070959,0.0330689509199,0.0674876549385,"Undefined genealogical contrasts are omitted with reported quadrature coverage, never treated as zero",0.0523737911129
discovery,ck2:A:ASN117::NOS::motif_shell_2,lag_partial_gain_correlation,0.0469432110384,0.0140421725447,0.0798442495321,0.0087375699695,14,0.533527696793,0.0117528656962,0.107388605639,0.0956357399426,0.195174979475,"Undefined genealogical contrasts are omitted with reported quadrature coverage, never treated as zero",0.124632382214
discovery,ck2:A:ASN117::NOS::motif_shell_2,native_difference,1.40016306695e-10,-7.48279034747e-11,3.54860516864e-10,0.182611953658,14,1,0,2.84655717725e-09,2.84655717725e-09,5.6931143545e-09,Complete curve required,0.443652431203
discovery,ck2:A:ASN117::NOS::motif_shell_2,lag_controlled_gain_correlation,0.0164503995257,-0.0122667666919,0.0451675657433,0.237769905691,14,0.5,-0.00675502562296,0.0205244804635,0.0272795060864,0.0556724614009,"Undefined genealogical contrasts are omitted with reported quadrature coverage, never treated as zero",0.558242387275
discovery,ck2:A:ASN117::NOS::motif_shell_2,root_balanced_selection_shift,8.29035939762e-12,-5.88336289049e-12,2.24640816857e-11,0.228556243389,14,1,0,1.37368716621e-10,1.37368716621e-10,2.74737433242e-10,Complete curve required,0.644382535191
discovery,ck2:A:ASN117::NOS::motif_shell_2,root_balanced_retained_shift,1.74590783607e-11,-3.11248728109e-11,6.60430295324e-11,0.451438180988,14,1,0,4.97889054616e-11,4.97889054616e-11,9.95778109233e-11,Complete curve required,0.998966672469
discovery,ck2:A:ASN117::NOS::motif_shell_2,within_root_affinity_correlation,-0.0519876036714,-0.123544165507,0.0195689581647,0.140528736453,14,0.592857142857,,0.223789943363,,,"Undefined genealogical contrasts are omitted with reported quadrature coverage, never treated as zero",0.352955896207
discovery,ck2:A:ASN117::NOS::motif_shell_4,population_mean,2.87674995333e-05,2.43989390369e-05,3.31360600297e-05,2.64850892501e-09,14,1,4.249322063e-05,0.000319488995557,0.000276995774927,0.000553991549855,Complete curve required,3.04296770108e-09
discovery,ck2:A:ASN117::NOS::motif_shell_4,selected_mean,2.89676920563e-05,2.45925305561e-05,3.33428535565e-05,2.47793730499e-09,14,1,4.68495297542e-05,0.00032145403236,0.000274604502606,0.000549209005211,Complete curve required,2.84699179723e-09
discovery,ck2:A:ASN117::NOS::motif_shell_4,selection_shift,2.00192522995e-07,-9.46465855414e-08,4.95031631531e-07,0.166183286499,14,1,4.35630912416e-06,1.96503680261e-06,-2.39127232155e-06,-4.7825446431e-06,Complete curve required,0.559048056316
discovery,ck2:A:ASN117::NOS::motif_shell_4,retained_shift,1.00915560417e-07,-1.10834126239e-06,1.31017238323e-06,0.85970635863,14,1,-3.53428018441e-05,1.73574190548e-06,3.70785437495e-05,7.41570874991e-05,Complete curve required,0.947431497266
discovery,ck2:A:ASN117::NOS::motif_shell_4,low_enrichment,0.000712750566193,-0.00335415896901,0.0047796601014,0.711082923299,14,1,-0.0175335072089,-0.0159354133425,0.00159809386641,0.00319618773282,Complete curve required,0.862887142879
discovery,ck2:A:ASN117::NOS::motif_shell_4,high_enrichment,-0.0041379227607,-0.007644353528,-0.000631491993403,0.024218198079,14,1,0.00721077016513,0.00886647928347,0.00165570911833,0.00331141823667,Complete curve required,0.0533788855619
discovery,ck2:A:ASN117::NOS::motif_shell_4,affinity_correlation,-0.041284673649,-0.0924106773893,0.00984133009132,0.10464838526,14,1,0.00755309241692,0.233130737028,0.225577644611,0.451155289222,Complete curve required,0.232658675085
discovery,ck2:A:ASN117::NOS::motif_shell_4,partial_affinity_correlation,-0.00363487299682,-0.0390020881194,0.0317323421258,0.827738690284,14,1,0.0103744653855,0.0785035731419,0.0681291077564,0.136258215513,Complete curve required,0.945191366722
discovery,ck2:A:ASN117::NOS::motif_shell_4,lag_gain_correlation,0.0437201304017,0.0172053217902,0.0702349390132,0.00347415469277,14,1,0.0253109631881,0.0525547721819,0.0272438089938,0.0555996101914,"Undefined genealogical contrasts are omitted with reported quadrature coverage, never treated as zero",0.0536012438314
discovery,ck2:A:ASN117::NOS::motif_shell_4,lag_partial_gain_correlation,0.0332417768401,0.0072264126661,0.0592571410141,0.0162103978784,14,1,0.0208685606053,0.0945851879,0.0737166272947,0.15044209652,"Undefined genealogical contrasts are omitted with reported quadrature coverage, never treated as zero",0.124632382214
discovery,ck2:A:ASN117::NOS::motif_shell_4,native_difference,3.50412181804e-06,-7.6647211333e-07,7.77471574942e-06,0.0997073667653,14,1,0,5.07114245909e-05,5.07114245909e-05,0.000101422849182,Complete curve required,0.283024205277
discovery,ck2:A:ASN117::NOS::motif_shell_4,lag_controlled_gain_correlation,-0.00457823901653,-0.0236302102612,0.0144737322282,0.612385810873,14,1,0.00297824634048,0.0273040957687,0.0243258494283,0.0496445906699,"Undefined genealogical contrasts are omitted with reported quadrature coverage, never treated as zero",0.739768672311
discovery,ck2:A:ASN117::NOS::motif_shell_4,root_balanced_selection_shift,1.46053005187e-07,-1.41177437908e-07,4.33283448282e-07,0.291906774282,14,1,0,1.90259246571e-06,1.90259246571e-06,3.80518493142e-06,Complete curve required,0.70641461664
discovery,ck2:A:ASN117::NOS::motif_shell_4,root_balanced_retained_shift,3.62524436882e-07,-8.55050625816e-07,1.58009949958e-06,0.531254969408,14,1,0,1.48358352763e-07,1.48358352763e-07,2.96716705525e-07,Complete curve required,0.998966672469
discovery,ck2:A:ASN117::NOS::motif_shell_4,within_root_affinity_correlation,-0.0320968128964,-0.0862504138316,0.0220567880389,0.222762210088,14,0.97,,0.217842843411,,,"Undefined genealogical contrasts are omitted with reported quadrature coverage, never treated as zero",0.42961283374
discovery,ck2:A:ASN117::NOS::motif_shell_6,population_mean,0.0190786065729,0.0175668877514,0.0205903253945,7.39146614417e-13,14,1,0.0189987204458,0.117063688657,0.0980649682112,0.196129936422,Complete curve required,1.09353197749e-12
discovery,ck2:A:ASN117::NOS::motif_shell_6,selected_mean,0.0191184978437,0.0176216185249,0.0206153771626,6.34327022451e-13,14,1,0.0196704778729,0.11747074613,0.0978002682574,0.195600536515,Complete curve required,9.51490533676e-13
discovery,ck2:A:ASN117::NOS::motif_shell_6,selection_shift,3.98912707904e-05,-5.51267549194e-05,0.0001349092965,0.380919926706,14,1,0.000671757427031,0.000407057473266,-0.000264699953764,-0.000529399907529,Complete curve required,0.724046000889
discovery,ck2:A:ASN117::NOS::motif_shell_6,retained_shift,0.000110880545768,-0.000490947047367,0.000712708138904,0.697070573802,14,1,-0.00669992428621,0.000122278017326,0.00682220230354,0.0136444046071,Complete curve required,0.888604591122
discovery,ck2:A:ASN117::NOS::motif_shell_6,low_enrichment,-7.16617956083e-05,-0.00454417594309,0.00440085235187,0.972912628432,14,1,-0.0195615028432,-0.0125864664846,0.00697503635867,0.0139500727173,Complete curve required,0.99179675531
discovery,ck2:A:ASN117::NOS::motif_shell_6,high_enrichment,-0.00407138067974,-0.00757942917525,-0.000563332184223,0.0262258394804,14,1,0.00721077016513,0.00670253239247,-0.000508237772662,-0.00101647554532,Complete curve required,0.0555370718408
discovery,ck2:A:ASN117::NOS::motif_shell_6,affinity_correlation,-0.0382362595363,-0.0935126814721,0.0170401623994,0.158946782554,14,1,0.037337673638,0.198701351503,0.161363677865,0.32272735573,Complete curve required,0.305897581519
discovery,ck2:A:ASN117::NOS::motif_shell_6,partial_affinity_correlation,-0.00643132869136,-0.0442637949575,0.0314011375748,0.719340407464,14,1,0.0488890481623,0.107344120309,0.0584550721467,0.116910144293,Complete curve required,0.917159019516
discovery,ck2:A:ASN117::NOS::motif_shell_6,lag_gain_correlation,0.0445452673462,0.0159309342758,0.0731596004166,0.00509040046723,14,1,0.0224671268243,0.0406049131643,0.0181377863399,0.0370158904897,"Undefined genealogical contrasts are omitted with reported quadrature coverage, never treated as zero",0.0671388935183
discovery,ck2:A:ASN117::NOS::motif_shell_6,lag_partial_gain_correlation,0.0340477043042,0.0068377405197,0.0612576680887,0.0180812314685,14,1,0.0459705819271,0.0702294611999,0.0242588792728,0.0495079168833,"Undefined genealogical contrasts are omitted with reported quadrature coverage, never treated as zero",0.124632382214
discovery,ck2:A:ASN117::NOS::motif_shell_6,native_difference,0.00178584250481,0.000285642165115,0.00328604284451,0.0232185299301,14,1,0,0.0148214621768,0.0148214621768,0.0296429243536,Complete curve required,0.112118033876
discovery,ck2:A:ASN117::NOS::motif_shell_6,lag_controlled_gain_correlation,-0.0029184804808,-0.0222866700218,0.0164497090602,0.749957509248,14,1,0.0295936433964,0.0586876938787,0.0290940504823,0.0593756132292,"Undefined genealogical contrasts are omitted with reported quadrature coverage, never treated as zero",0.826483785702
discovery,ck2:A:ASN117::NOS::motif_shell_6,root_balanced_selection_shift,3.13960953672e-05,-6.11379635549e-05,0.000123930154289,0.476570777575,14,1,0,0.000390532209711,0.000390532209711,0.000781064419422,Complete curve required,0.919100785324
discovery,ck2:A:ASN117::NOS::motif_shell_6,root_balanced_retained_shift,0.000106840253524,-0.000486185105454,0.000699865612503,0.703417898864,14,1,0,-0.000260490601912,-0.000260490601912,-0.000520981203824,Complete curve required,0.998966672469
discovery,ck2:A:ASN117::NOS::motif_shell_6,within_root_affinity_correlation,-0.0331701333632,-0.0959120231897,0.0295717564633,0.273998505261,14,0.97,,0.18453468161,,,"Undefined genealogical contrasts are omitted with reported quadrature coverage, never treated as zero",0.485112107676
discovery,ck2:A:ASN117::NOS::proposal_motif_centroid_x,population_mean,2.10584519857,2.10085561543,2.11083478171,1.25500288216e-32,14,1,2.28105744973,1.94327387439,-0.337783575338,-0.675567150675,Complete curve required,5.64751296972e-32
discovery,ck2:A:ASN117::NOS::proposal_motif_centroid_x,selected_mean,2.10586269466,2.10096777969,2.11075760963,9.78252390231e-33,14,1,2.28113490845,1.94309958557,-0.338035322876,-0.676070645751,Complete curve required,4.40213575604e-32
discovery,ck2:A:ASN117::NOS::proposal_motif_centroid_x,selection_shift,1.74960897926e-05,-0.000275176685736,0.000310168865321,0.899217558221,14,1,7.74587147787e-05,-0.000174288823385,-0.000251747538164,-0.000503495076327,Complete curve required,0.996730627894
discovery,ck2:A:ASN117::NOS::proposal_motif_centroid_x,retained_shift,0.00270642355313,-0.00397977979658,0.00939262690285,0.397731069827,14,1,0.000229951738136,-0.000513177992699,-0.000743129730835,-0.00148625946167,Complete curve required,0.888604591122
discovery,ck2:A:ASN117::NOS::proposal_motif_centroid_x,low_enrichment,-0.00175593984862,-0.00534692106199,0.00183504136475,0.310026815891,14,1,0.00336947118841,-0.000378420697979,-0.00374789188639,-0.00749578377278,Complete curve required,0.505261143377
discovery,ck2:A:ASN117::NOS::proposal_motif_centroid_x,high_enrichment,-0.00158049502812,-0.00469787472211,0.00153688466587,0.293264883137,14,1,0.00326183511195,-0.00713005226674,-0.0103918873787,-0.0207837747574,Complete curve required,0.368286132311
discovery,ck2:A:ASN117::NOS::proposal_motif_centroid_x,affinity_correlation,-0.00107933560925,-0.0487751763603,0.0466165051418,0.961751533737,14,1,0.00666065729013,-0.0238558769198,-0.0305165342099,-0.0610330684198,Complete curve required,0.969609833936
discovery,ck2:A:ASN117::NOS::proposal_motif_centroid_x,partial_affinity_correlation,-0.00918797148352,-0.04162818717,0.023252244203,0.551171215323,14,1,-0.0299596097037,-0.014142397141,0.0158172125627,0.0316344251253,Complete curve required,0.814774840043
discovery,ck2:A:ASN117::NOS::proposal_motif_centroid_x,lag_gain_correlation,0.0334031950658,0.0180883955177,0.0487179946138,0.000406326681988,14,1,-0.00838541220258,0.0341155725978,0.0425009848003,0.0867367036741,"Undefined genealogical contrasts are omitted with reported quadrature coverage, never treated as zero",0.019297549886
discovery,ck2:A:ASN117::NOS::proposal_motif_centroid_x,lag_partial_gain_correlation,0.0331669925748,0.0195783581607,0.0467556269889,0.000150737477473,14,1,-0.0170419817561,0.0581322789838,0.0751742607398,0.153416858653,"Undefined genealogical contrasts are omitted with reported quadrature coverage, never treated as zero",0.00542654918902
discovery,ck2:A:ASN117::NOS::proposal_motif_centroid_x,native_difference,0.00443662594233,-0.00110679689403,0.00998004877869,0.10746139066,14,1,0,0.0165630145838,0.0165630145838,0.0331260291676,Complete curve required,0.290145754781
discovery,ck2:A:ASN117::NOS::proposal_motif_centroid_x,lag_controlled_gain_correlation,0.00715720601227,-0.00901257898665,0.0233269910112,0.356396208447,14,1,0.00388652813202,0.0679026484401,0.0640161203081,0.130645143486,"Undefined genealogical contrasts are omitted with reported quadrature coverage, never treated as zero",0.592399205839
discovery,ck2:A:ASN117::NOS::proposal_motif_centroid_x,root_balanced_selection_shift,-1.83342299373e-05,-0.000269271267675,0.0002326028078,0.877005783821,14,1,0,-0.000173390903109,-0.000173390903109,-0.000346781806217,Complete curve required,0.985262702876
discovery,ck2:A:ASN117::NOS::proposal_motif_centroid_x,root_balanced_retained_shift,0.000192474462938,-0.00555617531784,0.00594112424372,0.94343810901,14,1,0,-0.000860108178078,-0.000860108178078,-0.00172021635616,Complete curve required,0.998966672469
discovery,ck2:A:ASN117::NOS::proposal_motif_centroid_x,within_root_affinity_correlation,-0.0145692318581,-0.0598673916493,0.0307289279331,0.499387742848,14,0.987142857143,,-0.0343167924777,,,"Undefined genealogical contrasts are omitted with reported quadrature coverage, never treated as zero",0.684747011295
discovery,ck2:A:ASN117::NOS::proposal_motif_centroid_y,population_mean,-9.31002891033,-9.33641153892,-9.28364628175,1.28560266949e-31,14,1,-10.245507858,-8.36436067721,1.88114718083,3.76229436165,Complete curve required,4.33890900951e-31
discovery,ck2:A:ASN117::NOS::proposal_motif_centroid_y,selected_mean,-9.31003066497,-9.33706665427,-9.28299467567,1.76692199816e-31,14,1,-10.2452556249,-8.36240271865,1.88285290623,3.76570581246,Complete curve required,6.15572825165e-31
discovery,ck2:A:ASN117::NOS::proposal_motif_centroid_y,selection_shift,-1.75463231983e-06,-0.00157060555333,0.00156709628869,0.998108839955,14,1,0.000252233161598,0.00195795856189,0.00170572540029,0.00341145080058,Complete curve required,0.998108839955
discovery,ck2:A:ASN117::NOS::proposal_motif_centroid_y,retained_shift,0.000310197085456,-0.0105743456391,0.01119473981,0.951843330706,14,1,-0.01418703099,-0.00197837232204,0.012208658668,0.024417317336,Complete curve required,0.961328658763
discovery,ck2:A:ASN117::NOS::proposal_motif_centroid_y,low_enrichment,-0.00139493679286,-0.0071278677749,0.00433799418919,0.607974240228,14,1,-0.0011322817016,-0.00354826060721,-0.00241597890561,-0.00483195781122,Complete curve required,0.78033649809
discovery,ck2:A:ASN117::NOS::proposal_motif_centroid_y,high_enrichment,-0.00320319770524,-0.0081614998393,0.00175510442882,0.186199692315,14,1,0.00478358213621,0.00227169309885,-0.00251188903736,-0.00502377807472,Complete curve required,0.251590130624
discovery,ck2:A:ASN117::NOS::proposal_motif_centroid_y,affinity_correlation,0.00529865955414,-0.0740109697001,0.0846082888084,0.887450463004,14,1,0.0113413582747,-0.0250792795258,-0.0364206378005,-0.0728412756009,Complete curve required,0.952841549752
discovery,ck2:A:ASN117::NOS::proposal_motif_centroid_y,partial_affinity_correlation,-0.00722275763529,-0.0556406477369,0.0411951324664,0.752369235411,14,1,0.0118874815292,-0.075214069635,-0.0871015511642,-0.174203102328,Complete curve required,0.945191366722
discovery,ck2:A:ASN117::NOS::proposal_motif_centroid_y,lag_gain_correlation,0.0201027948288,-0.0127717284142,0.0529773180718,0.209260867454,14,1,0.016923250226,0.135296020695,0.118372770469,0.24157708259,"Undefined genealogical contrasts are omitted with reported quadrature coverage, never treated as zero",0.279014489938
discovery,ck2:A:ASN117::NOS::proposal_motif_centroid_y,lag_partial_gain_correlation,0.0206849220818,-0.010766197055,0.0521360412187,0.17890301273,14,1,0.0395139341803,0.112759714336,0.0732457801557,0.149481183991,"Undefined genealogical contrasts are omitted with reported quadrature coverage, never treated as zero",0.276021791069
discovery,ck2:A:ASN117::NOS::proposal_motif_centroid_y,native_difference,0.0119693328537,-0.0118089112871,0.0357475769945,0.296579946848,14,1,0,0.0160444359789,0.0160444359789,0.0320888719577,Complete curve required,0.462305509339
discovery,ck2:A:ASN117::NOS::proposal_motif_centroid_y,lag_controlled_gain_correlation,-0.000488621520214,-0.033133657453,0.0321564144126,0.974695472406,14,1,0.0741518470369,0.087038824982,0.0128869779451,0.02629995499,"Undefined genealogical contrasts are omitted with reported quadrature coverage, never treated as zero",0.983804775887
discovery,ck2:A:ASN117::NOS::proposal_motif_centroid_y,root_balanced_selection_shift,-0.000115487547168,-0.00154041541642,0.00130944032209,0.86370380858,14,1,0,0.00253951025334,0.00253951025334,0.00507902050668,Complete curve required,0.985262702876
discovery,ck2:A:ASN117::NOS::proposal_motif_centroid_y,root_balanced_retained_shift,-0.000599034580619,-0.0109933348108,0.00979526564961,0.902820565053,14,1,0,-0.00157544415889,-0.00157544415889,-0.00315088831778,Complete curve required,0.998966672469
discovery,ck2:A:ASN117::NOS::proposal_motif_centroid_y,within_root_affinity_correlation,-0.00931517950014,-0.0735273913869,0.0548970323867,0.758947126092,14,0.987142857143,,-0.0221361063458,,,"Undefined genealogical contrasts are omitted with reported quadrature coverage, never treated as zero",0.881357952881
discovery,ck2:A:ASN117::NOS::proposal_motif_centroid_z,population_mean,6.11227611544,6.0874308343,6.13712139659,1.3989602095e-29,14,1,6.72696326017,5.52087622242,-1.20608703776,-2.41217407551,Complete curve required,4.44375595958e-29
discovery,ck2:A:ASN117::NOS::proposal_motif_centroid_z,selected_mean,6.11229547108,6.08627708331,6.13831385885,2.54829574739e-29,14,1,6.72603997413,5.52014043424,-1.20589953989,-2.41179907978,Complete curve required,8.09458649171e-29
discovery,ck2:A:ASN117::NOS::proposal_motif_centroid_z,selection_shift,1.93556393077e-05,-0.00186016274864,0.00189887402725,0.982588080458,14,1,-0.00092328604071,-0.000735788176367,0.000187497864342,0.000374995728685,Complete curve required,0.996730627894
discovery,ck2:A:ASN117::NOS::proposal_motif_centroid_z,retained_shift,-0.00454556463674,-0.0262293826618,0.0171382533883,0.658103437572,14,1,0.00953362190166,0.00489295947591,-0.00464066242574,-0.00928132485149,Complete curve required,0.888604591122
discovery,ck2:A:ASN117::NOS::proposal_motif_centroid_z,low_enrichment,-0.00285732829857,-0.00780135344485,0.0020866968477,0.233845971493,14,1,0.00561546657524,0.00196228304727,-0.00365318352797,-0.00730636705594,Complete curve required,0.394615076895
discovery,ck2:A:ASN117::NOS::proposal_motif_centroid_z,high_enrichment,-0.000980208413244,-0.00654712982897,0.00458671300249,0.709797374055,14,1,-0.00953940783893,-0.00892235607821,0.000617051760722,0.00123410352144,Complete curve required,0.773901806456
discovery,ck2:A:ASN117::NOS::proposal_motif_centroid_z,affinity_correlation,0.017626870112,-0.0606013415488,0.0958550817728,0.634513061916,14,1,-0.0753083265512,-0.0635919170571,0.0117164094941,0.0234328189882,Complete curve required,0.770480146612
discovery,ck2:A:ASN117::NOS::proposal_motif_centroid_z,partial_affinity_correlation,0.00296826032498,-0.0332032757787,0.0391397964287,0.862019810038,14,1,-0.0703075407814,-0.0237029628456,0.0466045779358,0.0932091558716,Complete curve required,0.945191366722
discovery,ck2:A:ASN117::NOS::proposal_motif_centroid_z,lag_gain_correlation,-0.035616872421,-0.0681209010013,-0.00311284384074,0.0341098230558,14,1,-0.01062092364,0.0531625711263,0.0637834947663,0.130170397482,"Undefined genealogical contrasts are omitted with reported quadrature coverage, never treated as zero",0.0817999542495
discovery,ck2:A:ASN117::NOS::proposal_motif_centroid_z,lag_partial_gain_correlation,-0.0276946680716,-0.0548383431491,-0.0005509929941,0.046138272826,14,1,-0.0287741342388,0.0323828933997,0.0611570276384,0.124810260487,"Undefined genealogical contrasts are omitted with reported quadrature coverage, never treated as zero",0.129218237146
discovery,ck2:A:ASN117::NOS::proposal_motif_centroid_z,native_difference,-0.0496831745579,-0.0730395136746,-0.0263268354412,0.000501789895883,14,1,0,-0.16001585544,-0.16001585544,-0.32003171088,Complete curve required,0.0135483271888
discovery,ck2:A:ASN117::NOS::proposal_motif_centroid_z,lag_controlled_gain_correlation,0.0152395818275,-0.00391508712376,0.0343942507788,0.109355715267,14,1,0.00893742778335,-0.00754911158018,-0.0164865393635,-0.0336459987011,"Undefined genealogical contrasts are omitted with reported quadrature coverage, never treated as zero",0.407255767201
discovery,ck2:A:ASN117::NOS::proposal_motif_centroid_z,root_balanced_selection_shift,2.36977591253e-05,-0.00150283557832,0.00155023109657,0.973755541686,14,1,0,-0.000227337420109,-0.000227337420109,-0.000454674840219,Complete curve required,0.985262702876
discovery,ck2:A:ASN117::NOS::proposal_motif_centroid_z,root_balanced_retained_shift,-0.000387479077948,-0.0194286700245,0.0186537118686,0.965602425975,14,1,0,0.00816450044298,0.00816450044298,0.016329000886,Complete curve required,0.998966672469
discovery,ck2:A:ASN117::NOS::proposal_motif_centroid_z,within_root_affinity_correlation,0.0221382432827,-0.0586030081624,0.102879494728,0.563780307749,14,0.987142857143,,-0.0537114782329,,,"Undefined genealogical contrasts are omitted with reported quadrature coverage, never treated as zero",0.708003177173
discovery,ck2:A:ASN117::NOS::proposal_motif_pair_1_5,population_mean,0.639272177733,0.61594308216,0.662601273306,3.36818601172e-17,14,1,0.198819098024,0.350037271987,0.151218173964,0.302436347927,Complete curve required,6.06273482109e-17
discovery,ck2:A:ASN117::NOS::proposal_motif_pair_1_5,selected_mean,0.640733832334,0.616935861334,0.664531803334,4.23154733654e-17,14,1,0.199124895843,0.353205276159,0.154080380315,0.30816076063,Complete curve required,7.49191987454e-17
discovery,ck2:A:ASN117::NOS::proposal_motif_pair_1_5,selection_shift,0.00146165460095,8.64777272157e-05,0.00283683147469,0.0389306649989,14,1,0.000305797819793,0.00316800417137,0.00286220635158,0.00572441270316,Complete curve required,0.287953312374
discovery,ck2:A:ASN117::NOS::proposal_motif_pair_1_5,retained_shift,0.00329878607487,-0.0183758736857,0.0249734458355,0.747544568076,14,1,-0.0101030644323,0.00854638932598,0.0186494537583,0.0372989075166,Complete curve required,0.888604591122
discovery,ck2:A:ASN117::NOS::proposal_motif_pair_1_5,low_enrichment,-0.00515536823673,-0.00939458361434,-0.000916152859118,0.0208961587273,14,1,-0.00128424863442,-0.0111001389019,-0.00981589026745,-0.0196317805349,Complete curve required,0.112839257127
discovery,ck2:A:ASN117::NOS::proposal_motif_pair_1_5,high_enrichment,0.00325465062443,-0.00103257008204,0.00754187133089,0.124956021296,14,1,0.00417841144741,0.00840156176847,0.00422315032107,0.00844630064214,Complete curve required,0.188208511309
discovery,ck2:A:ASN117::NOS::proposal_motif_pair_1_5,affinity_correlation,0.0679724663355,0.00607939543718,0.129865537234,0.0337735348289,14,1,0.0508395650976,0.0964118547474,0.0455722896499,0.0911445792997,Complete curve required,0.104390925835
discovery,ck2:A:ASN117::NOS::proposal_motif_pair_1_5,partial_affinity_correlation,0.0622960711349,-0.00285561583329,0.127447758103,0.0593917410675,14,1,0.0548602001063,0.122923535671,0.068063335565,0.13612667113,Complete curve required,0.786709347911
discovery,ck2:A:ASN117::NOS::proposal_motif_pair_1_5,lag_gain_correlation,0.0279116210471,0.00011013140308,0.0557131106911,0.0492233620942,14,1,0.0518219267255,-0.00883379963572,-0.0606557263613,-0.123787196656,"Undefined genealogical contrasts are omitted with reported quadrature coverage, never treated as zero",0.104597887086
discovery,ck2:A:ASN117::NOS::proposal_motif_pair_1_5,lag_partial_gain_correlation,0.0334399683557,0.00188072697174,0.0649992097398,0.0394473180786,14,1,0.0738416667356,0.023337074571,-0.0505045921646,-0.103070596254,"Undefined genealogical contrasts are omitted with reported quadrature coverage, never treated as zero",0.129218237146
discovery,ck2:A:ASN117::NOS::proposal_motif_pair_1_5,native_difference,-0.00969472267809,-0.0334399573056,0.0140505119495,0.393773838807,14,1,0,-0.0657713511583,-0.0657713511583,-0.131542702317,Complete curve required,0.567034327882
discovery,ck2:A:ASN117::NOS::proposal_motif_pair_1_5,lag_controlled_gain_correlation,0.0144152629442,-0.0169826492274,0.0458131751158,0.339370002546,14,1,0.139308331756,0.0651673088281,-0.0741410229277,-0.151308210056,"Undefined genealogical contrasts are omitted with reported quadrature coverage, never treated as zero",0.591160649597
discovery,ck2:A:ASN117::NOS::proposal_motif_pair_1_5,root_balanced_selection_shift,0.00108873576005,0.000250208516313,0.00192726300379,0.0148864970922,14,1,0,0.00350155336426,0.00350155336426,0.00700310672852,Complete curve required,0.443309932161
discovery,ck2:A:ASN117::NOS::proposal_motif_pair_1_5,root_balanced_retained_shift,0.00389134934545,-0.00998529266442,0.0177679913553,0.555064652888,14,1,0,0.0112139987852,0.0112139987852,0.0224279975704,Complete curve required,0.998966672469
discovery,ck2:A:ASN117::NOS::proposal_motif_pair_1_5,within_root_affinity_correlation,0.0642619747993,0.00539319325075,0.123130756348,0.0346858584298,14,0.987142857143,,0.0992598646318,,,"Undefined genealogical contrasts are omitted with reported quadrature coverage, never treated as zero",0.138743433719
discovery,ck2:A:ASN117::NOS::proposal_motif_pair_3,population_mean,0.252203743613,0.22282866093,0.281578826296,9.80878096562e-11,14,1,0.000765033830777,0.672572161636,0.671807127805,1.34361425561,Complete curve required,1.16411905966e-10
discovery,ck2:A:ASN117::NOS::proposal_motif_pair_3,selected_mean,0.251484517415,0.221079831325,0.281889203506,1.56607963002e-10,14,1,0.000767939414542,0.670478464404,0.669710524989,1.33942104998,Complete curve required,1.85864395651e-10
discovery,ck2:A:ASN117::NOS::proposal_motif_pair_3,selection_shift,-0.00071922619778,-0.00232814861179,0.00088969621623,0.351799333948,14,1,2.90558376535e-06,-0.0020936972317,-0.00209660281546,-0.00419320563093,Complete curve required,0.724046000889
discovery,ck2:A:ASN117::NOS::proposal_motif_pair_3,retained_shift,0.00317409649618,-0.0205195480183,0.0268677410107,0.776830410252,14,1,-8.88567271874e-05,-0.00209147503223,-0.00200261830504,-0.00400523661008,Complete curve required,0.902125637712
discovery,ck2:A:ASN117::NOS::proposal_motif_pair_3,low_enrichment,-0.00239738131636,-0.00650175156603,0.00170698893331,0.229162589902,14,1,-0.000583418188939,0.00156932463708,0.00215274282601,0.00430548565203,Complete curve required,0.392850154118
discovery,ck2:A:ASN117::NOS::proposal_motif_pair_3,high_enrichment,-0.00285237812368,-0.00696865377164,0.00126389752429,0.158266281424,14,1,0.00345687611671,-0.00551416671644,-0.00897104283315,-0.0179420856663,Complete curve required,0.224904715707
discovery,ck2:A:ASN117::NOS::proposal_motif_pair_3,affinity_correlation,-0.0148526870713,-0.0737627769345,0.0440574027918,0.595192707113,14,1,0.0547950879911,-0.0818335960767,-0.136628684068,-0.273257368136,Complete curve required,0.74296476683
discovery,ck2:A:ASN117::NOS::proposal_motif_pair_3,partial_affinity_correlation,0.0129209552261,-0.0157540807504,0.0415959912027,0.348090414528,14,1,0.057079843739,-0.120285417711,-0.17736526145,-0.354730522899,Complete curve required,0.786709347911
discovery,ck2:A:ASN117::NOS::proposal_motif_pair_3,lag_gain_correlation,0.0370857014961,0.00768143098198,0.0664899720103,0.0173554196694,14,1,0.0552317055221,0.0279320174548,-0.0272996880673,-0.055713649117,"Undefined genealogical contrasts are omitted with reported quadrature coverage, never treated as zero",0.0671388935183
discovery,ck2:A:ASN117::NOS::proposal_motif_pair_3,lag_partial_gain_correlation,0.0319137879541,0.00459998486714,0.059227591041,0.0254016501002,14,1,0.0800249699194,0.00952730330223,-0.0704976666172,-0.143872789015,"Undefined genealogical contrasts are omitted with reported quadrature coverage, never treated as zero",0.124632382214
discovery,ck2:A:ASN117::NOS::proposal_motif_pair_3,native_difference,0.0174241390748,-0.0127155006206,0.0475637787703,0.233709716544,14,1,0,0.047358989206,0.047358989206,0.0947179784119,Complete curve required,0.445510661504
discovery,ck2:A:ASN117::NOS::proposal_motif_pair_3,lag_controlled_gain_correlation,-0.00346652163342,-0.0253283067314,0.0183952634646,0.737405166674,14,1,0.14797767198,-0.0108945622608,-0.158872234241,-0.324229049472,"Undefined genealogical contrasts are omitted with reported quadrature coverage, never treated as zero",0.826483785702
discovery,ck2:A:ASN117::NOS::proposal_motif_pair_3,root_balanced_selection_shift,-0.000788379496103,-0.00211311304148,0.000536354049272,0.220983545475,14,1,0,-0.0021170326622,-0.0021170326622,-0.0042340653244,Complete curve required,0.644382535191
discovery,ck2:A:ASN117::NOS::proposal_motif_pair_3,root_balanced_retained_shift,-0.00340068980858,-0.0201150729685,0.0133136933513,0.667484054999,14,1,0,-0.0026549896738,-0.0026549896738,-0.0053099793476,Complete curve required,0.998966672469
discovery,ck2:A:ASN117::NOS::proposal_motif_pair_3,within_root_affinity_correlation,-0.0252859921003,-0.0970951318216,0.0465231476209,0.460397090712,14,0.987142857143,,-0.0828720962147,,,"Undefined genealogical contrasts are omitted with reported quadrature coverage, never treated as zero",0.662971810625
discovery,ck2:A:ASN117::NOS::proposal_motif_pair_5,population_mean,0.00915578899058,0.00549686444698,0.0128147135342,0.000119918803446,14,1,9.66796645594e-10,0.08927729381,0.0892772928432,0.178554585686,Complete curve required,0.000119918803446
discovery,ck2:A:ASN117::NOS::proposal_motif_pair_5,selected_mean,0.00914810987851,0.00539698688486,0.0128992328722,0.00015188195433,14,1,9.74266127669e-10,0.0888954259617,0.0888954249875,0.177790849975,Complete curve required,0.00015188195433
discovery,ck2:A:ASN117::NOS::proposal_motif_pair_5,selection_shift,-7.67911207336e-06,-0.000148840280199,0.000133482056052,0.908241810361,14,1,7.46948207509e-12,-0.000381867848217,-0.000381867855686,-0.000763735711372,Complete curve required,0.996730627894
discovery,ck2:A:ASN117::NOS::proposal_motif_pair_5,retained_shift,0.000183834279217,-0.00107265137085,0.00144031992928,0.756959466512,14,1,-2.06281389461e-10,-0.00295742424605,-0.00295742403977,-0.00591484807953,Complete curve required,0.888604591122
discovery,ck2:A:ASN117::NOS::proposal_motif_pair_5,low_enrichment,-0.000579456582696,-0.00510063534872,0.00394172218332,0.786223147188,14,1,-0.001445868871,-0.000950963187738,0.000494905683266,0.000989811366532,Complete curve required,0.884501040586
discovery,ck2:A:ASN117::NOS::proposal_motif_pair_5,high_enrichment,-0.00314343102179,-0.00809208447831,0.00180522243472,0.193189020201,14,1,0.00342576665183,-0.0101474678794,-0.0135732345312,-0.0271464690624,Complete curve required,0.254444075387
discovery,ck2:A:ASN117::NOS::proposal_motif_pair_5,affinity_correlation,-0.0420356271023,-0.111228958631,0.0271577044261,0.212070111038,14,1,0.0595430924752,-0.0237226335708,-0.083265726046,-0.166531452092,Complete curve required,0.366629683489
discovery,ck2:A:ASN117::NOS::proposal_motif_pair_5,partial_affinity_correlation,-0.0201568408745,-0.0550481311815,0.0147344494325,0.23402322876,14,1,0.060085209338,-0.0473675851383,-0.107452794476,-0.214905588953,Complete curve required,0.786709347911
discovery,ck2:A:ASN117::NOS::proposal_motif_pair_5,lag_gain_correlation,0.0407105654365,0.00590580329283,0.0755153275801,0.0252702083878,14,1,0.0576727623715,-0.0134296066134,-0.071102368985,-0.14510687548,"Undefined genealogical contrasts are omitted with reported quadrature coverage, never treated as zero",0.0758106251635
discovery,ck2:A:ASN117::NOS::proposal_motif_pair_5,lag_partial_gain_correlation,0.0300664212426,-0.00172317516961,0.0618560176548,0.0618428909722,14,1,0.0857971439901,-0.021079046334,-0.106876190324,-0.218114674131,"Undefined genealogical contrasts are omitted with reported quadrature coverage, never treated as zero",0.129218237146
discovery,ck2:A:ASN117::NOS::proposal_motif_pair_5,native_difference,0.00071920219552,-0.00314706489258,0.00458546928362,0.694307555693,14,1,0,0.0185234255461,0.0185234255461,0.0370468510922,Complete curve required,0.765066179122
discovery,ck2:A:ASN117::NOS::proposal_motif_pair_5,lag_controlled_gain_correlation,-0.00836991817729,-0.0324843406636,0.015744504309,0.466701569157,14,1,0.156449824942,-0.0419097760996,-0.198359601041,-0.40481551233,"Undefined genealogical contrasts are omitted with reported quadrature coverage, never treated as zero",0.638022398342
discovery,ck2:A:ASN117::NOS::proposal_motif_pair_5,root_balanced_selection_shift,-2.12883182032e-05,-0.000158365520897,0.000115788884491,0.742594001226,14,1,0,-0.000554842909842,-0.000554842909842,-0.00110968581968,Complete curve required,0.985262702876
discovery,ck2:A:ASN117::NOS::proposal_motif_pair_5,root_balanced_retained_shift,-9.99793701465e-05,-0.0011379226129,0.000937963872608,0.838378426887,14,1,0,-0.00415261089215,-0.00415261089215,-0.0083052217843,Complete curve required,0.998966672469
discovery,ck2:A:ASN117::NOS::proposal_motif_pair_5,within_root_affinity_correlation,-0.0426380459724,-0.116962505006,0.0316864130611,0.237125068951,14,0.97,,-0.0361159016422,,,"Undefined genealogical contrasts are omitted with reported quadrature coverage, never treated as zero",0.43594082732
discovery,ck2:A:ASN117::NOS::proposal_motif_shell_2,population_mean,1.37407730169e-09,1.0744316988e-09,1.67372290459e-09,2.00563804497e-07,14,1,2.36193539031e-16,2.26038227138e-08,2.26038224777e-08,4.52076449553e-08,Complete curve required,2.16608908857e-07
discovery,ck2:A:ASN117::NOS::proposal_motif_shell_2,selected_mean,1.38584469365e-09,1.08570761618e-09,1.68598177112e-09,1.85176217285e-07,14,1,2.38176530888e-16,2.27805644789e-08,2.27805642407e-08,4.55611284814e-08,Complete curve required,2.02010418857e-07
discovery,ck2:A:ASN117::NOS::proposal_motif_shell_2,selection_shift,1.17673919575e-11,-7.24264060216e-12,3.07774245172e-11,0.204057103894,14,1,1.98299185698e-18,1.76741765014e-10,1.76741763031e-10,3.53483526062e-10,Complete curve required,0.579951768961
discovery,ck2:A:ASN117::NOS::proposal_motif_shell_2,retained_shift,3.44539660437e-11,-2.85485641874e-11,9.74564962748e-11,0.258593069569,14,1,-4.2913379589e-17,2.33667369808e-10,2.33667412721e-10,4.67334825442e-10,Complete curve required,0.888604591122
discovery,ck2:A:ASN117::NOS::proposal_motif_shell_2,low_enrichment,0.000851790229308,-0.00327340305493,0.00497698351355,0.662876338258,14,1,-0.00446244853792,-0.0160254053235,-0.0115629567856,-0.0231259135712,Complete curve required,0.813530051499
discovery,ck2:A:ASN117::NOS::proposal_motif_shell_2,high_enrichment,-0.00398671805117,-0.00731107709346,-0.000662359008884,0.0223929880916,14,1,0.00532804171907,0.0102576546083,0.00492961288924,0.00985922577847,Complete curve required,0.051327006708
discovery,ck2:A:ASN117::NOS::proposal_motif_shell_2,lag_gain_correlation,0.050098239747,0.0128352895425,0.0873611899514,0.0123009265193,14,0.562682215743,,0.0713830346814,,,"Undefined genealogical contrasts are omitted with reported quadrature coverage, never treated as zero",0.0671388935183
discovery,ck2:A:ASN117::NOS::proposal_motif_shell_2,lag_partial_gain_correlation,0.0348929433088,0.00174849815534,0.0680373884622,0.0405418457483,14,0.555393586006,,0.102602727949,,,"Undefined genealogical contrasts are omitted with reported quadrature coverage, never treated as zero",0.129218237146
discovery,ck2:A:ASN117::NOS::proposal_motif_shell_2,native_difference,1.9840178349e-10,-1.00651046983e-10,4.97454613963e-10,0.175392991359,14,1,0,4.10826229351e-09,4.10826229351e-09,8.21652458703e-09,Complete curve required,0.440521931786
discovery,ck2:A:ASN117::NOS::proposal_motif_shell_2,lag_controlled_gain_correlation,-0.00796354858222,-0.0276478945026,0.0117207973381,0.397974576372,14,0.510204081633,,0.0112503963905,,,"Undefined genealogical contrasts are omitted with reported quadrature coverage, never treated as zero",0.596961864557
discovery,ck2:A:ASN117::NOS::proposal_motif_shell_2,root_balanced_selection_shift,1.09673842054e-11,-7.87413051545e-12,2.98088989262e-11,0.230686680029,14,1,0,1.7369575436e-10,1.7369575436e-10,3.47391508719e-10,Complete curve required,0.644382535191
discovery,ck2:A:ASN117::NOS::proposal_motif_shell_2,root_balanced_retained_shift,2.89491500303e-11,-3.78739208864e-11,9.57722209469e-11,0.366377313872,14,1,0,1.22806031891e-10,1.22806031891e-10,2.45612063782e-10,Complete curve required,0.998966672469
discovery,ck2:A:ASN117::NOS::proposal_motif_shell_2,within_root_affinity_correlation,-0.051914516299,-0.118277440815,0.0144484082164,0.114846981572,14,0.621428571429,,0.207465528702,,,"Undefined genealogical contrasts are omitted with reported quadrature coverage, never treated as zero",0.335839210857
discovery,ck2:A:ASN117::NOS::proposal_motif_shell_4,population_mean,3.53592023468e-05,2.99958322757e-05,4.07225724179e-05,2.61129489791e-09,14,1,7.28401500738e-10,0.000394902197349,0.000394901468948,0.000789802937895,Complete curve required,3.03247149435e-09
discovery,ck2:A:ASN117::NOS::proposal_motif_shell_4,selected_mean,3.55449653005e-05,3.02063901956e-05,4.08835404055e-05,2.31322255851e-09,14,1,7.32794841523e-10,0.000397096415056,0.000397095682262,0.000794191364523,Complete curve required,2.68632297117e-09
discovery,ck2:A:ASN117::NOS::proposal_motif_shell_4,selection_shift,1.85762953765e-07,-1.5933160466e-07,5.30857512189e-07,0.265766035838,14,1,4.39334078503e-12,2.19421770733e-06,2.19421331399e-06,4.38842662798e-06,Complete curve required,0.671027761402
discovery,ck2:A:ASN117::NOS::proposal_motif_shell_4,retained_shift,6.55643836425e-07,-7.93251367889e-07,2.10453904074e-06,0.346117188283,14,1,-9.71311035872e-11,2.27434300635e-06,2.27444013745e-06,4.5488802749e-06,Complete curve required,0.888604591122
discovery,ck2:A:ASN117::NOS::proposal_motif_shell_4,low_enrichment,0.000960121286419,-0.00328248166545,0.00520272423829,0.633055793405,14,1,-0.00409247558797,-0.0166145203834,-0.0125220447954,-0.0250440895909,Complete curve required,0.795000298695
discovery,ck2:A:ASN117::NOS::proposal_motif_shell_4,high_enrichment,-0.00399192394667,-0.0074827671197,-0.000501080773636,0.0281097689323,14,1,0.00532804171907,0.00743039213347,0.0021023504144,0.0042047008288,Complete curve required,0.0562195378647
discovery,ck2:A:ASN117::NOS::proposal_motif_shell_4,affinity_correlation,-0.0369142602913,-0.0859711892009,0.0121426686182,0.128013456142,14,1,0.0615463841855,0.217360308797,0.155813924612,0.311627849223,Complete curve required,0.263359004111
discovery,ck2:A:ASN117::NOS::proposal_motif_shell_4,partial_affinity_correlation,0.00212869320194,-0.0278216151212,0.0320790015251,0.880325292535,14,1,0.0647509512113,0.0619298015087,-0.00282114970256,-0.00564229940512,Complete curve required,0.945191366722
discovery,ck2:A:ASN117::NOS::proposal_motif_shell_4,lag_gain_correlation,0.0368403364834,0.00781186692384,0.065868806043,0.0168006673663,14,1,0.0245542996155,0.0596409929854,0.03508669337,0.0716054966734,"Undefined genealogical contrasts are omitted with reported quadrature coverage, never treated as zero",0.0671388935183
discovery,ck2:A:ASN117::NOS::proposal_motif_shell_4,lag_partial_gain_correlation,0.0268739107916,-0.0016494365951,0.0553972581783,0.062720372932,14,1,0.0604056097619,0.0910113466211,0.0306057368592,0.0624606874677,"Undefined genealogical contrasts are omitted with reported quadrature coverage, never treated as zero",0.129218237146
discovery,ck2:A:ASN117::NOS::proposal_motif_shell_4,native_difference,4.49099022065e-06,-8.73716477122e-07,9.85569691842e-06,0.0937031754266,14,1,0,6.51708003016e-05,6.51708003016e-05,0.000130341600603,Complete curve required,0.283024205277
discovery,ck2:A:ASN117::NOS::proposal_motif_shell_4,lag_controlled_gain_correlation,-0.0174649435785,-0.038366835422,0.00343694826509,0.0942559317328,14,1,0.0691348282991,0.0167887429265,-0.0523460853725,-0.106828745658,"Undefined genealogical contrasts are omitted with reported quadrature coverage, never treated as zero",0.386819314579
discovery,ck2:A:ASN117::NOS::proposal_motif_shell_4,root_balanced_selection_shift,1.72250508499e-07,-1.66071006921e-07,5.10572023919e-07,0.291320966986,14,1,0,2.1491589507e-06,2.1491589507e-06,4.2983179014e-06,Complete curve required,0.70641461664
discovery,ck2:A:ASN117::NOS::proposal_motif_shell_4,root_balanced_retained_shift,5.21049564384e-07,-9.74052636906e-07,2.01615176567e-06,0.464927863245,14,1,0,6.90912426603e-07,6.90912426603e-07,1.38182485321e-06,Complete curve required,0.998966672469
discovery,ck2:A:ASN117::NOS::proposal_motif_shell_4,within_root_affinity_correlation,-0.0288739065158,-0.0793220293966,0.0215742163651,0.238152859369,14,0.97,,0.200679026171,,,"Undefined genealogical contrasts are omitted with reported quadrature coverage, never treated as zero",0.43594082732
discovery,ck2:A:ASN117::NOS::proposal_motif_shell_6,population_mean,0.0213596708108,0.0196461869167,0.0230731547049,8.65551891927e-13,14,1,4.17508353691e-05,0.129877346893,0.129835596057,0.259671192115,Complete curve required,1.26323789633e-12
discovery,ck2:A:ASN117::NOS::proposal_motif_shell_6,selected_mean,0.0213931312536,0.0196955471373,0.0230907153699,7.53046855797e-13,14,1,4.19145926008e-05,0.130282813451,0.130240898858,0.260481797716,Complete curve required,1.09904135711e-12
discovery,ck2:A:ASN117::NOS::proposal_motif_shell_6,selection_shift,3.34604427716e-05,-6.55983647589e-05,0.000132519250302,0.478494510542,14,1,1.63757231678e-07,0.000405466557877,0.000405302800646,0.000810605601291,Complete curve required,0.826608594493
discovery,ck2:A:ASN117::NOS::proposal_motif_shell_6,retained_shift,0.000212062524336,-0.000448513821716,0.000872638870389,0.500178225712,14,1,-3.65587487892e-06,0.000133756059744,0.000137411934623,0.000274823869247,Complete curve required,0.888604591122
discovery,ck2:A:ASN117::NOS::proposal_motif_shell_6,low_enrichment,2.56024139507e-05,-0.00414292883714,0.00419413366504,0.989614954077,14,1,-0.00429285601047,-0.0142703123525,-0.00997745634199,-0.019954912684,Complete curve required,0.99179675531
discovery,ck2:A:ASN117::NOS::proposal_motif_shell_6,high_enrichment,-0.00394591364201,-0.0076994301505,-0.000192397133519,0.0407850561965,14,1,0.00532804171907,0.00684949024827,0.0015214485292,0.0030428970584,Complete curve required,0.0746573910038
discovery,ck2:A:ASN117::NOS::proposal_motif_shell_6,affinity_correlation,-0.0337496691228,-0.0881221463752,0.0206228081296,0.202891785249,14,1,0.0604640040792,0.184173880086,0.123709876007,0.247419752014,Complete curve required,0.356809691301
discovery,ck2:A:ASN117::NOS::proposal_motif_shell_6,partial_affinity_correlation,-0.000808358958645,-0.0341925269872,0.0325758090699,0.959076314363,14,1,0.0640684489331,0.0890992752002,0.0250308262671,0.0500616525341,Complete curve required,0.98813923298
discovery,ck2:A:ASN117::NOS::proposal_motif_shell_6,lag_gain_correlation,0.0390920386231,0.00825133696122,0.0699327402851,0.016909406796,14,1,0.0274066555832,0.0446342393966,0.0172275838135,0.0351583343132,"Undefined genealogical contrasts are omitted with reported quadrature coverage, never treated as zero",0.0671388935183
discovery,ck2:A:ASN117::NOS::proposal_motif_shell_6,lag_partial_gain_correlation,0.0288090912601,-0.000541821019525,0.0581600035398,0.0537727207394,14,1,0.0610131370005,0.0691622067765,0.008149069776,0.0166307546449,"Undefined genealogical contrasts are omitted with reported quadrature coverage, never treated as zero",0.129218237146
discovery,ck2:A:ASN117::NOS::proposal_motif_shell_6,native_difference,0.00207353425498,0.000370752015258,0.0037763164947,0.0207577055793,14,1,0,0.0168902729907,0.0168902729907,0.0337805459813,Complete curve required,0.106753914408
discovery,ck2:A:ASN117::NOS::proposal_motif_shell_6,lag_controlled_gain_correlation,-0.015122379496,-0.0369894617038,0.00674470271185,0.159041069531,14,1,0.0704484375179,0.047464803813,-0.0229836337049,-0.0469053749079,"Undefined genealogical contrasts are omitted with reported quadrature coverage, never treated as zero",0.440365189679
discovery,ck2:A:ASN117::NOS::proposal_motif_shell_6,root_balanced_selection_shift,3.15318674255e-05,-6.41497834382e-05,0.000127213518289,0.489076748782,14,1,0,0.000392552637574,0.000392552637574,0.000785105275149,Complete curve required,0.926511326641
discovery,ck2:A:ASN117::NOS::proposal_motif_shell_6,root_balanced_retained_shift,0.000123800377245,-0.000531225733453,0.000778826487943,0.689690827734,14,1,0,-0.000234484137615,-0.000234484137615,-0.00046896827523,Complete curve required,0.998966672469
discovery,ck2:A:ASN117::NOS::proposal_motif_shell_6,within_root_affinity_correlation,-0.0296105149326,-0.0867552251906,0.0275341953254,0.283212993265,14,0.987142857143,,0.169037268076,,,"Undefined genealogical contrasts are omitted with reported quadrature coverage, never treated as zero",0.493338762462
discovery,ck2:A:ASN117::NOS_C::motif_centroid_x,population_mean,2.09467745213,2.08930028547,2.10005461879,3.55646314728e-32,14,1,2.33491118974,1.91198511178,-0.422926077953,-0.845852155907,Complete curve required,1.53639207963e-31
discovery,ck2:A:ASN117::NOS_C::motif_centroid_x,selected_mean,2.09466098728,2.08924770227,2.1000742723,3.88023644124e-32,14,1,2.33193761297,1.91195045327,-0.419987159695,-0.83997431939,Complete curve required,1.67626214262e-31
discovery,ck2:A:ASN117::NOS_C::motif_centroid_x,selection_shift,-1.64648469514e-05,-0.000172592883646,0.000139663189743,0.82332507473,14,1,-0.00297357676749,-3.46585088582e-05,0.00293891825863,0.00587783651726,Complete curve required,0.996730627894
discovery,ck2:A:ASN117::NOS_C::motif_centroid_x,retained_shift,0.00222953635773,-6.85486064784e-05,0.00452762132195,0.0562265249598,14,1,0.0623278784724,3.63296473357e-05,-0.062291548825,-0.12458309765,Complete curve required,0.888604591122
discovery,ck2:A:ASN117::NOS_C::motif_centroid_x,low_enrichment,-0.00483462928574,-0.0081043794752,-0.00156487909629,0.00704439232259,14,1,0.00164557610561,0.000648216925712,-0.000997359179894,-0.00199471835979,Complete curve required,0.0633995309033
discovery,ck2:A:ASN117::NOS_C::motif_centroid_x,high_enrichment,-0.00390408646516,-0.008316670735,0.000508497804668,0.0782491595386,14,1,-0.00881834143904,-0.00391436208584,0.0049039793532,0.00980795870639,Complete curve required,0.126132973585
discovery,ck2:A:ASN117::NOS_C::motif_centroid_x,affinity_correlation,0.0203586629414,-0.0328017148161,0.0735190406989,0.422966532732,14,1,-0.0598737963547,0.0560655298661,0.115939326221,0.231878652442,Complete curve required,0.647175070494
discovery,ck2:A:ASN117::NOS_C::motif_centroid_x,partial_affinity_correlation,-0.000146223125442,-0.0492495773205,0.0489571310696,0.994964692838,14,1,-0.0774764642991,-0.0316648348393,0.0458116294598,0.0916232589197,Complete curve required,0.994964692838
discovery,ck2:A:ASN117::NOS_C::motif_centroid_x,lag_gain_correlation,0.0341896255307,0.00909562378771,0.0592836272737,0.0114152555843,14,1,0.0794673642761,0.0904763841777,0.0110090199016,0.0224673875543,"Undefined genealogical contrasts are omitted with reported quadrature coverage, never treated as zero",0.0671388935183
discovery,ck2:A:ASN117::NOS_C::motif_centroid_x,lag_partial_gain_correlation,0.0346393725307,0.0100832176865,0.059195527375,0.00934560366643,14,1,0.0538747355168,0.123632098031,0.069757362514,0.142361964314,"Undefined genealogical contrasts are omitted with reported quadrature coverage, never treated as zero",0.124632382214
discovery,ck2:A:ASN117::NOS_C::motif_centroid_x,native_difference,0.00288538470685,-0.00253575402218,0.00830652343587,0.270920045959,14,1,0,0.00802884712968,0.00802884712968,0.0160576942594,Complete curve required,0.445510661504
discovery,ck2:A:ASN117::NOS_C::motif_centroid_x,lag_controlled_gain_correlation,0.00762865711316,-0.0150773740243,0.0303346882506,0.480807018391,14,1,0.0197937846434,0.0759917434098,0.0561979587664,0.114689711768,"Undefined genealogical contrasts are omitted with reported quadrature coverage, never treated as zero",0.64857084772
discovery,ck2:A:ASN117::NOS_C::motif_centroid_x,root_balanced_selection_shift,-3.70507485662e-05,-0.00015438051826,8.02790211274e-05,0.507081580285,14,1,0,-3.14235714119e-05,-3.14235714119e-05,-6.28471428238e-05,Complete curve required,0.928217130013
discovery,ck2:A:ASN117::NOS_C::motif_centroid_x,root_balanced_retained_shift,0.000999240030335,-0.00080198148885,0.00280046154952,0.252122800577,14,1,0,-8.22169281905e-05,-8.22169281905e-05,-0.000164433856381,Complete curve required,0.998966672469
discovery,ck2:A:ASN117::NOS_C::motif_centroid_x,within_root_affinity_correlation,-0.00448045626164,-0.0538347465527,0.0448738340294,0.847547596539,14,0.97,,0.0487962068602,,,"Undefined genealogical contrasts are omitted with reported quadrature coverage, never treated as zero",0.921187416521
discovery,ck2:A:ASN117::NOS_C::motif_centroid_y,population_mean,-9.41582589552,-9.4280088777,-9.40364291333,4.81969366657e-36,14,1,-9.73814263161,-8.54309716513,1.19504546649,2.39009093297,Complete curve required,2.22213945219e-34
discovery,ck2:A:ASN117::NOS_C::motif_centroid_y,selected_mean,-9.41633392092,-9.42850986984,-9.40415797199,4.78029341575e-36,14,1,-9.73573419568,-8.54295756513,1.19277663055,2.3855532611,Complete curve required,2.24310791028e-34
discovery,ck2:A:ASN117::NOS_C::motif_centroid_y,selection_shift,-0.000508025399354,-0.000931988717937,-8.406208077e-05,0.0224819051804,14,1,0.00240843593182,0.000139599992438,-0.00226883593938,-0.00453767187877,Complete curve required,0.239929856306
discovery,ck2:A:ASN117::NOS_C::motif_centroid_y,retained_shift,-0.00180637894872,-0.00601883734852,0.00240607945107,0.371114841133,14,1,0.0502006645037,0.00125279493243,-0.0489478695713,-0.0978957391426,Complete curve required,0.888604591122
discovery,ck2:A:ASN117::NOS_C::motif_centroid_y,low_enrichment,0.00359215659475,-0.00235952816463,0.00954384135412,0.214885409393,14,1,-0.00673155213302,-0.00222644049836,0.00450511163466,0.00901022326933,Complete curve required,0.380452855974
discovery,ck2:A:ASN117::NOS_C::motif_centroid_y,high_enrichment,-0.0123848311497,-0.0192028715502,-0.00556679074925,0.00174428451572,14,1,0.00339953439169,-0.00219811254065,-0.00559764693234,-0.0111952938647,Complete curve required,0.00615240699739
discovery,ck2:A:ASN117::NOS_C::motif_centroid_y,affinity_correlation,-0.125005986409,-0.203144080819,-0.0468678919992,0.00425734828246,14,1,0.078349533882,-0.0398218836044,-0.118171417486,-0.236342834973,Complete curve required,0.0594132473266
discovery,ck2:A:ASN117::NOS_C::motif_centroid_y,partial_affinity_correlation,-0.0474473300538,-0.126492988633,0.0315983285253,0.21725680653,14,1,0.1012349738,-0.040761683897,-0.141996657697,-0.283993315395,Complete curve required,0.786709347911
discovery,ck2:A:ASN117::NOS_C::motif_centroid_y,lag_gain_correlation,0.0367453646066,0.0113643762219,0.0621263529912,0.00800851553165,14,1,0.1361894484,0.00638901489492,-0.129800433505,-0.264898843888,"Undefined genealogical contrasts are omitted with reported quadrature coverage, never treated as zero",0.0671388935183
discovery,ck2:A:ASN117::NOS_C::motif_centroid_y,lag_partial_gain_correlation,0.0222900935801,-0.0015357706108,0.046115957771,0.0643565871673,14,1,0.181943045453,-0.015049308808,-0.196992354261,-0.402025212777,"Undefined genealogical contrasts are omitted with reported quadrature coverage, never treated as zero",0.129218237146
discovery,ck2:A:ASN117::NOS_C::motif_centroid_y,native_difference,-0.00693393444543,-0.019474503559,0.00560663466815,0.253617490246,14,1,0,-0.00631567810256,-0.00631567810256,-0.0126313562051,Complete curve required,0.445510661504
discovery,ck2:A:ASN117::NOS_C::motif_centroid_y,lag_controlled_gain_correlation,0.00978525740509,-0.0103083754009,0.0298788902111,0.311934208388,14,1,0.207786975634,-0.0659314715072,-0.273718447141,-0.558609075799,"Undefined genealogical contrasts are omitted with reported quadrature coverage, never treated as zero",0.588162200682
discovery,ck2:A:ASN117::NOS_C::motif_centroid_y,root_balanced_selection_shift,-0.000297287733067,-0.000625953051926,3.13775857929e-05,0.0725437873277,14,1,0,0.000120357179064,0.000120357179064,0.000240714358128,Complete curve required,0.527766918773
discovery,ck2:A:ASN117::NOS_C::motif_centroid_y,root_balanced_retained_shift,-0.0017450253382,-0.00545242665227,0.00196237597587,0.327773412225,14,1,0,0.000463175106895,0.000463175106895,0.00092635021379,Complete curve required,0.998966672469
discovery,ck2:A:ASN117::NOS_C::motif_centroid_y,within_root_affinity_correlation,-0.0885578639515,-0.174436587512,-0.00267914039141,0.044182529925,14,0.97,,-0.0595243203456,,,"Undefined genealogical contrasts are omitted with reported quadrature coverage, never treated as zero",0.157458117567
discovery,ck2:A:ASN117::NOS_C::motif_centroid_z,population_mean,6.41599199883,6.4033851345,6.42859886316,1.1011040867e-33,14,1,5.88030423829,6.07246636565,0.192162127362,0.384324254724,Complete curve required,1.13674425686e-32
discovery,ck2:A:ASN117::NOS_C::motif_centroid_z,selected_mean,6.41619093296,6.40341664247,6.42896522344,1.3065883386e-33,14,1,5.88094687363,6.07171915352,0.190772279893,0.381544559786,Complete curve required,1.27148276407e-32
discovery,ck2:A:ASN117::NOS_C::motif_centroid_z,selection_shift,0.000198934127995,-0.000118176190719,0.000516044446708,0.198411607217,14,1,0.000642635340308,-0.000747212128744,-0.00138984746905,-0.0027796949381,Complete curve required,0.57914739404
discovery,ck2:A:ASN117::NOS_C::motif_centroid_z,retained_shift,-0.00100871751496,-0.00520448966359,0.00318705463368,0.612224409669,14,1,-0.0384671399384,-4.46411303333e-05,0.0384224988081,0.0768449976161,Complete curve required,0.888604591122
discovery,ck2:A:ASN117::NOS_C::motif_centroid_z,low_enrichment,-0.00786678003042,-0.0120854966373,-0.00364806342358,0.00143309800923,14,1,-0.000584165961041,0.0085639092497,0.00914807521074,0.0182961504215,Complete curve required,0.0353580331294
discovery,ck2:A:ASN117::NOS_C::motif_centroid_z,high_enrichment,0.000360579595677,-0.00490576302776,0.00562692221911,0.884677422881,14,1,0.00405004218226,-0.00816486795853,-0.0122149101408,-0.0244298202816,Complete curve required,0.916141925574
discovery,ck2:A:ASN117::NOS_C::motif_centroid_z,affinity_correlation,0.0167845513894,-0.0501724427556,0.0837415455345,0.597285400785,14,1,0.0147325505474,-0.141055847883,-0.155788398431,-0.311576796861,Complete curve required,0.74296476683
discovery,ck2:A:ASN117::NOS_C::motif_centroid_z,partial_affinity_correlation,-0.0176147270519,-0.0715233869952,0.0362939328915,0.492705249222,14,1,-0.0242490077003,0.0257914238453,0.0500404315456,0.100080863091,Complete curve required,0.786709347911
discovery,ck2:A:ASN117::NOS_C::motif_centroid_z,lag_gain_correlation,0.00465600062505,-0.0301397516127,0.0394517528628,0.777080335185,14,1,-0.0130460660582,-0.0692897720419,-0.0562437059837,-0.114783073436,"Undefined genealogical contrasts are omitted with reported quadrature coverage, never treated as zero",0.822790943137
discovery,ck2:A:ASN117::NOS_C::motif_centroid_z,lag_partial_gain_correlation,0.000395521791568,-0.0297144194077,0.0305054629908,0.977791356699,14,1,-0.0176809016485,-0.088656045792,-0.0709751441435,-0.144847232946,"Undefined genealogical contrasts are omitted with reported quadrature coverage, never treated as zero",0.996843628471
discovery,ck2:A:ASN117::NOS_C::motif_centroid_z,native_difference,-0.0100151758187,-0.022143747629,0.00211339599162,0.0977820852233,14,1,0,-0.0339937847446,-0.0339937847446,-0.0679875694893,Complete curve required,0.283024205277
discovery,ck2:A:ASN117::NOS_C::motif_centroid_z,lag_controlled_gain_correlation,0.0114207964155,-0.014389214157,0.0372308069879,0.35653655907,14,1,-0.0486742853789,0.000947383563615,0.0496216689425,0.101268712127,"Undefined genealogical contrasts are omitted with reported quadrature coverage, never treated as zero",0.592399205839
discovery,ck2:A:ASN117::NOS_C::motif_centroid_z,root_balanced_selection_shift,0.00018299265265,-2.37862333133e-05,0.000389771538612,0.07818769167,14,1,0,-0.000752682494759,-0.000752682494759,-0.00150536498952,Complete curve required,0.527766918773
discovery,ck2:A:ASN117::NOS_C::motif_centroid_z,root_balanced_retained_shift,0.000564216779558,-0.0022253476186,0.00335378117771,0.669313772044,14,1,0,-2.96227238972e-05,-2.96227238972e-05,-5.92454477944e-05,Complete curve required,0.998966672469
discovery,ck2:A:ASN117::NOS_C::motif_centroid_z,within_root_affinity_correlation,0.0183002839105,-0.0435240487124,0.0801246165334,0.53361860897,14,0.97,,-0.135150519473,,,"Undefined genealogical contrasts are omitted with reported quadrature coverage, never treated as zero",0.692324313688
discovery,ck2:A:ASN117::NOS_C::motif_pair_1_5,population_mean,0.511054921386,0.507746892657,0.514362950115,5.92118812413e-27,14,1,0.605972231657,0.645448669662,0.0394764380051,0.0789528760103,Complete curve required,1.39019199436e-26
discovery,ck2:A:ASN117::NOS_C::motif_pair_1_5,selected_mean,0.511132992934,0.507774608775,0.514491377093,7.1916973907e-27,14,1,0.615313145418,0.645592184794,0.0302790393757,0.0605580787514,Complete curve required,1.68848547434e-26
discovery,ck2:A:ASN117::NOS_C::motif_pair_1_5,selection_shift,7.80715482299e-05,-0.000106710752546,0.000262853849006,0.377981571301,14,1,0.00934091376085,0.000143515131419,-0.00919739862943,-0.0183947972589,Complete curve required,0.724046000889
discovery,ck2:A:ASN117::NOS_C::motif_pair_1_5,retained_shift,-0.00188587047479,-0.0047776022929,0.00100586134332,0.182331198364,14,1,-0.027607483048,0.000889451123848,0.0284969341718,0.0569938683437,Complete curve required,0.888604591122
discovery,ck2:A:ASN117::NOS_C::motif_pair_1_5,low_enrichment,-0.00365710314624,-0.00661273157426,-0.000701474718223,0.0191509212293,14,1,-0.0215800032323,-0.00200736669063,0.0195726365416,0.0391452730833,Complete curve required,0.10885786804
discovery,ck2:A:ASN117::NOS_C::motif_pair_1_5,high_enrichment,-0.00209550885934,-0.00641559247224,0.00222457475357,0.313771430795,14,1,0.0140903609324,0.0101629544807,-0.00392740645164,-0.00785481290328,Complete curve required,0.385083119612
discovery,ck2:A:ASN117::NOS_C::motif_pair_1_5,affinity_correlation,0.00388855481137,-0.043699053262,0.0514761628847,0.862596875257,14,1,0.237322031793,0.0464436655418,-0.190878366251,-0.381756732503,Complete curve required,0.93994977842
discovery,ck2:A:ASN117::NOS_C::motif_pair_1_5,partial_affinity_correlation,-0.0108062916242,-0.0500466913149,0.0284341080666,0.562098547728,14,1,0.199579550299,0.0160782189437,-0.183501331355,-0.36700266271,Complete curve required,0.819057883832
discovery,ck2:A:ASN117::NOS_C::motif_pair_1_5,lag_gain_correlation,-0.0146388001312,-0.0414874974059,0.0122098971435,0.25994827793,14,1,0.0233858843561,0.0444445820463,0.0210586976902,0.0429769340616,"Undefined genealogical contrasts are omitted with reported quadrature coverage, never treated as zero",0.338245952005
discovery,ck2:A:ASN117::NOS_C::motif_pair_1_5,lag_partial_gain_correlation,-0.016079265372,-0.0436062227602,0.0114476920163,0.229144958988,14,1,0.172474809509,0.0739393192677,-0.0985354902414,-0.201092837227,"Undefined genealogical contrasts are omitted with reported quadrature coverage, never treated as zero",0.339112876498
discovery,ck2:A:ASN117::NOS_C::motif_pair_1_5,native_difference,-0.00407602072526,-0.00741080355058,-0.000741237899946,0.0203741313758,14,1,0,-0.00518429513019,-0.00518429513019,-0.0103685902604,Complete curve required,0.106753914408
discovery,ck2:A:ASN117::NOS_C::motif_pair_1_5,lag_controlled_gain_correlation,-0.0235505998971,-0.0478445488161,0.000743349021867,0.0563963334803,14,1,0.132365027702,0.090201869214,-0.0421631584882,-0.0860472622207,"Undefined genealogical contrasts are omitted with reported quadrature coverage, never treated as zero",0.386819314579
discovery,ck2:A:ASN117::NOS_C::motif_pair_1_5,root_balanced_selection_shift,-3.26054349457e-05,-0.000145705647622,8.04947777305e-05,0.544181685177,14,1,0,0.000177429589206,0.000177429589206,0.000354859178412,Complete curve required,0.977278035471
discovery,ck2:A:ASN117::NOS_C::motif_pair_1_5,root_balanced_retained_shift,-0.000478012125251,-0.00240037211746,0.00144434786696,0.600207359246,14,1,0,0.00102839579052,0.00102839579052,0.00205679158105,Complete curve required,0.998966672469
discovery,ck2:A:ASN117::NOS_C::motif_pair_1_5,within_root_affinity_correlation,-0.0100132110699,-0.0521112218618,0.0320847997221,0.615976404972,14,0.97,,0.050511134109,,,"Undefined genealogical contrasts are omitted with reported quadrature coverage, never treated as zero",0.747476985808
discovery,ck2:A:ASN117::NOS_C::motif_pair_3,population_mean,0.0818862092582,0.0789988935122,0.0847735250042,2.15760269948e-17,14,1,0.43228006992,0.256111574821,-0.176168495099,-0.352336990198,Complete curve required,3.94951002616e-17
discovery,ck2:A:ASN117::NOS_C::motif_pair_3,selected_mean,0.0817547521074,0.078882340966,0.0846271632487,2.06009496859e-17,14,1,0.424832975128,0.255791791376,-0.169041183753,-0.338082367505,Complete curve required,3.83603890703e-17
discovery,ck2:A:ASN117::NOS_C::motif_pair_3,selection_shift,-0.000131457150844,-0.000256104907772,-6.80939391673e-06,0.0402389337333,14,1,-0.00744709479127,-0.000319783444794,0.00712731134647,0.0142546226929,Complete curve required,0.287953312374
discovery,ck2:A:ASN117::NOS_C::motif_pair_3,retained_shift,-0.000162462436086,-0.00184960708316,0.00152468221099,0.838428305303,14,1,0.007264020641,-0.000276961514603,-0.00754098215561,-0.0150819643112,Complete curve required,0.943231843466
discovery,ck2:A:ASN117::NOS_C::motif_pair_3,low_enrichment,-0.00162885566598,-0.0050937634026,0.00183605207064,0.328353881783,14,1,0.0113032643466,-0.00226812238604,-0.0135713867327,-0.0271427734653,Complete curve required,0.521503224008
discovery,ck2:A:ASN117::NOS_C::motif_pair_3,high_enrichment,-0.00645997247933,-0.0100345655169,-0.00288537944174,0.001811724903,14,1,-0.0156570942935,-0.00864973551879,0.00700735877467,0.0140147175493,Complete curve required,0.00615240699739
discovery,ck2:A:ASN117::NOS_C::motif_pair_3,affinity_correlation,-0.0600170423003,-0.115642715464,-0.00439136913624,0.0365003937709,14,1,-0.200596679817,-0.0448061157378,0.155790564079,0.311581128159,Complete curve required,0.106372576132
discovery,ck2:A:ASN117::NOS_C::motif_pair_3,partial_affinity_correlation,-0.0417702534242,-0.0859734964171,0.00243298956878,0.0620442542079,14,1,-0.169086962735,-0.035533462148,0.133553500587,0.267107001174,Complete curve required,0.786709347911
discovery,ck2:A:ASN117::NOS_C::motif_pair_3,lag_gain_correlation,-0.000362493331367,-0.0363572785057,0.0356322918429,0.982972619886,14,1,-0.0322957371955,0.0950595242941,0.12735526149,0.259908696917,"Undefined genealogical contrasts are omitted with reported quadrature coverage, never treated as zero",0.992159279885
discovery,ck2:A:ASN117::NOS_C::motif_pair_3,lag_partial_gain_correlation,-0.0111277500806,-0.0486933852079,0.0264378850468,0.533323267907,14,1,-0.174382842135,0.0778110746529,0.252193916788,0.514681462833,"Undefined genealogical contrasts are omitted with reported quadrature coverage, never treated as zero",0.669754801557
discovery,ck2:A:ASN117::NOS_C::motif_pair_3,native_difference,-0.00490749811047,-0.00805599301756,-0.00175900320338,0.00504967753664,14,1,0,-0.0148812783524,-0.0148812783524,-0.0297625567047,Complete curve required,0.069829907719
discovery,ck2:A:ASN117::NOS_C::motif_pair_3,lag_controlled_gain_correlation,-0.02725937896,-0.0564517951788,0.00193303725882,0.0647972090915,14,1,-0.135374607517,0.0558200750758,0.191194682592,0.39019322978,"Undefined genealogical contrasts are omitted with reported quadrature coverage, never treated as zero",0.386819314579
discovery,ck2:A:ASN117::NOS_C::motif_pair_3,root_balanced_selection_shift,-2.34757392505e-05,-0.000137423934896,9.04724563946e-05,0.663581592907,14,1,0,-0.000316837298888,-0.000316837298888,-0.000633674597776,Complete curve required,0.985262702876
discovery,ck2:A:ASN117::NOS_C::motif_pair_3,root_balanced_retained_shift,-3.75075320095e-05,-0.000920882232545,0.000845867168526,0.92831265904,14,1,0,-0.000329232520134,-0.000329232520134,-0.000658465040268,Complete curve required,0.998966672469
discovery,ck2:A:ASN117::NOS_C::motif_pair_3,within_root_affinity_correlation,-0.0592806604138,-0.120580139689,0.00201881886189,0.0569146367157,14,0.97,,-0.0349175326115,,,"Undefined genealogical contrasts are omitted with reported quadrature coverage, never treated as zero",0.192086898916
discovery,ck2:A:ASN117::NOS_C::motif_pair_5,population_mean,0.00229977167899,0.00210487374182,0.00249466961615,1.74500378877e-12,14,1,0.0391725456827,0.0183201625011,-0.0208523831816,-0.0417047663633,Complete curve required,2.51280545583e-12
discovery,ck2:A:ASN117::NOS_C::motif_pair_5,selected_mean,0.00227157212221,0.00207137777368,0.00247176647074,2.87492351885e-12,14,1,0.036259281749,0.0183173109333,-0.0179419708157,-0.0358839416315,Complete curve required,4.13988986714e-12
discovery,ck2:A:ASN117::NOS_C::motif_pair_5,selection_shift,-2.8199556777e-05,-4.34010920273e-05,-1.29980215267e-05,0.00149064204372,14,1,-0.00291326393372,-2.85156781161e-06,0.00291041236591,0.00582082473183,Complete curve required,0.160989340722
discovery,ck2:A:ASN117::NOS_C::motif_pair_5,retained_shift,0.000163938157088,-0.000356035671925,0.000683911986102,0.507744706024,14,1,0.0143498707291,5.6981681695e-07,-0.0143493009123,-0.0286986018246,Complete curve required,0.888604591122
discovery,ck2:A:ASN117::NOS_C::motif_pair_5,low_enrichment,0.000336550321296,-0.00409405293443,0.00476715357702,0.872174465148,14,1,0.00677562793181,-0.000431251240746,-0.00720687917256,-0.0144137583451,Complete curve required,0.951463052889
discovery,ck2:A:ASN117::NOS_C::motif_pair_5,high_enrichment,-0.00488523576021,-0.00904820156912,-0.000722269951305,0.0248796924134,14,1,-0.0195347476761,-0.0071488119485,0.0123859357276,0.0247718714551,Complete curve required,0.0537401356128
discovery,ck2:A:ASN117::NOS_C::motif_pair_5,affinity_correlation,-0.0488274391346,-0.110471579347,0.0128167010783,0.110783760288,14,1,-0.211944440454,0.0062745979761,0.21821903843,0.436438076859,Complete curve required,0.235415490613
discovery,ck2:A:ASN117::NOS_C::motif_pair_5,partial_affinity_correlation,-0.0189323843314,-0.0585798672676,0.0207150986047,0.321064027535,14,1,-0.173434324393,-0.0373519061071,0.136082418286,0.272164836571,Complete curve required,0.786709347911
discovery,ck2:A:ASN117::NOS_C::motif_pair_5,lag_gain_correlation,0.0129115901832,-0.0208889868717,0.046712167238,0.424117128139,14,1,-0.0644107681882,0.0136318590745,0.0780426272627,0.159270667883,"Undefined genealogical contrasts are omitted with reported quadrature coverage, never treated as zero",0.53261220743
discovery,ck2:A:ASN117::NOS_C::motif_pair_5,lag_partial_gain_correlation,0.00484806344156,-0.027626782725,0.0373229096081,0.752191182752,14,1,-0.209278140604,0.0196345026741,0.228912643278,0.467168659751,"Undefined genealogical contrasts are omitted with reported quadrature coverage, never treated as zero",0.846215080596
discovery,ck2:A:ASN117::NOS_C::motif_pair_5,native_difference,-0.000255007564631,-0.000436736341201,-7.32787880617e-05,0.00963700581857,14,1,0,-0.00160364356743,-0.00160364356743,-0.00320728713485,Complete curve required,0.0868834009226
discovery,ck2:A:ASN117::NOS_C::motif_pair_5,lag_controlled_gain_correlation,-0.0204132320627,-0.0437913454212,0.00296488129575,0.0817795342987,14,1,-0.177353631234,-0.0132383184722,0.164115312762,0.334929209719,"Undefined genealogical contrasts are omitted with reported quadrature coverage, never treated as zero",0.386819314579
discovery,ck2:A:ASN117::NOS_C::motif_pair_5,root_balanced_selection_shift,1.25990368067e-06,-4.99847085094e-06,7.51827821228e-06,0.670757297631,14,1,0,-1.1013647801e-05,-1.1013647801e-05,-2.20272956021e-05,Complete curve required,0.985262702876
discovery,ck2:A:ASN117::NOS_C::motif_pair_5,root_balanced_retained_shift,1.23272214782e-05,-2.3376741079e-05,4.80311840355e-05,0.469005488959,14,1,0,-2.14533669755e-05,-2.14533669755e-05,-4.29067339509e-05,Complete curve required,0.998966672469
discovery,ck2:A:ASN117::NOS_C::motif_pair_5,within_root_affinity_correlation,-0.0464710584147,-0.123510802546,0.0305686857162,0.215131587409,14,0.97,,-0.011500684106,,,"Undefined genealogical contrasts are omitted with reported quadrature coverage, never treated as zero",0.425941659789
discovery,ck2:A:ASN117::NOS_C::motif_shell_2,population_mean,6.64436649165e-10,4.1453240201e-10,9.1434089632e-10,6.77802730321e-05,14,1,1.61528290248e-08,8.05974673804e-09,-8.09308228679e-09,-1.61861645736e-08,Complete curve required,6.84137335277e-05
discovery,ck2:A:ASN117::NOS_C::motif_shell_2,selected_mean,6.72593695385e-10,4.09142119416e-10,9.36045271354e-10,9.95056445669e-05,14,1,1.69365707659e-08,8.07936416285e-09,-8.85720660306e-09,-1.77144132061e-08,Complete curve required,0.000100435603862
discovery,ck2:A:ASN117::NOS_C::motif_shell_2,selection_shift,8.15704622024e-12,-7.97347055219e-12,2.42875629927e-11,0.294455709231,14,1,7.83741741082e-10,1.96174248122e-11,-7.6412431627e-10,-1.52824863254e-09,Complete curve required,0.691330795586
discovery,ck2:A:ASN117::NOS_C::motif_shell_2,retained_shift,-1.56228702361e-10,-3.57620916905e-10,4.51635121832e-11,0.11762920134,14,1,-1.59328539834e-08,5.35425329938e-11,1.59863965164e-08,3.19727930327e-08,Complete curve required,0.888604591122
discovery,ck2:A:ASN117::NOS_C::motif_shell_2,low_enrichment,0.00360805749342,-0.000975476312448,0.0081915912993,0.11280160805,14,1,-0.0123452105449,-0.0130812900206,-0.000736079475747,-0.00147215895149,Complete curve required,0.259641821418
discovery,ck2:A:ASN117::NOS_C::motif_shell_2,high_enrichment,-0.00987334133642,-0.0138863832362,-0.00586029943661,0.000140147575734,14,1,0.00760253903269,0.00171037034835,-0.00589216868434,-0.0117843373687,Complete curve required,0.00131359045037
discovery,ck2:A:ASN117::NOS_C::motif_shell_2,lag_gain_correlation,0.050681769722,0.0125935431376,0.0887699963063,0.0130257634435,14,0.486880466472,-0.107527611245,0.0910733845925,0.198600995838,0.405308154771,"Undefined genealogical contrasts are omitted with reported quadrature coverage, never treated as zero",0.0671388935183
discovery,ck2:A:ASN117::NOS_C::motif_shell_2,lag_partial_gain_correlation,0.0400308568217,0.00765601977485,0.0724056938685,0.019218377351,14,0.479591836735,-0.0968748430497,0.099014967167,0.195889810217,0.399775122891,"Undefined genealogical contrasts are omitted with reported quadrature coverage, never treated as zero",0.124632382214
discovery,ck2:A:ASN117::NOS_C::motif_shell_2,native_difference,1.39263088152e-11,-1.09714211505e-10,1.37566829135e-10,0.811544102536,14,1,0,2.19386393733e-10,2.19386393733e-10,4.38772787466e-10,Complete curve required,0.826856255414
discovery,ck2:A:ASN117::NOS_C::motif_shell_2,lag_controlled_gain_correlation,-0.0121159955352,-0.0373686136782,0.0131366226079,0.31885319032,14,0.428571428571,-0.0811682535666,0.0512231327906,0.132391386357,0.27018650277,"Undefined genealogical contrasts are omitted with reported quadrature coverage, never treated as zero",0.588162200682
discovery,ck2:A:ASN117::NOS_C::motif_shell_2,root_balanced_selection_shift,9.91170945467e-14,-7.5366390979e-13,9.51898098883e-13,0.805665506004,14,1,0,2.16349711169e-11,2.16349711169e-11,4.32699422339e-11,Complete curve required,0.985262702876
discovery,ck2:A:ASN117::NOS_C::motif_shell_2,root_balanced_retained_shift,8.98542890029e-13,-6.71179171359e-12,8.50887749365e-12,0.802658283891,14,1,0,9.12198739111e-12,9.12198739111e-12,1.82439747822e-11,Complete curve required,0.998966672469
discovery,ck2:A:ASN117::NOS_C::motif_shell_2,within_root_affinity_correlation,-0.0985805889683,-0.17588313594,-0.0212780419969,0.0163798224029,14,0.53,,0.0617215508665,,,"Undefined genealogical contrasts are omitted with reported quadrature coverage, never treated as zero",0.138743433719
discovery,ck2:A:ASN117::NOS_C::motif_shell_4,population_mean,1.4797044138e-05,1.21985587243e-05,1.73955295517e-05,1.54986681593e-08,14,1,4.39436593105e-05,0.000156803036961,0.000112859377651,0.000225718755301,Complete curve required,1.7619538539e-08
discovery,ck2:A:ASN117::NOS_C::motif_shell_4,selected_mean,1.48092538022e-05,1.22009270306e-05,1.74175805737e-05,1.6059940701e-08,14,1,4.5021211055e-05,0.00015713910307,0.000112117892015,0.00022423578403,Complete curve required,1.82576167969e-08
discovery,ck2:A:ASN117::NOS_C::motif_shell_4,selection_shift,1.22096642072e-08,-3.76921881133e-08,6.21115165276e-08,0.606000410691,14,1,1.07755174451e-06,3.36066109154e-07,-7.41485635357e-07,-1.48297127071e-06,Complete curve required,0.976836482904
discovery,ck2:A:ASN117::NOS_C::motif_shell_4,retained_shift,-2.71465093432e-07,-6.05703871889e-07,6.27736850252e-08,0.1028468586,14,1,-3.48634478011e-05,7.45432835855e-07,3.5608880637e-05,7.12177612739e-05,Complete curve required,0.888604591122
discovery,ck2:A:ASN117::NOS_C::motif_shell_4,low_enrichment,0.00349215293198,-0.000963585607813,0.00794789147178,0.114233321301,14,1,-0.0118909850809,-0.0143163707221,-0.00242538564122,-0.00485077128244,Complete curve required,0.259641821418
discovery,ck2:A:ASN117::NOS_C::motif_shell_4,high_enrichment,-0.0107563163292,-0.0151238409347,-0.00638879172364,0.000138858660132,14,1,0.00671456041523,0.00372510429193,-0.0029894561233,-0.00597891224659,Complete curve required,0.00131359045037
discovery,ck2:A:ASN117::NOS_C::motif_shell_4,affinity_correlation,-0.0779431109122,-0.135099884721,-0.0207863371035,0.0113580556482,14,1,0.0391422745343,0.0826346789209,0.0434924043865,0.0869848087731,Complete curve required,0.0688550808754
discovery,ck2:A:ASN117::NOS_C::motif_shell_4,partial_affinity_correlation,-0.025678385475,-0.0772683539521,0.0259115830021,0.301792359168,14,1,0.0492471601186,-0.0314286645186,-0.0806758246372,-0.161351649274,Complete curve required,0.786709347911
discovery,ck2:A:ASN117::NOS_C::motif_shell_4,lag_gain_correlation,0.0296332670752,-0.000539587741795,0.0598061218922,0.0536509034709,14,1,-0.0994027007823,0.0818571773121,0.181259878094,0.36991811856,"Undefined genealogical contrasts are omitted with reported quadrature coverage, never treated as zero",0.106710732466
discovery,ck2:A:ASN117::NOS_C::motif_shell_4,lag_partial_gain_correlation,0.027433041551,-0.000909551133369,0.0557756342354,0.056727189917,14,1,-0.0822710335687,0.0934975863993,0.175768619968,0.358711469322,"Undefined genealogical contrasts are omitted with reported quadrature coverage, never treated as zero",0.129218237146
discovery,ck2:A:ASN117::NOS_C::motif_shell_4,native_difference,4.76412576581e-07,-2.05886813586e-06,3.01169328902e-06,0.691373683046,14,1,0,6.36162792758e-06,6.36162792758e-06,1.27232558552e-05,Complete curve required,0.765066179122
discovery,ck2:A:ASN117::NOS_C::motif_shell_4,lag_controlled_gain_correlation,-0.0131703302191,-0.0319916738613,0.00565101342319,0.154525373997,14,1,-0.067194740044,0.0443381013245,0.111532841369,0.227618043609,"Undefined genealogical contrasts are omitted with reported quadrature coverage, never treated as zero",0.440365189679
discovery,ck2:A:ASN117::NOS_C::motif_shell_4,root_balanced_selection_shift,-2.94881352024e-09,-2.3977675418e-08,1.80800483776e-08,0.766727340579,14,1,0,3.57232881187e-07,3.57232881187e-07,7.14465762375e-07,Complete curve required,0.985262702876
discovery,ck2:A:ASN117::NOS_C::motif_shell_4,root_balanced_retained_shift,1.42212802848e-08,-1.58516664983e-07,1.86959225552e-07,0.861574302893,14,1,0,2.07758787617e-07,2.07758787617e-07,4.15517575234e-07,Complete curve required,0.998966672469
discovery,ck2:A:ASN117::NOS_C::motif_shell_4,within_root_affinity_correlation,-0.0707514343724,-0.128758886862,-0.0127439818832,0.0205911019969,14,0.97,,0.074117453465,,,"Undefined genealogical contrasts are omitted with reported quadrature coverage, never treated as zero",0.138743433719
discovery,ck2:A:ASN117::NOS_C::motif_shell_6,population_mean,0.0106074893254,0.00958843717053,0.0116265414803,8.61195381427e-12,14,1,0.0112852786086,0.0634332617194,0.0521479831108,0.104295966222,Complete curve required,1.17733039486e-11
discovery,ck2:A:ASN117::NOS_C::motif_shell_6,selected_mean,0.0106016667461,0.00957910699407,0.0116242264981,9.05884481145e-12,14,1,0.0114022730471,0.0635192869971,0.0521170139501,0.1042340279,Complete curve required,1.23842435397e-11
discovery,ck2:A:ASN117::NOS_C::motif_shell_6,selection_shift,-5.82257931335e-06,-2.06453886857e-05,9.00023005898e-06,0.411447452112,14,1,0.000116994438467,8.60252777336e-05,-3.09691607338e-05,-6.19383214676e-05,Complete curve required,0.763149437467
discovery,ck2:A:ASN117::NOS_C::motif_shell_6,retained_shift,1.71427080747e-05,-8.94690064319e-05,0.000123754422581,0.733866828401,14,1,-0.00153626555828,0.000151164528902,0.00168743008718,0.00337486017437,Complete curve required,0.888604591122
discovery,ck2:A:ASN117::NOS_C::motif_shell_6,low_enrichment,0.00308356694128,-0.00139361179065,0.00756074567321,0.160625561709,14,1,-0.0119488202876,-0.011365810284,0.000583010003576,0.00116602000715,Complete curve required,0.32731246537
discovery,ck2:A:ASN117::NOS_C::motif_shell_6,high_enrichment,-0.0119100233534,-0.0170814814992,-0.00673856520752,0.000253759460068,14,1,0.00344524945942,0.00286693257916,-0.000578316880262,-0.00115663376052,Complete curve required,0.00161987799409
discovery,ck2:A:ASN117::NOS_C::motif_shell_6,affinity_correlation,-0.0791883509046,-0.138801816708,-0.0195748851012,0.0131493019152,14,1,0.0521344732744,0.0925092456467,0.0403747723723,0.0807495447446,Complete curve required,0.0688550808754
discovery,ck2:A:ASN117::NOS_C::motif_shell_6,partial_affinity_correlation,-0.0245805313843,-0.0802375630562,0.0310765002877,0.357432755245,14,1,0.0708294905672,-0.0177351983624,-0.0885646889296,-0.177129377859,Complete curve required,0.786709347911
discovery,ck2:A:ASN117::NOS_C::motif_shell_6,lag_gain_correlation,0.0319946298282,0.00104507411312,0.0629441855432,0.0437327863617,14,1,-0.0516350592897,0.0656009263219,0.117235985612,0.239257113493,"Undefined genealogical contrasts are omitted with reported quadrature coverage, never treated as zero",0.0963906311647
discovery,ck2:A:ASN117::NOS_C::motif_shell_6,lag_partial_gain_correlation,0.0303953616353,0.00155967357492,0.0592310496956,0.0403260688073,14,1,-0.0152617219522,0.0791570495744,0.0944187715266,0.192691370463,"Undefined genealogical contrasts are omitted with reported quadrature coverage, never treated as zero",0.129218237146
discovery,ck2:A:ASN117::NOS_C::motif_shell_6,native_difference,0.000242971832633,-0.000750072350663,0.00123601601593,0.606000161084,14,1,0,0.00235562861365,0.00235562861365,0.00471125722729,Complete curve required,0.719208982385
discovery,ck2:A:ASN117::NOS_C::motif_shell_6,lag_controlled_gain_correlation,-0.0105214094593,-0.0301544091121,0.00911159019351,0.267794650021,14,1,0.0163698277122,0.0313539145318,0.0149840868197,0.0305797690197,"Undefined genealogical contrasts are omitted with reported quadrature coverage, never treated as zero",0.57546072151
discovery,ck2:A:ASN117::NOS_C::motif_shell_6,root_balanced_selection_shift,-7.83423366684e-06,-1.90536940516e-05,3.38522671789e-06,0.155334394379,14,1,0,8.88884598454e-05,8.88884598454e-05,0.000177776919691,Complete curve required,0.644382535191
discovery,ck2:A:ASN117::NOS_C::motif_shell_6,root_balanced_retained_shift,-7.6455875451e-06,-9.2564640712e-05,7.72734656218e-05,0.848786176164,14,1,0,5.44728415772e-05,5.44728415772e-05,0.000108945683154,Complete curve required,0.998966672469
discovery,ck2:A:ASN117::NOS_C::motif_shell_6,within_root_affinity_correlation,-0.0722090746948,-0.132539236613,-0.0118789127763,0.0226091949396,14,0.97,,0.0813753973092,,,"Undefined genealogical contrasts are omitted with reported quadrature coverage, never treated as zero",0.138743433719
discovery,ck2:A:ASN117::NOS_C::proposal_motif_centroid_x,population_mean,2.08665499663,2.08109624233,2.09221375093,5.75693005426e-32,14,1,2.28080241729,1.90430728608,-0.376495131211,-0.752990262423,Complete curve required,2.22053016379e-31
discovery,ck2:A:ASN117::NOS_C::proposal_motif_centroid_x,selected_mean,2.08664629227,2.08101711977,2.09227546476,6.78086653517e-32,14,1,2.2807079855,1.90425009388,-0.376457891624,-0.752915783249,Complete curve required,2.71234661407e-31
discovery,ck2:A:ASN117::NOS_C::proposal_motif_centroid_x,selection_shift,-8.70436697733e-06,-0.000175628308691,0.000158219574737,0.912025910269,14,1,-9.44317892428e-05,-5.71922022513e-05,3.72395869914e-05,7.44791739829e-05,Complete curve required,0.996730627894
discovery,ck2:A:ASN117::NOS_C::proposal_motif_centroid_x,retained_shift,0.00162045231655,-0.00064158838196,0.00388249301505,0.145706098244,14,1,-7.86973965566e-05,0.000132573057135,0.000211270453692,0.000422540907384,Complete curve required,0.888604591122
discovery,ck2:A:ASN117::NOS_C::proposal_motif_centroid_x,low_enrichment,-0.00342211410502,-0.00687646796191,3.22397518729e-05,0.0518753641838,14,1,0.00179397547154,-0.00255663901641,-0.00435061448795,-0.0087012289759,Complete curve required,0.174645643066
discovery,ck2:A:ASN117::NOS_C::proposal_motif_centroid_x,high_enrichment,-0.00340195594912,-0.00791961317315,0.00111570127491,0.127755615023,14,1,-0.0019469394617,-0.00274930859809,-0.000802369136392,-0.00160473827278,Complete curve required,0.189008307158
discovery,ck2:A:ASN117::NOS_C::proposal_motif_centroid_x,affinity_correlation,0.0177853442779,-0.0393732261548,0.0749439147105,0.513216953209,14,1,-0.0251814843658,0.0517435309703,0.0769250153362,0.153850030672,Complete curve required,0.703893988045
discovery,ck2:A:ASN117::NOS_C::proposal_motif_centroid_x,partial_affinity_correlation,0.00638905802591,-0.0397752977146,0.0525534137665,0.769673137554,14,1,-0.0553484521613,0.00325344958273,0.058601901744,0.117203803488,Complete curve required,0.945191366722
discovery,ck2:A:ASN117::NOS_C::proposal_motif_centroid_x,lag_gain_correlation,0.0316712903181,0.00572956467564,0.0576130159606,0.0204926246581,14,1,-0.01076934178,0.0846380276796,0.0954073694596,0.194708917265,"Undefined genealogical contrasts are omitted with reported quadrature coverage, never treated as zero",0.071393660099
discovery,ck2:A:ASN117::NOS_C::proposal_motif_centroid_x,lag_partial_gain_correlation,0.0341518048743,0.00935863383077,0.0589449759179,0.0107257564526,14,1,-0.0396853923969,0.112943349073,0.15262874147,0.31148722749,"Undefined genealogical contrasts are omitted with reported quadrature coverage, never treated as zero",0.124632382214
discovery,ck2:A:ASN117::NOS_C::proposal_motif_centroid_x,native_difference,0.0029725664116,-0.00262470438713,0.00856983721033,0.271928099228,14,1,0,0.00804135539655,0.00804135539655,0.0160827107931,Complete curve required,0.445510661504
discovery,ck2:A:ASN117::NOS_C::proposal_motif_centroid_x,lag_controlled_gain_correlation,0.0127620598925,-0.00432111895873,0.0298452387437,0.130546016318,14,1,-0.0080340032025,0.0824185989468,0.0904526021493,0.184597147243,"Undefined genealogical contrasts are omitted with reported quadrature coverage, never treated as zero",0.428905383988
discovery,ck2:A:ASN117::NOS_C::proposal_motif_centroid_x,root_balanced_selection_shift,-5.30424234772e-05,-0.000185895245082,7.98103981275e-05,0.404020628917,14,1,0,-5.54985584233e-05,-5.54985584233e-05,-0.000110997116847,Complete curve required,0.854711048987
discovery,ck2:A:ASN117::NOS_C::proposal_motif_centroid_x,root_balanced_retained_shift,0.000941998390121,-0.000980732003449,0.00286472878369,0.309133412895,14,1,0,4.94947070704e-05,4.94947070704e-05,9.89894141408e-05,Complete curve required,0.998966672469
discovery,ck2:A:ASN117::NOS_C::proposal_motif_centroid_x,within_root_affinity_correlation,-0.00403026555081,-0.0547170746594,0.0466565435578,0.866257541404,14,0.987142857143,,0.0424582348005,,,"Undefined genealogical contrasts are omitted with reported quadrature coverage, never treated as zero",0.921187416521
discovery,ck2:A:ASN117::NOS_C::proposal_motif_centroid_y,population_mean,-9.38620259691,-9.39885756934,-9.37354762449,8.23014611922e-36,14,1,-10.2469500801,-8.50608081422,1.7408692659,3.4817385318,Complete curve required,2.22213945219e-34
discovery,ck2:A:ASN117::NOS_C::proposal_motif_centroid_y,selected_mean,-9.38678672367,-9.39945163021,-9.37412181713,8.30780707511e-36,14,1,-10.2470749816,-8.50598500071,1.74108998092,3.48217996185,Complete curve required,2.24310791028e-34
discovery,ck2:A:ASN117::NOS_C::proposal_motif_centroid_y,selection_shift,-0.00058412675759,-0.00103053784246,-0.000137715672718,0.0142769789952,14,1,-0.000124901509229,9.58135130537e-05,0.000220715022283,0.000441430044566,Complete curve required,0.228472663655
discovery,ck2:A:ASN117::NOS_C::proposal_motif_centroid_y,retained_shift,-0.00255288013599,-0.00679231836055,0.00168655808857,0.215873421983,14,1,-0.00300007726468,0.00133263717584,0.00433271444052,0.00866542888104,Complete curve required,0.888604591122
discovery,ck2:A:ASN117::NOS_C::proposal_motif_centroid_y,low_enrichment,0.00469404137704,-0.00131640964011,0.0107044923942,0.115396365075,14,1,0.00334256146175,3.52904707054e-05,-0.00330727099104,-0.00661454198208,Complete curve required,0.259641821418
discovery,ck2:A:ASN117::NOS_C::proposal_motif_centroid_y,high_enrichment,-0.0129660443113,-0.0197816542126,-0.0061504344099,0.00123013311281,14,1,-0.00198894039464,-0.0022112061466,-0.000222265751962,-0.000444531503924,Complete curve required,0.00479161293402
discovery,ck2:A:ASN117::NOS_C::proposal_motif_centroid_y,affinity_correlation,-0.130305959445,-0.207225781692,-0.0533861371978,0.00288303933484,14,1,-0.0336926387169,-0.0403936290141,-0.0067009902972,-0.0134019805944,Complete curve required,0.0594132473266
discovery,ck2:A:ASN117::NOS_C::proposal_motif_centroid_y,partial_affinity_correlation,-0.0540518510221,-0.129237633594,0.0211339315498,0.144394719658,14,1,-0.0398532817216,-0.0656111651743,-0.0257578834527,-0.0515157669054,Complete curve required,0.786709347911
discovery,ck2:A:ASN117::NOS_C::proposal_motif_centroid_y,lag_gain_correlation,0.0288537051509,0.00247426182158,0.0552331484802,0.0343822445827,14,1,0.0774667953216,0.0194505550339,-0.0580162402877,-0.118400490383,"Undefined genealogical contrasts are omitted with reported quadrature coverage, never treated as zero",0.0817999542495
discovery,ck2:A:ASN117::NOS_C::proposal_motif_centroid_y,lag_partial_gain_correlation,0.0138105921165,-0.0126029967603,0.0402241809934,0.279070095308,14,1,0.0535206100341,0.00162885125735,-0.0518917587767,-0.105901548524,"Undefined genealogical contrasts are omitted with reported quadrature coverage, never treated as zero",0.401860937244
discovery,ck2:A:ASN117::NOS_C::proposal_motif_centroid_y,native_difference,-0.00633666325222,-0.0194208164953,0.00674748999081,0.314501972623,14,1,0,-0.00490334336998,-0.00490334336998,-0.00980668673996,Complete curve required,0.471752958935
discovery,ck2:A:ASN117::NOS_C::proposal_motif_centroid_y,lag_controlled_gain_correlation,-0.00114324866594,-0.0221522413687,0.0198657440368,0.908212433472,14,1,0.0844897575645,-0.0429208488376,-0.127410606402,-0.260021645719,"Undefined genealogical contrasts are omitted with reported quadrature coverage, never treated as zero",0.934161360143
discovery,ck2:A:ASN117::NOS_C::proposal_motif_centroid_y,root_balanced_selection_shift,-0.000324936594852,-0.00068680278646,3.69295967572e-05,0.0744002385063,14,1,0,8.40722973463e-05,8.40722973463e-05,0.000168144594693,Complete curve required,0.527766918773
discovery,ck2:A:ASN117::NOS_C::proposal_motif_centroid_y,root_balanced_retained_shift,-0.00196275688789,-0.00593379143937,0.00200827766359,0.305038231385,14,1,0,0.000544766445156,0.000544766445156,0.00108953289031,Complete curve required,0.998966672469
discovery,ck2:A:ASN117::NOS_C::proposal_motif_centroid_y,within_root_affinity_correlation,-0.0898759713874,-0.174778402964,-0.00497353981068,0.0396078090602,14,0.987142857143,,-0.0672674019955,,,"Undefined genealogical contrasts are omitted with reported quadrature coverage, never treated as zero",0.147504944086
discovery,ck2:A:ASN117::NOS_C::proposal_motif_centroid_z,population_mean,6.41077122367,6.39809667658,6.42344577076,1.19303665978e-33,14,1,6.73440402342,6.05813065163,-0.67627337179,-1.35254674358,Complete curve required,1.13674425686e-32
discovery,ck2:A:ASN117::NOS_C::proposal_motif_centroid_z,selected_mean,6.41096402917,6.39812320754,6.4238048508,1.41275862674e-33,14,1,6.73409436773,6.05738134293,-0.676713024796,-1.35342604959,Complete curve required,1.27148276407e-32
discovery,ck2:A:ASN117::NOS_C::proposal_motif_centroid_z,selection_shift,0.000192805502508,-0.00011312354248,0.000498734547496,0.196478235862,14,1,-0.00030965568539,-0.000749308690772,-0.000439653005382,-0.000879306010763,Complete curve required,0.57914739404
discovery,ck2:A:ASN117::NOS_C::proposal_motif_centroid_z,retained_shift,-0.000482441543417,-0.00482079643866,0.00385591335183,0.813890106003,14,1,0.00315458188666,5.78581986946e-05,-0.00309672368797,-0.00619344737594,Complete curve required,0.925264541561
discovery,ck2:A:ASN117::NOS_C::proposal_motif_centroid_z,low_enrichment,-0.00732973953074,-0.0116700206489,-0.00298945841259,0.00294650276078,14,1,0.00479008824564,0.00778000975593,0.00298992151029,0.00597984302057,Complete curve required,0.0353580331294
discovery,ck2:A:ASN117::NOS_C::proposal_motif_centroid_z,high_enrichment,0.000586183471595,-0.00429781418242,0.00547018112561,0.799472035337,14,1,-0.00902441354915,-0.00548497814163,0.00353943540752,0.00707887081504,Complete curve required,0.846499802122
discovery,ck2:A:ASN117::NOS_C::proposal_motif_centroid_z,affinity_correlation,0.0124581086916,-0.0535453844483,0.0784616018316,0.690079760805,14,1,-0.0735643069421,-0.137134939391,-0.0635706324489,-0.127141264898,Complete curve required,0.80905902991
discovery,ck2:A:ASN117::NOS_C::proposal_motif_centroid_z,partial_affinity_correlation,-0.0196022855621,-0.0695068278618,0.0303022567376,0.411466594257,14,1,-0.0837475126265,0.0112325366413,0.0949800492679,0.189960098536,Complete curve required,0.786709347911
discovery,ck2:A:ASN117::NOS_C::proposal_motif_centroid_z,lag_gain_correlation,0.00561309712314,-0.0282044655541,0.0394306598004,0.725664141866,14,1,-0.0187025753349,-0.100031384656,-0.0813288093208,-0.165977161879,"Undefined genealogical contrasts are omitted with reported quadrature coverage, never treated as zero",0.795918511155
discovery,ck2:A:ASN117::NOS_C::proposal_motif_centroid_z,lag_partial_gain_correlation,-0.000215161431822,-0.0297417153267,0.0293113924631,0.98767869704,14,1,-0.045670116163,-0.12112350513,-0.0754533889673,-0.153986508097,"Undefined genealogical contrasts are omitted with reported quadrature coverage, never treated as zero",0.996843628471
discovery,ck2:A:ASN117::NOS_C::proposal_motif_centroid_z,native_difference,-0.010422332303,-0.0226254169508,0.00178075234474,0.0879173462324,14,1,0,-0.0350443261487,-0.0350443261487,-0.0700886522974,Complete curve required,0.283024205277
discovery,ck2:A:ASN117::NOS_C::proposal_motif_centroid_z,lag_controlled_gain_correlation,0.0128808517934,-0.0119052735537,0.0376669771404,0.281872286153,14,1,-0.0291621559937,-0.0487687682819,-0.0196066122882,-0.0400134944657,"Undefined genealogical contrasts are omitted with reported quadrature coverage, never treated as zero",0.57546072151
discovery,ck2:A:ASN117::NOS_C::proposal_motif_centroid_z,root_balanced_selection_shift,0.000193906736406,-1.98275186567e-05,0.000407640991468,0.0717940368307,14,1,0,-0.000755772700088,-0.000755772700088,-0.00151154540018,Complete curve required,0.527766918773
discovery,ck2:A:ASN117::NOS_C::proposal_motif_centroid_z,root_balanced_retained_shift,0.000919364638792,-0.00204198300117,0.00388071227875,0.514153487696,14,1,0,8.35143302994e-05,8.35143302994e-05,0.000167028660599,Complete curve required,0.998966672469
discovery,ck2:A:ASN117::NOS_C::proposal_motif_centroid_z,within_root_affinity_correlation,0.0204694723528,-0.0358065726798,0.0767455173853,0.446072594653,14,0.987142857143,,-0.129296726597,,,"Undefined genealogical contrasts are omitted with reported quadrature coverage, never treated as zero",0.662971810625
discovery,ck2:A:ASN117::NOS_C::proposal_motif_pair_1_5,population_mean,0.515971119079,0.512697107862,0.519245130295,4.57099554085e-27,14,1,0.197047271455,0.642355007309,0.445307735855,0.89061547171,Complete curve required,1.0970389298e-26
discovery,ck2:A:ASN117::NOS_C::proposal_motif_pair_1_5,selected_mean,0.515952302125,0.51263027908,0.519274325171,5.5258636294e-27,14,1,0.197146232526,0.642492135264,0.445345902738,0.890691805476,Complete curve required,1.32620727106e-26
discovery,ck2:A:ASN117::NOS_C::proposal_motif_pair_1_5,selection_shift,-1.88169531382e-05,-0.000159883413735,0.000122249507458,0.777757463258,14,1,9.8961071049e-05,0.0001371279542,3.81668831512e-05,7.63337663024e-05,Complete curve required,0.996730627894
discovery,ck2:A:ASN117::NOS_C::proposal_motif_pair_1_5,retained_shift,-0.00172715963207,-0.00470600318297,0.00125168391883,0.232415938538,14,1,-0.00510828633327,0.00087372635949,0.00598201269276,0.0119640253855,Complete curve required,0.888604591122
discovery,ck2:A:ASN117::NOS_C::proposal_motif_pair_1_5,low_enrichment,-0.00349034848863,-0.00627845908052,-0.000702237896747,0.0180385758938,14,1,0.000805607582173,-0.00031320362971,-0.00111881121188,-0.00223762242377,Complete curve required,0.108231455363
discovery,ck2:A:ASN117::NOS_C::proposal_motif_pair_1_5,high_enrichment,-0.00153303764626,-0.00517280271047,0.00210672741795,0.37942204455,14,1,0.0020231230205,0.0102343502349,0.00821122721441,0.0164224544288,Complete curve required,0.445408487081
discovery,ck2:A:ASN117::NOS_C::proposal_motif_pair_1_5,affinity_correlation,0.00333596946609,-0.0386097031539,0.045281642086,0.866228227171,14,1,0.0208310226653,0.0481424418715,0.0273114192063,0.0546228384125,Complete curve required,0.93994977842
discovery,ck2:A:ASN117::NOS_C::proposal_motif_pair_1_5,partial_affinity_correlation,-0.0141443189168,-0.0498440636661,0.0215554258325,0.40752959127,14,1,0.00876247103037,0.0191085974989,0.0103461264685,0.020692252937,Complete curve required,0.786709347911
discovery,ck2:A:ASN117::NOS_C::proposal_motif_pair_1_5,lag_gain_correlation,-0.0168279377676,-0.0417810237236,0.00812514818847,0.168867088171,14,1,0.0657674554734,0.019387942653,-0.0463795128204,-0.0946520669805,"Undefined genealogical contrasts are omitted with reported quadrature coverage, never treated as zero",0.22797056903
discovery,ck2:A:ASN117::NOS_C::proposal_motif_pair_1_5,lag_partial_gain_correlation,-0.0188552753709,-0.043608827046,0.00589827630418,0.123796423839,14,1,0.0912427873722,0.0494758049689,-0.0417669824033,-0.0852387395986,"Undefined genealogical contrasts are omitted with reported quadrature coverage, never treated as zero",0.213309361382
discovery,ck2:A:ASN117::NOS_C::proposal_motif_pair_1_5,native_difference,-0.00386272845646,-0.00720067444775,-0.000524782465158,0.0265879940948,14,1,0,-0.00414050227661,-0.00414050227661,-0.00828100455323,Complete curve required,0.113616642324
discovery,ck2:A:ASN117::NOS_C::proposal_motif_pair_1_5,lag_controlled_gain_correlation,-0.0277435875807,-0.0471689680257,-0.0083182071357,0.00868638203793,14,1,0.126167025149,0.0586821196743,-0.0674849054752,-0.137724296888,"Undefined genealogical contrasts are omitted with reported quadrature coverage, never treated as zero",0.318563781322
discovery,ck2:A:ASN117::NOS_C::proposal_motif_pair_1_5,root_balanced_selection_shift,-2.40779040079e-05,-0.000129259954913,8.1104146897e-05,0.629174077829,14,1,0,0.000167648395597,0.000167648395597,0.000335296791195,Complete curve required,0.985262702876
discovery,ck2:A:ASN117::NOS_C::proposal_motif_pair_1_5,root_balanced_retained_shift,-0.00054980897228,-0.00248385739847,0.00138423945391,0.549715454429,14,1,0,0.00101851578985,0.00101851578985,0.0020370315797,Complete curve required,0.998966672469
discovery,ck2:A:ASN117::NOS_C::proposal_motif_pair_1_5,within_root_affinity_correlation,-0.00393512155752,-0.0439977243005,0.0361274811854,0.835241364783,14,0.987142857143,,0.0504558100244,,,"Undefined genealogical contrasts are omitted with reported quadrature coverage, never treated as zero",0.921187416521
discovery,ck2:A:ASN117::NOS_C::proposal_motif_pair_3,population_mean,0.0828049660707,0.0797596961118,0.0858502360296,3.72296932044e-17,14,1,0.000747854717482,0.263214669973,0.262466815256,0.524933630512,Complete curve required,6.59148666569e-17
discovery,ck2:A:ASN117::NOS_C::proposal_motif_pair_3,selected_mean,0.0827398168207,0.0797157371408,0.0857638965006,3.4358296338e-17,14,1,0.000748818586206,0.262849443075,0.262100624489,0.524201248978,Complete curve required,6.18449334083e-17
discovery,ck2:A:ASN117::NOS_C::proposal_motif_pair_3,selection_shift,-6.51492499782e-05,-0.000186575738888,5.62772389316e-05,0.267260695501,14,1,9.63868724311e-07,-0.000365226897986,-0.00036619076671,-0.00073238153342,Complete curve required,0.671027761402
discovery,ck2:A:ASN117::NOS_C::proposal_motif_pair_3,retained_shift,-0.000298476712009,-0.00135267155615,0.000755718132137,0.551303492151,14,1,-4.38378693888e-05,-0.00028418338408,-0.000240345514691,-0.000480691029383,Complete curve required,0.888604591122
discovery,ck2:A:ASN117::NOS_C::proposal_motif_pair_3,low_enrichment,-0.000397539102699,-0.00411537072627,0.00332029252087,0.820908171733,14,1,-0.000156372093918,-0.00296626074708,-0.00280988865317,-0.00561977730633,Complete curve required,0.905311261055
discovery,ck2:A:ASN117::NOS_C::proposal_motif_pair_3,high_enrichment,-0.00553415153806,-0.00859900650141,-0.00246929657471,0.00182293540664,14,1,0.00157977933015,-0.0109017123957,-0.0124814917258,-0.0249629834516,Complete curve required,0.00615240699739
discovery,ck2:A:ASN117::NOS_C::proposal_motif_pair_3,affinity_correlation,-0.0622554571814,-0.11541274918,-0.00909816518317,0.025118861025,14,1,0.0231534447886,-0.0542751837057,-0.0774286284942,-0.154857256988,Complete curve required,0.0826491556306
discovery,ck2:A:ASN117::NOS_C::proposal_motif_pair_3,partial_affinity_correlation,-0.0432358085784,-0.0851208184884,-0.00135079866833,0.0439976823619,14,1,0.0101904236773,-0.0391464183862,-0.0493368420636,-0.0986736841271,Complete curve required,0.786709347911
discovery,ck2:A:ASN117::NOS_C::proposal_motif_pair_3,lag_gain_correlation,5.67722952587e-05,-0.0333846884655,0.0334982330561,0.997129388265,14,1,0.0685004494857,0.0992751982102,0.0307747487244,0.0628056096417,"Undefined genealogical contrasts are omitted with reported quadrature coverage, never treated as zero",0.997129388265
discovery,ck2:A:ASN117::NOS_C::proposal_motif_pair_3,lag_partial_gain_correlation,-0.00856513432149,-0.0440338895197,0.0269036208767,0.610656810626,14,1,0.0944558136249,0.0693188676332,-0.0251369459917,-0.051299889779,"Undefined genealogical contrasts are omitted with reported quadrature coverage, never treated as zero",0.732788172752
discovery,ck2:A:ASN117::NOS_C::proposal_motif_pair_3,native_difference,-0.00509766368379,-0.00838035713466,-0.00181497023292,0.00517258575696,14,1,0,-0.0150849868419,-0.0150849868419,-0.0301699736839,Complete curve required,0.069829907719
discovery,ck2:A:ASN117::NOS_C::proposal_motif_pair_3,lag_controlled_gain_correlation,-0.0266347647421,-0.0520637147189,-0.00120581476528,0.0414154670498,14,1,0.130575791698,0.0453185048727,-0.0852572868254,-0.173994462909,"Undefined genealogical contrasts are omitted with reported quadrature coverage, never treated as zero",0.386819314579
discovery,ck2:A:ASN117::NOS_C::proposal_motif_pair_3,root_balanced_selection_shift,-2.93314574837e-05,-0.000139340036512,8.06771215445e-05,0.574441163661,14,1,0,-0.000356783388859,-0.000356783388859,-0.000713566777718,Complete curve required,0.985262702876
discovery,ck2:A:ASN117::NOS_C::proposal_motif_pair_3,root_balanced_retained_shift,-7.89855720631e-05,-0.00100742603592,0.000849454891796,0.857014054194,14,1,0,-0.000298532377222,-0.000298532377222,-0.000597064754445,Complete curve required,0.998966672469
discovery,ck2:A:ASN117::NOS_C::proposal_motif_pair_3,within_root_affinity_correlation,-0.0574598792194,-0.113491379812,-0.00142837862709,0.0451963115238,14,0.987142857143,,-0.0436340805786,,,"Undefined genealogical contrasts are omitted with reported quadrature coverage, never treated as zero",0.157458117567
discovery,ck2:A:ASN117::NOS_C::proposal_motif_pair_5,population_mean,0.00229513218795,0.00208066657913,0.00250959779677,6.05654039384e-12,14,1,9.2213482591e-10,0.0210860637224,0.0210860628003,0.0421721256006,Complete curve required,8.38597900685e-12
discovery,ck2:A:ASN117::NOS_C::proposal_motif_pair_5,selected_mean,0.00229591551143,0.00207729346692,0.00251453755595,7.69602550052e-12,14,1,9.24689620137e-10,0.0210806198856,0.0210806189609,0.0421612379217,Complete curve required,1.06560353084e-11
discovery,ck2:A:ASN117::NOS_C::proposal_motif_pair_5,selection_shift,7.83323483312e-07,-6.67286154595e-06,8.23950851257e-06,0.823983671518,14,1,2.55479422733e-12,-5.4438368765e-06,-5.44383943129e-06,-1.08876788626e-05,Complete curve required,0.996730627894
discovery,ck2:A:ASN117::NOS_C::proposal_motif_pair_5,retained_shift,2.4808311933e-05,-2.01868259695e-05,6.98034498355e-05,0.254896421334,14,1,-9.90423144591e-11,-1.27906262042e-06,-1.2789635781e-06,-2.5579271562e-06,Complete curve required,0.888604591122
discovery,ck2:A:ASN117::NOS_C::proposal_motif_pair_5,low_enrichment,0.00168761444415,-0.00341936420846,0.00679459309677,0.487909570387,14,1,-0.000812460649298,0.000556766163327,0.00136922681263,0.00273845362525,Complete curve required,0.693345178971
discovery,ck2:A:ASN117::NOS_C::proposal_motif_pair_5,high_enrichment,-0.00471125437272,-0.008990112953,-0.000432395792439,0.0333900194624,14,1,0.00302343001666,-0.00698719238477,-0.0100106224014,-0.0200212448028,Complete curve required,0.0655658563989
discovery,ck2:A:ASN117::NOS_C::proposal_motif_pair_5,affinity_correlation,-0.0519560433407,-0.113566816932,0.00965473025097,0.0915609812279,14,1,0.0255167692131,-0.00447928312778,-0.0299960523409,-0.0599921046818,Complete curve required,0.217191164773
discovery,ck2:A:ASN117::NOS_C::proposal_motif_pair_5,partial_affinity_correlation,-0.0226171106598,-0.0618210981964,0.0165868768767,0.23463313952,14,1,0.0114961737318,-0.0132732695544,-0.0247694432862,-0.0495388865724,Complete curve required,0.786709347911
discovery,ck2:A:ASN117::NOS_C::proposal_motif_pair_5,lag_gain_correlation,0.0114979297613,-0.0200863660812,0.0430822256039,0.445698610943,14,1,0.0726110856756,0.00598005943703,-0.0666310262385,-0.135981686201,"Undefined genealogical contrasts are omitted with reported quadrature coverage, never treated as zero",0.546993749793
discovery,ck2:A:ASN117::NOS_C::proposal_motif_pair_5,lag_partial_gain_correlation,0.006424004357,-0.0235073487566,0.0363553574706,0.650553216676,14,1,0.098352566243,0.00617555893283,-0.0921770073102,-0.188116341449,"Undefined genealogical contrasts are omitted with reported quadrature coverage, never treated as zero",0.763692906532
discovery,ck2:A:ASN117::NOS_C::proposal_motif_pair_5,native_difference,-0.000298989097101,-0.000511992647729,-8.59855464722e-05,0.0096190122326,14,1,0,-0.00175011238947,-0.00175011238947,-0.00350022477895,Complete curve required,0.0868834009226
discovery,ck2:A:ASN117::NOS_C::proposal_motif_pair_5,lag_controlled_gain_correlation,-0.019887137584,-0.0373190728123,-0.00245520235567,0.0284195500278,14,1,0.135352673587,-0.0286380949975,-0.163990768584,-0.334675037927,"Undefined genealogical contrasts are omitted with reported quadrature coverage, never treated as zero",0.318563781322
discovery,ck2:A:ASN117::NOS_C::proposal_motif_pair_5,root_balanced_selection_shift,1.1480134708e-06,-6.08712863714e-06,8.38315557873e-06,0.737236052046,14,1,0,-1.55094058877e-05,-1.55094058877e-05,-3.10188117755e-05,Complete curve required,0.985262702876
discovery,ck2:A:ASN117::NOS_C::proposal_motif_pair_5,root_balanced_retained_shift,1.41882814041e-05,-2.7963843765e-05,5.63404065732e-05,0.48001082065,14,1,0,-2.46264476747e-05,-2.46264476747e-05,-4.92528953494e-05,Complete curve required,0.998966672469
discovery,ck2:A:ASN117::NOS_C::proposal_motif_pair_5,within_root_affinity_correlation,-0.0478524290855,-0.120554989407,0.024850131236,0.178589431821,14,0.97,,-0.0220824990191,,,"Undefined genealogical contrasts are omitted with reported quadrature coverage, never treated as zero",0.393625686462
discovery,ck2:A:ASN117::NOS_C::proposal_motif_shell_2,population_mean,6.94187390266e-10,5.18464094061e-10,8.69910686471e-10,1.0939585276e-06,14,1,2.25904410674e-16,1.11066384193e-08,1.11066381934e-08,2.22132763868e-08,Complete curve required,1.14706331049e-06
discovery,ck2:A:ASN117::NOS_C::proposal_motif_shell_2,selected_mean,6.94524633466e-10,5.18858220419e-10,8.70191046514e-10,1.08411970143e-06,14,1,2.26247009493e-16,1.11283391209e-08,1.11283388946e-08,2.22566777892e-08,Complete curve required,1.1367468714e-06
discovery,ck2:A:ASN117::NOS_C::proposal_motif_shell_2,selection_shift,3.37243200332e-13,-1.90862201286e-12,2.58310841352e-12,0.750792212133,14,1,3.42598819336e-19,2.17007015587e-11,2.17007012161e-11,4.34014024322e-11,Complete curve required,0.996730627894
discovery,ck2:A:ASN117::NOS_C::proposal_motif_shell_2,retained_shift,4.63924831406e-12,-5.27310073808e-12,1.45515973662e-11,0.330413207287,14,1,-9.29350370212e-18,5.65491247227e-11,5.65491340162e-11,1.13098268032e-10,Complete curve required,0.888604591122
discovery,ck2:A:ASN117::NOS_C::proposal_motif_shell_2,low_enrichment,0.00441879328438,0.000195584892029,0.00864200167673,0.0415989708638,14,1,0.000767076151293,-0.0088072690312,-0.0095743451825,-0.019148690365,Complete curve required,0.154920305286
discovery,ck2:A:ASN117::NOS_C::proposal_motif_shell_2,high_enrichment,-0.00978407725145,-0.0141502696695,-0.00541788483344,0.00032223077145,14,1,0.00435009228898,0.00401151105211,-0.000338581236876,-0.000677162473751,Complete curve required,0.00183162754298
discovery,ck2:A:ASN117::NOS_C::proposal_motif_shell_2,lag_gain_correlation,0.0381764990619,-0.000355916345998,0.0767089144699,0.0518556878364,14,0.5,,0.10124581185,,,"Undefined genealogical contrasts are omitted with reported quadrature coverage, never treated as zero",0.106710732466
discovery,ck2:A:ASN117::NOS_C::proposal_motif_shell_2,lag_partial_gain_correlation,0.0299325629159,-0.00703516884332,0.0669002946752,0.103803581399,14,0.48833819242,,0.102418150436,,,"Undefined genealogical contrasts are omitted with reported quadrature coverage, never treated as zero",0.186846446518
discovery,ck2:A:ASN117::NOS_C::proposal_motif_shell_2,native_difference,1.95393618659e-11,-1.5194102034e-10,1.91019744072e-10,0.809399636208,14,1,0,4.08615111535e-10,4.08615111535e-10,8.1723022307e-10,Complete curve required,0.826856255414
discovery,ck2:A:ASN117::NOS_C::proposal_motif_shell_2,lag_controlled_gain_correlation,-0.0283313605515,-0.0533634415631,-0.00329927954001,0.0294826209919,14,0.447521865889,,0.0498983612186,,,"Undefined genealogical contrasts are omitted with reported quadrature coverage, never treated as zero",0.318563781322
discovery,ck2:A:ASN117::NOS_C::proposal_motif_shell_2,root_balanced_selection_shift,2.45391255096e-14,-1.35821719512e-12,1.40729544614e-12,0.969999868451,14,1,0,2.49256737148e-11,2.49256737148e-11,4.98513474296e-11,Complete curve required,0.985262702876
discovery,ck2:A:ASN117::NOS_C::proposal_motif_shell_2,root_balanced_retained_shift,1.38374385402e-12,-8.42087721409e-12,1.11883649221e-11,0.765271309348,14,1,0,6.81451900194e-13,6.81451900194e-13,1.36290380039e-12,Complete curve required,0.998966672469
discovery,ck2:A:ASN117::NOS_C::proposal_motif_shell_2,within_root_affinity_correlation,-0.0926865563842,-0.171101672231,-0.0142714405373,0.0240305290701,14,0.561428571429,,0.045624394014,,,"Undefined genealogical contrasts are omitted with reported quadrature coverage, never treated as zero",0.138743433719
discovery,ck2:A:ASN117::NOS_C::proposal_motif_shell_4,population_mean,1.78519032594e-05,1.46176320873e-05,2.10861744315e-05,2.25428692856e-08,14,1,7.03193667767e-10,0.000193525479955,0.000193524776761,0.000387049553522,Complete curve required,2.50992771427e-08
discovery,ck2:A:ASN117::NOS_C::proposal_motif_shell_4,selected_mean,1.78514431222e-05,1.46155248859e-05,2.10873613584e-05,2.26878192013e-08,14,1,7.03938064901e-10,0.000193867697849,0.000193866993911,0.000387733987822,Complete curve required,2.52606646777e-08
discovery,ck2:A:ASN117::NOS_C::proposal_motif_shell_4,selection_shift,-4.60137252905e-10,-4.59453223482e-08,4.50250478424e-08,0.98289573208,14,1,7.44397134525e-13,3.42217894281e-07,3.42217149884e-07,6.84434299768e-07,Complete curve required,0.996730627894
discovery,ck2:A:ASN117::NOS_C::proposal_motif_shell_4,retained_shift,1.01789459742e-07,-1.28520017556e-07,3.32098937039e-07,0.357090375519,14,1,-2.24550502255e-11,7.54539695529e-07,7.54562150579e-07,1.50912430116e-06,Complete curve required,0.888604591122
discovery,ck2:A:ASN117::NOS_C::proposal_motif_shell_4,low_enrichment,0.00405367201436,-0.000246815870942,0.00835415989966,0.0626143658603,14,1,0.00098670007097,-0.00916421258446,-0.0101509126554,-0.0203018253109,Complete curve required,0.187470448634
discovery,ck2:A:ASN117::NOS_C::proposal_motif_shell_4,high_enrichment,-0.0104647621275,-0.0153135896357,-0.00561593461926,0.000444331699964,14,1,0.00248538552303,0.0042595085161,0.00177412299307,0.00354824598613,Complete curve required,0.00228513445696
discovery,ck2:A:ASN117::NOS_C::proposal_motif_shell_4,affinity_correlation,-0.0746086033929,-0.131530390747,-0.0176868160386,0.0141460329819,14,1,0.0263556733692,0.0704377719235,0.0440820985543,0.0881641971086,Complete curve required,0.0688550808754
discovery,ck2:A:ASN117::NOS_C::proposal_motif_shell_4,partial_affinity_correlation,-0.0232620445218,-0.0697378435525,0.0232137545088,0.299211983539,14,1,0.0324095316099,-0.0531914633709,-0.0856009949808,-0.171201989962,Complete curve required,0.786709347911
discovery,ck2:A:ASN117::NOS_C::proposal_motif_shell_4,lag_gain_correlation,0.0226761843368,-0.00828823407842,0.053640602752,0.137641005041,14,1,0.0686947286211,0.0962716624715,0.0275769338504,0.0562794568375,"Undefined genealogical contrasts are omitted with reported quadrature coverage, never treated as zero",0.196332809023
discovery,ck2:A:ASN117::NOS_C::proposal_motif_shell_4,lag_partial_gain_correlation,0.0211221453918,-0.00949103194638,0.05173532273,0.159929935995,14,1,0.0736178370694,0.100020235511,0.0264023984417,0.0538824457993,"Undefined genealogical contrasts are omitted with reported quadrature coverage, never treated as zero",0.254006368933
discovery,ck2:A:ASN117::NOS_C::proposal_motif_shell_4,native_difference,6.16404613812e-07,-2.54927850617e-06,3.78208773379e-06,0.680877451682,14,1,0,9.22456195517e-06,9.22456195517e-06,1.84491239103e-05,Complete curve required,0.765066179122
discovery,ck2:A:ASN117::NOS_C::proposal_motif_shell_4,lag_controlled_gain_correlation,-0.0243666229226,-0.0452836226638,-0.00344962318128,0.0257661888775,14,1,0.087002293395,0.0431606866568,-0.0438416067381,-0.0894726668125,"Undefined genealogical contrasts are omitted with reported quadrature coverage, never treated as zero",0.318563781322
discovery,ck2:A:ASN117::NOS_C::proposal_motif_shell_4,root_balanced_selection_shift,-6.00317279368e-09,-3.70801650156e-08,2.50738194283e-08,0.683253630503,14,1,0,3.74688017357e-07,3.74688017357e-07,7.49376034714e-07,Complete curve required,0.985262702876
discovery,ck2:A:ASN117::NOS_C::proposal_motif_shell_4,root_balanced_retained_shift,2.06789008803e-08,-1.86654693562e-07,2.28012495323e-07,0.83274506531,14,1,0,1.50006173524e-07,1.50006173524e-07,3.00012347047e-07,Complete curve required,0.998966672469
discovery,ck2:A:ASN117::NOS_C::proposal_motif_shell_4,within_root_affinity_correlation,-0.0699189275373,-0.127664802949,-0.0121730521258,0.0213564993288,14,0.97,,0.0553507260145,,,"Undefined genealogical contrasts are omitted with reported quadrature coverage, never treated as zero",0.138743433719
discovery,ck2:A:ASN117::NOS_C::proposal_motif_shell_6,population_mean,0.011833139576,0.0106826520443,0.0129836271078,1.00248439599e-11,14,1,4.07160651806e-05,0.0703208567366,0.0702801406714,0.140560281343,Complete curve required,1.33664586132e-11
discovery,ck2:A:ASN117::NOS_C::proposal_motif_shell_6,selected_mean,0.0118240337338,0.0106692124993,0.0129788549683,1.06178279565e-11,14,1,4.07433459274e-05,0.0704020109631,0.0703612676172,0.140722535234,Complete curve required,1.4157103942e-11
discovery,ck2:A:ASN117::NOS_C::proposal_motif_shell_6,selection_shift,-9.10584222522e-06,-2.63065038698e-05,8.09481941933e-06,0.273381680571,14,1,2.72807468111e-08,8.11542265587e-05,8.11269458118e-05,0.000162253891624,Complete curve required,0.671027761402
discovery,ck2:A:ASN117::NOS_C::proposal_motif_shell_6,retained_shift,3.4891145701e-05,-8.83073797631e-05,0.000158089671165,0.551194885782,14,1,-8.87171026908e-07,0.000144024311433,0.00014491148246,0.000289822964921,Complete curve required,0.888604591122
discovery,ck2:A:ASN117::NOS_C::proposal_motif_shell_6,low_enrichment,0.00376926979208,-0.000539924706671,0.00807846429082,0.0813060762266,14,1,0.00184602763413,-0.00761817752483,-0.00946420515896,-0.0189284103179,Complete curve required,0.206206573136
discovery,ck2:A:ASN117::NOS_C::proposal_motif_shell_6,high_enrichment,-0.0111210207972,-0.0164851351382,-0.00575690645617,0.000620785476817,14,1,0.00230818065263,0.00133244366341,-0.000975736989217,-0.00195147397843,Complete curve required,0.00291499267375
discovery,ck2:A:ASN117::NOS_C::proposal_motif_shell_6,affinity_correlation,-0.0760589888193,-0.135978518868,-0.01613945877,0.0167839196559,14,1,0.0264821697845,0.0819000136648,0.0554178438803,0.110835687761,Complete curve required,0.0688550808754
discovery,ck2:A:ASN117::NOS_C::proposal_motif_shell_6,partial_affinity_correlation,-0.0234126007494,-0.073373723386,0.0265485218873,0.3298270616,14,1,0.0324786493543,-0.0406985066976,-0.073177156052,-0.146354312104,Complete curve required,0.786709347911
discovery,ck2:A:ASN117::NOS_C::proposal_motif_shell_6,lag_gain_correlation,0.0253205011318,-0.00672193256132,0.057362934825,0.111547992027,14,1,0.0724963055118,0.0913006430523,0.0188043375405,0.0383761990622,"Undefined genealogical contrasts are omitted with reported quadrature coverage, never treated as zero",0.17210261627
discovery,ck2:A:ASN117::NOS_C::proposal_motif_shell_6,lag_partial_gain_correlation,0.0237968708771,-0.00768171360904,0.0552754553632,0.126405547485,14,1,0.0750758218224,0.0967391807393,0.021663358917,0.0442109365652,"Undefined genealogical contrasts are omitted with reported quadrature coverage, never treated as zero",0.213309361382
discovery,ck2:A:ASN117::NOS_C::proposal_motif_shell_6,native_difference,0.000292641712749,-0.000825500364522,0.00141078379002,0.581419395624,14,1,0,0.00288111635784,0.00288111635784,0.00576223271569,Complete curve required,0.705542637387
discovery,ck2:A:ASN117::NOS_C::proposal_motif_shell_6,lag_controlled_gain_correlation,-0.0217571306998,-0.0433505088889,-0.000163752510747,0.0485231408744,14,1,0.0875696081213,0.0370315750844,-0.0505380330369,-0.103138842932,"Undefined genealogical contrasts are omitted with reported quadrature coverage, never treated as zero",0.386819314579
discovery,ck2:A:ASN117::NOS_C::proposal_motif_shell_6,root_balanced_selection_shift,-9.9648315503e-06,-2.46277287999e-05,4.69806569933e-06,0.165832895629,14,1,0,8.55523567127e-05,8.55523567127e-05,0.000171104713425,Complete curve required,0.644382535191
discovery,ck2:A:ASN117::NOS_C::proposal_motif_shell_6,root_balanced_retained_shift,-1.16912713326e-05,-0.000109698065703,8.6315523038e-05,0.800664243916,14,1,0,4.49528149419e-05,4.49528149419e-05,8.99056298837e-05,Complete curve required,0.998966672469
discovery,ck2:A:ASN117::NOS_C::proposal_motif_shell_6,within_root_affinity_correlation,-0.0696390163769,-0.129187348228,-0.0100906845256,0.0252939479708,14,0.987142857143,,0.0634073464659,,,"Undefined genealogical contrasts are omitted with reported quadrature coverage, never treated as zero",0.138743433719
discovery,ck2:A:ASN117::all::motif_centroid_x,population_mean,2.09453406868,2.08912818829,2.09993994908,3.81480569773e-32,14,1,2.33515148233,1.91104951238,-0.424101969949,-0.848203939898,Complete curve required,1.58461159752e-31
discovery,ck2:A:ASN117::all::motif_centroid_x,selected_mean,2.09452855112,2.08908351734,2.09997358489,4.19015870423e-32,14,1,2.33222591981,1.91104635139,-0.421179568424,-0.842359136847,Complete curve required,1.74052746176e-31
discovery,ck2:A:ASN117::all::motif_centroid_x,selection_shift,-5.51756266719e-06,-0.000162993280694,0.000151958155359,0.940815008654,14,1,-0.00292556251993,-3.16099437895e-06,0.00292240152555,0.00584480305109,Complete curve required,0.996730627894
discovery,ck2:A:ASN117::all::motif_centroid_x,retained_shift,0.00227898463703,-2.19822651884e-05,0.00457995153925,0.0519204381707,14,1,0.0620875858794,0.000101237384708,-0.0619863484947,-0.123972696989,Complete curve required,0.888604591122
discovery,ck2:A:ASN117::all::motif_centroid_x,low_enrichment,-0.00518796489607,-0.00857477834486,-0.00180115144727,0.00564600539774,14,1,0.00248320048401,0.00129413066201,-0.001189069822,-0.002378139644,Complete curve required,0.0554335075415
discovery,ck2:A:ASN117::all::motif_centroid_x,high_enrichment,-0.00373356289464,-0.00804094099444,0.000573815205166,0.0837892769248,14,1,-0.00857452171658,-0.00411048202278,0.0044640396938,0.00892807938759,Complete curve required,0.133077086881
discovery,ck2:A:ASN117::all::motif_centroid_x,affinity_correlation,0.0250326774064,-0.0292518183559,0.0793171731687,0.337321348503,14,1,-0.0589054024234,0.0596017055809,0.118507108004,0.237014216009,Complete curve required,0.555556047052
discovery,ck2:A:ASN117::all::motif_centroid_x,partial_affinity_correlation,0.00380364175523,-0.048808250542,0.0564155340525,0.878285356997,14,1,-0.0760534396927,-0.0464859101627,0.02956752953,0.05913505906,Complete curve required,0.945191366722
discovery,ck2:A:ASN117::all::motif_centroid_x,lag_gain_correlation,0.0332942646122,0.00842846964282,0.0581600595815,0.0125843477065,14,1,0.0749939215627,0.0987950681218,0.0238011465591,0.048573768488,"Undefined genealogical contrasts are omitted with reported quadrature coverage, never treated as zero",0.0671388935183
discovery,ck2:A:ASN117::all::motif_centroid_x,lag_partial_gain_correlation,0.0345777977839,0.0101706635045,0.0589849320632,0.00911197968573,14,1,0.0496175097506,0.126080373028,0.0764628632771,0.156046659749,"Undefined genealogical contrasts are omitted with reported quadrature coverage, never treated as zero",0.124632382214
discovery,ck2:A:ASN117::all::motif_centroid_x,native_difference,0.0028861415271,-0.00259099386846,0.00836327692265,0.275501595834,14,1,0,0.00760510971761,0.00760510971761,0.0152102194352,Complete curve required,0.445510661504
discovery,ck2:A:ASN117::all::motif_centroid_x,lag_controlled_gain_correlation,0.00637927182717,-0.0160324292901,0.0287909729445,0.549215314852,14,1,0.0156409708318,0.0600088046814,0.0443678338496,0.0905465996931,"Undefined genealogical contrasts are omitted with reported quadrature coverage, never treated as zero",0.691752475081
discovery,ck2:A:ASN117::all::motif_centroid_x,root_balanced_selection_shift,-3.0137729425e-05,-0.000149761218476,8.94857596259e-05,0.595461942426,14,1,0,1.93661263248e-07,1.93661263248e-07,3.87322526496e-07,Complete curve required,0.985262702876
discovery,ck2:A:ASN117::all::motif_centroid_x,root_balanced_retained_shift,0.00104278141598,-0.000768730043713,0.00285429287568,0.23560679164,14,1,0,-2.62990257949e-05,-2.62990257949e-05,-5.25980515898e-05,Complete curve required,0.998966672469
discovery,ck2:A:ASN117::all::motif_centroid_x,within_root_affinity_correlation,0.000367594485605,-0.0491937306811,0.0499289196523,0.987459052322,14,0.97,,0.0536622742657,,,"Undefined genealogical contrasts are omitted with reported quadrature coverage, never treated as zero",0.996687641596
discovery,ck2:A:ASN117::all::motif_centroid_y,population_mean,-9.41522362025,-9.42724498711,-9.40320225339,4.05493636683e-36,14,1,-9.73861083317,-8.53903226058,1.1995785726,2.39915714519,Complete curve required,2.22213945219e-34
discovery,ck2:A:ASN117::all::motif_centroid_y,selected_mean,-9.41576564412,-9.42778865267,-9.40374263557,4.05910225123e-36,14,1,-9.73633848701,-8.53892960927,1.19740887774,2.39481775547,Complete curve required,2.24310791028e-34
discovery,ck2:A:ASN117::all::motif_centroid_y,selection_shift,-0.00054202387013,-0.000944830048344,-0.000139217691916,0.0122414952463,14,1,0.00227234616832,0.000102651307429,-0.00216969486089,-0.00433938972179,Complete curve required,0.228472663655
discovery,ck2:A:ASN117::all::motif_centroid_y,retained_shift,-0.00198446859347,-0.00614580315195,0.00217686596501,0.321683664398,14,1,0.0506688660656,0.00109669034168,-0.0495721757239,-0.0991443514478,Complete curve required,0.888604591122
discovery,ck2:A:ASN117::all::motif_centroid_y,low_enrichment,0.00435856404981,-0.00175506711923,0.0104721952188,0.147497164878,14,1,-0.00643277369493,-0.00278964805366,0.00364312564127,0.00728625128253,Complete curve required,0.306340265515
discovery,ck2:A:ASN117::all::motif_centroid_y,high_enrichment,-0.0123222693727,-0.0192369025538,-0.00540763619158,0.00200791135005,14,1,0.00340165674775,-0.00694137825546,-0.0103430350032,-0.0206860700064,Complete curve required,0.00657134623653
discovery,ck2:A:ASN117::all::motif_centroid_y,affinity_correlation,-0.131788262008,-0.209717846511,-0.0538586775053,0.00291808582141,14,1,0.0746284551829,-0.0492973194745,-0.123925774657,-0.247851549315,Complete curve required,0.0594132473266
discovery,ck2:A:ASN117::all::motif_centroid_y,partial_affinity_correlation,-0.0636288933483,-0.142649097565,0.0153913108688,0.105538051981,14,1,0.0977082752506,-0.0147123674564,-0.112420642707,-0.224841285414,Complete curve required,0.786709347911
discovery,ck2:A:ASN117::all::motif_centroid_y,lag_gain_correlation,0.0409278927937,0.0179584440069,0.0638973415806,0.00200969164673,14,1,0.153347472548,-0.0104383202665,-0.163785792814,-0.334256720029,"Undefined genealogical contrasts are omitted with reported quadrature coverage, never treated as zero",0.0434093395694
discovery,ck2:A:ASN117::all::motif_centroid_y,lag_partial_gain_correlation,0.025045186695,0.00314717696316,0.0469431964268,0.0280893996436,14,1,0.196907422022,-0.0259275862005,-0.222835008223,-0.454765322903,"Undefined genealogical contrasts are omitted with reported quadrature coverage, never treated as zero",0.125656631233
discovery,ck2:A:ASN117::all::motif_centroid_y,native_difference,-0.00706471637785,-0.0195916866816,0.00546225392589,0.244736052347,14,1,0,-0.00503213571499,-0.00503213571499,-0.01006427143,Complete curve required,0.445510661504
discovery,ck2:A:ASN117::all::motif_centroid_y,lag_controlled_gain_correlation,0.012560641237,-0.00579316561058,0.0309144480845,0.1630982184,14,1,0.21954743892,-0.0386545091888,-0.258201948109,-0.526942751243,"Undefined genealogical contrasts are omitted with reported quadrature coverage, never treated as zero",0.440365189679
discovery,ck2:A:ASN117::all::motif_centroid_y,root_balanced_selection_shift,-0.000324453625467,-0.000637579773934,-1.13274770008e-05,0.0433152759254,14,1,0,7.68486217115e-05,7.68486217115e-05,0.000153697243423,Complete curve required,0.45075924821
discovery,ck2:A:ASN117::all::motif_centroid_y,root_balanced_retained_shift,-0.00192629964546,-0.00556327459844,0.00171067530753,0.27316195422,14,1,0,0.000307438391583,0.000307438391583,0.000614876783166,Complete curve required,0.998966672469
discovery,ck2:A:ASN117::all::motif_centroid_y,within_root_affinity_correlation,-0.0954652119483,-0.181599530391,-0.00933089350545,0.0324230010908,14,0.97,,-0.0684338983313,,,"Undefined genealogical contrasts are omitted with reported quadrature coverage, never treated as zero",0.138743433719
discovery,ck2:A:ASN117::all::motif_centroid_z,population_mean,6.41749724597,6.40462322062,6.43037127133,1.44177476976e-33,14,1,5.88036595044,6.07822534008,0.197859389644,0.395718779287,Complete curve required,1.19778211642e-32
discovery,ck2:A:ASN117::all::motif_centroid_z,selected_mean,6.41761698248,6.40455238389,6.43068158107,1.74483129085e-33,14,1,5.88100722823,6.07738031443,0.1963730862,0.392746172399,Complete curve required,1.32276203014e-32
discovery,ck2:A:ASN117::all::motif_centroid_z,selection_shift,0.000119736506378,-0.000188763637636,0.000428236650392,0.416905711209,14,1,0.000641277792633,-0.000845025651325,-0.00148630344396,-0.00297260688792,Complete curve required,0.763149437467
discovery,ck2:A:ASN117::all::motif_centroid_z,retained_shift,-0.00152525129175,-0.0056074660776,0.00255696349411,0.434080165694,14,1,-0.0385288520877,-0.000409894275735,0.038118957812,0.076237915624,Complete curve required,0.888604591122
discovery,ck2:A:ASN117::all::motif_centroid_z,low_enrichment,-0.00720225789682,-0.0113903881418,-0.00301412765189,0.00259404637076,14,1,-0.000907032825529,0.00964135490263,0.0105483877282,0.0210967754563,Complete curve required,0.0353580331294
discovery,ck2:A:ASN117::all::motif_centroid_z,high_enrichment,-0.000344789357373,-0.00565980032586,0.00497022161111,0.890693538753,14,1,0.00416652718628,-0.0144359557663,-0.0186024829526,-0.0372049659051,Complete curve required,0.916141925574
discovery,ck2:A:ASN117::all::motif_centroid_z,affinity_correlation,0.00142962456261,-0.0661100913198,0.0689693404451,0.964221338345,14,1,0.0149593876118,-0.174629059822,-0.189588447433,-0.379176894867,Complete curve required,0.969609833936
discovery,ck2:A:ASN117::all::motif_centroid_z,partial_affinity_correlation,-0.0396446753995,-0.0991045414528,0.0198151906537,0.173396566804,14,1,-0.0230983036014,0.0318966275134,0.0549949311148,0.10998986223,Complete curve required,0.786709347911
discovery,ck2:A:ASN117::all::motif_centroid_z,lag_gain_correlation,0.00811194035357,-0.0249994245753,0.0412233052824,0.605540005209,14,1,-0.013432919131,-0.0792926217656,-0.0658597026346,-0.134407556397,"Undefined genealogical contrasts are omitted with reported quadrature coverage, never treated as zero",0.710851310462
discovery,ck2:A:ASN117::all::motif_centroid_z,lag_partial_gain_correlation,0.00128532456678,-0.027787105273,0.0303577544065,0.925364529637,14,1,-0.0176583432964,-0.102421630141,-0.0847632868449,-0.172986299684,"Undefined genealogical contrasts are omitted with reported quadrature coverage, never treated as zero",0.996843628471
discovery,ck2:A:ASN117::all::motif_centroid_z,native_difference,-0.0102484999639,-0.022840663634,0.00234366370615,0.102203185239,14,1,0,-0.0325030159972,-0.0325030159972,-0.0650060319944,Complete curve required,0.283024205277
discovery,ck2:A:ASN117::all::motif_centroid_z,lag_controlled_gain_correlation,0.0122884904226,-0.0140684936415,0.0386454744866,0.332202724459,14,1,-0.0505730670729,0.00100434850623,0.0515774155791,0.105260031794,"Undefined genealogical contrasts are omitted with reported quadrature coverage, never treated as zero",0.588162200682
discovery,ck2:A:ASN117::all::motif_centroid_z,root_balanced_selection_shift,0.00012628569897,-7.96072905484e-05,0.000332178688489,0.207965229477,14,1,0,-0.000851079682076,-0.000851079682076,-0.00170215936415,Complete curve required,0.644382535191
discovery,ck2:A:ASN117::all::motif_centroid_z,root_balanced_retained_shift,0.000195720698451,-0.00245669049518,0.00284813189208,0.875793578579,14,1,0,-0.000382759753952,-0.000382759753952,-0.000765519507903,Complete curve required,0.998966672469
discovery,ck2:A:ASN117::all::motif_centroid_z,within_root_affinity_correlation,0.00175974740285,-0.0629803295277,0.0664998243334,0.954066165433,14,0.97,,-0.165376352528,,,"Undefined genealogical contrasts are omitted with reported quadrature coverage, never treated as zero",0.99076101795
discovery,ck2:A:ASN117::all::motif_pair_1_5,population_mean,0.532195785248,0.529707395577,0.534684174919,8.63464107999e-29,14,1,0.640046260295,0.669702670561,0.0296564102663,0.0593128205325,Complete curve required,2.45405588589e-28
discovery,ck2:A:ASN117::all::motif_pair_1_5,selected_mean,0.532197467714,0.529642102857,0.534752832572,1.21945717357e-28,14,1,0.641829931845,0.669509563272,0.0276796314271,0.0553592628543,Complete curve required,3.55949661474e-28
discovery,ck2:A:ASN117::all::motif_pair_1_5,selection_shift,1.68246629376e-06,-8.27749028347e-05,8.61398354222e-05,0.966326460732,14,1,0.00178367155029,-0.000193107288843,-0.00197677883913,-0.00395355767827,Complete curve required,0.996730627894
discovery,ck2:A:ASN117::all::motif_pair_1_5,retained_shift,-0.00091969814438,-0.00287455017435,0.00103515388559,0.327988687114,14,1,-0.0207273581327,-1.00756340147e-06,0.0207263505693,0.0414527011385,Complete curve required,0.888604591122
discovery,ck2:A:ASN117::all::motif_pair_1_5,low_enrichment,-0.00325931657457,-0.00667542759641,0.000156794447262,0.05987306091,14,1,-0.0085615583946,0.00177455298161,0.0103361113762,0.0206722227524,Complete curve required,0.18475115938
discovery,ck2:A:ASN117::all::motif_pair_1_5,high_enrichment,-0.00396373012083,-0.00742077118456,-0.000506689057103,0.027766012071,14,1,0.0030869039996,-0.011851639891,-0.0149385438906,-0.0298770877812,Complete curve required,0.0562195378647
discovery,ck2:A:ASN117::all::motif_pair_1_5,affinity_correlation,-0.0129576847448,-0.0572431111912,0.0313277417016,0.538271873211,14,1,0.0902100303866,-0.108994816942,-0.199204847329,-0.398409694657,Complete curve required,0.703893988045
discovery,ck2:A:ASN117::all::motif_pair_1_5,partial_affinity_correlation,-0.00533026419632,-0.0363126493796,0.025652120987,0.716123453912,14,1,0.0909155040076,-0.069135354907,-0.160050858915,-0.320101717829,Complete curve required,0.917159019516
discovery,ck2:A:ASN117::all::motif_pair_1_5,lag_gain_correlation,-0.0052749382602,-0.0333589910159,0.0228091144955,0.691507342815,14,1,0.0408662895965,-0.0310739269695,-0.071940216566,-0.146816768502,"Undefined genealogical contrasts are omitted with reported quadrature coverage, never treated as zero",0.777945760666
discovery,ck2:A:ASN117::all::motif_pair_1_5,lag_partial_gain_correlation,-0.00619798781223,-0.0341684634584,0.021772487834,0.640091362612,14,1,0.0916770598003,-0.0426905861369,-0.134367645937,-0.274219685586,"Undefined genealogical contrasts are omitted with reported quadrature coverage, never treated as zero",0.759668869913
discovery,ck2:A:ASN117::all::motif_pair_1_5,native_difference,0.00111308194393,-0.00132121411346,0.00354737800132,0.341266590783,14,1,0,0.00268847759618,0.00268847759618,0.00537695519237,Complete curve required,0.504784214133
discovery,ck2:A:ASN117::all::motif_pair_1_5,lag_controlled_gain_correlation,-0.0172400144134,-0.0409592962995,0.00647926747275,0.140372831838,14,1,0.0256067699806,0.0231969722622,-0.00240979771839,-0.00491795452732,"Undefined genealogical contrasts are omitted with reported quadrature coverage, never treated as zero",0.431203565412
discovery,ck2:A:ASN117::all::motif_pair_1_5,root_balanced_selection_shift,-3.58831222547e-05,-0.000102945039032,3.11787945224e-05,0.268501331466,14,1,0,-0.000182853625426,-0.000182853625426,-0.000365707250852,Complete curve required,0.70641461664
discovery,ck2:A:ASN117::all::motif_pair_1_5,root_balanced_retained_shift,-0.000303819943383,-0.00155440364641,0.000946763759642,0.608525292917,14,1,0,-4.68209284491e-05,-4.68209284491e-05,-9.36418568981e-05,Complete curve required,0.998966672469
discovery,ck2:A:ASN117::all::motif_pair_1_5,within_root_affinity_correlation,-0.0269122904006,-0.0709921536899,0.0171675728887,0.209938013989,14,0.97,,-0.103507303963,,,"Undefined genealogical contrasts are omitted with reported quadrature coverage, never treated as zero",0.425941659789
discovery,ck2:A:ASN117::all::motif_pair_3,population_mean,0.0858542260883,0.0832520314147,0.0884564207619,3.03512330231e-18,14,1,0.400093633731,0.27959156788,-0.120502065851,-0.241004131701,Complete curve required,5.95987848454e-18
discovery,ck2:A:ASN117::all::motif_pair_3,selected_mean,0.0858063683236,0.0832041089025,0.0884086277447,3.05813752642e-18,14,1,0.398930879931,0.279560851483,-0.119370028448,-0.238740056896,Complete curve required,6.00507005188e-18
discovery,ck2:A:ASN117::all::motif_pair_3,selection_shift,-4.78577646674e-05,-0.000133011272337,3.72957430023e-05,0.246281160604,14,1,-0.00116275379997,-3.07163973614e-05,0.00113203740261,0.00226407480522,Complete curve required,0.664959133632
discovery,ck2:A:ASN117::all::motif_pair_3,retained_shift,4.32174907105e-05,-0.00122169830748,0.0013081332889,0.942283796778,14,1,0.0149670033163,-4.37910654756e-05,-0.0150107943818,-0.0300215887635,Complete curve required,0.961328658763
discovery,ck2:A:ASN117::all::motif_pair_3,low_enrichment,-0.00137082229107,-0.00576321212079,0.00302156753864,0.511976676139,14,1,0.000926312177911,-0.0024101068043,-0.00333641898221,-0.00667283796442,Complete curve required,0.699917481304
discovery,ck2:A:ASN117::all::motif_pair_3,high_enrichment,-0.00641064294407,-0.0097483542929,-0.00307293159524,0.00114259748537,14,1,-0.00605051306426,-0.00677580545934,-0.000725292395081,-0.00145058479016,Complete curve required,0.00476296012834
discovery,ck2:A:ASN117::all::motif_pair_3,affinity_correlation,-0.0482390634605,-0.108463686872,0.0119855599509,0.107205467931,14,1,-0.0543628690045,-0.00814605008706,0.0462168189174,0.0924336378349,Complete curve required,0.232658675085
discovery,ck2:A:ASN117::all::motif_pair_3,partial_affinity_correlation,-0.0176499342632,-0.0598104977178,0.0245106291914,0.382233668856,14,1,-0.0461911995614,-0.00384863650196,0.0423425630594,0.0846851261189,Complete curve required,0.786709347911
discovery,ck2:A:ASN117::all::motif_pair_3,lag_gain_correlation,0.0262438104534,-0.00793673264948,0.0604243535562,0.121088838415,14,1,-0.0527707377835,0.0679881423725,0.120758880156,0.246446694196,"Undefined genealogical contrasts are omitted with reported quadrature coverage, never treated as zero",0.181633257623
discovery,ck2:A:ASN117::all::motif_pair_3,lag_partial_gain_correlation,0.0175019561515,-0.0200701580259,0.055074070329,0.332612370451,14,1,-0.0813764354496,0.0595055289925,0.140881964442,0.287514213147,"Undefined genealogical contrasts are omitted with reported quadrature coverage, never treated as zero",0.46054020524
discovery,ck2:A:ASN117::all::motif_pair_3,native_difference,-0.00244352872023,-0.00506175523866,0.000174697798209,0.0649246293879,14,1,0,-0.00511917492068,-0.00511917492068,-0.0102383498414,Complete curve required,0.241788274962
discovery,ck2:A:ASN117::all::motif_pair_3,lag_controlled_gain_correlation,-0.00503250777026,-0.03027869163,0.0202136760895,0.673782458052,14,1,-0.0190678556818,0.0763681447347,0.0954360004166,0.194767347789,"Undefined genealogical contrasts are omitted with reported quadrature coverage, never treated as zero",0.774133036911
discovery,ck2:A:ASN117::all::motif_pair_3,root_balanced_selection_shift,5.98947235021e-06,-5.45491448441e-05,6.65280895445e-05,0.834066290527,14,1,0,-2.52071560222e-05,-2.52071560222e-05,-5.04143120444e-05,Complete curve required,0.985262702876
discovery,ck2:A:ASN117::all::motif_pair_3,root_balanced_retained_shift,0.000180382161966,-0.000376822807966,0.000737587131898,0.496645061421,14,1,0,-6.23125061608e-05,-6.23125061608e-05,-0.000124625012322,Complete curve required,0.998966672469
discovery,ck2:A:ASN117::all::motif_pair_3,within_root_affinity_correlation,-0.0295802927667,-0.09731745893,0.0381568733966,0.362671825774,14,0.97,,-0.0302564967924,,,"Undefined genealogical contrasts are omitted with reported quadrature coverage, never treated as zero",0.59346298763
discovery,ck2:A:ASN117::all::motif_pair_5,population_mean,0.00193157106499,0.0017960010704,0.00206714105957,1.56233450412e-13,14,1,0.0262937650415,0.0163780386647,-0.00991572637676,-0.0198314527535,Complete curve required,2.44539313688e-13
discovery,ck2:A:ASN117::all::motif_pair_5,selected_mean,0.00192634098711,0.0017885809946,0.00206410097963,1.98698351819e-13,14,1,0.0257594918942,0.0163894830927,-0.0093700088015,-0.018740017603,Complete curve required,3.11006115891e-13
discovery,ck2:A:ASN117::all::motif_pair_5,selection_shift,-5.23007787495e-06,-1.3023724142e-05,2.56356839215e-06,0.17082023943,14,1,-0.000534273147263,1.14444279973e-05,0.00054571757526,0.00109143515052,Complete curve required,0.559048056316
discovery,ck2:A:ASN117::all::motif_pair_5,retained_shift,8.27541417127e-05,-0.00017660999312,0.000342118276545,0.502753495971,14,1,0.00762571109371,3.50872596736e-05,-0.00759062383404,-0.0151812476681,Complete curve required,0.888604591122
discovery,ck2:A:ASN117::all::motif_pair_5,low_enrichment,-0.00175590278166,-0.00772851576989,0.00421671020656,0.53636182304,14,1,0.00152008981098,-0.00450103900475,-0.00602112881573,-0.0120422576315,Complete curve required,0.719029774111
discovery,ck2:A:ASN117::all::motif_pair_5,high_enrichment,-0.00630995552088,-0.0106366452161,-0.00198326582568,0.00766222869303,14,1,-0.00764541220776,-0.00413386858216,0.0035115436256,0.0070230872512,Complete curve required,0.0201834316792
discovery,ck2:A:ASN117::all::motif_pair_5,affinity_correlation,-0.0486778588006,-0.125406627303,0.0280509097014,0.193710844225,14,1,-0.0968492194518,0.0267619110289,0.123611130481,0.247222260961,Complete curve required,0.356809691301
discovery,ck2:A:ASN117::all::motif_pair_5,partial_affinity_correlation,-0.00465232280996,-0.0673036324064,0.0579989867865,0.875013598218,14,1,-0.0777652943442,-0.0443262832514,0.0334390110928,0.0668780221856,Complete curve required,0.945191366722
discovery,ck2:A:ASN117::all::motif_pair_5,lag_gain_correlation,0.0226022982361,-0.00830560134486,0.053510197817,0.138160124868,14,1,-0.0603050226792,0.118661222343,0.178966245022,0.36523723474,"Undefined genealogical contrasts are omitted with reported quadrature coverage, never treated as zero",0.196332809023
discovery,ck2:A:ASN117::all::motif_pair_5,lag_partial_gain_correlation,0.0106382068755,-0.0243764736991,0.04565288745,0.5230375341,14,1,-0.120807246244,0.128371232522,0.249178478766,0.508527507686,"Undefined genealogical contrasts are omitted with reported quadrature coverage, never treated as zero",0.664565337445
discovery,ck2:A:ASN117::all::motif_pair_5,native_difference,-0.000266025981739,-0.000382694850926,-0.000149357112553,0.000276975288539,14,1,0,-0.0022319315655,-0.0022319315655,-0.004463863131,Complete curve required,0.0135483271888
discovery,ck2:A:ASN117::all::motif_pair_5,lag_controlled_gain_correlation,-0.00740733857193,-0.0378541703139,0.0230394931701,0.608021439978,14,1,-0.0564290366179,0.0692729233788,0.125701959997,0.256534612238,"Undefined genealogical contrasts are omitted with reported quadrature coverage, never treated as zero",0.739768672311
discovery,ck2:A:ASN117::all::motif_pair_5,root_balanced_selection_shift,7.81209611962e-07,-3.37481526734e-06,4.93723449127e-06,0.691285063509,14,1,0,6.59481151539e-06,6.59481151539e-06,1.31896230308e-05,Complete curve required,0.985262702876
discovery,ck2:A:ASN117::all::motif_pair_5,root_balanced_retained_shift,5.69416775937e-06,-1.00805198266e-05,2.14688553453e-05,0.449458994201,14,1,0,2.61459378509e-05,2.61459378509e-05,5.22918757018e-05,Complete curve required,0.998966672469
discovery,ck2:A:ASN117::all::motif_pair_5,within_root_affinity_correlation,-0.0238757113075,-0.103509444003,0.0557580213876,0.528440058691,14,0.97,,0.0143718588637,,,"Undefined genealogical contrasts are omitted with reported quadrature coverage, never treated as zero",0.692324313688
discovery,ck2:A:ASN117::all::motif_shell_2,population_mean,6.61625705989e-10,4.15008944723e-10,9.08242467254e-10,6.21777917934e-05,14,1,1.59669712846e-08,8.03953950907e-09,-7.92743177551e-09,-1.5854863551e-08,Complete curve required,6.33509576763e-05
discovery,ck2:A:ASN117::all::motif_shell_2,selected_mean,6.69166445991e-10,4.10286007881e-10,9.28046884102e-10,8.85754531593e-05,14,1,1.66873542909e-08,8.05981149581e-09,-8.62754279508e-09,-1.72550855902e-08,Complete curve required,9.02466881246e-05
discovery,ck2:A:ASN117::all::motif_shell_2,selection_shift,7.54074000276e-12,-7.34134784351e-12,2.2422827849e-11,0.29353447448,14,1,7.20383006318e-10,2.02719867458e-11,-7.00111019573e-10,-1.40022203915e-09,Complete curve required,0.691330795586
discovery,ck2:A:ASN117::all::motif_shell_2,retained_shift,-1.54133950825e-10,-3.51766603271e-10,4.34987016203e-11,0.115853241269,14,1,-1.57469962431e-08,5.5239208043e-11,1.58022354512e-08,3.16044709023e-08,Complete curve required,0.888604591122
discovery,ck2:A:ASN117::all::motif_shell_2,low_enrichment,0.00364839224311,-0.000976074047211,0.00827285853342,0.112076517855,14,1,-0.0120693655506,-0.0130742632361,-0.00100489768553,-0.00200979537105,Complete curve required,0.259641821418
discovery,ck2:A:ASN117::all::motif_shell_2,high_enrichment,-0.00986156289462,-0.0138941403515,-0.00582898543778,0.000148122459057,14,1,0.00699127609662,0.00169187409505,-0.00529940200156,-0.0105988040031,Complete curve required,0.00131359045037
discovery,ck2:A:ASN117::all::motif_shell_2,lag_gain_correlation,0.049282467469,0.0112205827698,0.0873443521682,0.0151092750805,14,0.486880466472,-0.106996966475,0.0963764940032,0.203373460478,0.415047878527,"Undefined genealogical contrasts are omitted with reported quadrature coverage, never treated as zero",0.0671388935183
discovery,ck2:A:ASN117::all::motif_shell_2,lag_partial_gain_correlation,0.0390528797669,0.00643461764827,0.0716711418855,0.0225747733374,14,0.479591836735,-0.0964810963097,0.103784252329,0.200265348639,0.40870479314,"Undefined genealogical contrasts are omitted with reported quadrature coverage, never treated as zero",0.124632382214
discovery,ck2:A:ASN117::all::motif_shell_2,native_difference,1.23182998604e-11,-1.11381338878e-10,1.36017938599e-10,0.833000701429,14,1,0,1.84216908017e-10,1.84216908017e-10,3.68433816034e-10,Complete curve required,0.833000701429
discovery,ck2:A:ASN117::all::motif_shell_2,lag_controlled_gain_correlation,-0.0131243015784,-0.038702259038,0.0124536558811,0.287730360755,14,0.428571428571,-0.0850046659195,0.0522683654846,0.137273031404,0.280149043682,"Undefined genealogical contrasts are omitted with reported quadrature coverage, never treated as zero",0.57546072151
discovery,ck2:A:ASN117::all::motif_shell_2,root_balanced_selection_shift,1.16245979477e-13,-7.32404579316e-13,9.64896538269e-13,0.771963933888,14,1,0,2.22785477044e-11,2.22785477044e-11,4.45570954088e-11,Complete curve required,0.985262702876
discovery,ck2:A:ASN117::all::motif_shell_2,root_balanced_retained_shift,1.11825944022e-12,-6.48944674621e-12,8.72596562664e-12,0.755866612247,14,1,0,1.07524889481e-11,1.07524889481e-11,2.15049778962e-11,Complete curve required,0.998966672469
discovery,ck2:A:ASN117::all::motif_shell_2,within_root_affinity_correlation,-0.0967357898134,-0.174821863849,-0.0186497157778,0.0190330757779,14,0.53,,0.059477609471,,,"Undefined genealogical contrasts are omitted with reported quadrature coverage, never treated as zero",0.138743433719
discovery,ck2:A:ASN117::all::motif_shell_4,population_mean,1.47664646112e-05,1.21622863933e-05,1.7370642829e-05,1.63134908583e-08,14,1,4.37088346089e-05,0.000156361693219,0.00011265285861,0.00022530571722,Complete curve required,1.83526772156e-08
discovery,ck2:A:ASN117::all::motif_shell_4,selected_mean,1.47786037243e-05,1.21651315053e-05,1.73920759433e-05,1.68603212262e-08,14,1,4.47085998649e-05,0.000156710854593,0.000112002254729,0.000224004509457,Complete curve required,1.89678613794e-08
discovery,ck2:A:ASN117::all::motif_shell_4,selection_shift,1.21391131387e-08,-3.68581938415e-08,6.1136420119e-08,0.601525281928,14,1,9.99765256062e-07,3.49161374673e-07,-6.50603881389e-07,-1.30120776278e-06,Complete curve required,0.976836482904
discovery,ck2:A:ASN117::all::motif_shell_4,retained_shift,-2.61276567689e-07,-5.94192000254e-07,7.16388648751e-08,0.11378532972,14,1,-3.46286230994e-05,7.82655350161e-07,3.54112784496e-05,7.08225568992e-05,Complete curve required,0.888604591122
discovery,ck2:A:ASN117::all::motif_shell_4,low_enrichment,0.00345590454377,-0.00111713885353,0.00802894794107,0.12652373613,14,1,-0.0116151400866,-0.012830188129,-0.00121504804244,-0.00243009608487,Complete curve required,0.278868642899
discovery,ck2:A:ASN117::all::motif_shell_4,high_enrichment,-0.0106246492897,-0.0149928694211,-0.00625642915832,0.000155623006981,14,1,0.00610329747916,0.00255684054263,-0.00354645693653,-0.00709291387306,Complete curve required,0.00131359045037
discovery,ck2:A:ASN117::all::motif_shell_4,affinity_correlation,-0.0756933833976,-0.133076891382,-0.0183098754135,0.0136648966955,14,1,0.0388676890307,0.0792692102695,0.0404015212388,0.0808030424776,Complete curve required,0.0688550808754
discovery,ck2:A:ASN117::all::motif_shell_4,partial_affinity_correlation,-0.0230258566991,-0.0733988529834,0.0273471395853,0.341412180306,14,1,0.049948144576,-0.0455019908348,-0.0954501354108,-0.190900270822,Complete curve required,0.786709347911
discovery,ck2:A:ASN117::all::motif_shell_4,lag_gain_correlation,0.0286406383252,-0.00178917728868,0.0590704539392,0.0629571343001,14,1,-0.0988002728361,0.08935689412,0.188157166956,0.383994218278,"Undefined genealogical contrasts are omitted with reported quadrature coverage, never treated as zero",0.11332284174
discovery,ck2:A:ASN117::all::motif_shell_4,lag_partial_gain_correlation,0.026758715874,-0.00187455110085,0.0553919828489,0.0646091185728,14,1,-0.0818117667616,0.100573607044,0.182385373805,0.372215048582,"Undefined genealogical contrasts are omitted with reported quadrature coverage, never treated as zero",0.129218237146
discovery,ck2:A:ASN117::all::motif_shell_4,native_difference,4.43395632388e-07,-2.09366269573e-06,2.98045396051e-06,0.711847988731,14,1,0,5.77035364789e-06,5.77035364789e-06,1.15407072958e-05,Complete curve required,0.768795827829
discovery,ck2:A:ASN117::all::motif_shell_4,lag_controlled_gain_correlation,-0.0138145736976,-0.032722108559,0.00509296116386,0.138477186113,14,1,-0.0712252414664,0.0445679867233,0.11579322819,0.236312710591,"Undefined genealogical contrasts are omitted with reported quadrature coverage, never treated as zero",0.431203565412
discovery,ck2:A:ASN117::all::motif_shell_4,root_balanced_selection_shift,-2.26713173406e-09,-2.29931337537e-08,1.84588702855e-08,0.816871730049,14,1,0,3.70095959404e-07,3.70095959404e-07,7.40191918808e-07,Complete curve required,0.985262702876
discovery,ck2:A:ASN117::all::motif_shell_4,root_balanced_retained_shift,2.15043094609e-08,-1.50839137791e-07,1.93847756713e-07,0.791728582642,14,1,0,2.42798045887e-07,2.42798045887e-07,4.85596091774e-07,Complete curve required,0.998966672469
discovery,ck2:A:ASN117::all::motif_shell_4,within_root_affinity_correlation,-0.0690668217337,-0.127541828419,-0.010591815049,0.0241156030147,14,0.97,,0.0707845683285,,,"Undefined genealogical contrasts are omitted with reported quadrature coverage, never treated as zero",0.138743433719
discovery,ck2:A:ASN117::all::motif_shell_6,population_mean,0.0105894781689,0.00956626233733,0.0116126940004,9.26722624764e-12,14,1,0.0112706371941,0.0632536902508,0.0519830530566,0.103966106113,Complete curve required,1.25107554343e-11
discovery,ck2:A:ASN117::all::motif_shell_6,selected_mean,0.0105843062233,0.00955753082809,0.0116110816184,9.7450320597e-12,14,1,0.0113837166042,0.0633444266536,0.0519607100494,0.103921420099,Complete curve required,1.31557932806e-11
discovery,ck2:A:ASN117::all::motif_shell_6,selection_shift,-5.1719456207e-06,-1.97939483419e-05,9.45005710051e-06,0.458427611799,14,1,0.000113079410046,9.0736402818e-05,-2.23430072275e-05,-4.46860144551e-05,Complete curve required,0.811642329086
discovery,ck2:A:ASN117::all::motif_shell_6,retained_shift,2.26975189231e-05,-8.42273509506e-05,0.000129622388797,0.654099053996,14,1,-0.00152162414382,0.0001664633644,0.00168808750822,0.00337617501645,Complete curve required,0.888604591122
discovery,ck2:A:ASN117::all::motif_shell_6,low_enrichment,0.00301521372781,-0.00154001904039,0.00757044649602,0.176309781037,14,1,-0.0116729752933,-0.0121011541979,-0.000428178904571,-0.000856357809143,Complete curve required,0.346208297309
discovery,ck2:A:ASN117::all::motif_shell_6,high_enrichment,-0.0117507959895,-0.0169914209597,-0.0065101710193,0.000320519223953,14,1,0.00270218510972,0.00214074063598,-0.000561444473747,-0.00112288894749,Complete curve required,0.00183162754298
discovery,ck2:A:ASN117::all::motif_shell_6,affinity_correlation,-0.0753550173542,-0.135489231224,-0.0152208034841,0.017946267823,14,1,0.0514545372959,0.0921388301275,0.0406842928316,0.0813685856631,Complete curve required,0.0688550808754
discovery,ck2:A:ASN117::all::motif_shell_6,partial_affinity_correlation,-0.019695494587,-0.0737369771747,0.0343459880006,0.445195670961,14,1,0.0717201970316,-0.0328412967128,-0.104561493744,-0.209122987489,Complete curve required,0.786709347911
discovery,ck2:A:ASN117::all::motif_shell_6,lag_gain_correlation,0.030470225572,-0.000950490150381,0.0618909412945,0.0563195532459,14,1,-0.0494549652296,0.0759732005556,0.125428165785,0.255975848541,"Undefined genealogical contrasts are omitted with reported quadrature coverage, never treated as zero",0.106710732466
discovery,ck2:A:ASN117::all::motif_shell_6,lag_partial_gain_correlation,0.0294210271795,5.96194442199e-05,0.0587824349147,0.0496004825507,14,1,-0.0133570273934,0.0904714174656,0.103828444859,0.211894785426,"Undefined genealogical contrasts are omitted with reported quadrature coverage, never treated as zero",0.129218237146
discovery,ck2:A:ASN117::all::motif_shell_6,native_difference,0.000230195121001,-0.000765320350613,0.00122571059261,0.625741986803,14,1,0,0.00217858854615,0.00217858854615,0.00435717709229,Complete curve required,0.731225123319
discovery,ck2:A:ASN117::all::motif_shell_6,lag_controlled_gain_correlation,-0.0112891166266,-0.03140550487,0.00882727161677,0.246941536631,14,1,0.0118460467534,0.0276155286227,0.0157694818693,0.0321826160598,"Undefined genealogical contrasts are omitted with reported quadrature coverage, never treated as zero",0.558328506302
discovery,ck2:A:ASN117::all::motif_shell_6,root_balanced_selection_shift,-7.20894622622e-06,-1.82694251074e-05,3.85153265498e-06,0.182571653395,14,1,0,9.34915660426e-05,9.34915660426e-05,0.000186983132085,Complete curve required,0.644382535191
discovery,ck2:A:ASN117::all::motif_shell_6,root_balanced_retained_shift,-2.77297963043e-06,-8.74444118561e-05,8.18984525953e-05,0.944672118076,14,1,0,6.86345707004e-05,6.86345707004e-05,0.000137269141401,Complete curve required,0.998966672469
discovery,ck2:A:ASN117::all::motif_shell_6,within_root_affinity_correlation,-0.0689810191876,-0.130197047229,-0.00776499114575,0.0300813675516,14,0.97,,0.0810593992444,,,"Undefined genealogical contrasts are omitted with reported quadrature coverage, never treated as zero",0.138743433719
discovery,ck2:A:ASN117::all::proposal_motif_centroid_x,population_mean,2.08650589027,2.08091418215,2.09209759839,6.22250099315e-32,14,1,2.2808127393,1.90332053875,-0.377492200553,-0.754984401107,Complete curve required,2.31734519745e-31
discovery,ck2:A:ASN117::all::proposal_motif_centroid_x,selected_mean,2.0865071457,2.08084274906,2.09217154233,7.36002528183e-32,14,1,2.28072169206,1.90329854662,-0.377423145441,-0.754846290881,Complete curve required,2.83886689442e-31
discovery,ck2:A:ASN117::all::proposal_motif_centroid_x,selection_shift,1.25542834817e-06,-0.000168585883579,0.000171096740275,0.987501640599,14,1,-9.10472429944e-05,-2.19921301897e-05,6.90551128048e-05,0.00013811022561,Complete curve required,0.996730627894
discovery,ck2:A:ASN117::all::proposal_motif_centroid_x,retained_shift,0.00167184583883,-0.000599217401409,0.00394290907906,0.135768607866,14,1,-8.90194075207e-05,0.000195194540491,0.000284213948012,0.000568427896024,Complete curve required,0.888604591122
discovery,ck2:A:ASN117::all::proposal_motif_centroid_x,low_enrichment,-0.00371313518731,-0.00723806496814,-0.00018820540647,0.0404384178628,14,1,0.00174385263072,-0.00203194465908,-0.00377579728979,-0.00755159457958,Complete curve required,0.154920305286
discovery,ck2:A:ASN117::all::proposal_motif_centroid_x,high_enrichment,-0.00300527735057,-0.00760016942431,0.00158961472318,0.181153755735,14,1,-0.0026866455545,-0.00128551745315,0.00140112810136,0.00280225620271,Complete curve required,0.250828277171
discovery,ck2:A:ASN117::all::proposal_motif_centroid_x,affinity_correlation,0.0222598119266,-0.036315497175,0.0808351210281,0.426454666097,14,1,-0.0244563755604,0.0557322595822,0.0801886351426,0.160377270285,Complete curve required,0.647175070494
discovery,ck2:A:ASN117::all::proposal_motif_centroid_x,partial_affinity_correlation,0.0104413342497,-0.0393642356885,0.0602469041879,0.658084418039,14,1,-0.0529193368383,-0.00916893996224,0.0437503968761,0.0875007937522,Complete curve required,0.871748190129
discovery,ck2:A:ASN117::all::proposal_motif_centroid_x,lag_gain_correlation,0.0306821210488,0.0052275519097,0.0561366901878,0.0218379661668,14,1,-0.0169343631536,0.0960075028165,0.11294186597,0.230493604021,"Undefined genealogical contrasts are omitted with reported quadrature coverage, never treated as zero",0.0737031358128
discovery,ck2:A:ASN117::all::proposal_motif_centroid_x,lag_partial_gain_correlation,0.0339426230777,0.00951498635112,0.0583702598043,0.0102021521617,14,1,-0.046454000555,0.119057671144,0.165511671699,0.337778921835,"Undefined genealogical contrasts are omitted with reported quadrature coverage, never treated as zero",0.124632382214
discovery,ck2:A:ASN117::all::proposal_motif_centroid_x,native_difference,0.00297553737974,-0.0026813891436,0.00863246390309,0.276323864532,14,1,0,0.00758544138369,0.00758544138369,0.0151708827674,Complete curve required,0.445510661504
discovery,ck2:A:ASN117::all::proposal_motif_centroid_x,lag_controlled_gain_correlation,0.0115745916085,-0.00555067383582,0.0286998570528,0.167991999585,14,1,-0.0101604053924,0.0708455190012,0.0810059243935,0.165318213048,"Undefined genealogical contrasts are omitted with reported quadrature coverage, never treated as zero",0.442515511101
discovery,ck2:A:ASN117::all::proposal_motif_centroid_x,root_balanced_selection_shift,-4.60449277673e-05,-0.000181651081645,8.95612261099e-05,0.476244013963,14,1,0,-2.01770867022e-05,-2.01770867022e-05,-4.03541734045e-05,Complete curve required,0.919100785324
discovery,ck2:A:ASN117::all::proposal_motif_centroid_x,root_balanced_retained_shift,0.000986918798082,-0.000947275179064,0.00292111277523,0.290310514083,14,1,0,0.000103204765933,0.000103204765933,0.000206409531867,Complete curve required,0.998966672469
discovery,ck2:A:ASN117::all::proposal_motif_centroid_x,within_root_affinity_correlation,0.000668578434697,-0.0509613329132,0.0522984897826,0.978106546445,14,0.987142857143,,0.0479866194351,,,"Undefined genealogical contrasts are omitted with reported quadrature coverage, never treated as zero",0.996687641596
discovery,ck2:A:ASN117::all::proposal_motif_centroid_y,population_mean,-9.38557425,-9.39806258801,-9.37308591199,6.93346931719e-36,14,1,-10.2470156547,-8.50185879974,1.74515685499,3.49031370997,Complete curve required,2.22213945219e-34
discovery,ck2:A:ASN117::all::proposal_motif_centroid_y,selected_mean,-9.38619217844,-9.39870060186,-9.37368375502,7.07378637253e-36,14,1,-10.2471569247,-8.50180060254,1.74535632214,3.49071264428,Complete curve required,2.24310791028e-34
discovery,ck2:A:ASN117::all::proposal_motif_centroid_y,selection_shift,-0.000617928441263,-0.00103930615671,-0.000196550725814,0.00740936728258,14,1,-0.000141269955504,5.81971994082e-05,0.000199467154912,0.000398934309824,Complete curve required,0.228472663655
discovery,ck2:A:ASN117::all::proposal_motif_centroid_y,retained_shift,-0.00273890278984,-0.00694029857886,0.00146249299918,0.182491641777,14,1,-0.00293450266068,0.00116881863639,0.00410332129708,0.00820664259415,Complete curve required,0.888604591122
discovery,ck2:A:ASN117::all::proposal_motif_centroid_y,low_enrichment,0.00542002301053,-0.000516849841231,0.0113568958623,0.070233349634,14,1,0.00364602734956,-0.000307823847524,-0.00395385119709,-0.00790770239418,Complete curve required,0.187470448634
discovery,ck2:A:ASN117::all::proposal_motif_centroid_y,high_enrichment,-0.0130247307779,-0.0198799332795,-0.00616952827618,0.00124227001993,14,1,-0.00179689500117,-0.00630385130948,-0.00450695630831,-0.00901391261662,Complete curve required,0.00479161293402
discovery,ck2:A:ASN117::all::proposal_motif_centroid_y,affinity_correlation,-0.13712083187,-0.21372716266,-0.0605145010789,0.00194413446302,14,1,-0.0380612623463,-0.0510971709457,-0.0130359085994,-0.0260718171988,Complete curve required,0.0594132473266
discovery,ck2:A:ASN117::all::proposal_motif_centroid_y,partial_affinity_correlation,-0.0699248973983,-0.143883451108,0.00403365631101,0.06192327852,14,1,-0.0480017345946,-0.0468332362348,0.00116849835972,0.00233699671944,Complete curve required,0.786709347911
discovery,ck2:A:ASN117::all::proposal_motif_centroid_y,lag_gain_correlation,0.0324933655831,0.00765377148686,0.0573329596793,0.0142986988243,14,1,0.0892853362746,0.00366150397385,-0.0856238323008,-0.1747425149,"Undefined genealogical contrasts are omitted with reported quadrature coverage, never treated as zero",0.0671388935183
discovery,ck2:A:ASN117::all::proposal_motif_centroid_y,lag_partial_gain_correlation,0.0160379406704,-0.00941547070523,0.041491352046,0.196570999868,14,1,0.0641424481108,-0.0102892161953,-0.0744316643061,-0.151901355727,"Undefined genealogical contrasts are omitted with reported quadrature coverage, never treated as zero",0.299009408251
discovery,ck2:A:ASN117::all::proposal_motif_centroid_y,native_difference,-0.0064743521884,-0.0195417616866,0.00659305730981,0.303923066325,14,1,0,-0.00353184675513,-0.00353184675513,-0.00706369351027,Complete curve required,0.462305509339
discovery,ck2:A:ASN117::all::proposal_motif_centroid_y,lag_controlled_gain_correlation,-5.68478409358e-06,-0.0198651000611,0.0198537304929,0.999515970558,14,1,0.0955799372542,-0.00637544434063,-0.101955381595,-0.208072207336,"Undefined genealogical contrasts are omitted with reported quadrature coverage, never treated as zero",0.999515970558
discovery,ck2:A:ASN117::all::proposal_motif_centroid_y,root_balanced_selection_shift,-0.000352961240769,-0.00069847838497,-7.44409656719e-06,0.0459106641695,14,1,0,3.98316792352e-05,3.98316792352e-05,7.96633584704e-05,Complete curve required,0.45075924821
discovery,ck2:A:ASN117::all::proposal_motif_centroid_y,root_balanced_retained_shift,-0.00214933825422,-0.00604993741336,0.00175126090493,0.25516486059,14,1,0,0.000381518653144,0.000381518653144,0.000763037306287,Complete curve required,0.998966672469
discovery,ck2:A:ASN117::all::proposal_motif_centroid_y,within_root_affinity_correlation,-0.0966725240117,-0.18173622179,-0.0116088262329,0.028928934296,14,0.987142857143,,-0.0773784519004,,,"Undefined genealogical contrasts are omitted with reported quadrature coverage, never treated as zero",0.138743433719
discovery,ck2:A:ASN117::all::proposal_motif_centroid_z,population_mean,6.41232594216,6.39937398881,6.4252778955,1.57586924293e-33,14,1,6.73444097294,6.06404317229,-0.670397800648,-1.3407956013,Complete curve required,1.21567055883e-32
discovery,ck2:A:ASN117::all::proposal_motif_centroid_z,selected_mean,6.41243823332,6.3992967425,6.42557972415,1.9030148231e-33,14,1,6.73414141478,6.06319800138,-0.6709434134,-1.3418868268,Complete curve required,1.32276203014e-32
discovery,ck2:A:ASN117::all::proposal_motif_centroid_z,selection_shift,0.000112291167476,-0.000188475276325,0.000413057611278,0.434420336552,14,1,-0.000299558154809,-0.000845170907217,-0.000545612752408,-0.00109122550482,Complete curve required,0.781956605793
discovery,ck2:A:ASN117::all::proposal_motif_centroid_z,retained_shift,-0.00101533942345,-0.00528596135493,0.00325528250803,0.616130579914,14,1,0.00311763236672,-0.000306695109546,-0.00342432747627,-0.00684865495254,Complete curve required,0.888604591122
discovery,ck2:A:ASN117::all::proposal_motif_centroid_z,low_enrichment,-0.00667423889238,-0.0109199450662,-0.00242853271852,0.00477804954811,14,1,0.00455556263938,0.00926807162129,0.00471250898191,0.00942501796382,Complete curve required,0.0516029351196
discovery,ck2:A:ASN117::all::proposal_motif_centroid_z,high_enrichment,-0.000124974005587,-0.00513098660344,0.00488103859226,0.957808461216,14,1,-0.00872698197108,-0.0116130465638,-0.00288606459271,-0.00577212918542,Complete curve required,0.974134812519
discovery,ck2:A:ASN117::all::proposal_motif_centroid_z,affinity_correlation,-0.00259827950422,-0.0695775654092,0.0643810064007,0.93448774697,14,1,-0.0717880779256,-0.175010092084,-0.103222014159,-0.206444028317,Complete curve required,0.969609833936
discovery,ck2:A:ASN117::all::proposal_motif_centroid_z,partial_affinity_correlation,-0.0419489662099,-0.0973930841395,0.0134951517196,0.126117870924,14,1,-0.0837146701097,0.00435781555239,0.0880724856621,0.176144971324,Complete curve required,0.786709347911
discovery,ck2:A:ASN117::all::proposal_motif_centroid_z,lag_gain_correlation,0.00921041744697,-0.0228759220617,0.0412967569556,0.545885706201,14,1,-0.0248206979234,-0.104069198866,-0.0792485009429,-0.161731634577,"Undefined genealogical contrasts are omitted with reported quadrature coverage, never treated as zero",0.647864354613
discovery,ck2:A:ASN117::all::proposal_motif_centroid_z,lag_partial_gain_correlation,0.000801443669697,-0.0276006713232,0.0292035586626,0.952317717644,14,1,-0.0513580735441,-0.127950109623,-0.0765920360788,-0.156310277712,"Undefined genealogical contrasts are omitted with reported quadrature coverage, never treated as zero",0.996843628471
discovery,ck2:A:ASN117::all::proposal_motif_centroid_z,native_difference,-0.0106582193079,-0.0233456386554,0.00202920003964,0.0926799134486,14,1,0,-0.03347368122,-0.03347368122,-0.0669473624399,Complete curve required,0.283024205277
discovery,ck2:A:ASN117::all::proposal_motif_centroid_z,lag_controlled_gain_correlation,0.014933282738,-0.00985004338101,0.0397166088569,0.215601136456,14,1,-0.0230297592735,-0.0339382957371,-0.0109085364636,-0.0222623193135,"Undefined genealogical contrasts are omitted with reported quadrature coverage, never treated as zero",0.529202789483
discovery,ck2:A:ASN117::all::proposal_motif_centroid_z,root_balanced_selection_shift,0.000135911787592,-8.06774513855e-05,0.00035250102657,0.19829412089,14,1,0,-0.000852422374943,-0.000852422374943,-0.00170484474989,Complete curve required,0.644382535191
discovery,ck2:A:ASN117::all::proposal_motif_centroid_z,root_balanced_retained_shift,0.000538879133021,-0.00227961900369,0.00335737726973,0.686302514822,14,1,0,-0.000268943272265,-0.000268943272265,-0.000537886544531,Complete curve required,0.998966672469
discovery,ck2:A:ASN117::all::proposal_motif_centroid_z,within_root_affinity_correlation,0.00457389907104,-0.0546280775787,0.0637758757207,0.870010337826,14,0.987142857143,,-0.163390547785,,,"Undefined genealogical contrasts are omitted with reported quadrature coverage, never treated as zero",0.921187416521
discovery,ck2:A:ASN117::all::proposal_motif_pair_1_5,population_mean,0.537250608875,0.534944288884,0.539556928867,2.84389418271e-29,14,1,0.196848129092,0.665285979574,0.468437850482,0.936875700963,Complete curve required,8.77544490664e-29
discovery,ck2:A:ASN117::all::proposal_motif_pair_1_5,selected_mean,0.537246121752,0.534870365177,0.539621878327,4.18237732673e-29,14,1,0.196933738844,0.665082709377,0.468148970533,0.936297941065,Complete curve required,1.29056214653e-28
discovery,ck2:A:ASN117::all::proposal_motif_pair_1_5,selection_shift,-4.48712334037e-06,-8.74882870633e-05,7.85140403826e-05,0.908810207487,14,1,8.56097518002e-05,-0.000203270197168,-0.000288879948968,-0.000577759897936,Complete curve required,0.996730627894
discovery,ck2:A:ASN117::all::proposal_motif_pair_1_5,retained_shift,-0.000747625072487,-0.00265646939105,0.00116121924607,0.412780287717,14,1,-0.00231537463222,-1.28953157492e-05,0.00230247931647,0.00460495863294,Complete curve required,0.888604591122
discovery,ck2:A:ASN117::all::proposal_motif_pair_1_5,low_enrichment,-0.002609404243,-0.0062680283895,0.00104921990351,0.147343176165,14,1,-0.00160894256643,0.00266269517305,0.00427163773948,0.00854327547896,Complete curve required,0.306340265515
discovery,ck2:A:ASN117::all::proposal_motif_pair_1_5,high_enrichment,-0.00264096586687,-0.0060066446828,0.000724712949066,0.113843008559,14,1,0.00518047162376,-0.0103108315859,-0.0154913032097,-0.0309826064193,Complete curve required,0.17564349892
discovery,ck2:A:ASN117::all::proposal_motif_pair_1_5,affinity_correlation,-0.00787479276449,-0.0520051728796,0.0362555873506,0.706097975775,14,1,0.0356798293509,-0.124408821016,-0.160088650367,-0.320177300735,Complete curve required,0.818431744649
discovery,ck2:A:ASN117::all::proposal_motif_pair_1_5,partial_affinity_correlation,-0.00640823573752,-0.0363297811249,0.0235133096498,0.651241786287,14,1,0.0270367903647,-0.0988121237992,-0.125848914164,-0.251697828328,Complete curve required,0.871748190129
discovery,ck2:A:ASN117::all::proposal_motif_pair_1_5,lag_gain_correlation,-0.00977159118747,-0.0360942644849,0.01655108211,0.436980120245,14,1,0.0434375982232,-0.0562199446145,-0.0996575428377,-0.203382740485,"Undefined genealogical contrasts are omitted with reported quadrature coverage, never treated as zero",0.542458080304
discovery,ck2:A:ASN117::all::proposal_motif_pair_1_5,lag_partial_gain_correlation,-0.00923088327599,-0.0341789977966,0.0157172312446,0.43845308451,14,1,0.0868279907394,-0.0717153473302,-0.15854333807,-0.323557832795,"Undefined genealogical contrasts are omitted with reported quadrature coverage, never treated as zero",0.58460411268
discovery,ck2:A:ASN117::all::proposal_motif_pair_1_5,native_difference,0.00127344281572,-0.00102146302448,0.00356834865592,0.25200677015,14,1,0,0.0029327097196,0.0029327097196,0.00586541943919,Complete curve required,0.445510661504
discovery,ck2:A:ASN117::all::proposal_motif_pair_1_5,lag_controlled_gain_correlation,-0.021977137276,-0.0411404455899,-0.00281382896211,0.0277358814504,14,1,0.098669219624,-0.0210269484723,-0.119696168096,-0.244277894074,"Undefined genealogical contrasts are omitted with reported quadrature coverage, never treated as zero",0.318563781322
discovery,ck2:A:ASN117::all::proposal_motif_pair_1_5,root_balanced_selection_shift,-2.99143785414e-05,-9.48959420366e-05,3.50671849538e-05,0.338116992957,14,1,0,-0.000192835219896,-0.000192835219896,-0.000385670439791,Complete curve required,0.776949685944
discovery,ck2:A:ASN117::all::proposal_motif_pair_1_5,root_balanced_retained_shift,-0.00038481004844,-0.00163523130567,0.000865611208792,0.517772937508,14,1,0,-4.46061686461e-05,-4.46061686461e-05,-8.92123372923e-05,Complete curve required,0.998966672469
discovery,ck2:A:ASN117::all::proposal_motif_pair_1_5,within_root_affinity_correlation,-0.0207008876945,-0.0643241622568,0.0229223868678,0.323978792513,14,0.987142857143,,-0.11492570307,,,"Undefined genealogical contrasts are omitted with reported quadrature coverage, never treated as zero",0.546714212365
discovery,ck2:A:ASN117::all::proposal_motif_pair_3,population_mean,0.0875219341129,0.0847652333486,0.0902786348772,4.99653549383e-18,14,1,0.000745840627877,0.287779255705,0.287033415077,0.574066830154,Complete curve required,9.63617559524e-18
discovery,ck2:A:ASN117::all::proposal_motif_pair_3,selected_mean,0.0874793096866,0.0847170657246,0.0902415536487,5.16088512296e-18,14,1,0.00074660022068,0.287723424784,0.286976824563,0.573953649127,Complete curve required,9.95313559428e-18
discovery,ck2:A:ASN117::all::proposal_motif_pair_3,selection_shift,-4.26244262826e-05,-0.000131915650396,4.66667978308e-05,0.321213999674,14,1,7.59592802869e-07,-5.58309206152e-05,-5.65905134181e-05,-0.000113181026836,Complete curve required,0.716976815508
discovery,ck2:A:ASN117::all::proposal_motif_pair_3,retained_shift,-0.000147933425543,-0.00107377930625,0.000777912455167,0.735474396819,14,1,-2.0755613115e-05,-5.68799845014e-05,-3.61243713864e-05,-7.22487427728e-05,Complete curve required,0.888604591122
discovery,ck2:A:ASN117::all::proposal_motif_pair_3,low_enrichment,2.9978710098e-05,-0.0044713544089,0.00453131182909,0.988738922604,14,1,-0.00117932592164,-0.00298004637885,-0.00180072045722,-0.00360144091444,Complete curve required,0.99179675531
discovery,ck2:A:ASN117::all::proposal_motif_pair_3,high_enrichment,-0.00490911163949,-0.0083302286284,-0.00148799465058,0.00844663443539,14,1,0.00554757799579,-0.00462930103061,-0.0101768790264,-0.0203537580528,Complete curve required,0.0212148027679
discovery,ck2:A:ASN117::all::proposal_motif_pair_3,affinity_correlation,-0.0522938587424,-0.113143802642,0.00855608515704,0.0861686140988,14,1,0.0361043127078,-0.0131673589473,-0.0492716716551,-0.0985433433102,Complete curve required,0.21437069849
discovery,ck2:A:ASN117::all::proposal_motif_pair_3,partial_affinity_correlation,-0.0220936712124,-0.0637736256193,0.0195862831945,0.272785797355,14,1,0.0277945294888,-0.00719150079421,-0.0349860302831,-0.0699720605661,Complete curve required,0.786709347911
discovery,ck2:A:ASN117::all::proposal_motif_pair_3,lag_gain_correlation,0.0276970327046,-0.00445512673084,0.05984919214,0.0855041653331,14,1,0.0433409529732,0.0752934549242,0.031952501951,0.065209187655,"Undefined genealogical contrasts are omitted with reported quadrature coverage, never treated as zero",0.137827609791
discovery,ck2:A:ASN117::all::proposal_motif_pair_3,lag_partial_gain_correlation,0.0202776813961,-0.0145020705487,0.0550574333408,0.229972041229,14,1,0.0855781191428,0.0606927069314,-0.0248854122114,-0.0507865555335,"Undefined genealogical contrasts are omitted with reported quadrature coverage, never treated as zero",0.339112876498
discovery,ck2:A:ASN117::all::proposal_motif_pair_3,native_difference,-0.002454104595,-0.00518647209468,0.000278262904678,0.0743393038894,14,1,0,-0.00475478326379,-0.00475478326379,-0.00950956652757,Complete curve required,0.250895150627
discovery,ck2:A:ASN117::all::proposal_motif_pair_3,lag_controlled_gain_correlation,-0.00167950545308,-0.0233470591137,0.0199880482075,0.869588527344,14,1,0.101228144602,0.0831192637341,-0.0181088808677,-0.03695689973,"Undefined genealogical contrasts are omitted with reported quadrature coverage, never treated as zero",0.920740793658
discovery,ck2:A:ASN117::all::proposal_motif_pair_3,root_balanced_selection_shift,2.64317414504e-06,-5.72306273398e-05,6.25169756299e-05,0.925474510259,14,1,0,-4.77170487435e-05,-4.77170487435e-05,-9.54340974871e-05,Complete curve required,0.985262702876
discovery,ck2:A:ASN117::all::proposal_motif_pair_3,root_balanced_retained_shift,0.000158692113355,-0.00043910521998,0.000756489446689,0.576097189751,14,1,0,-6.5406395081e-05,-6.5406395081e-05,-0.000130812790162,Complete curve required,0.998966672469
discovery,ck2:A:ASN117::all::proposal_motif_pair_3,within_root_affinity_correlation,-0.0314116114039,-0.0990608000706,0.0362375772629,0.334107109112,14,0.987142857143,,-0.0368521743003,,,"Undefined genealogical contrasts are omitted with reported quadrature coverage, never treated as zero",0.555131812063
discovery,ck2:A:ASN117::all::proposal_motif_pair_5,population_mean,0.00202123591019,0.00186287314537,0.00217959867501,6.40016335477e-13,14,1,9.16559740224e-10,0.0190382378573,0.0190382369408,0.0380764738815,Complete curve required,9.60024503216e-13
discovery,ck2:A:ASN117::all::proposal_motif_pair_5,selected_mean,0.00202111300128,0.00186220181053,0.00218002419204,6.69483552165e-13,14,1,9.18366254759e-10,0.0190529398826,0.0190529389642,0.0381058779284,Complete curve required,9.90468816902e-13
discovery,ck2:A:ASN117::all::proposal_motif_pair_5,selection_shift,-1.22908904439e-07,-4.99611945901e-06,4.75030165013e-06,0.957375322796,14,1,1.80651453537e-12,1.47020252565e-05,1.47020234499e-05,2.94040468999e-05,Complete curve required,0.996730627894
discovery,ck2:A:ASN117::all::proposal_motif_pair_5,retained_shift,7.11838790753e-06,-1.14549726813e-05,2.56917484964e-05,0.422622959253,14,1,-4.95558026899e-11,3.83368626684e-05,3.83369122242e-05,7.66738244484e-05,Complete curve required,0.888604591122
discovery,ck2:A:ASN117::all::proposal_motif_pair_5,low_enrichment,-0.000779004496803,-0.00642027726508,0.00486226827148,0.770169398349,14,1,-0.00430926024263,-0.00359473108034,0.000714529162294,0.00142905832459,Complete curve required,0.884501040586
discovery,ck2:A:ASN117::all::proposal_motif_pair_5,high_enrichment,-0.00516800423708,-0.00964817720473,-0.000687831269421,0.0269905246722,14,1,0.00623505570643,0.00328204330416,-0.00295301240227,-0.00590602480455,Complete curve required,0.0560572435499
discovery,ck2:A:ASN117::all::proposal_motif_pair_5,affinity_correlation,-0.0503468167392,-0.124153001395,0.0234593679168,0.164362857969,14,1,0.0356161043341,0.035938789167,0.00032268483288,0.00064536966576,Complete curve required,0.310463176164
discovery,ck2:A:ASN117::all::proposal_motif_pair_5,partial_affinity_correlation,-0.0073317571305,-0.0651725009422,0.0505089866812,0.788507819831,14,1,0.0280410008865,0.0174455923147,-0.0105954085718,-0.0211908171436,Complete curve required,0.945191366722
discovery,ck2:A:ASN117::all::proposal_motif_pair_5,lag_gain_correlation,0.0204984027044,-0.00845966061278,0.0494564660215,0.150164655226,14,1,0.043800223529,0.119888471039,0.0760882475101,0.155282137776,"Undefined genealogical contrasts are omitted with reported quadrature coverage, never treated as zero",0.209106722615
discovery,ck2:A:ASN117::all::proposal_motif_pair_5,lag_partial_gain_correlation,0.0106880345837,-0.0218679549414,0.0432440241088,0.490699098747,14,1,0.0838313628797,0.124021070053,0.040189707173,0.0820198105571,"Undefined genealogical contrasts are omitted with reported quadrature coverage, never treated as zero",0.638500032105
discovery,ck2:A:ASN117::all::proposal_motif_pair_5,native_difference,-0.000310416019173,-0.000448920790002,-0.000171911248343,0.000321830380701,14,1,0,-0.0024478510309,-0.0024478510309,-0.00489570206179,Complete curve required,0.0135483271888
discovery,ck2:A:ASN117::all::proposal_motif_pair_5,lag_controlled_gain_correlation,-0.00535419943026,-0.0299321019725,0.019223703112,0.645705135331,14,1,0.104530285207,0.0447653661137,-0.0597649190931,-0.121969222639,"Undefined genealogical contrasts are omitted with reported quadrature coverage, never treated as zero",0.750811107266
discovery,ck2:A:ASN117::all::proposal_motif_pair_5,root_balanced_selection_shift,6.87741403629e-07,-3.90559454001e-06,5.28107734726e-06,0.751488963183,14,1,0,8.32614399869e-06,8.32614399869e-06,1.66522879974e-05,Complete curve required,0.985262702876
discovery,ck2:A:ASN117::all::proposal_motif_pair_5,root_balanced_retained_shift,5.98078441005e-06,-1.27760003295e-05,2.47375691496e-05,0.503024065272,14,1,0,2.8363167759e-05,2.8363167759e-05,5.6726335518e-05,Complete curve required,0.998966672469
discovery,ck2:A:ASN117::all::proposal_motif_pair_5,within_root_affinity_correlation,-0.0243144435506,-0.102680587641,0.0540517005402,0.5144035559,14,0.97,,0.0202976055847,,,"Undefined genealogical contrasts are omitted with reported quadrature coverage, never treated as zero",0.685871407866
discovery,ck2:A:ASN117::all::proposal_motif_shell_2,population_mean,6.92877323504e-10,5.16875474517e-10,8.68879172491e-10,1.13716834667e-06,14,1,2.25784184964e-16,1.10787350517e-08,1.10787348259e-08,2.21574696518e-08,Complete curve required,1.18090559077e-06
discovery,ck2:A:ASN117::all::proposal_motif_shell_2,selected_mean,6.93238793552e-10,5.17299539223e-10,8.69178047881e-10,1.12609887809e-06,14,1,2.26096385648e-16,1.11013424996e-08,1.11013422735e-08,2.22026845471e-08,Complete curve required,1.1694103734e-06
discovery,ck2:A:ASN117::all::proposal_motif_shell_2,selection_shift,3.61470048229e-13,-1.87049866485e-12,2.59343876131e-12,0.732036200101,14,1,3.12200684146e-19,2.26074479572e-11,2.2607447645e-11,4.52148952901e-11,Complete curve required,0.996730627894
discovery,ck2:A:ASN117::all::proposal_motif_shell_2,retained_shift,4.96471313848e-12,-4.91135933941e-12,1.48407856164e-11,0.297198280465,14,1,-9.17327799193e-18,5.87347701319e-11,5.87347793052e-11,1.1746955861e-10,Complete curve required,0.888604591122
discovery,ck2:A:ASN117::all::proposal_motif_shell_2,low_enrichment,0.00434298244403,8.09665422994e-05,0.00860499834576,0.0463772884337,14,1,0.00104719991688,-0.00742375706528,-0.00847095698215,-0.0169419139643,Complete curve required,0.166958238361
discovery,ck2:A:ASN117::all::proposal_motif_shell_2,high_enrichment,-0.00968369599357,-0.0140361494856,-0.00533124250155,0.00034278305142,14,1,0.00416230439684,0.00377716380742,-0.000385140589413,-0.000770281178826,Complete curve required,0.00185102847767
discovery,ck2:A:ASN117::all::proposal_motif_shell_2,lag_gain_correlation,0.0375754080003,-0.00109282804346,0.0762436440441,0.0558822295118,14,0.501457725948,,0.106795807134,,,"Undefined genealogical contrasts are omitted with reported quadrature coverage, never treated as zero",0.106710732466
discovery,ck2:A:ASN117::all::proposal_motif_shell_2,lag_partial_gain_correlation,0.0290913418961,-0.00821822709167,0.0664009108838,0.115926468379,14,0.48833819242,,0.107038724778,,,"Undefined genealogical contrasts are omitted with reported quadrature coverage, never treated as zero",0.205246862048
discovery,ck2:A:ASN117::all::proposal_motif_shell_2,native_difference,1.73056201624e-11,-1.54262732021e-10,1.88873972346e-10,0.83088215996,14,1,0,3.59203961482e-10,3.59203961482e-10,7.18407922964e-10,Complete curve required,0.833000701429
discovery,ck2:A:ASN117::all::proposal_motif_shell_2,lag_controlled_gain_correlation,-0.0289023142406,-0.0540672244309,-0.00373740405031,0.027546709979,14,0.447521865889,,0.0506334707438,,,"Undefined genealogical contrasts are omitted with reported quadrature coverage, never treated as zero",0.318563781322
discovery,ck2:A:ASN117::all::proposal_motif_shell_2,root_balanced_selection_shift,4.85715290385e-14,-1.32948744655e-12,1.42663050463e-12,0.940463054523,14,1,0,2.58198075773e-11,2.58198075773e-11,5.16396151545e-11,Complete curve required,0.985262702876
discovery,ck2:A:ASN117::all::proposal_motif_shell_2,root_balanced_retained_shift,1.68701551153e-12,-8.09210716781e-12,1.14661381909e-11,0.71538525811,14,1,0,2.78821001279e-12,2.78821001279e-12,5.57642002559e-12,Complete curve required,0.998966672469
discovery,ck2:A:ASN117::all::proposal_motif_shell_2,within_root_affinity_correlation,-0.0910590906242,-0.170279491359,-0.0118386898891,0.0274434004662,14,0.561428571429,,0.043142142984,,,"Undefined genealogical contrasts are omitted with reported quadrature coverage, never treated as zero",0.138743433719
discovery,ck2:A:ASN117::all::proposal_motif_shell_4,population_mean,1.78168941905e-05,1.45747632482e-05,2.10590251328e-05,2.37601136857e-08,14,1,7.02898859719e-10,0.000192979147279,0.00019297844438,0.00038595688876,Complete curve required,2.61846150822e-08
discovery,ck2:A:ASN117::all::proposal_motif_shell_4,selected_mean,1.7817314965e-05,1.45735665838e-05,2.10610633462e-05,2.3895680921e-08,14,1,7.0356793593e-10,0.000193337546381,0.000193336842813,0.000386673685627,Complete curve required,2.63340157089e-08
discovery,ck2:A:ASN117::all::proposal_motif_shell_4,selection_shift,4.20774531451e-10,-4.45912700961e-08,4.5432819159e-08,0.984194319272,14,1,6.69076210941e-13,3.5839910278e-07,3.58398433704e-07,7.16796867407e-07,Complete curve required,0.996730627894
discovery,ck2:A:ASN117::all::proposal_motif_shell_4,retained_shift,1.11540923088e-07,-1.17441967726e-07,3.40523813903e-07,0.311808564763,14,1,-2.21602421778e-11,7.98391439541e-07,7.98413599783e-07,1.59682719957e-06,Complete curve required,0.888604591122
discovery,ck2:A:ASN117::all::proposal_motif_shell_4,low_enrichment,0.00399327387358,-0.000314107666526,0.00830065541369,0.0665026796992,14,1,0.00126802021154,-0.00871966937772,-0.00998768958926,-0.0199753791785,Complete curve required,0.187470448634
discovery,ck2:A:ASN117::all::proposal_motif_shell_4,high_enrichment,-0.0103276221222,-0.0151907612721,-0.00546448297239,0.000508795799652,14,1,0.00378716015523,0.00403680516706,0.000249645011825,0.00049929002365,Complete curve required,0.00249772483465
discovery,ck2:A:ASN117::all::proposal_motif_shell_4,affinity_correlation,-0.0724683119759,-0.129813440401,-0.0151231835506,0.0171783221567,14,1,0.0230935073005,0.066454782076,0.0433612747755,0.0867225495511,Complete curve required,0.0688550808754
discovery,ck2:A:ASN117::all::proposal_motif_shell_4,partial_affinity_correlation,-0.0208479344377,-0.0665438672704,0.024847998395,0.3423051669,14,1,0.0283641692712,-0.0672791181605,-0.0956432874317,-0.191286574863,Complete curve required,0.786709347911
discovery,ck2:A:ASN117::all::proposal_motif_shell_4,lag_gain_correlation,0.0220208912915,-0.00915887453904,0.0532006571219,0.151021521888,14,1,0.0790113981504,0.104277966204,0.0252665680537,0.0515644245993,"Undefined genealogical contrasts are omitted with reported quadrature coverage, never treated as zero",0.209106722615
discovery,ck2:A:ASN117::all::proposal_motif_shell_4,lag_partial_gain_correlation,0.0208341847137,-0.00992901275197,0.0515973821795,0.167195945852,14,1,0.0828328587817,0.106735896272,0.0239030374899,0.048781709163,"Undefined genealogical contrasts are omitted with reported quadrature coverage, never treated as zero",0.261698002203
discovery,ck2:A:ASN117::all::proposal_motif_shell_4,native_difference,5.7500572021e-07,-2.59283151232e-06,3.74284295274e-06,0.701310664196,14,1,0,8.4838472274e-06,8.4838472274e-06,1.69676944548e-05,Complete curve required,0.765066179122
discovery,ck2:A:ASN117::all::proposal_motif_shell_4,lag_controlled_gain_correlation,-0.0246674004283,-0.045586765846,-0.00374803501063,0.0243103751729,14,1,0.0890057914285,0.0412982490274,-0.0477075424011,-0.0973623314308,"Undefined genealogical contrasts are omitted with reported quadrature coverage, never treated as zero",0.318563781322
discovery,ck2:A:ASN117::all::proposal_motif_shell_4,root_balanced_selection_shift,-5.15463363047e-09,-3.593213932e-08,2.5622872059e-08,0.723299924944,14,1,0,3.90617033802e-07,3.90617033802e-07,7.81234067605e-07,Complete curve required,0.985262702876
discovery,ck2:A:ASN117::all::proposal_motif_shell_4,root_balanced_retained_shift,2.97402712792e-08,-1.76579621991e-07,2.36060164549e-07,0.760427039008,14,1,0,1.91311489247e-07,1.91311489247e-07,3.82622978495e-07,Complete curve required,0.998966672469
discovery,ck2:A:ASN117::all::proposal_motif_shell_4,within_root_affinity_correlation,-0.0683653388359,-0.126670968677,-0.0100597089952,0.0249778945994,14,0.97,,0.0514063632314,,,"Undefined genealogical contrasts are omitted with reported quadrature coverage, never treated as zero",0.138743433719
discovery,ck2:A:ASN117::all::proposal_motif_shell_6,population_mean,0.0118130114993,0.0106578705273,0.0129681524712,1.07819892215e-11,14,1,4.070379613e-05,0.0701207058185,0.0700800020224,0.140160004045,Complete curve required,1.42006687308e-11
discovery,ck2:A:ASN117::all::proposal_motif_shell_6,selected_mean,0.0118046831337,0.0106451471084,0.0129642191589,1.14157028491e-11,14,1,4.07279184352e-05,0.070207004868,0.0701662769496,0.140332553899,Complete curve required,1.50353159475e-11
discovery,ck2:A:ASN117::all::proposal_motif_shell_6,selection_shift,-8.32836558959e-06,-2.53699957671e-05,8.71326458795e-06,0.310291959464,14,1,2.41223051455e-08,8.62990495178e-05,8.62749272127e-05,0.000172549854425,Complete curve required,0.713011311109
discovery,ck2:A:ASN117::all::proposal_motif_shell_6,retained_shift,4.10004200414e-05,-8.16939601165e-05,0.000163694800199,0.483125259335,14,1,-8.74901976391e-07,0.000160507550639,0.000161382452616,0.000322764905232,Complete curve required,0.888604591122
discovery,ck2:A:ASN117::all::proposal_motif_shell_6,low_enrichment,0.00349135926925,-0.000817471735723,0.00780019027421,0.103578304122,14,1,0.00212027765182,-0.00944133296617,-0.011561610618,-0.023123221236,Complete curve required,0.254237655573
discovery,ck2:A:ASN117::all::proposal_motif_shell_6,high_enrichment,-0.0109692913464,-0.0163873991142,-0.00555118357869,0.000753170114237,14,1,0.00360995528483,0.00298202120595,-0.000627934078877,-0.00125586815775,Complete curve required,0.00338926551406
discovery,ck2:A:ASN117::all::proposal_motif_shell_6,affinity_correlation,-0.0724678386594,-0.13318198008,-0.0117536972385,0.0229175065016,14,1,0.0227744197539,0.0790288613812,0.0562544416273,0.112508883255,Complete curve required,0.0806064021781
discovery,ck2:A:ASN117::all::proposal_motif_shell_6,partial_affinity_correlation,-0.0188992811884,-0.0680359365779,0.0302373742011,0.421009529172,14,1,0.0277920192058,-0.0575556766403,-0.0853476958461,-0.170695391692,Complete curve required,0.786709347911
discovery,ck2:A:ASN117::all::proposal_motif_shell_6,lag_gain_correlation,0.0241478104991,-0.00834866348453,0.0566442844827,0.132424303247,14,1,0.0834728932865,0.102339119798,0.0188662265113,0.0385025030842,"Undefined genealogical contrasts are omitted with reported quadrature coverage, never treated as zero",0.193267902036
discovery,ck2:A:ASN117::all::proposal_motif_shell_6,lag_partial_gain_correlation,0.0232245706122,-0.00864576358525,0.0550949048096,0.139430379695,14,1,0.0848229782108,0.106853128517,0.0220301503058,0.0449594904199,"Undefined genealogical contrasts are omitted with reported quadrature coverage, never treated as zero",0.23166893857
discovery,ck2:A:ASN117::all::proposal_motif_shell_6,native_difference,0.000278126448115,-0.000842722724113,0.00139897562034,0.600961553624,14,1,0,0.00268343505085,0.00268343505085,0.00536687010169,Complete curve required,0.719208982385
discovery,ck2:A:ASN117::all::proposal_motif_shell_6,lag_controlled_gain_correlation,-0.0222501470759,-0.0440297523543,-0.000470541797477,0.0458997455831,14,1,0.0901572609697,0.0282796980967,-0.061877562873,-0.126280740557,"Undefined genealogical contrasts are omitted with reported quadrature coverage, never treated as zero",0.386819314579
discovery,ck2:A:ASN117::all::proposal_motif_shell_6,root_balanced_selection_shift,-9.26206459307e-06,-2.38089785874e-05,5.28484940131e-06,0.192211297905,14,1,0,9.05858430146e-05,9.05858430146e-05,0.000181171686029,Complete curve required,0.644382535191
discovery,ck2:A:ASN117::all::proposal_motif_shell_6,root_balanced_retained_shift,-6.19365205864e-06,-0.000103876671142,9.14893670243e-05,0.893145698458,14,1,0,6.01869239766e-05,6.01869239766e-05,0.000120373847953,Complete curve required,0.998966672469
discovery,ck2:A:ASN117::all::proposal_motif_shell_6,within_root_affinity_correlation,-0.066707989425,-0.127322703907,-0.00609327494327,0.0334614384155,14,0.987142857143,,0.0606073396237,,,"Undefined genealogical contrasts are omitted with reported quadrature coverage, never treated as zero",0.138743433719
discovery,ck2:A:VAL116::NOS::motif_centroid_x,population_mean,2.06553041809,2.06112052514,2.06994031103,3.23977370025e-33,14,1,2.34090104125,1.88475573715,-0.456145304099,-0.912290608199,Complete curve required,1.94720673319e-32
discovery,ck2:A:VAL116::NOS::motif_centroid_x,selected_mean,2.06555648247,2.06129210669,2.06982085826,2.09412253852e-33,14,1,2.34086206462,1.88482976346,-0.456032301163,-0.912064602327,Complete curve required,1.32276203014e-32
discovery,ck2:A:VAL116::NOS::motif_centroid_x,selection_shift,2.60643822946e-05,-0.000324570044472,0.000376698809061,0.874884306096,14,1,-3.89766294997e-05,7.4026306612e-05,0.000113002936112,0.000226005872224,Complete curve required,0.996730627894
discovery,ck2:A:VAL116::NOS::motif_centroid_x,retained_shift,0.00294652841128,-0.00320838259817,0.00910143942073,0.319886013544,14,1,0.0746899038053,-0.000618529815585,-0.0753084336209,-0.150616867242,Complete curve required,0.888604591122
discovery,ck2:A:VAL116::NOS::motif_centroid_x,low_enrichment,-0.00233289744335,-0.0059142688613,0.0012484739746,0.182808073325,14,1,0.000303057877896,-0.00792206019473,-0.00822511807262,-0.0164502361452,Complete curve required,0.352558427127
discovery,ck2:A:VAL116::NOS::motif_centroid_x,high_enrichment,-0.00144851055634,-0.00441590433331,0.00151888322063,0.310829193117,14,1,-0.0035107592459,-0.00413802009733,-0.000627260851429,-0.00125452170286,Complete curve required,0.385083119612
discovery,ck2:A:VAL116::NOS::motif_centroid_x,affinity_correlation,0.00163731189377,-0.0446863996463,0.0479610234338,0.940296730462,14,1,-0.00537129199292,0.030320407877,0.0356916998699,0.0713833997398,Complete curve required,0.969609833936
discovery,ck2:A:VAL116::NOS::motif_centroid_x,partial_affinity_correlation,-0.011148237181,-0.0419459925697,0.0196495182076,0.448215706259,14,1,-0.0231102626147,0.00321483576085,0.0263250983756,0.0526501967512,Complete curve required,0.786709347911
discovery,ck2:A:VAL116::NOS::motif_centroid_x,lag_gain_correlation,0.0400345081698,0.0210643575292,0.0590046588105,0.000536043052388,14,1,0.0558573033669,0.0468511679402,-0.00900613542673,-0.0183798682178,"Undefined genealogical contrasts are omitted with reported quadrature coverage, never treated as zero",0.019297549886
discovery,ck2:A:VAL116::NOS::motif_centroid_x,lag_partial_gain_correlation,0.0369832150829,0.0229983991691,0.0509680309967,7.13457837224e-05,14,1,0.0637145608498,0.0718202300005,0.00810566915063,0.0165421819401,"Undefined genealogical contrasts are omitted with reported quadrature coverage, never treated as zero",0.00385267232101
discovery,ck2:A:VAL116::NOS::motif_centroid_x,native_difference,0.00452855816693,-0.000445505204079,0.00950262153793,0.0709150492717,14,1,0,0.0162379452837,0.0162379452837,0.0324758905675,Complete curve required,0.247058881334
discovery,ck2:A:VAL116::NOS::motif_centroid_x,lag_controlled_gain_correlation,0.0120980117683,-0.00470015549655,0.0288961790332,0.143734521804,14,1,0.0423604644578,0.0893732970436,0.0470128325858,0.0959445562975,"Undefined genealogical contrasts are omitted with reported quadrature coverage, never treated as zero",0.431203565412
discovery,ck2:A:VAL116::NOS::motif_centroid_x,root_balanced_selection_shift,4.92713875533e-06,-0.000186944093159,0.000196798370669,0.95660203323,14,1,0,6.53102961864e-05,6.53102961864e-05,0.000130620592373,Complete curve required,0.985262702876
discovery,ck2:A:VAL116::NOS::motif_centroid_x,root_balanced_retained_shift,5.84809080576e-05,-0.00495003047428,0.0050669922904,0.980258500537,14,1,0,-0.000862759450931,-0.000862759450931,-0.00172551890186,Complete curve required,0.998966672469
discovery,ck2:A:VAL116::NOS::motif_centroid_x,within_root_affinity_correlation,-0.0168480905787,-0.0578305171303,0.0241343359728,0.39060299068,14,0.97,,0.0290064488986,,,"Undefined genealogical contrasts are omitted with reported quadrature coverage, never treated as zero",0.611378594107
discovery,ck2:A:VAL116::NOS::motif_centroid_y,population_mean,-4.47186828833,-4.50680263507,-4.43693394159,6.82140012481e-26,14,1,-5.01508417948,-3.6763192015,1.33876497798,2.67752995596,Complete curve required,1.56747066698e-25
discovery,ck2:A:VAL116::NOS::motif_centroid_y,selected_mean,-4.47155189377,-4.50786131313,-4.43524247442,1.12772650128e-25,14,1,-4.98020445458,-3.67164733002,1.30855712456,2.61711424913,Complete curve required,2.59137153486e-25
discovery,ck2:A:VAL116::NOS::motif_centroid_y,selection_shift,0.000316394557034,-0.00187380805405,0.00250659716812,0.759925262104,14,1,0.0348797248909,0.0046718714735,-0.0302078534174,-0.0604157068348,Complete curve required,0.996730627894
discovery,ck2:A:VAL116::NOS::motif_centroid_y,retained_shift,0.000453863643337,-0.0143109285496,0.0152186558363,0.948062777586,14,1,0.119226026792,-0.00210291673951,-0.121328943531,-0.242657887063,Complete curve required,0.961328658763
discovery,ck2:A:VAL116::NOS::motif_centroid_y,low_enrichment,-0.000858512987263,-0.00657809397425,0.00486106799973,0.750889921209,14,1,-0.0207222955125,-0.00280768753568,0.0179146079768,0.0358292159536,Complete curve required,0.881479472724
discovery,ck2:A:VAL116::NOS::motif_centroid_y,high_enrichment,-0.00302692771528,-0.00965736718466,0.00360351175411,0.342011005424,14,1,0.00525098623508,0.00168503277793,-0.00356595345716,-0.00713190691431,Complete curve required,0.405903171272
discovery,ck2:A:VAL116::NOS::motif_centroid_y,affinity_correlation,0.00989486263008,-0.0791628706655,0.0989525959257,0.814050171124,14,1,0.220442624666,-0.0125764309085,-0.233019055575,-0.466038111149,Complete curve required,0.912451840161
discovery,ck2:A:VAL116::NOS::motif_centroid_y,partial_affinity_correlation,-0.00785112276945,-0.0646275446765,0.0489252991376,0.769861204642,14,1,0.227746887419,0.00492186845802,-0.222825018961,-0.445650037923,Complete curve required,0.945191366722
discovery,ck2:A:VAL116::NOS::motif_centroid_y,lag_gain_correlation,0.0113894077607,-0.0246590517397,0.0474378672611,0.506864653064,14,1,0.0949036138972,0.128088915849,0.0331853019514,0.0677251060233,"Undefined genealogical contrasts are omitted with reported quadrature coverage, never treated as zero",0.615071713831
discovery,ck2:A:VAL116::NOS::motif_centroid_y,lag_partial_gain_correlation,0.0158984222528,-0.015618903048,0.0474157475536,0.295605730944,14,1,0.245784934369,0.110229773702,-0.135555160666,-0.276643185033,"Undefined genealogical contrasts are omitted with reported quadrature coverage, never treated as zero",0.414615830416
discovery,ck2:A:VAL116::NOS::motif_centroid_y,native_difference,0.0164071013109,-0.0162506901288,0.0490648927506,0.297480540979,14,1,0,0.0137669588356,0.0137669588356,0.0275339176711,Complete curve required,0.462305509339
discovery,ck2:A:VAL116::NOS::motif_centroid_y,lag_controlled_gain_correlation,0.00852585011974,-0.0186753501292,0.0357270503687,0.510188903519,14,1,0.2257814986,0.104668306444,-0.121113192156,-0.24716977991,"Undefined genealogical contrasts are omitted with reported quadrature coverage, never treated as zero",0.663860260001
discovery,ck2:A:VAL116::NOS::motif_centroid_y,root_balanced_selection_shift,-0.000261237690137,-0.00219773332877,0.0016752579485,0.775314137061,14,1,0,0.00531132498045,0.00531132498045,0.0106226499609,Complete curve required,0.985262702876
discovery,ck2:A:VAL116::NOS::motif_centroid_y,root_balanced_retained_shift,-0.000561928668976,-0.0149622186868,0.0138383613488,0.934100725009,14,1,0,-0.000638297044035,-0.000638297044035,-0.00127659408807,Complete curve required,0.998966672469
discovery,ck2:A:VAL116::NOS::motif_centroid_y,within_root_affinity_correlation,0.00474135263389,-0.0713354428745,0.0808181481423,0.894957835695,14,0.97,,-0.000282625361797,,,"Undefined genealogical contrasts are omitted with reported quadrature coverage, never treated as zero",0.938402390826
discovery,ck2:A:VAL116::NOS::motif_centroid_z,population_mean,5.64622098352,5.62020454262,5.67223742442,7.13852703382e-29,14,1,4.79189118541,5.21771948666,0.42582830125,0.851656602499,Complete curve required,2.08367816122e-28
discovery,ck2:A:VAL116::NOS::motif_centroid_z,selected_mean,5.64617034155,5.61894806058,5.67339262251,1.28659136573e-28,14,1,4.77377484105,5.21708673151,0.44331189046,0.886623780921,Complete curve required,3.65662809208e-28
discovery,ck2:A:VAL116::NOS::motif_centroid_z,selection_shift,-5.06419723375e-05,-0.00178694079709,0.00168565685241,0.950716554925,14,1,-0.0181163443533,-0.000632755142615,0.0174835892107,0.0349671784213,Complete curve required,0.996730627894
discovery,ck2:A:VAL116::NOS::motif_centroid_z,retained_shift,-0.006914605501,-0.0302804896411,0.0164512786391,0.533723636695,14,1,-0.173423555427,0.00753163615048,0.180955191577,0.361910383155,Complete curve required,0.888604591122
discovery,ck2:A:VAL116::NOS::motif_centroid_z,low_enrichment,-0.00262340356448,-0.00754299636269,0.00229618923372,0.270054796366,14,1,0.00182147609457,0.00130359700886,-0.000517879085707,-0.00103575817141,Complete curve required,0.448706430884
discovery,ck2:A:VAL116::NOS::motif_centroid_z,high_enrichment,-0.00137866939096,-0.00657126210679,0.00381392332487,0.576032537188,14,1,-0.00497696868465,-0.01026387789,-0.00528690920539,-0.0105738184108,Complete curve required,0.648036604337
discovery,ck2:A:VAL116::NOS::motif_centroid_z,affinity_correlation,0.0228030967504,-0.0528944062902,0.0985005997909,0.526518691648,14,1,-0.132537517385,-0.0724305604858,0.060106956899,0.120213913798,Complete curve required,0.703893988045
discovery,ck2:A:VAL116::NOS::motif_centroid_z,partial_affinity_correlation,0.0235824371077,-0.0128196900458,0.0599845642611,0.185054591149,14,1,-0.151186563126,-0.0516623781439,0.0995241849824,0.199048369965,Complete curve required,0.786709347911
discovery,ck2:A:VAL116::NOS::motif_centroid_z,lag_gain_correlation,-0.0356574553307,-0.0683554713272,-0.00295943933428,0.0348407212544,14,1,0.0903648401515,0.0558498834096,-0.0345149567419,-0.0704386872283,"Undefined genealogical contrasts are omitted with reported quadrature coverage, never treated as zero",0.0817999542495
discovery,ck2:A:VAL116::NOS::motif_centroid_z,lag_partial_gain_correlation,-0.0266537617682,-0.053814900048,0.000507376511728,0.0538192715787,14,1,0.00625090199222,0.0375041148868,0.0312532128946,0.0637820671319,"Undefined genealogical contrasts are omitted with reported quadrature coverage, never treated as zero",0.129218237146
discovery,ck2:A:VAL116::NOS::motif_centroid_z,native_difference,-0.0348173631347,-0.0600103732372,-0.0096243530322,0.0105246847286,14,1,0,-0.119159655161,-0.119159655161,-0.238319310322,Complete curve required,0.0868834009226
discovery,ck2:A:VAL116::NOS::motif_centroid_z,lag_controlled_gain_correlation,0.00741040022658,-0.012639074179,0.0274598746322,0.438933688121,14,1,-0.0151367861892,-0.0420425116918,-0.0269057255026,-0.0549096438828,"Undefined genealogical contrasts are omitted with reported quadrature coverage, never treated as zero",0.625815599481
discovery,ck2:A:VAL116::NOS::motif_centroid_z,root_balanced_selection_shift,6.16755462689e-05,-0.00132968444699,0.00145303553953,0.925168655758,14,1,0,-2.3492298959e-05,-2.3492298959e-05,-4.69845979179e-05,Complete curve required,0.985262702876
discovery,ck2:A:VAL116::NOS::motif_centroid_z,root_balanced_retained_shift,-0.00116889282505,-0.0204023308211,0.018064545171,0.897552695536,14,1,0,0.0107335179955,0.0107335179955,0.021467035991,Complete curve required,0.998966672469
discovery,ck2:A:VAL116::NOS::motif_centroid_z,within_root_affinity_correlation,0.0225407993792,-0.0623364298192,0.107418028578,0.575943798076,14,0.97,,-0.0639480531706,,,"Undefined genealogical contrasts are omitted with reported quadrature coverage, never treated as zero",0.714964714853
discovery,ck2:A:VAL116::NOS::motif_pair_1_5,population_mean,0.601610680129,0.580509927241,0.622711433016,2.01443401574e-17,14,1,0.228233181172,0.324227697213,0.0959945160409,0.191989032082,Complete curve required,3.75101506379e-17
discovery,ck2:A:VAL116::NOS::motif_pair_1_5,selected_mean,0.6029927557,0.581518736174,0.624466775225,2.45425366807e-17,14,1,0.224057248504,0.327441260466,0.103384011963,0.206768023926,Complete curve required,4.49253213816e-17
discovery,ck2:A:VAL116::NOS::motif_pair_1_5,selection_shift,0.00138207557073,0.000254419451122,0.00250973169034,0.0200961894358,14,1,-0.00417593266861,0.00321356325342,0.00738949592202,0.014778991844,Complete curve required,0.239929856306
discovery,ck2:A:VAL116::NOS::motif_pair_1_5,retained_shift,0.0029963899506,-0.0128769665132,0.0188697464144,0.69004992947,14,1,-0.0820891168481,0.00768199475651,0.0897711116046,0.179542223209,Complete curve required,0.888604591122
discovery,ck2:A:VAL116::NOS::motif_pair_1_5,low_enrichment,-0.00659291315039,-0.0103026130028,-0.002883213298,0.00204818046819,14,1,0.0031345398522,-0.0117816342307,-0.0149161740829,-0.0298323481658,Complete curve required,0.0353580331294
discovery,ck2:A:VAL116::NOS::motif_pair_1_5,high_enrichment,0.00259835578003,-0.00144810221585,0.00664481377591,0.188692597968,14,1,0.000476127978301,0.00645391931678,0.00597779133848,0.011955582677,Complete curve required,0.251590130624
discovery,ck2:A:VAL116::NOS::motif_pair_1_5,affinity_correlation,0.0785790170663,0.0143948368676,0.142763197265,0.0202074801616,14,1,-0.0556923372034,0.114522101854,0.170214439057,0.340428878114,Complete curve required,0.0736129634457
discovery,ck2:A:VAL116::NOS::motif_pair_1_5,partial_affinity_correlation,0.0655152146156,-0.000944735833885,0.131975165065,0.0528823416183,14,1,-0.0757477641108,0.140742554169,0.21649031828,0.432980636559,Complete curve required,0.786709347911
discovery,ck2:A:VAL116::NOS::motif_pair_1_5,lag_gain_correlation,0.0205817349064,-0.00240172202924,0.043565191842,0.0751005792426,14,1,-0.0945075600086,-0.0141264233751,0.0803811366335,0.164043135987,"Undefined genealogical contrasts are omitted with reported quadrature coverage, never treated as zero",0.12874385013
discovery,ck2:A:VAL116::NOS::motif_pair_1_5,lag_partial_gain_correlation,0.0253033476748,-0.001328814086,0.0519355094357,0.0608133854592,14,1,-0.149764353065,0.0299246296614,0.179688982726,0.366712209645,"Undefined genealogical contrasts are omitted with reported quadrature coverage, never treated as zero",0.129218237146
discovery,ck2:A:VAL116::NOS::motif_pair_1_5,native_difference,-0.00481442845717,-0.0263039368952,0.0166750799809,0.636436681407,14,1,0,-0.0436360912912,-0.0436360912912,-0.0872721825825,Complete curve required,0.731225123319
discovery,ck2:A:VAL116::NOS::motif_pair_1_5,lag_controlled_gain_correlation,0.0140906470873,-0.0200295717932,0.0482108659677,0.388518430226,14,1,-0.15574694361,0.0505435840577,0.206290527668,0.421001076873,"Undefined genealogical contrasts are omitted with reported quadrature coverage, never treated as zero",0.596961864557
discovery,ck2:A:VAL116::NOS::motif_pair_1_5,root_balanced_selection_shift,0.00103441054821,0.000351748746795,0.00171707234963,0.00604814930234,14,1,0,0.00333165517563,0.00333165517563,0.00666331035127,Complete curve required,0.326600062326
discovery,ck2:A:VAL116::NOS::motif_pair_1_5,root_balanced_retained_shift,0.0044841046859,-0.0068040110652,0.015772220437,0.406333887289,14,1,0,0.00988263240283,0.00988263240283,0.0197652648057,Complete curve required,0.998966672469
discovery,ck2:A:VAL116::NOS::motif_pair_1_5,within_root_affinity_correlation,0.0768474176355,0.0152039257968,0.138490909474,0.0184310852248,14,0.97,,0.119348990127,,,"Undefined genealogical contrasts are omitted with reported quadrature coverage, never treated as zero",0.138743433719
discovery,ck2:A:VAL116::NOS::motif_pair_3,population_mean,0.272401020515,0.248494407278,0.296307633752,2.72573481429e-12,14,1,0.635773474503,0.603971008872,-0.0318024656306,-0.0636049312612,Complete curve required,3.82310857069e-12
discovery,ck2:A:VAL116::NOS::motif_pair_3,selected_mean,0.271650184085,0.246935157027,0.296365211143,4.31216922759e-12,14,1,0.635495337506,0.601815088767,-0.0336802487383,-0.0673604974765,Complete curve required,6.04823735817e-12
discovery,ck2:A:VAL116::NOS::motif_pair_3,selection_shift,-0.000750836429801,-0.00204052304363,0.000538850184033,0.230611695735,14,1,-0.000278136996952,-0.00215592010463,-0.00187778310768,-0.00375556621536,Complete curve required,0.638617003574
discovery,ck2:A:VAL116::NOS::motif_pair_3,retained_shift,-0.00109162986425,-0.0187240280166,0.0165407682881,0.895649091794,14,1,-0.110324300641,-0.00217462719885,0.108149673442,0.216299346885,Complete curve required,0.961328658763
discovery,ck2:A:VAL116::NOS::motif_pair_3,low_enrichment,-0.00176720359285,-0.00576844105521,0.00223403386952,0.357410236114,14,1,-0.00333604437875,-0.00139200554046,0.00194403883829,0.00388807767657,Complete curve required,0.537791115993
discovery,ck2:A:VAL116::NOS::motif_pair_3,high_enrichment,-0.0036881964534,-0.00716018583327,-0.000216207073526,0.0390264016432,14,1,0.000717547068413,-0.00713829679446,-0.00785584386287,-0.0157116877257,Complete curve required,0.0726698513357
discovery,ck2:A:VAL116::NOS::motif_pair_3,affinity_correlation,-0.0158552327814,-0.0750991721797,0.0433887066169,0.573028291426,14,1,0.0151058404494,-0.100895473486,-0.116001313936,-0.232002627871,Complete curve required,0.730611071568
discovery,ck2:A:VAL116::NOS::motif_pair_3,partial_affinity_correlation,0.0130080838111,-0.0248000413473,0.0508162089695,0.470528772573,14,1,0.00852650689051,-0.133084331628,-0.141610838519,-0.283221677038,Complete curve required,0.786709347911
discovery,ck2:A:VAL116::NOS::motif_pair_3,lag_gain_correlation,0.0322892935975,0.00269310864989,0.0618854785452,0.0347724378211,14,1,-0.0872777221307,0.0323422379856,0.119619960116,0.244122367584,"Undefined genealogical contrasts are omitted with reported quadrature coverage, never treated as zero",0.0817999542495
discovery,ck2:A:VAL116::NOS::motif_pair_3,lag_partial_gain_correlation,0.0260440129434,-0.00237209531551,0.0544601212023,0.0692705745779,14,1,-0.0478345777453,-0.0018030812208,0.0460314965245,0.0939418296419,"Undefined genealogical contrasts are omitted with reported quadrature coverage, never treated as zero",0.136022219171
discovery,ck2:A:VAL116::NOS::motif_pair_3,native_difference,0.012257263004,-0.0124706021539,0.0369851281619,0.303709402666,14,1,0,0.0262811256613,0.0262811256613,0.0525622513226,Complete curve required,0.462305509339
discovery,ck2:A:VAL116::NOS::motif_pair_3,lag_controlled_gain_correlation,-0.00794197089737,-0.0294997556694,0.0136158138746,0.44038875519,14,1,-0.0747295527272,-0.000488316730883,0.0742412359963,0.151512726523,"Undefined genealogical contrasts are omitted with reported quadrature coverage, never treated as zero",0.625815599481
discovery,ck2:A:VAL116::NOS::motif_pair_3,root_balanced_selection_shift,-0.00072604952972,-0.00174001578836,0.000287916728915,0.145871022911,14,1,0,-0.00202308544629,-0.00202308544629,-0.00404617089258,Complete curve required,0.644382535191
discovery,ck2:A:VAL116::NOS::motif_pair_3,root_balanced_retained_shift,-0.00473721987034,-0.0171395819254,0.00766514218468,0.424155079872,14,1,0,-0.00176403014433,-0.00176403014433,-0.00352806028865,Complete curve required,0.998966672469
discovery,ck2:A:VAL116::NOS::motif_pair_3,within_root_affinity_correlation,-0.0294278876235,-0.0995863146342,0.0407305393872,0.381337589912,14,0.97,,-0.100416882383,,,"Undefined genealogical contrasts are omitted with reported quadrature coverage, never treated as zero",0.605653819272
discovery,ck2:A:VAL116::NOS::motif_pair_5,population_mean,0.0162613881005,0.0127305632997,0.0197922129013,1.90762976496e-07,14,1,0.193591031615,0.140744609461,-0.0528464221537,-0.105692844307,Complete curve required,2.08105065268e-07
discovery,ck2:A:VAL116::NOS::motif_pair_5,selected_mean,0.0162931802308,0.0127089330163,0.0198774274452,2.21900644677e-07,14,1,0.197450949381,0.140457362053,-0.0569935873282,-0.113987174656,Complete curve required,2.39652696251e-07
discovery,ck2:A:VAL116::NOS::motif_pair_5,selection_shift,3.17921302467e-05,-0.000161038732039,0.000224622992532,0.727418756434,14,1,0.00385991776615,-0.00028724740838,-0.00414716517453,-0.00829433034906,Complete curve required,0.996730627894
discovery,ck2:A:VAL116::NOS::motif_pair_5,retained_shift,0.00155489114034,-0.000721252093063,0.00383103437374,0.163803814534,14,1,0.134019248286,-0.00267287614606,-0.136692124432,-0.273384248863,Complete curve required,0.888604591122
discovery,ck2:A:VAL116::NOS::motif_pair_5,low_enrichment,0.000177202693541,-0.0032650779854,0.00361948337248,0.913146892353,14,1,-0.00670904739305,0.00303212913998,0.00974117653303,0.0194823530661,Complete curve required,0.972710497816
discovery,ck2:A:VAL116::NOS::motif_pair_5,high_enrichment,-0.00404796403839,-0.0080448024488,-5.11256279703e-05,0.0475326865234,14,1,0.00177279180567,0.000287457414508,-0.00148533439116,-0.00297066878232,Complete curve required,0.0827988732988
discovery,ck2:A:VAL116::NOS::motif_pair_5,affinity_correlation,-0.0437927601578,-0.104826572038,0.017241051722,0.145112373387,14,1,0.0466516979892,-2.01802543258e-05,-0.0466718782435,-0.093343756487,Complete curve required,0.290224746775
discovery,ck2:A:VAL116::NOS::motif_pair_5,partial_affinity_correlation,-0.0177162390605,-0.0594601675559,0.024027689435,0.375908681758,14,1,0.0717248353088,-0.0302470805701,-0.101971915879,-0.203943831758,Complete curve required,0.786709347911
discovery,ck2:A:VAL116::NOS::motif_pair_5,lag_gain_correlation,0.0437758410653,0.00933838791586,0.0782132942148,0.0166585150172,14,1,0.14143351312,-0.00553718849964,-0.14697070162,-0.299940207388,"Undefined genealogical contrasts are omitted with reported quadrature coverage, never treated as zero",0.0671388935183
discovery,ck2:A:VAL116::NOS::motif_pair_5,lag_partial_gain_correlation,0.0333575897127,0.00241055484835,0.064304624577,0.0366550799934,14,1,0.14886357676,-0.0217194141374,-0.170582990898,-0.348128552853,"Undefined genealogical contrasts are omitted with reported quadrature coverage, never treated as zero",0.129218237146
discovery,ck2:A:VAL116::NOS::motif_pair_5,native_difference,0.000445430027842,-0.00323137976446,0.00412223982014,0.797638567854,14,1,0,0.0175065519487,0.0175065519487,0.0350131038973,Complete curve required,0.826856255414
discovery,ck2:A:VAL116::NOS::motif_pair_5,lag_controlled_gain_correlation,-0.00919130661439,-0.0353138573479,0.0169312441191,0.460739271657,14,1,0.166876278022,-0.0366236083111,-0.203499886333,-0.415305890475,"Undefined genealogical contrasts are omitted with reported quadrature coverage, never treated as zero",0.637946683833
discovery,ck2:A:VAL116::NOS::motif_pair_5,root_balanced_selection_shift,-2.14811142999e-05,-0.000158871424073,0.000115909195473,0.740924233286,14,1,0,-0.000450550522781,-0.000450550522781,-0.000901101045562,Complete curve required,0.985262702876
discovery,ck2:A:VAL116::NOS::motif_pair_5,root_balanced_retained_shift,-7.07392257992e-05,-0.000930559681787,0.000789081230188,0.86166831467,14,1,0,-0.00427628374279,-0.00427628374279,-0.00855256748558,Complete curve required,0.998966672469
discovery,ck2:A:VAL116::NOS::motif_pair_5,within_root_affinity_correlation,-0.0501665965125,-0.11493960742,0.0146064143948,0.118165648264,14,0.97,,-0.0131556844729,,,"Undefined genealogical contrasts are omitted with reported quadrature coverage, never treated as zero",0.335839210857
discovery,ck2:A:VAL116::NOS::motif_shell_2,population_mean,0.000301549790575,0.000267762874236,0.000335336706913,6.02406978443e-11,14,1,0.000986177186051,0.00265759202768,0.00167141484163,0.00334282968326,Complete curve required,7.39317655362e-11
discovery,ck2:A:VAL116::NOS::motif_shell_2,selected_mean,0.000302885104287,0.000269336143604,0.00033643406497,5.21271671938e-11,14,1,0.00102716680374,0.00267140157141,0.00164423476767,0.00328846953535,Complete curve required,6.3974250647e-11
discovery,ck2:A:VAL116::NOS::motif_shell_2,selection_shift,1.33531371273e-06,-7.00316246327e-07,3.37094367179e-06,0.179960715381,14,1,4.09896176865e-05,1.38095437304e-05,-2.71800739561e-05,-5.43601479122e-05,Complete curve required,0.571639919446
discovery,ck2:A:VAL116::NOS::motif_shell_2,retained_shift,-2.3745833467e-06,-1.40726249056e-05,9.32345821219e-06,0.668199563907,14,1,-0.000631050815106,6.48696997812e-07,0.000631699512103,0.00126339902421,Complete curve required,0.888604591122
discovery,ck2:A:VAL116::NOS::motif_shell_2,low_enrichment,0.000679983281626,-0.00244944932272,0.00380941588597,0.646546127818,14,1,-0.0145551135256,-0.0131224510167,0.00143266250894,0.00286532501789,Complete curve required,0.802608986257
discovery,ck2:A:VAL116::NOS::motif_shell_2,high_enrichment,-0.00526424829613,-0.00862400072155,-0.00190449587071,0.0048811299106,14,1,0.00070535781575,0.00705767727202,0.00635231945627,0.0127046389125,Complete curve required,0.0135169751371
discovery,ck2:A:VAL116::NOS::motif_shell_2,affinity_correlation,-0.0444497961857,-0.094254576778,0.00535498440661,0.0759745112765,14,1,0.00215449473222,0.19702718895,0.194872694218,0.389745388435,Complete curve required,0.193735003755
discovery,ck2:A:VAL116::NOS::motif_shell_2,partial_affinity_correlation,-0.014694776906,-0.0530436926902,0.0236541388783,0.422707570343,14,1,0.0150409370948,0.0535806162062,0.0385396791114,0.0770793582228,Complete curve required,0.786709347911
discovery,ck2:A:VAL116::NOS::motif_shell_2,lag_gain_correlation,0.0435330706701,0.0148525239567,0.0722136173836,0.00598312851109,14,1,-0.0353188594611,0.0643491447592,0.0996680042204,0.203404090246,"Undefined genealogical contrasts are omitted with reported quadrature coverage, never treated as zero",0.0671388935183
discovery,ck2:A:VAL116::NOS::motif_shell_2,lag_partial_gain_correlation,0.0342049995874,0.00843094359597,0.0599790555789,0.0132177919967,14,1,-0.0276499081072,0.0890570796979,0.116706987805,0.238177526133,"Undefined genealogical contrasts are omitted with reported quadrature coverage, never treated as zero",0.124632382214
discovery,ck2:A:VAL116::NOS::motif_shell_2,native_difference,3.01151162598e-05,-2.90764639676e-06,6.31378789163e-05,0.0705023047313,14,1,0,0.000378212848669,0.000378212848669,0.000756425697339,Complete curve required,0.247058881334
discovery,ck2:A:VAL116::NOS::motif_shell_2,lag_controlled_gain_correlation,-0.0112813035445,-0.0317927674106,0.00923016032154,0.256008282252,14,1,-0.0411496864674,0.0486256723335,0.0897753588009,0.183215017961,"Undefined genealogical contrasts are omitted with reported quadrature coverage, never treated as zero",0.564263152719
discovery,ck2:A:VAL116::NOS::motif_shell_2,root_balanced_selection_shift,8.34455697275e-07,-1.09091681639e-06,2.75982821094e-06,0.366185890971,14,1,0,1.32697076261e-05,1.32697076261e-05,2.65394152522e-05,Complete curve required,0.818641939428
discovery,ck2:A:VAL116::NOS::motif_shell_2,root_balanced_retained_shift,2.70858961878e-06,-8.25565174122e-06,1.36728309788e-05,0.602559488148,14,1,0,-1.050970223e-05,-1.050970223e-05,-2.10194044599e-05,Complete curve required,0.998966672469
discovery,ck2:A:VAL116::NOS::motif_shell_2,within_root_affinity_correlation,-0.044996003178,-0.109175737114,0.0191837307575,0.153798291982,14,0.97,,0.183954421681,,,"Undefined genealogical contrasts are omitted with reported quadrature coverage, never treated as zero",0.361091642045
discovery,ck2:A:VAL116::NOS::motif_shell_4,population_mean,0.0629949005119,0.0592575126391,0.0667322883848,1.79930094332e-14,14,1,0.115016291534,0.275603862866,0.160587571331,0.321175142663,Complete curve required,2.90036569968e-14
discovery,ck2:A:VAL116::NOS::motif_shell_4,selected_mean,0.0630274039376,0.0592983406006,0.0667564672746,1.73676967801e-14,14,1,0.117712228721,0.276330192862,0.158617964141,0.317235928282,Complete curve required,2.7995690332e-14
discovery,ck2:A:VAL116::NOS::motif_shell_4,selection_shift,3.25034256584e-05,-0.000151222210966,0.000216229062283,0.70849032074,14,1,0.00269593718743,0.000726329996726,-0.00196960719071,-0.00393921438141,Complete curve required,0.996730627894
discovery,ck2:A:VAL116::NOS::motif_shell_4,retained_shift,0.000426398888205,-0.00160375870027,0.00245655647668,0.657492754387,14,1,-0.0062983057561,-0.00100311215151,0.00529519360459,0.0105903872092,Complete curve required,0.888604591122
discovery,ck2:A:VAL116::NOS::motif_shell_4,low_enrichment,1.92205552062e-05,-0.00394261085784,0.00398105196825,0.99179675531,14,1,-0.0140014990004,-0.0149641174753,-0.00096261847494,-0.00192523694988,Complete curve required,0.99179675531
discovery,ck2:A:VAL116::NOS::motif_shell_4,high_enrichment,-0.00431472816996,-0.0085079932104,-0.000121463129528,0.0445763655727,14,1,0.00114959053796,0.00718345305951,0.00603386252155,0.0120677250431,Complete curve required,0.0802374580308
discovery,ck2:A:VAL116::NOS::motif_shell_4,affinity_correlation,-0.0375945075593,-0.0978800665978,0.0226910514792,0.200923157493,14,1,0.0648888119068,0.141588517703,0.0766997057963,0.153399411593,Complete curve required,0.356809691301
discovery,ck2:A:VAL116::NOS::motif_shell_4,partial_affinity_correlation,-0.0215464193274,-0.067128699017,0.0240358603621,0.325792688198,14,1,0.0895073349566,0.0606222556141,-0.0288850793425,-0.0577701586849,Complete curve required,0.786709347911
discovery,ck2:A:VAL116::NOS::motif_shell_4,lag_gain_correlation,0.0429613942057,0.0111974986326,0.0747252897788,0.0118959219528,14,1,-0.0201298390755,0.03949839179,0.0596282308654,0.121690267072,"Undefined genealogical contrasts are omitted with reported quadrature coverage, never treated as zero",0.0671388935183
discovery,ck2:A:VAL116::NOS::motif_shell_4,lag_partial_gain_correlation,0.0327094316472,0.00491237054605,0.0605064927484,0.024554260005,14,1,0.0140794708038,0.0500142124643,0.0359347416605,0.0733362074705,"Undefined genealogical contrasts are omitted with reported quadrature coverage, never treated as zero",0.124632382214
discovery,ck2:A:VAL116::NOS::motif_shell_4,native_difference,0.00487363386511,0.00113448679983,0.00861278093038,0.0145807108506,14,1,0,0.0309095769568,0.0309095769568,0.0618191539136,Complete curve required,0.0896316700875
discovery,ck2:A:VAL116::NOS::motif_shell_4,lag_controlled_gain_correlation,-0.0103481548731,-0.0320787351678,0.0113824254216,0.32234827135,14,1,0.00964134346183,0.0721230025973,0.0624816591354,0.127513590072,"Undefined genealogical contrasts are omitted with reported quadrature coverage, never treated as zero",0.588162200682
discovery,ck2:A:VAL116::NOS::motif_shell_4,root_balanced_selection_shift,2.34058167059e-06,-0.000163504797848,0.000168185961189,0.976139900072,14,1,0,0.000675769482002,0.000675769482002,0.001351538964,Complete curve required,0.985262702876
discovery,ck2:A:VAL116::NOS::motif_shell_4,root_balanced_retained_shift,0.000163716679596,-0.00157970712638,0.00190714048557,0.842377362724,14,1,0,-0.00176715063102,-0.00176715063102,-0.00353430126205,Complete curve required,0.998966672469
discovery,ck2:A:VAL116::NOS::motif_shell_4,within_root_affinity_correlation,-0.0404095934672,-0.1159842034,0.035165016466,0.268822435968,14,0.97,,0.131354177894,,,"Undefined genealogical contrasts are omitted with reported quadrature coverage, never treated as zero",0.483880384742
discovery,ck2:A:VAL116::NOS::motif_shell_6,population_mean,0.575700433941,0.565415992273,0.585984875609,3.17575786352e-21,14,1,0.728238972718,0.633215920601,-0.0950230521173,-0.190046104235,Complete curve required,6.72513429923e-21
discovery,ck2:A:VAL116::NOS::motif_shell_6,selected_mean,0.57563428221,0.565064880183,0.586203684237,4.53597033884e-21,14,1,0.738635625251,0.633105389329,-0.105530235922,-0.211060471845,Complete curve required,9.60558424696e-21
discovery,ck2:A:VAL116::NOS::motif_shell_6,selection_shift,-6.61517303878e-05,-0.000586237744631,0.000453934283855,0.787799492124,14,1,0.010396652533,-0.000110531272014,-0.010507183805,-0.0210143676101,Complete curve required,0.996730627894
discovery,ck2:A:VAL116::NOS::motif_shell_6,retained_shift,0.00207459275026,-0.0054839682164,0.00963315371693,0.563384983179,14,1,0.0904707249973,-0.00298804518529,-0.0934587701826,-0.186917540365,Complete curve required,0.888604591122
discovery,ck2:A:VAL116::NOS::motif_shell_6,low_enrichment,-0.00177327636512,-0.00690592895105,0.00335937622081,0.468718953793,14,1,-0.0138510981707,-0.00269475715103,0.0111563410196,0.0223126820393,Complete curve required,0.674955293461
discovery,ck2:A:VAL116::NOS::motif_shell_6,high_enrichment,-0.00279432720723,-0.0080802987016,0.00249164428713,0.274037691771,14,1,0.00916503356204,-0.00328451045277,-0.0124495440148,-0.0248990880296,Complete curve required,0.348189067191
discovery,ck2:A:VAL116::NOS::motif_shell_6,affinity_correlation,-0.0226959990834,-0.09225796631,0.0468659681432,0.493330690273,14,1,0.223664984555,-0.0625329433998,-0.286197927955,-0.57239585591,Complete curve required,0.698885144553
discovery,ck2:A:VAL116::NOS::motif_shell_6,partial_affinity_correlation,-0.0242677543346,-0.0882516242803,0.0397161156112,0.427335000657,14,1,0.231681296058,-0.108487293224,-0.340168589281,-0.680337178563,Complete curve required,0.786709347911
discovery,ck2:A:VAL116::NOS::motif_shell_6,lag_gain_correlation,0.0263995794285,-0.00411163106315,0.0569107899201,0.084280358243,14,1,0.040541750271,-0.0736525579408,-0.114194308212,-0.233049608595,"Undefined genealogical contrasts are omitted with reported quadrature coverage, never treated as zero",0.137827609791
discovery,ck2:A:VAL116::NOS::motif_shell_6,lag_partial_gain_correlation,0.019049426891,-0.00757103960165,0.0456698933836,0.146107326746,14,1,0.193648320405,-0.0962041067794,-0.289852427184,-0.591535565681,"Undefined genealogical contrasts are omitted with reported quadrature coverage, never treated as zero",0.23551628789
discovery,ck2:A:VAL116::NOS::motif_shell_6,native_difference,0.0140510341469,0.00400385228992,0.0240982160039,0.00982817864069,14,1,0,0.00612614609016,0.00612614609016,0.0122522921803,Complete curve required,0.0868834009226
discovery,ck2:A:VAL116::NOS::motif_shell_6,lag_controlled_gain_correlation,-0.0162557363091,-0.0417346708828,0.00922319826459,0.191361164994,14,1,0.22016536639,-0.086762441704,-0.306927808094,-0.626383281824,"Undefined genealogical contrasts are omitted with reported quadrature coverage, never treated as zero",0.480628042311
discovery,ck2:A:VAL116::NOS::motif_shell_6,root_balanced_selection_shift,-0.000168160145493,-0.0005680363177,0.000231716026714,0.380147802002,14,1,0,-0.000115601596347,-0.000115601596347,-0.000231203192694,Complete curve required,0.821119252323
discovery,ck2:A:VAL116::NOS::motif_shell_6,root_balanced_retained_shift,-0.000424147090842,-0.00609950932156,0.00525121513988,0.874217496897,14,1,0,-0.002846968979,-0.002846968979,-0.00569393795799,Complete curve required,0.998966672469
discovery,ck2:A:VAL116::NOS::motif_shell_6,within_root_affinity_correlation,-0.027495450025,-0.113635523442,0.0586446233919,0.502583633015,14,0.97,,-0.0508765878149,,,"Undefined genealogical contrasts are omitted with reported quadrature coverage, never treated as zero",0.684747011295
discovery,ck2:A:VAL116::NOS::proposal_motif_centroid_x,population_mean,2.05744734485,2.05305412864,2.06184056105,3.24534455532e-33,14,1,2.25146907527,1.87695920861,-0.374509866661,-0.749019733323,Complete curve required,1.94720673319e-32
discovery,ck2:A:VAL116::NOS::proposal_motif_centroid_x,selected_mean,2.05745802333,2.05319353468,2.06172251199,2.20460338357e-33,14,1,2.25152416694,1.87694370882,-0.374580458111,-0.749160916222,Complete curve required,1.32276203014e-32
discovery,ck2:A:VAL116::NOS::proposal_motif_centroid_x,selection_shift,1.06784843768e-05,-0.000221954721391,0.000243311690144,0.92251879765,14,1,5.50916654423e-05,-1.54997840896e-05,-7.05914495319e-05,-0.000141182899064,Complete curve required,0.996730627894
discovery,ck2:A:VAL116::NOS::proposal_motif_centroid_x,retained_shift,0.00201743136645,-0.00374012534647,0.00777498807937,0.462557624207,14,1,-0.00164651057118,-0.000564277450917,0.00108223312026,0.00216446624052,Complete curve required,0.888604591122
discovery,ck2:A:VAL116::NOS::proposal_motif_centroid_x,low_enrichment,-0.00193400256043,-0.00510599665401,0.00123799153316,0.210516285976,14,1,0.00394786526236,-0.00596458574057,-0.00991245100293,-0.0198249020059,Complete curve required,0.378929314758
discovery,ck2:A:VAL116::NOS::proposal_motif_centroid_x,high_enrichment,-0.00112391578879,-0.00397015733929,0.00172232576171,0.409057979666,14,1,0.00407694618562,-0.00682704389917,-0.0109039900848,-0.0218079801696,Complete curve required,0.475035073161
discovery,ck2:A:VAL116::NOS::proposal_motif_centroid_x,affinity_correlation,-0.000770886764868,-0.043651821756,0.0421100482262,0.969609833936,14,1,0.00566354627096,0.0205681971032,0.0149046508323,0.0298093016645,Complete curve required,0.969609833936
discovery,ck2:A:VAL116::NOS::proposal_motif_centroid_x,partial_affinity_correlation,-0.00837646346916,-0.0370051277756,0.0202522008373,0.538278293313,14,1,-0.0267151073577,0.0144072640197,0.0411223713774,0.0822447427549,Complete curve required,0.811834227545
discovery,ck2:A:VAL116::NOS::proposal_motif_centroid_x,lag_gain_correlation,0.0339653228101,0.0163772160035,0.0515534296167,0.00109528185414,14,1,-0.0121331034746,0.035775896244,0.0479089997186,0.0977734688135,"Undefined genealogical contrasts are omitted with reported quadrature coverage, never treated as zero",0.0295726100618
discovery,ck2:A:VAL116::NOS::proposal_motif_centroid_x,lag_partial_gain_correlation,0.0319662917119,0.0173147205682,0.0466178628556,0.000405283052695,14,1,-0.0226507097875,0.0620022293907,0.0846529391781,0.172761100364,"Undefined genealogical contrasts are omitted with reported quadrature coverage, never treated as zero",0.0109426424228
discovery,ck2:A:VAL116::NOS::proposal_motif_centroid_x,native_difference,0.00474231287402,-0.000335220122707,0.00981984587076,0.0647477656887,14,1,0,0.0161099263142,0.0161099263142,0.0322198526283,Complete curve required,0.241788274962
discovery,ck2:A:VAL116::NOS::proposal_motif_centroid_x,lag_controlled_gain_correlation,0.00679473715012,-0.00986321790315,0.0234526922034,0.394205522577,14,1,-0.00305108653436,0.0807977198216,0.083848806356,0.171120012971,"Undefined genealogical contrasts are omitted with reported quadrature coverage, never treated as zero",0.596961864557
discovery,ck2:A:VAL116::NOS::proposal_motif_centroid_x,root_balanced_selection_shift,-1.42015819065e-05,-0.000212926324541,0.000184523160728,0.87967516482,14,1,0,-3.10390689358e-05,-3.10390689358e-05,-6.20781378716e-05,Complete curve required,0.985262702876
discovery,ck2:A:VAL116::NOS::proposal_motif_centroid_x,root_balanced_retained_shift,-5.94009991395e-05,-0.00520110388915,0.00508230189087,0.980467289645,14,1,0,-0.000798387292142,-0.000798387292142,-0.00159677458428,Complete curve required,0.998966672469
discovery,ck2:A:VAL116::NOS::proposal_motif_centroid_x,within_root_affinity_correlation,-0.0116927280839,-0.0516751516115,0.0282896954438,0.538474466202,14,0.987142857143,,0.0140481012314,,,"Undefined genealogical contrasts are omitted with reported quadrature coverage, never treated as zero",0.692324313688
discovery,ck2:A:VAL116::NOS::proposal_motif_centroid_y,population_mean,-4.44284309091,-4.47899830299,-4.40668787883,1.16021236149e-25,14,1,-5.23543875571,-3.64222505146,1.59321370425,3.1864274085,Complete curve required,2.61047781336e-25
discovery,ck2:A:VAL116::NOS::proposal_motif_centroid_y,selected_mean,-4.44289184555,-4.48046148755,-4.40532220355,1.91027831249e-25,14,1,-5.23520177024,-3.63760883635,1.59759293388,3.19518586777,Complete curve required,4.29812620311e-25
discovery,ck2:A:VAL116::NOS::proposal_motif_centroid_y,selection_shift,-4.87546457447e-05,-0.00233477418807,0.00223726489658,0.963950859789,14,1,0.000236985476677,0.00461621510774,0.00437922963106,0.00875845926212,Complete curve required,0.996730627894
discovery,ck2:A:VAL116::NOS::proposal_motif_centroid_y,retained_shift,-0.000755744719487,-0.0159520116568,0.0144405222178,0.916080347803,14,1,-0.0138999355461,-0.00203643840279,0.0118634971433,0.0237269942866,Complete curve required,0.961328658763
discovery,ck2:A:VAL116::NOS::proposal_motif_centroid_y,low_enrichment,-0.000654159503426,-0.0067921244582,0.00548380545134,0.821486144291,14,1,-0.000422828054346,-0.00330073654336,-0.00287790848901,-0.00575581697802,Complete curve required,0.905311261055
discovery,ck2:A:VAL116::NOS::proposal_motif_centroid_y,high_enrichment,-0.00306731301274,-0.00961024918244,0.00347562315697,0.329646918662,14,1,0.00303740542867,0.00364518988981,0.000607784461136,0.00121556892227,Complete curve required,0.395576302394
discovery,ck2:A:VAL116::NOS::proposal_motif_centroid_y,affinity_correlation,0.0110972785499,-0.0768435821114,0.0990381392111,0.789429575742,14,1,0.00905788891782,-0.0165117839914,-0.0255696729093,-0.0511393458185,Complete curve required,0.894686852508
discovery,ck2:A:VAL116::NOS::proposal_motif_centroid_y,partial_affinity_correlation,-0.00619691411669,-0.0613470579985,0.0489532297651,0.811988115088,14,1,0.00998542039642,-0.0180981704713,-0.0280835908678,-0.0561671817355,Complete curve required,0.945191366722
discovery,ck2:A:VAL116::NOS::proposal_motif_centroid_y,lag_gain_correlation,0.00575855083969,-0.0304941488938,0.0420112505732,0.736961584403,14,1,0.0199442474768,0.132086317883,0.112142070406,0.228861368176,"Undefined genealogical contrasts are omitted with reported quadrature coverage, never treated as zero",0.795918511155
discovery,ck2:A:VAL116::NOS::proposal_motif_centroid_y,lag_partial_gain_correlation,0.0088020889155,-0.0230897826796,0.0406939605106,0.561242862381,14,1,0.0394514700953,0.109745329021,0.0702938589262,0.143456854951,"Undefined genealogical contrasts are omitted with reported quadrature coverage, never treated as zero",0.695582786412
discovery,ck2:A:VAL116::NOS::proposal_motif_centroid_y,native_difference,0.0179474782678,-0.0157536966621,0.0516486531977,0.270662138144,14,1,0,0.0156869535677,0.0156869535677,0.0313739071354,Complete curve required,0.445510661504
discovery,ck2:A:VAL116::NOS::proposal_motif_centroid_y,lag_controlled_gain_correlation,-0.00192833728281,-0.0328119048313,0.0289552302657,0.894764100447,14,1,0.0716608542632,0.102937440317,0.0312765860541,0.0638297674574,"Undefined genealogical contrasts are omitted with reported quadrature coverage, never treated as zero",0.934161360143
discovery,ck2:A:VAL116::NOS::proposal_motif_centroid_y,root_balanced_selection_shift,-0.000299679400967,-0.00229414658807,0.00169478778613,0.750642709891,14,1,0,0.0052853628948,0.0052853628948,0.0105707257896,Complete curve required,0.985262702876
discovery,ck2:A:VAL116::NOS::proposal_motif_centroid_y,root_balanced_retained_shift,-0.000918878059957,-0.0159565884106,0.0141188322907,0.896998320492,14,1,0,-0.000423275088,-0.000423275088,-0.000846550176,Complete curve required,0.998966672469
discovery,ck2:A:VAL116::NOS::proposal_motif_centroid_y,within_root_affinity_correlation,0.00690190718911,-0.0697041848929,0.0835079992711,0.848683066625,14,0.987142857143,,-0.00463981042645,,,"Undefined genealogical contrasts are omitted with reported quadrature coverage, never treated as zero",0.921187416521
discovery,ck2:A:VAL116::NOS::proposal_motif_centroid_z,population_mean,5.63853812629,5.61173262515,5.66534362742,1.07145695347e-28,14,1,6.10760228136,5.19901540024,-0.908586881119,-1.81717376224,Complete curve required,2.89293377438e-28
discovery,ck2:A:VAL116::NOS::proposal_motif_centroid_z,selected_mean,5.63858477958,5.61054048361,5.66662907555,1.92743737941e-28,14,1,6.10684143999,5.19845433775,-0.908387102238,-1.81677420448,Complete curve required,5.20408092441e-28
discovery,ck2:A:VAL116::NOS::proposal_motif_centroid_z,selection_shift,4.6653293368e-05,-0.00175987354965,0.00185318013639,0.95635649532,14,1,-0.00076084137506,-0.00056106249412,0.00019977888094,0.000399557761881,Complete curve required,0.996730627894
discovery,ck2:A:VAL116::NOS::proposal_motif_centroid_z,retained_shift,-0.00529276538809,-0.0291450031431,0.018559472367,0.63963104474,14,1,0.00766711592837,0.00773856830817,7.1452379793e-05,0.000142904759586,Complete curve required,0.888604591122
discovery,ck2:A:VAL116::NOS::proposal_motif_centroid_z,low_enrichment,-0.00223253310767,-0.00728212727229,0.00281706105695,0.356929300164,14,1,0.00317063349573,0.00440644962448,0.00123581612875,0.00247163225749,Complete curve required,0.537791115993
discovery,ck2:A:VAL116::NOS::proposal_motif_centroid_z,high_enrichment,-0.000723925032034,-0.005804585146,0.00435673508193,0.76309325607,14,1,-0.0110456377863,-0.00841909163437,0.00262654615189,0.00525309230378,Complete curve required,0.815980907481
discovery,ck2:A:VAL116::NOS::proposal_motif_centroid_z,affinity_correlation,0.0167545880391,-0.0594355837914,0.0929447598696,0.642615610048,14,1,-0.0675263338892,-0.0683145117629,-0.000788177873764,-0.00157635574753,Complete curve required,0.771138732057
discovery,ck2:A:VAL116::NOS::proposal_motif_centroid_z,partial_affinity_correlation,0.0169324927314,-0.0159000333195,0.0497650187823,0.285389364638,14,1,-0.0642817420181,-0.0590762423177,0.00520549970033,0.0104109994007,Complete curve required,0.786709347911
discovery,ck2:A:VAL116::NOS::proposal_motif_centroid_z,lag_gain_correlation,-0.036848144181,-0.0698591539111,-0.00383713445087,0.0314022610456,14,1,-0.0156096551348,0.0608276897883,0.0764373449231,0.155994581476,"Undefined genealogical contrasts are omitted with reported quadrature coverage, never treated as zero",0.0817999542495
discovery,ck2:A:VAL116::NOS::proposal_motif_centroid_z,lag_partial_gain_correlation,-0.0290541610462,-0.0572889675933,-0.000819354499092,0.0445669579909,14,1,-0.0282440212487,0.0425001219025,0.0707441431512,0.144375802349,"Undefined genealogical contrasts are omitted with reported quadrature coverage, never treated as zero",0.129218237146
discovery,ck2:A:VAL116::NOS::proposal_motif_centroid_z,native_difference,-0.0355710807673,-0.0613758127011,-0.00976634883352,0.0106811699527,14,1,0,-0.121887621899,-0.121887621899,-0.243775243798,Complete curve required,0.0868834009226
discovery,ck2:A:VAL116::NOS::proposal_motif_centroid_z,lag_controlled_gain_correlation,0.0117039598535,-0.00647162514811,0.0298795448551,0.187532620714,14,1,0.00916243155345,-0.0405964636005,-0.049758895154,-0.10154876562,"Undefined genealogical contrasts are omitted with reported quadrature coverage, never treated as zero",0.480628042311
discovery,ck2:A:VAL116::NOS::proposal_motif_centroid_z,root_balanced_selection_shift,3.3910706239e-05,-0.00138592027884,0.00145374169131,0.959633880445,14,1,0,6.10445762647e-05,6.10445762647e-05,0.000122089152529,Complete curve required,0.985262702876
discovery,ck2:A:VAL116::NOS::proposal_motif_centroid_z,root_balanced_retained_shift,-0.00077732462201,-0.0205613424258,0.0190066931818,0.933648464707,14,1,0,0.0109363713857,0.0109363713857,0.0218727427714,Complete curve required,0.998966672469
discovery,ck2:A:VAL116::NOS::proposal_motif_centroid_z,within_root_affinity_correlation,0.0171796394836,-0.0635296628025,0.0978889417697,0.653218506744,14,0.987142857143,,-0.05975098304,,,"Undefined genealogical contrasts are omitted with reported quadrature coverage, never treated as zero",0.783862208093
discovery,ck2:A:VAL116::NOS::proposal_motif_pair_1_5,population_mean,0.604390518293,0.582026538598,0.626754497987,4.03063901059e-17,14,1,0.198809540001,0.30648964017,0.107680100169,0.215360200338,Complete curve required,7.02111311521e-17
discovery,ck2:A:VAL116::NOS::proposal_motif_pair_1_5,selected_mean,0.605846569207,0.583090332493,0.628602805921,4.89386412094e-17,14,1,0.199126203202,0.309698829343,0.11057262614,0.22114525228,Complete curve required,8.52479556551e-17
discovery,ck2:A:VAL116::NOS::proposal_motif_pair_1_5,selection_shift,0.00145605091414,0.000307147157062,0.00260495467122,0.0169239010115,14,1,0.000316663201119,0.00320918917237,0.00289252597125,0.0057850519425,Complete curve required,0.228472663655
discovery,ck2:A:VAL116::NOS::proposal_motif_pair_1_5,retained_shift,0.0038637024014,-0.0142633703884,0.0219907751912,0.652784837963,14,1,-0.0101621754216,0.0075170144064,0.017679189828,0.035358379656,Complete curve required,0.888604591122
discovery,ck2:A:VAL116::NOS::proposal_motif_pair_1_5,low_enrichment,-0.00693301269169,-0.0110125214304,-0.00285350395297,0.00281928140028,14,1,-0.00124479463977,-0.0111464752501,-0.00990168061031,-0.0198033612206,Complete curve required,0.0353580331294
discovery,ck2:A:VAL116::NOS::proposal_motif_pair_1_5,high_enrichment,0.00375580630977,-0.000378889855564,0.0078905024751,0.0714825290935,14,1,0.000808925563065,0.00926201898076,0.00845309341769,0.0169061868354,Complete curve required,0.120171803206
discovery,ck2:A:VAL116::NOS::proposal_motif_pair_1_5,affinity_correlation,0.0800772995393,0.0161780345012,0.143976564577,0.0179413565615,14,1,0.053495231441,0.110890456823,0.0573952253821,0.114790450764,Complete curve required,0.0688550808754
discovery,ck2:A:VAL116::NOS::proposal_motif_pair_1_5,partial_affinity_correlation,0.0676508860762,0.00377455013203,0.13152722202,0.0395266922998,14,1,0.0568847773461,0.138184433256,0.08129965591,0.16259931182,Complete curve required,0.786709347911
discovery,ck2:A:VAL116::NOS::proposal_motif_pair_1_5,lag_gain_correlation,0.0243341854814,-0.00040672597373,0.0490750969365,0.0533471532518,14,1,0.0525645473017,-0.00891255031428,-0.061477097616,-0.125463464522,"Undefined genealogical contrasts are omitted with reported quadrature coverage, never treated as zero",0.106710732466
discovery,ck2:A:VAL116::NOS::proposal_motif_pair_1_5,lag_partial_gain_correlation,0.0297892938445,0.00192420620185,0.0576543814872,0.0379794305154,14,1,0.0736583944947,0.0355349228176,-0.0381234716771,-0.0778030034226,"Undefined genealogical contrasts are omitted with reported quadrature coverage, never treated as zero",0.129218237146
discovery,ck2:A:VAL116::NOS::proposal_motif_pair_1_5,native_difference,-0.00641647360565,-0.0291921246375,0.0163591774262,0.553256302173,14,1,0,-0.0442948226914,-0.0442948226914,-0.0885896453829,Complete curve required,0.685813309891
discovery,ck2:A:VAL116::NOS::proposal_motif_pair_1_5,lag_controlled_gain_correlation,0.0153648289307,-0.0186666856283,0.0493963434896,0.34717287358,14,1,0.13918670633,0.0600839877229,-0.0791027186068,-0.161434119606,"Undefined genealogical contrasts are omitted with reported quadrature coverage, never treated as zero",0.592399205839
discovery,ck2:A:VAL116::NOS::proposal_motif_pair_1_5,root_balanced_selection_shift,0.00106609645737,0.000366178626728,0.00176601428801,0.00585242838923,14,1,0,0.00330622725747,0.00330622725747,0.00661245451495,Complete curve required,0.326600062326
discovery,ck2:A:VAL116::NOS::proposal_motif_pair_1_5,root_balanced_retained_shift,0.00484774865592,-0.00680608339264,0.0165015807045,0.385172549734,14,1,0,0.00959710430548,0.00959710430548,0.019194208611,Complete curve required,0.998966672469
discovery,ck2:A:VAL116::NOS::proposal_motif_pair_1_5,within_root_affinity_correlation,0.0761688888862,0.0152220386128,0.13711573916,0.0181960246774,14,0.987142857143,,0.115185216877,,,"Undefined genealogical contrasts are omitted with reported quadrature coverage, never treated as zero",0.138743433719
discovery,ck2:A:VAL116::NOS::proposal_motif_pair_3,population_mean,0.280091473993,0.256084975106,0.304097972879,2.01557532908e-12,14,1,0.000765063269978,0.599981566293,0.599216503023,1.19843300605,Complete curve required,2.86423862553e-12
discovery,ck2:A:VAL116::NOS::proposal_motif_pair_3,selected_mean,0.279350626356,0.254519587997,0.304181664715,3.20642892868e-12,14,1,0.000768061095073,0.597986712758,0.597218651663,1.19443730333,Complete curve required,4.55650426707e-12
discovery,ck2:A:VAL116::NOS::proposal_motif_pair_3,selection_shift,-0.000740847636687,-0.00209754352888,0.000615848255502,0.259255217333,14,1,2.99782509492e-06,-0.00199485353482,-0.00199785135991,-0.00399570271983,Complete curve required,0.671027761402
discovery,ck2:A:VAL116::NOS::proposal_motif_pair_3,retained_shift,-0.00010100919988,-0.0187789479011,0.0185769295014,0.990855801675,14,1,-8.92605473131e-05,-0.00150988895197,-0.00142062840466,-0.00284125680931,Complete curve required,0.990855801675
discovery,ck2:A:VAL116::NOS::proposal_motif_pair_3,low_enrichment,-0.00168127478451,-0.00542908498482,0.00206653541581,0.350158821755,14,1,-0.00144995570278,-0.0020779634631,-0.00062800776032,-0.00125601552064,Complete curve required,0.537791115993
discovery,ck2:A:VAL116::NOS::proposal_motif_pair_3,high_enrichment,-0.00346944633214,-0.00732342223125,0.000384529566968,0.0737529012938,14,1,0.00171779720399,-0.00348720450053,-0.00520500170452,-0.010410003409,Complete curve required,0.120686565754
discovery,ck2:A:VAL116::NOS::proposal_motif_pair_3,affinity_correlation,-0.0117047793125,-0.0709879932152,0.0475784345902,0.676693171293,14,1,0.0574301838787,-0.0878750098047,-0.145305193683,-0.290610387367,Complete curve required,0.802589575255
discovery,ck2:A:VAL116::NOS::proposal_motif_pair_3,partial_affinity_correlation,0.0188228858171,-0.0172472359716,0.0548930076059,0.279964885463,14,1,0.0590189490735,-0.118774649895,-0.177793598969,-0.355587197938,Complete curve required,0.786709347911
discovery,ck2:A:VAL116::NOS::proposal_motif_pair_3,lag_gain_correlation,0.0345491034265,0.00637223734596,0.062725969507,0.0200521838224,14,1,0.0550536634089,0.0256746032139,-0.029379060195,-0.0599572657041,"Undefined genealogical contrasts are omitted with reported quadrature coverage, never treated as zero",0.071393660099
discovery,ck2:A:VAL116::NOS::proposal_motif_pair_3,lag_partial_gain_correlation,0.0286846131856,0.00227950792181,0.0550897184493,0.0354321936523,14,1,0.0792377034026,0.00348984401711,-0.0757478593855,-0.154587468134,"Undefined genealogical contrasts are omitted with reported quadrature coverage, never treated as zero",0.129218237146
discovery,ck2:A:VAL116::NOS::proposal_motif_pair_3,native_difference,0.0131281661248,-0.0115867059687,0.0378430382183,0.271832892643,14,1,0,0.0228393923789,0.0228393923789,0.0456787847578,Complete curve required,0.445510661504
discovery,ck2:A:VAL116::NOS::proposal_motif_pair_3,lag_controlled_gain_correlation,-0.00620670298596,-0.026897535916,0.014484129944,0.528230911491,14,1,0.147210961309,0.00091176554957,-0.146299195759,-0.298569787263,"Undefined genealogical contrasts are omitted with reported quadrature coverage, never treated as zero",0.679154029059
discovery,ck2:A:VAL116::NOS::proposal_motif_pair_3,root_balanced_selection_shift,-0.000713826572421,-0.00177898784552,0.000351334700678,0.171360660392,14,1,0,-0.00183520050316,-0.00183520050316,-0.00367040100632,Complete curve required,0.644382535191
discovery,ck2:A:VAL116::NOS::proposal_motif_pair_3,root_balanced_retained_shift,-0.0050518851296,-0.017956149117,0.00785237885777,0.412982625346,14,1,0,-0.000884071337583,-0.000884071337583,-0.00176814267517,Complete curve required,0.998966672469
discovery,ck2:A:VAL116::NOS::proposal_motif_pair_3,within_root_affinity_correlation,-0.0246214844272,-0.0934477439433,0.0442047750889,0.453441888389,14,0.987142857143,,-0.0871941987369,,,"Undefined genealogical contrasts are omitted with reported quadrature coverage, never treated as zero",0.662971810625
discovery,ck2:A:VAL116::NOS::proposal_motif_pair_5,population_mean,0.0172713773615,0.0130088546029,0.0215339001201,8.23504934289e-07,14,1,9.67207909348e-10,0.160621594593,0.160621593625,0.321243187251,Complete curve required,8.71946401012e-07
discovery,ck2:A:VAL116::NOS::proposal_motif_pair_5,selected_mean,0.017255999837,0.0129356194203,0.0215763802537,9.67560077298e-07,14,1,9.74891923201e-10,0.16023673238,0.160236731405,0.320473462809,Complete curve required,1.02447537596e-06
discovery,ck2:A:VAL116::NOS::proposal_motif_pair_5,selection_shift,-1.53775245204e-05,-0.000181219383969,0.000150464334928,0.844331589338,14,1,7.68401385274e-12,-0.000384862213084,-0.000384862220768,-0.000769724441536,Complete curve required,0.996730627894
discovery,ck2:A:VAL116::NOS::proposal_motif_pair_5,retained_shift,0.000280605678408,-0.00105438595374,0.00161559731056,0.657249758182,14,1,-2.07049866365e-10,-0.00295466463191,-0.00295466442486,-0.00590932884971,Complete curve required,0.888604591122
discovery,ck2:A:VAL116::NOS::proposal_motif_pair_5,low_enrichment,0.000405494832585,-0.00272143571704,0.00353242538221,0.783768650279,14,1,-0.00193262191828,0.00603546461998,0.00796808653826,0.0159361730765,Complete curve required,0.884501040586
discovery,ck2:A:VAL116::NOS::proposal_motif_pair_5,high_enrichment,-0.00376386902019,-0.0079213976446,0.00039365960422,0.0723256222999,14,1,0.00242168423334,-0.00403790595647,-0.00645959018981,-0.0129191803796,Complete curve required,0.120171803206
discovery,ck2:A:VAL116::NOS::proposal_motif_pair_5,affinity_correlation,-0.0430628685111,-0.104457305694,0.0183315686719,0.153625147458,14,1,0.0619423572147,-0.00407827462732,-0.066020631842,-0.132041263684,Complete curve required,0.301341635398
discovery,ck2:A:VAL116::NOS::proposal_motif_pair_5,partial_affinity_correlation,-0.0165831502974,-0.0552874118984,0.0221211113036,0.371504349787,14,1,0.0617027575675,-0.0457166677925,-0.10741942536,-0.21483885072,Complete curve required,0.786709347911
discovery,ck2:A:VAL116::NOS::proposal_motif_pair_5,lag_gain_correlation,0.0432195651113,0.00820735663998,0.0782317735826,0.0193824355406,14,1,0.0564043297763,-0.00432895027906,-0.0607332800553,-0.123945469501,"Undefined genealogical contrasts are omitted with reported quadrature coverage, never treated as zero",0.071393660099
discovery,ck2:A:VAL116::NOS::proposal_motif_pair_5,lag_partial_gain_correlation,0.0326026538099,0.000977223765368,0.0642280838544,0.0442347537792,14,1,0.0843105914785,-0.0224619570885,-0.106772548567,-0.217903160341,"Undefined genealogical contrasts are omitted with reported quadrature coverage, never treated as zero",0.129218237146
discovery,ck2:A:VAL116::NOS::proposal_motif_pair_5,native_difference,0.000627697159182,-0.00378370601823,0.0050391003366,0.76340944443,14,1,0,0.0206016556663,0.0206016556663,0.0412033113325,Complete curve required,0.800468155324
discovery,ck2:A:VAL116::NOS::proposal_motif_pair_5,lag_controlled_gain_correlation,-0.0110145518482,-0.0372984149141,0.0152693112177,0.381764746794,14,1,0.154950509821,-0.0406000354085,-0.195550545229,-0.399082745366,"Undefined genealogical contrasts are omitted with reported quadrature coverage, never treated as zero",0.596961864557
discovery,ck2:A:VAL116::NOS::proposal_motif_pair_5,root_balanced_selection_shift,-3.22978301733e-05,-0.000187752178234,0.000123156517887,0.660932847871,14,1,0,-0.000564476706973,-0.000564476706973,-0.00112895341395,Complete curve required,0.985262702876
discovery,ck2:A:VAL116::NOS::proposal_motif_pair_5,root_balanced_retained_shift,-8.07812066431e-05,-0.00114067578227,0.000979113368985,0.871748030289,14,1,0,-0.00467225279442,-0.00467225279442,-0.00934450558885,Complete curve required,0.998966672469
discovery,ck2:A:VAL116::NOS::proposal_motif_pair_5,within_root_affinity_correlation,-0.0482781245171,-0.113832526941,0.0172762779072,0.135618748429,14,0.97,,-0.0173617893249,,,"Undefined genealogical contrasts are omitted with reported quadrature coverage, never treated as zero",0.349640971113
discovery,ck2:A:VAL116::NOS::proposal_motif_shell_2,population_mean,0.000348923192869,0.000308782283911,0.000389064101827,8.39745147305e-11,14,1,6.28939243242e-08,0.00313738612872,0.0031373232348,0.0062746464696,Complete curve required,1.01901658325e-10
discovery,ck2:A:VAL116::NOS::proposal_motif_shell_2,selected_mean,0.000349938702499,0.00031027601041,0.000389601394588,6.96346489994e-11,14,1,6.31652474286e-08,0.00315218941876,0.00315212625351,0.00630425250702,Complete curve required,8.45004729431e-11
discovery,ck2:A:VAL116::NOS::proposal_motif_shell_2,selection_shift,1.0155096302e-06,-1.15351651317e-06,3.18453577357e-06,0.330254206961,14,1,2.7132310446e-10,1.48032900343e-05,1.48030187112e-05,2.96060374223e-05,Complete curve required,0.716976815508
discovery,ck2:A:VAL116::NOS::proposal_motif_shell_2,retained_shift,5.25793074896e-06,-7.50450064062e-06,1.80203621385e-05,0.389618865003,14,1,-6.17462704485e-09,1.2920280813e-06,1.29820270835e-06,2.59640541669e-06,Complete curve required,0.888604591122
discovery,ck2:A:VAL116::NOS::proposal_motif_shell_2,low_enrichment,0.000847871587627,-0.00226549291218,0.00396123608743,0.566386180725,14,1,-0.00396487314008,-0.0129731278944,-0.00900825475434,-0.0180165095087,Complete curve required,0.745972042906
discovery,ck2:A:VAL116::NOS::proposal_motif_shell_2,high_enrichment,-0.00401049693402,-0.00767501373152,-0.000345980136522,0.0342966165245,14,1,0.00854198448642,0.0065365927631,-0.00200539172332,-0.00401078344664,Complete curve required,0.0661434747258
discovery,ck2:A:VAL116::NOS::proposal_motif_shell_2,affinity_correlation,-0.0398308526431,-0.0887272343998,0.00906552911364,0.101930838908,14,1,0.0567258700106,0.183648558751,0.126922688741,0.253845377481,Complete curve required,0.232658675085
discovery,ck2:A:VAL116::NOS::proposal_motif_shell_2,partial_affinity_correlation,-0.00805282581996,-0.0422358046869,0.026130153047,0.619322242956,14,1,0.0543274190185,0.0558760022415,0.001548583223,0.003097166446,Complete curve required,0.86535436687
discovery,ck2:A:VAL116::NOS::proposal_motif_shell_2,lag_gain_correlation,0.038093710907,0.00826158381226,0.0679258380018,0.016266656265,14,1,0.0383538813344,0.0656230284406,0.0272691471062,0.0556513206249,"Undefined genealogical contrasts are omitted with reported quadrature coverage, never treated as zero",0.0671388935183
discovery,ck2:A:VAL116::NOS::proposal_motif_shell_2,lag_partial_gain_correlation,0.0296131508798,0.00273701872659,0.0564892830329,0.033284469993,14,1,0.0615435931145,0.0852963081531,0.0237527150386,0.0484749286502,"Undefined genealogical contrasts are omitted with reported quadrature coverage, never treated as zero",0.129218237146
discovery,ck2:A:VAL116::NOS::proposal_motif_shell_2,native_difference,3.69261651466e-05,-2.52554680145e-06,7.63778770947e-05,0.0642463076956,14,1,0,0.000461279012451,0.000461279012451,0.000922558024903,Complete curve required,0.241788274962
discovery,ck2:A:VAL116::NOS::proposal_motif_shell_2,lag_controlled_gain_correlation,-0.0229241377433,-0.0431807823482,-0.00266749313845,0.0294966464187,14,1,0.05358025452,0.0229713241383,-0.0306089303817,-0.0624672048605,"Undefined genealogical contrasts are omitted with reported quadrature coverage, never treated as zero",0.318563781322
discovery,ck2:A:VAL116::NOS::proposal_motif_shell_2,root_balanced_selection_shift,9.02581895153e-07,-1.20362072486e-06,3.00878451517e-06,0.371420879926,14,1,0,1.43159245679e-05,1.43159245679e-05,2.86318491358e-05,Complete curve required,0.818641939428
discovery,ck2:A:VAL116::NOS::proposal_motif_shell_2,root_balanced_retained_shift,3.57412909525e-06,-9.20897001189e-06,1.63572282024e-05,0.556215264142,14,1,0,-9.71296477932e-06,-9.71296477932e-06,-1.94259295586e-05,Complete curve required,0.998966672469
discovery,ck2:A:VAL116::NOS::proposal_motif_shell_2,within_root_affinity_correlation,-0.0415173652199,-0.101615977067,0.0185812466273,0.159453327941,14,0.97,,0.16942128069,,,"Undefined genealogical contrasts are omitted with reported quadrature coverage, never treated as zero",0.366403391864
discovery,ck2:A:VAL116::NOS::proposal_motif_shell_4,population_mean,0.0676467420653,0.0635499813611,0.0717435027695,2.34494175591e-14,14,1,0.000842192070789,0.294262486504,0.293420294433,0.586840588867,Complete curve required,3.72431925939e-14
discovery,ck2:A:VAL116::NOS::proposal_motif_shell_4,selected_mean,0.0676438101657,0.063550784882,0.0717368354494,2.31885087755e-14,14,1,0.000844558676043,0.2949568975,0.294112338824,0.588224677649,Complete curve required,3.68288080552e-14
discovery,ck2:A:VAL116::NOS::proposal_motif_shell_4,selection_shift,-2.93189960976e-06,-0.000177695597227,0.000171831798008,0.971639114787,14,1,2.36660525401e-06,0.000694410996195,0.000692044390941,0.00138408878188,Complete curve required,0.996730627894
discovery,ck2:A:VAL116::NOS::proposal_motif_shell_4,retained_shift,0.000524705555264,-0.00148334606428,0.00253275717481,0.582019498934,14,1,-5.12681098293e-05,-0.00109268391215,-0.00104141580232,-0.00208283160464,Complete curve required,0.888604591122
discovery,ck2:A:VAL116::NOS::proposal_motif_shell_4,low_enrichment,-5.54932012972e-05,-0.00410651419195,0.00399552778936,0.976840386172,14,1,-0.00254902226523,-0.0157829930264,-0.0132339707612,-0.0264679415224,Complete curve required,0.99179675531
discovery,ck2:A:VAL116::NOS::proposal_motif_shell_4,high_enrichment,-0.00341637525491,-0.00792337900618,0.00109062849636,0.125472340873,14,1,0.00845737662556,0.00630452148983,-0.00215285513573,-0.00430571027145,Complete curve required,0.188208511309
discovery,ck2:A:VAL116::NOS::proposal_motif_shell_4,affinity_correlation,-0.0331390518057,-0.093329277094,0.0270511734825,0.255538574118,14,1,0.0585189095024,0.131968894322,0.0734499848194,0.146899969639,Complete curve required,0.434415576
discovery,ck2:A:VAL116::NOS::proposal_motif_shell_4,partial_affinity_correlation,-0.0159761360025,-0.0585084600546,0.0265561880495,0.431694776047,14,1,0.0571548677443,0.0585495823377,0.00139471459341,0.00278942918682,Complete curve required,0.786709347911
discovery,ck2:A:VAL116::NOS::proposal_motif_shell_4,lag_gain_correlation,0.03900196909,0.00642580633347,0.0715781318465,0.022576210627,14,1,0.0363675604954,0.0385347966871,0.00216723619164,0.00442293100335,"Undefined genealogical contrasts are omitted with reported quadrature coverage, never treated as zero",0.0738857802337
discovery,ck2:A:VAL116::NOS::proposal_motif_shell_4,lag_partial_gain_correlation,0.0294648960325,0.000730964470247,0.0581988275948,0.0452058959076,14,1,0.058228546411,0.0478358740633,-0.0103926723477,-0.0212095354034,"Undefined genealogical contrasts are omitted with reported quadrature coverage, never treated as zero",0.129218237146
discovery,ck2:A:VAL116::NOS::proposal_motif_shell_4,native_difference,0.00543358521743,0.00135894760155,0.00950822283331,0.0128716149515,14,1,0,0.033508242067,0.033508242067,0.067016484134,Complete curve required,0.0868834009226
discovery,ck2:A:VAL116::NOS::proposal_motif_shell_4,lag_controlled_gain_correlation,-0.0207502881765,-0.0429004496328,0.0013998732799,0.0640429337397,14,1,0.051711731631,0.0584432376857,0.00673150605471,0.0137377674586,"Undefined genealogical contrasts are omitted with reported quadrature coverage, never treated as zero",0.386819314579
discovery,ck2:A:VAL116::NOS::proposal_motif_shell_4,root_balanced_selection_shift,-6.23176990241e-06,-0.000169058879331,0.000156595339526,0.935363707678,14,1,0,0.000646241315743,0.000646241315743,0.00129248263149,Complete curve required,0.985262702876
discovery,ck2:A:VAL116::NOS::proposal_motif_shell_4,root_balanced_retained_shift,0.000147583301585,-0.00171726026397,0.00201242686714,0.866878918854,14,1,0,-0.00183130345148,-0.00183130345148,-0.00366260690296,Complete curve required,0.998966672469
discovery,ck2:A:VAL116::NOS::proposal_motif_shell_4,within_root_affinity_correlation,-0.0356366788637,-0.105484828766,0.034211471039,0.290352048824,14,0.987142857143,,0.121361835568,,,"Undefined genealogical contrasts are omitted with reported quadrature coverage, never treated as zero",0.497746369413
discovery,ck2:A:VAL116::NOS::proposal_motif_shell_6,population_mean,0.579981403482,0.569493641203,0.590469165762,3.71954303544e-21,14,1,0.209757575291,0.616716048628,0.406958473338,0.813916946675,Complete curve required,7.72520476592e-21
discovery,ck2:A:VAL116::NOS::proposal_motif_shell_6,selected_mean,0.579861537096,0.569098957937,0.590624116255,5.21872030655e-21,14,1,0.210032291666,0.616620271855,0.406587980189,0.813175960378,Complete curve required,1.08388806367e-20
discovery,ck2:A:VAL116::NOS::proposal_motif_shell_6,selection_shift,-0.000119866386065,-0.000645362620684,0.000405629848553,0.630384393948,14,1,0.000274716375258,-9.57767733326e-05,-0.00037049314859,-0.000740986297181,Complete curve required,0.990159541151
discovery,ck2:A:VAL116::NOS::proposal_motif_shell_6,retained_shift,0.00113335994187,-0.00628332943252,0.00855004931626,0.746560913568,14,1,-0.00557429338574,-0.00292051994219,0.00265377344355,0.00530754688709,Complete curve required,0.888604591122
discovery,ck2:A:VAL116::NOS::proposal_motif_shell_6,low_enrichment,-0.00178436655055,-0.00624352837783,0.00267479527674,0.402990284213,14,1,-0.00263899030498,-0.00521004699178,-0.00257105668681,-0.00514211337361,Complete curve required,0.596204804041
discovery,ck2:A:VAL116::NOS::proposal_motif_shell_6,high_enrichment,-0.00186482965481,-0.00685449312789,0.00312483381828,0.43395375643,14,1,0.00745083411728,-0.00219347869386,-0.00964431281114,-0.0192886256223,Complete curve required,0.498585166962
discovery,ck2:A:VAL116::NOS::proposal_motif_shell_6,affinity_correlation,-0.0161743925558,-0.084617670371,0.0522688852595,0.618235455912,14,1,0.0595752344823,-0.060355636553,-0.119930871035,-0.239861742071,Complete curve required,0.759759234976
discovery,ck2:A:VAL116::NOS::proposal_motif_shell_6,partial_affinity_correlation,-0.0146504917378,-0.0745731650572,0.0452721815817,0.606267973517,14,1,0.0592210765426,-0.0919812395264,-0.151202316069,-0.302404632138,Complete curve required,0.858879629149
discovery,ck2:A:VAL116::NOS::proposal_motif_shell_6,lag_gain_correlation,0.0235740012174,-0.00772329609064,0.0548712985254,0.12766663591,14,1,0.0342718834642,-0.0808690227656,-0.11514090623,-0.234981441285,"Undefined genealogical contrasts are omitted with reported quadrature coverage, never treated as zero",0.188876666826
discovery,ck2:A:VAL116::NOS::proposal_motif_shell_6,lag_partial_gain_correlation,0.0163049645565,-0.0118124416914,0.0444223708045,0.232355119082,14,1,0.0545963642435,-0.0987468434871,-0.153343207731,-0.312945321899,"Undefined genealogical contrasts are omitted with reported quadrature coverage, never treated as zero",0.339112876498
discovery,ck2:A:VAL116::NOS::proposal_motif_shell_6,native_difference,0.0138530156438,0.00359174316604,0.0241142881216,0.0120196332693,14,1,0,0.002898746086,0.002898746086,0.005797492172,Complete curve required,0.0868834009226
discovery,ck2:A:VAL116::NOS::proposal_motif_shell_6,lag_controlled_gain_correlation,-0.0227390786538,-0.0496827537488,0.00420459644117,0.0913361328644,14,1,0.0499550585033,-0.0543037175786,-0.104258776082,-0.212773012412,"Undefined genealogical contrasts are omitted with reported quadrature coverage, never treated as zero",0.386819314579
discovery,ck2:A:VAL116::NOS::proposal_motif_shell_6,root_balanced_selection_shift,-0.000142196010438,-0.00054189044784,0.000257498426963,0.455880954214,14,1,0,-0.000100695771134,-0.000100695771134,-0.000201391542268,Complete curve required,0.911761908428
discovery,ck2:A:VAL116::NOS::proposal_motif_shell_6,root_balanced_retained_shift,-0.000663505909731,-0.00643108918095,0.00510407736149,0.807607333861,14,1,0,-0.00278157702086,-0.00278157702086,-0.00556315404171,Complete curve required,0.998966672469
discovery,ck2:A:VAL116::NOS::proposal_motif_shell_6,within_root_affinity_correlation,-0.0198948954103,-0.1018459949,0.0620562040797,0.608783846046,14,0.987142857143,,-0.0456441313788,,,"Undefined genealogical contrasts are omitted with reported quadrature coverage, never treated as zero",0.747143811056
discovery,ck2:A:VAL116::NOS_C::motif_centroid_x,population_mean,2.05473402827,2.05027401879,2.05919403775,4.017000349e-33,14,1,2.30210893997,1.86021316737,-0.4418957726,-0.883791545199,Complete curve required,2.2833475668e-32
discovery,ck2:A:VAL116::NOS_C::motif_centroid_x,selected_mean,2.05471508668,2.05022193456,2.05920823879,4.42336546127e-33,14,1,2.29933404919,1.86025405597,-0.439079993221,-0.878159986441,Complete curve required,2.51433405167e-32
discovery,ck2:A:VAL116::NOS_C::motif_centroid_x,selection_shift,-1.89415916889e-05,-0.000136933338324,9.90501549462e-05,0.73428299529,14,1,-0.00277489078586,4.08885932074e-05,0.00281577937907,0.00563155875813,Complete curve required,0.996730627894
discovery,ck2:A:VAL116::NOS_C::motif_centroid_x,retained_shift,0.00157060776715,-0.00032083767489,0.00346205320919,0.096106862015,14,1,0.0495157505358,0.000150217941028,-0.0493655325948,-0.0987310651896,Complete curve required,0.888604591122
discovery,ck2:A:VAL116::NOS_C::motif_centroid_x,low_enrichment,-0.00428790343221,-0.00756870747157,-0.00100709939286,0.0143675433724,14,1,0.00413841814666,-0.00375200938619,-0.00789042753285,-0.0157808550657,Complete curve required,0.0944058919947
discovery,ck2:A:VAL116::NOS_C::motif_centroid_x,high_enrichment,-0.00449572466279,-0.00867114135665,-0.000320307968933,0.0368293297923,14,1,-0.012321843278,0.000820465783545,0.0131423090615,0.0262846181231,Complete curve required,0.0697818880276
discovery,ck2:A:VAL116::NOS_C::motif_centroid_x,affinity_correlation,0.0199079519254,-0.036163877481,0.0759797813318,0.456771093432,14,1,-0.0710404759762,0.109343146453,0.180383622429,0.360767244858,Complete curve required,0.665580736143
discovery,ck2:A:VAL116::NOS_C::motif_centroid_x,partial_affinity_correlation,0.00132180228291,-0.0490474128468,0.0516910174127,0.955651887327,14,1,-0.0891665689224,-0.0353486453354,0.053817923587,0.107635847174,Complete curve required,0.98813923298
discovery,ck2:A:VAL116::NOS_C::motif_centroid_x,lag_gain_correlation,0.0356199326644,0.00913455193759,0.0621053133912,0.0122785736964,14,1,0.0821556730699,0.12439231829,0.0422366452197,0.0861972351422,"Undefined genealogical contrasts are omitted with reported quadrature coverage, never treated as zero",0.0671388935183
discovery,ck2:A:VAL116::NOS_C::motif_centroid_x,lag_partial_gain_correlation,0.0361018539039,0.00773454586238,0.0644691619454,0.0165565523984,14,1,0.0481786680013,0.153628652115,0.105449984114,0.215204049211,"Undefined genealogical contrasts are omitted with reported quadrature coverage, never treated as zero",0.124632382214
discovery,ck2:A:VAL116::NOS_C::motif_centroid_x,native_difference,0.00283919426912,-0.00172438427683,0.00740277281507,0.201917546295,14,1,0,0.0078642961679,0.0078642961679,0.0157285923358,Complete curve required,0.443652431203
discovery,ck2:A:VAL116::NOS_C::motif_centroid_x,lag_controlled_gain_correlation,0.0106261345182,-0.0121443959915,0.0333966650279,0.33177433642,14,1,0.0148533350498,0.0634461103986,0.0485927753489,0.0991689292834,"Undefined genealogical contrasts are omitted with reported quadrature coverage, never treated as zero",0.588162200682
discovery,ck2:A:VAL116::NOS_C::motif_centroid_x,root_balanced_selection_shift,-2.85320505232e-05,-0.000129479084146,7.24149830997e-05,0.551981112627,14,1,0,3.96834628996e-05,3.96834628996e-05,7.93669257991e-05,Complete curve required,0.977278035471
discovery,ck2:A:VAL116::NOS_C::motif_centroid_x,root_balanced_retained_shift,0.000828451108386,-0.000712370746076,0.00236927296285,0.266297158366,14,1,0,6.15821295282e-05,6.15821295282e-05,0.000123164259056,Complete curve required,0.998966672469
discovery,ck2:A:VAL116::NOS_C::motif_centroid_x,within_root_affinity_correlation,0.000444635610598,-0.0531275655078,0.054016836729,0.985966565164,14,0.97,,0.100474206846,,,"Undefined genealogical contrasts are omitted with reported quadrature coverage, never treated as zero",0.996687641596
discovery,ck2:A:VAL116::NOS_C::motif_centroid_y,population_mean,-4.52627341028,-4.53526151424,-4.51728530631,1.26304917429e-33,14,1,-4.92511418427,-3.77829495597,1.1468192283,2.29363845659,Complete curve required,1.13674425686e-32
discovery,ck2:A:VAL116::NOS_C::motif_centroid_y,selected_mean,-4.526606388,-4.53550037844,-4.51771239756,1.10046686213e-33,14,1,-4.92363397802,-3.77804091856,1.14559305946,2.29118611893,Complete curve required,1.18850421111e-32
discovery,ck2:A:VAL116::NOS_C::motif_centroid_y,selection_shift,-0.000332977722888,-0.000717531059016,5.15756132399e-05,0.0840761792204,14,1,0.00148020624992,0.000254037417289,-0.00122616883263,-0.00245233766526,Complete curve required,0.378342806492
discovery,ck2:A:VAL116::NOS_C::motif_centroid_y,retained_shift,-0.00141971865072,-0.00530316899815,0.00246373169672,0.443817532571,14,1,0.0413691072437,0.00113468542015,-0.0402344218235,-0.0804688436471,Complete curve required,0.888604591122
discovery,ck2:A:VAL116::NOS_C::motif_centroid_y,low_enrichment,0.00523153281753,-0.000766929951017,0.0112299955861,0.0821007652301,14,1,-0.00494041246343,-0.00097716452979,0.00396324793364,0.00792649586728,Complete curve required,0.206206573136
discovery,ck2:A:VAL116::NOS_C::motif_centroid_y,high_enrichment,-0.0102001701672,-0.017293837236,-0.00310650309835,0.00834253097619,14,1,0.000824760067571,-0.00131769965912,-0.00214245972669,-0.00428491945338,Complete curve required,0.0212148027679
discovery,ck2:A:VAL116::NOS_C::motif_centroid_y,affinity_correlation,-0.117904511726,-0.199907495076,-0.0359015283772,0.00834664914399,14,1,0.0649052805669,-0.0530400457153,-0.117945326282,-0.235890652564,Complete curve required,0.0654890932836
discovery,ck2:A:VAL116::NOS_C::motif_centroid_y,partial_affinity_correlation,-0.033299547471,-0.111767028557,0.0451679336146,0.37594021924,14,1,0.0875670813359,-0.0381204653971,-0.125687546733,-0.251375093466,Complete curve required,0.786709347911
discovery,ck2:A:VAL116::NOS_C::motif_centroid_y,lag_gain_correlation,0.0263467627796,-0.00453520641365,0.0572287319728,0.0882264003228,14,1,0.159354910012,-0.00116695966846,-0.160521869681,-0.32759565241,"Undefined genealogical contrasts are omitted with reported quadrature coverage, never treated as zero",0.140124282866
discovery,ck2:A:VAL116::NOS_C::motif_centroid_y,lag_partial_gain_correlation,0.0114524220954,-0.0152342502108,0.0381390944016,0.370762969723,14,1,0.201601314553,-0.0277036577407,-0.229304972294,-0.467969331212,"Undefined genealogical contrasts are omitted with reported quadrature coverage, never treated as zero",0.506865832026
discovery,ck2:A:VAL116::NOS_C::motif_centroid_y,native_difference,-0.00611241882256,-0.0157549029704,0.00353006532524,0.194046160288,14,1,0,-0.00679930863592,-0.00679930863592,-0.0135986172718,Complete curve required,0.443652431203
discovery,ck2:A:VAL116::NOS_C::motif_centroid_y,lag_controlled_gain_correlation,0.00609599595616,-0.0122875641222,0.0244795560346,0.48642813579,14,1,0.215406708637,-0.0624048077646,-0.277811516402,-0.566962278371,"Undefined genealogical contrasts are omitted with reported quadrature coverage, never treated as zero",0.64857084772
discovery,ck2:A:VAL116::NOS_C::motif_centroid_y,root_balanced_selection_shift,-0.000154722515089,-0.000425360446486,0.000115915416307,0.238660198219,14,1,0,0.000215324745369,0.000215324745369,0.000430649490737,Complete curve required,0.644382535191
discovery,ck2:A:VAL116::NOS_C::motif_centroid_y,root_balanced_retained_shift,-0.00108103284619,-0.00453308334439,0.002371017652,0.510560186134,14,1,0,0.000544514853368,0.000544514853368,0.00108902970674,Complete curve required,0.998966672469
discovery,ck2:A:VAL116::NOS_C::motif_centroid_y,within_root_affinity_correlation,-0.0651456610615,-0.148959711654,0.0186683895306,0.116976890108,14,0.97,,-0.0798609067888,,,"Undefined genealogical contrasts are omitted with reported quadrature coverage, never treated as zero",0.335839210857
discovery,ck2:A:VAL116::NOS_C::motif_centroid_z,population_mean,5.89483956084,5.88455034871,5.90512877297,2.361585156e-34,14,1,5.38236876472,5.65265290085,0.270284136124,0.540568272249,Complete curve required,4.26242820581e-33
discovery,ck2:A:VAL116::NOS_C::motif_centroid_z,selected_mean,5.89505144004,5.88459019061,5.90551268947,2.92832044639e-34,14,1,5.38345837213,5.65195228766,0.268493915523,0.536987831047,Complete curve required,5.2709768035e-33
discovery,ck2:A:VAL116::NOS_C::motif_centroid_z,selection_shift,0.000211879201634,-6.99592445898e-05,0.000493717647858,0.128339116829,14,1,0.00108960740876,-0.000700613192436,-0.0017902206012,-0.0035804412024,Complete curve required,0.495022307768
discovery,ck2:A:VAL116::NOS_C::motif_centroid_z,retained_shift,-0.000234704489205,-0.00389150696357,0.00342209798516,0.891844597025,14,1,-0.0273067849847,-0.000101069746104,0.0272057152386,0.0544114304773,Complete curve required,0.961328658763
discovery,ck2:A:VAL116::NOS_C::motif_centroid_z,low_enrichment,-0.00780383891853,-0.0119290330804,-0.00367864475665,0.00128434173009,14,1,-0.0032265793486,0.00795340652064,0.0111799858692,0.0223599717385,Complete curve required,0.0353580331294
discovery,ck2:A:VAL116::NOS_C::motif_centroid_z,high_enrichment,0.0009015129631,-0.00434735544658,0.00615038137278,0.716575746719,14,1,0.00113953445999,-0.0100051454135,-0.0111446798735,-0.0222893597469,Complete curve required,0.773901806456
discovery,ck2:A:VAL116::NOS_C::motif_centroid_z,affinity_correlation,0.0301375148484,-0.035268915903,0.0955439455998,0.337690930561,14,1,0.0311975181365,-0.17054228527,-0.201739803406,-0.403479606813,Complete curve required,0.555556047052
discovery,ck2:A:VAL116::NOS_C::motif_centroid_z,partial_affinity_correlation,0.000573737651784,-0.0510780931992,0.0522255685028,0.981219504891,14,1,-0.00905077120393,0.00541636274634,0.0144671339503,0.0289342679005,Complete curve required,0.991750795313
discovery,ck2:A:VAL116::NOS_C::motif_centroid_z,lag_gain_correlation,0.00154347120778,-0.0312525987643,0.0343395411799,0.920567906368,14,1,-0.0145859761263,-0.0764281700907,-0.0618421939644,-0.126208559111,"Undefined genealogical contrasts are omitted with reported quadrature coverage, never treated as zero",0.937937112149
discovery,ck2:A:VAL116::NOS_C::motif_centroid_z,lag_partial_gain_correlation,0.000533849610424,-0.0300881309996,0.0311558302204,0.970528693626,14,1,-0.0119564061895,-0.0965034115961,-0.0845470054066,-0.172544908993,"Undefined genealogical contrasts are omitted with reported quadrature coverage, never treated as zero",0.996843628471
discovery,ck2:A:VAL116::NOS_C::motif_centroid_z,native_difference,-0.00526702816557,-0.0152816714399,0.00474761510876,0.276381614081,14,1,0,-0.0220295342476,-0.0220295342476,-0.0440590684952,Complete curve required,0.445510661504
discovery,ck2:A:VAL116::NOS_C::motif_centroid_z,lag_controlled_gain_correlation,0.00626117586671,-0.0193826500664,0.0319050017998,0.606750116316,14,1,-0.0483995570448,-0.0159586965301,0.0324408605147,0.0662058377851,"Undefined genealogical contrasts are omitted with reported quadrature coverage, never treated as zero",0.739768672311
discovery,ck2:A:VAL116::NOS_C::motif_centroid_z,root_balanced_selection_shift,0.000153569843055,-4.18697312064e-05,0.000349009417317,0.11338804879,14,1,0,-0.000705173015115,-0.000705173015115,-0.00141034603023,Complete curve required,0.612295463465
discovery,ck2:A:VAL116::NOS_C::motif_centroid_z,root_balanced_retained_shift,0.000547163456269,-0.00188225187185,0.00297657878439,0.634664939352,14,1,0,-0.000109505142035,-0.000109505142035,-0.000219010284071,Complete curve required,0.998966672469
discovery,ck2:A:VAL116::NOS_C::motif_centroid_z,within_root_affinity_correlation,0.0237379333,-0.0432111716568,0.0906870382568,0.457362870877,14,0.97,,-0.157441903768,,,"Undefined genealogical contrasts are omitted with reported quadrature coverage, never treated as zero",0.662971810625
discovery,ck2:A:VAL116::NOS_C::motif_pair_1_5,population_mean,0.54159907254,0.538305253173,0.544892891906,2.63273474028e-27,14,1,0.566647654902,0.591144740803,0.0244970859016,0.0489941718032,Complete curve required,6.61245004535e-27
discovery,ck2:A:VAL116::NOS_C::motif_pair_1_5,selected_mean,0.541723056988,0.538385125184,0.545060988791,3.12045160035e-27,14,1,0.573575358814,0.591391225265,0.0178158664512,0.0356317329024,Complete curve required,7.83741332181e-27
discovery,ck2:A:VAL116::NOS_C::motif_pair_1_5,selection_shift,0.000123984448172,-5.09907425445e-05,0.000298959638889,0.149783744626,14,1,0.00692770391197,0.000246484461533,-0.00668121945043,-0.0133624389009,Complete curve required,0.521827239343
discovery,ck2:A:VAL116::NOS_C::motif_pair_1_5,retained_shift,-0.000972891037142,-0.00352515498454,0.00157937291026,0.425070797753,14,1,-0.0312689745228,0.000980779791045,0.0322497543139,0.0644995086278,Complete curve required,0.888604591122
discovery,ck2:A:VAL116::NOS_C::motif_pair_1_5,low_enrichment,-0.00434060198064,-0.00743197726952,-0.00124922669177,0.00960226213538,14,1,-0.0194349027174,-0.00893049530904,0.0105044074083,0.0210088148167,Complete curve required,0.0740745936158
discovery,ck2:A:VAL116::NOS_C::motif_pair_1_5,high_enrichment,-0.00119846839355,-0.00500482139604,0.00260788460893,0.50830252699,14,1,0.0116748871522,0.0052717136998,-0.00640317345236,-0.0128063469047,Complete curve required,0.577859714894
discovery,ck2:A:VAL116::NOS_C::motif_pair_1_5,affinity_correlation,0.0234870592279,-0.0332134257203,0.0801875441761,0.387114974481,14,1,0.20984042203,0.0229230729388,-0.186917349092,-0.373834698183,Complete curve required,0.609791169445
discovery,ck2:A:VAL116::NOS_C::motif_pair_1_5,partial_affinity_correlation,0.0190671789356,-0.0274442823727,0.0655786402438,0.391902500752,14,1,0.172760555193,0.0288013568752,-0.143959198318,-0.287918396635,Complete curve required,0.786709347911
discovery,ck2:A:VAL116::NOS_C::motif_pair_1_5,lag_gain_correlation,-0.0055210981243,-0.0303732065312,0.0193310102826,0.63924210046,14,1,0.0126674514073,0.00829455510884,-0.00437289629846,-0.00892427816011,"Undefined genealogical contrasts are omitted with reported quadrature coverage, never treated as zero",0.734448370741
discovery,ck2:A:VAL116::NOS_C::motif_pair_1_5,lag_partial_gain_correlation,-0.00376169872506,-0.0284904383016,0.0209670408515,0.747667471613,14,1,0.141740906667,0.0206248989543,-0.121116007713,-0.247175525944,"Undefined genealogical contrasts are omitted with reported quadrature coverage, never treated as zero",0.846215080596
discovery,ck2:A:VAL116::NOS_C::motif_pair_1_5,native_difference,-0.00111365660944,-0.00441292620788,0.002185612989,0.478797409315,14,1,0,-0.00393452880371,-0.00393452880371,-0.00786905760741,Complete curve required,0.623013496458
discovery,ck2:A:VAL116::NOS_C::motif_pair_1_5,lag_controlled_gain_correlation,-0.0109343978697,-0.0330840718639,0.0112152761246,0.305610180082,14,1,0.109865161943,0.0688486307798,-0.0410165311632,-0.0837072064556,"Undefined genealogical contrasts are omitted with reported quadrature coverage, never treated as zero",0.588162200682
discovery,ck2:A:VAL116::NOS_C::motif_pair_1_5,root_balanced_selection_shift,1.05588736385e-05,-7.82131861641e-05,9.93309334411e-05,0.801230096225,14,1,0,0.000274702306115,0.000274702306115,0.00054940461223,Complete curve required,0.985262702876
discovery,ck2:A:VAL116::NOS_C::motif_pair_1_5,root_balanced_retained_shift,-0.000176063884003,-0.00161069366241,0.00125856589441,0.795067123264,14,1,0,0.00128892721556,0.00128892721556,0.00257785443112,Complete curve required,0.998966672469
discovery,ck2:A:VAL116::NOS_C::motif_pair_1_5,within_root_affinity_correlation,0.00791184391313,-0.0344345138408,0.050258201667,0.693041431718,14,0.97,,0.0284235016717,,,"Undefined genealogical contrasts are omitted with reported quadrature coverage, never treated as zero",0.82070788237
discovery,ck2:A:VAL116::NOS_C::motif_pair_3,population_mean,0.121651460765,0.118816268829,0.124486652701,1.00336254443e-19,14,1,0.471219955322,0.35288968115,-0.118330274171,-0.236660548343,Complete curve required,2.00672508886e-19
discovery,ck2:A:VAL116::NOS_C::motif_pair_3,selected_mean,0.121525685134,0.118664467162,0.124386903106,1.14500284023e-19,14,1,0.465888866526,0.352466727334,-0.113422139191,-0.226844278383,Complete curve required,2.29000568046e-19
discovery,ck2:A:VAL116::NOS_C::motif_pair_3,selection_shift,-0.000125775631026,-0.000262972913008,1.14216509554e-05,0.0692098644358,14,1,-0.00533108879575,-0.000422953815818,0.00490813497993,0.00981626995987,Complete curve required,0.333833177092
discovery,ck2:A:VAL116::NOS_C::motif_pair_3,retained_shift,-4.52087182114e-05,-0.00165104759772,0.0015606301613,0.952427467478,14,1,0.011886064641,-0.000671871407437,-0.0125579360484,-0.0251158720968,Complete curve required,0.961328658763
discovery,ck2:A:VAL116::NOS_C::motif_pair_3,low_enrichment,-0.000892490713955,-0.00365128851249,0.00186630708458,0.496931907951,14,1,0.0161893760263,0.00326668963577,-0.0129226863905,-0.0258453727811,Complete curve required,0.693462574587
discovery,ck2:A:VAL116::NOS_C::motif_pair_3,high_enrichment,-0.0061582936919,-0.00950434199553,-0.00281224538826,0.00158175567739,14,1,-0.0113626397359,-0.00443157882489,0.00693106091105,0.0138621218221,Complete curve required,0.00589067631579
discovery,ck2:A:VAL116::NOS_C::motif_pair_3,affinity_correlation,-0.0480728339045,-0.0925907211957,-0.00355494661327,0.0363671967326,14,1,-0.180325324453,-0.0775635884251,0.102761736028,0.205523472057,Complete curve required,0.106372576132
discovery,ck2:A:VAL116::NOS_C::motif_pair_3,partial_affinity_correlation,-0.028276820892,-0.0707867603276,0.0142331185436,0.174337532563,14,1,-0.150113986771,-0.0880608205091,0.0620531662621,0.124106332524,Complete curve required,0.786709347911
discovery,ck2:A:VAL116::NOS_C::motif_pair_3,lag_gain_correlation,0.0197700300091,-0.0168985208908,0.056438580909,0.265040165099,14,1,-0.0141354177647,0.0792754240585,0.0934108418231,0.190634371068,"Undefined genealogical contrasts are omitted with reported quadrature coverage, never treated as zero",0.340765926555
discovery,ck2:A:VAL116::NOS_C::motif_pair_3,lag_partial_gain_correlation,0.0110828665752,-0.0235281714909,0.0456939046412,0.501247032361,14,1,-0.139539883066,0.0577563985168,0.197296281583,0.402645472618,"Undefined genealogical contrasts are omitted with reported quadrature coverage, never treated as zero",0.644460470179
discovery,ck2:A:VAL116::NOS_C::motif_pair_3,native_difference,-0.00375282667883,-0.00692697928607,-0.000578674071589,0.0240001321444,14,1,0,-0.0072680409579,-0.0072680409579,-0.0145360819158,Complete curve required,0.112118033876
discovery,ck2:A:VAL116::NOS_C::motif_pair_3,lag_controlled_gain_correlation,-0.0215971416558,-0.0505486513375,0.00735436802598,0.131054422885,14,1,-0.113730244268,0.0276869805949,0.141417224863,0.288606581354,"Undefined genealogical contrasts are omitted with reported quadrature coverage, never treated as zero",0.428905383988
discovery,ck2:A:VAL116::NOS_C::motif_pair_3,root_balanced_selection_shift,-5.42848505468e-05,-0.000165879225204,5.73095241105e-05,0.312445184229,14,1,0,-0.000394826654709,-0.000394826654709,-0.000789653309419,Complete curve required,0.733566954277
discovery,ck2:A:VAL116::NOS_C::motif_pair_3,root_balanced_retained_shift,-0.000303866776918,-0.00149259420324,0.000884860649401,0.59015173081,14,1,0,-0.000806117202289,-0.000806117202289,-0.00161223440458,Complete curve required,0.998966672469
discovery,ck2:A:VAL116::NOS_C::motif_pair_3,within_root_affinity_correlation,-0.0608628726083,-0.11796801381,-0.00375773140611,0.038477835848,14,0.97,,-0.0735077444045,,,"Undefined genealogical contrasts are omitted with reported quadrature coverage, never treated as zero",0.147504944086
discovery,ck2:A:VAL116::NOS_C::motif_pair_5,population_mean,0.0045361592801,0.00404341233269,0.00502890622752,4.0770338656e-11,14,1,0.0492818486348,0.0375340706766,-0.0117477779582,-0.0234955559165,Complete curve required,5.06114548833e-11
discovery,ck2:A:VAL116::NOS_C::motif_pair_5,selected_mean,0.0045119170532,0.00401509740285,0.00500873670354,4.8390586572e-11,14,1,0.0471156590868,0.0374876973101,-0.00962796177678,-0.0192559235536,Complete curve required,6.0071072986e-11
discovery,ck2:A:VAL116::NOS_C::motif_pair_5,selection_shift,-2.42422269074e-05,-4.30958183931e-05,-5.38863542162e-06,0.015680874783,14,1,-0.002166189548,-4.63733665371e-05,0.00211981618146,0.00423963236293,Complete curve required,0.228472663655
discovery,ck2:A:VAL116::NOS_C::motif_pair_5,retained_shift,0.000187710184547,-0.000289082120406,0.000664502489499,0.410426105052,14,1,0.0153552030948,-1.44182205378e-05,-0.0153696213154,-0.0307392426308,Complete curve required,0.888604591122
discovery,ck2:A:VAL116::NOS_C::motif_pair_5,low_enrichment,0.000259245750676,-0.00412141041975,0.0046399019211,0.900224342207,14,1,0.00542715840971,0.000929450049702,-0.00449770836001,-0.00899541672002,Complete curve required,0.972242289583
discovery,ck2:A:VAL116::NOS_C::motif_pair_5,high_enrichment,-0.00503034925042,-0.00890754725399,-0.00115315124684,0.0149464430504,14,1,-0.0161403257113,-0.00828354027752,0.00785678543373,0.0157135708675,Complete curve required,0.035871463321
discovery,ck2:A:VAL116::NOS_C::motif_pair_5,affinity_correlation,-0.0515645794362,-0.112689188321,0.0095600294482,0.0914567548955,14,1,-0.171598407006,0.00952782903922,0.181126236045,0.36225247209,Complete curve required,0.217191164773
discovery,ck2:A:VAL116::NOS_C::motif_pair_5,partial_affinity_correlation,0.00034152532111,-0.0317879477293,0.0324709983715,0.9820277483,14,1,-0.139118057857,-0.0782615141635,0.0608565436933,0.121713087387,Complete curve required,0.991750795313
discovery,ck2:A:VAL116::NOS_C::motif_pair_5,lag_gain_correlation,0.0342862440652,-0.0019432833814,0.0705157715118,0.0617064319304,14,1,-0.042820444935,-0.025398850547,0.017421594388,0.0355542742613,"Undefined genealogical contrasts are omitted with reported quadrature coverage, never treated as zero",0.112954146584
discovery,ck2:A:VAL116::NOS_C::motif_pair_5,lag_partial_gain_correlation,0.0235485694551,-0.00913281847124,0.0562299573814,0.143554748958,14,1,-0.160850755066,-0.0243119147889,0.136538840277,0.278650694443,"Undefined genealogical contrasts are omitted with reported quadrature coverage, never treated as zero",0.234907771022
discovery,ck2:A:VAL116::NOS_C::motif_pair_5,native_difference,-0.000382150203004,-0.000851412553271,8.71121472629e-05,0.10201933717,14,1,0,-0.00145044738136,-0.00145044738136,-0.00290089476272,Complete curve required,0.283024205277
discovery,ck2:A:VAL116::NOS_C::motif_pair_5,lag_controlled_gain_correlation,-0.0166233339105,-0.0404715814655,0.00722491364458,0.156005588827,14,1,-0.127485312712,-0.08529446468,0.0421908480322,0.0861037714944,"Undefined genealogical contrasts are omitted with reported quadrature coverage, never treated as zero",0.440365189679
discovery,ck2:A:VAL116::NOS_C::motif_pair_5,root_balanced_selection_shift,-1.75198624456e-06,-1.4061170919e-05,1.05571984299e-05,0.763342031983,14,1,0,-5.9192326126e-05,-5.9192326126e-05,-0.000118384652252,Complete curve required,0.985262702876
discovery,ck2:A:VAL116::NOS_C::motif_pair_5,root_balanced_retained_shift,1.55888766205e-05,-6.61785595748e-05,9.73563128157e-05,0.687143525492,14,1,0,-0.000132863380307,-0.000132863380307,-0.000265726760614,Complete curve required,0.998966672469
discovery,ck2:A:VAL116::NOS_C::motif_pair_5,within_root_affinity_correlation,-0.0466140643714,-0.119874922915,0.0266467941724,0.192490969464,14,0.97,,-0.00746762350003,,,"Undefined genealogical contrasts are omitted with reported quadrature coverage, never treated as zero",0.399788936578
discovery,ck2:A:VAL116::NOS_C::motif_shell_2,population_mean,0.000105293573606,9.48244111754e-05,0.000115762736036,1.33182654644e-11,14,1,0.000314893230362,0.000884049091587,0.000569155861225,0.00113831172245,Complete curve required,1.73297912067e-11
discovery,ck2:A:VAL116::NOS_C::motif_shell_2,selected_mean,0.000105327761692,9.48284852413e-05,0.000115827038143,1.37553199527e-11,14,1,0.000317909103701,0.000886564655644,0.000568655551943,0.00113731110389,Complete curve required,1.78984886131e-11
discovery,ck2:A:VAL116::NOS_C::motif_shell_2,selection_shift,3.41880863177e-08,-1.55746927586e-07,2.24123100221e-07,0.703671281055,14,1,3.01587333909e-06,2.51556405749e-06,-5.00309281597e-07,-1.00061856319e-06,Complete curve required,0.996730627894
discovery,ck2:A:VAL116::NOS_C::motif_shell_2,retained_shift,-8.22583744343e-07,-2.45245975724e-06,8.0729226855e-07,0.295370481396,14,1,-0.000137535035102,3.64467079236e-06,0.000141179705894,0.000282359411789,Complete curve required,0.888604591122
discovery,ck2:A:VAL116::NOS_C::motif_shell_2,low_enrichment,0.00400797884662,0.000362079462992,0.00765387823025,0.0336256887094,14,1,-0.00876313598357,-0.014491384323,-0.00572824833948,-0.011456496679,Complete curve required,0.145262975225
discovery,ck2:A:VAL116::NOS_C::motif_shell_2,high_enrichment,-0.0102416119768,-0.0136877070231,-0.00679551693053,2.26906028948e-05,14,1,0.00313559463031,0.00935179810659,0.00621620347628,0.0124324069526,Complete curve required,0.000543238290312
discovery,ck2:A:VAL116::NOS_C::motif_shell_2,affinity_correlation,-0.0789296752315,-0.128271418879,-0.0295879315841,0.00426009148561,14,1,0.00799646138302,0.200339086145,0.192342624762,0.384685249525,Complete curve required,0.0594132473266
discovery,ck2:A:VAL116::NOS_C::motif_shell_2,partial_affinity_correlation,-0.0239778649656,-0.0669954027859,0.0190396728547,0.249985927399,14,1,0.0295681432089,0.0613557883482,0.0317876451393,0.0635752902786,Complete curve required,0.786709347911
discovery,ck2:A:VAL116::NOS_C::motif_shell_2,lag_gain_correlation,0.0295857015008,0.00357078349699,0.0556006195047,0.0288366267818,14,1,-0.0961430649643,0.135591937957,0.231735002921,0.47292857739,"Undefined genealogical contrasts are omitted with reported quadrature coverage, never treated as zero",0.0817999542495
discovery,ck2:A:VAL116::NOS_C::motif_shell_2,lag_partial_gain_correlation,0.0274936189351,0.00374393376301,0.0512433041071,0.0265420813974,14,1,-0.0717991832965,0.16430534618,0.236104529476,0.481845978523,"Undefined genealogical contrasts are omitted with reported quadrature coverage, never treated as zero",0.124632382214
discovery,ck2:A:VAL116::NOS_C::motif_shell_2,native_difference,3.24698300126e-06,-6.85929693037e-06,1.33532629329e-05,0.499841072814,14,1,0,4.14429417176e-05,4.14429417176e-05,8.28858834352e-05,Complete curve required,0.642652807904
discovery,ck2:A:VAL116::NOS_C::motif_shell_2,lag_controlled_gain_correlation,-0.015562370495,-0.0341982318704,0.00307349088048,0.0944295762656,14,1,-0.0497927598944,0.0980421826126,0.147834942507,0.3017039643,"Undefined genealogical contrasts are omitted with reported quadrature coverage, never treated as zero",0.386819314579
discovery,ck2:A:VAL116::NOS_C::motif_shell_2,root_balanced_selection_shift,-4.33880541145e-09,-9.10698909428e-08,8.23922801199e-08,0.915586827406,14,1,0,2.4822195602e-06,2.4822195602e-06,4.96443912039e-06,Complete curve required,0.985262702876
discovery,ck2:A:VAL116::NOS_C::motif_shell_2,root_balanced_retained_shift,2.30541336858e-07,-7.42792703352e-07,1.20387537707e-06,0.617442302729,14,1,0,2.00464201507e-06,2.00464201507e-06,4.00928403014e-06,Complete curve required,0.998966672469
discovery,ck2:A:VAL116::NOS_C::motif_shell_2,within_root_affinity_correlation,-0.0701489240353,-0.111676933767,-0.028620914304,0.0029413439779,14,0.97,,0.191757460799,,,"Undefined genealogical contrasts are omitted with reported quadrature coverage, never treated as zero",0.101400722528
discovery,ck2:A:VAL116::NOS_C::motif_shell_4,population_mean,0.0303529466486,0.028916057905,0.0317898353922,9.76986192314e-16,14,1,0.0464448432495,0.129858195692,0.0834133524422,0.166826704884,Complete curve required,1.64866419953e-15
discovery,ck2:A:VAL116::NOS_C::motif_shell_4,selected_mean,0.0303353406298,0.0288894898179,0.0317811914416,1.06670638258e-15,14,1,0.0466697471363,0.130034362901,0.0833646157649,0.16672923153,Complete curve required,1.8000670206e-15
discovery,ck2:A:VAL116::NOS_C::motif_shell_4,selection_shift,-1.76060188635e-05,-3.96156313547e-05,4.40359362773e-06,0.107626866849,14,1,0.000224903886737,0.000176167209394,-4.87366773433e-05,-9.74733546866e-05,Complete curve required,0.447065446911
discovery,ck2:A:VAL116::NOS_C::motif_shell_4,retained_shift,0.00012757431429,-0.000133784369242,0.000388932997823,0.310850777705,14,1,0.00347582281191,0.000194428282729,-0.00328139452918,-0.00656278905836,Complete curve required,0.888604591122
discovery,ck2:A:VAL116::NOS_C::motif_shell_4,low_enrichment,0.00426177959001,0.000497743344814,0.00802581583522,0.0294306745064,14,1,-0.00972848901037,-0.0128973785507,-0.00316888954034,-0.00633777908068,Complete curve required,0.132438035279
discovery,ck2:A:VAL116::NOS_C::motif_shell_4,high_enrichment,-0.0118751057658,-0.0167659790126,-0.00698423251908,0.000158117369026,14,1,0.00282836135456,0.00731551689324,0.00448715553868,0.00897431107737,Complete curve required,0.00131359045037
discovery,ck2:A:VAL116::NOS_C::motif_shell_4,affinity_correlation,-0.0769177621837,-0.129816330764,-0.0240191936038,0.00780108464963,14,1,0.0370270837988,0.192626095195,0.155599011396,0.311198022792,Complete curve required,0.0654890932836
discovery,ck2:A:VAL116::NOS_C::motif_shell_4,partial_affinity_correlation,-0.0225000952178,-0.0707907988612,0.0257906084256,0.332505239886,14,1,0.0732585949301,0.0373931105485,-0.0358654843816,-0.0717309687633,Complete curve required,0.786709347911
discovery,ck2:A:VAL116::NOS_C::motif_shell_4,lag_gain_correlation,0.0311902880161,0.00299487324494,0.0593857027873,0.0327008041527,14,1,-0.0148353298527,0.108330967394,0.123166297247,0.251359790299,"Undefined genealogical contrasts are omitted with reported quadrature coverage, never treated as zero",0.0817999542495
discovery,ck2:A:VAL116::NOS_C::motif_shell_4,lag_partial_gain_correlation,0.0298638428562,0.00508860540729,0.0546390803052,0.0218359192583,14,1,0.0244906309462,0.133709244633,0.109218613686,0.222895129972,"Undefined genealogical contrasts are omitted with reported quadrature coverage, never treated as zero",0.124632382214
discovery,ck2:A:VAL116::NOS_C::motif_shell_4,native_difference,0.000470523956198,-0.000887353334163,0.00182840124656,0.467427887358,14,1,0,0.00424733259748,0.00424733259748,0.00849466519497,Complete curve required,0.623013496458
discovery,ck2:A:VAL116::NOS_C::motif_shell_4,lag_controlled_gain_correlation,-0.0116889969267,-0.0314925427578,0.00811454890442,0.224573268902,14,1,0.0674899208634,0.0755621033581,0.00807218249464,0.0164738418258,"Undefined genealogical contrasts are omitted with reported quadrature coverage, never treated as zero",0.538975845364
discovery,ck2:A:VAL116::NOS_C::motif_shell_4,root_balanced_selection_shift,-1.84621050108e-05,-3.46348230525e-05,-2.2893869691e-06,0.0283372604717,14,1,0,0.000170071982606,0.000170071982606,0.000340143965211,Complete curve required,0.45075924821
discovery,ck2:A:VAL116::NOS_C::motif_shell_4,root_balanced_retained_shift,9.88155942722e-06,-0.000168963353295,0.00018872647215,0.906811128676,14,1,0,0.000113484254083,0.000113484254083,0.000226968508166,Complete curve required,0.998966672469
discovery,ck2:A:VAL116::NOS_C::motif_shell_4,within_root_affinity_correlation,-0.0679942641066,-0.115047492368,-0.0209410358457,0.00809900428722,14,0.97,,0.181466222224,,,"Undefined genealogical contrasts are omitted with reported quadrature coverage, never treated as zero",0.138743433719
discovery,ck2:A:VAL116::NOS_C::motif_shell_6,population_mean,0.486884659748,0.484480519049,0.489288800448,1.75450491338e-28,14,1,0.571035718984,0.663094092426,0.0920583734428,0.184116746886,Complete curve required,4.62162269866e-28
discovery,ck2:A:VAL116::NOS_C::motif_shell_6,selected_mean,0.486731191972,0.484234292722,0.489228091223,2.88174175201e-28,14,1,0.571109052808,0.663153096088,0.0920440432794,0.184088086559,Complete curve required,7.5909294931e-28
discovery,ck2:A:VAL116::NOS_C::motif_shell_6,selection_shift,-0.000153467776071,-0.000265473260981,-4.14622911603e-05,0.0110552780454,14,1,7.33338247366e-05,5.9003661371e-05,-1.43301633656e-05,-2.86603267312e-05,Complete curve required,0.228472663655
discovery,ck2:A:VAL116::NOS_C::motif_shell_6,retained_shift,-0.000368678047664,-0.00209526803101,0.00135791193568,0.652204899798,14,1,0.0127793537079,-1.37675545572e-05,-0.0127931212624,-0.0255862425249,Complete curve required,0.888604591122
discovery,ck2:A:VAL116::NOS_C::motif_shell_6,low_enrichment,0.00223557820593,-0.00151796330133,0.00598911971318,0.220640925176,14,1,0.00280364645908,-0.00826341514988,-0.011067061609,-0.0221341232179,Complete curve required,0.384342256759
discovery,ck2:A:VAL116::NOS_C::motif_shell_6,high_enrichment,-0.0104593151068,-0.0138233893419,-0.00709524087172,1.43315414803e-05,14,1,-0.00407419470021,0.000904536662082,0.00497873136229,0.00995746272458,Complete curve required,0.000543238290312
discovery,ck2:A:VAL116::NOS_C::motif_shell_6,affinity_correlation,-0.0693697469658,-0.122340380949,-0.0163991129829,0.0142125058307,14,1,0.026068197802,-0.0354290920129,-0.0614972898149,-0.12299457963,Complete curve required,0.0688550808754
discovery,ck2:A:VAL116::NOS_C::motif_shell_6,partial_affinity_correlation,0.00482675838618,-0.0436150257453,0.0532685425176,0.832904957265,14,1,0.0520953690441,-0.0556510865195,-0.107746455564,-0.215492911127,Complete curve required,0.945191366722
discovery,ck2:A:VAL116::NOS_C::motif_shell_6,lag_gain_correlation,0.00496749929972,-0.0242801397192,0.0342151383187,0.719579870834,14,1,0.119889506257,-0.082828139591,-0.202717645848,-0.413709481322,"Undefined genealogical contrasts are omitted with reported quadrature coverage, never treated as zero",0.795918511155
discovery,ck2:A:VAL116::NOS_C::motif_shell_6,lag_partial_gain_correlation,0.000936768545166,-0.0249655052122,0.0268390423026,0.938913796342,14,1,0.141044050018,-0.09145173883,-0.232495788848,-0.47448120173,"Undefined genealogical contrasts are omitted with reported quadrature coverage, never treated as zero",0.996843628471
discovery,ck2:A:VAL116::NOS_C::motif_shell_6,native_difference,0.000343043677432,-0.00205776541218,0.00274385276705,0.762450047858,14,1,0,0.00294013237097,0.00294013237097,0.00588026474194,Complete curve required,0.800468155324
discovery,ck2:A:VAL116::NOS_C::motif_shell_6,lag_controlled_gain_correlation,-0.00748127142106,-0.0338733217939,0.0189107789518,0.550839933861,14,1,0.135399558005,-0.120320541635,-0.25572009964,-0.521877754368,"Undefined genealogical contrasts are omitted with reported quadrature coverage, never treated as zero",0.691752475081
discovery,ck2:A:VAL116::NOS_C::motif_shell_6,root_balanced_selection_shift,-8.34162490292e-05,-0.000181995973603,1.5163475545e-05,0.0905723939401,14,1,0,5.63327591084e-05,5.63327591084e-05,0.000112665518217,Complete curve required,0.575401090913
discovery,ck2:A:VAL116::NOS_C::motif_shell_6,root_balanced_retained_shift,-0.000531213048886,-0.0017890893601,0.000726663262324,0.378196284459,14,1,0,2.47599650845e-05,2.47599650845e-05,4.95199301691e-05,Complete curve required,0.998966672469
discovery,ck2:A:VAL116::NOS_C::motif_shell_6,within_root_affinity_correlation,-0.038946000888,-0.0980383466833,0.0201463449073,0.178051896203,14,0.97,,-0.050544689449,,,"Undefined genealogical contrasts are omitted with reported quadrature coverage, never treated as zero",0.393625686462
discovery,ck2:A:VAL116::NOS_C::proposal_motif_centroid_x,population_mean,2.04629724042,2.04168583406,2.05090864678,6.54030150849e-33,14,1,2.25113278966,1.85210371759,-0.39902907207,-0.79805814414,Complete curve required,3.36358363294e-32
discovery,ck2:A:VAL116::NOS_C::proposal_motif_centroid_x,selected_mean,2.0462870808,2.04161202794,2.05096213367,7.81655672243e-33,14,1,2.25104025179,1.85212127823,-0.398918973564,-0.797837947129,Complete curve required,3.83721875465e-32
discovery,ck2:A:VAL116::NOS_C::proposal_motif_centroid_x,selection_shift,-1.0159619263e-05,-0.000146375550082,0.000126056311556,0.874467848387,14,1,-9.25378735854e-05,1.75606318293e-05,0.000110098505415,0.000220197010829,Complete curve required,0.996730627894
discovery,ck2:A:VAL116::NOS_C::proposal_motif_centroid_x,retained_shift,0.00110457862832,-0.00094571468067,0.00315487193732,0.26538905954,14,1,-0.000866451360889,0.000206761034943,0.00107321239583,0.00214642479166,Complete curve required,0.888604591122
discovery,ck2:A:VAL116::NOS_C::proposal_motif_centroid_x,low_enrichment,-0.00345286128569,-0.00723982471866,0.000334102147279,0.0705497118079,14,1,0.000654021565645,-0.00498625740039,-0.00564027896604,-0.0112805579321,Complete curve required,0.187470448634
discovery,ck2:A:VAL116::NOS_C::proposal_motif_centroid_x,high_enrichment,-0.00341060673103,-0.00819000834216,0.00136879488011,0.147141925908,14,1,0.000900645327483,0.00144798229271,0.000547336965229,0.00109467393046,Complete curve required,0.211884373307
discovery,ck2:A:VAL116::NOS_C::proposal_motif_centroid_x,affinity_correlation,0.0172887363255,-0.0415447126332,0.0761221852842,0.536544009657,14,1,-0.0292444467843,0.0891844296429,0.118428876427,0.236857752854,Complete curve required,0.703893988045
discovery,ck2:A:VAL116::NOS_C::proposal_motif_centroid_x,partial_affinity_correlation,0.00946973408786,-0.0354240951033,0.0543635632791,0.656124324502,14,1,-0.0624786925199,0.00157260949931,0.0640513020192,0.128102604038,Complete curve required,0.871748190129
discovery,ck2:A:VAL116::NOS_C::proposal_motif_centroid_x,lag_gain_correlation,0.0329545727429,0.00481281675517,0.0610963287307,0.0251327129473,14,1,-0.00238302305557,0.106397620434,0.108780643489,0.222001313243,"Undefined genealogical contrasts are omitted with reported quadrature coverage, never treated as zero",0.0758106251635
discovery,ck2:A:VAL116::NOS_C::proposal_motif_centroid_x,lag_partial_gain_correlation,0.0351393538224,0.00646944239143,0.0638092652534,0.0200933206768,14,1,-0.0349633163171,0.129606443781,0.164569760098,0.335856653261,"Undefined genealogical contrasts are omitted with reported quadrature coverage, never treated as zero",0.124632382214
discovery,ck2:A:VAL116::NOS_C::proposal_motif_centroid_x,native_difference,0.00294417677632,-0.00176415121018,0.00765250476281,0.199770699589,14,1,0,0.00794107490305,0.00794107490305,0.0158821498061,Complete curve required,0.443652431203
discovery,ck2:A:VAL116::NOS_C::proposal_motif_centroid_x,lag_controlled_gain_correlation,0.0146895488461,-0.0023264727885,0.0317055704807,0.0849100608846,14,1,-0.0069162402249,0.0584783570743,0.0653945972992,0.133458361835,"Undefined genealogical contrasts are omitted with reported quadrature coverage, never treated as zero",0.386819314579
discovery,ck2:A:VAL116::NOS_C::proposal_motif_centroid_x,root_balanced_selection_shift,-4.31404140641e-05,-0.000156042582777,6.97617546489e-05,0.423985618866,14,1,0,1.53508354203e-05,1.53508354203e-05,3.07016708406e-05,Complete curve required,0.863970695047
discovery,ck2:A:VAL116::NOS_C::proposal_motif_centroid_x,root_balanced_retained_shift,0.000782690673594,-0.000867970808856,0.00243335215605,0.324341800777,14,1,0,0.000163572665699,0.000163572665699,0.000327145331398,Complete curve required,0.998966672469
discovery,ck2:A:VAL116::NOS_C::proposal_motif_centroid_x,within_root_affinity_correlation,-0.000101040824837,-0.0550021780585,0.0548000964088,0.996888007073,14,0.987142857143,,0.0787308189392,,,"Undefined genealogical contrasts are omitted with reported quadrature coverage, never treated as zero",0.996888007073
discovery,ck2:A:VAL116::NOS_C::proposal_motif_centroid_y,population_mean,-4.49987918202,-4.50924127192,-4.49051709211,2.31524999623e-33,14,1,-5.2355925677,-3.74646692689,1.48912564081,2.97825128162,Complete curve required,1.56279374746e-32
discovery,ck2:A:VAL116::NOS_C::proposal_motif_centroid_y,selected_mean,-4.50026283833,-4.50952631121,-4.49099936544,2.01525764384e-33,14,1,-5.23568116961,-3.74624209856,1.48943907104,2.97887814209,Complete curve required,1.32276203014e-32
discovery,ck2:A:VAL116::NOS_C::proposal_motif_centroid_y,selection_shift,-0.000383656308112,-0.00077671408573,9.40146950472e-06,0.0549382184736,14,1,-8.86019099954e-05,0.000224828322224,0.000313430232219,0.000626860464439,Complete curve required,0.312280399745
discovery,ck2:A:VAL116::NOS_C::proposal_motif_centroid_y,retained_shift,-0.00200574677746,-0.00603123931371,0.00201974575878,0.30130715495,14,1,-0.00279334221048,0.00118746026004,0.00398080247052,0.00796160494104,Complete curve required,0.888604591122
discovery,ck2:A:VAL116::NOS_C::proposal_motif_centroid_y,low_enrichment,0.00556885098849,-0.000542202505196,0.0116799044822,0.0706858537132,14,1,0.00240566105302,0.00373539703218,0.00132973597915,0.00265947195831,Complete curve required,0.187470448634
discovery,ck2:A:VAL116::NOS_C::proposal_motif_centroid_y,high_enrichment,-0.0113481732603,-0.0182387921285,-0.00445755439208,0.00350291239942,14,1,-0.00058947382095,-0.00188460096451,-0.00129512714356,-0.00259025428711,Complete curve required,0.0105087371983
discovery,ck2:A:VAL116::NOS_C::proposal_motif_centroid_y,affinity_correlation,-0.123661494787,-0.202819617389,-0.0445033721855,0.00497623699511,14,1,-0.0266966810763,-0.0547207513827,-0.0280240703064,-0.0560481406128,Complete curve required,0.0594132473266
discovery,ck2:A:VAL116::NOS_C::proposal_motif_centroid_y,partial_affinity_correlation,-0.0408636293479,-0.114795356055,0.0330680973597,0.253779920315,14,1,-0.0366194093995,-0.0576433368156,-0.0210239274161,-0.0420478548323,Complete curve required,0.786709347911
discovery,ck2:A:VAL116::NOS_C::proposal_motif_centroid_y,lag_gain_correlation,0.0213753115023,-0.010313162058,0.0530637850626,0.168771913348,14,1,0.083791071652,0.00966008241152,-0.0741309892405,-0.151287733144,"Undefined genealogical contrasts are omitted with reported quadrature coverage, never treated as zero",0.22797056903
discovery,ck2:A:VAL116::NOS_C::proposal_motif_centroid_y,lag_partial_gain_correlation,0.00572012456093,-0.0219449288876,0.0333851780094,0.662452798711,14,1,0.0627586020191,-0.0134696329909,-0.07622823501,-0.155567826551,"Undefined genealogical contrasts are omitted with reported quadrature coverage, never treated as zero",0.769300024309
discovery,ck2:A:VAL116::NOS_C::proposal_motif_centroid_y,native_difference,-0.00572640740604,-0.0158336347434,0.00438081993129,0.242676328071,14,1,0,-0.0056539820175,-0.0056539820175,-0.011307964035,Complete curve required,0.445510661504
discovery,ck2:A:VAL116::NOS_C::proposal_motif_centroid_y,lag_controlled_gain_correlation,-0.00243589394138,-0.0218183799431,0.0169465920604,0.790266865278,14,1,0.0933548141671,-0.0437411007024,-0.13709591487,-0.279787581366,"Undefined genealogical contrasts are omitted with reported quadrature coverage, never treated as zero",0.855601729687
discovery,ck2:A:VAL116::NOS_C::proposal_motif_centroid_y,root_balanced_selection_shift,-0.000169895640053,-0.000463405161832,0.000123613881727,0.233153141446,14,1,0,0.0001943001138,0.0001943001138,0.0003886002276,Complete curve required,0.644382535191
discovery,ck2:A:VAL116::NOS_C::proposal_motif_centroid_y,root_balanced_retained_shift,-0.00118910554233,-0.00485022869275,0.00247201760809,0.495254622977,14,1,0,0.000598743498848,0.000598743498848,0.0011974869977,Complete curve required,0.998966672469
discovery,ck2:A:VAL116::NOS_C::proposal_motif_centroid_y,within_root_affinity_correlation,-0.0684542482676,-0.151627660351,0.0147191638155,0.0987797876888,14,0.987142857143,,-0.0871072868904,,,"Undefined genealogical contrasts are omitted with reported quadrature coverage, never treated as zero",0.304806202011
discovery,ck2:A:VAL116::NOS_C::proposal_motif_centroid_z,population_mean,5.89236235593,5.88207531609,5.90264939578,2.36801566989e-34,14,1,6.11565530356,5.64253829469,-0.473117008866,-0.946234017733,Complete curve required,4.26242820581e-33
discovery,ck2:A:VAL116::NOS_C::proposal_motif_centroid_z,selected_mean,5.8925645224,5.88210806461,5.90302098019,2.9269432047e-34,14,1,6.11540222919,5.64183036197,-0.473571867218,-0.947143734437,Complete curve required,5.2709768035e-33
discovery,ck2:A:VAL116::NOS_C::proposal_motif_centroid_z,selection_shift,0.000202166463535,-7.42519376696e-05,0.00047858486474,0.138110951107,14,1,-0.000253074372873,-0.00070793272483,-0.000454858351957,-0.000909716703915,Complete curve required,0.514344231711
discovery,ck2:A:VAL116::NOS_C::proposal_motif_centroid_z,retained_shift,0.000180328507465,-0.00352151950909,0.00388217652402,0.917793209162,14,1,0.00179738854917,-4.82477062283e-05,-0.0018456362554,-0.0036912725108,Complete curve required,0.961328658763
discovery,ck2:A:VAL116::NOS_C::proposal_motif_centroid_z,low_enrichment,-0.00699031918814,-0.0110548573404,-0.00292578103586,0.00259246902444,14,1,0.00372090593908,0.00981587999566,0.00609497405658,0.0121899481132,Complete curve required,0.0353580331294
discovery,ck2:A:VAL116::NOS_C::proposal_motif_centroid_z,high_enrichment,0.00100034178048,-0.00404230040053,0.00604298396149,0.675254513112,14,1,-0.00783467821566,-0.00908358234992,-0.00124890413425,-0.00249780826851,Complete curve required,0.744158034858
discovery,ck2:A:VAL116::NOS_C::proposal_motif_centroid_z,affinity_correlation,0.0240497627609,-0.0399416492049,0.0880411747267,0.431450046996,14,1,-0.0676597103596,-0.165391055283,-0.097731344923,-0.195462689846,Complete curve required,0.647175070494
discovery,ck2:A:VAL116::NOS_C::proposal_motif_centroid_z,partial_affinity_correlation,-0.00253692664267,-0.0507801048507,0.0457062515654,0.9112861402,14,1,-0.0819733608926,-0.007123339933,0.0748500209596,0.149700041919,Complete curve required,0.958259652582
discovery,ck2:A:VAL116::NOS_C::proposal_motif_centroid_z,lag_gain_correlation,0.00219509827256,-0.0290627727508,0.0334529692959,0.881742523155,14,1,-0.0130823349192,-0.109504738088,-0.0964224031684,-0.196780414629,"Undefined genealogical contrasts are omitted with reported quadrature coverage, never treated as zero",0.906935166674
discovery,ck2:A:VAL116::NOS_C::proposal_motif_centroid_z,lag_partial_gain_correlation,-0.000141890045899,-0.0295553863119,0.0292716062201,0.991843175767,14,1,-0.0446913463321,-0.132213508117,-0.0875221617853,-0.178616656705,"Undefined genealogical contrasts are omitted with reported quadrature coverage, never treated as zero",0.996843628471
discovery,ck2:A:VAL116::NOS_C::proposal_motif_centroid_z,native_difference,-0.00565354516437,-0.0156807824229,0.00437369209417,0.244848453073,14,1,0,-0.0228556245903,-0.0228556245903,-0.0457112491806,Complete curve required,0.445510661504
discovery,ck2:A:VAL116::NOS_C::proposal_motif_centroid_z,lag_controlled_gain_correlation,0.00835645257037,-0.0149149099937,0.0316278151345,0.451772651013,14,1,-0.0248180221874,-0.0667583640985,-0.0419403419111,-0.0855925345124,"Undefined genealogical contrasts are omitted with reported quadrature coverage, never treated as zero",0.633655146875
discovery,ck2:A:VAL116::NOS_C::proposal_motif_centroid_z,root_balanced_selection_shift,0.000163297912345,-4.01845979643e-05,0.000366780422655,0.10660073934,14,1,0,-0.000713695247274,-0.000713695247274,-0.00142739049455,Complete curve required,0.60594104467
discovery,ck2:A:VAL116::NOS_C::proposal_motif_centroid_z,root_balanced_retained_shift,0.000843377031356,-0.00175501233361,0.00344176639632,0.495535847385,14,1,0,-4.70033106514e-05,-4.70033106514e-05,-9.40066213028e-05,Complete curve required,0.998966672469
discovery,ck2:A:VAL116::NOS_C::proposal_motif_centroid_z,within_root_affinity_correlation,0.0245739824661,-0.0360284454307,0.0851764103629,0.396918248065,14,0.987142857143,,-0.152529165468,,,"Undefined genealogical contrasts are omitted with reported quadrature coverage, never treated as zero",0.612388154158
discovery,ck2:A:VAL116::NOS_C::proposal_motif_pair_1_5,population_mean,0.545804424291,0.542437662219,0.549171186364,3.1651544074e-27,14,1,0.197304280034,0.583513561322,0.386209281288,0.772418562575,Complete curve required,7.76901536363e-27
discovery,ck2:A:VAL116::NOS_C::proposal_motif_pair_1_5,selected_mean,0.545853175905,0.542440185981,0.549266165829,3.774648417e-27,14,1,0.197408730546,0.583767804033,0.386359073487,0.772718146974,Complete curve required,9.26504611446e-27
discovery,ck2:A:VAL116::NOS_C::proposal_motif_pair_1_5,selection_shift,4.87516139319e-05,-9.6820320619e-05,0.000194323548483,0.482188346787,14,1,0.000104450511228,0.000254242710513,0.000149792199284,0.000299584398569,Complete curve required,0.826608594493
discovery,ck2:A:VAL116::NOS_C::proposal_motif_pair_1_5,retained_shift,-0.000736605395569,-0.00338154161449,0.00190833082335,0.557750961439,14,1,-0.00375908456684,0.000983759172202,0.00474284373904,0.00948568747808,Complete curve required,0.888604591122
discovery,ck2:A:VAL116::NOS_C::proposal_motif_pair_1_5,low_enrichment,-0.004028490915,-0.00688694345804,-0.00117003837195,0.0093959667463,14,1,0.000573782930583,-0.0068178028035,-0.00739158573408,-0.0147831714682,Complete curve required,0.0740745936158
discovery,ck2:A:VAL116::NOS_C::proposal_motif_pair_1_5,high_enrichment,-0.000370357487827,-0.00397295865923,0.00323224368358,0.82769325942,14,1,0.00513864747743,0.00522300700796,8.43595305335e-05,0.000168719061067,Complete curve required,0.867872543858
discovery,ck2:A:VAL116::NOS_C::proposal_motif_pair_1_5,affinity_correlation,0.0221210692015,-0.0314532589265,0.0756953973294,0.388592411901,14,1,0.027576410485,0.0297832904256,0.00220687994057,0.00441375988114,Complete curve required,0.609791169445
discovery,ck2:A:VAL116::NOS_C::proposal_motif_pair_1_5,partial_affinity_correlation,0.0151448195984,-0.0282615680346,0.0585512072314,0.464422192448,14,1,0.0158355915897,0.0328100784427,0.016974486853,0.033948973706,Complete curve required,0.786709347911
discovery,ck2:A:VAL116::NOS_C::proposal_motif_pair_1_5,lag_gain_correlation,-0.00728783742421,-0.0317427787058,0.0171671038574,0.530891325804,14,1,0.0678790750293,-0.00556723050255,-0.0734463055319,-0.149890419453,"Undefined genealogical contrasts are omitted with reported quadrature coverage, never treated as zero",0.637069590965
discovery,ck2:A:VAL116::NOS_C::proposal_motif_pair_1_5,lag_partial_gain_correlation,-0.00597574868298,-0.029405208806,0.01745371144,0.590972627944,14,1,0.0949506313005,0.0102556323323,-0.0846949989683,-0.17284693667,"Undefined genealogical contrasts are omitted with reported quadrature coverage, never treated as zero",0.717135323797
discovery,ck2:A:VAL116::NOS_C::proposal_motif_pair_1_5,native_difference,-0.000995419865942,-0.00440354041286,0.00241270068098,0.538985999544,14,1,0,-0.00347382000391,-0.00347382000391,-0.00694764000783,Complete curve required,0.676866138963
discovery,ck2:A:VAL116::NOS_C::proposal_motif_pair_1_5,lag_controlled_gain_correlation,-0.0143826338846,-0.033523549732,0.00475828196286,0.128509753577,14,1,0.128155413012,0.0497202717966,-0.0784351412156,-0.160071716767,"Undefined genealogical contrasts are omitted with reported quadrature coverage, never treated as zero",0.428905383988
discovery,ck2:A:VAL116::NOS_C::proposal_motif_pair_1_5,root_balanced_selection_shift,1.99787439776e-05,-6.80087172326e-05,0.000107966205188,0.631926885078,14,1,0,0.000278353602399,0.000278353602399,0.000556707204798,Complete curve required,0.985262702876
discovery,ck2:A:VAL116::NOS_C::proposal_motif_pair_1_5,root_balanced_retained_shift,-0.000221935432664,-0.00166736361617,0.00122349275084,0.745395452837,14,1,0,0.00129159115312,0.00129159115312,0.00258318230624,Complete curve required,0.998966672469
discovery,ck2:A:VAL116::NOS_C::proposal_motif_pair_1_5,within_root_affinity_correlation,0.0140294738066,-0.029312857743,0.0573718053563,0.496693231385,14,0.987142857143,,0.0342781821662,,,"Undefined genealogical contrasts are omitted with reported quadrature coverage, never treated as zero",0.684747011295
discovery,ck2:A:VAL116::NOS_C::proposal_motif_pair_3,population_mean,0.124231174751,0.121353318508,0.127109030994,9.27597380502e-20,14,1,0.000750090529859,0.359039986961,0.358289896431,0.716579792863,Complete curve required,1.89019843574e-19
discovery,ck2:A:VAL116::NOS_C::proposal_motif_pair_3,selected_mean,0.124148795575,0.121248509885,0.127049081266,1.03483146596e-19,14,1,0.000751101118081,0.358578775451,0.357827674333,0.715655348665,Complete curve required,2.10871317592e-19
discovery,ck2:A:VAL116::NOS_C::proposal_motif_pair_3,selection_shift,-8.23791753439e-05,-0.000211076960101,4.63186094137e-05,0.190004299415,14,1,1.01058822242e-06,-0.000461211510547,-0.00046222209877,-0.000924444197539,Complete curve required,0.57914739404
discovery,ck2:A:VAL116::NOS_C::proposal_motif_pair_3,retained_shift,-0.000240629818863,-0.00166897959803,0.00118771996031,0.721745521311,14,1,-3.24969727413e-05,-0.000682205399522,-0.000649708426781,-0.00129941685356,Complete curve required,0.888604591122
discovery,ck2:A:VAL116::NOS_C::proposal_motif_pair_3,low_enrichment,-0.000526216388807,-0.00370688212509,0.00265444934748,0.726515852505,14,1,7.47920446747e-05,0.00463824980657,0.00456345776189,0.00912691552378,Complete curve required,0.871819023006
discovery,ck2:A:VAL116::NOS_C::proposal_motif_pair_3,high_enrichment,-0.00559479808952,-0.00912811573726,-0.00206148044179,0.00455643560754,14,1,0.00373688574678,-0.00491966726484,-0.00865655301161,-0.0173131060232,Complete curve required,0.0129498696214
discovery,ck2:A:VAL116::NOS_C::proposal_motif_pair_3,affinity_correlation,-0.050455622918,-0.0930648523355,-0.00784639350047,0.0238202999454,14,1,0.0301051370636,-0.0846088131983,-0.114713950262,-0.229427900524,Complete curve required,0.0809890198143
discovery,ck2:A:VAL116::NOS_C::proposal_motif_pair_3,partial_affinity_correlation,-0.0318564808851,-0.0711220978965,0.00740913612624,0.103184131442,14,1,0.0169807986237,-0.0990292114933,-0.116010010117,-0.232020020234,Complete curve required,0.786709347911
discovery,ck2:A:VAL116::NOS_C::proposal_motif_pair_3,lag_gain_correlation,0.019836697783,-0.0142549437461,0.0539283393122,0.230854916653,14,1,0.0695376727864,0.0891667731648,0.0196291003784,0.0400593885273,"Undefined genealogical contrasts are omitted with reported quadrature coverage, never treated as zero",0.304052817056
discovery,ck2:A:VAL116::NOS_C::proposal_motif_pair_3,lag_partial_gain_correlation,0.0132851003546,-0.0190652392826,0.0456354399918,0.391097878095,14,1,0.097056250673,0.0565760327113,-0.0404802179617,-0.0826126897178,"Undefined genealogical contrasts are omitted with reported quadrature coverage, never treated as zero",0.527982135429
discovery,ck2:A:VAL116::NOS_C::proposal_motif_pair_3,native_difference,-0.00377922398738,-0.00700065572112,-0.000557792253631,0.0249151186391,14,1,0,-0.00735805258418,-0.00735805258418,-0.0147161051684,Complete curve required,0.112118033876
discovery,ck2:A:VAL116::NOS_C::proposal_motif_pair_3,lag_controlled_gain_correlation,-0.0208129159789,-0.0449095520513,0.00328372009363,0.0847655931967,14,1,0.131334099585,0.0154723856292,-0.115861713956,-0.23645247746,"Undefined genealogical contrasts are omitted with reported quadrature coverage, never treated as zero",0.386819314579
discovery,ck2:A:VAL116::NOS_C::proposal_motif_pair_3,root_balanced_selection_shift,-6.24015309008e-05,-0.000167573851121,4.27707893199e-05,0.222300921195,14,1,0,-0.000427573847504,-0.000427573847504,-0.000855147695008,Complete curve required,0.644382535191
discovery,ck2:A:VAL116::NOS_C::proposal_motif_pair_3,root_balanced_retained_shift,-0.000380197050084,-0.00160614071432,0.000845746614156,0.514591737758,14,1,0,-0.000777645005994,-0.000777645005994,-0.00155529001199,Complete curve required,0.998966672469
discovery,ck2:A:VAL116::NOS_C::proposal_motif_pair_3,within_root_affinity_correlation,-0.0600020792487,-0.111640567684,-0.0083635908137,0.0260785646359,14,0.987142857143,,-0.0800223410635,,,"Undefined genealogical contrasts are omitted with reported quadrature coverage, never treated as zero",0.138743433719
discovery,ck2:A:VAL116::NOS_C::proposal_motif_pair_5,population_mean,0.00484019987924,0.00427721568815,0.00540318407032,9.64154939803e-11,14,1,9.27326912256e-10,0.0428566575667,0.0428566566394,0.0857133132788,Complete curve required,1.15698592776e-10
discovery,ck2:A:VAL116::NOS_C::proposal_motif_pair_5,selected_mean,0.00483661525906,0.00426944162151,0.00540378889661,1.06810566452e-10,14,1,9.30028839934e-10,0.0428009824323,0.0428009815023,0.0856019630046,Complete curve required,1.28172679743e-10
discovery,ck2:A:VAL116::NOS_C::proposal_motif_pair_5,selection_shift,-3.58462017877e-06,-1.94030933593e-05,1.22338530018e-05,0.632601929069,14,1,2.70192767807e-12,-5.56751343774e-05,-5.56751370793e-05,-0.000111350274159,Complete curve required,0.990159541151
discovery,ck2:A:VAL116::NOS_C::proposal_motif_pair_5,retained_shift,4.10464687923e-05,-6.71629371661e-05,0.000149255874751,0.427281330699,14,1,-7.41380083695e-11,-1.22902732419e-05,-1.22901991038e-05,-2.45803982077e-05,Complete curve required,0.888604591122
discovery,ck2:A:VAL116::NOS_C::proposal_motif_pair_5,low_enrichment,0.0014885470859,-0.0031555212622,0.00613261543401,0.500834081646,14,1,0.0016402374366,0.00147740999973,-0.000162827436874,-0.000325654873747,Complete curve required,0.693462574587
discovery,ck2:A:VAL116::NOS_C::proposal_motif_pair_5,high_enrichment,-0.00495601576818,-0.00910428908279,-0.000807742453561,0.0228120029814,14,1,0.00288743218647,-0.00823841221645,-0.0111258444029,-0.0222516888058,Complete curve required,0.051327006708
discovery,ck2:A:VAL116::NOS_C::proposal_motif_pair_5,affinity_correlation,-0.057880649204,-0.120490738273,0.00472943986509,0.0671788165084,14,1,0.0328609234469,0.00528373804681,-0.0275771854001,-0.0551543708001,Complete curve required,0.175698443176
discovery,ck2:A:VAL116::NOS_C::proposal_motif_pair_5,partial_affinity_correlation,-0.00802156833342,-0.0398308592698,0.0237877226029,0.595117301332,14,1,0.0179565263678,-0.067966021484,-0.0859225478517,-0.171845095703,Complete curve required,0.854957249802
discovery,ck2:A:VAL116::NOS_C::proposal_motif_pair_5,lag_gain_correlation,0.034301653859,0.000105625603047,0.0684976821149,0.0493934466795,14,1,0.0721551181633,-0.0235020338636,-0.0956571520269,-0.195218677606,"Undefined genealogical contrasts are omitted with reported quadrature coverage, never treated as zero",0.104597887086
discovery,ck2:A:VAL116::NOS_C::proposal_motif_pair_5,lag_partial_gain_correlation,0.0258450371613,-0.00458114325035,0.056271217573,0.0894693366681,14,1,0.0995250267837,-0.0238797747735,-0.123404801557,-0.25184653379,"Undefined genealogical contrasts are omitted with reported quadrature coverage, never treated as zero",0.163774378986
discovery,ck2:A:VAL116::NOS_C::proposal_motif_pair_5,native_difference,-0.000431676952203,-0.000980026405766,0.00011667250136,0.112780247501,14,1,0,-0.00140385088107,-0.00140385088107,-0.00280770176213,Complete curve required,0.297079676345
discovery,ck2:A:VAL116::NOS_C::proposal_motif_pair_5,lag_controlled_gain_correlation,-0.0159464237136,-0.0358122196174,0.00391937219026,0.106525143262,14,1,0.134670146089,-0.0858137667952,-0.220483912884,-0.449967169151,"Undefined genealogical contrasts are omitted with reported quadrature coverage, never treated as zero",0.407255767201
discovery,ck2:A:VAL116::NOS_C::proposal_motif_pair_5,root_balanced_selection_shift,-2.63461774944e-06,-1.7561421479e-05,1.22921859801e-05,0.709132145,14,1,0,-7.05650723121e-05,-7.05650723121e-05,-0.000141130144624,Complete curve required,0.985262702876
discovery,ck2:A:VAL116::NOS_C::proposal_motif_pair_5,root_balanced_retained_shift,1.69294052959e-05,-8.02628956652e-05,0.000114121706257,0.712761542551,14,1,0,-0.000137653350082,-0.000137653350082,-0.000275306700164,Complete curve required,0.998966672469
discovery,ck2:A:VAL116::NOS_C::proposal_motif_pair_5,within_root_affinity_correlation,-0.0508484459097,-0.122473157096,0.0207762652764,0.149071903521,14,0.97,,-0.0132399430223,,,"Undefined genealogical contrasts are omitted with reported quadrature coverage, never treated as zero",0.357772568449
discovery,ck2:A:VAL116::NOS_C::proposal_motif_shell_2,population_mean,0.000121275798272,0.000108844707317,0.000133706889227,1.95858293713e-11,14,1,6.06679807808e-08,0.00103813333359,0.00103807266561,0.00207614533123,Complete curve required,2.48855243777e-11
discovery,ck2:A:VAL116::NOS_C::proposal_motif_shell_2,selected_mean,0.00012127152346,0.000108833065985,0.000133709980936,1.97420168824e-11,14,1,6.07264567316e-08,0.00104081831762,0.00104075759116,0.00208151518232,Complete curve required,2.50839743918e-11
discovery,ck2:A:VAL116::NOS_C::proposal_motif_shell_2,selection_shift,-4.27481152927e-09,-1.61026131067e-07,1.52476508008e-07,0.953915001932,14,1,5.84759507196e-11,2.68498402322e-06,2.68492554727e-06,5.36985109453e-06,Complete curve required,0.996730627894
discovery,ck2:A:VAL116::NOS_C::proposal_motif_shell_2,retained_shift,7.20605067192e-07,-6.33674519359e-07,2.07488465374e-06,0.271050730844,14,1,-1.36622183541e-09,3.94928762829e-06,3.95065385012e-06,7.90130770025e-06,Complete curve required,0.888604591122
discovery,ck2:A:VAL116::NOS_C::proposal_motif_shell_2,low_enrichment,0.0042254923378,0.000620792189596,0.007830192486,0.025010208037,14,1,-0.00294749470763,-0.0148969694992,-0.0119494747916,-0.0238989495832,Complete curve required,0.122777384909
discovery,ck2:A:VAL116::NOS_C::proposal_motif_shell_2,high_enrichment,-0.0105819928779,-0.014165420748,-0.00699856500767,2.41970871699e-05,14,1,0.00070615662322,0.0119490060323,0.0112428494091,0.0224856988182,Complete curve required,0.000543238290312
discovery,ck2:A:VAL116::NOS_C::proposal_motif_shell_2,affinity_correlation,-0.0751540685182,-0.122786327521,-0.0275218095153,0.00466438966919,14,1,0.0360441990596,0.189441587001,0.153397387941,0.306794775882,Complete curve required,0.0594132473266
discovery,ck2:A:VAL116::NOS_C::proposal_motif_shell_2,partial_affinity_correlation,-0.0200682093755,-0.0570599180068,0.0169234992557,0.262223783703,14,1,0.0419933801029,0.0497619055374,0.00776852543451,0.015537050869,Complete curve required,0.786709347911
discovery,ck2:A:VAL116::NOS_C::proposal_motif_shell_2,lag_gain_correlation,0.0237749276305,-0.0027628476387,0.0503127028998,0.0749890655816,14,1,0.0598032476366,0.151169457539,0.091366209902,0.186461652861,"Undefined genealogical contrasts are omitted with reported quadrature coverage, never treated as zero",0.12874385013
discovery,ck2:A:VAL116::NOS_C::proposal_motif_shell_2,lag_partial_gain_correlation,0.022777847765,-0.00281738580892,0.0483730813389,0.0767207466078,14,1,0.072896958295,0.168725661745,0.09582870345,0.195568782551,"Undefined genealogical contrasts are omitted with reported quadrature coverage, never treated as zero",0.147961439886
discovery,ck2:A:VAL116::NOS_C::proposal_motif_shell_2,native_difference,4.08911353874e-06,-7.767968082e-06,1.59461951595e-05,0.46950403939,14,1,0,5.46974284722e-05,5.46974284722e-05,0.000109394856944,Complete curve required,0.623013496458
discovery,ck2:A:VAL116::NOS_C::proposal_motif_shell_2,lag_controlled_gain_correlation,-0.0234963636352,-0.0430192912057,-0.00397343606473,0.022003427642,14,1,0.0757293641853,0.0845371542465,0.00880779006118,0.0179750817575,"Undefined genealogical contrasts are omitted with reported quadrature coverage, never treated as zero",0.318563781322
discovery,ck2:A:VAL116::NOS_C::proposal_motif_shell_2,root_balanced_selection_shift,-1.52874162573e-08,-1.30767741547e-07,1.00192909032e-07,0.779390683697,14,1,0,2.67166076361e-06,2.67166076361e-06,5.34332152722e-06,Complete curve required,0.985262702876
discovery,ck2:A:VAL116::NOS_C::proposal_motif_shell_2,root_balanced_retained_shift,3.17734779606e-07,-8.22919779629e-07,1.45838933884e-06,0.557669609485,14,1,0,2.33158970919e-06,2.33158970919e-06,4.66317941839e-06,Complete curve required,0.998966672469
discovery,ck2:A:VAL116::NOS_C::proposal_motif_shell_2,within_root_affinity_correlation,-0.0714596746055,-0.112077045164,-0.0308423040468,0.00220390683044,14,0.97,,0.174983597482,,,"Undefined genealogical contrasts are omitted with reported quadrature coverage, never treated as zero",0.101400722528
discovery,ck2:A:VAL116::NOS_C::proposal_motif_shell_4,population_mean,0.0325718183338,0.03103173356,0.0341119031076,9.61992985421e-16,14,1,0.00082225101717,0.138791484917,0.1379692339,0.275938467799,Complete curve required,1.64866419953e-15
discovery,ck2:A:VAL116::NOS_C::proposal_motif_shell_4,selected_mean,0.0325483927532,0.0309979106393,0.0340988748672,1.05919730639e-15,14,1,0.000822754129418,0.138965947094,0.138143192965,0.27628638593,Complete curve required,1.8000670206e-15
discovery,ck2:A:VAL116::NOS_C::proposal_motif_shell_4,selection_shift,-2.34255805711e-05,-4.63934928636e-05,-4.57668278503e-07,0.0462065804882,14,1,5.03112247549e-07,0.000174462177507,0.000173959065259,0.000347918130518,Complete curve required,0.287953312374
discovery,ck2:A:VAL116::NOS_C::proposal_motif_shell_4,retained_shift,9.33919157836e-05,-0.000169274568718,0.000356058400285,0.456139394817,14,1,-1.14127561902e-05,0.000179776591461,0.000191189347651,0.000382378695302,Complete curve required,0.888604591122
discovery,ck2:A:VAL116::NOS_C::proposal_motif_shell_4,low_enrichment,0.00451617886508,0.000714616518015,0.00831774121214,0.0234498708048,14,1,-0.00535519594211,-0.01036780343,-0.00501260748793,-0.0100252149759,Complete curve required,0.120599335568
discovery,ck2:A:VAL116::NOS_C::proposal_motif_shell_4,high_enrichment,-0.011741145445,-0.0165370848474,-0.00694520604245,0.00014665380372,14,1,0.00363478407694,0.00887687883971,0.00524209476278,0.0104841895256,Complete curve required,0.00131359045037
discovery,ck2:A:VAL116::NOS_C::proposal_motif_shell_4,affinity_correlation,-0.0737073334759,-0.126062637102,-0.0213520298497,0.00945459321916,14,1,0.037148873103,0.186847077097,0.149698203994,0.299396407988,Complete curve required,0.0688550808754
discovery,ck2:A:VAL116::NOS_C::proposal_motif_shell_4,partial_affinity_correlation,-0.0205576402326,-0.0635043391162,0.022389058651,0.319934646038,14,1,0.0427023974689,0.0387671004792,-0.00393529698965,-0.0078705939793,Complete curve required,0.786709347911
discovery,ck2:A:VAL116::NOS_C::proposal_motif_shell_4,lag_gain_correlation,0.0263136323306,-0.00253149954328,0.0551587642046,0.0704241369329,14,1,0.0632474970444,0.146392815885,0.0831453188404,0.169684324164,"Undefined genealogical contrasts are omitted with reported quadrature coverage, never treated as zero",0.124685357193
discovery,ck2:A:VAL116::NOS_C::proposal_motif_shell_4,lag_partial_gain_correlation,0.0254965282887,-0.00103086815699,0.0520239247343,0.0582498173755,14,1,0.0747491668661,0.164083656332,0.0893344894662,0.182315284625,"Undefined genealogical contrasts are omitted with reported quadrature coverage, never treated as zero",0.129218237146
discovery,ck2:A:VAL116::NOS_C::proposal_motif_shell_4,native_difference,0.000559060323544,-0.00089031294724,0.00200843359433,0.419717668765,14,1,0,0.00486734034358,0.00486734034358,0.00973468068715,Complete curve required,0.596440897719
discovery,ck2:A:VAL116::NOS_C::proposal_motif_shell_4,lag_controlled_gain_correlation,-0.018217461103,-0.0386411435612,0.00220622135525,0.0761209514567,14,1,0.0776518554799,0.0880464388269,0.010394583347,0.0212134354021,"Undefined genealogical contrasts are omitted with reported quadrature coverage, never treated as zero",0.386819314579
discovery,ck2:A:VAL116::NOS_C::proposal_motif_shell_4,root_balanced_selection_shift,-2.16255220335e-05,-4.15722375608e-05,-1.67880650616e-06,0.0357421163161,14,1,0,0.000169208255752,0.000169208255752,0.000338416511504,Complete curve required,0.45075924821
discovery,ck2:A:VAL116::NOS_C::proposal_motif_shell_4,root_balanced_retained_shift,1.1844762239e-07,-0.000197748511647,0.000197985406891,0.998987774605,14,1,0,0.000100661890016,0.000100661890016,0.000201323780032,Complete curve required,0.999490359885
discovery,ck2:A:VAL116::NOS_C::proposal_motif_shell_4,within_root_affinity_correlation,-0.0673735284859,-0.112058959675,-0.0226880972965,0.00624053270828,14,0.987142857143,,0.1669239053,,,"Undefined genealogical contrasts are omitted with reported quadrature coverage, never treated as zero",0.134795506499
discovery,ck2:A:VAL116::NOS_C::proposal_motif_shell_6,population_mean,0.492532028236,0.490286275962,0.49477778051,6.22726739444e-29,14,1,0.207378655777,0.660024869791,0.452646214014,0.905292428028,Complete curve required,1.86818021833e-28
discovery,ck2:A:VAL116::NOS_C::proposal_motif_shell_6,selected_mean,0.49237357923,0.49003607331,0.49471108515,1.0524042314e-28,14,1,0.207436154725,0.660083146643,0.452646991917,0.905293983834,Complete curve required,3.15721269419e-28
discovery,ck2:A:VAL116::NOS_C::proposal_motif_shell_6,selection_shift,-0.000158449005518,-0.000273001306605,-4.38967044317e-05,0.010473332086,14,1,5.74989479898e-05,5.82768512822e-05,7.77903292474e-07,1.55580658495e-06,Complete curve required,0.228472663655
discovery,ck2:A:VAL116::NOS_C::proposal_motif_shell_6,retained_shift,-0.000613113665035,-0.0023365169104,0.00111028958033,0.455886249928,14,1,-0.00121539248566,-4.52114675638e-06,0.0012108713389,0.0024217426778,Complete curve required,0.888604591122
discovery,ck2:A:VAL116::NOS_C::proposal_motif_shell_6,low_enrichment,0.00254467815924,-0.00148058172515,0.00656993804363,0.195186236463,14,1,-0.00577602503901,-0.00773090757073,-0.00195488253172,-0.00390976506344,Complete curve required,0.364662525198
discovery,ck2:A:VAL116::NOS_C::proposal_motif_shell_6,high_enrichment,-0.0101273038929,-0.0133332625005,-0.00692134528533,1.21659823191e-05,14,1,0.00647078016568,-0.000934291639866,-0.00740507180554,-0.0148101436111,Complete curve required,0.000543238290312
discovery,ck2:A:VAL116::NOS_C::proposal_motif_shell_6,affinity_correlation,-0.065827254241,-0.117853023661,-0.0138014848207,0.0170681739986,14,1,0.0379725705246,-0.0504108103156,-0.0883833808402,-0.17676676168,Complete curve required,0.0688550808754
discovery,ck2:A:VAL116::NOS_C::proposal_motif_shell_6,partial_affinity_correlation,0.00260847628182,-0.0406668251633,0.0458837777269,0.898386502216,14,1,0.0433878730223,-0.0623469130281,-0.10573478605,-0.211469572101,Complete curve required,0.954535658605
discovery,ck2:A:VAL116::NOS_C::proposal_motif_shell_6,lag_gain_correlation,0.00276727748508,-0.0233149032118,0.0288494581819,0.822271091765,14,1,0.0663053201235,-0.114222168228,-0.180527488351,-0.368423445615,"Undefined genealogical contrasts are omitted with reported quadrature coverage, never treated as zero",0.86218716418
discovery,ck2:A:VAL116::NOS_C::proposal_motif_shell_6,lag_partial_gain_correlation,-0.000257083071157,-0.0239680181801,0.0234538520377,0.981668148836,14,1,0.0758168396111,-0.112199259896,-0.188016099507,-0.383706325524,"Undefined genealogical contrasts are omitted with reported quadrature coverage, never treated as zero",0.996843628471
discovery,ck2:A:VAL116::NOS_C::proposal_motif_shell_6,native_difference,0.000515537685652,-0.00174411105949,0.00277518643079,0.63031286014,14,1,0,0.00242377145888,0.00242377145888,0.00484754291776,Complete curve required,0.731225123319
discovery,ck2:A:VAL116::NOS_C::proposal_motif_shell_6,lag_controlled_gain_correlation,-0.00621859240953,-0.0334280531647,0.0209908683457,0.629725154941,14,1,0.0794404142101,-0.1168260574,-0.196266471611,-0.400543819614,"Undefined genealogical contrasts are omitted with reported quadrature coverage, never treated as zero",0.747366117952
discovery,ck2:A:VAL116::NOS_C::proposal_motif_shell_6,root_balanced_selection_shift,-8.41882732614e-05,-0.000186602940554,1.82263940314e-05,0.099147751177,14,1,0,5.70158684174e-05,5.70158684174e-05,0.000114031736835,Complete curve required,0.594886507062
discovery,ck2:A:VAL116::NOS_C::proposal_motif_shell_6,root_balanced_retained_shift,-0.000678455559459,-0.00202593139785,0.000669020278932,0.296462473804,14,1,0,2.61783790422e-05,2.61783790422e-05,5.23567580845e-05,Complete curve required,0.998966672469
discovery,ck2:A:VAL116::NOS_C::proposal_motif_shell_6,within_root_affinity_correlation,-0.0398987281525,-0.0960268722743,0.0162294159693,0.148585970762,14,0.987142857143,,-0.0627251001306,,,"Undefined genealogical contrasts are omitted with reported quadrature coverage, never treated as zero",0.357772568449
discovery,ck2:A:VAL116::all::motif_centroid_x,population_mean,2.05463211493,2.05015257318,2.05911165668,4.25454468691e-33,14,1,2.30215811615,1.85946947949,-0.442688636658,-0.885377273316,Complete curve required,2.29745413093e-32
discovery,ck2:A:VAL116::all::motif_centroid_x,selected_mean,2.05462185011,2.05010676963,2.05913693058,4.71515016243e-33,14,1,2.29939218379,1.8595363863,-0.439855797485,-0.87971159497,Complete curve required,2.54618108771e-32
discovery,ck2:A:VAL116::all::motif_centroid_x,selection_shift,-1.02648241154e-05,-0.000130322457525,0.000109792809294,0.856307160345,14,1,-0.00276593236262,6.69068107537e-05,0.00283283917337,0.00566567834675,Complete curve required,0.996730627894
discovery,ck2:A:VAL116::all::motif_centroid_x,retained_shift,0.00160725943599,-0.000289365967894,0.00350388483988,0.0901469797475,14,1,0.0494665743581,0.000206054212449,-0.0492605201457,-0.0985210402914,Complete curve required,0.888604591122
discovery,ck2:A:VAL116::all::motif_centroid_x,low_enrichment,-0.00467060502417,-0.00820889213888,-0.00113231790947,0.0136118236795,14,1,0.00377275896308,-0.00602173936985,-0.00979449833293,-0.0195889966659,Complete curve required,0.0944058919947
discovery,ck2:A:VAL116::all::motif_centroid_x,high_enrichment,-0.00430992430895,-0.00853217898788,-8.76696300247e-05,0.0460532626033,14,1,-0.0125652923209,0.00154324646346,0.0141085387843,0.0282170775687,Complete curve required,0.0815369239533
discovery,ck2:A:VAL116::all::motif_centroid_x,affinity_correlation,0.0247406243321,-0.0332475146625,0.0827287633266,0.373463838263,14,1,-0.070754444641,0.114087334546,0.184841779187,0.369683558374,Complete curve required,0.604655738141
discovery,ck2:A:VAL116::all::motif_centroid_x,partial_affinity_correlation,0.00611814509922,-0.0476920192727,0.0599283094711,0.809803103063,14,1,-0.088471489265,-0.0480387200365,0.0404327692285,0.0808655384569,Complete curve required,0.945191366722
discovery,ck2:A:VAL116::all::motif_centroid_x,lag_gain_correlation,0.0351047901891,0.00902371555089,0.0611858648273,0.0122228482848,14,1,0.080483162868,0.12939231181,0.0489091489417,0.0998145896768,"Undefined genealogical contrasts are omitted with reported quadrature coverage, never treated as zero",0.0671388935183
discovery,ck2:A:VAL116::all::motif_centroid_x,lag_partial_gain_correlation,0.0364154428053,0.00849079755377,0.0643400880567,0.0145413615982,14,1,0.0465320332527,0.154017508737,0.107485475484,0.219358113232,"Undefined genealogical contrasts are omitted with reported quadrature coverage, never treated as zero",0.124632382214
discovery,ck2:A:VAL116::all::motif_centroid_x,native_difference,0.00281780451164,-0.00179281190447,0.00742842092775,0.209502536957,14,1,0,0.00743828600221,0.00743828600221,0.0148765720044,Complete curve required,0.443652431203
discovery,ck2:A:VAL116::all::motif_centroid_x,lag_controlled_gain_correlation,0.00949849194994,-0.0123664791945,0.0313634630944,0.365098675651,14,1,0.0124224036002,0.0438080540442,0.031385650444,0.0640523478449,"Undefined genealogical contrasts are omitted with reported quadrature coverage, never treated as zero",0.596961864557
discovery,ck2:A:VAL116::all::motif_centroid_x,root_balanced_selection_shift,-2.28663410163e-05,-0.000126350677528,8.06179954953e-05,0.641028461009,14,1,0,6.56654192441e-05,6.56654192441e-05,0.000131330838488,Complete curve required,0.985262702876
discovery,ck2:A:VAL116::all::motif_centroid_x,root_balanced_retained_shift,0.000862121550769,-0.000687857756834,0.00241210085837,0.250941156057,14,1,0,0.000108746736948,0.000108746736948,0.000217493473895,Complete curve required,0.998966672469
discovery,ck2:A:VAL116::all::motif_centroid_x,within_root_affinity_correlation,0.00562499382584,-0.0491491910222,0.0603991786739,0.827872012705,14,0.97,,0.107310349819,,,"Undefined genealogical contrasts are omitted with reported quadrature coverage, never treated as zero",0.921187416521
discovery,ck2:A:VAL116::all::motif_centroid_y,population_mean,-4.52560650237,-4.53452754954,-4.5166854552,1.14808313239e-33,14,1,-4.92545979573,-3.7743352788,1.15112451693,2.30224903386,Complete curve required,1.13674425686e-32
discovery,ck2:A:VAL116::all::motif_centroid_y,selected_mean,-4.52597505339,-4.53482136866,-4.51712873812,1.02806260597e-33,14,1,-4.92408189701,-3.77411853089,1.14996336612,2.29992673224,Complete curve required,1.18850421111e-32
discovery,ck2:A:VAL116::all::motif_centroid_y,selection_shift,-0.000368551022034,-0.000733322052438,-3.77999163068e-06,0.047992218729,14,1,0.0013778987216,0.000216747909962,-0.00116115081163,-0.00232230162327,Complete curve required,0.287953312374
discovery,ck2:A:VAL116::all::motif_centroid_y,retained_shift,-0.00162466064541,-0.00546085514415,0.00221153385333,0.376884874058,14,1,0.0417147187041,0.00104855406437,-0.0406661646398,-0.0813323292795,Complete curve required,0.888604591122
discovery,ck2:A:VAL116::all::motif_centroid_y,low_enrichment,0.00556413245877,-0.000553630302758,0.0116818952203,0.0711693369813,14,1,-0.00464481327374,-0.00359105167541,0.00105376159833,0.00210752319666,Complete curve required,0.187470448634
discovery,ck2:A:VAL116::all::motif_centroid_y,high_enrichment,-0.0101479112238,-0.0172670847783,-0.00302873766924,0.00878735331355,14,1,0.000159420711237,-0.00351454962447,-0.00367397033571,-0.00734794067142,Complete curve required,0.0215689581333
discovery,ck2:A:VAL116::all::motif_centroid_y,affinity_correlation,-0.12338409176,-0.205564199979,-0.0412039835407,0.0064073109862,14,1,0.0612703721929,-0.0554558857065,-0.116726257899,-0.233452515799,Complete curve required,0.0594132473266
discovery,ck2:A:VAL116::all::motif_centroid_y,partial_affinity_correlation,-0.0462515872721,-0.126314658896,0.0338114843516,0.234034477788,14,1,0.0837563641405,0.00622402816058,-0.0775323359799,-0.15506467196,Complete curve required,0.786709347911
discovery,ck2:A:VAL116::all::motif_centroid_y,lag_gain_correlation,0.0297329736022,-0.000703284677644,0.060169231882,0.0547633704571,14,1,0.176249408283,-0.000323962069818,-0.176573370353,-0.360353817048,"Undefined genealogical contrasts are omitted with reported quadrature coverage, never treated as zero",0.106710732466
discovery,ck2:A:VAL116::all::motif_centroid_y,lag_partial_gain_correlation,0.0137156128903,-0.0128796973248,0.0403109231055,0.285396195944,14,1,0.216126619423,-0.0146130540148,-0.230739673438,-0.470897292731,"Undefined genealogical contrasts are omitted with reported quadrature coverage, never treated as zero",0.405563015288
discovery,ck2:A:VAL116::all::motif_centroid_y,native_difference,-0.00607678872721,-0.0158613891233,0.00370781166886,0.202657003486,14,1,0,-0.00495352273356,-0.00495352273356,-0.00990704546713,Complete curve required,0.443652431203
discovery,ck2:A:VAL116::all::motif_centroid_y,lag_controlled_gain_correlation,0.0089549074754,-0.00790042649708,0.0258102414479,0.271750747777,14,1,0.228926561716,-0.0175531618671,-0.246479723583,-0.503019844048,"Undefined genealogical contrasts are omitted with reported quadrature coverage, never treated as zero",0.57546072151
discovery,ck2:A:VAL116::all::motif_centroid_y,root_balanced_selection_shift,-0.000184015592601,-0.000442715409539,7.46842243363e-05,0.14834469724,14,1,0,0.00016760562179,0.00016760562179,0.000335211243581,Complete curve required,0.644382535191
discovery,ck2:A:VAL116::all::motif_centroid_y,root_balanced_retained_shift,-0.00128845914666,-0.00467813873472,0.00210122044139,0.426345494438,14,1,0,0.000429449167037,0.000429449167037,0.000858898334073,Complete curve required,0.998966672469
discovery,ck2:A:VAL116::all::motif_centroid_y,within_root_affinity_correlation,-0.0705390239365,-0.155093589879,0.0140155420063,0.0947251045126,14,0.97,,-0.0809321402198,,,"Undefined genealogical contrasts are omitted with reported quadrature coverage, never treated as zero",0.300891508452
discovery,ck2:A:VAL116::all::motif_centroid_z,population_mean,5.89680807395,5.88619516568,5.90742098221,3.51719876862e-34,14,1,5.38243867878,5.6579133296,0.275474650812,0.550949301623,Complete curve required,4.84643081598e-33
discovery,ck2:A:VAL116::all::motif_centroid_z,selected_mean,5.89693179449,5.88613333048,5.90773025851,4.40490045955e-34,14,1,5.38352983571,5.65713271045,0.273602874737,0.547205749474,Complete curve required,6.05087296058e-33
discovery,ck2:A:VAL116::all::motif_centroid_z,selection_shift,0.000123720544888,-0.000141488438948,0.000388929528725,0.331933710883,14,1,0.00109115692674,-0.000780619147745,-0.00187177607449,-0.00374355214898,Complete curve required,0.716976815508
discovery,ck2:A:VAL116::all::motif_centroid_z,retained_shift,-0.000939714059367,-0.00440090062497,0.00252147250624,0.567557794113,14,1,-0.0273766990458,-0.000376388717117,0.0270003103286,0.0540006206573,Complete curve required,0.888604591122
discovery,ck2:A:VAL116::all::motif_centroid_z,low_enrichment,-0.00727451689028,-0.0112456605129,-0.00330337326762,0.0016383167202,14,1,-0.00329107280646,0.00786279659102,0.0111538693975,0.0223077387949,Complete curve required,0.0353580331294
discovery,ck2:A:VAL116::all::motif_centroid_z,high_enrichment,-0.000107077773864,-0.00529544299269,0.00508128744496,0.965115045736,14,1,0.00136466482155,-0.0160964171746,-0.0174610819961,-0.0349221639923,Complete curve required,0.974134812519
discovery,ck2:A:VAL116::all::motif_centroid_z,affinity_correlation,0.0108878613595,-0.0557018722622,0.0774775949811,0.729574709804,14,1,0.0315370837238,-0.20135534039,-0.232892424114,-0.465784848228,Complete curve required,0.836141802248
discovery,ck2:A:VAL116::all::motif_centroid_z,partial_affinity_correlation,-0.0233850152137,-0.0807360665439,0.0339660361165,0.394369202326,14,1,-0.00773225025719,0.0272093301426,0.0349415803998,0.0698831607995,Complete curve required,0.786709347911
discovery,ck2:A:VAL116::all::motif_centroid_z,lag_gain_correlation,0.00528371943788,-0.0273104697346,0.0378779086103,0.731790825665,14,1,-0.0154018221848,-0.0755597107284,-0.0601578885436,-0.122771201109,"Undefined genealogical contrasts are omitted with reported quadrature coverage, never treated as zero",0.795918511155
discovery,ck2:A:VAL116::all::motif_centroid_z,lag_partial_gain_correlation,0.0006024182399,-0.0298186705162,0.031023506996,0.966526200549,14,1,-0.012399160686,-0.0979696439529,-0.085570483267,-0.17463363932,"Undefined genealogical contrasts are omitted with reported quadrature coverage, never treated as zero",0.996843628471
discovery,ck2:A:VAL116::all::motif_centroid_z,native_difference,-0.00612469463122,-0.0166241738145,0.00437478455205,0.229744086838,14,1,0,-0.0231115813615,-0.0231115813615,-0.0462231627229,Complete curve required,0.445510661504
discovery,ck2:A:VAL116::all::motif_centroid_z,lag_controlled_gain_correlation,0.00564179227243,-0.0203218365544,0.0316054210993,0.646531786812,14,1,-0.0505658757568,0.00390792360004,0.0544737993568,0.111171019096,"Undefined genealogical contrasts are omitted with reported quadrature coverage, never treated as zero",0.750811107266
discovery,ck2:A:VAL116::all::motif_centroid_z,root_balanced_selection_shift,9.62215556659e-05,-9.40082234325e-05,0.000286451334764,0.2943394236,14,1,0,-0.000786140916138,-0.000786140916138,-0.00157228183228,Complete curve required,0.70641461664
discovery,ck2:A:VAL116::all::motif_centroid_z,root_balanced_retained_shift,0.00010781276576,-0.00217225718703,0.00238788271855,0.920194341255,14,1,0,-0.000402747950559,-0.000402747950559,-0.000805495901117,Complete curve required,0.998966672469
discovery,ck2:A:VAL116::all::motif_centroid_z,within_root_affinity_correlation,0.0064639088561,-0.0632410604876,0.0761688781998,0.844317733878,14,0.97,,-0.191472951572,,,"Undefined genealogical contrasts are omitted with reported quadrature coverage, never treated as zero",0.921187416521
discovery,ck2:A:VAL116::all::motif_pair_1_5,population_mean,0.551293535422,0.54973950368,0.552847567165,1.20042976531e-31,14,1,0.614063121493,0.625445315929,0.0113821944364,0.0227643888729,Complete curve required,4.18214240819e-31
discovery,ck2:A:VAL116::all::motif_pair_1_5,selected_mean,0.551267716526,0.549653142449,0.552882290603,1.97411161909e-31,14,1,0.615297753866,0.625335745311,0.010037991444,0.020075982888,Complete curve required,6.66262671444e-31
discovery,ck2:A:VAL116::all::motif_pair_1_5,selection_shift,-2.58188961448e-05,-0.000108608792011,5.69709997215e-05,0.512282255581,14,1,0.00123463237349,-0.000109570618927,-0.00134420299242,-0.00268840598483,Complete curve required,0.864476306293
discovery,ck2:A:VAL116::all::motif_pair_1_5,retained_shift,-0.000643614994791,-0.00215229361484,0.000865063625254,0.373508701267,14,1,-0.0121299631623,-7.73375063037e-05,0.012052625656,0.0241052513119,Complete curve required,0.888604591122
discovery,ck2:A:VAL116::all::motif_pair_1_5,low_enrichment,-0.000191387981614,-0.00454980811767,0.00416703215444,0.925867451147,14,1,-0.00964763852507,0.00242140416654,0.0120690426916,0.0241380853832,Complete curve required,0.972710497816
discovery,ck2:A:VAL116::all::motif_pair_1_5,high_enrichment,-0.00412280310226,-0.00847198634685,0.000226380142333,0.0613263368303,14,1,-0.0010260363067,-0.00766505967412,-0.00663902336742,-0.0132780467348,Complete curve required,0.105130863138
discovery,ck2:A:VAL116::all::motif_pair_1_5,affinity_correlation,-0.0210039173116,-0.0810566531078,0.0390488184846,0.463357274351,14,1,0.0704069826065,-0.135330223688,-0.205737206295,-0.41147441259,Complete curve required,0.665668196956
discovery,ck2:A:VAL116::all::motif_pair_1_5,partial_affinity_correlation,0.00340757962054,-0.032602726405,0.0394178856461,0.841182389949,14,1,0.0651495155082,-0.0527270196688,-0.117876535177,-0.235753070354,Complete curve required,0.945191366722
discovery,ck2:A:VAL116::all::motif_pair_1_5,lag_gain_correlation,-0.00579090441737,-0.0308957479056,0.0193139390709,0.626576016067,14,1,0.0363706103333,-0.0545773661417,-0.090947976475,-0.185608115255,"Undefined genealogical contrasts are omitted with reported quadrature coverage, never treated as zero",0.72763666382
discovery,ck2:A:VAL116::all::motif_pair_1_5,lag_partial_gain_correlation,-0.00410436426263,-0.0302977811188,0.0220890525935,0.740377965134,14,1,0.0749214059547,-0.0758142461691,-0.150735652124,-0.307623779845,"Undefined genealogical contrasts are omitted with reported quadrature coverage, never treated as zero",0.846215080596
discovery,ck2:A:VAL116::all::motif_pair_1_5,native_difference,0.00169562699947,0.00022149983987,0.00316975415907,0.0273521546336,14,1,0,0.0038536413777,0.0038536413777,0.00770728275539,Complete curve required,0.113616642324
discovery,ck2:A:VAL116::all::motif_pair_1_5,lag_controlled_gain_correlation,-0.0112596319778,-0.0338047139197,0.0112854499642,0.300223833819,14,1,-0.00353779450848,0.0177107176683,0.0212485121768,0.0433643105648,"Undefined genealogical contrasts are omitted with reported quadrature coverage, never treated as zero",0.588162200682
discovery,ck2:A:VAL116::all::motif_pair_1_5,root_balanced_selection_shift,-4.81000804575e-05,-8.88650661264e-05,-7.33509478867e-06,0.0242339631796,14,1,0,-0.000100822283036,-0.000100822283036,-0.000201644566072,Complete curve required,0.45075924821
discovery,ck2:A:VAL116::all::motif_pair_1_5,root_balanced_retained_shift,-0.000421327847822,-0.00130242243725,0.000459766741603,0.320412453901,14,1,0,-4.98395697008e-05,-4.98395697008e-05,-9.96791394017e-05,Complete curve required,0.998966672469
discovery,ck2:A:VAL116::all::motif_pair_1_5,within_root_affinity_correlation,-0.0346877642394,-0.0813148362967,0.011939307818,0.132019457713,14,0.97,,-0.123120258109,,,"Undefined genealogical contrasts are omitted with reported quadrature coverage, never treated as zero",0.349640971113
discovery,ck2:A:VAL116::all::motif_pair_3,population_mean,0.114558168909,0.11256209284,0.116554244977,2.29683852427e-21,14,1,0.4257012552,0.35228396777,-0.07341728743,-0.14683457486,Complete curve required,5.04791591186e-21
discovery,ck2:A:VAL116::all::motif_pair_3,selected_mean,0.114502958307,0.112519351044,0.116486565569,2.13058822255e-21,14,1,0.424955117023,0.352246091494,-0.0727090255287,-0.145418051057,Complete curve required,4.69599036806e-21
discovery,ck2:A:VAL116::all::motif_pair_3,selection_shift,-5.5210602261e-05,-0.000115896314556,5.47511003401e-06,0.0710941025288,14,1,-0.000746138177288,-3.78762760105e-05,0.000708261901277,0.00141652380255,Complete curve required,0.333833177092
discovery,ck2:A:VAL116::all::motif_pair_3,retained_shift,-4.54024322366e-05,-0.000905115159818,0.000814310295345,0.910908425306,14,1,0.0109320464428,-5.8413915185e-05,-0.010990460358,-0.0219809207159,Complete curve required,0.961328658763
discovery,ck2:A:VAL116::all::motif_pair_3,low_enrichment,0.000695367202421,-0.00377697230074,0.00516770670558,0.742307339049,14,1,-0.000161853628572,-0.000890733486757,-0.000728879858185,-0.00145775971637,Complete curve required,0.880980138652
discovery,ck2:A:VAL116::all::motif_pair_3,high_enrichment,-0.00716389535192,-0.0108954877613,-0.00343230294251,0.00114663854941,14,1,-0.00651534367703,-0.00914109643898,-0.00262575276195,-0.0052515055239,Complete curve required,0.00476296012834
discovery,ck2:A:VAL116::all::motif_pair_3,affinity_correlation,-0.062589759587,-0.125180191876,6.7270255702e-07,0.0500021226515,14,1,-0.0405605333681,-0.00861013916217,0.0319503942059,0.0639007884119,Complete curve required,0.134216223959
discovery,ck2:A:VAL116::all::motif_pair_3,partial_affinity_correlation,-0.0156259960145,-0.064435059787,0.0331830677579,0.501334388375,14,1,-0.0297991006812,0.00315593855684,0.032955039238,0.065910078476,Complete curve required,0.786709347911
discovery,ck2:A:VAL116::all::motif_pair_3,lag_gain_correlation,0.0378927106982,0.00910149129604,0.0666839301003,0.0138333500499,14,1,-0.0490814575743,0.0783304765682,0.127411934142,0.260024355393,"Undefined genealogical contrasts are omitted with reported quadrature coverage, never treated as zero",0.0671388935183
discovery,ck2:A:VAL116::all::motif_pair_3,lag_partial_gain_correlation,0.0304794076559,-0.00209840293069,0.0630572182425,0.0643450769562,14,1,-0.0708916125961,0.0686412604465,0.139532873043,0.284760965393,"Undefined genealogical contrasts are omitted with reported quadrature coverage, never treated as zero",0.129218237146
discovery,ck2:A:VAL116::all::motif_pair_3,native_difference,-0.00248439094824,-0.00439907606355,-0.000569705832923,0.0149386116813,14,1,0,-0.00253050870888,-0.00253050870888,-0.00506101741777,Complete curve required,0.0896316700875
discovery,ck2:A:VAL116::all::motif_pair_3,lag_controlled_gain_correlation,-0.000882607579037,-0.0254307819841,0.023665566826,0.939270078792,14,1,-0.0120360382271,0.0648239903171,0.0768600285442,0.156857201111,"Undefined genealogical contrasts are omitted with reported quadrature coverage, never treated as zero",0.95699215575
discovery,ck2:A:VAL116::all::motif_pair_3,root_balanced_selection_shift,-1.31746104637e-05,-4.67197244846e-05,2.03705035572e-05,0.411527542105,14,1,0,-2.46296330937e-05,-2.46296330937e-05,-4.92592661874e-05,Complete curve required,0.854711048987
discovery,ck2:A:VAL116::all::motif_pair_3,root_balanced_retained_shift,4.73742289977e-05,-0.000374516336332,0.000469264794327,0.812109506761,14,1,0,-7.35482460298e-05,-7.35482460298e-05,-0.00014709649206,Complete curve required,0.998966672469
discovery,ck2:A:VAL116::all::motif_pair_3,within_root_affinity_correlation,-0.0434392914935,-0.110767462207,0.0238888792195,0.186734624835,14,0.97,,-0.0167336259308,,,"Undefined genealogical contrasts are omitted with reported quadrature coverage, never treated as zero",0.399788936578
discovery,ck2:A:VAL116::all::motif_pair_5,population_mean,0.00334117383934,0.00309415182379,0.00358819585488,3.04407898584e-13,14,1,0.0330350439118,0.0288015728389,-0.00423347107289,-0.00846694214577,Complete curve required,4.69657900672e-13
discovery,ck2:A:VAL116::all::motif_pair_5,selected_mean,0.00333550270348,0.00308781564397,0.003583189763,3.22016607536e-13,14,1,0.0325715734132,0.0288014194278,-0.00377015398536,-0.00754030797071,Complete curve required,4.96825623055e-13
discovery,ck2:A:VAL116::all::motif_pair_5,selection_shift,-5.67113585283e-06,-1.2694828104e-05,1.35255639836e-06,0.104678987579,14,1,-0.000463470498599,-1.53411068425e-07,0.000463317087531,0.000926634175062,Complete curve required,0.447065446911
discovery,ck2:A:VAL116::all::motif_pair_5,retained_shift,5.13616243283e-05,-0.000176505039809,0.000279228288466,0.634400056218,14,1,0.00468389848971,6.89251264716e-05,-0.00461497336324,-0.00922994672648,Complete curve required,0.888604591122
discovery,ck2:A:VAL116::all::motif_pair_5,low_enrichment,0.00138567148406,-0.00385724389373,0.00662858686184,0.577755579018,14,1,-0.00121880621048,-0.00135803113093,-0.000139224920448,-0.000278449840896,Complete curve required,0.751778343782
discovery,ck2:A:VAL116::all::motif_pair_5,high_enrichment,-0.00757314733421,-0.0124371669541,-0.00270912771435,0.00508561697126,14,1,-0.00880827471872,-0.00208107650787,0.00672719821085,0.0134543964217,Complete curve required,0.0137311658224
discovery,ck2:A:VAL116::all::motif_pair_5,affinity_correlation,-0.0779806942859,-0.152085699605,-0.00387568896666,0.0406154935506,14,1,-0.0875598010265,-0.0253385270176,0.062221274009,0.124442548018,Complete curve required,0.111967036275
discovery,ck2:A:VAL116::all::motif_pair_5,partial_affinity_correlation,-0.00716901087234,-0.0640575979422,0.0497195761976,0.789708735574,14,1,-0.0710138019342,-0.0643679298451,0.00664587208907,0.0132917441781,Complete curve required,0.945191366722
discovery,ck2:A:VAL116::all::motif_pair_5,lag_gain_correlation,0.0393306729362,0.00812883366506,0.0705325122073,0.017406379801,14,1,-0.0368493013562,0.0434996967912,0.0803489981474,0.16397754724,"Undefined genealogical contrasts are omitted with reported quadrature coverage, never treated as zero",0.0671388935183
discovery,ck2:A:VAL116::all::motif_pair_5,lag_partial_gain_correlation,0.0253125344637,-0.00814975420943,0.0587748231368,0.126186185139,14,1,-0.0879418776586,0.0550588585432,0.143000736202,0.291838237147,"Undefined genealogical contrasts are omitted with reported quadrature coverage, never treated as zero",0.213309361382
discovery,ck2:A:VAL116::all::motif_pair_5,native_difference,-0.000387417550433,-0.000604010963206,-0.00017082413766,0.0019541499183,14,1,0,-0.0029201778143,-0.0029201778143,-0.0058403556286,Complete curve required,0.0403051626084
discovery,ck2:A:VAL116::all::motif_pair_5,lag_controlled_gain_correlation,-0.00721323859338,-0.0375827081428,0.0231562309561,0.616473893592,14,1,-0.0172779798012,-0.0035516555461,0.0137263242551,0.0280129066431,"Undefined genealogical contrasts are omitted with reported quadrature coverage, never treated as zero",0.739768672311
discovery,ck2:A:VAL116::all::motif_pair_5,root_balanced_selection_shift,1.16213891163e-07,-2.86345437257e-06,3.0958821549e-06,0.934133987426,14,1,0,-6.33840918107e-06,-6.33840918107e-06,-1.26768183621e-05,Complete curve required,0.985262702876
discovery,ck2:A:VAL116::all::motif_pair_5,root_balanced_retained_shift,6.35115617731e-06,-1.17159380894e-05,2.4418250444e-05,0.461140524199,14,1,0,2.53510540876e-05,2.53510540876e-05,5.07021081752e-05,Complete curve required,0.998966672469
discovery,ck2:A:VAL116::all::motif_pair_5,within_root_affinity_correlation,-0.0398150943948,-0.10838179347,0.0287516046808,0.231755577823,14,0.97,,-0.0263885924537,,,"Undefined genealogical contrasts are omitted with reported quadrature coverage, never treated as zero",0.43594082732
discovery,ck2:A:VAL116::all::motif_shell_2,population_mean,0.000105047644445,9.45417583909e-05,0.0001155535305,1.43413467128e-11,14,1,0.000314494554174,0.000881022543878,0.000566527989704,0.00113305597941,Complete curve required,1.84388743451e-11
discovery,ck2:A:VAL116::all::motif_shell_2,selected_mean,0.000105087548665,9.4549416452e-05,0.000115625680879,1.48375965108e-11,14,1,0.000317394405382,0.000883596681688,0.000566202276306,0.00113240455261,Complete curve required,1.90769097996e-11
discovery,ck2:A:VAL116::all::motif_shell_2,selection_shift,3.9904219944e-08,-1.47715434352e-07,2.2752387424e-07,0.653477482065,14,1,2.89985120827e-06,2.57413780997e-06,-3.25713398303e-07,-6.51426796606e-07,Complete curve required,0.996730627894
discovery,ck2:A:VAL116::all::motif_shell_2,retained_shift,-7.55690402235e-07,-2.39100434077e-06,8.79623536304e-07,0.336343740221,14,1,-0.000137136358914,3.9380126585e-06,0.000141074371572,0.000282148743145,Complete curve required,0.888604591122
discovery,ck2:A:VAL116::all::motif_shell_2,low_enrichment,0.00382977434154,0.000210442051717,0.00744910663136,0.0396769367636,14,1,-0.00851873396744,-0.01153474856,-0.0030160145926,-0.00603202918519,Complete curve required,0.154920305286
discovery,ck2:A:VAL116::all::motif_shell_2,high_enrichment,-0.0102035008257,-0.0136720661016,-0.00673493554982,2.51499208478e-05,14,1,0.00277992605164,0.00818922219125,0.00540929613961,0.0108185922792,Complete curve required,0.000543238290312
discovery,ck2:A:VAL116::all::motif_shell_2,affinity_correlation,-0.075577463641,-0.124634983004,-0.0265199442778,0.00544381345522,14,1,0.00762513708518,0.197967634999,0.190342497914,0.380684995828,Complete curve required,0.0594132473266
discovery,ck2:A:VAL116::all::motif_shell_2,partial_affinity_correlation,-0.0209070482918,-0.062415375164,0.0206012785803,0.296295126,14,1,0.0301803060693,0.0475865981573,0.017406292088,0.034812584176,Complete curve required,0.786709347911
discovery,ck2:A:VAL116::all::motif_shell_2,lag_gain_correlation,0.0286643020235,0.00255554906032,0.0547730549868,0.033820337293,14,1,-0.0951429200706,0.14546960267,0.240612522741,0.491045964777,"Undefined genealogical contrasts are omitted with reported quadrature coverage, never treated as zero",0.0817999542495
discovery,ck2:A:VAL116::all::motif_shell_2,lag_partial_gain_correlation,0.0269564567369,0.00300498564597,0.0509079278279,0.030250670482,14,1,-0.0709774712812,0.173759597113,0.244737068395,0.499463404887,"Undefined genealogical contrasts are omitted with reported quadrature coverage, never treated as zero",0.125656631233
discovery,ck2:A:VAL116::all::motif_shell_2,native_difference,3.20564752585e-06,-6.92723140429e-06,1.3338526456e-05,0.506317919,14,1,0,3.9976504568e-05,3.9976504568e-05,7.9953009136e-05,Complete curve required,0.6433215912
discovery,ck2:A:VAL116::all::motif_shell_2,lag_controlled_gain_correlation,-0.015644490032,-0.0343996695456,0.00311068948153,0.0947606910514,14,1,-0.0534979008183,0.103121565161,0.15661946598,0.319631563224,"Undefined genealogical contrasts are omitted with reported quadrature coverage, never treated as zero",0.386819314579
discovery,ck2:A:VAL116::all::motif_shell_2,root_balanced_selection_shift,1.84298888342e-09,-8.18141418681e-08,8.55001196349e-08,0.96276361506,14,1,0,2.53744787675e-06,2.53744787675e-06,5.0748957535e-06,Complete curve required,0.985262702876
discovery,ck2:A:VAL116::all::motif_shell_2,root_balanced_retained_shift,2.86202196825e-07,-6.80829971599e-07,1.25323436525e-06,0.533680168497,14,1,0,2.27363713494e-06,2.27363713494e-06,4.54727426987e-06,Complete curve required,0.998966672469
discovery,ck2:A:VAL116::all::motif_shell_2,within_root_affinity_correlation,-0.0675864385179,-0.109048658887,-0.0261242181489,0.00375558231587,14,0.97,,0.189686722871,,,"Undefined genealogical contrasts are omitted with reported quadrature coverage, never treated as zero",0.101400722528
discovery,ck2:A:VAL116::all::motif_shell_4,population_mean,0.0302941867092,0.0288481328755,0.031740240543,1.0875579709e-15,14,1,0.0464141535491,0.129433040551,0.0830188870019,0.166037774004,Complete curve required,1.77964031603e-15
discovery,ck2:A:VAL116::all::motif_shell_4,selected_mean,0.0302788420896,0.0288232100573,0.031734474122,1.19219640146e-15,14,1,0.0466317727739,0.129616726332,0.0829849535577,0.165969907115,Complete curve required,1.95086683875e-15
discovery,ck2:A:VAL116::all::motif_shell_4,selection_shift,-1.53446196079e-05,-3.69974269803e-05,6.30818776459e-06,0.149739492438,14,1,0.000217619224816,0.000183685780629,-3.39334441875e-05,-6.7866888375e-05,Complete curve required,0.521827239343
discovery,ck2:A:VAL116::all::motif_shell_4,retained_shift,0.000144783701074,-0.000113578266825,0.000403145668974,0.247580574114,14,1,0.0035065125123,0.00023572443593,-0.00327078807638,-0.00654157615275,Complete curve required,0.888604591122
discovery,ck2:A:VAL116::all::motif_shell_4,low_enrichment,0.00362297950019,-4.44365500502e-05,0.00729039555042,0.0524472785285,14,1,-0.00949070870839,-0.0155865588931,-0.00609585018474,-0.0121917003695,Complete curve required,0.174645643066
discovery,ck2:A:VAL116::all::motif_shell_4,high_enrichment,-0.0116963481811,-0.0166317965531,-0.00676089980918,0.000196801933467,14,1,0.00355965628177,0.00642728780224,0.00286763152047,0.00573526304094,Complete curve required,0.00146242732617
discovery,ck2:A:VAL116::all::motif_shell_4,affinity_correlation,-0.0704251972954,-0.123438673645,-0.0174117209461,0.0131451591695,14,1,0.0357649515816,0.201943799457,0.166178847875,0.332357695751,Complete curve required,0.0688550808754
discovery,ck2:A:VAL116::all::motif_shell_4,partial_affinity_correlation,-0.0149522473571,-0.0607583292725,0.0308538345584,0.493129523088,14,1,0.0719704995254,0.0360186694566,-0.0359518300688,-0.0719036601377,Complete curve required,0.786709347911
discovery,ck2:A:VAL116::all::motif_shell_4,lag_gain_correlation,0.0298624027692,0.00138020921145,0.0583445963269,0.0412438262087,14,1,-0.0097033290336,0.122882696717,0.132586025751,0.270583726022,"Undefined genealogical contrasts are omitted with reported quadrature coverage, never treated as zero",0.0927986089696
discovery,ck2:A:VAL116::all::motif_shell_4,lag_partial_gain_correlation,0.0293768647526,0.00411519684583,0.0546385326594,0.0259789681452,14,1,0.0290614937492,0.151848935679,0.122787441929,0.250586616182,"Undefined genealogical contrasts are omitted with reported quadrature coverage, never treated as zero",0.124632382214
discovery,ck2:A:VAL116::all::motif_shell_4,native_difference,0.000465708478881,-0.000905528173023,0.00183694513078,0.476145144042,14,1,0,0.0040363097919,0.0040363097919,0.0080726195838,Complete curve required,0.623013496458
discovery,ck2:A:VAL116::all::motif_shell_4,lag_controlled_gain_correlation,-0.0114386371642,-0.0318762638508,0.00899898952242,0.248146002801,14,1,0.0700466629445,0.073259735993,0.00321307304843,0.00655729193557,"Undefined genealogical contrasts are omitted with reported quadrature coverage, never treated as zero",0.558328506302
discovery,ck2:A:VAL116::all::motif_shell_4,root_balanced_selection_shift,-1.65944187772e-05,-3.22536306648e-05,-9.35206889678e-07,0.0394269567563,14,1,0,0.000177061786904,0.000177061786904,0.000354123573809,Complete curve required,0.45075924821
discovery,ck2:A:VAL116::all::motif_shell_4,root_balanced_retained_shift,2.33975229051e-05,-0.000152463509072,0.000199258554882,0.778315742431,14,1,0,0.000150905317999,0.000150905317999,0.000301810635998,Complete curve required,0.998966672469
discovery,ck2:A:VAL116::all::motif_shell_4,within_root_affinity_correlation,-0.0621035362994,-0.109357842539,-0.0148492300594,0.0139414269457,14,0.97,,0.192258015902,,,"Undefined genealogical contrasts are omitted with reported quadrature coverage, never treated as zero",0.138743433719
discovery,ck2:A:VAL116::all::motif_shell_6,population_mean,0.486437697179,0.483958501774,0.488916892584,2.64782685911e-28,14,1,0.570967390654,0.662656200238,0.0916888095838,0.183377619168,Complete curve required,6.80869763771e-28
discovery,ck2:A:VAL116::all::motif_shell_6,selected_mean,0.486307425052,0.483735497385,0.48887935272,4.28263484201e-28,14,1,0.571022704299,0.662727768749,0.09170506445,0.1834101289,Complete curve required,1.10124895937e-27
discovery,ck2:A:VAL116::all::motif_shell_6,selection_shift,-0.000130272126739,-0.000243862967276,-1.66812862024e-05,0.0277336304285,14,1,5.53136450659e-05,7.15685111971e-05,1.62548661311e-05,3.25097322623e-05,Complete curve required,0.239929856306
discovery,ck2:A:VAL116::all::motif_shell_6,retained_shift,-0.000194298450807,-0.00189195424014,0.00150335733853,0.808571789306,14,1,0.012847682037,3.91281782747e-05,-0.0128085538588,-0.0256171077175,Complete curve required,0.925264541561
discovery,ck2:A:VAL116::all::motif_shell_6,low_enrichment,0.000571974733343,-0.00359065706311,0.0047346065298,0.771271029807,14,1,0.00305673649217,-0.00668824286774,-0.0097449793599,-0.0194899587198,Complete curve required,0.884501040586
discovery,ck2:A:VAL116::all::motif_shell_6,high_enrichment,-0.0091862190666,-0.012916579533,-0.00545585860021,0.00013898245075,14,1,-0.00275761261514,-0.000476962108964,0.00228065050618,0.00456130101235,Complete curve required,0.00131359045037
discovery,ck2:A:VAL116::all::motif_shell_6,affinity_correlation,-0.0478565870932,-0.10740817261,0.011694998424,0.10616785353,14,1,0.0242857163128,-0.0179613264262,-0.042247042739,-0.084494085478,Complete curve required,0.232658675085
discovery,ck2:A:VAL116::all::motif_shell_6,partial_affinity_correlation,0.0263279447882,-0.0311058879952,0.0837617775715,0.340091557306,14,1,0.0484814274162,-0.061904397717,-0.110385825133,-0.220771650267,Complete curve required,0.786709347911
discovery,ck2:A:VAL116::all::motif_shell_6,lag_gain_correlation,0.00395063322748,-0.0239171730507,0.0318184395056,0.764255616423,14,1,0.12742429014,-0.078219262943,-0.205643553083,-0.419680720578,"Undefined genealogical contrasts are omitted with reported quadrature coverage, never treated as zero",0.817223827462
discovery,ck2:A:VAL116::all::motif_shell_6,lag_partial_gain_correlation,0.00312095630883,-0.0221891717808,0.0284310843984,0.794115838872,14,1,0.148071156505,-0.0799641013438,-0.228035257849,-0.465378077242,"Undefined genealogical contrasts are omitted with reported quadrature coverage, never treated as zero",0.884170212352
discovery,ck2:A:VAL116::all::motif_shell_6,native_difference,0.000488216168524,-0.00202643050165,0.0030028628387,0.681747643473,14,1,0,0.00331574813178,0.00331574813178,0.00663149626356,Complete curve required,0.765066179122
discovery,ck2:A:VAL116::all::motif_shell_6,lag_controlled_gain_correlation,-0.00357126860591,-0.0322627484821,0.0251202112703,0.792223823784,14,1,0.150922208517,-0.102473324748,-0.253395533265,-0.517133741357,"Undefined genealogical contrasts are omitted with reported quadrature coverage, never treated as zero",0.855601729687
discovery,ck2:A:VAL116::all::motif_shell_6,root_balanced_selection_shift,-6.88929731839e-05,-0.000169112191036,3.13262446683e-05,0.161362124532,14,1,0,6.74602401723e-05,6.74602401723e-05,0.000134920480345,Complete curve required,0.644382535191
discovery,ck2:A:VAL116::all::motif_shell_6,root_balanced_retained_shift,-0.000432455444751,-0.0016693864048,0.000804475515302,0.463530218693,14,1,0,7.56712475363e-05,7.56712475363e-05,0.000151342495073,Complete curve required,0.998966672469
discovery,ck2:A:VAL116::all::motif_shell_6,within_root_affinity_correlation,-0.0188337449074,-0.0861066326392,0.0484391428244,0.555710544808,14,0.97,,-0.0338897992494,,,"Undefined genealogical contrasts are omitted with reported quadrature coverage, never treated as zero",0.706079280462
discovery,ck2:A:VAL116::all::proposal_motif_centroid_x,population_mean,2.04619228594,2.04155674996,2.05082782191,7.00409878978e-33,14,1,2.25113618489,1.85131641644,-0.39981976845,-0.799639536899,Complete curve required,3.43837576953e-32
discovery,ck2:A:VAL116::all::proposal_motif_centroid_x,selected_mean,2.04619026277,2.04148912004,2.05089140551,8.4081804336e-33,14,1,2.25104507891,1.85136296931,-0.399682109597,-0.799364219193,Complete curve required,3.94818907317e-32
discovery,ck2:A:VAL116::all::proposal_motif_centroid_x,selection_shift,-2.0231619188e-06,-0.000141286438138,0.0001372401143,0.975439254211,14,1,-9.11059797468e-05,4.65528732071e-05,0.000137658852954,0.000275317705908,Complete curve required,0.996730627894
discovery,ck2:A:VAL116::all::proposal_motif_centroid_x,retained_shift,0.00114162881866,-0.000915217283705,0.00319847492102,0.251894205133,14,1,-0.000869846585588,0.000260724307728,0.00113057089332,0.00226114178663,Complete curve required,0.888604591122
discovery,ck2:A:VAL116::all::proposal_motif_centroid_x,low_enrichment,-0.00392447240823,-0.00800134320906,0.0001523983926,0.0579138681658,14,1,0.000490921248493,-0.00481024796607,-0.00530116921457,-0.0106023384291,Complete curve required,0.18396169888
discovery,ck2:A:VAL116::all::proposal_motif_centroid_x,high_enrichment,-0.00308889073868,-0.00787806470417,0.00170028322682,0.186871077199,14,1,0.000692914458994,0.00283128069493,0.00213836623593,0.00427673247187,Complete curve required,0.251590130624
discovery,ck2:A:VAL116::all::proposal_motif_centroid_x,affinity_correlation,0.0218833003585,-0.0390027252542,0.0827693259711,0.451370211561,14,1,-0.0289309321196,0.0954440170189,0.124374949138,0.248749898277,Complete curve required,0.665580736143
discovery,ck2:A:VAL116::all::proposal_motif_centroid_x,partial_affinity_correlation,0.0143371740683,-0.033974140346,0.0626484884827,0.532582064145,14,1,-0.0605178763969,-0.00833737369772,0.0521805026991,0.104361005398,Complete curve required,0.811834227545
discovery,ck2:A:VAL116::all::proposal_motif_centroid_x,lag_gain_correlation,0.0323396810718,0.00479004263391,0.0598893195096,0.0248420663218,14,1,-0.00641873526852,0.116373178697,0.122791913965,0.250595742787,"Undefined genealogical contrasts are omitted with reported quadrature coverage, never treated as zero",0.0758106251635
discovery,ck2:A:VAL116::all::proposal_motif_centroid_x,lag_partial_gain_correlation,0.0353037795061,0.00727630127721,0.063331257735,0.0174718894981,14,1,-0.0396166504381,0.135491601885,0.175108252323,0.357363780251,"Undefined genealogical contrasts are omitted with reported quadrature coverage, never treated as zero",0.124632382214
discovery,ck2:A:VAL116::all::proposal_motif_centroid_x,native_difference,0.00292352241964,-0.00183521563708,0.00768226047636,0.207274950651,14,1,0,0.00748633989998,0.00748633989998,0.0149726798,Complete curve required,0.443652431203
discovery,ck2:A:VAL116::all::proposal_motif_centroid_x,lag_controlled_gain_correlation,0.0138221312594,-0.00285684687711,0.030501109396,0.0967048286447,14,1,-0.00716790132262,0.0434811846589,0.0506490859815,0.103365481595,"Undefined genealogical contrasts are omitted with reported quadrature coverage, never treated as zero",0.386819314579
discovery,ck2:A:VAL116::all::proposal_motif_centroid_x,root_balanced_selection_shift,-3.7409070201e-05,-0.00015322014077,7.84020003682e-05,0.497570897641,14,1,0,4.43636406677e-05,4.43636406677e-05,8.87272813355e-05,Complete curve required,0.926511326641
discovery,ck2:A:VAL116::all::proposal_motif_centroid_x,root_balanced_retained_shift,0.000817731697581,-0.00084287996522,0.00247834336038,0.306769482788,14,1,0,0.000208967958279,0.000208967958279,0.000417935916559,Complete curve required,0.998966672469
discovery,ck2:A:VAL116::all::proposal_motif_centroid_x,within_root_affinity_correlation,0.00481853471196,-0.0519135284522,0.0615505978762,0.857243935612,14,0.987142857143,,0.0870463890628,,,"Undefined genealogical contrasts are omitted with reported quadrature coverage, never treated as zero",0.921187416521
discovery,ck2:A:VAL116::all::proposal_motif_centroid_y,population_mean,-4.49918599771,-4.5084812843,-4.48989071113,2.11367304729e-33,14,1,-5.23564003919,-3.74235910837,1.49328093083,2.98656186165,Complete curve required,1.52184459405e-32
discovery,ck2:A:VAL116::all::proposal_motif_centroid_y,selected_mean,-4.49960545396,-4.50882310466,-4.49038780327,1.89303660405e-33,14,1,-5.23574035037,-3.74217241363,1.49356793674,2.98713587348,Complete curve required,1.32276203014e-32
discovery,ck2:A:VAL116::all::proposal_motif_centroid_y,selection_shift,-0.000419456251717,-0.000788408407473,-5.0504095962e-05,0.0288804456665,14,1,-0.000100311173596,0.000186694741837,0.000287005915433,0.000574011830866,Complete curve required,0.239929856306
discovery,ck2:A:VAL116::all::proposal_motif_centroid_y,retained_shift,-0.00221827673373,-0.00620778699627,0.00177123352881,0.251092913793,14,1,-0.00274587071446,0.00109531585521,0.00384118656967,0.00768237313934,Complete curve required,0.888604591122
discovery,ck2:A:VAL116::all::proposal_motif_centroid_y,low_enrichment,0.00601503664486,-0.000101034015667,0.0121311073054,0.0533639464924,14,1,0.00267246358732,0.00119608330809,-0.00147638027923,-0.00295276055847,Complete curve required,0.174645643066
discovery,ck2:A:VAL116::all::proposal_motif_centroid_y,high_enrichment,-0.0113380334469,-0.0182881182088,-0.00438794868504,0.00373574720022,14,1,-0.00077119041075,-0.00442964368689,-0.00365845327614,-0.00731690655229,Complete curve required,0.010904343179
discovery,ck2:A:VAL116::all::proposal_motif_centroid_y,affinity_correlation,-0.129268770995,-0.208394712128,-0.0501428298622,0.00369946726823,14,1,-0.0303474418343,-0.0596752167539,-0.0293277749196,-0.0586555498391,Complete curve required,0.0594132473266
discovery,ck2:A:VAL116::all::proposal_motif_centroid_y,partial_affinity_correlation,-0.0539107092987,-0.128321891193,0.0205004725956,0.141549243568,14,1,-0.0441756947621,-0.0196305868857,0.0245451078764,0.0490902157529,Complete curve required,0.786709347911
discovery,ck2:A:VAL116::all::proposal_motif_centroid_y,lag_gain_correlation,0.0243202167136,-0.00733199016746,0.0559724235947,0.120842944958,14,1,0.0934688248815,0.00991668644005,-0.0835521384414,-0.170514568248,"Undefined genealogical contrasts are omitted with reported quadrature coverage, never treated as zero",0.181633257623
discovery,ck2:A:VAL116::all::proposal_motif_centroid_y,lag_partial_gain_correlation,0.00761814275828,-0.0203836303378,0.0356199158544,0.566771159299,14,1,0.0714480337156,-0.00323554360204,-0.0746835773176,-0.152415463914,"Undefined genealogical contrasts are omitted with reported quadrature coverage, never treated as zero",0.695582786412
discovery,ck2:A:VAL116::all::proposal_motif_centroid_y,native_difference,-0.00569045481723,-0.0159445167794,0.00456360714492,0.251968954256,14,1,0,-0.00371136702943,-0.00371136702943,-0.00742273405886,Complete curve required,0.445510661504
discovery,ck2:A:VAL116::all::proposal_motif_centroid_y,lag_controlled_gain_correlation,-0.00112361044339,-0.0201188484606,0.0178716275738,0.900270342904,14,1,0.103971713503,0.0112484798824,-0.0927232336204,-0.189231089021,"Undefined genealogical contrasts are omitted with reported quadrature coverage, never treated as zero",0.934161360143
discovery,ck2:A:VAL116::all::proposal_motif_centroid_y,root_balanced_selection_shift,-0.000200091875016,-0.000480611015201,8.04272651686e-05,0.147305939663,14,1,0,0.000145670554006,0.000145670554006,0.000291341108012,Complete curve required,0.644382535191
discovery,ck2:A:VAL116::all::proposal_motif_centroid_y,root_balanced_retained_shift,-0.00140220140855,-0.00500054610212,0.00219614328502,0.415089824894,14,1,0,0.000477336713622,0.000477336713622,0.000954673427245,Complete curve required,0.998966672469
discovery,ck2:A:VAL116::all::proposal_motif_centroid_y,within_root_affinity_correlation,-0.073863064563,-0.157490639734,0.00976451060753,0.0787054639108,14,0.987142857143,,-0.0906916541996,,,"Undefined genealogical contrasts are omitted with reported quadrature coverage, never treated as zero",0.257581518253
discovery,ck2:A:VAL116::all::proposal_motif_centroid_z,population_mean,5.89440293462,5.88377763482,5.90502823441,3.58994875258e-34,14,1,6.11568713988,5.64793435907,-0.467752780804,-0.935505561608,Complete curve required,4.84643081598e-33
discovery,ck2:A:VAL116::all::proposal_motif_centroid_z,selected_mean,5.89451506677,5.88370658745,5.9053235461,4.48212811894e-34,14,1,6.11544286568,5.64714857592,-0.468294289756,-0.936588579513,Complete curve required,6.05087296058e-33
discovery,ck2:A:VAL116::all::proposal_motif_centroid_z,selection_shift,0.000112132156286,-0.0001502608899,0.000374525202472,0.372710409767,14,1,-0.000244274197694,-0.00078578314993,-0.000541508952236,-0.00108301790447,Complete curve required,0.724046000889
discovery,ck2:A:VAL116::all::proposal_motif_centroid_z,retained_shift,-0.000550662201332,-0.00410326916762,0.00300194476496,0.743070640182,14,1,0.00176555223331,-0.000321011381238,-0.00208656361454,-0.00417312722909,Complete curve required,0.888604591122
discovery,ck2:A:VAL116::all::proposal_motif_centroid_z,low_enrichment,-0.00644125869977,-0.0102395963219,-0.00264292107766,0.00286217974099,14,1,0.00309042649339,0.0102184732184,0.00712804672497,0.0142560934499,Complete curve required,0.0353580331294
discovery,ck2:A:VAL116::all::proposal_motif_centroid_z,high_enrichment,-6.24589304291e-05,-0.00550187368724,0.00537695582639,0.980585836037,14,1,-0.00757095011459,-0.0148067423466,-0.00723579223203,-0.0144715844641,Complete curve required,0.980585836037
discovery,ck2:A:VAL116::all::proposal_motif_centroid_z,affinity_correlation,0.00537945798979,-0.0600223086013,0.0707812245809,0.861700902472,14,1,-0.0657433648473,-0.198397556824,-0.132654191977,-0.265308383954,Complete curve required,0.93994977842
discovery,ck2:A:VAL116::all::proposal_motif_centroid_z,partial_affinity_correlation,-0.0264110751081,-0.0800119058674,0.0271897556511,0.306478967101,14,1,-0.0820088847121,0.00651752399939,0.0885264087115,0.177052817423,Complete curve required,0.786709347911
discovery,ck2:A:VAL116::all::proposal_motif_centroid_z,lag_gain_correlation,0.00598502791911,-0.0251348192049,0.0371048750431,0.68456218669,14,1,-0.0201204526465,-0.101393267323,-0.0812728146761,-0.165862887094,"Undefined genealogical contrasts are omitted with reported quadrature coverage, never treated as zero",0.777945760666
discovery,ck2:A:VAL116::all::proposal_motif_centroid_z,lag_partial_gain_correlation,-5.46787902016e-05,-0.0293470010484,0.029237643468,0.996843628471,14,1,-0.0511966938628,-0.126109067358,-0.0749123734955,-0.152882394889,"Undefined genealogical contrasts are omitted with reported quadrature coverage, never treated as zero",0.996843628471
discovery,ck2:A:VAL116::all::proposal_motif_centroid_z,native_difference,-0.00652955412775,-0.0170639239681,0.00400481571258,0.203492640526,14,1,0,-0.0239187671616,-0.0239187671616,-0.0478375343233,Complete curve required,0.443652431203
discovery,ck2:A:VAL116::all::proposal_motif_centroid_z,lag_controlled_gain_correlation,0.00869350028088,-0.014292743287,0.0316797438488,0.428613730386,14,1,-0.0196100902435,-0.0286292130049,-0.00901912276138,-0.0184063729824,"Undefined genealogical contrasts are omitted with reported quadrature coverage, never treated as zero",0.625544363267
discovery,ck2:A:VAL116::all::proposal_motif_centroid_z,root_balanced_selection_shift,0.000104521121267,-9.64981462333e-05,0.000305540388767,0.281628358243,14,1,0,-0.000792799059138,-0.000792799059138,-0.00158559811828,Complete curve required,0.70641461664
discovery,ck2:A:VAL116::all::proposal_motif_centroid_z,root_balanced_retained_shift,0.000388077504731,-0.00205257793734,0.0028287329468,0.73670649144,14,1,0,-0.000338917201125,-0.000338917201125,-0.000677834402249,Complete curve required,0.998966672469
discovery,ck2:A:VAL116::all::proposal_motif_centroid_z,within_root_affinity_correlation,0.00797441523344,-0.0549899189681,0.070938749435,0.788683137228,14,0.987142857143,,-0.186832341517,,,"Undefined genealogical contrasts are omitted with reported quadrature coverage, never treated as zero",0.906146583198
discovery,ck2:A:VAL116::all::proposal_motif_pair_1_5,population_mean,0.555685016803,0.554217927312,0.557152106294,5.12278413082e-32,14,1,0.197027023053,0.617591789915,0.420564766861,0.841129533723,Complete curve required,2.04911365233e-31
discovery,ck2:A:VAL116::all::proposal_motif_pair_1_5,selected_mean,0.555651283504,0.554125845617,0.55717672139,8.51211797432e-32,14,1,0.197104997094,0.617472495588,0.420367498493,0.840734996987,Complete curve required,3.17003014216e-31
discovery,ck2:A:VAL116::all::proposal_motif_pair_1_5,selection_shift,-3.37332994075e-05,-0.000114295201581,4.68286027661e-05,0.382135389358,14,1,7.79740409115e-05,-0.00011929432709,-0.000197268368001,-0.000394536736002,Complete curve required,0.724046000889
discovery,ck2:A:VAL116::all::proposal_motif_pair_1_5,retained_shift,-0.000585437779688,-0.00192175252545,0.000750876966078,0.36117793212,14,1,-0.00176752393962,-9.19457895884e-05,0.00167557815003,0.00335115630006,Complete curve required,0.888604591122
discovery,ck2:A:VAL116::all::proposal_motif_pair_1_5,low_enrichment,-0.000177061078834,-0.00431046221174,0.00395634005407,0.927677604398,14,1,-0.00391070875651,0.00511546813944,0.00902617689596,0.0180523537919,Complete curve required,0.972710497816
discovery,ck2:A:VAL116::all::proposal_motif_pair_1_5,high_enrichment,-0.00295231762876,-0.00696929500817,0.00106465975065,0.13634997963,14,1,0.00303990356204,-0.00967860231992,-0.012718505882,-0.0254370117639,Complete curve required,0.198997267568
discovery,ck2:A:VAL116::all::proposal_motif_pair_1_5,affinity_correlation,-0.0187362440805,-0.0787255990966,0.0412531109355,0.51166322209,14,1,0.0402878008526,-0.157630954269,-0.197918755121,-0.395837510243,Complete curve required,0.703893988045
discovery,ck2:A:VAL116::all::proposal_motif_pair_1_5,partial_affinity_correlation,-0.00289671315674,-0.0366361196727,0.0308426933592,0.855715600886,14,1,0.0353900297113,-0.105740858734,-0.141130888446,-0.282261776891,Complete curve required,0.945191366722
discovery,ck2:A:VAL116::all::proposal_motif_pair_1_5,lag_gain_correlation,-0.0105719620203,-0.0342123062237,0.0130683821831,0.351615654278,14,1,0.051249653521,-0.0814328745248,-0.132682528046,-0.270780669481,"Undefined genealogical contrasts are omitted with reported quadrature coverage, never treated as zero",0.446758713671
discovery,ck2:A:VAL116::all::proposal_motif_pair_1_5,lag_partial_gain_correlation,-0.00766274857319,-0.0305557687251,0.0152302715787,0.482415673215,14,1,0.0961127946591,-0.108680743317,-0.204793537976,-0.417945995869,"Undefined genealogical contrasts are omitted with reported quadrature coverage, never treated as zero",0.635376740332
discovery,ck2:A:VAL116::all::proposal_motif_pair_1_5,native_difference,0.00187933163284,0.000472974455514,0.00328568881017,0.0127231878002,14,1,0,0.00384825850185,0.00384825850185,0.0076965170037,Complete curve required,0.0868834009226
discovery,ck2:A:VAL116::all::proposal_motif_pair_1_5,lag_controlled_gain_correlation,-0.0154272463298,-0.0325475851934,0.00169309253377,0.0735039369163,14,1,0.106743533337,-0.0287706065073,-0.135514139844,-0.27655946907,"Undefined genealogical contrasts are omitted with reported quadrature coverage, never treated as zero",0.386819314579
discovery,ck2:A:VAL116::all::proposal_motif_pair_1_5,root_balanced_selection_shift,-4.25740546195e-05,-8.26412514067e-05,-2.50685783233e-06,0.0389803747672,14,1,0,-0.000109511683511,-0.000109511683511,-0.000219023367022,Complete curve required,0.45075924821
discovery,ck2:A:VAL116::all::proposal_motif_pair_1_5,root_balanced_retained_shift,-0.00050510877524,-0.00137212916909,0.000361911618615,0.230312984464,14,1,0,-5.34753398701e-05,-5.34753398701e-05,-0.00010695067974,Complete curve required,0.998966672469
discovery,ck2:A:VAL116::all::proposal_motif_pair_1_5,within_root_affinity_correlation,-0.0302502533635,-0.0773973413347,0.0168968346078,0.189025098195,14,0.987142857143,,-0.142516993848,,,"Undefined genealogical contrasts are omitted with reported quadrature coverage, never treated as zero",0.399788936578
discovery,ck2:A:VAL116::all::proposal_motif_pair_3,population_mean,0.117469671748,0.115420132184,0.119519211312,2.33699810734e-21,14,1,0.000747504786347,0.359821809609,0.359074304822,0.718148609644,Complete curve required,5.04791591186e-21
discovery,ck2:A:VAL116::all::proposal_motif_pair_3,selected_mean,0.11741195244,0.115368239979,0.1194556649,2.26656910671e-21,14,1,0.000748196491125,0.359769300441,0.35902110395,0.718042207901,Complete curve required,4.89578927049e-21
discovery,ck2:A:VAL116::all::proposal_motif_pair_3,selection_shift,-5.77193086436e-05,-0.000119703254084,4.2646367962e-06,0.0654498414755,14,1,6.91704778426e-07,-5.25091670701e-05,-5.32008718486e-05,-0.000106401743697,Complete curve required,0.333833177092
discovery,ck2:A:VAL116::all::proposal_motif_pair_3,retained_shift,-0.000212564401685,-0.000851154615866,0.000426025812496,0.484798955688,14,1,-1.57552145875e-05,-6.55533378314e-05,-4.97981232439e-05,-9.95962464879e-05,Complete curve required,0.888604591122
discovery,ck2:A:VAL116::all::proposal_motif_pair_3,low_enrichment,0.00286481038402,-0.00169376409584,0.00742338486388,0.197668426832,14,1,-0.00571046098334,-0.000212604297921,0.00549785668542,0.0109957133708,Complete curve required,0.364662525198
discovery,ck2:A:VAL116::all::proposal_motif_pair_3,high_enrichment,-0.00655293542385,-0.0102686284908,-0.00283724235692,0.0021658478031,14,1,0.00385754671553,-0.00811819522124,-0.0119757419368,-0.0239514838735,Complete curve required,0.00668318750669
discovery,ck2:A:VAL116::all::proposal_motif_pair_3,affinity_correlation,-0.0723354149717,-0.13564513225,-0.00902569769332,0.0282216708426,14,1,0.04035688958,-0.0111684107023,-0.0515253002824,-0.103050600565,Complete curve required,0.0899565758108
discovery,ck2:A:VAL116::all::proposal_motif_pair_3,partial_affinity_correlation,-0.027459719204,-0.072211520136,0.0172920817281,0.207795090131,14,1,0.0356851186569,0.00219128676967,-0.0334938318872,-0.0669876637744,Complete curve required,0.786709347911
discovery,ck2:A:VAL116::all::proposal_motif_pair_3,lag_gain_correlation,0.0404440926793,0.012626943163,0.0682612421956,0.00780545786023,14,1,0.0491458612692,0.0848202810252,0.035674419756,0.0728049382776,"Undefined genealogical contrasts are omitted with reported quadrature coverage, never treated as zero",0.0671388935183
discovery,ck2:A:VAL116::all::proposal_motif_pair_3,lag_partial_gain_correlation,0.0336619584423,0.003771091512,0.0635528253726,0.0301648744296,14,1,0.0927453949032,0.080111114328,-0.0126342805752,-0.0257842460718,"Undefined genealogical contrasts are omitted with reported quadrature coverage, never treated as zero",0.125656631233
discovery,ck2:A:VAL116::all::proposal_motif_pair_3,native_difference,-0.00242667750991,-0.00438349141862,-0.000469863601207,0.0189329832141,14,1,0,-0.00207935267196,-0.00207935267196,-0.00415870534392,Complete curve required,0.106753914408
discovery,ck2:A:VAL116::all::proposal_motif_pair_3,lag_controlled_gain_correlation,0.00303278097095,-0.0166781343629,0.0227436963048,0.744885445434,14,1,0.10703726721,0.0844582171084,-0.0225790501016,-0.0460796940849,"Undefined genealogical contrasts are omitted with reported quadrature coverage, never treated as zero",0.826483785702
discovery,ck2:A:VAL116::all::proposal_motif_pair_3,root_balanced_selection_shift,-1.99102288014e-05,-5.4469908755e-05,1.46494511523e-05,0.235245286683,14,1,0,-3.76739436258e-05,-3.76739436258e-05,-7.53478872515e-05,Complete curve required,0.644382535191
discovery,ck2:A:VAL116::all::proposal_motif_pair_3,root_balanced_retained_shift,-1.33956368676e-07,-0.000444585090763,0.000444317178026,0.999490359885,14,1,0,-7.4848558307e-05,-7.4848558307e-05,-0.000149697116614,Complete curve required,0.999490359885
discovery,ck2:A:VAL116::all::proposal_motif_pair_3,within_root_affinity_correlation,-0.050436812685,-0.116749206927,0.0158755815573,0.124303620886,14,0.987142857143,,-0.0191414255665,,,"Undefined genealogical contrasts are omitted with reported quadrature coverage, never treated as zero",0.344225411685
discovery,ck2:A:VAL116::all::proposal_motif_pair_5,population_mean,0.00363292844387,0.00335014051457,0.00391571637316,5.88773854557e-13,14,1,9.20682727101e-10,0.0332554215181,0.0332554205975,0.0665108411949,Complete curve required,8.95599666087e-13
discovery,ck2:A:VAL116::all::proposal_motif_pair_5,selected_mean,0.00363128268871,0.00334761450437,0.00391495087305,6.16227448111e-13,14,1,9.22357213347e-10,0.0332571437224,0.0332571428001,0.0665142856001,Complete curve required,9.37360061915e-13
discovery,ck2:A:VAL116::all::proposal_motif_pair_5,selection_shift,-1.64575515685e-06,-5.46611098248e-06,2.17460066877e-06,0.368992346732,14,1,1.67448624608e-12,1.72220428538e-06,1.72220261089e-06,3.44440522178e-06,Complete curve required,0.724046000889
discovery,ck2:A:VAL116::all::proposal_motif_pair_5,retained_shift,4.89882843894e-06,-2.00806210407e-05,2.98782779185e-05,0.678725712971,14,1,-3.7346523857e-11,8.15849534565e-05,8.1584990803e-05,0.000163169981606,Complete curve required,0.888604591122
discovery,ck2:A:VAL116::all::proposal_motif_pair_5,low_enrichment,0.00333842180947,-0.00199333143797,0.0086701750569,0.199213786914,14,1,-0.00629954320302,-0.000812576745195,0.00548696645782,0.0109739329156,Complete curve required,0.364662525198
discovery,ck2:A:VAL116::all::proposal_motif_pair_5,high_enrichment,-0.00774456147725,-0.012128446717,-0.00336067623747,0.00213923804213,14,1,0.0020409663481,-0.00574347431278,-0.00778444066088,-0.0155688813218,Complete curve required,0.00668318750669
discovery,ck2:A:VAL116::all::proposal_motif_pair_5,affinity_correlation,-0.0886019746832,-0.159520145346,-0.0176838040203,0.0182263449376,14,1,0.039754509472,-0.000256762047664,-0.0400112715197,-0.0800225430394,Complete curve required,0.0688550808754
discovery,ck2:A:VAL116::all::proposal_motif_pair_5,partial_affinity_correlation,-0.0160497971767,-0.0615084406782,0.0294088463247,0.459231295357,14,1,0.0354744563907,-0.00135396060491,-0.0368284169956,-0.0736568339912,Complete curve required,0.786709347911
discovery,ck2:A:VAL116::all::proposal_motif_pair_5,lag_gain_correlation,0.0391437323777,0.00954964485364,0.0687378199019,0.0134621769431,14,1,0.0469834229356,0.051249560545,0.00426613760945,0.00870640328458,"Undefined genealogical contrasts are omitted with reported quadrature coverage, never treated as zero",0.0671388935183
discovery,ck2:A:VAL116::all::proposal_motif_pair_5,lag_partial_gain_correlation,0.0261409899374,-0.00432815279563,0.0566101326704,0.0866393680698,14,1,0.0883130124326,0.0590389927779,-0.0292740196548,-0.0597428972546,"Undefined genealogical contrasts are omitted with reported quadrature coverage, never treated as zero",0.161328478475
discovery,ck2:A:VAL116::all::proposal_motif_pair_5,native_difference,-0.000443879149553,-0.000696734098161,-0.000191024200946,0.00223917570047,14,1,0,-0.00311519782054,-0.00311519782054,-0.00623039564108,Complete curve required,0.0403051626084
discovery,ck2:A:VAL116::all::proposal_motif_pair_5,lag_controlled_gain_correlation,-0.00394469911689,-0.0281500662357,0.0202606680019,0.730426808075,14,1,0.107697316408,-0.0114677193339,-0.119165035741,-0.243193950493,"Undefined genealogical contrasts are omitted with reported quadrature coverage, never treated as zero",0.826483785702
discovery,ck2:A:VAL116::all::proposal_motif_pair_5,root_balanced_selection_shift,-2.64708694621e-07,-3.38137609639e-06,2.85195870715e-06,0.857246750081,14,1,0,-6.16292436671e-06,-6.16292436671e-06,-1.23258487334e-05,Complete curve required,0.985262702876
discovery,ck2:A:VAL116::all::proposal_motif_pair_5,root_balanced_retained_shift,6.64616079809e-06,-1.48434550341e-05,2.81357766302e-05,0.515729637094,14,1,0,3.49161486632e-05,3.49161486632e-05,6.98322973265e-05,Complete curve required,0.998966672469
discovery,ck2:A:VAL116::all::proposal_motif_pair_5,within_root_affinity_correlation,-0.0492544720818,-0.116200415435,0.0176914712711,0.135971488766,14,0.97,,-0.00761784672003,,,"Undefined genealogical contrasts are omitted with reported quadrature coverage, never treated as zero",0.349640971113
discovery,ck2:A:VAL116::all::proposal_motif_shell_2,population_mean,0.000120988923361,0.000108519184537,0.000133458662184,2.09900676543e-11,14,1,6.06494210348e-08,0.00103457400375,0.00103451335433,0.00206902670865,Complete curve required,2.63596198449e-11
discovery,ck2:A:VAL116::all::proposal_motif_shell_2,selected_mean,0.000120992827433,0.000108514572594,0.000133471082271,2.11635001816e-11,14,1,6.07031228262e-08,0.00103732399826,0.00103726329514,0.00207452659028,Complete curve required,2.65774188327e-11
discovery,ck2:A:VAL116::all::proposal_motif_shell_2,selection_shift,3.90407207037e-09,-1.49240551455e-07,1.57048695596e-07,0.956917192209,14,1,5.37017913282e-11,2.74999451447e-06,2.74994081268e-06,5.49988162536e-06,Complete curve required,0.996730627894
discovery,ck2:A:VAL116::all::proposal_motif_shell_2,retained_shift,7.95775074883e-07,-5.46894025414e-07,2.13844417518e-06,0.222775506372,14,1,-1.34766208939e-09,4.28021594766e-06,4.28156360975e-06,8.5631272195e-06,Complete curve required,0.888604591122
discovery,ck2:A:VAL116::all::proposal_motif_shell_2,low_enrichment,0.00408427522085,0.000544222097844,0.00762432834386,0.0269680143951,14,1,-0.00266298183809,-0.0145337534087,-0.0118707715707,-0.0237415431413,Complete curve required,0.12663241542
discovery,ck2:A:VAL116::all::proposal_motif_shell_2,high_enrichment,-0.0102979025063,-0.0139142734073,-0.0066815316052,3.47755345427e-05,14,1,0.00202107361947,0.0122382875924,0.0102172139729,0.0204344279459,Complete curve required,0.000625959621769
discovery,ck2:A:VAL116::all::proposal_motif_shell_2,affinity_correlation,-0.0718947615885,-0.119706791511,-0.0240827316659,0.00634606747406,14,1,0.0327570382569,0.186045346284,0.153288308027,0.306576616054,Complete curve required,0.0594132473266
discovery,ck2:A:VAL116::all::proposal_motif_shell_2,partial_affinity_correlation,-0.017148668651,-0.0533321007313,0.0190347634294,0.324568567165,14,1,0.0386442152295,0.0359167821087,-0.00272743312086,-0.00545486624171,Complete curve required,0.786709347911
discovery,ck2:A:VAL116::all::proposal_motif_shell_2,lag_gain_correlation,0.0231209484375,-0.00350206409847,0.0497439609735,0.0832588002016,14,1,0.0699358446688,0.161039703787,0.0911038591187,0.185926243099,"Undefined genealogical contrasts are omitted with reported quadrature coverage, never treated as zero",0.137827609791
discovery,ck2:A:VAL116::all::proposal_motif_shell_2,lag_partial_gain_correlation,0.0226108828585,-0.00302995017708,0.0482517158941,0.0791289784236,14,1,0.0818804755381,0.177824835233,0.0959443596952,0.195804815704,"Undefined genealogical contrasts are omitted with reported quadrature coverage, never treated as zero",0.149928590697
discovery,ck2:A:VAL116::all::proposal_motif_shell_2,native_difference,4.04021861704e-06,-7.84844812059e-06,1.59288853547e-05,0.475876375318,14,1,0,5.29721734063e-05,5.29721734063e-05,0.000105944346813,Complete curve required,0.623013496458
discovery,ck2:A:VAL116::all::proposal_motif_shell_2,lag_controlled_gain_correlation,-0.0234496705494,-0.0430524689907,-0.00384687210805,0.0226701542235,14,1,0.0775612296797,0.0851407197653,0.00757949008557,0.0154683471134,"Undefined genealogical contrasts are omitted with reported quadrature coverage, never treated as zero",0.318563781322
discovery,ck2:A:VAL116::all::proposal_motif_shell_2,root_balanced_selection_shift,-7.94302819959e-09,-1.20759599601e-07,1.04873543202e-07,0.881440047443,14,1,0,2.73305280614e-06,2.73305280614e-06,5.46610561227e-06,Complete curve required,0.985262702876
discovery,ck2:A:VAL116::all::proposal_motif_shell_2,root_balanced_retained_shift,3.8423571776e-07,-7.47120518626e-07,1.51559195415e-06,0.476148501992,14,1,0,2.6343596012e-06,2.6343596012e-06,5.2687192024e-06,Complete curve required,0.998966672469
discovery,ck2:A:VAL116::all::proposal_motif_shell_2,within_root_affinity_correlation,-0.068931805629,-0.110100183319,-0.0277634279395,0.00312673945015,14,0.97,,0.171997278418,,,"Undefined genealogical contrasts are omitted with reported quadrature coverage, never treated as zero",0.101400722528
discovery,ck2:A:VAL116::all::proposal_motif_shell_4,population_mean,0.0325083240563,0.0309583021042,0.0340583460083,1.07207363843e-15,14,1,0.000822085820994,0.138337590358,0.137515504537,0.275031009074,Complete curve required,1.77964031603e-15
discovery,ck2:A:VAL116::all::proposal_motif_shell_4,selected_mean,0.0324874469434,0.0309264407483,0.0340484531386,1.18430144664e-15,14,1,0.000822546107065,0.138519758409,0.137697212302,0.275394424603,Complete curve required,1.95086683875e-15
discovery,ck2:A:VAL116::all::proposal_motif_shell_4,selection_shift,-2.0877112848e-05,-4.36683597287e-05,1.91413403274e-06,0.0694065283687,14,1,4.60286070255e-07,0.000182168050941,0.000181707764871,0.000363415529742,Complete curve required,0.333833177092
discovery,ck2:A:VAL116::all::proposal_motif_shell_4,retained_shift,0.0001118123048,-0.000148639794215,0.000372264403816,0.370593455028,14,1,-1.12475600143e-05,0.000222979181793,0.000234226741807,0.000468453483615,Complete curve required,0.888604591122
discovery,ck2:A:VAL116::all::proposal_motif_shell_4,low_enrichment,0.00390155725441,0.00021148855389,0.00759162595493,0.0398091314656,14,1,-0.00507790227814,-0.0152756014988,-0.0101976992207,-0.0203953984413,Complete curve required,0.154920305286
discovery,ck2:A:VAL116::all::proposal_motif_shell_4,high_enrichment,-0.0114513376287,-0.0163004695051,-0.00660220575236,0.000203114906412,14,1,0.00354958603007,0.00725975211179,0.00371016608172,0.00742033216345,Complete curve required,0.00146242732617
discovery,ck2:A:VAL116::all::proposal_motif_shell_4,affinity_correlation,-0.0673091846949,-0.120560309042,-0.0140580603475,0.0171589647048,14,1,0.0335536363811,0.19340984155,0.159856205169,0.319712410337,Complete curve required,0.0688550808754
discovery,ck2:A:VAL116::all::proposal_motif_shell_4,partial_affinity_correlation,-0.0135355929384,-0.0554962324841,0.0284250466073,0.4981459233,14,1,0.0389285283388,0.0334829645912,-0.00544556374754,-0.0108911274951,Complete curve required,0.786709347911
discovery,ck2:A:VAL116::all::proposal_motif_shell_4,lag_gain_correlation,0.0251618171551,-0.00399294712445,0.0543165814347,0.0849854964283,14,1,0.0738082211291,0.160563302193,0.0867550810635,0.177051185844,"Undefined genealogical contrasts are omitted with reported quadrature coverage, never treated as zero",0.137827609791
discovery,ck2:A:VAL116::all::proposal_motif_shell_4,lag_partial_gain_correlation,0.0253076685878,-0.00153712982033,0.0521524669959,0.0625820772252,14,1,0.08401065583,0.180799031651,0.096788375821,0.197527297594,"Undefined genealogical contrasts are omitted with reported quadrature coverage, never treated as zero",0.129218237146
discovery,ck2:A:VAL116::all::proposal_motif_shell_4,native_difference,0.000553582478119,-0.000910445441837,0.00201761039807,0.428710896231,14,1,0,0.00464233662687,0.00464233662687,0.00928467325375,Complete curve required,0.601308789519
discovery,ck2:A:VAL116::all::proposal_motif_shell_4,lag_controlled_gain_correlation,-0.0183424881746,-0.0388802648491,0.00219528849979,0.075791765279,14,1,0.0797073228961,0.0758480676585,-0.00385925523757,-0.00787603109707,"Undefined genealogical contrasts are omitted with reported quadrature coverage, never treated as zero",0.386819314579
discovery,ck2:A:VAL116::all::proposal_motif_shell_4,root_balanced_selection_shift,-1.95947116705e-05,-3.92660296585e-05,7.66063174608e-08,0.0507746676427,14,1,0,0.000176369871548,0.000176369871548,0.000352739743096,Complete curve required,0.456972008784
discovery,ck2:A:VAL116::all::proposal_motif_shell_4,root_balanced_retained_shift,1.4792316746e-05,-0.00018011214254,0.000209696776032,0.872283068635,14,1,0,0.000139753211509,0.000139753211509,0.000279506423019,Complete curve required,0.998966672469
discovery,ck2:A:VAL116::all::proposal_motif_shell_4,within_root_affinity_correlation,-0.0615625417194,-0.107551116819,-0.0155739666197,0.0126005210086,14,0.987142857143,,0.175274565145,,,"Undefined genealogical contrasts are omitted with reported quadrature coverage, never treated as zero",0.138743433719
discovery,ck2:A:VAL116::all::proposal_motif_shell_6,population_mean,0.492078926758,0.489750545458,0.494407308057,1.00804824632e-28,14,1,0.207358916492,0.65964867174,0.452289755248,0.904579510496,Complete curve required,2.79151822057e-28
discovery,ck2:A:VAL116::all::proposal_motif_shell_6,selected_mean,0.491944035102,0.489524767411,0.494363302794,1.66419312914e-28,14,1,0.207411266475,0.659717284121,0.452306017647,0.904612035294,Complete curve required,4.60853481914e-28
discovery,ck2:A:VAL116::all::proposal_motif_shell_6,selection_shift,-0.000134891655483,-0.000252231933571,-1.75513773941e-05,0.0274281236224,14,1,5.23499823123e-05,6.86123810165e-05,1.62623987042e-05,3.25247974084e-05,Complete curve required,0.239929856306
discovery,ck2:A:VAL116::all::proposal_motif_shell_6,retained_shift,-0.000435824800415,-0.00213614290196,0.00126449330113,0.589151654219,14,1,-0.00119565320052,4.01448142509e-05,0.00123579801477,0.00247159602954,Complete curve required,0.888604591122
discovery,ck2:A:VAL116::all::proposal_motif_shell_6,low_enrichment,0.00132758849387,-0.00322106838855,0.00587624537629,0.539272330583,14,1,-0.0054843984343,-0.00731850989603,-0.00183411146173,-0.00366822292346,Complete curve required,0.719029774111
discovery,ck2:A:VAL116::all::proposal_motif_shell_6,high_enrichment,-0.00871199968133,-0.0124969054035,-0.00492709395913,0.000254980795366,14,1,0.00625850073583,-0.00104685856217,-0.00730535929799,-0.014610718596,Complete curve required,0.00161987799409
discovery,ck2:A:VAL116::all::proposal_motif_shell_6,affinity_correlation,-0.0448154794761,-0.104557904986,0.014926946034,0.129097551035,14,1,0.034078456861,-0.0379477924542,-0.0720262493152,-0.14405249863,Complete curve required,0.263359004111
discovery,ck2:A:VAL116::all::proposal_motif_shell_6,partial_affinity_correlation,0.0223783707259,-0.0316494987429,0.0764062401947,0.387148137907,14,1,0.0391261399406,-0.076129550196,-0.115255690137,-0.230511380273,Complete curve required,0.786709347911
discovery,ck2:A:VAL116::all::proposal_motif_shell_6,lag_gain_correlation,0.00191618261826,-0.0232763303312,0.0271086955678,0.872005794673,14,1,0.0772056207973,-0.110144710247,-0.187350331044,-0.382347614375,"Undefined genealogical contrasts are omitted with reported quadrature coverage, never treated as zero",0.905544479084
discovery,ck2:A:VAL116::all::proposal_motif_shell_6,lag_partial_gain_correlation,0.00201368788355,-0.0216334307999,0.025660806567,0.856877305976,14,1,0.0852774941551,-0.102557126663,-0.187834620818,-0.383335960853,"Undefined genealogical contrasts are omitted with reported quadrature coverage, never treated as zero",0.944313765769
discovery,ck2:A:VAL116::all::proposal_motif_shell_6,native_difference,0.000661593973348,-0.00172049243463,0.00304368038132,0.558810845096,14,1,0,0.00284073749551,0.00284073749551,0.00568147499102,Complete curve required,0.685813309891
discovery,ck2:A:VAL116::all::proposal_motif_shell_6,lag_controlled_gain_correlation,-0.00305025667793,-0.0320733287877,0.0259728154318,0.823916603655,14,1,0.0817988519746,-0.106126683126,-0.187925535101,-0.383521500206,"Undefined genealogical contrasts are omitted with reported quadrature coverage, never treated as zero",0.881019734601
discovery,ck2:A:VAL116::all::proposal_motif_shell_6,root_balanced_selection_shift,-6.95487112187e-05,-0.000173865322134,3.47678996963e-05,0.173419882868,14,1,0,6.60602287391e-05,6.60602287391e-05,0.000132120457478,Complete curve required,0.644382535191
discovery,ck2:A:VAL116::all::proposal_motif_shell_6,root_balanced_retained_shift,-0.000579026089556,-0.00190437293639,0.000746320757277,0.362465251935,14,1,0,6.95230977858e-05,6.95230977858e-05,0.000139046195572,Complete curve required,0.998966672469
discovery,ck2:A:VAL116::all::proposal_motif_shell_6,within_root_affinity_correlation,-0.0205734556504,-0.0857456749669,0.0445987636661,0.507220008366,14,0.987142857143,,-0.050599652245,,,"Undefined genealogical contrasts are omitted with reported quadrature coverage, never treated as zero",0.684747011295
