arm,batch,time,state_time,monitored_coordinate_view,state_time_semantics,within_control_state_window,n_available,mean_reward,mean_standardized_residual,global_centroid_x,global_centroid_y,global_centroid_z,shape_xx,shape_yy,shape_zz,shape_xy,shape_xz,shape_yz,pair_kernel_1.5,pair_kernel_2.5,pair_kernel_3.5,pair_kernel_5.0,pair_kernel_7.0,landmark_00_softmin,landmark_00_occupancy3,landmark_00_occupancy5,landmark_01_softmin,landmark_01_occupancy3,landmark_01_occupancy5,landmark_02_softmin,landmark_02_occupancy3,landmark_02_occupancy5,landmark_03_softmin,landmark_03_occupancy3,landmark_03_occupancy5,landmark_04_softmin,landmark_04_occupancy3,landmark_04_occupancy5,landmark_05_softmin,landmark_05_occupancy3,landmark_05_occupancy5,landmark_06_softmin,landmark_06_occupancy3,landmark_06_occupancy5,landmark_07_softmin,landmark_07_occupancy3,landmark_07_occupancy5,landmark_08_softmin,landmark_08_occupancy3,landmark_08_occupancy5,landmark_09_softmin,landmark_09_occupancy3,landmark_09_occupancy5,landmark_10_softmin,landmark_10_occupancy3,landmark_10_occupancy5,landmark_11_softmin,landmark_11_occupancy3,landmark_11_occupancy5,landmark_12_softmin,landmark_12_occupancy3,landmark_12_occupancy5,landmark_13_softmin,landmark_13_occupancy3,landmark_13_occupancy5,landmark_14_softmin,landmark_14_occupancy3,landmark_14_occupancy5,landmark_15_softmin,landmark_15_occupancy3,landmark_15_occupancy5,landmark_16_softmin,landmark_16_occupancy3,landmark_16_occupancy5,landmark_17_softmin,landmark_17_occupancy3,landmark_17_occupancy5,landmark_18_softmin,landmark_18_occupancy3,landmark_18_occupancy5,landmark_19_softmin,landmark_19_occupancy3,landmark_19_occupancy5
gradient,0,0,0.00999999977648,predicted,Actual proposal support boundary; monitored coordinates are pre-native endpoint forecast,True,50,-0.291752355756,0.758105970406,-0.114538376179,-0.0252743298197,0.241921381626,0.0479799387969,6.09461169479,6.4319467951,0.151407869475,-0.50718948568,1.99170087274,0.177738579177,0.259902040295,0.28205869949,0.262445673256,0.218734276407,4.68770080642,0.187562455354,0.719759296581,9.79690654632,1.25119978842e-08,0.000124550727314,9.21591622496,2.16574565103e-07,0.000802571352243,9.33763715448,1.7403762185e-07,0.000555133549237,8.29065560453,1.46433554864e-05,0.00915696259793,9.84295700201,2.17401408814e-08,0.000139395873215,9.25030608422,1.58191204318e-07,0.000653959107578,8.20033516942,4.98225074453e-06,0.00847642881374,9.36545726096,7.18910287929e-08,0.000389052924839,9.02691166594,1.10816168864e-06,0.00159976337035,8.53104194774,3.52994724222e-06,0.00441293286669,8.18708932643,1.45958229784e-05,0.0108661352952,8.54150391399,6.10411707595e-06,0.00474415462639,4.49282952854,0.200679116529,0.372668699915,8.4228997029,1.62304307008e-05,0.00716431998994,9.38569769968,9.59958920739e-08,0.000416634851322,5.23827294463,0.0535977057573,0.28208027266,7.38086114549,0.000242018592613,0.0565843732003,8.77156561211,1.51939479886e-06,0.00258988914267,5.57201629038,0.031151103695,0.194863948854
gradient,0,0.01,0.019999999553,predicted,Actual proposal support boundary; monitored coordinates are pre-native endpoint forecast,True,50,-0.244958636662,0.68633658189,-0.0903973458672,-0.0222757643843,0.167564062748,0.0436643472304,5.78879444114,6.10628600856,0.00686651933384,-0.437398473403,1.88774709691,0.18674410237,0.271789352279,0.29261094181,0.269108616855,0.213065440981,4.6176690429,0.201955986773,0.725941772595,9.83753794861,1.01309500316e-08,0.000108494173287,9.3705077246,1.0015027893e-07,0.000488251688993,9.31708401785,2.02025852944e-07,0.00060556011905,8.31267851075,1.16059745229e-05,0.0086440452214,9.82923722339,2.58989613718e-08,0.000154885351827,9.29331151957,1.17858074078e-07,0.000551745129435,8.19034920952,5.23277281165e-06,0.00866095368284,9.39630247033,6.97919954836e-08,0.000362874454134,9.13474722476,5.67340481061e-07,0.00113065716361,8.61913635274,2.55050119814e-06,0.00348993364637,8.27362242914,9.76962410915e-06,0.00876224540004,8.59419851195,4.2652522499e-06,0.00406866882742,4.51626701137,0.192841445783,0.372057582941,8.64257393661,5.64120874351e-06,0.0043316560971,9.31569352278,1.91338168542e-07,0.000587911474933,5.2747470531,0.0542164249462,0.288967168542,7.33290173317,0.000274774169806,0.0624929089783,8.81576472715,9.56660113482e-07,0.0021783899949,5.5396543849,0.0313005680133,0.184104478083
gradient,0,0.02,0.0299999993294,predicted,Actual proposal support boundary; monitored coordinates are pre-native endpoint forecast,True,50,-0.212251285798,0.634592487286,-0.0855513761902,-0.00553548399449,0.101770082388,0.0449548166008,5.7850253979,6.1096264147,-0.0436099794086,-0.427371282064,1.84472927781,0.188562577208,0.270903248388,0.292915284064,0.26834642337,0.212938517874,4.62533234421,0.19819379458,0.72427331505,9.79604712697,1.31619002773e-08,0.00012787869576,9.39951975868,8.93206650162e-08,0.000448101801943,9.28758326253,2.27553467349e-07,0.000662470747583,8.2572031299,1.48925845988e-05,0.00977514688334,9.82083594017,2.76539240426e-08,0.000161512735015,9.28562252179,1.17930739244e-07,0.000559605617433,8.1770289065,5.53006521171e-06,0.00895830394275,9.36680022579,7.84243176006e-08,0.000397014308832,9.16166394806,4.59842098327e-07,0.00102817629484,8.65083537844,2.28879899012e-06,0.00322322849251,8.29675984054,8.81910539898e-06,0.00825368036635,8.60335730317,3.71023470402e-06,0.00391227567979,4.5400250352,0.188864991779,0.367279541481,8.70698046622,3.794772691e-06,0.00366849181632,9.29649578598,2.28601444864e-07,0.000647548991243,5.27724077652,0.0561743993111,0.298134044216,7.30909977359,0.000296325767856,0.0654753842004,8.79828455663,1.00618552517e-06,0.0022849855144,5.48219750785,0.0346262717597,0.185682670361
gradient,0,0.03,0.0399999991059,predicted,Actual proposal support boundary; monitored coordinates are pre-native endpoint forecast,True,50,-0.196731790241,0.611392000116,-0.0793943308258,0.0313759070253,0.051810930047,0.0458624932297,5.90281075895,6.19079155325,-0.0512203468018,-0.414413024253,1.90745509369,0.188656651491,0.268111700618,0.289464192819,0.265784834414,0.213611075036,4.64190845478,0.190937205705,0.720838135803,9.71806991022,2.22797824119e-08,0.000174758881279,9.38479214446,9.69399870816e-08,0.000469636924216,9.27267562897,2.21339619636e-07,0.000674644468024,8.21866791654,1.82628649491e-05,0.0105876149846,9.80834841741,3.1041836433e-08,0.000173205728468,9.25806450572,1.3086460075e-07,0.000605516917205,8.17609818257,5.37202713485e-06,0.00892372011469,9.32443652688,9.59792407745e-08,0.000459389288928,9.15625597619,4.87703715857e-07,0.00106041245152,8.68386382996,2.03532424127e-06,0.00297834778401,8.28192758721,9.23493287354e-06,0.00853180787655,8.58669778987,3.53112877788e-06,0.00402108317493,4.56520837405,0.184312910635,0.365928777775,8.702387594,3.8713765629e-06,0.00372706663657,9.28063706153,2.61808273692e-07,0.000699136928242,5.26218816703,0.05907820718,0.308326278817,7.29912336103,0.000304158023709,0.0669075224336,8.7472574716,1.33744824226e-06,0.00267613809513,5.41851688518,0.0388890577546,0.18367683563
gradient,0,0.04,0.0499999970198,predicted,Actual proposal support boundary; monitored coordinates are pre-native endpoint forecast,True,50,-0.184357209466,0.592479018993,-0.0715580390358,0.0634523355579,0.0468826839066,0.0483353472975,6.02317146046,6.22191031075,-0.0582672298802,-0.41716975073,1.92901779967,0.188878502,0.265360292338,0.287137063234,0.264610353577,0.214546690465,4.64341001975,0.187199858357,0.721650133596,9.6606801604,3.34528306328e-08,0.000219933310043,9.39122375569,9.33910826072e-08,0.000458376931195,9.24293357503,2.42201657024e-07,0.000730283620776,8.23186934594,1.75203563796e-05,0.0102358795518,9.77290104939,3.89983048528e-08,0.000199434901125,9.24747737056,1.36466724306e-07,0.000624698370612,8.1894187086,4.97183413426e-06,0.00857013345461,9.29746121843,1.12592774769e-07,0.000508862777829,9.140451811,5.26692974114e-07,0.00111313203182,8.68967529215,2.1067554571e-06,0.00297725377429,8.25849910691,1.04011264184e-05,0.00903531866065,8.55442756445,3.93882582997e-06,0.00435543479357,4.58765485276,0.180419491301,0.369764041601,8.69158825451,4.06605216789e-06,0.00383110166969,9.24987575138,3.15919329067e-07,0.000783752754468,5.25417855024,0.0608039752612,0.316217420287,7.29291841348,0.000314160358687,0.0675877166566,8.7381314362,1.46359134737e-06,0.00277246543962,5.38359215835,0.0412113315136,0.179278066565
gradient,0,0.05,0.0599999986589,predicted,Actual proposal support boundary; monitored coordinates are pre-native endpoint forecast,True,50,-0.169705287853,0.557052038516,-0.064185032692,0.0792699077344,0.0462459191418,0.0508800135206,6.11555181057,6.26545825332,-0.0715628974154,-0.415449596788,1.97092368106,0.188952995292,0.262695491227,0.284416668186,0.263095150519,0.215798425112,4.64022444367,0.185084623846,0.721196767423,9.63060859366,4.06110988665e-08,0.000246425083787,9.40644993909,8.36306552015e-08,0.000430375301291,9.20385382768,2.81754384753e-07,0.000822784984668,8.23819778638,1.72572244595e-05,0.0100596031926,9.75336876207,4.37413043484e-08,0.000214315680909,9.2461967322,1.33748352946e-07,0.000620780349483,8.1975417043,4.76421402784e-06,0.00837081831589,9.27492739063,1.29485493201e-07,0.000555755153504,9.11519276023,6.08903505449e-07,0.00120868920485,8.69565911076,2.11475113742e-06,0.00295553635687,8.23390172118,1.17037204689e-05,0.00959998967062,8.54464786048,3.99247118774e-06,0.00444941648546,4.60538348473,0.177171215087,0.371285888531,8.66798713856,4.65093754968e-06,0.00407807120934,9.21893072628,3.77413681877e-07,0.000872598348078,5.26490390088,0.0607092746753,0.320302533254,7.28794544825,0.000318323719802,0.0683393962872,8.74325343542,1.47416222195e-06,0.00274174493642,5.34590105987,0.0434445511761,0.175085504669
gradient,0,0.06,0.070000000298,predicted,Actual proposal support boundary; monitored coordinates are pre-native endpoint forecast,True,50,-0.158756283841,0.538362269859,-0.0630602763557,0.076722652874,0.0619314911699,0.0511169695863,6.14615048019,6.35914083687,-0.0684922572226,-0.41286023087,2.10034447317,0.189306537369,0.262133018404,0.282577333167,0.260957623129,0.215298276313,4.63752147268,0.184681894451,0.71921135245,9.6517658768,3.63576092935e-08,0.000229806814225,9.38672582486,8.71082426476e-08,0.000452615131498,9.19303656612,2.81646821767e-07,0.000844437261036,8.22476071335,1.90955535936e-05,0.010362311984,9.72801044723,5.09160475302e-08,0.000235385210939,9.23839563072,1.39299717729e-07,0.000634801939914,8.19723537036,4.81486715915e-06,0.00839496789316,9.26433152323,1.40073880594e-07,0.000584156179972,9.0772213184,8.09787649541e-07,0.00138381776735,8.70226511348,2.06989299841e-06,0.00291045966887,8.20089425814,1.38774130909e-05,0.0104193981123,8.57841991549,3.3364703146e-06,0.00404846723492,4.60979081613,0.177143902682,0.373177762967,8.59979911686,7.0319701064e-06,0.00484737825644,9.20214638805,4.15554833695e-07,0.000924698298818,5.31492212985,0.0567637440691,0.32012206773,7.28975443938,0.000313229952466,0.0682922290105,8.74648375067,1.46720838082e-06,0.00271778527308,5.32487157874,0.044924581248,0.170257049381
gradient,0,0.07,0.0799999982119,predicted,Actual proposal support boundary; monitored coordinates are pre-native endpoint forecast,True,50,-0.147788227502,0.521742077053,-0.0650907109642,0.0760212123013,0.0946670409775,0.0530475707446,6.19516267411,6.42088942458,-0.0646902042419,-0.421105020757,2.22957434704,0.18864540581,0.262144669999,0.280841503082,0.259550457438,0.215135162443,4.63077586336,0.186289798208,0.715374487446,9.67927514873,3.14654039257e-08,0.000209836902437,9.35760932082,9.66345144844e-08,0.000494068170399,9.16022049343,3.24796898535e-07,0.000933555763156,8.21053455611,2.2018558648e-05,0.010700021651,9.70934646716,5.64297364012e-08,0.000250962979866,9.23045392042,1.45376940945e-07,0.000652869556057,8.20374990621,4.7553358402e-06,0.0082814981804,9.26453514453,1.40156707429e-07,0.000588681284094,9.04791995651,9.98087512787e-07,0.00152871204035,8.69962163789,2.10614139353e-06,0.00293515758983,8.17832894937,1.51966066154e-05,0.0109791923917,8.60923415054,2.85160413161e-06,0.00371336087587,4.60445993676,0.17963295555,0.375118679075,8.54077817291,9.7764179025e-06,0.00557367873533,9.19441442707,4.28414276417e-07,0.000946202597113,5.36526442679,0.0526300696613,0.318965379365,7.30025437638,0.000297936654391,0.0672144455964,8.74013492108,1.57894970369e-06,0.00279319444262,5.32711577318,0.0453376663241,0.165541291676
gradient,0,0.08,0.0899999961257,predicted,Actual proposal support boundary; monitored coordinates are pre-native endpoint forecast,True,50,-0.146120834317,0.52086811958,-0.0591003559494,0.0711823129272,0.112651856813,0.0539144606406,6.17869608868,6.5491590564,-0.0480085411257,-0.424230810135,2.34370991279,0.188034700703,0.262602231448,0.278861400581,0.257576705664,0.215091761872,4.62622239796,0.187125601729,0.714151665191,9.69621094537,2.92718132372e-08,0.000199665246783,9.3499212415,9.81448140554e-08,0.000504897148223,9.15271525217,3.32138530334e-07,0.000955811241695,8.17098982875,2.73594864384e-05,0.0116451790897,9.65676870764,7.61687514144e-08,0.000301292694022,9.22866583692,1.46192657242e-07,0.000656923799813,8.21150392486,4.56704991239e-06,0.00811263450573,9.25646420931,1.43448560526e-07,0.000603169638512,9.02858486407,1.14943663974e-06,0.00163331722461,8.69239956813,2.2998346913e-06,0.00302747994442,8.15104573309,1.70862339225e-05,0.0117063213766,8.63631559115,2.50586207463e-06,0.00344822370551,4.61040068941,0.18005764692,0.375808830778,8.50282394776,1.21060661598e-05,0.00607062279117,9.16441916026,5.05452296067e-07,0.00104048327193,5.41630429614,0.048373702915,0.314711732551,7.29168164,0.000306964428463,0.0683078909144,8.73071140666,1.69861109992e-06,0.0028804913597,5.32083146531,0.0460485878031,0.162561253718
gradient,0,0.09,0.0999999940395,predicted,Actual proposal support boundary; monitored coordinates are pre-native endpoint forecast,True,50,-0.140397038715,0.50103087769,-0.0586199162865,0.0655176668978,0.137002293739,0.0549762788464,6.14926062092,6.60423637679,-0.047328673531,-0.436299621048,2.38707399214,0.188376293066,0.263453392003,0.277753091622,0.256614436213,0.215182288177,4.61772234095,0.18865357679,0.714589703912,9.7082133651,2.78997725546e-08,0.000193220572301,9.3550698561,9.66438414478e-08,0.000497615913598,9.14551608045,3.40948974022e-07,0.000977151555081,8.16659641738,2.82522319724e-05,0.011753769809,9.62058093648,9.35463159655e-08,0.000341078228927,9.24133074769,1.36124590941e-07,0.000628623965063,8.21639446971,4.48002433053e-06,0.0080225208453,9.25877244891,1.40396646863e-07,0.0005979508911,9.01201947211,1.27402970558e-06,0.00171619136764,8.67899861064,2.49527824477e-06,0.00315589641763,8.14129151647,1.78667128308e-05,0.0119718420041,8.65926185537,2.31366349875e-06,0.00324884224446,4.60562480558,0.18224857682,0.376713261749,8.48331933501,1.35063373722e-05,0.00631739876668,9.15150263715,5.45363616558e-07,0.00108399235928,5.44861437202,0.0456234284555,0.310759795602,7.28720391211,0.000315337202034,0.0686828797664,8.74483198093,1.61734147874e-06,0.00277195551919,5.33079330717,0.0456233727748,0.161145476771
gradient,0,0.1,0.109999999404,predicted,Actual proposal support boundary; monitored coordinates are pre-native endpoint forecast,True,50,-0.135771179634,0.492161284257,-0.0618715785408,0.0494452768183,0.150406077776,0.0556296321928,6.10637296457,6.61601359398,-0.0453946732162,-0.437123663984,2.38536513216,0.188981567707,0.264498072111,0.276998248225,0.256136272107,0.215865856272,4.61625264022,0.189212192361,0.717150167931,9.72444632958,2.56685872744e-08,0.00018320926887,9.35982741906,1.02219099753e-07,0.000496774873696,9.14605672056,3.40844653475e-07,0.000978396475381,8.16140740781,2.92051008369e-05,0.0118868420848,9.57726025301,1.20950803875e-07,0.000397448324211,9.25917671399,1.2384906072e-07,0.000589481242871,8.21496659982,4.5251578966e-06,0.00806648385491,9.26668277308,1.34265059826e-07,0.000582217187489,9.00649828896,1.32112238437e-06,0.00174155091016,8.66047884829,2.73037903325e-06,0.00332112020797,8.14238108929,1.79631820759e-05,0.0119476510394,8.68425704181,2.11311701025e-06,0.0030438594675,4.60031449433,0.183748417983,0.376715566678,8.47873600304,1.39506325219e-05,0.0063578216912,9.13292343282,6.23465489316e-07,0.00115823960409,5.47272738315,0.043602530769,0.307192327349,7.28417419359,0.000322365379609,0.0688471603271,8.75882906529,1.54521617468e-06,0.0026642050504,5.34029011653,0.0451189865837,0.160462497088
gradient,0,0.11,0.119999997318,predicted,Actual proposal support boundary; monitored coordinates are pre-native endpoint forecast,True,50,-0.127304872979,0.469463594549,-0.0616824315453,0.0363840117669,0.147181602094,0.0570524807531,6.11367532702,6.63037320154,-0.025044005952,-0.422654417107,2.38592518203,0.188505402444,0.265055077815,0.275872713781,0.25516890508,0.216189203156,4.61743138929,0.18893146656,0.717191889677,9.72975506039,2.48988460861e-08,0.000179818485462,9.32814450058,1.50442696561e-07,0.000578313227129,9.1476404559,3.43690828562e-07,0.000979255798235,8.15026929713,3.06695730963e-05,0.0121543768758,9.55093682574,1.42066893613e-07,0.000437090643609,9.26246118397,1.2921906135e-07,0.000588092103069,8.21254845446,4.55299558397e-06,0.00812045041744,9.26920809666,1.30940348733e-07,0.000574470229014,8.99629091747,1.3996764866e-06,0.00179035119416,8.63830282585,3.06879812476e-06,0.00354175777604,8.13498460985,1.86653528157e-05,0.0121619889815,8.6960553242,2.01013020705e-06,0.00294911579399,4.60832433397,0.182097345192,0.376826105522,8.46535639637,1.46511029549e-05,0.00652241230345,9.11056731875,7.26001339327e-07,0.00125219016448,5.48149094699,0.042861466795,0.304620077782,7.27883675805,0.000332193231369,0.0693053842778,8.74796682726,1.70901291162e-06,0.0027626483374,5.34610081898,0.0448518806192,0.161490300548
gradient,0,0.12,0.129999995232,predicted,Actual proposal support boundary; monitored coordinates are pre-native endpoint forecast,True,50,-0.11963693066,0.453048648407,-0.0556385038757,0.0410895568496,0.13331624088,0.0597420273033,6.19124393929,6.62846570556,0.00222636011062,-0.405922804383,2.39894520013,0.187567992212,0.265374068969,0.274477457527,0.253722978494,0.215566707702,4.62105594671,0.187876945676,0.715487557191,9.72477358339,2.55008989929e-08,0.000182361796443,9.2823150001,2.41507555059e-07,0.000709810526258,9.13008076062,3.88585964503e-07,0.00104154607657,8.14102350889,3.17190225107e-05,0.0123938686201,9.5243992955,1.6952024039e-07,0.000484642509921,9.25920974674,1.44124752341e-07,0.000604963927066,8.21531201043,4.44116102924e-06,0.00804032469512,9.2608400451,1.35282253775e-07,0.00058782742237,8.9780084141,1.56225084149e-06,0.00188907270103,8.61773372757,3.50105568147e-06,0.00377643668389,8.10991974161,2.07526607116e-05,0.0128957008229,8.68356399037,2.12997105945e-06,0.00305070702061,4.63241686115,0.176721498339,0.378478409259,8.43472822091,1.66482831999e-05,0.00696163769205,9.08323706834,8.89749483133e-07,0.00138620629809,5.47410844868,0.0433314277594,0.305294128401,7.27354844087,0.000340777014134,0.0698173886739,8.73606924548,1.88898397814e-06,0.00287402896101,5.34841570746,0.0448980859453,0.163261911168
gradient,0,0.13,0.140000000596,predicted,Actual proposal support boundary; monitored coordinates are pre-native endpoint forecast,True,50,-0.122919350461,0.471061909159,-0.0484663914108,0.0609528034544,0.111135781381,0.0617943762062,6.28861826591,6.57755231859,0.0263746150264,-0.388819942171,2.36238145327,0.187387006663,0.265755498519,0.273987372804,0.252782469332,0.21389064404,4.62625307496,0.18653348339,0.714640209027,9.70327955235,2.8434551506e-08,0.00019503484058,9.23836331851,3.65599838487e-07,0.000858711670957,9.11363361479,4.30319302886e-07,0.00109628238433,8.13812280209,3.24360058857e-05,0.0124732405372,9.50702804964,1.94308859467e-07,0.000524156309532,9.26412059105,1.53641335499e-07,0.000607071881723,8.21756482623,4.33719782362e-06,0.0079623704901,9.24910124651,1.4137160791e-07,0.000608020897007,8.95900031311,1.74678985793e-06,0.00199765416795,8.60148066207,3.91386324053e-06,0.00397950095453,8.08075271159,2.3543753815e-05,0.0138062729179,8.65334650068,2.39301924607e-06,0.00330113070968,4.66233775047,0.169735754099,0.380637166453,8.4019696202,1.89401727983e-05,0.00747959262359,9.06559713532,1.05611172338e-06,0.00149864792193,5.44897075417,0.0453542831799,0.309550308076,7.27280794898,0.000343175373664,0.069777946084,8.74271945913,1.90066080394e-06,0.00284004620686,5.34035193094,0.0458239345784,0.164695786996
gradient,0,0.14,0.149999991059,predicted,Actual proposal support boundary; monitored coordinates are pre-native endpoint forecast,True,50,-0.125671661599,0.458317848364,-0.0426716588402,0.0820462292051,0.0760287660098,0.0635480442788,6.37368294759,6.50655564651,0.031037941667,-0.378538729951,2.24839721238,0.187171193011,0.265622131632,0.273757944056,0.25265295547,0.213217869376,4.63538891491,0.185100482468,0.712664523737,9.65717393633,3.59411511063e-08,0.000226146631664,9.2532479109,3.45696751378e-07,0.000826565262215,9.0910474475,4.91644785508e-07,0.0011778826313,8.13667952342,3.27445912536e-05,0.0125086349246,9.50379989566,2.05679282303e-07,0.000540943062055,9.28764787488,1.37508259408e-07,0.00056249425089,8.21556786143,4.32031736092e-06,0.0079803495112,9.23658067479,1.49762792918e-07,0.000631101397833,8.94034605509,1.9512326656e-06,0.00211071619515,8.58573188843,4.34383339769e-06,0.00417493567259,8.07031561503,2.44675202952e-05,0.0141587502749,8.61238947549,2.70694387799e-06,0.00366886651035,4.68623436451,0.163009207049,0.378374759333,8.36397075269,2.28424319347e-05,0.00810595098132,9.05361717644,1.21558820411e-06,0.00159354082269,5.39725762571,0.0496709684928,0.313816918978,7.27210786907,0.000343746747272,0.0698186149792,8.77167467616,1.62100099074e-06,0.00261277575029,5.30822616837,0.047946868472,0.166444607509
gradient,0,0.15,0.159999996424,predicted,Actual proposal support boundary; monitored coordinates are pre-native endpoint forecast,True,50,-0.124360498882,0.45878484468,-0.0366934941673,0.0949545335388,0.0397751891351,0.0672803731265,6.49115997723,6.46829153077,0.0281757403319,-0.380495492254,2.17680353252,0.186416227225,0.265363969291,0.271828114442,0.252438540498,0.212764157864,4.64016273005,0.184006133899,0.706574768809,9.63275780641,3.94517978385e-08,0.000241342667344,9.23417916081,3.85974896307e-07,0.000880958426661,9.05922513235,5.87150741716e-07,0.00130327911911,8.12229713409,3.45924250017e-05,0.0128791417233,9.52467708567,1.89327687415e-07,0.000514344306775,9.28154680676,1.48416909916e-07,0.000580635246832,8.2140505148,4.30618534502e-06,0.00800427357606,9.22300765481,1.58171240427e-07,0.000654577066996,8.910256176,2.24340173179e-06,0.00228072199425,8.5709232476,4.8307386989e-06,0.0043752628214,8.06751750114,2.42876811541e-05,0.0142704308468,8.58707543952,2.8276391485e-06,0.00390334816477,4.70356568867,0.158297730864,0.373388536432,8.30677724667,2.9290387294e-05,0.00908244364697,9.05424202495,1.27499390861e-06,0.00162070799579,5.36106817981,0.0530047819839,0.317338285346,7.26478825768,0.000353527415053,0.0706811100845,8.77013288046,1.64317686279e-06,0.00262990882789,5.28081142733,0.0496806813582,0.16959055561
gradient,0,0.16,0.170000001788,predicted,Actual proposal support boundary; monitored coordinates are pre-native endpoint forecast,True,50,-0.124962509035,0.463681061812,-0.0305373118782,0.127835530004,0.0171376451588,0.0701859088566,6.57707892947,6.42844430844,0.00657325195858,-0.388940278531,2.25226458516,0.186609458156,0.264850924177,0.271226863899,0.251604921606,0.212826527031,4.63858811966,0.183049032755,0.702380669823,9.62368217335,4.00189429445e-08,0.000244345979247,9.24941075489,3.43964778333e-07,0.000833016205376,9.00583571076,7.7755588933e-07,0.00153059472601,8.1058636475,3.79628309877e-05,0.0133150778346,9.60938126361,1.23415306411e-07,0.000397821085942,9.27928654092,1.51163130924e-07,0.000582990886227,8.22120269042,4.11648400962e-06,0.00782971235552,9.20906873305,1.71306802899e-07,0.000688182679749,8.93347874041,2.06151426705e-06,0.0021589111216,8.6009289236,4.05552897792e-06,0.00402991905278,8.04941574082,2.53189675514e-05,0.0148833183803,8.55996843518,3.04940929544e-06,0.0041813933686,4.71760160397,0.155394651562,0.37088769452,8.33806199953,2.66710453576e-05,0.00853131803906,9.09115465258,1.08549810743e-06,0.00147393659927,5.33146774644,0.0558060204375,0.32121053245,7.2604701927,0.00035572788416,0.071406290375,8.75516876759,1.78861016151e-06,0.00274622723829,5.26319507573,0.0507745406652,0.169507562072
gradient,0,0.17,0.179999992251,predicted,Actual proposal support boundary; monitored coordinates are pre-native endpoint forecast,True,50,-0.129983561347,0.465038655304,-0.0333121393585,0.138371485434,-2.23154091827e-05,0.0748473486892,6.76794153229,6.39259017347,0.0133137851787,-0.39251000479,2.33994490145,0.184997893654,0.262627941665,0.269495950105,0.250785884079,0.212202368437,4.65450501551,0.179134351928,0.697073058435,9.62239374041,3.92493223334e-08,0.00024139898826,9.17885928664,5.30086156513e-07,0.00105375400997,8.95658330869,9.91885085609e-07,0.00176420091343,8.1009250472,3.84997863156e-05,0.013465248451,9.66586909012,9.26623564813e-08,0.000334368792732,9.24535398081,1.97895302891e-07,0.000665677037969,8.22895250344,3.90174870287e-06,0.00763797962831,9.1947150193,1.8941004253e-07,0.000730127619124,8.93104492211,2.13278205582e-06,0.00218572143069,8.60131014418,3.97000819389e-06,0.00401316255621,8.03457422768,2.63115252294e-05,0.0153991641338,8.54025376609,3.21558893788e-06,0.00438926200141,4.73069030069,0.152631480138,0.369528991493,8.31595455754,2.93122736426e-05,0.0089177402126,9.11293910561,9.98301390423e-07,0.00139981901689,5.30538318201,0.0582497309126,0.32486884008,7.26202007569,0.000351159334257,0.0713993208524,8.69480719319,2.54895688666e-06,0.00327941211343,5.25102353603,0.0515967890246,0.167715573532
gradient,0,0.18,0.189999997616,predicted,Actual proposal support boundary; monitored coordinates are pre-native endpoint forecast,True,50,-0.129385523663,0.475870224184,-0.0309459827805,0.116938404999,-0.0230356913322,0.0783155997276,6.79808910568,6.39660547095,0.0302381072011,-0.382882006521,2.32745038718,0.183705508885,0.262372058156,0.269401544306,0.251472799306,0.210987587076,4.65294049729,0.18004240729,0.692285622128,9.63971361949,3.49499740639e-08,0.000225040289165,9.1265584754,7.37525174307e-07,0.00125284676441,8.95613992766,1.01345272751e-06,0.00177625737948,8.0682913714,4.22428189609e-05,0.0144444763737,9.65294012922,1.00195949017e-07,0.000350479723404,9.22135663077,2.38748965679e-07,0.000729500210524,8.2307491819,3.8275840028e-06,0.00758805671587,9.17505156876,2.109773726e-07,0.000781333836114,8.92480906983,2.2119470776e-06,0.00222516656845,8.59490344384,4.01353380486e-06,0.00407091071164,8.04303581443,2.54927237304e-05,0.0151136643078,8.55232909336,2.99567328873e-06,0.00423180481834,4.74008318481,0.150263111563,0.368386886194,8.29904960796,3.12050071294e-05,0.00922347444042,9.09038333898,1.13803843884e-06,0.00150219787563,5.31852245279,0.0571238565162,0.325860302854,7.25648397877,0.000356715338284,0.0721823908564,8.6424173921,3.33321273316e-06,0.00379825026203,5.23336644378,0.0527462263718,0.16749022415
gradient,0,0.19,0.199999988079,predicted,Actual proposal support boundary; monitored coordinates are pre-native endpoint forecast,True,50,-0.126723909397,0.473592954953,-0.0275365661049,0.102843371592,-0.0336200195813,0.0793887021669,6.76910624967,6.41777837387,0.0280845003599,-0.374793010473,2.32087423925,0.182823185598,0.262947562937,0.269554264119,0.252607484792,0.210129354595,4.6480070821,0.181559684088,0.69008512175,9.66222746764,3.06329236174e-08,0.00020720281972,9.1281606069,7.46640379569e-07,0.00125586549585,8.95628373301,1.02987820351e-06,0.00178243617736,8.0341834726,4.77378553294e-05,0.0154906931069,9.63322656291,1.11984298338e-07,0.000374773405534,9.21890961018,2.44979377425e-07,0.000736902976813,8.22959276577,3.8557177458e-06,0.00761813967136,9.16737552464,2.18241098937e-07,0.000799098969434,8.92271256854,2.2435828603e-06,0.002239156431,8.59038619423,4.08096622222e-06,0.00411574064781,8.04472579948,2.54086014069e-05,0.0150674370051,8.57172965047,2.70289842672e-06,0.00399773956047,4.74870285726,0.148355670801,0.36898033467,8.29707007826,3.17906164566e-05,0.00925576944033,9.07027101164,1.27293619698e-06,0.00159557281794,5.33893117462,0.055392920882,0.325885195763,7.24818867669,0.000368731399762,0.0731565883663,8.62217879065,3.6142937474e-06,0.00401453061428,5.22864241942,0.0531404015565,0.168174280826
gradient,0,0.2,0.209999993443,predicted,Actual proposal support boundary; monitored coordinates are pre-native endpoint forecast,True,50,-0.139231722833,0.475637817945,-0.0287633632088,0.0866787862396,-0.0383783313894,0.0794413687289,6.78271060577,6.4324381424,0.0662775018061,-0.349918233418,2.32867072651,0.181700492032,0.262834406248,0.269232987185,0.253798477868,0.208699660288,4.65081132062,0.182499823695,0.687516859434,9.68681674883,2.65866728814e-08,0.000189314276638,9.04543650031,1.25399022405e-06,0.00163878944297,8.96677408246,9.84024910508e-07,0.00173242062274,8.00568709849,5.25887571544e-05,0.0164446899935,9.63034841559,1.13892045744e-07,0.000378574602839,9.19572840756,3.0210477628e-07,0.000816523050252,8.22443272109,3.98595034252e-06,0.0077479928629,9.16473879036,2.19212857007e-07,0.000802909263144,8.93232382248,2.12992901737e-06,0.00217771584696,8.58395181518,3.96288751599e-06,0.00414551280775,8.03693186031,2.63946177617e-05,0.0153456055843,8.58293814849,2.55435860181e-06,0.00387070033874,4.76211218923,0.145922830572,0.371355653602,8.31457570061,2.81087990937e-05,0.00899160839843,9.05856751027,1.35041376651e-06,0.00164811510744,5.36175912021,0.0535768915343,0.325562906455,7.25804721169,0.000356855359742,0.0717773111906,8.5816823307,4.55885870578e-06,0.0044930642198,5.23445834239,0.0529702136489,0.169841955189
gradient,0,0.21,0.219999998808,predicted,Actual proposal support boundary; monitored coordinates are pre-native endpoint forecast,True,50,-0.126964473647,0.438695929342,-0.0201122902298,0.0763079204774,-0.0456517485046,0.0809823519494,6.789572545,6.44121060877,0.0521374214949,-0.349576385533,2.3542020017,0.180944136029,0.262574481171,0.268678627884,0.254073829884,0.208316899431,4.64961583916,0.184786871521,0.684760304471,9.70503521899,2.39617318604e-08,0.000177170042805,9.0332561698,1.36740878477e-06,0.00170849177543,8.96491581454,9.98710946416e-07,0.00174450596897,7.9887011123,5.512205104e-05,0.0170528485275,9.63989178229,1.08420407347e-07,0.000367449462755,9.17739436801,3.25477705143e-07,0.000862140030142,8.23048590309,3.91582001059e-06,0.00763503529402,9.16065374669,2.21962102792e-07,0.000809733286901,8.93503000975,2.1187931476e-06,0.00216464821174,8.58981841137,3.85517379915e-06,0.00407444561364,8.03055724874,2.71332847669e-05,0.0155771453146,8.59500524284,2.39064370673e-06,0.0037285485456,4.77208233617,0.144004233598,0.370705918225,8.32688533579,2.66813300305e-05,0.00879123867384,9.0543665489,1.38131111969e-06,0.00166802324256,5.37534332346,0.0524342142444,0.325291521455,7.24141434465,0.000380053080696,0.0738506002945,8.55566732366,5.0518197631e-06,0.00481381372055,5.23628009101,0.0528005604139,0.170817353817
gradient,0,0.22,0.229999989271,predicted,Actual proposal support boundary; monitored coordinates are pre-native endpoint forecast,True,50,-0.136816234323,0.439442679379,-0.0264239118958,0.0642211973286,-0.0558339727187,0.0807265076552,6.87084259093,6.44050769438,0.052900364496,-0.338580533683,2.40610617364,0.180525143009,0.261399225001,0.267399387999,0.25347235092,0.20828459611,4.66341397569,0.181650544692,0.683783568295,9.71144642822,2.30915149425e-08,0.000172808585385,8.96491904436,1.95138553214e-06,0.00206864485233,8.9564450267,1.03772309083e-06,0.00178635172514,7.97662184308,5.81212181153e-05,0.0174497867941,9.63188863697,1.13749499304e-07,0.000378208597956,9.1402294282,4.14424967251e-07,0.000981720309589,8.22285767633,4.06510775031e-06,0.00780898670611,9.16377145811,2.19608110888e-07,0.000803850736378,8.93756175262,2.08899385495e-06,0.0021474801974,8.59903239639,3.6045381909e-06,0.00395269730131,8.03117290946,2.71866568503e-05,0.0155597296536,8.60072827702,2.31424237506e-06,0.00366636451503,4.77287164366,0.143706176884,0.368969658859,8.32277742309,2.65352520271e-05,0.00887919487625,9.05146021092,1.41725996554e-06,0.00168931874028,5.37362867728,0.0526319594183,0.325820403875,7.24694219263,0.000371147972244,0.0731944633447,8.5104235222,6.56893725123e-06,0.00541310109932,5.23730349358,0.0528023458042,0.171017772149
gradient,0,0.23,0.239999994636,predicted,Actual proposal support boundary; monitored coordinates are pre-native endpoint forecast,True,50,-0.136583618745,0.422088545853,-0.0220394919777,0.056434111557,-0.0647432303691,0.0792465534459,6.86929136589,6.41415468277,0.0349209476259,-0.344578000467,2.4404820715,0.181187144088,0.26144524795,0.267460234872,0.254136377997,0.207631705662,4.65597818949,0.182289893055,0.683474426039,9.72901990093,2.07952712078e-08,0.000162002280196,8.98606539696,1.71939185106e-06,0.00194095783937,8.95980725887,1.02190065132e-06,0.00176881112688,7.97477086358,5.66630262976e-05,0.0176044792119,9.64476589565,1.06604921024e-07,0.000363654824533,9.13930940904,3.88891945508e-07,0.000963509361211,8.22501276837,4.05870323226e-06,0.00777382961047,9.16546776807,2.17160269901e-07,0.000797462609422,8.94271097348,2.0382497681e-06,0.00211825036902,8.61523561636,3.38874791904e-06,0.00378255593595,8.03407467424,2.69856391057e-05,0.0154612728983,8.60575109138,2.24660203117e-06,0.0036063229782,4.77277603076,0.143583610819,0.36755166884,8.32993906736,2.60573284923e-05,0.00874945889679,9.06459597943,1.33199900654e-06,0.00163140650459,5.38471254799,0.0517486067338,0.326480871596,7.23890564672,0.000378042882094,0.0744378805394,8.51148249732,6.23934970657e-06,0.00537288935488,5.24664805837,0.0521079570123,0.171754483778
gradient,0,0.24,0.25,predicted,Actual proposal support boundary; monitored coordinates are pre-native endpoint forecast,True,50,-0.140688535946,0.419471856542,-0.0156969056988,0.0665358447647,-0.0789373526239,0.0787378000325,6.83409566495,6.41374083751,0.0471035876389,-0.348199374784,2.45919273863,0.181199785668,0.263330581527,0.269255845469,0.25516187129,0.205316898988,4.64067875036,0.184068484417,0.682638100858,9.71830059573,2.25137780063e-08,0.000169468676474,8.95425933627,2.05163101894e-06,0.00212881191932,8.97146570833,9.66003953334e-07,0.00171054711401,7.96284947561,6.02677871517e-05,0.0179778470117,9.64872978576,1.04776688116e-07,0.000359852986075,9.12567417502,4.25130193894e-07,0.00101080969498,8.22949391136,3.92983063875e-06,0.00765356527526,9.15075980148,2.32940201964e-07,0.000835206620306,8.95178683631,2.00290537601e-06,0.0020889349379,8.63664089785,3.0839738258e-06,0.00357556788269,8.02911521733,2.78320664109e-05,0.0156357463789,8.5987958541,2.31602109448e-06,0.00367321111736,4.78003719683,0.142555191477,0.369134437167,8.34382829985,2.43554946825e-05,0.00853763853486,9.07410633745,1.26931836761e-06,0.00158867430614,5.39118734443,0.0512845402026,0.327285164274,7.23143917035,0.00038926609679,0.0753505736144,8.49440843801,6.9914458798e-06,0.00560957065258,5.24057763013,0.05277779475,0.171898155257
gradient,0,0.25,0.259999990463,predicted,Actual proposal support boundary; monitored coordinates are pre-native endpoint forecast,True,50,-0.142450297714,0.469253930225,-0.0095217727089,0.0641818439579,-0.0805233913922,0.0763652325798,6.8320645524,6.32671641329,0.068254906474,-0.3384218682,2.50773868854,0.182794649775,0.266127057792,0.270152564284,0.254359397769,0.204516883916,4.63915253233,0.18342900268,0.689626646337,9.75979154622,1.7858324454e-08,0.000145534081353,8.95646941343,2.02230585577e-06,0.00211153509438,8.98466328194,9.012245028e-07,0.00164325014827,7.98986714043,5.59169433692e-05,0.0169398794073,9.6664917555,9.5868087355e-08,0.000340957725007,9.12273988601,4.14909272287e-07,0.00101098325379,8.23238426233,3.85781447371e-06,0.00758173430678,9.1499697026,2.3659801313e-07,0.000839261457723,8.95051966764,2.04979170001e-06,0.00210811373466,8.65270758048,2.80720043743e-06,0.00340583189668,8.01046759598,3.04413623229e-05,0.0163119136492,8.5988262887,2.30547658754e-06,0.00366505031483,4.79749014611,0.139969969698,0.371708492517,8.35908467309,2.27990754316e-05,0.00828243175452,9.08137775111,1.23079115252e-06,0.00156063919163,5.41908240634,0.0491199622802,0.3281243114,7.2336763771,0.000377147749824,0.0755175147741,8.50741473022,6.84090903488e-06,0.00542293199806,5.28060858102,0.0504956328956,0.172479095753
gradient,0,0.26,0.269999980927,predicted,Actual proposal support boundary; monitored coordinates are pre-native endpoint forecast,True,50,-0.150148477973,0.480359092113,-0.020956038084,0.0791124939537,-0.0695885435009,0.0762339763662,6.93779242714,6.23968681736,0.112784478841,-0.317345512925,2.49275538554,0.182152202159,0.268178890764,0.270771466636,0.252738494119,0.204446059117,4.63726449444,0.181739856815,0.692062685095,9.74573439478,1.96163268805e-08,0.000153591911036,8.84701800511,3.49496954308e-06,0.00281788605105,8.9777839462,9.27658417424e-07,0.0016731170301,8.02279857395,5.27005357774e-05,0.0157616432662,9.67873535588,9.02343650384e-08,0.00032862403651,9.08219058266,5.75539373954e-07,0.00118704489461,8.22481483949,3.99573997465e-06,0.00775144434699,9.15689416038,2.32375850173e-07,0.00082770390071,8.95728877827,1.93106740089e-06,0.00205330674534,8.64991571614,2.74666741661e-06,0.00341192725097,8.00479621952,3.12201072649e-05,0.016515547227,8.58560942409,2.45181624382e-06,0.0038000878898,4.80118819411,0.139982362367,0.376304795923,8.35401658541,2.17686132874e-05,0.00837595759357,9.09018628018,1.18435117111e-06,0.00152665519955,5.40221448602,0.0504177686791,0.331265056375,7.27450732534,0.000318927083895,0.0705470116532,8.46727049757,9.79814511174e-06,0.0060770850123,5.27936041758,0.0506292797888,0.170695959392
gradient,0,0.27,0.280000001192,predicted,Actual proposal support boundary; monitored coordinates are pre-native endpoint forecast,True,50,-0.153343684604,0.466370649329,-0.0285077296162,0.0933935856438,-0.0472995937133,0.0767420314743,7.00591868259,6.15460114242,0.147794217494,-0.297703100672,2.45576731716,0.182793212216,0.267857951623,0.270555338179,0.251465467373,0.206641250566,4.64515673199,0.181095972354,0.696122386804,9.72215497821,2.31097445223e-08,0.00016876464622,8.818684355,3.97154253181e-06,0.00301749555978,8.96855806062,9.61655886083e-07,0.00171431883624,8.06528442187,4.68465146348e-05,0.0144906759891,9.67988611093,9.0016722027e-08,0.000328114989991,9.07561017189,6.50737215545e-07,0.00123965730643,8.22528331047,3.99133370863e-06,0.00773979330442,9.167002591,2.23857645626e-07,0.000806295992075,8.97445363637,1.72220245141e-06,0.00194118727192,8.64476745776,2.56537929279e-06,0.00340546816494,7.9935684762,3.2463229392e-05,0.0169305613085,8.56655521721,2.68420953987e-06,0.00401330152209,4.80696876368,0.139323015184,0.380326669981,8.37520998546,1.91707980381e-05,0.00799058823274,9.08122640918,1.24872620758e-06,0.00157075466485,5.38292642278,0.0520237969246,0.331983545313,7.310538312,0.000274461193556,0.0662832501836,8.46410315863,1.13698993627e-05,0.00618230182442,5.28087106204,0.0504680727205,0.168618989444
gradient,0,0.28,0.289999991655,predicted,Actual proposal support boundary; monitored coordinates are pre-native endpoint forecast,True,50,-0.150514510702,0.437994707408,-0.0230896459484,0.10660492178,-0.0272860187554,0.0792000258397,7.05953587722,6.09989906582,0.157687658554,-0.289022704292,2.40706475521,0.182507871273,0.267045460528,0.272342219413,0.252263773762,0.205456610143,4.63196300304,0.185591095038,0.692472525737,9.70971848355,2.48994012645e-08,0.000176043959911,8.81698127184,3.88136721853e-06,0.00300448005509,8.9667732913,9.64847997874e-07,0.0017223124268,8.09710053311,4.16514754396e-05,0.0136572246766,9.67657637423,9.15814559717e-08,0.000331569571167,9.07506911218,6.49407385259e-07,0.00123955886878,8.23893242444,3.7098754733e-06,0.00743152194424,9.17140699635,2.1923958616e-07,0.000795993059367,8.94871512494,1.90654237158e-06,0.00207093692548,8.64614677376,2.46039265284e-06,0.00338150601727,7.98386724879,3.36446380255e-05,0.0172931459799,8.54145548479,3.04480794471e-06,0.00431738541055,4.81467364032,0.138042331747,0.385484485638,8.35336049458,2.07223373787e-05,0.00833320529287,9.06011629449,1.38774419613e-06,0.00166566496792,5.35685330382,0.0541028443587,0.330640977956,7.31926380121,0.000267114330967,0.0651552968211,8.47488136583,1.14747182616e-05,0.00604627178839,5.28730547352,0.0499258435651,0.166897117028
gradient,0,0.29,0.299999982119,predicted,Actual proposal support boundary; monitored coordinates are pre-native endpoint forecast,True,50,-0.151940629263,0.459821167008,-0.0280778013134,0.102678068242,-0.0119449854159,0.0806439076026,7.07911164144,6.06962169467,0.144560588311,-0.284812099861,2.34701173642,0.180960845784,0.267418471054,0.273949325186,0.253862811847,0.203672592724,4.63107519114,0.188443817742,0.688115161789,9.6986700015,2.62799290846e-08,0.00018300346141,8.83667597782,3.37559106564e-06,0.00282747382654,8.9586462439,1.01029172474e-06,0.00176729106944,8.10435431834,4.11245656111e-05,0.0134754721324,9.67185100504,9.3692385307e-08,0.000336205033876,9.08379367891,5.81431198991e-07,0.00119163095169,8.23761237375,3.7220424463e-06,0.00745718605555,9.18111868069,2.12040014292e-07,0.000778821828322,8.92129622075,2.07052609722e-06,0.00220462475217,8.62561732254,2.76132668475e-06,0.00360362139434,7.99127123724,3.25932945309e-05,0.0170127367324,8.54576386815,3.0086093241e-06,0.00427694173831,4.81087595394,0.138543847503,0.389340358775,8.31706970314,2.34888007744e-05,0.00897379531011,9.04990326513,1.458763716e-06,0.00171300601389,5.34909826925,0.0547756097805,0.329965388746,7.32218807418,0.000271701753179,0.0643996184439,8.49492805576,1.00172634226e-05,0.00579157101621,5.27657439352,0.0504742695285,0.163043422646
gradient,0,0.3,0.310000002384,predicted,Actual proposal support boundary; monitored coordinates are pre-native endpoint forecast,True,50,-0.172306764411,0.505799214592,-0.0326079998875,0.0989794438696,-0.00995556923389,0.0810465582305,7.09698532184,6.02655588642,0.122813545426,-0.280395926218,2.2972781503,0.180456466901,0.266596862264,0.275422218413,0.253878369479,0.203508521365,4.63420565227,0.188054879376,0.688462819934,9.68631439965,2.74415328327e-08,0.000189924139735,8.8392443938,3.27524311781e-06,0.00280044629567,8.95598264413,1.02929677503e-06,0.00178341723469,8.14369440767,3.44221906364e-05,0.0124277572441,9.67803029947,9.05945887024e-08,0.000329407329331,9.08416360164,5.77714321015e-07,0.00118866540631,8.23230631111,3.80901045315e-06,0.00756956793535,9.20222073293,1.9140688565e-07,0.000727655015294,8.90721268162,2.15287842065e-06,0.00227426013574,8.61982976411,2.77535582892e-06,0.00366861286473,8.00417080274,3.09429087131e-05,0.0165337925238,8.54844016276,2.93924591716e-06,0.00423317036681,4.80356668634,0.139602279968,0.388838189881,8.30974582469,2.31827793796e-05,0.00913148190116,9.04874665936,1.46898952804e-06,0.00171921166577,5.32684995898,0.0566713891635,0.330859006948,7.3118720996,0.000292139394282,0.0651427252776,8.51149103642,9.27806765941e-06,0.00554888155084,5.28008478956,0.0499383292305,0.162809654321
gradient,0,0.31,0.319999992847,predicted,Actual proposal support boundary; monitored coordinates are pre-native endpoint forecast,True,50,-0.163227743498,0.501699377797,-0.0353114233875,0.12120675262,0.00193368938923,0.0808225139794,7.09981059465,6.0098389265,0.129637321124,-0.289734971719,2.2408526915,0.181583939681,0.267310683783,0.274001148122,0.254905120201,0.202395751882,4.62267952624,0.189929366805,0.686501141365,9.6620792381,3.12521284562e-08,0.000206607969441,8.8229704748,3.54326497773e-06,0.00292260650213,8.95078394303,1.0529175991e-06,0.0018078667611,8.17625353387,3.01761019002e-05,0.0116424404363,9.67416073165,9.24726189643e-08,0.000333552854008,9.09181217623,5.82499152028e-07,0.00117822714921,8.23351213712,3.81067804054e-06,0.00754113373844,9.19142798896,2.04667773404e-07,0.000756698214373,8.88519663972,2.38578440405e-06,0.00241619436857,8.62399215468,2.71436789097e-06,0.00363384946595,8.0055850576,3.07973541826e-05,0.016470694946,8.53459817396,3.19693282048e-06,0.00440995018963,4.79599505695,0.141349126333,0.391090603883,8.29322937569,2.37021176738e-05,0.0094894742293,9.05259026161,1.44588285168e-06,0.00170409570015,5.31130604066,0.0577927050449,0.331935525421,7.3343705492,0.00026493702853,0.062722663885,8.54538136962,8.33773497591e-06,0.00513810536639,5.26820083835,0.0508652088229,0.163459634937
gradient,0,0.32,0.329999983311,predicted,Actual proposal support boundary; monitored coordinates are pre-native endpoint forecast,True,50,-0.167463002489,0.521691542233,-0.0287241099739,0.145047523341,0.000200972828866,0.0767755040823,7.17082959311,6.0489659063,0.119566349929,-0.296520906837,2.26153692127,0.181340496222,0.266168548611,0.272420028734,0.253451232057,0.20249109938,4.5896308868,0.190522652061,0.681595726904,9.63262943396,3.61114464244e-08,0.000227248720112,8.7956315858,4.0880707717e-06,0.00313839208785,8.96364943235,9.59877926686e-07,0.00173042541884,8.18313288758,2.89854781177e-05,0.0114439438778,9.67031418078,9.43262042951e-08,0.000337600186331,9.06430297091,6.53636873714e-07,0.00126941018962,8.24043856534,3.72234119578e-06,0.00741756925464,9.17602748057,2.20327282232e-07,0.000796298109961,8.87360469272,2.46560789028e-06,0.00248087265867,8.65023536039,2.4953190719e-06,0.00342513917948,7.99750558515,3.24544675956e-05,0.0167443290258,8.50865516315,3.60287522695e-06,0.00473364128562,4.78965615991,0.143671149395,0.390152472431,8.29257868905,2.22040410674e-05,0.0095648902747,9.05872467715,1.40191450492e-06,0.00167444002121,5.28673797767,0.059993622057,0.333224369395,7.33542517522,0.000263521246054,0.0627209074199,8.54013943161,7.95288440785e-06,0.00518204481817,5.25251875399,0.0520918910902,0.16400729069
gradient,0,0.33,0.340000003576,predicted,Actual proposal support boundary; monitored coordinates are pre-native endpoint forecast,True,50,-0.167691583653,0.502329541797,-0.0188999758625,0.15565030273,-0.0226710140967,0.0726714479529,7.26572532717,6.0220776698,0.105178628139,-0.287400867299,2.25869201748,0.181510495088,0.265932014876,0.268783430055,0.251891699898,0.20430657378,4.62617338223,0.186828728118,0.684724803791,9.58493587255,4.59487651219e-08,0.000267830662719,8.78750872882,4.23783564423e-06,0.0032027774409,8.96726713843,9.38289484847e-07,0.00170852099621,8.20869029027,2.63157959303e-05,0.0108260176188,9.69276122802,8.40659283759e-08,0.000314765960961,9.04351369695,7.48933371355e-07,0.00136177097243,8.23795953838,3.70541762954e-06,0.00744816386572,9.17641439545,2.23670576817e-07,0.000797032570478,8.86112398217,2.5764235783e-06,0.00255102307027,8.67156794754,2.23047023738e-06,0.00323132567224,7.97416901486,3.53654253716e-05,0.0176576151298,8.49195212466,3.85507574341e-06,0.00493186986675,4.8125913424,0.138706808416,0.385102734145,8.28796861677,2.23947815286e-05,0.0096650215756,9.0924225034,1.18091961427e-06,0.00152403854905,5.25390465558,0.0628052557059,0.333822129068,7.32601678539,0.000265246619206,0.064230737231,8.54035107803,8.23194678716e-06,0.00518529057278,5.22540270537,0.0532760205068,0.16281095631
gradient,0,0.34,0.34999999404,predicted,Actual proposal support boundary; monitored coordinates are pre-native endpoint forecast,True,50,-0.17282701419,0.502841401995,-0.0188345967197,0.169687698743,-0.00420493247747,0.0766166570935,7.36870061727,6.04466097589,0.0867502810899,-0.303246569077,2.33579011201,0.179743204653,0.26447882905,0.267726699449,0.251169377432,0.20337371424,4.60628934081,0.188165335218,0.678196570255,9.58087075411,4.83422210029e-08,0.000272293146882,8.7659671615,4.66763834684e-06,0.00337232083975,8.92915580047,1.12632736681e-06,0.00190284332314,8.17724836831,3.15594222318e-05,0.0116395159346,9.68249062125,8.8911463819e-08,0.000325668749384,9.02981526303,7.73645948666e-07,0.0014038313013,8.25253814318,3.55252448989e-06,0.0071697283717,9.18054408081,2.18865787871e-07,0.000787989135548,8.85652605533,2.63016380394e-06,0.00258333685756,8.68013030561,2.20270577126e-06,0.00317223880729,7.97411526235,3.49656329882e-05,0.0176394447571,8.46176536103,4.55393832386e-06,0.00539571463922,4.80064307733,0.141115582994,0.38486308563,8.28149023551,2.26707180477e-05,0.00980925333061,9.07113682559,1.33644754309e-06,0.00162810070743,5.24193138112,0.0638872117457,0.333351459259,7.32972170654,0.000261498171539,0.0638718190711,8.52024506296,8.78079076439e-06,0.0054483780908,5.22770752805,0.0532319889326,0.160810211571
gradient,0,0.35,0.359999984503,predicted,Actual proposal support boundary; monitored coordinates are pre-native endpoint forecast,True,50,-0.166521415099,0.494131660601,-0.0282745741272,0.172774218581,-0.044932381537,0.0771053960576,7.36816741089,6.09664679128,0.110002833611,-0.276456774758,2.37224946688,0.180266527057,0.264098723941,0.26483339149,0.24952503523,0.206331556858,4.67497017802,0.176921597285,0.685025726284,9.58598983533,4.59447655602e-08,0.00026517710213,8.76894300663,4.59442073962e-06,0.00334832283175,8.91765478667,1.20032106515e-06,0.0019705573442,8.18561584833,2.89485861202e-05,0.0113560786617,9.67538694524,9.28893429745e-08,0.000334402699802,9.03799985818,7.61579247867e-07,0.00137937627758,8.20826349954,4.45620064866e-06,0.00815668942887,9.17400058631,2.23268786321e-07,0.000802251860048,8.87037337075,2.50475727355e-06,0.00249866335024,8.67948859231,2.11298525054e-06,0.0031606869898,7.96056974561,3.66219788525e-05,0.0182031366354,8.46965936136,4.30653024278e-06,0.00525043668641,4.82077711488,0.13664157058,0.378760870967,8.29597903631,2.18227979172e-05,0.00949020513548,9.07568593099,1.31174854952e-06,0.00161214469895,5.23875414726,0.0641064284422,0.33657932378,7.33903418483,0.000250440343058,0.0627082085424,8.5130825315,9.5160653683e-06,0.00552765540961,5.22423761455,0.0538772383125,0.163883840312
gradient,0,0.36,0.370000004768,predicted,Actual proposal support boundary; monitored coordinates are pre-native endpoint forecast,True,50,-0.172305973988,0.502311440552,-0.0240548942947,0.16814135488,-0.00998016836882,0.0811192061405,7.40957037526,6.10532261283,0.0997603733475,-0.309081916327,2.43447583395,0.181156596087,0.261491572246,0.265054154439,0.251433310473,0.203262567296,4.64810251335,0.182601061846,0.680188777311,9.60605876389,4.29090268244e-08,0.000251137600301,8.75878809119,4.79525424477e-06,0.00342821390516,8.88790097331,1.39252144688e-06,0.00214383480564,8.15263753201,3.41982684639e-05,0.0122646063213,9.65959365846,1.00870038174e-07,0.000351551465336,9.03732802165,7.60031010544e-07,0.00138101214488,8.24427265679,3.66248612929e-06,0.00733092508768,9.16231331019,2.46196663728e-07,0.000841267367629,8.86772913451,2.5471680156e-06,0.00251937910341,8.68073693349,2.09064581176e-06,0.00312817975928,7.96421198197,3.52491834217e-05,0.0180458902256,8.46548690122,4.45794127056e-06,0.00533422775254,4.80962661792,0.138297207002,0.383866148085,8.29444670007,2.18735188865e-05,0.00952281629896,9.05996222147,1.42789958156e-06,0.00168747454066,5.27115250825,0.0615159294058,0.336311613955,7.34115215786,0.000247190950631,0.0625243112724,8.50669949646,9.85463629882e-06,0.00562072385761,5.23210228212,0.0529334443435,0.161989829646
gradient,0,0.37,0.379999995232,predicted,Actual proposal support boundary; monitored coordinates are pre-native endpoint forecast,True,50,-0.17330326436,0.501420038864,-0.0173098944092,0.178843913934,-0.0043790945673,0.0882350521165,7.46141444307,6.09703188207,0.079094792698,-0.335649854082,2.60428635981,0.180644622843,0.260445644962,0.264695751074,0.250877762913,0.202703904331,4.64478400794,0.182553879527,0.679490994682,9.61456173295,3.96689115421e-08,0.000241552414666,8.77317486786,4.47615911857e-06,0.00330718733416,8.85585639396,1.61847166715e-06,0.00234104822635,8.15478714605,3.41138273129e-05,0.0121958169369,9.67126709691,9.52772766004e-08,0.000339573037853,9.03940276259,7.23376286302e-07,0.00135123111797,8.27818374816,2.99443442072e-06,0.00657880914449,9.15313094135,2.649225205e-07,0.000878345618138,8.902862737,2.20165498116e-06,0.00231039811507,8.6951289582,1.95714372582e-06,0.00301643714727,7.95648727512,3.5314608735e-05,0.018360019758,8.45642145376,4.58153419485e-06,0.00544993427097,4.81073659963,0.138492295717,0.38557009608,8.33755595985,1.86444263997e-05,0.00867535138179,9.06492748985,1.39769455494e-06,0.00166702611271,5.26062783644,0.0624092068888,0.334423376289,7.30158322404,0.000296962709905,0.0668326418235,8.47735672144,1.09930436899e-05,0.00597473825094,5.24337458411,0.0519902608059,0.156105286011
gradient,0,0.38,0.389999985695,predicted,Actual proposal support boundary; monitored coordinates are pre-native endpoint forecast,True,50,-0.176267799174,0.501919213117,-0.0195588122273,0.205850298963,-0.0213196853065,0.0927287971222,7.46169603152,6.12527968985,0.0600174748507,-0.354336298862,2.67957841564,0.181801278969,0.261119602767,0.26320660028,0.248491283893,0.203898954147,4.67661979461,0.175902913362,0.683477181377,9.61571351303,3.87866014412e-08,0.000237853519164,8.76565039173,4.69668453837e-06,0.00338128434691,8.82547673885,1.87507140847e-06,0.00254663270244,8.19891735739,2.67967246782e-05,0.0110690268366,9.6732431793,9.44731035975e-08,0.000337828978988,9.03833718609,7.04047354198e-07,0.00134295463573,8.26969021499,3.14772088437e-06,0.00673439595389,9.17304934857,2.28776056085e-07,0.000808129466001,8.91819038852,2.07419124596e-06,0.00222954823346,8.7092418373,1.801146049e-06,0.00291350344331,7.96160485819,3.38101412659e-05,0.0181525517563,8.44108997173,4.91436002065e-06,0.00567948383551,4.80087691397,0.139969229647,0.380535681648,8.36392560372,1.62825318965e-05,0.00821089311381,9.06010454266,1.44947627221e-06,0.00169924391389,5.23998415778,0.0642662668661,0.337133385632,7.27937718751,0.000332122333739,0.069065018699,8.47003615521,1.11478732479e-05,0.00607350779267,5.26698318386,0.0510062571931,0.159568831201
gradient,0,0.39,0.399999976158,predicted,Actual proposal support boundary; monitored coordinates are pre-native endpoint forecast,True,50,-0.180197335183,0.550780244197,-0.025352288332,0.21554225739,-0.0260394791031,0.0956343851196,7.49325256181,6.10369842874,0.0543207750902,-0.366512317438,2.70624426962,0.181731526922,0.261503700137,0.262510665678,0.248341933847,0.203933738635,4.69735283959,0.171804574874,0.68554932268,9.61060781658,4.17018928012e-08,0.000244132881988,8.76588247775,4.69969169128e-06,0.00338082859518,8.80796439197,2.02981027713e-06,0.00266922292756,8.2254160474,2.29093250331e-05,0.0104329401083,9.6833580217,8.97294244283e-08,0.000327414210416,9.03880758783,6.9930493603e-07,0.00133946259136,8.26742445725,3.18626762507e-06,0.00676944566929,9.18766521368,2.08153232048e-07,0.000762463149016,8.92672617456,1.99784734643e-06,0.00218296819551,8.7081765822,1.78974793888e-06,0.00291640130287,7.96890349102,3.25116396024e-05,0.0178538768384,8.41702298293,5.58998234983e-06,0.00608553998721,4.79310601974,0.141148087295,0.379261598002,8.37462524982,1.54716398279e-05,0.00802241215033,9.05886466284,1.47264974682e-06,0.00171246734121,5.21448674409,0.0665552589202,0.337696383696,7.27331368501,0.000343935910688,0.0696201072388,8.4637465633,1.13900272165e-05,0.00615841059182,5.29967582589,0.0488776830258,0.163680544943
gradient,0,0.4,0.409999996424,predicted,Actual proposal support boundary; monitored coordinates are pre-native endpoint forecast,True,50,-0.17404905495,0.448814432563,-0.0348442362213,0.236735072992,-0.0538660586143,0.0956514119987,7.59296357222,6.15690542895,0.0431633031869,-0.379636532036,2.7586836568,0.179036371188,0.260795570338,0.260094329915,0.248418290077,0.204040641319,4.7268221801,0.16519959815,0.680299710003,9.57961838051,5.11535559404e-08,0.000272839914013,8.76590795835,4.69590790024e-06,0.00337589149733,8.773536226,2.393755792e-06,0.00292715519713,8.14998643026,3.33192254696e-05,0.0121735852023,9.71324231965,7.7028495092e-08,0.00029833223923,9.01063336266,8.18935720859e-07,0.00146143478251,8.2599804026,3.27307192774e-06,0.00689439441986,9.18109253172,2.05298276284e-07,0.00076899656737,8.92784171073,1.96904039034e-06,0.00217365889008,8.72390508272,1.66215726927e-06,0.00278561612575,7.97752640321,3.07218147401e-05,0.017508651561,8.38701136638,6.5529941653e-06,0.00658780138676,4.78543791959,0.142185909674,0.37736415085,8.38647482017,1.42880738227e-05,0.00782700458614,9.07877064977,1.35638790671e-06,0.00163334484986,5.18244124477,0.0694045029229,0.342357381082,7.28882155442,0.000322778564593,0.0678373464289,8.43799649757,1.17480478663e-05,0.0065162655285,5.28796931793,0.050640208296,0.166009648587
gradient,0,0.41,0.419999986887,predicted,Actual proposal support boundary; monitored coordinates are pre-native endpoint forecast,True,50,-0.167692816486,0.489290548418,-0.0339437232876,0.255217636487,-0.0729896244669,0.0946423959244,7.68874456398,6.0710637499,0.0473255286324,-0.359378815244,2.71436256406,0.180071613923,0.259722302236,0.260448287435,0.247677628625,0.203052926324,4.72768543303,0.164443645494,0.676059052929,9.54735472276,5.79046607794e-08,0.00029712475985,8.73829837381,5.35567786269e-06,0.00361142659007,8.77274665994,2.407838916e-06,0.00293312447415,8.2596156709,1.73828408611e-05,0.00960414725322,9.74949810974,6.38689502608e-08,0.000266021212357,8.98761040853,8.85887594479e-07,0.00154406158291,8.25412263267,3.47967356893e-06,0.00703548695878,9.19752438794,1.82790565898e-07,0.000719913012583,8.93343196603,1.91818588239e-06,0.00214214684642,8.73936054185,1.52363049638e-06,0.00266445336503,7.97535769751,3.10957603997e-05,0.0175991860219,8.35288241036,7.5999756695e-06,0.00717125307376,4.79558814624,0.140220911101,0.377418123388,8.39201723985,1.35900250112e-05,0.00774417901674,9.08968514534,1.29685385539e-06,0.00159138332965,5.14574911306,0.0731988462771,0.351013750257,7.29109731861,0.000333071521146,0.0667747357798,8.41244507959,1.26514749024e-05,0.00688614023312,5.28910346158,0.0510256851273,0.168744148809
gradient,0,0.42,0.42999997735,predicted,Actual proposal support boundary; monitored coordinates are pre-native endpoint forecast,True,50,-0.172386548437,0.493844265827,-0.0367492519283,0.253917303643,-0.0903258830571,0.0967266365467,7.78226714718,6.02325607645,0.0545358839585,-0.36176723477,2.69499852911,0.179114434731,0.261257789274,0.259494230512,0.246640489587,0.203504534509,4.74280048741,0.160844091586,0.677041614217,9.54646303603,5.40422097045e-08,0.000292782511926,8.70171323704,6.2956831489e-06,0.00393225083304,8.76292447492,2.54302155307e-06,0.0030148413724,8.27162660077,1.65347478357e-05,0.00928875620074,9.79388890941,5.04886395785e-08,0.000230229845831,8.95479175704,1.0179092277e-06,0.00169518112687,8.24739284026,3.55307158485e-06,0.00717630590162,9.1888928725,1.92736857043e-07,0.000740167279119,8.9028904688,2.22549630096e-06,0.00232347066122,8.73972034707,1.48258215872e-06,0.00264746648273,7.98005632137,3.03431260268e-05,0.0174155379574,8.34951772954,7.55916748233e-06,0.00720977998457,4.79981076437,0.139219235981,0.377359579667,8.35541168678,1.5887155699e-05,0.0083968039656,9.10502692775,1.21051768916e-06,0.00153038695522,5.1475291148,0.0736387919884,0.354813958432,7.29924413093,0.000321004506122,0.0659499406058,8.38646859707,1.40927587813e-05,0.00736279325242,5.2754186941,0.0511173860371,0.171048314847
gradient,0,0.43,0.439999997616,predicted,Actual proposal support boundary; monitored coordinates are pre-native endpoint forecast,True,50,-0.178297148546,0.485953568268,-0.0376472006702,0.252634032331,-0.112718970653,0.0988967521552,7.80788812337,6.00520741696,0.0551402821506,-0.363807296553,2.67572688627,0.178763668413,0.260561626132,0.259261087719,0.246865577186,0.203502871182,4.74606500694,0.159878598554,0.67457430848,9.52181130159,6.14800363155e-08,0.000318550101489,8.70269544075,6.26520458096e-06,0.00392123732428,8.75222826651,2.69769399454e-06,0.00310549240486,8.26036598617,1.69868074197e-05,0.00951372976531,9.82546243579,4.27124704494e-08,0.000207635700803,8.94945334625,1.03874203272e-06,0.00171707538547,8.24546846946,3.54112654601e-06,0.00720404473318,9.16831475602,2.19149959793e-07,0.00079857744817,8.90572334343,2.19455373059e-06,0.00230589110842,8.74704411153,1.41282031884e-06,0.00258537797572,7.99163262785,2.86307295135e-05,0.016966393156,8.34148471492,7.79337703875e-06,0.00734477857955,4.79877514989,0.138645458086,0.375163317343,8.36397103185,1.52107934237e-05,0.0082419147026,9.11025709439,1.19094092329e-06,0.00151493832671,5.14955063823,0.0738897259251,0.357740784957,7.30522629327,0.000310119640737,0.0654281724048,8.37779295744,1.43173753696e-05,0.00749322496597,5.24272544347,0.0532073397327,0.169812037344
gradient,0,0.44,0.449999988079,predicted,Actual proposal support boundary; monitored coordinates are pre-native endpoint forecast,True,50,-0.17709924351,0.504232069705,-0.0285489688778,0.261587972007,-0.116655151274,0.10153921057,7.84980444894,5.94029885361,0.0727001044102,-0.369915707479,2.61587523509,0.179806695312,0.260470322155,0.258755955922,0.246220976469,0.204327199928,4.74314161004,0.160608661086,0.675518880736,9.50887683425,6.62806915715e-08,0.000331323784169,8.70698760189,6.17496976656e-06,0.00388491883256,8.74439294204,2.82714070328e-06,0.00317579575132,8.31781166461,1.24276681969e-05,0.00829974050879,9.84460205472,3.86102167471e-08,0.0001950390755,8.95556856846,1.00819822789e-06,0.00168808497418,8.2547547306,3.40867553707e-06,0.00701157871676,9.16218019214,2.2522362264e-07,0.000809399564382,8.8927834873,2.31248979335e-06,0.00238004195475,8.74487414763,1.4387006986e-06,0.00260920562661,7.9872306233,2.90743982112e-05,0.017140493379,8.30680730898,9.17093646172e-06,0.00802726799506,4.80972054402,0.136343666683,0.372902884393,8.35486368202,1.56096097213e-05,0.00841694158176,9.11281725415,1.18343950273e-06,0.00150838226388,5.15025942264,0.0742060457793,0.361453529778,7.31175176364,0.000296329306447,0.0649821003699,8.39278535945,1.32141348215e-05,0.00726880677294,5.25428812886,0.0525050121725,0.171824626353
gradient,0,0.45,0.459999978542,predicted,Actual proposal support boundary; monitored coordinates are pre-native endpoint forecast,True,50,-0.17447835914,0.503611407166,-0.0243690179253,0.267748851738,-0.121788907077,0.101863532064,7.85446655324,5.89766463648,0.0899152014275,-0.374280979327,2.58681866479,0.180579660144,0.261248447376,0.258803602037,0.246285771748,0.204587090525,4.74478169217,0.160670878515,0.677161315143,9.50549759456,6.79152080992e-08,0.000336193955934,8.7131228765,6.01396489567e-06,0.00383037963001,8.74487642501,2.82421308308e-06,0.0031722943638,8.31856196242,1.26944074368e-05,0.00830234509704,9.86431585552,3.47657816756e-08,0.000182739178404,8.95710308111,1.01840829135e-06,0.00168956272385,8.25816552616,3.31756747592e-06,0.00693293616915,9.15227030042,2.36964787315e-07,0.000835719511223,8.89426692955,2.27641134213e-06,0.00236588226715,8.73808279725,1.51233236263e-06,0.00266926835835,7.98198930299,2.97245435116e-05,0.0173510305081,8.29358465076,9.79172627828e-06,0.00828787679881,4.81975364118,0.134415659049,0.373422574198,8.35300968425,1.56783519022e-05,0.00845332129187,9.12051344365,1.14490034588e-06,0.00147984182513,5.15407245657,0.0739520907282,0.36327590888,7.31625103987,0.000288247435425,0.0646067138871,8.40196026194,1.27594761622e-05,0.00712754331889,5.2595973336,0.0519042291747,0.173200272399
gradient,0,0.46,0.469999998808,predicted,Actual proposal support boundary; monitored coordinates are pre-native endpoint forecast,True,50,-0.179606100753,0.50323095788,-0.0295506750011,0.268847570381,-0.127413845387,0.100559764859,7.86983397264,5.83087982591,0.0989825389009,-0.367472140272,2.59517213501,0.180725555256,0.262243459288,0.259697258296,0.246976453473,0.203895216175,4.75282566896,0.159402232297,0.677827686508,9.53097008995,6.02912331065e-08,0.000308080663888,8.71257966798,6.00139358317e-06,0.00383170234026,8.74166610219,2.86558699377e-06,0.00319687795573,8.2842753836,1.63224514313e-05,0.00901504018077,9.88951230453,3.04116656698e-08,0.00016812963834,8.95931147719,1.03474841911e-06,0.00168967262994,8.25187804553,3.39818556699e-06,0.00705401942107,9.17230320148,2.01831856701e-07,0.000773936095052,8.89986022609,2.20444817846e-06,0.00232826630933,8.72794300077,1.61649427977e-06,0.00275375605072,7.98347414804,2.96514365651e-05,0.0172939621945,8.28379930723,1.04316926661e-05,0.00850855890115,4.82435190024,0.133541158393,0.374313735526,8.34720859825,1.61122038341e-05,0.00856066144649,9.13807144685,1.0574072389e-06,0.00141416419507,5.14023289465,0.0752323058346,0.362886625134,7.32097929539,0.000281864732943,0.0641424030683,8.40677091025,1.25936327036e-05,0.00703292524223,5.31366925111,0.0495209877996,0.175535081709
gradient,0,0.47,0.479999989271,predicted,Actual proposal support boundary; monitored coordinates are pre-native endpoint forecast,True,50,-0.181292779758,0.510825713809,-0.0383893667126,0.292159271202,-0.118871230211,0.0938814431265,8.08558361846,5.61557188274,0.10400793291,-0.309869856451,2.50278034571,0.17825292345,0.262244619684,0.259893206974,0.247297388072,0.204002955937,4.76311126857,0.157077453338,0.674766861342,9.50491072002,5.25525299395e-08,0.000302015740901,8.7095182316,6.09434380662e-06,0.00385696069453,8.75528248905,2.6660585229e-06,0.00307661958193,8.44016329367,6.36649841774e-06,0.00612068329375,9.9211659817,2.55970973712e-08,0.000150972396311,8.95113943523,1.04975357213e-06,0.00171779032951,8.24247150368,3.76124423942e-06,0.00729476372032,9.27640252665,1.20905286046e-07,0.000542134688646,8.88538215603,2.33147582806e-06,0.00241065983219,8.71991753938,1.68097387673e-06,0.00281716311565,7.9817650327,3.02907267805e-05,0.0173567174501,8.16546816954,1.80425754016e-05,0.0115093674133,4.83476921102,0.131618946552,0.37338062725,8.33022646478,1.71036612396e-05,0.0088927936227,9.14447874481,1.03219101057e-06,0.00139398356531,4.96594020195,0.0919905754559,0.354959815582,7.33341271585,0.000277146937034,0.0624216189684,8.40171823467,1.21385867861e-05,0.00711543383963,5.41738032328,0.0418237850034,0.184398774532
gradient,0,0.48,0.489999979734,predicted,Actual proposal support boundary; monitored coordinates are pre-native endpoint forecast,True,50,-0.187383088337,0.535862840746,-0.0409034763241,0.29063129451,-0.130117087688,0.092550718337,8.13460175199,5.58405743846,0.0692739491457,-0.288635789125,2.59303594505,0.17735617585,0.262687141249,0.261007491635,0.24737419411,0.203534889637,4.76628872485,0.155535620892,0.671297933269,9.56821641187,3.68431699271e-08,0.000238152040435,8.71859761772,5.8444789378e-06,0.00377379793338,8.74836438392,2.74316576593e-06,0.00312841046508,8.38346639606,8.04622395279e-06,0.00711242648574,9.94295080352,2.27231046363e-08,0.000140119760782,8.92738362296,1.17660436447e-06,0.00183453900243,8.23261351225,3.94283155562e-06,0.00751787269111,9.29938088791,1.05020669595e-07,0.000501136832529,8.8867709716,2.2760322829e-06,0.00239340771626,8.73106785164,1.59354255037e-06,0.002727829447,7.98227096059,3.00363946921e-05,0.0173247408796,8.16960098428,1.80967320781e-05,0.0113901197315,4.84087753438,0.130166533248,0.374381375628,8.34189225759,1.59459899247e-05,0.00867895566348,9.13452375143,1.09210150142e-06,0.00143790264692,4.92907777748,0.0946213556775,0.353798795196,7.32162570069,0.000295136873458,0.0634638010553,8.38520880143,1.22894190451e-05,0.0073469402964,5.48578812111,0.0388542476362,0.187015916669
gradient,0,0.49,0.5,predicted,Actual proposal support boundary; monitored coordinates are pre-native endpoint forecast,True,50,-0.181915148651,0.544151409518,-0.0434985958004,0.297924709282,-0.150735913541,0.0986853899197,8.15231379424,5.57161010745,0.0536434008458,-0.301210228631,2.61397711599,0.177421565377,0.261766616996,0.261285104684,0.246984881907,0.203217263608,4.77817740497,0.153789749819,0.667348378926,9.59230640533,2.76757616137e-08,0.000206678754356,8.71538522532,5.94766846913e-06,0.00380496111523,8.72071480027,3.12735672736e-06,0.00336916388606,8.3595684885,8.86771697246e-06,0.00756403675246,9.97776010454,1.87838550111e-08,0.000124319779906,8.92916116599,1.1396854272e-06,0.00180959039279,8.23266553206,3.84385409866e-06,0.00747881201114,9.28624277674,1.08667241907e-07,0.000520659654354,8.89812718431,2.17624187668e-06,0.00232818031261,8.73537457919,1.55775748878e-06,0.00269720280722,7.99078335769,2.86736276674e-05,0.0170035593897,8.17594473095,1.73377384409e-05,0.0111738812811,4.83961442814,0.129766379956,0.3728686645,8.35458351163,1.5116399552e-05,0.0084405311705,9.13498536677,1.10140090146e-06,0.00144333239545,4.93169166237,0.095225188831,0.358784249919,7.31394446071,0.000310231280829,0.0639347784448,8.36824862061,1.27536893023e-05,0.00761576319358,5.498025869,0.0393258731617,0.188564699579
gradient,1,0,0.00999999977648,predicted,Actual proposal support boundary; monitored coordinates are pre-native endpoint forecast,True,50,-0.276112693423,0.732454451915,-0.119918269959,-0.0687551069641,0.448000415835,0.0337394622102,4.86437914289,7.24206221573,0.114008700834,-0.484720341226,1.32645049249,0.18134831637,0.261866250688,0.295691611661,0.284187891142,0.195298332286,4.5850130349,0.206547346008,0.74764927255,9.98392147466,5.83298522615e-09,6.71603500742e-05,9.35117803728,2.16719599657e-07,0.000652923585514,9.75252849023,1.26217841415e-08,0.000111138632521,8.25724567497,1.81499708034e-05,0.00963772799144,9.18755514042,4.96491315306e-07,0.0010219502749,9.41989564045,1.20325540605e-07,0.000447114184816,8.16717118333,5.80347318812e-06,0.00941593141105,9.38753120662,9.67730272475e-08,0.000413286502656,9.16101554458,4.95093909059e-07,0.00103126797282,8.56055912979,2.18928665163e-06,0.00384991049725,8.37003788152,7.97672364872e-06,0.00704201377166,8.69569647345,2.22405656706e-06,0.00311119745078,4.51865213536,0.202193579736,0.416310791918,8.66399963387,6.37117390942e-06,0.00415740938125,9.07450648462,4.90049679874e-07,0.00112123472215,5.36069778658,0.0495751547614,0.268574583503,7.36932813976,0.000286503493926,0.0562438917469,8.8364162447,1.93751305768e-06,0.00236182506353,5.49227802631,0.0313303278734,0.16866362834
gradient,1,0.01,0.019999999553,predicted,Actual proposal support boundary; monitored coordinates are pre-native endpoint forecast,True,50,-0.240379182179,0.670234193617,-0.0908670090103,-0.0614899146938,0.319512747202,0.0334734158465,5.07276489155,6.67812066969,0.122391673544,-0.3863007587,1.41131638983,0.18744111894,0.27074255852,0.301257854057,0.276306067749,0.198385457598,4.53541984436,0.218135474508,0.739014061024,9.91275573378,6.30275793976e-09,7.9495183701e-05,9.3027635418,2.86618098685e-07,0.000750961947339,9.67275636584,2.08932771213e-08,0.000156977433756,8.30281471053,1.41306347366e-05,0.0087349852711,9.47565686229,9.1101372868e-08,0.000391256060045,9.40384590128,1.04403301569e-07,0.000430849364617,8.18402966734,5.39832670815e-06,0.00891031038363,9.39462170605,7.60690105641e-08,0.000378087566356,9.23791592935,2.84979715733e-07,0.000776842097853,8.6103380767,1.7467320073e-06,0.00337417806927,8.35643683811,7.70128299401e-06,0.00722240623918,8.66274472013,2.4584081332e-06,0.0033880154074,4.55359396647,0.192538767289,0.403544419522,8.76261843895,3.38639267994e-06,0.00316151721915,9.13385216758,3.26150539581e-07,0.000934705473365,5.33937228698,0.0515056646825,0.275099778505,7.35355193207,0.000292511495245,0.0580821437036,8.81966718875,2.02002443486e-06,0.00243200857413,5.48959988891,0.0336399522415,0.169523803797
gradient,1,0.02,0.0299999993294,predicted,Actual proposal support boundary; monitored coordinates are pre-native endpoint forecast,True,50,-0.210295905145,0.624661064509,-0.0904357026482,-0.0160598075771,0.269245277319,0.0410182007284,5.33162864411,6.58256193009,0.0950252679788,-0.38308559044,1.63358024813,0.187174736091,0.270500250269,0.296027656016,0.272254964251,0.200561622982,4.54042525882,0.213107777222,0.73057982685,9.84510982051,9.78915175536e-09,0.000105725068658,9.2751339303,3.30170530474e-07,0.000810114901278,9.50745405327,5.27442385472e-08,0.0002871629238,8.29183324538,1.36394397167e-05,0.00902680239584,9.61117808954,4.30432687782e-08,0.000246960445152,9.39763106155,9.87266980683e-08,0.000424724073431,8.18953476285,5.26700673011e-06,0.0087519574308,9.35433946299,8.98786770514e-08,0.000431113826945,9.27539145302,2.19959893783e-07,0.000677853896941,8.62015760226,1.76645854648e-06,0.00335112620042,8.29990284311,9.66413118745e-06,0.00823053268567,8.67234748305,2.17907786196e-06,0.00323736088809,4.55791708876,0.191317728827,0.395759183972,8.78249496374,2.79821872613e-06,0.00296626043179,9.16513699681,2.9461150433e-07,0.000875109874939,5.34572607357,0.051516939422,0.284559219985,7.35466996691,0.000280342076622,0.0585090628864,8.8287522531,1.81689100446e-06,0.00233697938552,5.43230433137,0.0378701010833,0.169096261968
gradient,1,0.03,0.0399999991059,predicted,Actual proposal support boundary; monitored coordinates are pre-native endpoint forecast,True,50,-0.188658873249,0.603858616145,-0.10658370718,0.0116941165543,0.267760925565,0.0494871820023,5.59489134566,6.59343886262,0.0479492195538,-0.434349581232,1.95666994234,0.186365133244,0.266791123488,0.290085941103,0.268278310642,0.202770767278,4.57880883221,0.201975741151,0.727724506074,9.85148421283,1.01341713895e-08,0.000106461031633,9.2222774772,4.62205602079e-07,0.000964280979377,9.34363251325,1.29943596099e-07,0.000505093831729,8.27828858876,1.34382439412e-05,0.00937020980843,9.6771421016,3.09850046451e-08,0.000198903136094,9.37426181596,1.1170180657e-07,0.000455191126629,8.19652807138,5.090664047e-06,0.00857572184105,9.33582862769,9.71940603639e-08,0.000462142338636,9.27921147848,1.90069749286e-07,0.000653007848108,8.61469590856,1.90904381565e-06,0.00346351725492,8.2658596304,1.08175001236e-05,0.00885442917327,8.70374234105,1.80617426558e-06,0.00292266244238,4.53676187916,0.1974616813,0.388883217113,8.77281671914,2.50774105967e-06,0.00299766338874,9.20511702636,2.52057352637e-07,0.000786975566104,5.38985771254,0.048849286205,0.290944245063,7.35103175693,0.000278608539993,0.0592925069552,8.8103357287,1.84924493195e-06,0.00242742394325,5.43762087207,0.0388322296013,0.165562793726
gradient,1,0.04,0.0499999970198,predicted,Actual proposal support boundary; monitored coordinates are pre-native endpoint forecast,True,50,-0.177031155892,0.567844109352,-0.10603506073,0.0324664347982,0.240173408065,0.0530361727718,5.81216208587,6.54053787174,-0.0155489402139,-0.460049107811,2.241960231,0.187132461258,0.266152842348,0.287021833677,0.264177157789,0.202877047045,4.58711461595,0.198415437474,0.721330247604,9.85348116403,1.05253554036e-08,0.000107698783122,9.15350762322,7.17984808705e-07,0.0012107250819,9.23529102293,2.34621254305e-07,0.000723221380213,8.25021683169,1.48767822272e-05,0.010037636714,9.77132931442,2.00687955672e-08,0.000147602757656,9.30952699841,1.64642418663e-07,0.000569689784709,8.19934063691,5.04870029171e-06,0.00851359540382,9.33279621884,9.68715154064e-08,0.000468393780096,9.25587236008,1.99496516773e-07,0.000704963238264,8.65722941414,1.59327521676e-06,0.00308973372123,8.23393160207,1.205549475e-05,0.00953020094915,8.71337925619,1.74013855833e-06,0.00282905190226,4.52522244974,0.199951426205,0.381523052174,8.76835891398,2.15953491836e-06,0.00300297557856,9.26132011315,1.99329996414e-07,0.000669113708328,5.40837552979,0.0477786863188,0.292933215078,7.33697519984,0.000284580453748,0.061304292589,8.74797533235,2.60439745968e-06,0.0029042000535,5.44179351367,0.0393632440376,0.16271098263
gradient,1,0.05,0.0599999986589,predicted,Actual proposal support boundary; monitored coordinates are pre-native endpoint forecast,True,50,-0.167535087685,0.560516058549,-0.105534634438,0.0389887415981,0.213402058754,0.056078604499,6.02412445862,6.57021176202,-0.0376191952262,-0.475287758529,2.46340793722,0.18711831272,0.265192770166,0.280920880597,0.259185732278,0.20505317887,4.61504842314,0.191662383233,0.718090472775,9.83875750859,1.19435112572e-08,0.000115613391114,9.05870510077,1.18789700891e-06,0.00159282588567,9.17353007275,3.26586136215e-07,0.000880840204415,8.21517374993,1.89129782609e-05,0.0108321998088,9.81719429354,1.61112404626e-08,0.000127419213882,9.24008658777,2.43585374668e-07,0.00071901561265,8.19866078101,4.98508360366e-06,0.0085149250454,9.32530543573,1.00006741934e-07,0.000481360362348,9.22226783513,2.31682702455e-07,0.000790933841627,8.68565306655,1.42329656481e-06,0.00286076418188,8.2075806498,1.30846407737e-05,0.0101380935996,8.71287789798,1.73321135261e-06,0.0028282747788,4.52244842162,0.20080597724,0.372612433062,8.72713230228,2.29031785834e-06,0.00333095803599,9.28908550447,1.77575723564e-07,0.000618852989684,5.41111468806,0.0477112226914,0.291997071681,7.32350397275,0.000292708395507,0.0631885651742,8.68241715284,3.92944176751e-06,0.00349422973892,5.43828147174,0.039989644584,0.161492737227
gradient,1,0.06,0.070000000298,predicted,Actual proposal support boundary; monitored coordinates are pre-native endpoint forecast,True,50,-0.155453959948,0.524144999629,-0.106496102657,0.026789985261,0.208099577699,0.056386628879,6.07487511761,6.62265908437,-0.0744982697274,-0.505941086011,2.61901410931,0.188231967841,0.267005087653,0.277523557136,0.256701124963,0.204252295228,4.62535588192,0.190652604444,0.715816597707,9.82689719173,1.33655330588e-08,0.00012353682178,8.99458505942,1.68822154614e-06,0.00191785174089,9.15284722174,3.62094170469e-07,0.00093878210789,8.18308777533,2.41016922354e-05,0.0115397961364,9.84429201271,1.42241974389e-08,0.000117104461201,9.16436592316,3.90137192657e-07,0.000936732441191,8.19755416605,5.00301160384e-06,0.00855390152319,9.31598456487,1.06379593617e-07,0.000500066998997,9.20776176568,2.42666934535e-07,0.000827502840548,8.71749419366,1.25442133396e-06,0.00259788984347,8.20314114642,1.32103168094e-05,0.0102455515142,8.74134704675,1.55848008935e-06,0.00261815570659,4.50610478864,0.205262312482,0.367188731419,8.71766658793,2.23943625766e-06,0.00340865018683,9.31953742663,1.50287258455e-07,0.000558927275979,5.45010004709,0.0448696975961,0.287671610931,7.31777440823,0.000291709688091,0.0642422553057,8.61588307065,5.80122290233e-06,0.00419597358108,5.42557077842,0.040805631519,0.160000221059
gradient,1,0.07,0.0799999982119,predicted,Actual proposal support boundary; monitored coordinates are pre-native endpoint forecast,True,50,-0.15093224943,0.505553006726,-0.106208050098,0.0255698629832,0.219617120895,0.0570533194998,6.1163178588,6.65565561789,-0.0646999360091,-0.51627585536,2.65550567132,0.188632431493,0.267716199145,0.274561850683,0.255606825441,0.204568820308,4.62168591941,0.192066493021,0.712532066618,9.80608911678,1.5496981622e-08,0.000135346165139,8.96851009851,1.91022542729e-06,0.00205194511621,9.14709374235,3.67085005432e-07,0.000950678817991,8.17693285879,2.64199294268e-05,0.0116212403518,9.84998227726,1.44235016337e-08,0.000117290655892,9.1481419848,4.43736493007e-07,0.00099720762518,8.20064168965,4.99404558872e-06,0.00851061558778,9.30809344746,1.09839786417e-07,0.000512546366438,9.1735634804,3.09871534677e-07,0.000933895893278,8.7022210962,1.46336285012e-06,0.00275395078483,8.19274725597,1.36122112789e-05,0.0104932723924,8.75578387748,1.50599261652e-06,0.00251577940565,4.50231865105,0.20708764,0.366981241746,8.67199636569,2.77928200987e-06,0.00385520837463,9.33057962819,1.42940148055e-07,0.000539269579616,5.4838353195,0.0424339845211,0.28652674746,7.32377736554,0.000282561993696,0.0637303369597,8.60337487551,6.35909304473e-06,0.00436571992842,5.40619400475,0.0419585864522,0.159236487705
gradient,1,0.08,0.0899999961257,predicted,Actual proposal support boundary; monitored coordinates are pre-native endpoint forecast,True,50,-0.147091178485,0.511369398322,-0.103532807674,0.0435412442303,0.23035810915,0.0578280724223,6.14335352276,6.71139184516,-0.0377175013552,-0.507582933273,2.65162877534,0.189097944345,0.268073965122,0.271301322043,0.254568000198,0.205442170313,4.62051536511,0.192666417458,0.709307401752,9.77730404558,1.84632949449e-08,0.000151068301068,8.97113541162,1.85913885119e-06,0.00202678137531,9.14071134157,3.76231444806e-07,0.000966997272753,8.18208464971,2.66480835156e-05,0.01145459175,9.82593721098,1.77505502114e-08,0.000132523232917,9.16043365641,4.26309935769e-07,0.000966238768753,8.20189589111,4.98474551406e-06,0.00849214446679,9.29546292014,1.16809141965e-07,0.000533354768076,9.12442211424,5.05218605728e-07,0.00113821738487,8.68020714571,1.80554495745e-06,0.00299648596442,8.17111710097,1.47872504225e-05,0.0110421230149,8.75482889137,1.53969783361e-06,0.00251693031059,4.51280008089,0.206014804251,0.369476114206,8.6123713981,4.2444781523e-06,0.00453944475158,9.3125840532,1.66438233964e-07,0.000581765652582,5.49615161521,0.041541725722,0.288184239073,7.33365515389,0.000270871009532,0.0627234273772,8.61166547342,6.23809476216e-06,0.00430577428366,5.38389645928,0.0431941921699,0.160495163148
gradient,1,0.09,0.0999999940395,predicted,Actual proposal support boundary; monitored coordinates are pre-native endpoint forecast,True,50,-0.140946506067,0.486949737236,-0.104140145626,0.0603666847563,0.238733621511,0.0595319853834,6.14030196484,6.73562155007,-0.0159536663954,-0.520493249268,2.63683593306,0.189803708331,0.268541283122,0.269630971697,0.254296060107,0.206065359335,4.62891519733,0.191515808849,0.709579270551,9.76734811811,1.997668668e-08,0.000157638563838,8.99425462548,1.65027710927e-06,0.00189983968231,9.13384963474,3.81166152379e-07,0.000980795236884,8.1828142217,2.6595906261e-05,0.0114372876606,9.80494482228,2.12068572918e-08,0.000147144064567,9.1875394026,3.73329657302e-07,0.000889924458888,8.20688775738,4.84266057724e-06,0.00835885751081,9.2835222886,1.23182843097e-07,0.000552731191641,9.08168868279,7.57441166414e-07,0.00134623327486,8.65295765134,2.25358450876e-06,0.00329481094016,8.15970739693,1.5505990121e-05,0.0113392829844,8.74455444988,1.67481548142e-06,0.00260150796334,4.51425652527,0.206781388616,0.370608463271,8.55705040512,6.37176145661e-06,0.00524944706063,9.30290038607,1.86002974606e-07,0.000611741879186,5.50946460201,0.0407261251782,0.289878001921,7.33538532175,0.000270188940008,0.0625310081859,8.64352959505,5.15619479462e-06,0.00396414451335,5.38294777911,0.0433210333729,0.161650568047
gradient,1,0.1,0.109999999404,predicted,Actual proposal support boundary; monitored coordinates are pre-native endpoint forecast,True,50,-0.14001824169,0.4965242862,-0.109918472614,0.0613557779407,0.23206140903,0.0596295289547,6.15442133207,6.71715630143,-0.000457562640761,-0.528557133651,2.62136897252,0.190094136274,0.268994070602,0.268785904598,0.254518210656,0.206766460066,4.64572707701,0.188693805873,0.711431257876,9.77143741116,2.01298849538e-08,0.000156421557002,8.98049471286,1.76566629671e-06,0.00197114815322,9.14197254179,3.51022394786e-07,0.000944567578469,8.16521937109,2.89584374061e-05,0.0118806487433,9.80413076577,2.11826372213e-08,0.000147669852742,9.18655780736,3.72393203257e-07,0.000890606839877,8.20629409662,4.79097592887e-06,0.0083483031707,9.27646796604,1.28607777817e-07,0.000568152704344,9.05537533514,9.46921496642e-07,0.00148519189641,8.63681523447,2.56604703172e-06,0.00347693951733,8.16283428544,1.54986492016e-05,0.0112613010839,8.74347309881,1.69393434798e-06,0.00260782980636,4.50747144943,0.208647077376,0.369673621744,8.51642881152,8.13422598677e-06,0.0058071733398,9.30621806702,1.86803087864e-07,0.000610455410107,5.51480497137,0.0405077474982,0.2919118772,7.33591250562,0.000270778658198,0.0624650589761,8.63932161878,4.9936885334e-06,0.00398722184959,5.38457186168,0.0433906620431,0.161328779542
gradient,1,0.11,0.119999997318,predicted,Actual proposal support boundary; monitored coordinates are pre-native endpoint forecast,True,50,-0.133127194964,0.491730947928,-0.110303134766,0.0533587681866,0.227253148232,0.0584958960595,6.14412188422,6.71887064909,0.0183277804316,-0.532632697617,2.58958515889,0.190043021598,0.269126359174,0.268041696129,0.254811134708,0.207938308902,4.65175163777,0.187955375917,0.712905299677,9.76856613382,2.09507696253e-08,0.000158794766622,8.96981987123,1.86389246123e-06,0.00202942271028,9.16181075722,3.07810673224e-07,0.000882094298914,8.15034147037,3.11907096417e-05,0.0122577947575,9.80037511074,2.08382420319e-08,0.000147716181496,9.18279748551,3.75378719281e-07,0.000898490951478,8.20773277916,4.72783139448e-06,0.00830511958409,9.2706070093,1.32562286675e-07,0.000579670924595,9.0454865608,1.02178360607e-06,0.00153796045383,8.6254157998,2.78442706128e-06,0.0036032522832,8.16073018086,1.60943903979e-05,0.0113475200029,8.74199237499,1.71358338404e-06,0.00262304721137,4.50413150687,0.209631345305,0.367633005519,8.49798968011,8.88686372494e-06,0.00607323633072,9.30819015195,1.79532711642e-07,0.000602399097296,5.5196898692,0.0401616103787,0.291078944917,7.33286004404,0.000274981368377,0.0627800111611,8.63544445013,4.84557237345e-06,0.0040138793696,5.38074927441,0.0437001958482,0.161351496639
gradient,1,0.12,0.129999995232,predicted,Actual proposal support boundary; monitored coordinates are pre-native endpoint forecast,True,50,-0.125248070508,0.470885880087,-0.107550697174,0.0457381999111,0.219423582826,0.0562192418238,6.10619751853,6.64544492378,0.0371783737192,-0.534618526849,2.47483269091,0.190325682227,0.270410761434,0.269697191979,0.256389967561,0.207237399814,4.65289782424,0.18910284555,0.716730759618,9.75746978196,2.30793424639e-08,0.000166845867169,8.97882499613,1.79692838534e-06,0.00198606230588,9.1953080242,2.5100845641e-07,0.000789205052009,8.14881725147,3.18504577205e-05,0.0122976461227,9.81674450263,1.78483796921e-08,0.000136165073549,9.18843244032,3.66394492624e-07,0.000885616171377,8.21092188759,4.59176901502e-06,0.00820169276411,9.26930804779,1.32303042231e-07,0.000581198498916,9.03519607348,1.06111503376e-06,0.00157838507337,8.61344256924,2.98297303781e-06,0.00372776724221,8.16413927306,1.64779776816e-05,0.0113020057205,8.72244493174,1.93471232879e-06,0.002787158283,4.50709479258,0.208638321082,0.368003132461,8.48837998679,9.08936756956e-06,0.00621547194012,9.32323716574,1.54186481939e-07,0.000562053305305,5.50869312318,0.0407843712666,0.291443273088,7.33087946174,0.000278898473838,0.0629109638304,8.65494433001,4.27049596898e-06,0.00381168704625,5.38722049933,0.043427352282,0.161123418053
gradient,1,0.13,0.140000000596,predicted,Actual proposal support boundary; monitored coordinates are pre-native endpoint forecast,True,50,-0.127424731694,0.479470583166,-0.100544919815,0.0381604301548,0.205027940843,0.0544480187344,6.04634253874,6.60080888718,0.0566738403656,-0.529846362897,2.39935121287,0.191022679133,0.271891738339,0.27107898635,0.25757462984,0.206379562238,4.64698359092,0.190790219715,0.720040243584,9.75620109229,2.37077825884e-08,0.00016861525948,8.98503873866,1.76317662019e-06,0.00196073402779,9.23676423711,1.94646376359e-07,0.000686086792086,8.14240336333,3.25156389694e-05,0.012463172957,9.82906982378,1.55649514379e-08,0.000127266872325,9.19266612612,3.55833372409e-07,0.000872426791435,8.21473942488,4.44188828165e-06,0.00808441244196,9.26321770689,1.37345520504e-07,0.00059336444149,9.04023315925,1.01185261532e-06,0.00154834065507,8.61217838294,3.01006208983e-06,0.00374688833067,8.1672622834,1.6761239405e-05,0.0112517433342,8.71307924506,2.02264594357e-06,0.00286031405549,4.51559060357,0.206598138816,0.368677611942,8.4974559566,8.43022564441e-06,0.00608922199504,9.330221195,1.38969557665e-07,0.00053963603565,5.50791324787,0.0408024023293,0.292132393015,7.3210174386,0.000290468593451,0.0639950995539,8.66538906054,3.89760599527e-06,0.00368979693477,5.39071122945,0.0432156305858,0.160901834774
gradient,1,0.14,0.149999991059,predicted,Actual proposal support boundary; monitored coordinates are pre-native endpoint forecast,True,50,-0.132266069602,0.478762751947,-0.0963147066498,0.0278098904705,0.183741475616,0.052329351125,5.99412802178,6.55823184231,0.0614815720037,-0.521010554798,2.36391282041,0.191809013567,0.273481511108,0.272528778136,0.258505118994,0.20533161723,4.63603776449,0.192798669262,0.720650120265,9.76215583328,2.29268748798e-08,0.000165023210109,8.98142182122,1.804433417e-06,0.00198399323623,9.26429043363,1.64779314421e-07,0.000625838246353,8.13101807431,3.38231722958e-05,0.0127512501053,9.84285826575,1.42724988173e-08,0.000120790437825,9.18487247625,3.66201220136e-07,0.000890352242245,8.21145673545,4.47119464884e-06,0.00814298035956,9.26262581117,1.39018127707e-07,0.000595115206193,9.05256584371,9.44119206423e-07,0.00149335430519,8.62259597487,2.85567321243e-06,0.00363801474932,8.16773035153,1.73414326863e-05,0.01128927612,8.72016381692,1.92144628547e-06,0.00279424190897,4.52149450329,0.204910365422,0.368664784958,8.51434975087,7.65216862745e-06,0.00585386461122,9.34092814175,1.26552919133e-07,0.000515239508049,5.5111029222,0.0405963403542,0.292257671487,7.31029132746,0.000302539213736,0.0652266872187,8.65337976981,4.02657880361e-06,0.00379309647398,5.3869812802,0.0433253129085,0.160729209924
gradient,1,0.15,0.159999996424,predicted,Actual proposal support boundary; monitored coordinates are pre-native endpoint forecast,True,50,-0.129717719253,0.480902124346,-0.0968819640541,0.0294498681641,0.177813747499,0.050518020727,6.02705026008,6.4824863627,0.0616379157001,-0.50987347425,2.31563595413,0.192024538832,0.274148472032,0.274139149387,0.258048420034,0.204847394863,4.61954167205,0.194878145028,0.718705777963,9.74803791369,2.39045991302e-08,0.000170813260943,8.95719408032,2.01472174231e-06,0.00211203072935,9.27287798734,1.56896889705e-07,0.000610077638004,8.19006847857,2.58557117184e-05,0.0112438803481,9.86153863793,1.32232413154e-08,0.000114037379411,9.16033249335,4.11929304964e-07,0.000958828275531,8.20828365223,4.5411776656e-06,0.00821907054791,9.26180421805,1.43988886265e-07,0.000604683691123,9.05104613421,9.50950696656e-07,0.00150098297418,8.63233011231,2.73469758609e-06,0.0035348414575,8.15936479826,1.87091206448e-05,0.011564650947,8.71603079309,1.92945008438e-06,0.00281188492655,4.52707094851,0.203730574638,0.370559985241,8.50762607304,7.83326587306e-06,0.00594941751115,9.35792261286,1.13939171814e-07,0.000483883434549,5.48309783176,0.042334258861,0.294681255708,7.31841409422,0.000292815459184,0.0643464025714,8.63170231207,4.57910252015e-06,0.00405292071891,5.37499636776,0.0439459820147,0.160147082522
gradient,1,0.16,0.170000001788,predicted,Actual proposal support boundary; monitored coordinates are pre-native endpoint forecast,True,50,-0.130155527207,0.475466022184,-0.0858408544922,0.0419037437057,0.174282734666,0.0489011354991,6.10036492443,6.51460636981,0.0776673869933,-0.497055383887,2.31325680764,0.189943463796,0.2726743229,0.272795039194,0.256791717708,0.206609948014,4.59599574127,0.196972497849,0.71347540516,9.70518200571,2.99660664468e-08,0.000197238276071,8.94463581815,2.14128414659e-06,0.00218322603504,9.27751166588,1.47314750817e-07,0.000597205159825,8.20756941322,2.36797423074e-05,0.01080118443,9.85153147169,1.50926131685e-08,0.000121841564516,9.13665975612,4.65844991727e-07,0.00103126966341,8.21790871406,4.41535370731e-06,0.00802232378835,9.24201173043,1.58496945005e-07,0.000646173273765,9.04745732332,9.63526475056e-07,0.00151514518258,8.650196679,2.48628887941e-06,0.00335660738668,8.13350434597,2.11790379675e-05,0.012281010452,8.68355209336,2.32343457331e-06,0.00308468844462,4.54206549392,0.200360722706,0.373607878796,8.51025910593,7.65142060645e-06,0.00591340648617,9.34817959646,1.25215172822e-07,0.000505390922951,5.46822534284,0.042994739186,0.298278201,7.32349189206,0.000288729906012,0.063655163919,8.61213968595,4.98056207249e-06,0.00426999071655,5.3476351579,0.0460767756187,0.159850740962
gradient,1,0.17,0.179999992251,predicted,Actual proposal support boundary; monitored coordinates are pre-native endpoint forecast,True,50,-0.134853260934,0.479032418771,-0.0750612352753,0.055245900116,0.155474282775,0.0492232097349,6.20331311563,6.49858859014,0.10428716116,-0.483185429253,2.30986421845,0.188154696765,0.271615665144,0.271707435657,0.25589115617,0.207689409824,4.57604050493,0.197586129366,0.709080799305,9.65465263574,3.89939101631e-08,0.000234159133608,8.92242909822,2.38403454931e-06,0.00231430517518,9.27184499393,1.53290813436e-07,0.000610618143052,8.23459835774,2.0391755528e-05,0.0101323331723,9.8510519691,1.73431497437e-08,0.000129009877902,9.1209938411,5.02182392142e-07,0.00107914880449,8.22695004471,4.26266097175e-06,0.00782085547085,9.22580436227,1.70409075598e-07,0.000679007027278,9.04434594469,9.8418787971e-07,0.00153101234767,8.6590222641,2.37030046252e-06,0.00328152509238,8.11284480646,2.32280971511e-05,0.0128645838035,8.64194031846,2.91496025836e-06,0.00345618758269,4.56009407437,0.195220701284,0.375498733336,8.50630293776,7.71220211627e-06,0.00597123480991,9.34447834898,1.40814422265e-07,0.000525928284941,5.44945696685,0.0440129792859,0.303862088683,7.32597913972,0.000285633048969,0.0633579558309,8.58912942389,5.45708087985e-06,0.00452406647903,5.32235329107,0.0478527180286,0.159647359808
gradient,1,0.18,0.189999997616,predicted,Actual proposal support boundary; monitored coordinates are pre-native endpoint forecast,True,50,-0.136971537586,0.497482888958,-0.0648922298813,0.0405318301535,0.114048663948,0.0491409500178,6.31477763684,6.43031893166,0.137363799156,-0.470352217797,2.2785277836,0.18674296022,0.2713562363,0.271683013212,0.255780774556,0.206928164312,4.55313525401,0.19864560142,0.703772620588,9.59886954609,5.09414283935e-08,0.000281915482882,8.88769141869,2.78540956651e-06,0.0025218727895,9.30482982418,1.22808196936e-07,0.000540140875035,8.24380063617,1.86410826344e-05,0.00987975371016,9.94340974,8.99666865518e-09,8.74530461007e-05,9.08658541641,5.82729372586e-07,0.00118572284996,8.23519829729,4.07972891184e-06,0.00761592504858,9.20119088409,1.94853232478e-07,0.000736112207376,9.02281810351,1.09371450426e-06,0.00162612258623,8.66640544721,2.25540759702e-06,0.00320721361699,8.11270058689,2.35002931942e-05,0.012871557069,8.60096964714,3.67339499101e-06,0.00387045291211,4.57770976051,0.190023301517,0.37469505357,8.47884106593,8.60678647689e-06,0.00637309022503,9.38033230372,1.08341902304e-07,0.00045772098707,5.43691853757,0.0449121732434,0.307503861051,7.32413048385,0.000285027072722,0.0636459514926,8.55176019768,6.08031213849e-06,0.00493374946664,5.2841692287,0.0496647194257,0.159497346972
gradient,1,0.19,0.199999988079,predicted,Actual proposal support boundary; monitored coordinates are pre-native endpoint forecast,True,50,-0.128142248361,0.476575535659,-0.050528519001,-0.00539266113281,0.0723640480375,0.0482101260374,6.40163543667,6.37874845864,0.179744044432,-0.44839248332,2.22203849441,0.184743097972,0.271634830313,0.272257518079,0.256857958948,0.204697930612,4.51768239787,0.202631659156,0.697065246317,9.55578703164,6.16789550908e-08,0.000324414446044,8.83965029477,3.42091293404e-06,0.00282856634659,9.38435076183,7.49807048744e-08,0.000403332225351,8.23262970884,1.89673623056e-05,0.010106785208,10.0227914529,4.33865220781e-09,5.86515254436e-05,9.04162850312,6.95380206809e-07,0.00133187770791,8.24777637216,3.82803426414e-06,0.00732569649193,9.17912057134,2.20619115858e-07,0.000793158608536,8.99211945337,1.27430250851e-06,0.00177076461507,8.66815506846,2.22028351602e-06,0.00318006523842,8.12509717599,2.26178277031e-05,0.0125390422523,8.58109009186,3.99570402061e-06,0.00407556245832,4.60173376113,0.183750988167,0.373330521054,8.43212805754,1.05835887085e-05,0.00710158497676,9.4090910693,7.92192470881e-08,0.000396297980784,5.43817829995,0.0451491272726,0.30714733961,7.30849072989,0.000303385035465,0.0653311561827,8.50062820645,7.16393331632e-06,0.00554814628947,5.24418692844,0.0515322503585,0.157639254409
gradient,1,0.2,0.209999993443,predicted,Actual proposal support boundary; monitored coordinates are pre-native endpoint forecast,True,50,-0.130560541255,0.468387274427,-0.0389143060112,-0.0493934466699,0.0329941466188,0.0459087990652,6.47856550019,6.322041095,0.202628106826,-0.41735177605,2.11743608026,0.181896855876,0.273277430553,0.272819053471,0.258602648868,0.202084011223,4.49599895468,0.20413732476,0.694616930204,9.51604130583,7.54898826626e-08,0.00037039908383,8.80189483253,4.01040296178e-06,0.0030902392377,9.46996983717,4.47816669219e-08,0.000292708237747,8.24437795327,1.72497835588e-05,0.00983162071882,10.0443988035,3.41639435903e-09,5.20753932478e-05,8.99765870386,8.25479091121e-07,0.00149015579644,8.24968487236,3.79558657309e-06,0.00726826012795,9.17637880491,2.190410924e-07,0.000798970807577,8.96259933134,1.46456615042e-06,0.00191652955087,8.67005087447,2.19848807023e-06,0.00315446321996,8.14147847612,2.15645705029e-05,0.0121306378866,8.55408720834,4.63830201003e-06,0.00438648766411,4.62772854329,0.176797147135,0.370210274848,8.3899527342,1.27363327433e-05,0.00781389782367,9.40927661708,7.52442421164e-08,0.000390790221396,5.42299631818,0.0470358075049,0.308640891163,7.29058658662,0.000331076194098,0.0669848066889,8.45726342888,8.1694586685e-06,0.00613005725999,5.22314687299,0.053022729395,0.15461970944
gradient,1,0.21,0.219999998808,predicted,Actual proposal support boundary; monitored coordinates are pre-native endpoint forecast,True,50,-0.122009506064,0.437138718094,-0.0289475177193,-0.0966051096106,-0.0263250133657,0.0466909373802,6.58725045889,6.22290214901,0.242570263935,-0.412032138077,1.9454465042,0.181540888762,0.273678977204,0.270842432229,0.259383187447,0.20212524922,4.48704180246,0.204018689611,0.690802777264,9.47299946232,9.19042075369e-08,0.000422231382015,8.7513200233,5.00162010766e-06,0.00348109822767,9.53378158924,3.50161412444e-08,0.000239660709964,8.24751124601,1.62086428946e-05,0.00974738751049,10.0629275316,3.27728180624e-09,4.97878051006e-05,8.9590849743,9.56225462504e-07,0.00164423784072,8.25574229975,3.59321296417e-06,0.00710070047966,9.16557166064,2.30671765433e-07,0.000823631031752,8.93407771608,1.61793997991e-06,0.00205090492773,8.65126844403,2.49296888384e-06,0.00334415142002,8.17511306281,1.95068153293e-05,0.0112770252625,8.50739739274,5.56349804586e-06,0.00498875181042,4.64208893743,0.171447108235,0.358454307051,8.32762316178,1.63054038899e-05,0.00898656679977,9.41532140689,7.59809155152e-08,0.000389059839081,5.3691333949,0.0508361423918,0.306287773254,7.27528763152,0.000347834384549,0.0689042265065,8.42020443684,8.832511936e-06,0.00668266553317,5.1967387989,0.0540390002723,0.156987734055
gradient,1,0.22,0.229999989271,predicted,Actual proposal support boundary; monitored coordinates are pre-native endpoint forecast,True,50,-0.127572933827,0.419521255341,-0.0264812849426,-0.126141387858,-0.0611991507077,0.0448761634715,6.66085237735,6.15495301474,0.249861800945,-0.415529003956,1.85650493416,0.183407557968,0.272320237908,0.270281335173,0.259272619876,0.201027762958,4.48619299762,0.203574751204,0.68614780502,9.47953272829,8.71709760946e-08,0.000405861086324,8.74145994219,5.17105176846e-06,0.00355035630209,9.57517811981,2.85991466708e-08,0.000209502498115,8.24935462651,1.54645368232e-05,0.00970587949153,10.123505,2.02589954436e-09,3.7668405865e-05,8.92389918214,1.1368051661e-06,0.00181865331293,8.25476397339,3.54150561499e-06,0.00708900105425,9.15883150578,2.41952075953e-07,0.000840855950218,8.89572587349,1.90015517875e-06,0.00226353479872,8.64777926191,2.52735992222e-06,0.00336129141114,8.20349757587,1.72864097941e-05,0.0105907822403,8.48100934755,5.74347719234e-06,0.00538140959073,4.64697658868,0.168801431457,0.351667099141,8.28614474218,1.9316544582e-05,0.00983802532129,9.44783373198,6.03998008992e-08,0.000343254938486,5.3203439026,0.0548082343087,0.300571617003,7.27129046232,0.000351696028596,0.0694117378437,8.40497853701,8.99995035602e-06,0.00692195798779,5.20800570499,0.0535453684954,0.161920448363
gradient,1,0.23,0.239999994636,predicted,Actual proposal support boundary; monitored coordinates are pre-native endpoint forecast,True,50,-0.112842323865,0.390444848343,-0.0251049278641,-0.131424337664,-0.0805778160954,0.0460739017845,6.71361330956,6.13607069654,0.264154781244,-0.447127958255,1.80447734584,0.184248956053,0.272591178041,0.26836294903,0.258906786116,0.201128763215,4.48395435975,0.203902593141,0.680875205884,9.4440942768,1.03988311911e-07,0.000448951914146,8.73144950944,5.38304828976e-06,0.00363148319579,9.57980213275,2.70789087742e-08,0.000206659897401,8.25882324959,1.45283676137e-05,0.00950411815363,10.1615709364,1.62533948438e-09,3.24611625037e-05,8.91113425975,1.21561121317e-06,0.0018871780885,8.25981833077,3.44230738873e-06,0.00697226980739,9.14566722088,2.59029031227e-07,0.0008738319864,8.88747595381,1.97197214931e-06,0.00231330179566,8.64487130539,2.56279427256e-06,0.00338172542074,8.21112789263,1.67776538244e-05,0.0104327327997,8.43112055543,7.46889724309e-06,0.00620242336536,4.6421510286,0.168921409736,0.345740006125,8.27099300073,2.06467016551e-05,0.0101628553485,9.49344502752,4.45180116133e-08,0.000286748998455,5.27426250906,0.0572336925837,0.296681656418,7.2684078755,0.0003564574417,0.0696521484266,8.40011587287,9.15368042451e-06,0.00699715446531,5.19791574967,0.0540243529371,0.166077652611
gradient,1,0.24,0.25,predicted,Actual proposal support boundary; monitored coordinates are pre-native endpoint forecast,True,50,-0.120479836277,0.390199442388,-0.013988001194,-0.125380425491,-0.0975078514481,0.0478876742957,6.74643322102,6.17282858752,0.309353179984,-0.487251528711,1.748467721,0.184928163036,0.272194013731,0.2646921776,0.258380747608,0.202806271604,4.48917018012,0.206161152045,0.673878794174,9.3635153724,1.60177332091e-07,0.000573647229436,8.72465559714,5.53914708978e-06,0.00369082313643,9.58882030386,2.63630604414e-08,0.000204353253236,8.27574371288,1.3317162919e-05,0.00913047011759,10.2003523521,1.27216244741e-09,2.75750802008e-05,8.90416562173,1.27348332198e-06,0.00192983512569,8.27601878292,3.18343430665e-06,0.00664062416384,9.1145002897,2.97617981938e-07,0.000951843508209,8.88564700345,2.02583444843e-06,0.00233444254088,8.65253739636,2.43148955408e-06,0.00329411920892,8.19299046405,1.82777138066e-05,0.0109152405868,8.35887610861,1.0777784445e-05,0.00750140496249,4.64219976409,0.168407824245,0.34161547549,8.27241331153,2.07204906729e-05,0.0101266423093,9.5364436057,3.33307478658e-08,0.00023995285558,5.24444855528,0.0580844603847,0.292535104445,7.26612352019,0.000358035581774,0.0699285558775,8.39679004866,9.50846845052e-06,0.00704860957959,5.18922246365,0.0554820846404,0.172553772718
gradient,1,0.25,0.259999990463,predicted,Actual proposal support boundary; monitored coordinates are pre-native endpoint forecast,True,50,-0.125086421822,0.403004354026,-0.00369759305954,-0.129736451545,-0.106825321045,0.0484483626759,6.77695069975,6.2191906169,0.352119305206,-0.497026585108,1.71433554074,0.184672098402,0.271436101306,0.263108179303,0.258265109013,0.203247348429,4.48871793016,0.208613380615,0.669120139377,9.31586396706,2.13838232202e-07,0.00067051274498,8.70241575657,6.10024245423e-06,0.00388891345214,9.62396891352,2.15511573184e-08,0.000179862301399,8.279303995,1.29839341255e-05,0.00905832401772,10.2109753219,1.17223072205e-09,2.61324771636e-05,8.8903373911,1.37992488122e-06,0.0020127995341,8.29078732829,2.90935022083e-06,0.00634111067514,9.08732459491,3.39329991677e-07,0.00103325508242,8.88030148044,2.1096228222e-06,0.00237612261394,8.65610351152,2.36303504612e-06,0.00324707561772,8.16816290921,2.09181276533e-05,0.0115896255583,8.33891536917,1.17216493348e-05,0.00786324380079,4.65488523735,0.165767498002,0.341730784171,8.26205042041,2.18281010837e-05,0.0103463026027,9.55269191275,2.90085841562e-08,0.000220977927985,5.23761995487,0.0581862794483,0.289787292585,7.2628677021,0.00036017855361,0.0704291374946,8.38449021955,1.03683073362e-05,0.00725573646929,5.16690380918,0.0574196479381,0.173472695007
gradient,1,0.26,0.269999980927,predicted,Actual proposal support boundary; monitored coordinates are pre-native endpoint forecast,True,50,-0.118996487,0.40116474728,-0.00100984319687,-0.137539639511,-0.108605986264,0.0484234059047,6.77488077369,6.23589300153,0.376737663724,-0.494740556089,1.70790514319,0.184731295256,0.271158904888,0.262782903595,0.258310438143,0.202990358068,4.48814169296,0.209127475275,0.668966541454,9.31453644048,2.17578474018e-07,0.00067447133675,8.68822108521,6.51669923385e-06,0.00402410585249,9.64879944284,1.84345798292e-08,0.000163004046804,8.27530744736,1.33777037854e-05,0.00915348598952,10.2089368626,1.17954413399e-09,2.62324819512e-05,8.88967482557,1.40355119974e-06,0.00202163482326,8.29318805679,2.85958568289e-06,0.00629047563311,9.07982478671,3.52865038099e-07,0.00105821454483,8.87954077219,2.11362498981e-06,0.00238177368346,8.65198342851,2.42360051685e-06,0.0032832054265,8.15387159904,2.26403222178e-05,0.0119909897739,8.34148509456,1.15369271825e-05,0.00780732578317,4.66069534175,0.164352409621,0.341749691204,8.25250366021,2.2669196213e-05,0.0105656473289,9.5600069598,2.67962430103e-08,0.000211462212538,5.24433593995,0.0575989075768,0.288252918811,7.262900108,0.000357417692181,0.0705729070505,8.38864169365,1.03050345861e-05,0.00716511031012,5.16194708126,0.0578362621644,0.173457634722
gradient,1,0.27,0.280000001192,predicted,Actual proposal support boundary; monitored coordinates are pre-native endpoint forecast,True,50,-0.120846157592,0.378628436579,0.00469525352478,-0.135831639209,-0.104989310827,0.0489103476068,6.78618005091,6.25072909596,0.388775033668,-0.501819015728,1.71139425524,0.184442882005,0.270912352254,0.262438502921,0.258345423151,0.203010798573,4.48697226758,0.209667555831,0.66910983127,9.31524573458,2.17369993539e-07,0.000673078702932,8.6929203826,6.37873870249e-06,0.00398020258101,9.65537812416,1.76150127211e-08,0.000158568372357,8.27505622495,1.34408895379e-05,0.00916695249345,10.2090728807,1.17219437879e-09,2.61378452652e-05,8.88778474078,1.43517175762e-06,0.00203955519171,8.30052357205,2.75737419297e-06,0.00615438774498,9.06979895189,3.72095688299e-07,0.00109244093796,8.87405728089,2.14731453232e-06,0.00241238515398,8.64997377675,2.482234608e-06,0.00330932429768,8.13827716,2.43902723357e-05,0.0124243798478,8.33100638402,1.21040207608e-05,0.00800704659985,4.66583542135,0.163362485576,0.342136339259,8.24660288546,2.31668149889e-05,0.0107029763824,9.56248305483,2.59973166668e-08,0.000207900957935,5.25292089738,0.0570005326631,0.288042496326,7.26090406893,0.000358956520068,0.0708786668992,8.39533097632,9.97928100466e-06,0.00705399622779,5.16420767457,0.0577652950061,0.173379368578
gradient,1,0.28,0.289999991655,predicted,Actual proposal support boundary; monitored coordinates are pre-native endpoint forecast,True,50,-0.117104579481,0.348053825873,0.0137999607658,-0.126392479577,-0.100625641968,0.0499826539485,6.8012023057,6.25641870337,0.395457939112,-0.512739979608,1.71071140151,0.184129196978,0.270735796028,0.262120746635,0.258365163218,0.203271511354,4.48107201299,0.210914662253,0.669043198787,9.31231251794,2.21417971707e-07,0.000679403966131,8.70958430659,5.93278907204e-06,0.00382865988441,9.65148449415,1.80527421146e-08,0.000161103729756,8.27648597799,1.33802948524e-05,0.00913982530583,10.2175952234,1.10818556491e-09,2.51801949186e-05,8.89202709941,1.40355530088e-06,0.00201589635011,8.3118640463,2.61393664225e-06,0.00595388262266,9.05633541795,3.99043543628e-07,0.00113928522434,8.86622992143,2.20329987733e-06,0.00245753645783,8.65101102968,2.47023947739e-06,0.00330667403439,8.12240595012,2.60359069959e-05,0.0128644564279,8.31515589131,1.29558743549e-05,0.00830890651519,4.67157988318,0.1621932451,0.34287778468,8.24809582992,2.28225690638e-05,0.0106771184569,9.56619627681,2.51746176505e-08,0.000203938596176,5.26027090351,0.0565096877787,0.288647372486,7.25596399666,0.000366179956899,0.0714505541884,8.40862018875,9.26782695181e-06,0.00684118133817,5.16597194797,0.0577432030095,0.173403541622
gradient,1,0.29,0.299999982119,predicted,Actual proposal support boundary; monitored coordinates are pre-native endpoint forecast,True,50,-0.124674741091,0.353570239925,0.0162853433227,-0.11754598979,-0.100552436736,0.0509829814791,6.81691802605,6.25215982545,0.400866025057,-0.521217986732,1.7183925114,0.183873782309,0.270683538766,0.262197719807,0.258356614766,0.203297734298,4.48110038048,0.210859189626,0.668976067875,9.30864029834,2.26130011192e-07,0.000687426464683,8.71511192662,5.78370296944e-06,0.00377871360869,9.64458351865,1.86266829174e-08,0.000164688326999,8.27665600495,1.33219115432e-05,0.00913310632684,10.2341410974,9.9482284299e-10,2.34448969649e-05,8.89613084335,1.37097323388e-06,0.00199248510854,8.31634062089,2.5627771838e-06,0.00587563482611,9.05079647876,4.08993833093e-07,0.00115770533211,8.86571822329,2.20360192314e-06,0.00245963495137,8.64924778522,2.49410651957e-06,0.00332926040525,8.1103870599,2.7470866648e-05,0.0132105729758,8.30484384959,1.35712443732e-05,0.00851210690025,4.67157719487,0.162019728045,0.343163635757,8.248476125,2.27292528629e-05,0.0106701177896,9.57840315919,2.31304316029e-08,0.000193595666091,5.26424875289,0.0563107388627,0.289857914533,7.25422365024,0.000369668385246,0.0716049067176,8.41025638108,9.15197479483e-06,0.00682784812995,5.16443680073,0.057853124659,0.173358617731
gradient,1,0.3,0.310000002384,predicted,Actual proposal support boundary; monitored coordinates are pre-native endpoint forecast,True,50,-0.125981480603,0.410529882953,0.015459284935,-0.108581187167,-0.0951499521995,0.0512090947784,6.85877205738,6.24447500777,0.397370153877,-0.528935504398,1.73297882197,0.183439808438,0.270482406362,0.262083540081,0.258018281541,0.203542151158,4.48672937039,0.210429904997,0.668052860824,9.3051405463,2.30425531385e-07,0.000694988220735,8.71896521885,5.64893140492e-06,0.00373796940216,9.62713652085,2.06349163082e-08,0.000175898693149,8.2845629433,1.27797882432e-05,0.00895704384359,10.2503719409,8.93629656336e-10,2.18471524244e-05,8.89352838187,1.38910188718e-06,0.00200781782169,8.31836131117,2.55709067504e-06,0.00585007819402,9.05141707576,4.09371164658e-07,0.00115654238977,8.8590504001,2.26678184126e-06,0.00249982710822,8.64615055115,2.53292411511e-06,0.00336139177978,8.10285129706,2.81752763828e-05,0.0134261898158,8.29753214322,1.40093812675e-05,0.00865687172875,4.6687287728,0.162638791964,0.343809794893,8.24091657968,2.34876386971e-05,0.0108342934233,9.58879544799,2.18353784351e-08,0.000186279004315,5.26095120149,0.0565953102731,0.291109382802,7.25663522961,0.000368948243643,0.0711686212438,8.40865497245,9.19261955015e-06,0.00687027581718,5.16687763118,0.0576907666444,0.173250579556
gradient,1,0.31,0.319999992847,predicted,Actual proposal support boundary; monitored coordinates are pre-native endpoint forecast,True,50,-0.124247593286,0.399856432736,0.0148296071625,-0.0998595333481,-0.09111384305,0.052092311723,6.88449068559,6.24011582006,0.398379283213,-0.535538787546,1.75414822727,0.183066107488,0.270417269022,0.262290943667,0.257795248048,0.203508509397,4.48977851936,0.210052352775,0.667466715268,9.30519065873,2.31964742323e-07,0.000695927050932,8.72221284606,5.55511359525e-06,0.00370673833879,9.6090803299,2.29727706268e-08,0.000188447056362,8.28689079914,1.25984846202e-05,0.00890731230804,10.2649640221,8.13387467794e-10,2.05267899844e-05,8.89802699072,1.34558129654e-06,0.00197908723588,8.3202009008,2.54338004403e-06,0.00582236697325,9.04836095626,4.18633642786e-07,0.00116972486844,8.8574596413,2.28245168006e-06,0.00250878755775,8.64311616813,2.55617721933e-06,0.00339131439614,8.09356517117,2.91968294849e-05,0.0136972674705,8.29199905118,1.43778534282e-05,0.00876878208626,4.66841234885,0.162811220962,0.344875923053,8.24009041853,2.35279410315e-05,0.0108498816383,9.59720407666,2.09122726989e-08,0.000180803232818,5.26310126615,0.0564685060253,0.292206796655,7.25902967838,0.000366945371448,0.0708024240887,8.40937124825,9.13923381747e-06,0.00686865494648,5.16955569838,0.0575154012924,0.173126154806
gradient,1,0.32,0.329999983311,predicted,Actual proposal support boundary; monitored coordinates are pre-native endpoint forecast,True,50,-0.127026039492,0.413301545574,0.0133055688477,-0.100057890453,-0.0917564174795,0.0529573655848,6.90010659265,6.2343121576,0.407021401444,-0.53640434553,1.75977096543,0.182826357228,0.270323931202,0.262519806203,0.257669832964,0.203451770275,4.49183349566,0.20989930082,0.666550195876,9.30391484801,2.34336106621e-07,0.000699581370878,8.71584906952,5.70766829502e-06,0.0037608746134,9.60485172153,2.36015255924e-08,0.000191668885292,8.28428802699,1.27428513936e-05,0.00896199013389,10.2739298569,7.67421804639e-10,1.97469721563e-05,8.90307813233,1.29118703324e-06,0.00194256190975,8.32037655094,2.53993904419e-06,0.00581891671174,9.04707888145,4.22862599133e-07,0.00117527720206,8.857715625,2.28155159729e-06,0.00250596022674,8.63790996585,2.59674276079e-06,0.00343856262303,8.08986855268,2.97106372578e-05,0.0138103607723,8.29051264573,1.44953393666e-05,0.00880075763571,4.66873375011,0.162721111346,0.345358993572,8.23650968713,2.38043879224e-05,0.010929504437,9.60270906285,2.02663140201e-08,0.000177109899981,5.26403958544,0.0563796826626,0.29222059613,7.26081773773,0.000364984175989,0.0705575092566,8.40673035203,9.19392436914e-06,0.00691172475193,5.1692273111,0.0574821620578,0.173072480081
gradient,1,0.33,0.340000003576,predicted,Actual proposal support boundary; monitored coordinates are pre-native endpoint forecast,True,50,-0.126037423113,0.394569087132,0.0104822517967,-0.100281003752,-0.0947522926593,0.0526538418597,6.90246050634,6.23012397532,0.40675003709,-0.532488143159,1.75305001065,0.182761170506,0.270307029822,0.262720814769,0.257650874096,0.203433917074,4.49632204269,0.209544245601,0.665844371952,9.29804940894,2.41405055213e-07,0.000712545880028,8.71285997933,5.78424436437e-06,0.00378671454309,9.6028383605,2.41164648002e-08,0.000193824392969,8.28334393429,1.27524202829e-05,0.00897919509201,10.2757263136,7.59353181099e-10,1.96069612764e-05,8.90541670603,1.2616802464e-06,0.00192396397225,8.31695028478,2.58089887141e-06,0.00587729808361,9.04857686482,4.22781882942e-07,0.00117178077765,8.85758857547,2.29997269153e-06,0.00250977307774,8.6386575612,2.55567984758e-06,0.00342481354137,8.09524597883,2.89437593948e-05,0.0136501475852,8.29090336283,1.44719060681e-05,0.00879134556904,4.66793410703,0.162926065866,0.345326487636,8.23860178164,2.35878663284e-05,0.0108786638877,9.6025903927,2.05270770705e-08,0.000178199669632,5.25656293694,0.0568800821646,0.292258377791,7.26435137718,0.000359912133196,0.0701429373088,8.40146166318,9.37459836134e-06,0.00700059651621,5.16676381047,0.0575999116595,0.173279498495
gradient,1,0.34,0.34999999404,predicted,Actual proposal support boundary; monitored coordinates are pre-native endpoint forecast,True,50,-0.130242004962,0.392757099384,0.00650812641144,-0.0979403072977,-0.094550252285,0.0523220906199,6.91372230863,6.22912737727,0.401407179082,-0.529973430799,1.76276303338,0.182673192551,0.270280805362,0.262716607278,0.257540557663,0.203409242808,4.4979888301,0.208746822734,0.665463024516,9.29518893074,2.44997571513e-07,0.000719028373976,8.70737017701,5.92162546362e-06,0.00383530306531,9.59643243304,2.4846443847e-08,0.000197841046747,8.28507828651,1.26239986491e-05,0.00894025718988,10.279220671,7.43691132387e-10,1.93341239291e-05,8.90508968531,1.26217886902e-06,0.00192517147551,8.31316992391,2.62735468085e-06,0.00594300013273,9.05374108714,4.12885898185e-07,0.0011538189871,8.85844823928,2.30229486459e-06,0.00250625560412,8.63849586314,2.54667352184e-06,0.00342506592709,8.09484342171,2.90783087101e-05,0.0136626063684,8.29477463169,1.42332277689e-05,0.00871218937317,4.66535317209,0.163485778202,0.345492847369,8.23771267697,2.36961038049e-05,0.0108968712572,9.60642957309,2.00756607605e-08,0.000175682267256,5.24941785167,0.0573974487735,0.292558958918,7.26736000683,0.000356494481247,0.0697536692964,8.39701402662,9.60201482563e-06,0.00707811642193,5.16512136616,0.0576477022046,0.173294542721
gradient,1,0.35,0.359999984503,predicted,Actual proposal support boundary; monitored coordinates are pre-native endpoint forecast,True,50,-0.125874430895,0.374203543124,0.00579624668121,-0.0991348982239,-0.0958515501285,0.0520754610593,6.91570723542,6.22596846827,0.39582384705,-0.527936886228,1.76760610341,0.18268270128,0.270300828671,0.262822012162,0.257485220955,0.203358194564,4.49715031438,0.208755499291,0.665076315241,9.29569706576,2.44126434536e-07,0.000717948871486,8.70620519192,5.94060683777e-06,0.00384399882207,9.59450859903,2.51127160338e-08,0.000199235536457,8.2850811231,1.25816543804e-05,0.00893565952886,10.2807083622,7.37104424825e-10,1.92205466341e-05,8.90346422131,1.26639292521e-06,0.00193168188442,8.31252499957,2.62434996996e-06,0.00595081890895,9.05643937978,4.06790097552e-07,0.00114370352158,8.85715193333,2.32328352157e-06,0.00251602187453,8.6403781673,2.51174856975e-06,0.00340540313243,8.0972729788,2.87547490432e-05,0.0135906989058,8.29969794284,1.39068924512e-05,0.00861013150122,4.66523074178,0.163570511189,0.345454988611,8.23752246413,2.37363726833e-05,0.0108983793685,9.60583350308,2.02411251141e-08,0.000176441564983,5.24662542615,0.0575797433452,0.292385432007,7.26618656572,0.000357996308567,0.0699063922742,8.39294831958,9.77719281773e-06,0.00714876317253,5.16528616328,0.057594017266,0.173323146088
gradient,1,0.36,0.370000004768,predicted,Actual proposal support boundary; monitored coordinates are pre-native endpoint forecast,True,50,-0.126625360902,0.384596103107,0.00791821971893,-0.0877020687246,-0.0883623734379,0.0510994097992,6.91559611632,6.23293204572,0.393797110283,-0.524495609876,1.74879985883,0.182527821404,0.270176905192,0.262706956002,0.257549419608,0.203542613188,4.49656523585,0.208826409298,0.666102180147,9.2867092441,2.53815322205e-07,0.000736840024958,8.72294690856,5.53152273137e-06,0.00369767276722,9.59398220967,2.52036933598e-08,0.000199450813423,8.29508259169,1.20015815939e-05,0.00872452554055,10.2737329946,7.70634904029e-10,1.97912566915e-05,8.90925682127,1.24023394019e-06,0.00190507828934,8.3130071869,2.63857663746e-06,0.00594970649152,9.05788831364,4.04447788243e-07,0.00113884513237,8.85303714015,2.34124197668e-06,0.00253881565083,8.64261262743,2.4629208661e-06,0.00338266614925,8.09231010994,2.91687763981e-05,0.0137312811469,8.28604150554,1.47739473202e-05,0.00889110425081,4.66865780758,0.163184335333,0.346886418002,8.2435246693,2.28998091953e-05,0.0107731561018,9.59872175533,2.11590241421e-08,0.000181478857014,5.23741973142,0.0583411525426,0.293065201556,7.2686623456,0.000357877217854,0.0694259697919,8.40855347467,9.06004276175e-06,0.00688980312282,5.16632413502,0.0575148668698,0.173418274558
gradient,1,0.37,0.379999995232,predicted,Actual proposal support boundary; monitored coordinates are pre-native endpoint forecast,True,50,-0.128211986361,0.376823115375,0.00488867536545,-0.0908325100327,-0.0883743977809,0.0513460602112,6.92524554201,6.23114025399,0.396191557873,-0.51569872886,1.78954178461,0.182631692135,0.270264260202,0.262769405294,0.257201585018,0.203304924033,4.49753653259,0.208912125166,0.664931761659,9.29355785996,2.47229616844e-07,0.000723132019303,8.70276469261,6.04270483995e-06,0.00387743366198,9.59030315733,2.55782980449e-08,0.000201667826428,8.29491547297,1.19819502364e-05,0.00872723714864,10.2811916676,7.33334102442e-10,1.91577479464e-05,8.90999546804,1.22223496565e-06,0.00189414066318,8.31177784381,2.62192308594e-06,0.00596395830848,9.06431923016,3.9019931204e-07,0.00111577305094,8.8530142481,2.41620612669e-06,0.00255325469592,8.64548383645,2.39687248781e-06,0.0033478395285,8.08773749146,2.97331374959e-05,0.013873453163,8.30283701756,1.36199751097e-05,0.0085370554339,4.66794219678,0.163427310678,0.347000363273,8.23998764679,2.36468015433e-05,0.0108334460568,9.60306640289,2.06091010901e-08,0.000178271445556,5.23717937589,0.0582414215151,0.29216590085,7.27145168546,0.000350869054725,0.0692928538461,8.39202686448,9.95797172228e-06,0.00717025867074,5.16776486264,0.0573651468922,0.17304474871
gradient,1,0.38,0.389999985695,predicted,Actual proposal support boundary; monitored coordinates are pre-native endpoint forecast,True,50,-0.132677415129,0.380005889126,0.00388051048278,-0.0928660202408,-0.0867768416071,0.0509498498321,6.93125076174,6.2258892842,0.396665270014,-0.513765590289,1.7818496094,0.182626684887,0.270251296346,0.262774911932,0.257226979038,0.203281964949,4.49807801578,0.209043702167,0.664756311976,9.29329517043,2.4792714654e-07,0.000723902911098,8.6983168085,6.16399918421e-06,0.00391813955691,9.59402878679,2.49532433368e-08,0.000198603391127,8.29861052812,1.17783074586e-05,0.00864947511292,10.2792008254,7.4284143016e-10,1.93174726247e-05,8.90780997686,1.23858390859e-06,0.00190696958761,8.31094978699,2.63135050462e-06,0.00598017982475,9.06686829423,3.84665175192e-07,0.00110698928601,8.84788344834,2.47735350293e-06,0.00258810253073,8.64641588002,2.3746724498e-06,0.00333403028606,8.08975628794,2.95343059535e-05,0.0138135415766,8.30270660418,1.36257875622e-05,0.00854074966665,4.66646784038,0.16368290654,0.346999662556,8.2349427679,2.41432009497e-05,0.0109489549818,9.60368584145,2.04197965943e-08,0.000177436816639,5.23456699556,0.0584197152061,0.291960193462,7.27535268009,0.000344482839737,0.0688980451874,8.39065869379,1.00369259432e-05,0.00719471743444,5.16997899042,0.0572534126694,0.172967733948
gradient,1,0.39,0.399999976158,predicted,Actual proposal support boundary; monitored coordinates are pre-native endpoint forecast,True,50,-0.133804812126,0.394859448655,0.00299301639557,-0.104445872941,-0.0834351632261,0.0505083812324,6.92317694584,6.22198450733,0.39522184671,-0.513165538676,1.76222138434,0.18265861267,0.270335729001,0.262980931373,0.257413197257,0.203168106745,4.49703761181,0.209793356485,0.664693916781,9.30151312996,2.37166143794e-07,0.00070564658342,8.69373303476,6.29747998875e-06,0.00396084924503,9.60582027251,2.32129290899e-08,0.000189810040042,8.29777188395,1.18627503818e-05,0.00866916348881,10.2690613295,7.91298076542e-10,2.01522183369e-05,8.90768222983,1.2279443582e-06,0.0019037755339,8.31060337248,2.63531861152e-06,0.00598928908089,9.07073694184,3.77184950494e-07,0.0010940151361,8.83783981047,2.58104578742e-06,0.00265314923639,8.64366739048,2.38294409277e-06,0.00335156234807,8.0962165885,2.89266696652e-05,0.0136256525446,8.31121279751,1.31345519935e-05,0.00837486585794,4.66396021416,0.164069552151,0.346643273227,8.22450104323,2.50305540757e-05,0.0111987021709,9.60092268927,2.06233629416e-08,0.000178749626645,5.23830643217,0.0580868120493,0.290595233315,7.27610840536,0.000342363312434,0.0688748294346,8.39273203208,9.8432546942e-06,0.00715925823535,5.17384639504,0.0569700976982,0.172737122421
gradient,1,0.4,0.409999996424,predicted,Actual proposal support boundary; monitored coordinates are pre-native endpoint forecast,True,50,-0.132268957355,0.310875654659,0.000605857524871,-0.113812305369,-0.0845538535976,0.0493247213087,6.91583640566,6.22486311486,0.3867148046,-0.506896137992,1.76206525931,0.18269829988,0.270379247437,0.263059743879,0.257447060314,0.203151506677,4.4976401234,0.209721923993,0.664493371552,9.30764940535,2.29963055581e-07,0.00069251070921,8.68851590248,6.44871865225e-06,0.00400931212404,9.61095579839,2.26148719588e-08,0.000186496396538,8.29321402433,1.21248358032e-05,0.0087634412721,10.2609851924,8.33768905597e-10,2.08636756519e-05,8.90175001903,1.25740745334e-06,0.00193358544972,8.30594723569,2.70244951144e-06,0.0060768379528,9.07776646561,3.62579508396e-07,0.00106937368069,8.83434061981,2.62290966272e-06,0.00267691580397,8.64646181501,2.32742091186e-06,0.00331574787592,8.10443321888,2.79625719401e-05,0.0133851978205,8.32283697853,1.24777888225e-05,0.00814966873408,4.66258403051,0.164354038453,0.346293111215,8.22247892282,2.51757371131e-05,0.0112482607033,9.59625769489,2.12520533489e-08,0.000182206504814,5.23992288229,0.057934829966,0.289850769739,7.27626401231,0.00034205953602,0.0688570576619,8.38724391237,1.00454989806e-05,0.00725145660002,5.17342160437,0.0570045554125,0.172545216812
gradient,1,0.41,0.419999986887,predicted,Actual proposal support boundary; monitored coordinates are pre-native endpoint forecast,True,50,-0.128885825915,0.343448414452,0.00502443567276,-0.110241111555,-0.0768373930717,0.0494766508162,6.89739630584,6.25473106596,0.38059750359,-0.508406699507,1.74990333332,0.182504104207,0.27017992591,0.26275081112,0.25743879951,0.203504424571,4.49079991579,0.210539182473,0.66511762818,9.30693216598,2.30949428078e-07,0.00069390576486,8.70132903255,6.12435617658e-06,0.0038955524427,9.61107117171,2.27661179724e-08,0.000186769408466,8.29391799951,1.21530678389e-05,0.00875355973158,10.2407389516,9.52885036288e-10,2.27725735216e-05,8.90945134899,1.21056455853e-06,0.00189196614302,8.31044218667,2.64222136073e-06,0.00599814841077,9.07303538374,3.72142365127e-07,0.0010856481485,8.8315504006,2.6392068437e-06,0.00269292586156,8.64699742883,2.32364723316e-06,0.003316606563,8.10397832551,2.78407326046e-05,0.0133912358274,8.3210120879,1.25706273583e-05,0.00818577194399,4.66653409375,0.163965738376,0.346834469107,8.22683721796,2.4579862929e-05,0.0111537227403,9.57956098525,2.35369058751e-08,0.000194591342347,5.24094120746,0.0578873084768,0.289445234759,7.27221224325,0.000348174657284,0.0693032088743,8.40183789958,9.37463428644e-06,0.00700347441468,5.1728127367,0.0570578807043,0.172601693715
gradient,1,0.42,0.42999997735,predicted,Actual proposal support boundary; monitored coordinates are pre-native endpoint forecast,True,50,-0.136831046156,0.381062932612,0.00254364982605,-0.120187234917,-0.081813618269,0.0490707012827,6.88366288432,6.27521968955,0.378770291311,-0.505991268466,1.73798543587,0.182369858749,0.270019964134,0.26251969039,0.257506148533,0.203787919856,4.49095131657,0.210282548472,0.664115518397,9.30552631085,2.33190515656e-07,0.000697189393059,8.69490350515,6.3096887707e-06,0.00395490010087,9.61857091581,2.19456914407e-08,0.000182111485985,8.28298452712,1.27437030296e-05,0.00898233465478,10.2299494853,1.02264904181e-09,2.38503898054e-05,8.90492382875,1.23811069044e-06,0.00191627028421,8.30624787416,2.6873411454e-06,0.00607121033755,9.0718321211,3.74617611542e-07,0.00109009025849,8.83298394299,2.60762626565e-06,0.00267998073324,8.6462314911,2.32848097343e-06,0.00331966472466,8.11490763313,2.66368427614e-05,0.0130766266607,8.33052765157,1.20496425776e-05,0.00800531912879,4.66427447254,0.164349529461,0.345588000913,8.2253823628,2.4609101886e-05,0.01119331741,9.57368446318,2.43914960843e-08,0.000199201312736,5.24043151486,0.0578209123492,0.288285823729,7.27351429487,0.000344699235825,0.0692404819063,8.39479660419,9.59122288173e-06,0.00712003838511,5.16575972481,0.0575575412724,0.172771625472
gradient,1,0.43,0.439999997616,predicted,Actual proposal support boundary; monitored coordinates are pre-native endpoint forecast,True,50,-0.136713732077,0.382526709059,0.00378664985656,-0.124437913933,-0.0866538039112,0.0481037086346,6.86219170494,6.289820796,0.37514404727,-0.503935196506,1.71702452243,0.182351187011,0.270015766794,0.26253440818,0.257661154245,0.203945006389,4.49065341964,0.210299510744,0.664359872697,9.30456707727,2.34880380802e-07,0.000699503022861,8.70254916857,6.11919342252e-06,0.00388661691985,9.62832257326,2.06367618691e-08,0.000175210794725,8.27061004417,1.35188412514e-05,0.00924970142316,10.2244507879,1.06191399357e-09,2.4428312618e-05,8.90385564017,1.24797290552e-06,0.00192359843302,8.30378558926,2.72324893707e-06,0.0061173733383,9.06769140803,3.81192398565e-07,0.00110303901644,8.83006668501,2.63068732948e-06,0.00269804469602,8.64767829238,2.3169977829e-06,0.00330562896657,8.11769534212,2.64029405235e-05,0.0130006766756,8.33536402431,1.17892379439e-05,0.00791323688551,4.66590486303,0.163968184828,0.345233180329,8.22739419678,2.43654564187e-05,0.0111492275604,9.57003624365,2.48908677776e-08,0.000201956475233,5.24653541943,0.0574065074326,0.288216492686,7.27240015569,0.000345112388832,0.0694184176885,8.39724534328,9.40606340555e-06,0.00707782626275,5.15687344214,0.0581863023306,0.172992799455
gradient,1,0.44,0.449999988079,predicted,Actual proposal support boundary; monitored coordinates are pre-native endpoint forecast,True,50,-0.138502475423,0.387428756937,0.00671579614639,-0.117569399514,-0.084912863698,0.0482061832036,6.86307090089,6.29040260505,0.379802765685,-0.503574498181,1.71269538862,0.182365519534,0.269964187126,0.262461832148,0.257616619607,0.204000651021,4.48984423629,0.210543012444,0.664977985317,9.30094505077,2.39462582291e-07,0.000707333155726,8.7092296999,5.95813501764e-06,0.00382873142274,9.62710879765,2.07676410376e-08,0.000175888689564,8.27250652708,1.34554991636e-05,0.00920933304265,10.2272169029,1.04416801968e-09,2.41537170971e-05,8.90961393764,1.21925767315e-06,0.00189420416554,8.30639807188,2.69327023603e-06,0.0060715534743,9.06363955056,3.88421194167e-07,0.00111658625727,8.83026237438,2.61655949528e-06,0.00269492536404,8.64768486964,2.31841840111e-06,0.00330954783286,8.10948098885,2.72954342362e-05,0.0132349002615,8.32904922398,1.20990500468e-05,0.00802922966373,4.66954766314,0.163349537481,0.345914046714,8.23003366034,2.40442155781e-05,0.0110909187843,9.56965584457,2.49594788631e-08,0.000202288581361,5.24801214605,0.0573513763567,0.288874010407,7.27221667552,0.000345704163134,0.0694184525813,8.40633073535,9.04573681525e-06,0.00692507847922,5.15511875227,0.0583355453258,0.172983950383
gradient,1,0.45,0.459999978542,predicted,Actual proposal support boundary; monitored coordinates are pre-native endpoint forecast,True,50,-0.136219703655,0.385843848542,0.00931464448929,-0.106009818354,-0.0813399136329,0.0480912317356,6.86322867885,6.29526407589,0.377006848199,-0.505058528501,1.71336598986,0.182339131698,0.269897884564,0.262336114453,0.257571944396,0.204079823226,4.49097508226,0.210363315939,0.6660854821,9.29578364227,2.45558432596e-07,0.000718297646202,8.72323260022,5.62079119235e-06,0.00370817160609,9.61972478163,2.16309681308e-08,0.000180531129809,8.27623806211,1.32537029646e-05,0.00913052169025,10.2325911851,1.00794628388e-09,2.35971404056e-05,8.91951980221,1.16073591771e-06,0.00184149141461,8.3088452565,2.66284421903e-06,0.00602805264382,9.06106951251,3.92670701456e-07,0.0011246385047,8.82859532992,2.63702625868e-06,0.00270718020709,8.65018738205,2.2819903252e-06,0.00328908755317,8.099339622,2.8391090164e-05,0.0135295312006,8.32117266896,1.25103129146e-05,0.00817759977837,4.67236701344,0.162995713052,0.346588638697,8.23729545118,2.328705675e-05,0.0109256072862,9.57105099038,2.48144668877e-08,0.000201373334997,5.24622297555,0.0575585416348,0.289817008933,7.27226025472,0.000345854594712,0.0694059410172,8.41953484623,8.51575580372e-06,0.00670866259204,5.15343835832,0.0584428290305,0.173078311707
gradient,1,0.46,0.469999998808,predicted,Actual proposal support boundary; monitored coordinates are pre-native endpoint forecast,True,50,-0.140609842145,0.379202946078,0.00305450216293,-0.0995494586611,-0.0867328802013,0.0479866489648,6.87021941541,6.29278582746,0.373404635194,-0.507594742611,1.72061604842,0.182341750847,0.269901574864,0.262307048688,0.25749359543,0.204046645836,4.5001651822,0.208264360871,0.666388194126,9.2894566206,2.53854868153e-07,0.000732392599722,8.72202325899,5.64722539056e-06,0.0037183233851,9.60751389345,2.3175227003e-08,0.000188719035532,8.27278840332,1.3418043178e-05,0.00920410807152,10.2459161566,9.2765385032e-10,2.23275224105e-05,8.92187099901,1.15335733801e-06,0.00183145903768,8.30196572101,2.74878670371e-06,0.00614740393902,9.06256540617,3.89836865821e-07,0.00111960685867,8.83420768391,2.58279671495e-06,0.00267111718382,8.64934016883,2.28975323221e-06,0.00329630047595,8.10075399598,2.822297524e-05,0.0134892348112,8.32255730621,1.2417976939e-05,0.00814747375137,4.66648851685,0.163971170434,0.345963952369,8.24147357116,2.29400625235e-05,0.0108275202528,9.58365613516,2.31293279247e-08,0.000192462679592,5.24096867099,0.0580121429746,0.291232605552,7.27841052792,0.000337541559367,0.0686871542481,8.4164832865,8.65647203043e-06,0.00675873367988,5.14615805685,0.0589227431663,0.173338260473
gradient,1,0.47,0.479999989271,predicted,Actual proposal support boundary; monitored coordinates are pre-native endpoint forecast,True,50,-0.139120359099,0.38697884536,0.000647902641294,-0.0830758685255,-0.0827877196932,0.0467883218605,6.86943763885,6.29360970963,0.374860809712,-0.496396893789,1.72603653496,0.182465249908,0.26996170922,0.262313768973,0.257429515758,0.203929735031,4.50239834709,0.207251931444,0.667578167676,9.27661362013,2.71401597411e-07,0.000762374952168,8.73396103787,5.35403159429e-06,0.00361507705466,9.60466110168,2.30739135652e-08,0.000188811395361,8.28263063195,1.28035816993e-05,0.00899316354944,10.2493232451,9.08893258848e-10,2.20297312883e-05,8.92873430712,1.13813336935e-06,0.00180497028184,8.29792006109,2.80855977679e-06,0.00622042909132,9.07068136854,3.71663353841e-07,0.00108967778821,8.84236668871,2.50011083353e-06,0.0026186879189,8.65041776529,2.28801639741e-06,0.00329100927081,8.08732467908,3.00339542829e-05,0.0138883649659,8.3121450322,1.30405147139e-05,0.00835216029375,4.6688400516,0.163850269974,0.347463913872,8.25397091933,2.18829309519e-05,0.0105403788603,9.58575068363,2.28081839897e-08,0.00019083217575,5.22685783105,0.0591670887455,0.29263361752,7.287057226,0.000327222133787,0.0676241087355,8.42250380158,8.50886506791e-06,0.00666479339092,5.14432097471,0.058992983179,0.173339460113
gradient,1,0.48,0.489999979734,predicted,Actual proposal support boundary; monitored coordinates are pre-native endpoint forecast,True,50,-0.146130673277,0.449060387337,9.14384460415e-05,-0.0717398041868,-0.0807032132411,0.0465082393807,6.87175213726,6.29728974591,0.377766053263,-0.492588343874,1.73134711889,0.182433786264,0.269951316948,0.262281371311,0.257365009003,0.203884963615,4.50575768592,0.206801626825,0.667875120243,9.26779447443,2.83427808376e-07,0.000783005028597,8.739023606,5.24606838694e-06,0.00357417276641,9.59920850391,2.38826908371e-08,0.000192705869664,8.28886250025,1.24100766522e-05,0.00886026164174,10.25244948,8.91792081895e-10,2.17457028087e-05,8.93522569442,1.10675713497e-06,0.00177393811867,8.2966704289,2.82888855125e-06,0.0062442209253,9.07282576332,3.67777593287e-07,0.00108238332114,8.84892492137,2.43137803844e-06,0.00257608888649,8.65072442816,2.29668876653e-06,0.00329352152707,8.07962788515,3.09430484311e-05,0.0141202693204,8.30389411173,1.3506018673e-05,0.00851321159454,4.67045334119,0.163685797709,0.348182120395,8.26194449576,2.12036259116e-05,0.0103627169694,9.58715974877,2.26734325149e-08,0.000190048520345,5.2173410971,0.0599127410971,0.293322941075,7.29099493376,0.000322470219748,0.0671603386862,8.42606677073,8.4157457519e-06,0.0066106705232,5.14324773186,0.0590272049376,0.173488773527
gradient,1,0.49,0.5,predicted,Actual proposal support boundary; monitored coordinates are pre-native endpoint forecast,True,50,-0.139524590002,0.445069262901,-0.00260519966126,-0.0672035572314,-0.0810957864189,0.0462223413097,6.87245176246,6.29748015954,0.378429631635,-0.489321813802,1.73156896206,0.182416553307,0.269944616301,0.26230662065,0.257375014112,0.203851316428,4.50915278032,0.206053369909,0.668046528107,9.26253288395,2.90083729724e-07,0.000795056345631,8.7383847342,5.26691985821e-06,0.0035806511685,9.59718755706,2.41186260467e-08,0.000193859502291,8.29206367313,1.21839988059e-05,0.00879083042234,10.2530525456,8.89873598268e-10,2.17039887721e-05,8.93803068425,1.09507797206e-06,0.00176095478873,8.29336250007,2.87411855253e-06,0.0063040819277,9.0759317104,3.62370987539e-07,0.00107219868335,8.85185376874,2.41358003852e-06,0.0025599318254,8.65219065017,2.2692962347e-06,0.00327714304525,8.07956531173,3.09637349067e-05,0.0141222295016,8.30002152074,1.37524375068e-05,0.00859236637135,4.66889459169,0.164007423375,0.348219105603,8.26637022421,2.08522437229e-05,0.0102641028236,9.58903156047,2.24277091439e-08,0.000188798003891,5.20965726801,0.0605086311662,0.293737809934,7.29596263148,0.000315929944315,0.0666054025113,8.42428517589,8.51414794167e-06,0.0066408796237,5.14226768737,0.0590536347861,0.173632397488
