arm,batch,time,state_time,monitored_coordinate_view,state_time_semantics,within_control_state_window,n_available,mean_reward,mean_standardized_residual,global_centroid_x,global_centroid_y,global_centroid_z,shape_xx,shape_yy,shape_zz,shape_xy,shape_xz,shape_yz,pair_kernel_1.5,pair_kernel_2.5,pair_kernel_3.5,pair_kernel_5.0,pair_kernel_7.0,landmark_00_softmin,landmark_00_occupancy3,landmark_00_occupancy5,landmark_01_softmin,landmark_01_occupancy3,landmark_01_occupancy5,landmark_02_softmin,landmark_02_occupancy3,landmark_02_occupancy5,landmark_03_softmin,landmark_03_occupancy3,landmark_03_occupancy5,landmark_04_softmin,landmark_04_occupancy3,landmark_04_occupancy5,landmark_05_softmin,landmark_05_occupancy3,landmark_05_occupancy5,landmark_06_softmin,landmark_06_occupancy3,landmark_06_occupancy5,landmark_07_softmin,landmark_07_occupancy3,landmark_07_occupancy5,landmark_08_softmin,landmark_08_occupancy3,landmark_08_occupancy5,landmark_09_softmin,landmark_09_occupancy3,landmark_09_occupancy5,landmark_10_softmin,landmark_10_occupancy3,landmark_10_occupancy5,landmark_11_softmin,landmark_11_occupancy3,landmark_11_occupancy5,landmark_12_softmin,landmark_12_occupancy3,landmark_12_occupancy5,landmark_13_softmin,landmark_13_occupancy3,landmark_13_occupancy5,landmark_14_softmin,landmark_14_occupancy3,landmark_14_occupancy5,landmark_15_softmin,landmark_15_occupancy3,landmark_15_occupancy5,landmark_16_softmin,landmark_16_occupancy3,landmark_16_occupancy5,landmark_17_softmin,landmark_17_occupancy3,landmark_17_occupancy5,landmark_18_softmin,landmark_18_occupancy3,landmark_18_occupancy5,landmark_19_softmin,landmark_19_occupancy3,landmark_19_occupancy5
unguided,24,0,0.00999999977648,predicted,Actual proposal support boundary; monitored coordinates are pre-native endpoint forecast,True,50,-0.283583368015,0.766352383087,-0.0872483657265,-0.161498460808,0.390506097946,0.0470188342145,5.39866581951,7.32310225171,0.210886374911,-0.556271037149,1.50137210478,0.181729987079,0.256813125872,0.264874409977,0.265098656758,0.219405494043,4.62403278948,0.198731807331,0.732222627098,9.97192261862,3.76499595844e-09,5.81754305587e-05,9.13179636299,7.89843864382e-07,0.00127688145449,9.80471375483,5.14575394179e-09,7.2756712265e-05,8.28630525232,1.24391341354e-05,0.00917429247209,9.42938478477,7.29900525984e-08,0.000388057832247,9.30974053651,2.03561268203e-07,0.000619367904053,8.20932759327,4.88925315493e-06,0.0084399344002,9.3219362632,7.97127294529e-08,0.00045077137329,9.07828516627,5.33830507927e-07,0.00121376500569,8.48666485414,4.62468134247e-06,0.00490208475837,8.31858136054,1.01539054397e-05,0.00787216989338,8.74914914047,1.09932850097e-06,0.00247517675068,4.53936951285,0.198738488447,0.367038921108,8.59097072655,4.78674247351e-06,0.00468569206289,9.2021905614,1.28770722414e-07,0.000632343059324,5.51508616843,0.0421664527945,0.270756382077,7.35736898583,0.0002784235023,0.0581191625469,8.75747437897,3.39519899167e-06,0.00305965554609,5.58605239824,0.0360286402944,0.175300484716
unguided,24,0.01,0.019999999553,predicted,Actual proposal support boundary; monitored coordinates are pre-native endpoint forecast,True,50,-0.24406660429,0.705077942298,-0.0841226981545,-0.0925770980501,0.35214541671,0.0399817853527,5.22246046696,7.13857237464,0.0193403812525,-0.537018884359,1.85172598553,0.186335924308,0.266069121069,0.276737845068,0.264663655457,0.211254145619,4.60119764008,0.203191678053,0.739176316135,9.97630910657,4.37531810801e-09,6.29347217367e-05,9.289926289,3.64596218585e-07,0.000807397794177,9.65050788969,1.36104550589e-08,0.000136860070723,8.19173202374,2.28618886799e-05,0.0113693492628,9.47154636532,6.9595934121e-08,0.000359104797103,9.33957579472,1.55860444517e-07,0.000536984389459,8.20672090352,5.03472023559e-06,0.00845026284917,9.34231816555,8.18523799042e-08,0.000443464667849,9.18150845027,3.4197524127e-07,0.000916851472013,8.63073158474,2.23574458759e-06,0.00328967942215,8.33568392933,8.70218661498e-06,0.00745579398193,8.78071278806,1.13337718015e-06,0.0023186354849,4.50856060932,0.205536869741,0.366374955873,8.79381800787,1.89270263032e-06,0.00277560921449,9.20062307496,1.51236560017e-07,0.000681367822829,5.51440974418,0.0413275305198,0.271445603682,7.31943102201,0.000307308210481,0.0629728086457,8.7900688278,2.5086150794e-06,0.00270320313592,5.52133536478,0.0375207360964,0.16204598428
unguided,24,0.02,0.0299999993294,predicted,Actual proposal support boundary; monitored coordinates are pre-native endpoint forecast,True,50,-0.217120302067,0.660592006008,-0.0950502560997,-0.043611611166,0.3245337185,0.0413259534822,5.43333279884,7.095521538,-0.00911875802678,-0.496494053194,2.12651965176,0.185355239572,0.265514570097,0.277261681807,0.2586489469,0.210010991287,4.6149467315,0.196939905422,0.735027680007,9.92404587699,6.64873941036e-09,8.10188211772e-05,9.18511411084,6.57097898956e-07,0.00112204365816,9.53586054849,2.51462869686e-08,0.000208375695174,8.15982108087,2.79384721504e-05,0.0121740754959,9.48920455943,6.50889245882e-08,0.000352140397913,9.27229505322,2.34319783622e-07,0.000677415859182,8.19618542976,5.26667900581e-06,0.00867704324853,9.35328105132,8.26471987941e-08,0.000435779006371,9.21569843367,3.01589733188e-07,0.000839592111655,8.67401417047,1.83737084975e-06,0.0029402977217,8.29269360387,1.0091261784e-05,0.00827171858081,8.77045626341,1.28033001853e-06,0.00240264951354,4.51117513186,0.206672165229,0.367902852986,8.79941776228,1.83064543986e-06,0.00274206074778,9.18133831313,2.00596497797e-07,0.000776800074396,5.47212857555,0.043558304974,0.276874409465,7.3242576599,0.000298342341578,0.0627335994251,8.69815435074,4.17656390947e-06,0.00345728443196,5.47681441661,0.0386705320201,0.159142928568
unguided,24,0.03,0.0399999991059,predicted,Actual proposal support boundary; monitored coordinates are pre-native endpoint forecast,True,50,-0.199453320049,0.627686334016,-0.111779320087,-0.00586238745689,0.318004518423,0.0459526961959,5.63203831599,7.05311650919,-0.0257091419842,-0.49129547194,2.28295663206,0.184590712041,0.263414384751,0.275953451788,0.255225049337,0.209841031766,4.62846995802,0.191064932817,0.73050459317,9.87158275106,9.99746248712e-09,0.000102514883459,9.11334949799,9.51500977938e-07,0.00138074261703,9.43406789895,4.39455707184e-08,0.000301986462108,8.16455637568,2.84244896613e-05,0.0120268272058,9.50732878855,6.16456348644e-08,0.000342596251094,9.24138378126,2.81236460156e-07,0.000751649741675,8.1917325521,5.37051127546e-06,0.00877916773474,9.35642801186,8.30200359689e-08,0.00043421656391,9.23263912195,2.84160933347e-07,0.000802201840416,8.68349699189,1.70232004186e-06,0.00286397633799,8.27353259848,1.05747891605e-05,0.0086230542607,8.75846305895,1.36902048452e-06,0.00248675771654,4.49829306359,0.210222714168,0.368265696807,8.78857783369,1.91341231759e-06,0.00282299413341,9.17811062316,2.38686582004e-07,0.000825533293835,5.43154523134,0.0462331902183,0.28077082787,7.33973373601,0.00028209247759,0.0610550469298,8.65337892577,5.39954427508e-06,0.00388657658781,5.45435246079,0.0397109984396,0.158089332588
unguided,24,0.04,0.0499999970198,predicted,Actual proposal support boundary; monitored coordinates are pre-native endpoint forecast,True,50,-0.1870268037,0.60791523948,-0.114645192471,0.0376489126301,0.305754142675,0.0496108145106,5.80515322854,7.00746922508,-0.0477239446246,-0.487849852663,2.47039475846,0.184384394149,0.262896772774,0.272661853496,0.253690898211,0.211217295201,4.64103617554,0.186655369332,0.727869060356,9.85885370494,1.08603371396e-08,0.000107794799494,9.07124952426,1.17968847319e-06,0.00155594766795,9.35392157565,6.6827149216e-08,0.000398734705557,8.16323928394,2.95457171737e-05,0.0120231176126,9.56787361609,4.59064662822e-08,0.000283178124239,9.20737405394,3.36756243533e-07,0.000837035016299,8.19281740353,5.40253562463e-06,0.00876712176682,9.35676712304,8.37590541925e-08,0.00043420175771,9.25068800816,2.70849019439e-07,0.000765354591093,8.70631056551,1.52437378433e-06,0.00269682310585,8.24419836881,1.1286770763e-05,0.00920147282407,8.74586560728,1.40119173741e-06,0.00255398779726,4.49696520125,0.21162764269,0.366931186337,8.79755203428,1.87543983703e-06,0.00276245849253,9.19904215497,2.24476008768e-07,0.000787696805964,5.41714781872,0.0475220488341,0.287476302645,7.34390218434,0.00027420373086,0.0608480171799,8.60448760763,6.9677404539e-06,0.00440331410023,5.44286937848,0.0399999071897,0.158328032841
unguided,24,0.05,0.0599999986589,predicted,Actual proposal support boundary; monitored coordinates are pre-native endpoint forecast,True,50,-0.174036656066,0.57987826683,-0.116212003078,0.0449135291195,0.290582346592,0.0516185655129,5.97463851736,6.93594534274,-0.0488178635539,-0.478429946924,2.5694346988,0.184650803255,0.262147321597,0.270439254341,0.252545637183,0.211865165074,4.65182150216,0.183579871326,0.72577190097,9.85825364548,1.1179954104e-08,0.000108609144871,9.01554498457,1.526965858e-06,0.00180159113081,9.31669478793,8.13804820981e-08,0.00045437474499,8.17123405906,2.90926350425e-05,0.0118001988788,9.61601253818,3.61342130819e-08,0.000242074007219,9.17347988444,3.96097484628e-07,0.000923798771835,8.19349881768,5.39860012582e-06,0.00875573568853,9.35954716323,8.31699497908e-08,0.000431293113806,9.22257192536,3.34480665471e-07,0.000849266635227,8.70908386977,1.50743358116e-06,0.00268785745025,8.23047226436,1.16959803259e-05,0.00948395799572,8.73855222627,1.42039569236e-06,0.00259791883931,4.50079645898,0.210792178654,0.365393787051,8.74512641223,2.56177703664e-06,0.00320364599773,9.21873558268,2.06002021783e-07,0.000746222462101,5.40594144867,0.0484244412089,0.290635990009,7.34431530331,0.000270022510882,0.0610626244759,8.56551837468,8.46092760693e-06,0.00484304104411,5.44055267866,0.0399789897641,0.157345450104
unguided,24,0.06,0.070000000298,predicted,Actual proposal support boundary; monitored coordinates are pre-native endpoint forecast,True,50,-0.16531641842,0.564170209128,-0.116599993553,0.0320422952986,0.282116439018,0.0517697194927,6.10690415963,6.84026603587,-0.0404671473962,-0.467810431222,2.60490978121,0.185377624469,0.263049964416,0.268951997666,0.252094833546,0.211633613133,4.65644744438,0.182828439961,0.72537381558,9.85925443007,1.12958126761e-08,0.000108656358722,8.95110456966,2.08736908818e-06,0.00213951241102,9.30441704197,8.67975610756e-08,0.000476769026936,8.20316824501,2.60261490499e-05,0.0110041016917,9.65392458445,2.99311233303e-08,0.000213168749025,9.13665336933,4.79085060777e-07,0.00103115939277,8.19469577678,5.37622873663e-06,0.00873173521939,9.36512260472,8.2542509941e-08,0.000427006471846,9.17872391055,4.48780949084e-07,0.000988884572054,8.70743515072,1.5045589823e-06,0.00269767272096,8.22339217928,1.20204528914e-05,0.00965874159646,8.73668239102,1.43024992565e-06,0.00261179644098,4.5045686978,0.209780387209,0.363590497708,8.67980582497,3.71999551414e-06,0.00382664629427,9.23951544977,1.83613634689e-07,0.000697745508499,5.40437163766,0.0485143765957,0.291433414419,7.35046059158,0.00025771450147,0.0607399208129,8.52078614915,1.05644426303e-05,0.00541054820265,5.44513448763,0.0396632530288,0.155494322195
unguided,24,0.07,0.0799999982119,predicted,Actual proposal support boundary; monitored coordinates are pre-native endpoint forecast,True,50,-0.160148380429,0.553786544913,-0.116661605682,0.0289851414776,0.275155748997,0.0519463993406,6.16333706982,6.75917905016,-0.0228883334758,-0.459725059325,2.57827830407,0.185928659206,0.264004835755,0.269529911001,0.25241010827,0.211136880915,4.6566472276,0.18327831403,0.7259121209,9.85185069008,1.19452233467e-08,0.000112059283837,8.91250304184,2.5216717622e-06,0.00236972883835,9.29847019639,9.17572803244e-08,0.000492007022372,8.21572499872,2.53427335497e-05,0.0107124888775,9.68087237231,2.59117342673e-08,0.000194327750087,9.1262130201,5.12871014064e-07,0.00106778914612,8.19621399798,5.29868615466e-06,0.00868512789731,9.36064439022,8.59667427007e-08,0.000436664958468,9.14676709026,5.63433885776e-07,0.00110719092357,8.69858500931,1.58438496532e-06,0.0027747803466,8.22123551857,1.19693558447e-05,0.00971772155235,8.73234880404,1.47284114044e-06,0.00264719968603,4.50830792088,0.208868803236,0.363741005103,8.62760199079,5.0896533033e-06,0.00439404962187,9.25354328995,1.70869119985e-07,0.000667990668706,5.40276678476,0.0484715461878,0.292801691098,7.3588565036,0.00024627446347,0.0599994293527,8.5010980655,1.18149908985e-05,0.00569586107049,5.4415315892,0.0398601640661,0.15472464011
unguided,24,0.08,0.0899999961257,predicted,Actual proposal support boundary; monitored coordinates are pre-native endpoint forecast,True,50,-0.160696352231,0.549868538666,-0.111487538662,0.0345807867861,0.264835566554,0.0507517577884,6.20290909135,6.70483220176,0.00762527340586,-0.448588016698,2.50448599345,0.185836762609,0.264516663501,0.269978518557,0.253209924426,0.210866655841,4.6554826519,0.183255800115,0.726980301409,9.83651194365,1.27098131153e-08,0.000117226034602,8.9018379481,2.66597288218e-06,0.00244032864205,9.30612016062,9.08296771109e-08,0.000484404604944,8.22095746973,2.51493123771e-05,0.01057664063,9.70078781706,2.31054818517e-08,0.000180798687881,9.13109604087,5.06130090706e-07,0.00105538931639,8.19967480794,5.15973101786e-06,0.00858569223344,9.35269065245,9.04796793575e-08,0.000448568992751,9.10562305456,7.45246045815e-07,0.00127595355762,8.68091672557,1.81647029904e-06,0.00295188482788,8.21167381905,1.25340247295e-05,0.00996435823298,8.70427466784,1.69657187658e-06,0.00287431228955,4.52048500959,0.206158179132,0.364461589635,8.56756746351,7.13953605138e-06,0.00512199167918,9.2564650848,1.68371058428e-07,0.000661914173762,5.3829452759,0.0498398033748,0.294077953692,7.36057656348,0.000243539890277,0.0599172081293,8.51711244425,1.08090387708e-05,0.00549355457583,5.43898800559,0.0397376656937,0.156355035081
unguided,24,0.09,0.0999999940395,predicted,Actual proposal support boundary; monitored coordinates are pre-native endpoint forecast,True,50,-0.157914471877,0.54282604455,-0.106660008278,0.0338391470528,0.247621329699,0.0505541698789,6.22040066902,6.65900346936,0.0256526182718,-0.446796676147,2.43027905712,0.186451558746,0.264766182487,0.27042847786,0.253217686689,0.211080024221,4.65094810959,0.184204711846,0.726530084711,9.819430938,1.40444692396e-08,0.000124181290311,8.89008702114,2.83249552946e-06,0.0025199553369,9.3099557589,9.22270001986e-08,0.000484298339783,8.21637978026,2.53114257832e-05,0.0106974245164,9.72939598436,1.94721536479e-08,0.000163067819671,9.13246362237,5.07354590304e-07,0.00105367734152,8.20155603034,5.05870140335e-06,0.00852765312128,9.33451356522,1.00739730242e-07,0.000477801970335,9.06775671615,9.60208693639e-07,0.00144940728141,8.67082329628,1.98855211834e-06,0.00305938003789,8.20600314027,1.2926385863e-05,0.0101338307858,8.68596498798,1.92368212097e-06,0.00305163725514,4.52540277701,0.204988665875,0.3623969073,8.51484097053,9.60629861884e-06,0.00582638351898,9.26786475676,1.58309345609e-07,0.000637146112712,5.36606720205,0.0505318713006,0.294391062387,7.36006002896,0.000241638042483,0.0601188145147,8.52223319078,1.04978171389e-05,0.00544042918457,5.42516895876,0.0404303429768,0.158675768324
unguided,24,0.1,0.109999999404,predicted,Actual proposal support boundary; monitored coordinates are pre-native endpoint forecast,True,50,-0.153495457561,0.535475688624,-0.109565622654,0.0218999695396,0.231451553974,0.0494856789645,6.23029402201,6.55912114564,0.0438782172082,-0.444917994585,2.36464470855,0.187672678534,0.265738945634,0.272147638758,0.254194686427,0.209813626206,4.6485450442,0.185004261771,0.726632197121,9.8232592344,1.31512072283e-08,0.000120262570058,8.87725600826,2.98145507447e-06,0.00259668254072,9.31506234901,9.4099016238e-08,0.000483820852011,8.21777769596,2.52009873014e-05,0.0106612647152,9.76803820162,1.53557138229e-08,0.000141128074028,9.12540694436,5.33967518351e-07,0.00108265292133,8.19886049624,5.06810996149e-06,0.00857389492403,9.33587206411,1.01007295455e-07,0.000475697105733,9.04324024873,1.11908903537e-06,0.00156784316915,8.65518679131,2.20197063739e-06,0.00320233387532,8.21074016943,1.29702343946e-05,0.0100620427007,8.67948867457,2.03214003123e-06,0.00312497544956,4.52376662342,0.205233527459,0.360800699005,8.47165349026,1.19845354057e-05,0.00643801388429,9.29017570912,1.40186731936e-07,0.000590777873537,5.35407843898,0.0509113808272,0.294279972438,7.36365748499,0.000237163754141,0.0597875658419,8.52059447184,1.05108503783e-05,0.00545472440869,5.42975471603,0.0398491506075,0.160414498456
unguided,24,0.11,0.119999997318,predicted,Actual proposal support boundary; monitored coordinates are pre-native endpoint forecast,True,50,-0.148555952228,0.528221223596,-0.109818270054,0.0108820169783,0.218988690052,0.0478551665475,6.17821598497,6.48262292934,0.0542815056996,-0.439439387657,2.30002441316,0.189514287734,0.267126689617,0.273900360625,0.255493320587,0.208418526608,4.63855497428,0.188088408709,0.725756408635,9.82586885486,1.2712952282e-08,0.000118169887687,8.89852063269,2.68501739349e-06,0.00245666075135,9.31364608138,1.01436950879e-07,0.000498733334498,8.20578125121,2.62316470158e-05,0.0109480437335,9.81497515807,1.14525772136e-08,0.000117771805727,9.13905432639,5.05710564816e-07,0.00104581565817,8.19319637056,5.18918857788e-06,0.00870574564307,9.33185134879,1.04976731959e-07,0.000483185329363,9.03389932233,1.16973809937e-06,0.00160983376489,8.63794484572,2.47946873728e-06,0.00337451135687,8.20567212597,1.3679334564e-05,0.0102412696635,8.68713950587,2.0258939257e-06,0.0030818430494,4.5246588522,0.205222919407,0.360074873402,8.45841681405,1.26241524252e-05,0.00663750637217,9.30968736026,1.25257627886e-07,0.000551043265783,5.3599968045,0.0498401356734,0.292520904679,7.36588894457,0.000233704798557,0.0595828907956,8.55315460686,8.88546236983e-06,0.00503824568374,5.42114958905,0.0400435426417,0.161942774202
unguided,24,0.12,0.129999995232,predicted,Actual proposal support boundary; monitored coordinates are pre-native endpoint forecast,True,50,-0.145354760936,0.515051151767,-0.109857430305,0.0150643649316,0.22875797895,0.0474589526211,6.10925414414,6.46685532965,0.0653350332579,-0.43808580167,2.28034135913,0.191259395902,0.268459925246,0.274671618572,0.255454176347,0.207493891763,4.63177564003,0.191085302323,0.725233252438,9.82293213772,1.32318132002e-08,0.000121001945996,8.9355046252,2.26024192789e-06,0.00223547196098,9.29441951547,1.19385036593e-07,0.000545464452866,8.20022672929,2.64000224465e-05,0.0110942779158,9.83852710788,1.00531415204e-08,0.000107998242517,9.16966228533,4.4473406924e-07,0.000963640130514,8.19138810338,5.22736035071e-06,0.00875167054965,9.32588748226,1.10968028756e-07,0.000495268924504,9.02977030538,1.18326720032e-06,0.00162572451648,8.61513575655,2.88283183673e-06,0.00362596177122,8.18789663005,1.50647385603e-05,0.010714584855,8.7048533181,1.90319710574e-06,0.00294623916994,4.52509487389,0.206144723481,0.362546142123,8.45808592852,1.24150586767e-05,0.00664757515514,9.31154973362,1.25390769273e-07,0.000548567532747,5.3917986474,0.0472918021494,0.291630792306,7.3712628308,0.000229915371684,0.0589198262176,8.60365026242,6.88997353428e-06,0.00444657525489,5.40889222748,0.0403832946921,0.161954068182
unguided,24,0.13,0.140000000596,predicted,Actual proposal support boundary; monitored coordinates are pre-native endpoint forecast,True,50,-0.148878166033,0.527705540308,-0.106715547886,0.0334769156194,0.229718051229,0.0494228076749,6.09645086425,6.53605503356,0.075823149634,-0.44524470127,2.28079278396,0.191327015422,0.268392940249,0.273348482384,0.253816999354,0.208364382041,4.63104781712,0.191521955122,0.721942036086,9.78950263243,1.65814123192e-08,0.000138129552898,8.9492413315,2.11755991566e-06,0.0021579731011,9.26461384025,1.47000955883e-07,0.000614968444025,8.18772765523,2.73666341456e-05,0.011409208992,9.82108975435,1.2643231817e-08,0.000120046461953,9.18373137777,4.20395028735e-07,0.000929837654688,8.19379530238,5.12388944007e-06,0.00868015994374,9.30390237195,1.24364024059e-07,0.00053145475884,9.03063218151,1.1692447753e-06,0.00162026796749,8.60538643016,3.11851149174e-06,0.00376059447932,8.1678965666,1.65154211189e-05,0.0112388869702,8.70221031323,1.97234701505e-06,0.00298065320694,4.53020832033,0.205508448211,0.364447238027,8.46129509911,1.1943854216e-05,0.00660348119867,9.29309480516,1.50439236425e-07,0.000597215369614,5.4086705287,0.0459591311774,0.293721583405,7.37434757161,0.000228700189007,0.0584826994522,8.62752739054,6.08848142288e-06,0.00418678550663,5.37977672748,0.0420332376029,0.164129307286
unguided,24,0.14,0.149999991059,predicted,Actual proposal support boundary; monitored coordinates are pre-native endpoint forecast,True,50,-0.151211616399,0.519916849809,-0.107783541527,0.051364173106,0.230717973981,0.0526323322328,6.13154199807,6.65337316818,0.0726048727218,-0.451775334285,2.36724215486,0.190391642722,0.267524422324,0.27052407583,0.251178352371,0.210056203483,4.64154070708,0.189073003831,0.716816076936,9.78425180694,1.74293864665e-08,0.000140967891294,8.94115716646,2.17055082286e-06,0.00219651230896,9.2197682119,1.96351103471e-07,0.000727489434018,8.17002625003,2.87040033928e-05,0.0118539664812,9.78450347298,2.02317526436e-08,0.000149179639755,9.17969385526,4.29883032057e-07,0.000943447845581,8.19159245771,5.13685739992e-06,0.00872315845637,9.28478582138,1.36270296662e-07,0.000564616569147,9.0280025793,1.18165101612e-06,0.00163428068206,8.60650864222,3.12486611099e-06,0.00377432783997,8.14908835233,1.78667192757e-05,0.0117266715295,8.71342559511,1.86923869377e-06,0.00288292477242,4.53138863198,0.205330055722,0.366140047815,8.45682187494,1.19101958245e-05,0.00667008673717,9.26469550164,2.00914136806e-07,0.000678849442845,5.42354765233,0.0448111826513,0.295918707328,7.37512012452,0.000229097498008,0.0583533015273,8.62430420753,6.1440816886e-06,0.00421402499433,5.36348393938,0.0433666597905,0.166093188341
unguided,24,0.15,0.159999996424,predicted,Actual proposal support boundary; monitored coordinates are pre-native endpoint forecast,True,50,-0.148141853543,0.519394136682,-0.108276402798,0.0593585809684,0.227121629391,0.0573362914359,6.16833971272,6.76877188018,0.0730382829135,-0.457440901024,2.44697316735,0.189811265187,0.266839747076,0.267076781902,0.248840426316,0.211841780479,4.64720519916,0.18736926725,0.711008952826,9.76441330269,2.08105425196e-08,0.000154497605003,8.93136873072,2.23411075755e-06,0.00224177067059,9.17983951087,2.53459154416e-07,0.000842676835633,8.14818804955,3.10317022604e-05,0.0124173407099,9.7384875577,3.30852993091e-08,0.000191603475831,9.17336783626,4.37807384381e-07,0.000957229453541,8.19269300639,5.06177385204e-06,0.00867983819757,9.25511314456,1.54133374004e-07,0.000620935075984,9.02400173088,1.20604815118e-06,0.00165491253822,8.60429514887,3.19434938542e-06,0.00382329115189,8.14042703257,1.8231675012e-05,0.0119335544763,8.73444984857,1.67390716527e-06,0.00270215815306,4.53518406461,0.20444512079,0.368136396992,8.4455523065,1.24375460291e-05,0.0068365474215,9.23351352129,2.73061504343e-07,0.000778529516702,5.46407300108,0.0423836145757,0.299316293619,7.37579886924,0.000229173139653,0.0582254758287,8.61224993025,6.40758217056e-06,0.0043377518666,5.33379049292,0.0459385312968,0.165898853239
unguided,24,0.16,0.170000001788,predicted,Actual proposal support boundary; monitored coordinates are pre-native endpoint forecast,True,50,-0.14889235086,0.521774940341,-0.106196133938,0.0776635378218,0.232080461059,0.0628136259513,6.22912290426,6.90255059321,0.060822596061,-0.491103331285,2.56448319754,0.188340648413,0.265444935759,0.263217137772,0.246599418426,0.213505495749,4.64823590395,0.185390870172,0.705432410213,9.7349449823,2.54747139661e-08,0.000173745102887,8.93775777341,2.15517878588e-06,0.00220031917563,9.12935141113,3.31455671792e-07,0.00098921536859,8.11916552566,3.52661671405e-05,0.0131834335698,9.68842330459,5.28296352815e-08,0.000246972104029,9.1649080943,4.51007424883e-07,0.00097709818527,8.20528000979,4.78876353201e-06,0.00838095176742,9.21866028472,1.82375266223e-07,0.000697842979388,9.02599574528,1.20627909223e-06,0.00165124953478,8.61240247494,3.09720170488e-06,0.0037506670522,8.12283319134,1.91506149946e-05,0.0124084552575,8.73041238221,1.75693838997e-06,0.00274859549733,4.53303087327,0.205990043423,0.367749526182,8.45321239843,1.2216668883e-05,0.00671619856746,9.21001740107,3.63687997777e-07,0.000875865362561,5.50624073894,0.0398871752514,0.301576187055,7.37319244436,0.000232276619597,0.0584496552012,8.59603275712,6.83463271359e-06,0.00451166554169,5.30309927747,0.0484594876008,0.165666708615
unguided,24,0.17,0.179999992251,predicted,Actual proposal support boundary; monitored coordinates are pre-native endpoint forecast,True,50,-0.151321526366,0.524473548802,-0.103361685123,0.0807032367206,0.243195045862,0.0676938097423,6.34851183787,7.09072610759,0.0586450612574,-0.529233123616,2.72415269356,0.186394743305,0.262577717543,0.258150597603,0.245393056793,0.213368059602,4.6342855502,0.1852469211,0.693322884515,9.70805034786,2.95630335485e-08,0.000190348592944,8.90787356966,2.48364738735e-06,0.00237744562824,9.06601091619,4.69440336041e-07,0.00121530888847,8.09548827549,3.92636072458e-05,0.0138435593417,9.55476694957,1.31750206546e-07,0.000420120914857,9.14027659325,5.09937528288e-07,0.00105210622636,8.21647064188,4.60000684875e-06,0.00814094135509,9.18646606465,2.1266383132e-07,0.000772258454869,9.02504688796,1.2044587877e-06,0.00165266621721,8.62263197824,2.92283748402e-06,0.00364097204586,8.08899424278,2.20461254437e-05,0.0134681635734,8.7204592189,1.93597585946e-06,0.00287438721677,4.53457379218,0.205066516872,0.366470017062,8.45144645788,1.20184998173e-05,0.00674291587573,9.15849424243,5.84350216316e-07,0.00109186932639,5.53484557505,0.0379632913465,0.294131621499,7.38044159015,0.000220935937686,0.057843796837,8.57061981201,7.645329496e-06,0.00479776532099,5.27619508046,0.050649639427,0.166474465086
unguided,24,0.18,0.189999997616,predicted,Actual proposal support boundary; monitored coordinates are pre-native endpoint forecast,True,50,-0.150305733929,0.524903247188,-0.104689590778,0.0589297774053,0.246862030897,0.0717937796882,6.51153224614,7.16131276578,0.061506581302,-0.578361199826,2.88198969821,0.18465649072,0.260571666065,0.25363234123,0.245743464169,0.213217757252,4.61818767807,0.184364734545,0.684262671575,9.74233723291,2.48332879165e-08,0.000169405884287,8.8693083968,2.93946873673e-06,0.00261297786521,9.00334468301,6.44984662789e-07,0.00147069905809,8.07822213789,4.16542334655e-05,0.0143402404091,9.43038924646,2.82634177259e-07,0.000654695731818,9.11345390534,5.85472327659e-07,0.00113939854138,8.225041868,4.49334626051e-06,0.00796879382303,9.17297075729,2.21057832107e-07,0.000799113258894,9.00314222283,1.33032506968e-06,0.00175106089936,8.61200288948,3.01481937301e-06,0.00373274936498,8.04892348042,2.72850851186e-05,0.0148480406896,8.73523556136,1.84792550905e-06,0.0027843342167,4.53442378815,0.203839933333,0.363716779815,8.41222284862,1.40749606291e-05,0.00735425771097,9.14031845766,7.40586601773e-07,0.00120677099319,5.6028946928,0.0340803728915,0.287139453622,7.37615491843,0.000220107307785,0.0584782424667,8.54554041783,8.42672687766e-06,0.00507992412494,5.29104504352,0.0501345714801,0.16735492264
unguided,24,0.19,0.199999988079,predicted,Actual proposal support boundary; monitored coordinates are pre-native endpoint forecast,True,50,-0.155716658955,0.536776159051,-0.0945728085899,0.0539768582201,0.243034852419,0.0718494210842,6.61891422329,7.15454803331,0.0693187940018,-0.580003458716,2.93104934879,0.183611348242,0.259241504969,0.251669379971,0.245993470148,0.214334337095,4.61621055047,0.184789005286,0.682651563467,9.76177831082,2.22178568045e-08,0.000157948150978,8.85201079566,3.23157826916e-06,0.00273793502147,8.98738370413,6.89411384323e-07,0.00153581242409,8.05030700787,4.70665638979e-05,0.015180581251,9.38065944705,3.76137471658e-07,0.000772411480547,9.10542837561,6.04375922088e-07,0.00116175512396,8.23703039741,4.32419832591e-06,0.0077227570257,9.16003377087,2.33273194361e-07,0.000829652246406,8.98488505123,1.45519954444e-06,0.00183841377556,8.60972889755,3.0713307891e-06,0.00375943401275,8.0071803936,3.35059797889e-05,0.0163296441829,8.7363370213,1.82696898373e-06,0.00276725239072,4.55413083372,0.199524511977,0.365050361204,8.39136378357,1.55438604587e-05,0.00769462236487,9.12889240876,8.19534393872e-07,0.00126654815632,5.64169304963,0.0320207273093,0.287711042907,7.3673622181,0.000224362410734,0.0596272057613,8.5371935419,8.77091116635e-06,0.00518284994339,5.28714933805,0.0503981209661,0.166917632419
unguided,24,0.2,0.209999993443,predicted,Actual proposal support boundary; monitored coordinates are pre-native endpoint forecast,True,50,-0.162652838953,0.541264598716,-0.0807008121872,0.0557050683713,0.239084607038,0.0706344253538,6.63496275392,7.14742390143,0.0863488499956,-0.566615163,2.95624099496,0.183546222133,0.258994029657,0.250988790566,0.246459763889,0.214918164588,4.61105705931,0.186363004477,0.683986707172,9.77911716011,2.01117152055e-08,0.000148374632257,8.87194252819,3.01740236003e-06,0.00261837678331,8.99251641059,6.69588706226e-07,0.00151076075135,8.02482140525,5.23634352268e-05,0.0159701778226,9.38801083015,3.65197264468e-07,0.00075889121353,9.1138290468,5.87389254516e-07,0.00113576447326,8.24836458023,4.10864837195e-06,0.00747954052031,9.14197153802,2.55833205372e-07,0.0008788624433,8.98207106234,1.49402469101e-06,0.00185422895876,8.60322202215,3.27280002539e-06,0.00384258866953,7.96814517448,3.99664911075e-05,0.0177863900877,8.7389541592,1.77979220105e-06,0.00273128813677,4.58108700321,0.194094027738,0.368774659823,8.39232073485,1.60124105277e-05,0.00767401029075,9.12203790682,8.54128726523e-07,0.00129483518157,5.67381991045,0.0303540170133,0.287780171513,7.35757262012,0.000230591484824,0.0608427464708,8.54918326318,8.21986924235e-06,0.00503567462681,5.28403229693,0.0505959043658,0.166646491392
unguided,24,0.21,0.219999998808,predicted,Actual proposal support boundary; monitored coordinates are pre-native endpoint forecast,True,50,-0.160711292067,0.520874157284,-0.0788398192787,0.0419881426907,0.229297835503,0.0689629788601,6.60852073798,7.13432326932,0.115117593126,-0.544051139795,2.9595946359,0.183761919126,0.259350357015,0.250749974279,0.247286031937,0.214909119253,4.60993471222,0.186184428039,0.6859344139,9.79824658801,1.78534293007e-08,0.000138172025038,8.90133241961,2.67345895722e-06,0.00243694444624,9.00392021472,6.33683402756e-07,0.00146210619867,7.99764841869,5.82722293713e-05,0.0168207368582,9.40260059951,3.40803952627e-07,0.000728642878335,9.12698653198,5.59145648229e-07,0.00109620051579,8.24648680978,4.13016457176e-06,0.00750589755079,9.13336256736,2.67971315819e-07,0.000904526473617,8.98799018247,1.46943057702e-06,0.00182578891518,8.57933000889,3.77797474869e-06,0.00410654207703,7.94945936846,4.37833134754e-05,0.0185219152298,8.75383256994,1.64982028162e-06,0.00261383477255,4.59824638625,0.190654912593,0.370720698636,8.39233755603,1.65110756081e-05,0.00767372148605,9.11684232636,8.81340933592e-07,0.00131699940123,5.7068086339,0.0286640980814,0.286164178798,7.3582961404,0.000227598321017,0.0608435960018,8.5645754081,7.18947414699e-06,0.0048289316954,5.27808496506,0.0508873000264,0.166028359196
unguided,24,0.22,0.229999989271,predicted,Actual proposal support boundary; monitored coordinates are pre-native endpoint forecast,True,50,-0.159634950939,0.527540352793,-0.0841784809494,0.0186313372469,0.219769403014,0.0673778954183,6.59329121036,7.11433439609,0.127898596679,-0.531340773043,2.95964825595,0.18396260875,0.25969680942,0.2506931617,0.247861718707,0.214888626082,4.61210702623,0.185428705814,0.68705348772,9.82693124379,1.53057694286e-08,0.000124942797388,8.89455498607,2.80652140409e-06,0.00248865067625,9.01207374062,6.11353412531e-07,0.00143023106913,7.96599985536,6.59791934081e-05,0.0178710255056,9.41993667533,3.12749194011e-07,0.000692779670756,9.12254575521,5.83334486407e-07,0.00111694360247,8.23812578328,4.29481702513e-06,0.00768506897446,9.13433018665,2.67264913334e-07,0.000902871838075,8.98730774788,1.47415097102e-06,0.00182479058924,8.56293581037,4.0249316599e-06,0.00427494909395,7.95014539051,4.42802225918e-05,0.018501633294,8.78389977575,1.41287411758e-06,0.0023909187902,4.60084012016,0.190094440859,0.370638939854,8.38661557373,1.68263132446e-05,0.00777501688916,9.12605956097,8.39517521293e-07,0.00128137024189,5.73814553368,0.0270994271962,0.28428548607,7.36125211318,0.000223847972016,0.0605376188614,8.56342761297,6.94989943989e-06,0.00482456951404,5.28034936535,0.0507976746268,0.16603846872
unguided,24,0.23,0.239999994636,predicted,Actual proposal support boundary; monitored coordinates are pre-native endpoint forecast,True,50,-0.162469207884,0.51530474132,-0.0865429495239,-0.00360356096268,0.213616252813,0.0654757904818,6.56098821649,7.0929189837,0.133355411684,-0.518020317701,2.95233697381,0.183903711769,0.260365168744,0.251182728018,0.248775166836,0.214357441088,4.6080455368,0.18622383065,0.687637175352,9.85442848035,1.32498595092e-08,0.000113576182651,8.90064167021,2.76145306389e-06,0.00245747006273,9.02503620971,5.73494691536e-07,0.00137683491928,7.9391455628,7.32531041734e-05,0.0187912623274,9.42722097064,3.018945965e-07,0.000678486277379,9.12990194086,5.57125279675e-07,0.0010895800781,8.23303006861,4.40843261945e-06,0.00780361724751,9.14188686822,2.57027566788e-07,0.00088176143818,8.99187399366,1.43958314747e-06,0.0017971989908,8.54453531896,4.42865357899e-06,0.0044879754446,7.95194495264,4.44382105818e-05,0.0184369590162,8.81697845006,1.17353949917e-06,0.00215510656625,4.60459351411,0.189037984931,0.370893561545,8.38682308526,1.6907622101e-05,0.00777123312705,9.1309394488,8.18139216477e-07,0.00126266450106,5.76145688288,0.0259752123722,0.281793629094,7.35604437047,0.000229025220631,0.0610909537571,8.56508605225,6.61975369381e-06,0.00478836101497,5.28610388091,0.0505243212827,0.165612431684
unguided,24,0.24,0.25,predicted,Actual proposal support boundary; monitored coordinates are pre-native endpoint forecast,True,50,-0.175552691887,0.525807757882,-0.0862440822983,-0.0153376916432,0.219155403051,0.0641980499201,6.43049007574,7.08319407386,0.135218693973,-0.495023994683,2.97333208661,0.183835405511,0.261874953914,0.253693012849,0.251223882087,0.212586055152,4.59792561515,0.189266477493,0.69062192984,9.88523466168,1.11925376126e-08,0.000101905760149,8.94243511223,2.34498275201e-06,0.00223013767237,9.03536463548,5.48386527611e-07,0.00133885957327,7.92619974968,7.71783494539e-05,0.0192404614695,9.42457981578,3.05393403796e-07,0.000683112279095,9.14329194212,5.36815401834e-07,0.00106121018233,8.23394748755,4.38301536148e-06,0.00777979088006,9.15123114219,2.46912886006e-07,0.000858677683875,9.04553677793,1.13101353745e-06,0.0015533402173,8.54200068605,4.30781913892e-06,0.00448994119558,7.95059589529,4.49554407246e-05,0.0184946581743,8.84284402961,1.02235659441e-06,0.00199006387119,4.6120769216,0.187513540095,0.373445674945,8.49351342203,1.08908675879e-05,0.00610896675921,9.12347381847,8.44101596398e-07,0.00128592045926,5.78548435511,0.024845359694,0.278160011484,7.35413229522,0.00022984306201,0.0613193658354,8.51599833396,8.50296046077e-06,0.00545925026999,5.30118747227,0.0494754978101,0.164229372033
unguided,24,0.25,0.259999990463,predicted,Actual proposal support boundary; monitored coordinates are pre-native endpoint forecast,True,50,-0.186395219068,0.578368433909,-0.092473854866,-0.0295478383088,0.223290295277,0.0603303154316,6.30542342244,7.06213219866,0.120778203941,-0.465046051694,3.06255446753,0.185056623103,0.264297036794,0.256882842655,0.253372041486,0.2096953515,4.5902767147,0.191350487325,0.692848465846,9.93897655646,8.44092419253e-09,8.43544058891e-05,8.98445576296,1.9343108206e-06,0.00200194775935,9.03990161303,5.37772432436e-07,0.00132269290203,7.91388292618,8.10468436049e-05,0.0196941337741,9.42736626775,3.00215982799e-07,0.000676333105107,9.0979426084,7.48558901549e-07,0.00126077753143,8.22446840134,4.56627953311e-06,0.0079796093696,9.17550989183,2.20004038622e-07,0.000798473825595,9.08713339511,9.61625906233e-07,0.00140218114767,8.55328136118,4.05329997307e-06,0.00434156976788,7.955888614,4.41038153584e-05,0.0182923224786,8.88455924122,8.13219076232e-07,0.00174758276831,4.61137143387,0.188043389454,0.376168721462,8.59284453707,7.22715023771e-06,0.00483537694322,9.12210530083,8.40913049353e-07,0.00128478494125,5.8172782889,0.0234178833488,0.273933221558,7.36192334236,0.000218086932187,0.0606387406483,8.43451873315,1.28409559104e-05,0.00665252629786,5.33557830112,0.0474276305553,0.162702266128
unguided,24,0.26,0.269999980927,predicted,Actual proposal support boundary; monitored coordinates are pre-native endpoint forecast,True,50,-0.197363240104,0.590648724443,-0.100395543423,-0.0299945426369,0.218802423153,0.0572206959088,6.27875948182,7.04037181783,0.101044935408,-0.456185644459,3.10936125994,0.185595273969,0.265603664196,0.258098763461,0.254087072628,0.20847160802,4.5984978832,0.190305925056,0.693393265584,9.96159058498,7.48919642552e-09,7.7731450966e-05,9.0043700289,1.74224398429e-06,0.00189187993629,9.03560143126,5.47414273558e-07,0.00133738515075,7.90890588331,8.25342154966e-05,0.019881233987,9.45645225142,2.58414975494e-07,0.000619167698173,9.06523665937,9.18069063441e-07,0.00140573220183,8.2135277522,4.7775423651e-06,0.00822053810654,9.19305768535,2.01807330351e-07,0.000756153073959,9.08150779571,1.03369820786e-06,0.00144909379176,8.55499504778,4.20284871602e-06,0.00434165267368,7.96280821201,4.27318353929e-05,0.0180288123693,8.91019628851,6.88657188272e-07,0.0015979273312,4.60481330886,0.189585188613,0.376821567715,8.60812632406,7.12296947885e-06,0.00467478746004,9.14110844056,7.59915484616e-07,0.00121354369433,5.81973733782,0.0233421904192,0.27448376145,7.36700087041,0.000212076981264,0.0601523949408,8.38930041367,1.61045969037e-05,0.0073588755208,5.34834683774,0.0467264683848,0.162288691451
unguided,24,0.27,0.280000001192,predicted,Actual proposal support boundary; monitored coordinates are pre-native endpoint forecast,True,50,-0.189122293535,0.560894392278,-0.104588532295,-0.0331383598232,0.204386135015,0.0548656041592,6.28325188367,6.9338514843,0.0901339958358,-0.443690762115,3.07204433824,0.186103675853,0.267420019448,0.25907283031,0.255998452824,0.207499880743,4.5984676119,0.191195484787,0.693463809064,9.96753250498,7.28891308642e-09,7.60435827441e-05,9.00465236586,1.7272066894e-06,0.0018849312977,9.03958826443,5.33309907403e-07,0.0013174713761,7.91115742028,8.19513714836e-05,0.0198091249318,9.49899134117,2.08678335977e-07,0.00054541343349,9.05002396985,1.00349352468e-06,0.00147386055159,8.20723901056,4.90172328434e-06,0.00835735289005,9.20583867905,1.89615277541e-07,0.000726435823574,9.07902557587,1.04897770607e-06,0.00146121044561,8.56083733336,4.03789896784e-06,0.0042639808487,7.97505355407,4.0719477147e-05,0.0175708843302,8.91928879207,6.28541985642e-07,0.00153072442267,4.60385205106,0.189072949897,0.378624559609,8.61344044117,7.00804982731e-06,0.00461429619325,9.16406347805,6.78254382038e-07,0.001136511325,5.80372764122,0.0241259487325,0.277470141453,7.37364551489,0.000205649259824,0.0594221922813,8.37127324802,1.77067438483e-05,0.00764923801948,5.35475777691,0.0464464020915,0.162206284338
unguided,24,0.28,0.289999991655,predicted,Actual proposal support boundary; monitored coordinates are pre-native endpoint forecast,True,50,-0.191819355698,0.542807617648,-0.0993335007095,-0.0488433015728,0.197420107994,0.0512501190958,6.31639674175,6.6661015137,0.121847389504,-0.397148971102,2.82878475609,0.184885439307,0.271656332182,0.261985534906,0.261872991175,0.205350839587,4.55311712934,0.20008903231,0.691037571393,9.95368590898,8.17920111439e-09,8.07475535175e-05,9.00086251193,1.69870833696e-06,0.00187941097216,9.08684032352,4.21054161571e-07,0.00114217582698,7.94803625351,7.21233700798e-05,0.0185178333603,9.54865497043,1.62448733281e-07,0.000469588254388,9.03594023296,1.11139187244e-06,0.0015478933711,8.21336153368,4.81396973572e-06,0.00822424027685,9.22002684843,1.76314776508e-07,0.000697380619721,9.03878099662,1.28898906645e-06,0.00163766506735,8.54527911922,4.19059857987e-06,0.00441598758476,7.98680417777,3.99286137652e-05,0.0171537364674,8.89599466635,6.650386491e-07,0.00160724702604,4.62395084734,0.182385813022,0.391150245538,8.55241030294,9.78042391152e-06,0.00532530624293,9.18017960085,6.20243335807e-07,0.00107951874601,5.75664284249,0.0264496733551,0.286019840756,7.39420597371,0.000193865158855,0.0568209057507,8.35259018577,2.06581101203e-05,0.00797143080813,5.36825650524,0.045963499976,0.161333326319
unguided,24,0.29,0.299999982119,predicted,Actual proposal support boundary; monitored coordinates are pre-native endpoint forecast,True,50,-0.197374368278,0.567648283581,-0.0927091239357,-0.0726354217911,0.187266153965,0.0413903927405,6.28520695967,6.43466104858,0.167228991738,-0.37222873009,2.59718736538,0.186319723764,0.274229532806,0.26762685848,0.263944792393,0.203210526352,4.54940804585,0.205237729436,0.696587161827,9.94780427567,8.60981780745e-09,8.31452871186e-05,9.03157577738,1.38216639931e-06,0.00169522983131,9.17539255722,2.65985805836e-07,0.000864832355118,7.97711410498,6.64043036714e-05,0.0174555688123,9.64115481368,9.83665205977e-08,0.000347332353458,9.02607226101,1.20941222311e-06,0.00160691013011,8.21552996665,4.750792962e-06,0.00818899035677,9.22026888311,1.79095551511e-07,0.000703849897026,9.00136964438,1.56216740883e-06,0.00181779571766,8.54489354782,3.85973681335e-06,0.00434132384294,7.98538990849,4.20189218482e-05,0.0172110296071,8.87977365719,6.54462099305e-07,0.00163894850122,4.63919006893,0.177621323239,0.398695936239,8.50117025408,1.32014086176e-05,0.00598185718333,9.23881776999,4.33764475867e-07,0.000884215801983,5.73027622383,0.0277075549823,0.288699228349,7.40704549188,0.000186101635141,0.0553014505018,8.33236544236,2.49265701112e-05,0.00831447927038,5.38274768021,0.0453124675702,0.161073588559
unguided,24,0.3,0.310000002384,predicted,Actual proposal support boundary; monitored coordinates are pre-native endpoint forecast,True,50,-0.203667378077,0.584308312091,-0.0950106213951,-0.078580017128,0.186234411869,0.0383541255711,6.27957233451,6.39587734019,0.198720566654,-0.364863639899,2.60580328605,0.186277620393,0.275112683111,0.269429368872,0.263981800304,0.202413362795,4.55054272346,0.204965733659,0.698693766203,9.97460304108,7.31774282491e-09,7.49833024598e-05,9.02321716856,1.4382920302e-06,0.00173362186068,9.20661921845,2.21693512922e-07,0.000775257011875,7.96951036093,6.89318950683e-05,0.017686091173,9.69563752102,7.23267237383e-08,0.000288223276734,9.03126173602,1.17373913811e-06,0.00158224448853,8.21160211621,4.8390788683e-06,0.00828488227191,9.2289808048,1.71765611738e-07,0.000685509124185,8.99965895756,1.58568483981e-06,0.00183199541135,8.53787837456,3.87619260716e-06,0.00440678996593,7.96589913021,4.64023551657e-05,0.0179305403948,8.8888114476,5.89554231861e-07,0.00156568698563,4.64064675336,0.176897677676,0.400248530344,8.50183920061,1.31265809831e-05,0.00597147666822,9.29145912455,3.08768081421e-07,0.00073109125474,5.74103529389,0.0271940114231,0.288513562715,7.40982271357,0.000184765587974,0.0549756594349,8.32525981103,2.57306816966e-05,0.0084225094004,5.39700853773,0.0444560394715,0.160765678282
unguided,24,0.31,0.319999992847,predicted,Actual proposal support boundary; monitored coordinates are pre-native endpoint forecast,True,50,-0.202149702859,0.577426547538,-0.0960356496239,-0.0893763161087,0.183438192282,0.0377748041164,6.27782400298,6.37714710949,0.219894563462,-0.363768885529,2.59123063234,0.186302547215,0.27530459855,0.269926398363,0.264094090816,0.202256881211,4.55335637721,0.204832924103,0.69962441676,9.99243806956,6.59468116892e-09,7.01278013403e-05,9.01470433175,1.501909863e-06,0.00177488699897,9.22375058145,2.01414700071e-07,0.000731006988325,7.95340014628,7.37420517508e-05,0.01820966686,9.70915115629,6.71060377172e-08,0.000275326591743,9.0374402131,1.138058855e-06,0.00155487617758,8.21046115259,4.86405720091e-06,0.0083139665203,9.22907848441,1.71337068129e-07,0.000685217568169,8.99962772718,1.56224592618e-06,0.00182257341149,8.52526889712,4.10204917284e-06,0.00455498964406,7.96098165231,4.77199930895e-05,0.0181195783607,8.89647988961,5.50482533313e-07,0.0015159498052,4.6415108396,0.176302235083,0.400283947323,8.49552576114,1.32429886509e-05,0.00604413374723,9.30820489186,2.77984613144e-07,0.00068862131355,5.75738011146,0.0264036418734,0.287758296907,7.41076381421,0.000183899566683,0.0548808112081,8.33667010621,2.42730621522e-05,0.00822012222012,5.40163058829,0.0441736030002,0.160678917126
unguided,24,0.32,0.329999983311,predicted,Actual proposal support boundary; monitored coordinates are pre-native endpoint forecast,True,50,-0.206823352269,0.592024028335,-0.0940291283989,-0.0969367921734,0.176521590624,0.0366672990533,6.2786873923,6.36327605279,0.225170363532,-0.363647793597,2.57787770552,0.185916174022,0.275722708145,0.270808671796,0.264443073798,0.20182416369,4.55339606491,0.205426519451,0.699618544679,10.007196621,6.04183412481e-09,6.63034530319e-05,9.00696786375,1.57458849558e-06,0.00181989190857,9.23575058932,1.88155307813e-07,0.000700863181085,7.92982505772,8.11197672128e-05,0.0189938262485,9.73401293687,5.84790428761e-08,0.000253064256666,9.03354072993,1.14634037054e-06,0.00157012361068,8.21016499997,4.88613565658e-06,0.00832751013725,9.2280772505,1.70904706399e-07,0.000685941958917,8.97949658887,1.72594722194e-06,0.00192704912386,8.5225946868,4.09739314047e-06,0.00458872557045,7.95734125191,4.86702086216e-05,0.0182597717365,8.90400368904,5.12436185856e-07,0.00146606662454,4.64281099858,0.1754938626,0.400507279436,8.48433002002,1.38827171865e-05,0.00619501255929,9.32789012889,2.4627607908e-07,0.000642163615822,5.77394576479,0.0256193415959,0.287618340567,7.40715245068,0.000186290421699,0.0552849490576,8.33758937667,2.36421827408e-05,0.00820194050895,5.39901673079,0.0442963116599,0.16062138433
unguided,24,0.33,0.340000003576,predicted,Actual proposal support boundary; monitored coordinates are pre-native endpoint forecast,True,50,-0.205499911545,0.578465716011,-0.0915729974175,-0.106207083502,0.173047929678,0.036003988838,6.29592493062,6.35197912601,0.228507578437,-0.363845781052,2.58015035102,0.185607072645,0.275786565012,0.271014255801,0.264503198122,0.201930090478,4.55116047837,0.205935371057,0.699196633475,10.0225012998,5.53261948542e-09,6.26246894053e-05,8.9993677208,1.63327821906e-06,0.00185818908362,9.24216616343,1.81845865894e-07,0.000685883279721,7.91422560968,8.63499397185e-05,0.0195254444212,9.75265432381,5.26667397005e-08,0.000237305757295,9.02851700629,1.15248095723e-06,0.00158527170415,8.2113234928,4.87466678818e-06,0.00831088301114,9.22718247971,1.71122070725e-07,0.000687621954678,8.96428450463,1.84317849789e-06,0.00200242026113,8.51896230116,4.15505073981e-06,0.00463617511713,7.95325217979,4.96248927218e-05,0.0184145875403,8.91275040197,4.74406556251e-07,0.00141379539633,4.64512746457,0.174653768158,0.400564780076,8.47195459352,1.45166686463e-05,0.00635948578538,9.34149702455,2.25311917079e-07,0.000610345729028,5.78940822497,0.0248912404051,0.286858228475,7.40257566103,0.000189689695869,0.0557796970771,8.34256925452,2.26139763778e-05,0.00811141007928,5.40055844022,0.0441692630541,0.160396644328
unguided,24,0.34,0.34999999404,predicted,Actual proposal support boundary; monitored coordinates are pre-native endpoint forecast,True,50,-0.212655301932,0.576961538818,-0.0900990532303,-0.117436784544,0.169362156365,0.036467122008,6.30358064771,6.34895889192,0.230492934168,-0.36701985519,2.58670121401,0.185284071139,0.275869100315,0.271305933973,0.264608795893,0.201845930358,4.55134082756,0.20617242076,0.698768222731,10.043323649,4.84920060524e-09,5.76006008023e-05,8.99095718045,1.69956579258e-06,0.00190084057124,9.24433445989,1.80311539138e-07,0.000681849099205,7.8969396008,9.22846817294e-05,0.0201367925276,9.75972416954,5.06778122563e-08,0.000231731701133,9.02256242902,1.17165949739e-06,0.00160808160802,8.21368918387,4.80685130488e-06,0.00825417951637,9.22213470377,1.75964106473e-07,0.000699670291717,8.95472238897,1.91530109974e-06,0.00204939710053,8.51204958449,4.31512793948e-06,0.00473048045454,7.95380377846,4.9527474841e-05,0.0183985695427,8.92357306152,4.40937779341e-07,0.00135959645732,4.64813794682,0.174005464366,0.400465046115,8.45963169989,1.52111694712e-05,0.0065288958063,9.34267029421,2.24191814601e-07,0.00060835093732,5.80666002294,0.024092025102,0.285725993922,7.3959668469,0.000194831858458,0.0564973891989,8.34314834474,2.20826081766e-05,0.00809642327934,5.40645992586,0.0438292684314,0.160391065739
unguided,24,0.35,0.359999984503,predicted,Actual proposal support boundary; monitored coordinates are pre-native endpoint forecast,True,50,-0.207455915518,0.567024451878,-0.0860289166832,-0.135716934242,0.16511156765,0.0374353339659,6.30495054984,6.34094895053,0.233013517554,-0.368360531933,2.57842946278,0.18494501414,0.275957543848,0.271681746476,0.265027096796,0.201609574732,4.54604899436,0.20774079682,0.697529858931,10.0614482233,4.3482045349e-09,5.36807285014e-05,8.97606067042,1.82324926955e-06,0.00197778981489,9.25364942616,1.7179092001e-07,0.000662545678683,7.88418493043,9.69250916561e-05,0.0205896443221,9.75358149471,5.24517957497e-08,0.000236678507541,9.01064708586,1.22011149022e-06,0.0016561291284,8.21920615855,4.66643732574e-06,0.00812535225554,9.21591699482,1.82669231157e-07,0.000714781228682,8.94565337615,1.98076854804e-06,0.00209269497385,8.50595116675,4.46701579821e-06,0.00481472641846,7.95798507661,4.88448996647e-05,0.0182489457742,8.93618974771,4.06360199771e-07,0.00130091880071,4.65278162399,0.172967485245,0.400225640259,8.4455620001,1.60051647249e-05,0.006726750754,9.3290879734,2.44433698208e-07,0.000639010155508,5.8234398965,0.0233221783984,0.283539589733,7.38503879331,0.000204141243016,0.0576653989321,8.33923458254,2.18790368414e-05,0.00816044021606,5.41463820616,0.0433721210013,0.160414897398
unguided,24,0.36,0.370000004768,predicted,Actual proposal support boundary; monitored coordinates are pre-native endpoint forecast,True,50,-0.206333451379,0.565663610336,-0.0796510694885,-0.149827206173,0.164078430805,0.0390017586934,6.29869861872,6.29939892844,0.245930151227,-0.364196105508,2.567630482,0.185285442033,0.276469071511,0.272845500596,0.26481166727,0.201158898994,4.53309504803,0.211844048155,0.694790866569,10.0733104557,4.08019923728e-09,5.14613499102e-05,8.96496400463,1.92248323585e-06,0.00203743029322,9.26504616634,1.63556873181e-07,0.000642149180372,7.87980236733,9.85682177453e-05,0.0207515844645,9.84099024102,3.06495775557e-08,0.000170087504831,9.00448164307,1.25016592805e-06,0.00168396515,8.22774275349,4.46890683484e-06,0.00793163783932,9.20754947917,1.92451829025e-07,0.000736648043889,8.93758498752,2.03659459858e-06,0.00213013526147,8.49662333978,4.70298628403e-06,0.00494416959397,7.96027530183,4.82293463885e-05,0.0181642801821,8.94230770512,3.92999106101e-07,0.00127629564403,4.65981642866,0.172097201682,0.400610115574,8.4312091801,1.68432568846e-05,0.00693317597041,9.34159694845,2.15781095518e-07,0.000599314095835,5.83717561886,0.0226892796321,0.28078155794,7.37738228727,0.000211321614047,0.0584708494189,8.34311840398,2.1130254291e-05,0.00809259231343,5.42402800323,0.0428140510803,0.160196248438
unguided,24,0.37,0.379999995232,predicted,Actual proposal support boundary; monitored coordinates are pre-native endpoint forecast,True,50,-0.207797551882,0.553402967922,-0.0789550898933,-0.176032395401,0.157420689139,0.0400892296261,6.29452652646,6.23253196116,0.251614728198,-0.36645395186,2.54143504756,0.18587929563,0.27709159985,0.274472719458,0.264876388231,0.200354564361,4.52509914734,0.215245407237,0.69190100717,10.0962277823,3.55434389779e-09,4.7051902989e-05,8.94954494663,2.04907939401e-06,0.00211513823647,9.27798614804,1.53715657134e-07,0.000617993086649,7.87010334749,0.000102274691262,0.0211105408069,9.93238985972,1.69955330414e-08,0.000117957005222,8.99074378697,1.32637586167e-06,0.00174674836364,8.2311124291,4.39420216162e-06,0.00785748231821,9.20542299954,1.95947829131e-07,0.000743773233758,8.92648576105,2.11617466043e-06,0.00218269633364,8.48316307948,5.03483362193e-06,0.00512302175186,7.973844702,4.58127844037e-05,0.0176725013032,8.95811089465,3.6206500159e-07,0.00121431224571,4.659770261,0.172387939798,0.399457681067,8.40476464598,1.86953264289e-05,0.00732775412287,9.36647033574,1.75992286484e-07,0.000537386220362,5.85597725545,0.0218558894321,0.277893781987,7.3710769481,0.000217272821693,0.0591442658273,8.3414961129,2.08069657531e-05,0.00811434809765,5.43662559374,0.042099216617,0.159871336597
unguided,24,0.38,0.389999985695,predicted,Actual proposal support boundary; monitored coordinates are pre-native endpoint forecast,True,50,-0.212329735403,0.559348839502,-0.0805807851219,-0.197954705992,0.152906744007,0.0408059437833,6.29322725168,6.18492169685,0.25706140915,-0.372694724136,2.5237668469,0.186229331506,0.277520072056,0.275859217268,0.265019671916,0.199741813361,4.51948449144,0.217552132699,0.689505841302,10.1106461324,3.280858788e-09,4.46105711232e-05,8.93251726829,2.19375431925e-06,0.002202601065,9.29086816004,1.44291236998e-07,0.00059375706401,7.86434531717,0.000104748331854,0.0213142133657,9.99882269459,1.07328497155e-08,8.85512779145e-05,8.97692471337,1.40234918265e-06,0.00180979374445,8.23380741679,4.33568483153e-06,0.00779740764227,9.20818498976,1.93001423208e-07,0.000737229384011,8.9178000863,2.19084680077e-06,0.00222838450833,8.47373358467,5.23378249426e-06,0.005245865809,7.98870679615,4.33562373386e-05,0.0171418131463,8.96909101747,3.44253152806e-07,0.00117513134995,4.65495504152,0.173446884693,0.398104599482,8.38147243968,2.05960556974e-05,0.00768955273581,9.3941077394,1.39840544452e-07,0.00047501123928,5.86849566119,0.0213186117833,0.275583876957,7.36712256932,0.0002215638223,0.0595516918878,8.33070493215,2.14537912432e-05,0.00830043048922,5.44496328427,0.0416065148287,0.159292015256
unguided,24,0.39,0.399999976158,predicted,Actual proposal support boundary; monitored coordinates are pre-native endpoint forecast,True,50,-0.209896319104,0.576923295054,-0.0860046933556,-0.212640075722,0.156597229812,0.0410835446546,6.30502317908,6.16047645255,0.258320138701,-0.386391386923,2.52591471754,0.186239064388,0.277684309636,0.276596882455,0.26506754334,0.199424795437,4.52388230905,0.21726845656,0.689213158076,10.1255603622,3.02557669905e-09,4.22462765273e-05,8.92319272196,2.26532709357e-06,0.00224823778871,9.29401152539,1.41715557632e-07,0.000586760483847,7.86709924895,0.000103736291384,0.0212126737836,10.0308923768,8.47123618874e-09,7.63933731829e-05,8.96623740733,1.47867908389e-06,0.00186554473537,8.2341631226,4.32215880521e-06,0.00778930378751,9.2130612125,1.88965063948e-07,0.000727068288197,8.91081931676,2.24302298198e-06,0.00226286028968,8.4624097761,5.48799524286e-06,0.00539517835566,7.99608478718,4.22979614995e-05,0.0168879834451,8.97981738814,3.25490721427e-07,0.00113619067974,4.64457207456,0.175293860724,0.396837031711,8.36279488429,2.21621817259e-05,0.00798872755069,9.41693284744,1.17645521452e-07,0.000431622804795,5.87901817686,0.0208726765,0.273647745145,7.36729067956,0.000222474748931,0.0594898044221,8.32906718573,2.13023732676e-05,0.00832883958385,5.45724079157,0.040896114304,0.15874264563
unguided,24,0.4,0.409999996424,predicted,Actual proposal support boundary; monitored coordinates are pre-native endpoint forecast,True,50,-0.215400414226,0.555617931763,-0.0908694146538,-0.224941554108,0.154260758433,0.0413455085584,6.31450152541,6.11706197204,0.261492739933,-0.399035650191,2.51406244497,0.18654738463,0.277962249156,0.277538195023,0.265432917856,0.19889911152,4.52724676385,0.217309271913,0.688763686424,10.1364551843,2.84367002212e-09,4.05429193905e-05,8.91409155095,2.34009067063e-06,0.00229435905972,9.29774226325,1.38478464712e-07,0.00057867034958,7.87015731677,0.000102500644135,0.0211022147734,10.0740823343,6.20124099398e-09,6.28011966658e-05,8.96014558957,1.51582716595e-06,0.00189507082063,8.2337254929,4.32952089256e-06,0.00779835429165,9.2171311439,1.85371100608e-07,0.000718326549256,8.90732825952,2.26343170139e-06,0.0022783718841,8.45254796289,5.74077801393e-06,0.0055274596853,8.00444797818,4.10876832429e-05,0.0166076768207,8.98610913145,3.13918789293e-07,0.0011131192478,4.63589511728,0.176739477236,0.395407868212,8.34588308653,2.37843766397e-05,0.00826648456997,9.4483702729,9.28245532891e-08,0.000378184779005,5.88580746433,0.0205848309143,0.272681703135,7.36763420206,0.000222647723673,0.0594353267637,8.32439660603,2.15760076573e-05,0.00841142882305,5.46658327376,0.0403699392727,0.158455510241
unguided,24,0.41,0.419999986887,predicted,Actual proposal support boundary; monitored coordinates are pre-native endpoint forecast,True,50,-0.221657421784,0.604686628439,-0.0950406001473,-0.2250695825,0.147312338326,0.0410323805153,6.34898166698,5.94934466443,0.270374761022,-0.434941806522,2.42075726533,0.186939800158,0.27935630835,0.28166419528,0.268672847508,0.196160165839,4.5264309986,0.219815833917,0.68787576268,10.126748175,3.04417139672e-09,4.22853432992e-05,8.91806645012,2.28661842166e-06,0.00226812917355,9.29457327567,1.41044189431e-07,0.000583820835446,7.90434468411,8.98620533344e-05,0.0198859752587,10.2169499932,2.13020090006e-09,3.1896703096e-05,8.95975666123,1.53185748652e-06,0.00190268580192,8.23879028934,4.24731896087e-06,0.00769141304714,9.22283189176,1.80262352877e-07,0.000705743742818,8.90155919397,2.31849452512e-06,0.00231030977356,8.44377726344,5.81466026687e-06,0.00560114094537,8.00408493445,4.17255105015e-05,0.0166634772118,8.95979987328,3.55590460784e-07,0.00120925012706,4.62611684604,0.17699398321,0.396414167392,8.33719551831,2.47523075847e-05,0.00841229154605,9.56376813087,3.64140339986e-08,0.000224136144224,5.87350158448,0.0210724121195,0.27543971301,7.37447883745,0.000216997363171,0.0586583979635,8.32994534864,2.12995959811e-05,0.00832608678696,5.47742711668,0.0397826982131,0.158003568935
unguided,24,0.42,0.42999997735,predicted,Actual proposal support boundary; monitored coordinates are pre-native endpoint forecast,True,50,-0.221126464396,0.572446015251,-0.0954655216599,-0.215395358839,0.142456850085,0.0419473199053,6.39736961546,5.95519605362,0.256638025439,-0.451404857941,2.4739755713,0.186819211749,0.278773173867,0.280413976444,0.267006812114,0.196946697972,4.54176627974,0.216338391896,0.689913720431,10.1377429241,2.83175406671e-09,4.03665610658e-05,8.9173562346,2.28721881734e-06,0.00227002432787,9.27146506796,1.59813541402e-07,0.000628492715819,7.89714975209,9.23393826245e-05,0.0201412222481,10.186733569,2.92472023406e-09,3.87929981641e-05,8.94933606083,1.6116774055e-06,0.00195766814433,8.24105666507,4.19817074071e-06,0.00763579005982,9.22121188693,1.8042844093e-07,0.000707961799399,8.89782047316,2.35859050021e-06,0.00233310632493,8.4494947558,5.72545149559e-06,0.00553942278753,8.00604517617,4.09863461505e-05,0.0165843850602,8.95368121909,3.5948665072e-07,0.00122624585061,4.61460146059,0.178301879795,0.393751271207,8.33379148659,2.51158124785e-05,0.00846945405575,9.55120037456,4.66054058532e-08,0.000251486281408,5.88104853727,0.0207681120564,0.277794626513,7.37014929048,0.000219614004275,0.0591979442731,8.32505265185,2.17037161154e-05,0.00840858900224,5.48168483996,0.0395497869473,0.158048809212
unguided,24,0.43,0.439999997616,predicted,Actual proposal support boundary; monitored coordinates are pre-native endpoint forecast,True,50,-0.232708946936,0.641762313132,-0.0944983170891,-0.211206849852,0.134281144861,0.0417059351034,6.3972553191,5.99457576598,0.253216995241,-0.445248897919,2.4804351359,0.186528413854,0.278491962834,0.279259426909,0.266023247352,0.19770098367,4.54263337281,0.214576842456,0.690371435712,10.1319966908,2.90913459374e-09,4.11509368857e-05,8.91793003097,2.28601732229e-06,0.00226832596733,9.27019215966,1.60728963208e-07,0.000630598911498,7.8792074268,9.8800904638e-05,0.0207865358451,10.1379830425,4.37803146707e-09,4.99983871327e-05,8.94585310723,1.64411265915e-06,0.00197835053812,8.23758015968,4.24131868366e-06,0.00770008996072,9.21368699909,1.87418821177e-07,0.000725077367435,8.89835177664,2.3541067613e-06,0.00233072684221,8.45183438928,5.74810020861e-06,0.00552971054983,8.00867897475,4.04803289504e-05,0.0164786499957,8.9537949371,3.58245442152e-07,0.00122397259964,4.61871046339,0.177323450187,0.393672093142,8.33601596803,2.48112105478e-05,0.0084340887076,9.52325935529,6.11113661221e-08,0.000290927314299,5.87889392733,0.020887084572,0.279069782336,7.36911021221,0.000219841757587,0.0593365678288,8.32591500078,2.14367806061e-05,0.00838868206817,5.46941207635,0.0402267444208,0.158602937922
unguided,24,0.44,0.449999988079,predicted,Actual proposal support boundary; monitored coordinates are pre-native endpoint forecast,True,50,-0.23334851911,0.65878290089,-0.0904155395889,-0.202687124052,0.134411362979,0.0417592623559,6.39084397021,6.00341435127,0.251601776218,-0.436751506356,2.47207218941,0.186394348383,0.278474432615,0.279182831717,0.266127303606,0.197732484188,4.53409255094,0.215921473582,0.689246629249,10.125467235,3.01419488681e-09,4.21539542984e-05,8.92481521022,2.22793432769e-06,0.0022333491262,9.26347749913,1.67790270683e-07,0.000646876042363,7.87740389422,9.95124298765e-05,0.0208523936947,10.1254298956,4.83012489339e-09,5.31875471481e-05,8.9520153119,1.60196207526e-06,0.00194804208037,8.2381897238,4.23777337745e-06,0.00769103700568,9.21022145101,1.90676833855e-07,0.00073306799703,8.89917191125,2.35126617276e-06,0.00232771267683,8.45637450923,5.65540365998e-06,0.0054732667891,8.00876856949,4.00217598363e-05,0.0164724618521,8.94707650388,3.70479750856e-07,0.00125014172892,4.62671929925,0.175887520917,0.395112021026,8.34550420177,2.38126015405e-05,0.00827646010436,9.50818792695,6.84624797907e-08,0.000310296074516,5.87436378069,0.0210864616054,0.280102424139,7.37024831567,0.000218362935518,0.0592242255724,8.33367672024,2.07568395223e-05,0.0082517285824,5.46409487249,0.040517753423,0.158828671384
unguided,24,0.45,0.459999978542,predicted,Actual proposal support boundary; monitored coordinates are pre-native endpoint forecast,True,50,-0.233729617563,0.659762689281,-0.0891711495781,-0.186387680807,0.153029521379,0.0405218155361,6.37191470199,6.15989273974,0.246703019389,-0.414251746179,2.52295568892,0.184959732802,0.277748328844,0.275828773242,0.2646023863,0.200117397333,4.53991237802,0.212173842562,0.692476784463,10.1091714846,3.2938019232e-09,4.47606454609e-05,8.9362401414,2.11494378893e-06,0.00216935776417,9.260948404,1.7167228733e-07,0.000654738917815,7.87332513523,0.000101777896623,0.0209699326815,9.94683611399,1.60269725117e-08,0.00011351031779,8.9539719494,1.60479032725e-06,0.00194426014446,8.23234382071,4.39223945858e-06,0.00783599974144,9.21692362682,1.84632778693e-07,0.000717391712699,8.90266654828,2.32727417675e-06,0.0023117698825,8.46458699629,5.53595201269e-06,0.00539059029765,8.01225482471,3.85146325048e-05,0.0162990818711,8.94317085993,3.83382990737e-07,0.00127115985737,4.62888025302,0.175995727774,0.395343001671,8.35582559524,2.29433416183e-05,0.00810583374601,9.41909737812,1.32965367801e-07,0.000452328582454,5.86039908368,0.0216725043634,0.280294822188,7.37764221437,0.000211498934873,0.0584203303432,8.33552726426,2.07291857858e-05,0.00822118921108,5.45003241555,0.0412881136347,0.158522600932
unguided,24,0.46,0.469999998808,predicted,Actual proposal support boundary; monitored coordinates are pre-native endpoint forecast,True,50,-0.234421467645,0.647913849607,-0.0916866873169,-0.183869771996,0.156537333701,0.0378851940236,6.36593374083,6.23078566966,0.247782332901,-0.385592702022,2.55591049052,0.1842896464,0.27736921848,0.274921633366,0.264409007463,0.20064212676,4.54170709672,0.210752900761,0.692082922343,10.1029473432,3.41218874597e-09,4.58315620814e-05,8.9342400822,2.13758705959e-06,0.00218163965018,9.26445697379,1.69745026055e-07,0.00064890364341,7.86463843769,0.000105273234984,0.0212795713864,9.881551188,2.41052646605e-08,0.000146480478364,8.95489691083,1.60033821986e-06,0.00193997267562,8.22032876613,4.69395082692e-06,0.0081264032054,9.23232677889,1.69290445255e-07,0.000680432752087,8.90412125998,2.32766515588e-06,0.00230841909884,8.47191338002,5.32371981355e-06,0.00528531772835,8.0034571344,4.01084624742e-05,0.0165891562812,8.951438326,3.62917014099e-07,0.00123382930051,4.63525290246,0.175065577853,0.396003537336,8.36365278248,2.22673303859e-05,0.00797702981117,9.39410877003,1.56807338548e-07,0.000497636179608,5.85322313344,0.0219751674511,0.279843748377,7.38593089041,0.000204084847037,0.0575139238688,8.32642618045,2.15633021825e-05,0.00838074093087,5.43783437773,0.0419398193674,0.15827264387
unguided,24,0.47,0.479999989271,predicted,Actual proposal support boundary; monitored coordinates are pre-native endpoint forecast,True,50,-0.234727389911,0.649833075887,-0.092253043499,-0.177456389704,0.162616940114,0.0356029011433,6.36324831465,6.26350382633,0.249309850393,-0.370864616909,2.5800404724,0.184144101721,0.277131744374,0.274364517345,0.264130170348,0.201026865461,4.5416147464,0.21006351583,0.692842306953,10.0961841461,3.57015663189e-09,4.71661088134e-05,8.94008905967,2.07956428171e-06,0.00214877396469,9.27427516204,1.58563552634e-07,0.000623931388952,7.86665749413,0.000104623731992,0.0211954192074,9.86482568702,2.66434643444e-08,0.000155912227067,8.95957142259,1.56538833901e-06,0.00191541929631,8.21473837575,4.84827608458e-06,0.0082695596918,9.24290709936,1.59290307501e-07,0.000655758277395,8.90391262359,2.3442368945e-06,0.00231446756092,8.47910823468,5.10061880629e-06,0.0051793225027,7.9878831605,4.28801192692e-05,0.0171435433404,8.95507221623,3.52082215389e-07,0.00121456240985,4.63659867637,0.17492374886,0.39680510222,8.37214701301,2.15561272387e-05,0.00783941791344,9.39777930726,1.50811666343e-07,0.000487527692348,5.84728170296,0.0222241954114,0.279501401114,7.39043579462,0.000200624776537,0.0570091268844,8.32657824836,2.16089606636e-05,0.00837969053975,5.43080924965,0.0423064664541,0.157923754275
unguided,24,0.48,0.489999979734,predicted,Actual proposal support boundary; monitored coordinates are pre-native endpoint forecast,True,50,-0.236626476859,0.656818492059,-0.0927347086334,-0.182283008137,0.173192425344,0.0344310083011,6.36201382744,6.29800780663,0.253446390134,-0.361654758847,2.60135088393,0.183791248788,0.276870687002,0.273889224276,0.26399943421,0.201355024116,4.54171226281,0.209870288354,0.693451211282,10.0979200596,3.6031529814e-09,4.73084736779e-05,8.93534218899,2.13353530552e-06,0.00217791028505,9.28643571122,1.46802061905e-07,0.000596283815984,7.86338577351,0.00010668094366,0.0212816408938,9.83758288151,3.10912849574e-08,0.000171669284898,8.9658413695,1.50651099677e-06,0.00187809624868,8.21333828121,4.90454707908e-06,0.00831457642016,9.25197873482,1.51242877673e-07,0.000635909689186,8.89960997167,2.39090189332e-06,0.00233991034126,8.48023281372,5.04128916529e-06,0.00515364718653,7.97616089165,4.52757534571e-05,0.0175734238118,8.96214137954,3.40044654724e-07,0.00118850251022,4.63606254547,0.175052975947,0.397317903247,8.36972517955,2.17423660226e-05,0.00787744375818,9.39079589671,1.55201341219e-07,0.000496661429312,5.85194204425,0.022022772819,0.277327070641,7.39119433604,0.000200695002689,0.0568987522882,8.32761260991,2.14988627524e-05,0.00835657648097,5.43274255307,0.0421410847345,0.157198366663
unguided,24,0.49,0.5,predicted,Actual proposal support boundary; monitored coordinates are pre-native endpoint forecast,True,50,-0.23176160666,0.663999750823,-0.0975151728058,-0.198506389894,0.180290378008,0.0346927995268,6.38030629085,6.29145958863,0.267618497037,-0.344598592317,2.62136808201,0.183717684435,0.276902671741,0.273856056701,0.263872774878,0.20130490772,4.53747984495,0.210203519653,0.692325314619,10.1170453809,3.28660019394e-09,4.44046400672e-05,8.90442969561,2.48293024685e-06,0.00236397632176,9.29330523391,1.40613529167e-07,0.000581392959264,7.85857447976,0.000109096785808,0.0214454344183,9.82331835464,3.38346836828e-08,0.000180879507906,8.96605512167,1.51122213351e-06,0.00187878285945,8.2088045822,5.03556531781e-06,0.00843355723459,9.26673562767,1.39650094814e-07,0.000606090213554,8.89398321741,2.43167466878e-06,0.00236677000596,8.46664076684,5.40882997151e-06,0.00534186608172,7.97410951677,4.59899012281e-05,0.0176462139073,8.97998726599,3.07510678154e-07,0.00112024707312,4.63687019678,0.175007666804,0.39752837561,8.34827747632,2.35338531026e-05,0.00822800180721,9.38530012423,1.59927283946e-07,0.000505409149297,5.86601309002,0.0214359967189,0.275102874652,7.39606556698,0.000197404265719,0.0563388929475,8.31835426899,2.23446127338e-05,0.00851303858527,5.44810817219,0.0412311904665,0.156370355713
unguided,25,0,0.00999999977648,predicted,Actual proposal support boundary; monitored coordinates are pre-native endpoint forecast,True,50,-0.288650115252,0.768972461391,-0.0933901570702,-0.147034233847,0.40795737711,0.0345857284484,4.838617756,7.36488613742,0.19338643951,-0.509990068579,1.06622689025,0.174904842313,0.26316773232,0.300766443518,0.280516619169,0.189819575273,4.50296762552,0.221843012566,0.724453725725,9.80353998229,1.48366224082e-08,0.000129485982066,9.44573848995,8.5819461815e-08,0.000424908406496,9.90867556595,3.69118819371e-09,5.36811548353e-05,8.13879759503,3.37158865119e-05,0.0125645315471,9.40481106307,6.81501607599e-08,0.000388112414795,9.43005693551,5.45502355958e-08,0.000345215219766,8.19804869301,5.23964175376e-06,0.00868040507253,9.30585745694,1.2117321768e-07,0.00052902343696,9.17577316199,5.12748772441e-07,0.00100640591676,8.48763581356,3.39809218818e-06,0.00483371222003,8.42721500789,6.30436518043e-06,0.00598858110682,8.62445981522,3.48694265839e-06,0.00394254889856,4.56639425354,0.189149650648,0.418563973677,8.6245466983,8.94793867038e-06,0.00467487150539,9.17936691621,1.34141845695e-07,0.000636904892762,5.32320268205,0.0510315667627,0.244679464908,7.3615059475,0.000265936285349,0.0587403784405,8.91144720067,8.3376549407e-07,0.00175848464652,5.40048365012,0.041548913674,0.160218154686
unguided,25,0.01,0.019999999553,predicted,Actual proposal support boundary; monitored coordinates are pre-native endpoint forecast,True,50,-0.242733367957,0.702561616233,-0.0768702433968,-0.120381938257,0.348542896185,0.0315019092051,4.75651471874,6.72963044443,0.100801230614,-0.45041171782,1.27824006878,0.185794931991,0.278313316774,0.312577349413,0.28083235127,0.183476391811,4.50737463692,0.233484505808,0.737141195141,9.86150086138,1.12642279566e-08,0.000109663045278,9.56413751418,4.20532342382e-08,0.000274843895486,9.77492354442,8.62580709217e-09,9.53157027753e-05,8.1765567853,2.92289140265e-05,0.0116038680948,9.55734735405,4.56330292602e-08,0.00026710535405,9.47133425654,4.22765824368e-08,0.000291657251111,8.21640455146,4.8320144329e-06,0.00818930172494,9.33934903865,9.6870331794e-08,0.000468182712778,9.23893501887,4.06906411559e-07,0.000860221851549,8.55396859311,2.50736976212e-06,0.00401539381376,8.39493342218,7.02061617485e-06,0.00648662172755,8.7260362726,1.7818474146e-06,0.00287031607099,4.57029835743,0.189742047664,0.420306464562,8.73408587127,5.60598777762e-06,0.00365894621637,9.19214328796,1.80604969487e-07,0.000698455913052,5.45378590061,0.0442074156091,0.257089495878,7.33340340336,0.00028048080101,0.0624967166484,8.94780482066,6.71091541296e-07,0.0015636250216,5.43403252845,0.0397493320939,0.152663788406
unguided,25,0.02,0.0299999993294,predicted,Actual proposal support boundary; monitored coordinates are pre-native endpoint forecast,True,50,-0.214227658252,0.648173237742,-0.084508530941,-0.0365585285807,0.284268778238,0.0366134676933,4.92010258596,6.61081590813,0.0400878235933,-0.451133363524,1.49901426759,0.186879935763,0.280740013826,0.308582053586,0.279621094821,0.18654364154,4.54682457945,0.224378183425,0.735559716911,9.8161201233,1.46891198685e-08,0.000130565419856,9.56674992101,4.27746075554e-08,0.000274146940282,9.57442148329,3.1211931842e-08,0.000214616061823,8.16107706162,3.00337573565e-05,0.0119773618561,9.63840756295,3.50098925004e-08,0.00021900831282,9.47877258163,4.16962790546e-08,0.000283556275355,8.20466489853,4.99597572246e-06,0.00839021908842,9.32825747502,9.95654599226e-08,0.000479072261931,9.24795598284,4.42939073288e-07,0.000886374034096,8.6052267598,2.08653310589e-06,0.00351251376644,8.33874618011,8.86350135065e-06,0.00745529534206,8.73348359126,1.58402206496e-06,0.00272041275913,4.56031344674,0.192623032558,0.415042730135,8.74357634921,5.47716822664e-06,0.00361264378761,9.20959704229,2.02030069681e-07,0.000718080207983,5.46103366259,0.0442666874977,0.276073751889,7.32587702118,0.000287246700082,0.0633946296502,8.92843956021,7.38972016151e-07,0.0016564017181,5.38896952498,0.0420611730274,0.155190236037
unguided,25,0.03,0.0399999991059,predicted,Actual proposal support boundary; monitored coordinates are pre-native endpoint forecast,True,50,-0.200280334073,0.623217980478,-0.0894371603394,0.0327635866022,0.243688889418,0.0427468753539,5.17372893949,6.51037570304,-0.00864910182433,-0.423296063929,1.76435140396,0.186203431812,0.278717959577,0.303609905266,0.276103890937,0.193013031025,4.56676544152,0.217717883872,0.727103060218,9.80122307663,1.55811417737e-08,0.000136570035052,9.52690505157,5.70253052668e-08,0.000318400044924,9.38263942805,9.56051883809e-08,0.000432670243193,8.14768802186,3.06698411428e-05,0.0123478525933,9.75372326737,1.9656873743e-08,0.000150199908738,9.46973037394,4.34150347529e-08,0.000290657997013,8.19415833492,5.20563354304e-06,0.00861713704493,9.3215270497,1.00376152962e-07,0.00048471112345,9.23017352544,5.10077572299e-07,0.000957435287729,8.6444520263,1.84743760714e-06,0.00318297121567,8.27540108584,1.09086536462e-05,0.00864302574411,8.73898138459,1.49104803867e-06,0.00261692035807,4.56056605467,0.193169976201,0.412042448547,8.72648073449,5.77018383202e-06,0.00375392741033,9.22349394307,2.09301120163e-07,0.000719846240453,5.46777035102,0.0441887051525,0.291318731868,7.33131668554,0.000278048245302,0.0629496842897,8.90934896078,7.89388092819e-07,0.00173466197986,5.36525491278,0.043205158306,0.159050716974
unguided,25,0.04,0.0499999970198,predicted,Actual proposal support boundary; monitored coordinates are pre-native endpoint forecast,True,50,-0.187779149165,0.599226189551,-0.0871805380249,0.0863382243729,0.210944561038,0.0470334637723,5.35547934563,6.4604737132,-0.015665009172,-0.408602075496,1.95447752614,0.18605397853,0.277537720257,0.300873110962,0.271876133523,0.197358748222,4.57851313105,0.212633588794,0.721856639248,9.77882255982,1.74746441962e-08,0.000146801608115,9.49909776552,7.22229856476e-08,0.000355119544024,9.28314071783,1.65444011719e-07,0.000609743462851,8.15045686726,2.95223098375e-05,0.0122950081069,9.80709920422,1.86009041456e-08,0.000136980458797,9.45701824808,4.81284281878e-08,0.000305558911459,8.19361712222,5.08990196907e-06,0.00858191701843,9.31268263741,1.03837334435e-07,0.000497210651214,9.21152437117,5.86571937172e-07,0.00103446274897,8.66236077254,1.91967183905e-06,0.00308809728027,8.22517832361,1.29076216945e-05,0.00973207442497,8.71616265986,1.63850512238e-06,0.00275841120991,4.57664910999,0.190220552428,0.411037284157,8.70557470503,6.20601219319e-06,0.00393727754862,9.23339680388,2.26466778792e-07,0.000728995063129,5.45150990837,0.0456537649609,0.300926052435,7.32695350767,0.000283286165137,0.0634046653092,8.88838089025,8.61995607046e-07,0.00183803997401,5.35250320598,0.0437495388924,0.160784381126
unguided,25,0.05,0.0599999986589,predicted,Actual proposal support boundary; monitored coordinates are pre-native endpoint forecast,True,50,-0.175078317042,0.576238329398,-0.0832764528656,0.11684581872,0.169605235133,0.048348828128,5.55768145144,6.4710745309,-0.0150997137502,-0.395612286293,2.16659248089,0.185414714265,0.274682835793,0.297692686258,0.267217116509,0.200702172839,4.59177781457,0.205106721682,0.717298247706,9.76108222379,1.91255775396e-08,0.000155157950726,9.43409078767,1.10180000059e-07,0.000447510786222,9.23131138248,2.07798587235e-07,0.000719614219327,8.15679148096,2.75368499368e-05,0.0121311324184,9.8129194983,2.22333495149e-08,0.00014760291817,9.39684477036,6.94358528026e-08,0.00037956406777,8.19120392199,5.04380370562e-06,0.00859935984137,9.30848244687,1.06219741523e-07,0.000502556719985,9.18981987586,6.81180741681e-07,0.00112304315509,8.692036484,1.84343647227e-06,0.00289043956606,8.18511827205,1.49871542577e-05,0.0107136350852,8.68689164182,1.87334237767e-06,0.00297998459818,4.59507854266,0.18634299264,0.407319555921,8.67377819928,7.10434172922e-06,0.00424145388165,9.23841540208,2.5076203112e-07,0.000748580737646,5.4249366696,0.0477218683605,0.307847799677,7.31600415274,0.000292014310925,0.0648466340306,8.81609668254,1.23574053278e-06,0.00227005818594,5.34789627045,0.0437973124946,0.162900687799
unguided,25,0.06,0.070000000298,predicted,Actual proposal support boundary; monitored coordinates are pre-native endpoint forecast,True,50,-0.166144586476,0.559690713539,-0.0855449007416,0.127069246731,0.146163061831,0.0507749585064,5.73290001702,6.36840734083,-0.0198158456568,-0.378717497662,2.23405437103,0.186681772516,0.274548135953,0.294988165158,0.264236108047,0.201349779431,4.600530301,0.201678561517,0.714235178654,9.76820381128,1.8185216343e-08,0.000150158859961,9.37539703031,1.65495355653e-07,0.000555970947351,9.18312516603,2.66540589279e-07,0.000841880807186,8.16776690908,2.6128315589e-05,0.0118867670505,9.83595970677,2.34379584462e-08,0.000148351714235,9.37522942796,8.39113811267e-08,0.000416195816541,8.18527727878,5.16580182549e-06,0.00872733931751,9.30988876562,1.04109053768e-07,0.00049766136331,9.14977202106,8.24678751443e-07,0.00125600575561,8.68642149286,2.01371158909e-06,0.00297216305621,8.16319307347,1.62641021097e-05,0.0112917655285,8.68712164666,1.81474624492e-06,0.00295199349532,4.60728057333,0.18267035346,0.404981530616,8.61472783456,8.93079157215e-06,0.00483680729496,9.25054674399,2.7015568273e-07,0.000752288551305,5.41062002482,0.0489549757434,0.313303491336,7.32667060621,0.000275983449083,0.0637844200108,8.80981187452,1.33271815596e-06,0.00232816517968,5.35367649487,0.0436114149832,0.165765743052
unguided,25,0.07,0.0799999982119,predicted,Actual proposal support boundary; monitored coordinates are pre-native endpoint forecast,True,50,-0.159710459046,0.538304511285,-0.0802981542015,0.142227139435,0.130426548991,0.0548636423574,5.93842147444,6.34191711408,-2.09164425592e-05,-0.38055689782,2.26757780773,0.185071509126,0.272566468896,0.290794754351,0.261634982902,0.203912858183,4.60122854517,0.197745336418,0.710258193396,9.76098735266,1.83861184758e-08,0.000152080988174,9.32332393914,2.31944777015e-07,0.000665776287321,9.13557078398,3.52246892846e-07,0.000989692483551,8.18115618104,2.42893435901e-05,0.0115639940032,9.83183085085,2.69901974565e-08,0.000159849577655,9.35281303189,1.00144963214e-07,0.000456205319745,8.19235923628,4.96074270411e-06,0.00854671799474,9.30121666307,1.0754690498e-07,0.000508829929861,9.10367542074,1.0239967291e-06,0.00142384130548,8.6569241149,2.59938863011e-06,0.00330529406564,8.13758074806,1.77526917267e-05,0.0120036125082,8.65256974049,2.08051094771e-06,0.00324286226048,4.62274285129,0.178350795011,0.401026552654,8.53880298406,1.21933665831e-05,0.00570663407119,9.25028727438,3.00951310604e-07,0.000778495230675,5.37723814719,0.0517691336647,0.316421808186,7.32861299626,0.000272326668339,0.0636344726614,8.78976618059,1.50916255561e-06,0.00248494010506,5.35811479714,0.0432425065952,0.16866271696
unguided,25,0.08,0.0899999961257,predicted,Actual proposal support boundary; monitored coordinates are pre-native endpoint forecast,True,50,-0.15948492676,0.546063927258,-0.07356134161,0.170308101139,0.112275209103,0.0588055513507,6.12344452797,6.29601004503,0.000312961873338,-0.379360579928,2.29729573223,0.18376409897,0.271053928851,0.287925194992,0.259501219114,0.205713315489,4.60254479375,0.194333851665,0.706990147804,9.73305288902,2.13659420684e-08,0.000167129473636,9.29748559482,2.76678227065e-07,0.000729469355403,9.08356693792,4.71019580153e-07,0.00117201072327,8.1996064429,2.22791731996e-05,0.0111045226356,9.84502349845,2.73378641222e-08,0.000159760177794,9.3384565071,1.12446771894e-07,0.000483685544365,8.20001819475,4.74912460251e-06,0.00834953319704,9.29726451515,1.0923632679e-07,0.000513448507484,9.07069898745,1.2040169542e-06,0.00156039546546,8.64682461952,2.95043523569e-06,0.00345594964438,8.11196538104,1.92727950908e-05,0.0127538628297,8.60500288368,2.57656886313e-06,0.00370530929106,4.64144794316,0.173909048048,0.397520224073,8.49473823289,1.4690301188e-05,0.00626876609,9.25427098604,3.25137452768e-07,0.000793547697084,5.31901331703,0.0563845701752,0.318916969807,7.3254197015,0.000273706200338,0.0641410971928,8.77806413791,1.64308073187e-06,0.00258387063725,5.35627598739,0.0431802185486,0.17003637744
unguided,25,0.09,0.0999999940395,predicted,Actual proposal support boundary; monitored coordinates are pre-native endpoint forecast,True,50,-0.157850069723,0.536008023955,-0.07166442379,0.19102166172,0.0838899489975,0.0625815534999,6.33262719287,6.2010425552,-0.00878020075195,-0.375617461529,2.29766785631,0.183249955701,0.26930788477,0.28525309337,0.257509426064,0.207462447849,4.61177286924,0.190445743829,0.702857126073,9.70379415894,2.46539019425e-08,0.000183239219056,9.27716833775,3.12665961281e-07,0.000779500564105,9.0248582589,6.56257979388e-07,0.00140901212397,8.20213004988,2.22829888201e-05,0.0110420020112,9.8993146701,2.15538858038e-08,0.000136924691915,9.32996454865,1.19373123643e-07,0.000499322959393,8.20014041915,4.73589642675e-06,0.00834107562946,9.29670290426,1.08444125406e-07,0.000511804702003,9.03371629573,1.41987024845e-06,0.00171621713261,8.62765644911,3.39978254362e-06,0.00368570394409,8.09209328425,2.04169940429e-05,0.0133703219444,8.56810769315,3.01545256967e-06,0.00409629978917,4.66163772194,0.168976230561,0.393011918137,8.4418867523,1.81958386918e-05,0.00699200777288,9.27799341446,3.14190727754e-07,0.000760860451733,5.25910392568,0.061189189986,0.321835533077,7.32427896175,0.000273849331106,0.0643242067556,8.78142386474,1.61884767476e-06,0.00256018666048,5.34552570419,0.0437892963076,0.171710984967
unguided,25,0.1,0.109999999404,predicted,Actual proposal support boundary; monitored coordinates are pre-native endpoint forecast,True,50,-0.158781416271,0.542802169209,-0.0755766747856,0.18893037673,0.0503631940222,0.064360988474,6.4931907402,6.09163879732,-0.0174616829692,-0.369691269228,2.3001850986,0.183784748789,0.268162882577,0.283442571363,0.255928608823,0.208610880816,4.62554712715,0.186807646445,0.699915874078,9.69489340965,2.55980488251e-08,0.000187066264587,9.24860241943,3.73523820589e-07,0.000856147811391,8.98572331769,8.11791232666e-07,0.00158634623874,8.19546423982,2.29823443805e-05,0.0111976628449,9.96292201607,1.57727692249e-08,0.000112137294822,9.30968330974,1.36840359301e-07,0.000539028598687,8.19292530121,4.89142065445e-06,0.00850787071627,9.29882673126,1.06460744783e-07,0.000506590399267,9.01499549629,1.52044882115e-06,0.00179001949533,8.60758435135,3.84713107885e-06,0.00391285551709,8.08224775161,2.13930251136e-05,0.0136993428781,8.55906096554,3.1250409786e-06,0.00419223751818,4.67604230154,0.165572855946,0.387941926341,8.41305299388,2.01132169005e-05,0.0074051064447,9.31044055359,2.84227639695e-07,0.000706101080515,5.22676175564,0.0637399800389,0.324185388839,7.32275512922,0.000274138711783,0.0645355903025,8.76668467644,1.74656441517e-06,0.0026700824772,5.34141466191,0.0442459661321,0.17354675486
unguided,25,0.11,0.119999997318,predicted,Actual proposal support boundary; monitored coordinates are pre-native endpoint forecast,True,50,-0.148295832099,0.532870138987,-0.0753166435623,0.176363663635,0.0222449144459,0.0645772106781,6.56661922868,6.00141322969,-0.0109601430074,-0.369556063106,2.24911200063,0.184759883828,0.267682853692,0.282333286448,0.255318551112,0.209878660617,4.63037830658,0.186216453137,0.698694059044,9.68399065472,2.68907889227e-08,0.000193394773035,9.23269829627,4.19030371224e-07,0.000905368142107,8.98542341751,8.1847335702e-07,0.00158810587289,8.1702488058,2.59132470473e-05,0.0118346280058,10.0796140417,7.73994745372e-09,7.14069261579e-05,9.29993062175,1.47863340884e-07,0.000561366278873,8.19052400568,4.92822831662e-06,0.00855970105378,9.28639422151,1.15101440142e-07,0.000529967445455,8.99223281041,1.65690077168e-06,0.00188650221188,8.58491991003,4.3781693803e-06,0.00417346724758,8.08257682136,2.1350731452e-05,0.0137024904405,8.55783946717,3.1602590408e-06,0.0042036824429,4.68338003692,0.163942925881,0.383126431112,8.38650614594,2.19818882557e-05,0.00780592974969,9.37138158233,1.96101950339e-07,0.000571638106914,5.21901846701,0.0641204835032,0.325520775649,7.32100352793,0.000274701001571,0.0647592838238,8.76463197769,1.75732967488e-06,0.00268336295135,5.31952793158,0.0454993563399,0.174306896765
unguided,25,0.12,0.129999995232,predicted,Actual proposal support boundary; monitored coordinates are pre-native endpoint forecast,True,50,-0.142977998361,0.514216246951,-0.0702359460258,0.160740470848,0.0170360055304,0.0635323366236,6.5175931961,5.91196201876,-0.000221939290959,-0.369244372574,2.17065290175,0.186351553281,0.26861546822,0.284332442709,0.255974697446,0.209850907114,4.61832685431,0.19014536281,0.701313440504,9.68639598784,2.68192445396e-08,0.000192691130089,9.24174004129,4.14517976764e-07,0.000889743823056,9.0261693697,6.552943389e-07,0.00139732691833,8.1620789425,2.72154545502e-05,0.0120479644764,10.1907123032,3.55610710695e-09,4.35023241108e-05,9.30451218013,1.47415161823e-07,0.000558289160582,8.19605904454,4.7805411812e-06,0.00842160540706,9.27940098131,1.21762170595e-07,0.000546447584786,8.98434198156,1.6799282583e-06,0.00191110361942,8.56664793332,4.87041189376e-06,0.00439257022827,8.09266055208,2.03380893965e-05,0.0133847558259,8.56149059486,3.15817113933e-06,0.00417235622233,4.68126113487,0.164363222951,0.381801253779,8.3889117353,2.12480315805e-05,0.00776708402789,9.42128613235,1.31507359186e-07,0.000462525891364,5.22700452946,0.063113879082,0.323886639175,7.31466050093,0.000282267603251,0.0654437389991,8.78156453534,1.60129343993e-06,0.0025542407482,5.31536854408,0.0456767105029,0.172326489284
unguided,25,0.13,0.140000000596,predicted,Actual proposal support boundary; monitored coordinates are pre-native endpoint forecast,True,50,-0.147833438206,0.530056253653,-0.0662373684311,0.149016226492,0.0172096207476,0.0627600127155,6.46324734002,5.85565474617,0.00291063137616,-0.368283285389,2.13667883449,0.187966919029,0.269683417677,0.286668659876,0.256020946015,0.209059417857,4.61253621475,0.19351154135,0.703367085297,9.68224905456,2.78461390081e-08,0.000196809867259,9.25800071662,3.89660147719e-07,0.000853019937733,9.04341003624,5.98822695868e-07,0.0013247848449,8.1643792706,2.77750337097e-05,0.0119516666054,10.2346836094,2.57274663513e-09,3.53606667047e-05,9.31241082404,1.41761736311e-07,0.000545617361867,8.20006135723,4.65017739153e-06,0.0083129604414,9.27775995921,1.25074665436e-07,0.000554071735292,8.98522112483,1.65425582562e-06,0.001899543134,8.55982055433,5.05724592455e-06,0.00447370015514,8.09082964518,2.08106094651e-05,0.0134587960035,8.56548953413,3.20622270849e-06,0.00415115768153,4.68305049934,0.164193581218,0.381493247003,8.40172393383,1.99211771909e-05,0.00756801869058,9.43422089119,1.1687431698e-07,0.000436242439156,5.23563950038,0.0617945762414,0.321470133734,7.30752509395,0.000291964064172,0.0661470253133,8.79315415597,1.5001291921e-06,0.00247109966019,5.32206849607,0.0454868914145,0.170157152091
unguided,25,0.14,0.149999991059,predicted,Actual proposal support boundary; monitored coordinates are pre-native endpoint forecast,True,50,-0.151305351035,0.526382643396,-0.067685284462,0.123253360949,0.0138549515343,0.0626183640884,6.45031978894,5.84707119782,0.00725088175864,-0.366653839919,2.12623451611,0.187683086125,0.269915198551,0.287573725276,0.25668967261,0.208642358284,4.61174785957,0.195401292338,0.701794703524,9.68679059251,2.74631623726e-08,0.000194515507641,9.24626279386,4.26175693124e-07,0.000891943954788,9.05120169343,5.83188434624e-07,0.00129866611653,8.1345161659,3.23726840669e-05,0.0126899212461,10.2674951914,1.99753335254e-09,3.00504354382e-05,9.30034988109,1.54924285273e-07,0.000572994856176,8.19986133884,4.63242756274e-06,0.00831170046639,9.26902672141,1.3325809756e-07,0.000576025507778,8.97301552461,1.73677296398e-06,0.00195590187085,8.55142611033,5.15940946073e-06,0.00455259664542,8.09504582902,2.07187715161e-05,0.0133387349145,8.57749135372,3.14755715873e-06,0.00405165709788,4.68346735812,0.164465887667,0.381475760869,8.39681033712,1.99453468373e-05,0.00764519620896,9.44403507808,1.05467201664e-07,0.000414677464364,5.24981576162,0.0600337729735,0.318060388072,7.30260993951,0.000300444154129,0.066540772539,8.77714075171,1.60973612062e-06,0.00258649945119,5.32301102415,0.0458699281341,0.168288034945
unguided,25,0.15,0.159999996424,predicted,Actual proposal support boundary; monitored coordinates are pre-native endpoint forecast,True,50,-0.146128826949,0.520948344962,-0.0755881570244,0.10135507103,0.00571764466524,0.0595039366881,6.3377431366,5.79578687867,0.0306287902075,-0.361084168218,2.01329636644,0.18803880093,0.272116282932,0.291260982501,0.25879434255,0.206750183953,4.60869969515,0.198576787166,0.702027388295,9.6945963155,2.63416389945e-08,0.000189311752725,9.25379911798,4.16648964725e-07,0.000877056317134,9.09006860031,4.86059204772e-07,0.00115814147649,8.11542599028,3.45129599566e-05,0.0131966245047,10.3362430927,1.1325328897e-09,2.08864960124e-05,9.31292730502,1.49977398531e-07,0.000557153629117,8.18903771711,4.86049877994e-06,0.00856151690424,9.25979755851,1.41839914769e-07,0.000599042679815,8.97671667968,1.66926111708e-06,0.00192329583423,8.53270763852,5.40066094338e-06,0.00474699164048,8.11607328055,1.95644938553e-05,0.0127106604431,8.5982217797,2.91595017578e-06,0.00384521502206,4.67752861265,0.165919668621,0.384399165207,8.40743217521,1.85588006553e-05,0.0074730701672,9.47837012662,7.79890123541e-08,0.00035392044788,5.26807727205,0.0581066706323,0.317274949161,7.30981250462,0.000299020113213,0.0652723759646,8.78192093342,1.56829508432e-06,0.00255968235469,5.30903504249,0.0471502028234,0.166723691915
unguided,25,0.16,0.170000001788,predicted,Actual proposal support boundary; monitored coordinates are pre-native endpoint forecast,True,50,-0.144188376,0.520482640221,-0.0794810198212,0.0835988092041,0.0103651281929,0.0564044903003,6.22672741681,5.76706893399,0.057827079816,-0.366809557806,1.85864590453,0.187701528287,0.273903928054,0.293455609579,0.261908589394,0.205363583121,4.60137338373,0.202456796092,0.703049668976,9.70314327487,2.45900060795e-08,0.000181963586218,9.27864614722,3.74974773374e-07,0.000820796321549,9.13839250001,3.72493621042e-07,0.000993606702032,8.10249625555,3.55432902976e-05,0.0135934784379,10.381894241,7.24511231785e-10,1.57228346982e-05,9.34059738375,1.33081601772e-07,0.000513958223721,8.18756900136,4.91321879295e-06,0.00859930748386,9.24553182718,1.52789881967e-07,0.000631165647931,8.97720853183,1.61927335894e-06,0.00190412841016,8.50576223817,5.80396993875e-06,0.00505262827121,8.13096157928,1.91175750604e-05,0.0122969737736,8.60853763674,2.81132073281e-06,0.00374700906153,4.67150449427,0.167316097208,0.387550454685,8.41979374736,1.71340067351e-05,0.00727364824919,9.50354879337,6.07125827515e-08,0.000310881005772,5.28587325596,0.056482893985,0.316998235398,7.31633704317,0.000300525209848,0.0639996522044,8.8036980576,1.38717811662e-06,0.00240935909781,5.2949579411,0.0485247359462,0.165814219716
unguided,25,0.17,0.179999992251,predicted,Actual proposal support boundary; monitored coordinates are pre-native endpoint forecast,True,50,-0.145931656463,0.5178973379,-0.0802338264847,0.0665381753063,0.0100219484901,0.0532629589086,6.15105093188,5.7253907525,0.0717412884427,-0.383253162928,1.7179303522,0.187432906096,0.27561725314,0.294845114735,0.264619454085,0.203877764694,4.59656190235,0.20472704047,0.705846810112,9.69819112913,2.53219770676e-08,0.000184610863302,9.29884733474,3.45310890947e-07,0.000778553426328,9.18713383265,2.8073470592e-07,0.000845320816154,8.10306631046,3.46821679954e-05,0.013613816893,10.416304688,4.91089360699e-10,1.23171984436e-05,9.3638570996,1.1684947889e-07,0.000474508983463,8.19044855563,4.84429468518e-06,0.00852498685774,9.23660871731,1.60776101997e-07,0.000652503504794,8.97637312837,1.56739118941e-06,0.00188869319619,8.48704859181,6.13063453958e-06,0.00528202576894,8.14687278622,1.87178420148e-05,0.0118813538049,8.60311847557,2.94710521161e-06,0.00382170302166,4.6627806096,0.16881601273,0.386643168067,8.43536992511,1.5393309219e-05,0.00702779412083,9.53297413641,4.6341425292e-08,0.000268686081093,5.28411169536,0.0562378059656,0.316268407362,7.31128683024,0.000313933821493,0.0641496137946,8.82271977042,1.20336153957e-06,0.00226951340091,5.29320086958,0.0490580852872,0.165049677348
unguided,25,0.18,0.189999997616,predicted,Actual proposal support boundary; monitored coordinates are pre-native endpoint forecast,True,50,-0.147205752518,0.524676450188,-0.0893510960007,0.0458018517113,0.000363132629396,0.0517751204487,6.17921807439,5.66271190772,0.0922696762775,-0.401750609293,1.63608477287,0.188623984347,0.276871094355,0.293438608397,0.265716318083,0.20124964108,4.60900147061,0.201701557801,0.709461065344,9.72057790929,2.24103597288e-08,0.000169990105393,9.24970921698,4.4714440073e-07,0.00090639604405,9.21800578948,2.31454766716e-07,0.000758932646186,8.07101024977,4.11630324417e-05,0.0145537732267,10.4395999051,3.95172096652e-10,1.06914795862e-05,9.37034532043,1.19300256449e-07,0.000469284387611,8.18444354372,4.92618066891e-06,0.00865502189437,9.23738579449,1.5985643146e-07,0.000651805876713,8.96167379326,1.52544420888e-06,0.00192063261173,8.4649217606,6.42643038968e-06,0.00558920927668,8.16331045168,1.8297430398e-05,0.0114820014031,8.60710098465,2.89386816731e-06,0.00378203398769,4.64896448571,0.170924825723,0.381245419837,8.42412191887,1.40745166097e-05,0.00717460736489,9.56756027133,3.74584659769e-08,0.000234469042788,5.27852415316,0.0563763671971,0.315655783705,7.31110200349,0.000319308622872,0.0638897566668,8.84554292736,1.06065102771e-06,0.00210431101336,5.31045576572,0.0486083479711,0.164098735416
unguided,25,0.19,0.199999988079,predicted,Actual proposal support boundary; monitored coordinates are pre-native endpoint forecast,True,50,-0.148993676611,0.5238787828,-0.0952012084389,0.0458142459011,-0.0193013242149,0.0471787321501,6.17940906234,5.59910449495,0.120259910112,-0.393563040064,1.58668279983,0.190854020166,0.280164855215,0.293231955978,0.267623810259,0.196197821199,4.60831777579,0.201396084534,0.709700088675,9.71223954213,2.40783296038e-08,0.000176395377184,9.16812945025,7.01960702143e-07,0.00116971106842,9.26824339896,1.71761234931e-07,0.00063703680276,8.06993385649,4.25077458393e-05,0.0145550194394,10.4396549645,4.12822742205e-10,1.09518175171e-05,9.33544699259,1.57704123879e-07,0.000541923408347,8.17418388066,5.10888895231e-06,0.00889016756663,9.23173205901,1.68304705308e-07,0.000670640994921,8.97353234165,1.33024814075e-06,0.0018345677986,8.48214718424,5.80989036496e-06,0.00536247681843,8.18472816233,1.72223555835e-05,0.0109488503387,8.59991887283,2.89308669785e-06,0.00382646415447,4.64017838435,0.171917665742,0.379674398425,8.43326388695,1.1621562211e-05,0.00705717837233,9.59241316911,3.32511777135e-08,0.000214810198809,5.27034580651,0.0574012372689,0.318279126572,7.33830947463,0.00028118270654,0.0612169772104,8.8233901328,1.24820783382e-06,0.00226086211167,5.30297339301,0.049321049598,0.162827022684
unguided,25,0.2,0.209999993443,predicted,Actual proposal support boundary; monitored coordinates are pre-native endpoint forecast,True,50,-0.148656958315,0.514586893937,-0.0963384602928,0.0573983776188,-0.0195113545918,0.0471808031115,6.19729600442,5.59895000664,0.11089115294,-0.42889793915,1.6546272595,0.1908413437,0.282451753793,0.291809489247,0.268675063899,0.193914483188,4.61348681688,0.200344071973,0.710822011102,9.73379700835,2.19959865573e-08,0.00016550118086,9.10215227922,1.0025653797e-06,0.00142845175183,9.26346075144,1.72633144424e-07,0.000640160023745,8.02335473034,5.46392379965e-05,0.0158532788606,10.4606257075,3.60362483177e-10,9.97459039033e-06,9.31571719818,1.9932441711e-07,0.000602910423952,8.18077085018,4.85229600252e-06,0.00870680997068,9.22411612274,1.73377487072e-07,0.000684402303081,8.96392994217,1.39981396977e-06,0.00188883342792,8.50972111144,4.9209530983e-06,0.00497604159195,8.18839593893,1.69963641464e-05,0.0108513821882,8.60360923202,2.79863839154e-06,0.00377577701652,4.61988916977,0.17553095428,0.378173772822,8.42604206437,1.15304969457e-05,0.00718144135718,9.63436447746,2.48634583394e-08,0.000179632853249,5.27688549371,0.0567941045019,0.317029852304,7.33675880397,0.000276974627212,0.0617696666795,8.81786798746,1.52742133187e-06,0.00233092529757,5.31731501609,0.0482657955683,0.162943635702
unguided,25,0.21,0.219999998808,predicted,Actual proposal support boundary; monitored coordinates are pre-native endpoint forecast,True,50,-0.144474718115,0.484978607854,-0.0912460087204,0.0756108927345,-0.054424621489,0.0456310302106,6.2925479853,5.55674554039,0.0917392369293,-0.438780264216,1.65255098691,0.189905569088,0.28335596574,0.290600901056,0.267892122958,0.193785550117,4.60895869188,0.199644164214,0.704994113676,9.6669916262,3.19676924163e-08,0.000207865457383,9.06887365482,1.18986836769e-06,0.0015698339496,9.26772045354,1.68257023634e-07,0.000630576943435,8.0905593942,3.86073196309e-05,0.0139195812908,10.5209849607,2.40465920638e-10,7.59093099382e-06,9.26773959434,2.33492798687e-07,0.000680781564551,8.18069122289,4.94013580664e-06,0.00871505753455,9.21981084808,1.7486406391e-07,0.000690467034487,8.9798619273,1.27386804907e-06,0.00180252152236,8.54590293586,4.19406633078e-06,0.00453487102104,8.18566869341,1.75740165354e-05,0.0109574214594,8.5623368793,3.42333937987e-06,0.00422304884354,4.61943706592,0.175225345565,0.372219737986,8.44656277822,1.0149134573e-05,0.00686396603226,9.68642055913,1.75996725488e-08,0.000144966162921,5.22414314299,0.0608579726393,0.322555346376,7.32523444403,0.000294406295473,0.0627735246591,8.76225915723,1.90271898492e-06,0.00274034807647,5.28493281257,0.0504558570758,0.165362875646
unguided,25,0.22,0.229999989271,predicted,Actual proposal support boundary; monitored coordinates are pre-native endpoint forecast,True,50,-0.13925263445,0.468338736226,-0.0877043436432,0.0719925427055,-0.053385627892,0.0458508498697,6.39307801902,5.56192743321,0.085484260713,-0.441154361325,1.82640682056,0.189046472015,0.28500798219,0.288552363046,0.267441257968,0.192430356875,4.59384413381,0.200721459704,0.699985240013,9.69305823486,2.78953146059e-08,0.000191376543049,9.00949572977,1.57547076024e-06,0.00184137856758,9.24357853869,1.88379019249e-07,0.000680641429603,8.05921032576,4.55497625508e-05,0.0147742067218,10.5687709169,1.648978413e-10,5.91319351916e-06,9.21978821663,3.15718805999e-07,0.00080375043256,8.18711872913,4.78226808293e-06,0.00857260137869,9.21830825103,1.80494819517e-07,0.000698452196651,8.96429641778,1.39885782417e-06,0.00189004996754,8.5703479784,3.72739460341e-06,0.00423921409277,8.15560008993,2.01516857524e-05,0.0117699033677,8.57728604018,3.16551506313e-06,0.00404854242019,4.62585821627,0.175035884456,0.373328450613,8.42414496694,1.12210912882e-05,0.00722366512137,9.71459785273,1.37610959968e-08,0.000126239022731,5.24197888648,0.0591043021975,0.319662621696,7.31989969174,0.000295157661829,0.0637008387791,8.71694625354,2.56097103798e-06,0.00311641694218,5.29892469764,0.0491505125107,0.163290132319
unguided,25,0.23,0.239999994636,predicted,Actual proposal support boundary; monitored coordinates are pre-native endpoint forecast,True,50,-0.13547675255,0.455858387341,-0.0804369901085,0.0789998852825,-0.0678813481593,0.0444677182096,6.52663289868,5.55694319558,0.123247377695,-0.415802551436,1.8980541974,0.188564529104,0.285024450033,0.285363841276,0.26522406425,0.193213150322,4.5844075464,0.200637028781,0.694289514933,9.6541062797,3.54418366878e-08,0.000220479866949,8.95262543571,2.04839951206e-06,0.00213245760192,9.255145227,1.77670467063e-07,0.000657018968359,8.11221241959,3.45196225511e-05,0.0133086461532,10.6127706288,1.16513467059e-10,4.69243138462e-06,9.17580358963,3.7318239605e-07,0.000901836634974,8.1909086359,4.78090232766e-06,0.00849832803936,9.21613205606,1.82025150066e-07,0.000703752898214,8.96628367328,1.41101310828e-06,0.0018877260589,8.58395529643,3.51704141877e-06,0.00409679037837,8.12079251001,2.36736010102e-05,0.0127764057641,8.55412604464,3.55709847325e-06,0.00430194806396,4.64887952704,0.171564016248,0.372598036464,8.40917887534,1.19828629104e-05,0.00747492607101,9.73051936078,1.20057815804e-08,0.000116948631823,5.23631879577,0.0596558049441,0.325990592622,7.32412951633,0.000293238240997,0.0630575913401,8.65216080374,3.41175744128e-06,0.00372448944586,5.27870829146,0.0506791418207,0.162833792951
unguided,25,0.24,0.25,predicted,Actual proposal support boundary; monitored coordinates are pre-native endpoint forecast,True,50,-0.147399811952,0.460238253617,-0.077366766777,0.0835500231004,-0.0567222008371,0.045390441549,6.63636410522,5.60113302471,0.126504159279,-0.426862233731,2.0727103148,0.187766826921,0.284367015057,0.282448477656,0.263264178215,0.194521187096,4.59626786286,0.196267832934,0.697316589879,9.66852528658,3.43510123308e-08,0.000214521014742,8.91022874362,2.44368254868e-06,0.00236542022059,9.25057315429,1.73291736213e-07,0.000655677279236,8.09871940878,3.72162416631e-05,0.0136776804999,10.6069044176,1.26585796778e-10,4.9516601029e-06,9.12894818815,4.85515994589e-07,0.0010474023405,8.20224804907,4.5340472836e-06,0.00823014444198,9.211926463,1.90177715783e-07,0.000717519479748,8.95132040929,1.56817330409e-06,0.0019820236315,8.60702265861,3.08224444426e-06,0.00382723816595,8.09809475505,2.55960907581e-05,0.0134209909172,8.5476688502,3.69646825043e-06,0.00438749821353,4.64893959327,0.172272739311,0.374855323418,8.38901099058,1.34515943922e-05,0.00780790130627,9.73006268038,1.20249940738e-08,0.00011721107248,5.25716767869,0.0582789116222,0.326305182292,7.31117371631,0.00031322743752,0.0642879024022,8.60747819867,4.5405143757e-06,0.00419591231456,5.29790144042,0.0490772897279,0.160444079391
unguided,25,0.25,0.259999990463,predicted,Actual proposal support boundary; monitored coordinates are pre-native endpoint forecast,True,50,-0.154759664069,0.494176550405,-0.076220543232,0.0744239927447,-0.0665290323162,0.0462755000803,6.66739542416,5.65153299273,0.13506536682,-0.429781936382,2.15428827081,0.187782155194,0.284014719409,0.282996023473,0.26234422306,0.19260198454,4.56746657031,0.197495689594,0.691038711177,9.6501512956,3.89247008243e-08,0.000231064626964,8.86751605776,2.96252589854e-06,0.00263175369867,9.24705335182,1.76079697482e-07,0.000667948117662,8.11782786166,3.29813779226e-05,0.0131577944169,10.6214224772,1.13353010701e-10,4.61770771893e-06,9.09524427021,5.65693423272e-07,0.00115209552518,8.20128767322,4.5364128294e-06,0.0082457750274,9.20794806981,1.90470622639e-07,0.000723150908543,8.95544404768,1.57614401453e-06,0.0019724379949,8.62717965201,2.74749571574e-06,0.00360395391525,8.08579494489,2.71102406085e-05,0.0138582619504,8.54986592094,3.76105475934e-06,0.00438833277282,4.65284747697,0.171274588779,0.374334874154,8.38750332801,1.35816467549e-05,0.007834370279,9.74457893838,1.05586551087e-08,0.00010862021296,5.26846832603,0.0571078050097,0.325415462981,7.31275578673,0.000310126278194,0.0641153157339,8.55771165588,5.76241444798e-06,0.00477178640555,5.28710864258,0.0499492962869,0.16005210599
unguided,25,0.26,0.269999980927,predicted,Actual proposal support boundary; monitored coordinates are pre-native endpoint forecast,True,50,-0.159276885694,0.505151545848,-0.0716347955132,0.0628648677087,-0.0959751656914,0.0461320591323,6.6972851608,5.66009564961,0.143529110631,-0.434963977382,2.18382672214,0.187341436743,0.282523914568,0.284891240149,0.263931501724,0.189792816487,4.53437808849,0.197704766809,0.68574627745,9.62144619946,4.54069708723e-08,0.000255155639495,8.84820638812,3.22505170523e-06,0.00275959375757,9.25544087192,1.72334634878e-07,0.000656002413404,8.11641033481,3.15201839343e-05,0.0132021028745,10.6602265286,8.25314122873e-11,3.76300872996e-06,9.06644445854,6.47192737623e-07,0.00125087099657,8.20068610501,4.49943387055e-06,0.00823943828686,9.19679488287,2.00903925987e-07,0.000746429297938,8.95913658349,1.5713959473e-06,0.0019608907199,8.64735628278,2.41386816958e-06,0.00338022803604,8.07750447531,2.85446815868e-05,0.0141694868777,8.52837674165,4.22174930661e-06,0.00467552628483,4.66322849731,0.167295614723,0.374843608599,8.39820281913,1.29032008674e-05,0.00765070322578,9.77547395707,8.09109254913e-09,9.31035137665e-05,5.25353680104,0.0583532862856,0.321196660609,7.30087581572,0.00032458987268,0.0654189191097,8.51768024715,6.75696381218e-06,0.00525756925846,5.2817367811,0.0499407884034,0.16294563868
unguided,25,0.27,0.280000001192,predicted,Actual proposal support boundary; monitored coordinates are pre-native endpoint forecast,True,50,-0.156754572844,0.493264029654,-0.065440268364,0.0607277646279,-0.116325510468,0.0450895168135,6.71783634151,5.6174319705,0.168467069616,-0.42090899874,2.08547657685,0.188367690289,0.28216960793,0.285373170628,0.263733294994,0.189092676899,4.51304272359,0.199541730731,0.683104770165,9.59218118192,5.06393250355e-08,0.000276904017451,8.82457049767,3.59720171333e-06,0.00292612379716,9.28072159269,1.51556775255e-07,0.000605722819779,8.14553813701,2.74854573528e-05,0.0123885915431,10.6776817334,7.15037685963e-11,3.43116515736e-06,9.04956252004,7.07318797161e-07,0.00132110021932,8.19835844653,4.50030869743e-06,0.00828780077489,9.18644450914,2.12436114623e-07,0.000769419158594,8.95596548568,1.59426077081e-06,0.00197715609338,8.65250750657,2.34384923958e-06,0.00332656959842,8.07775312108,2.86179114648e-05,0.014201508874,8.50717720197,4.64305558929e-06,0.00494019278987,4.67358804835,0.163562122581,0.373425113888,8.39054045011,1.32239804328e-05,0.00778559998319,9.78539538427,7.3847173829e-09,8.83723891404e-05,5.22407682341,0.060432530995,0.320524298483,7.31397080747,0.000300382985807,0.0643481412449,8.50649480532,7.4037758711e-06,0.0054441816828,5.25858565697,0.0508851002646,0.166511562555
unguided,25,0.28,0.289999991655,predicted,Actual proposal support boundary; monitored coordinates are pre-native endpoint forecast,True,50,-0.153309793258,0.448369371819,-0.0545540164375,0.0590963191903,-0.132080952253,0.0448258834129,6.77167381054,5.57517171272,0.193956503261,-0.412006462956,1.95642715592,0.188254385169,0.280681394154,0.285327113752,0.263950999372,0.18976403608,4.4961405989,0.201786465332,0.680609889469,9.54439016535,6.30768327876e-08,0.000320757124616,8.81233533227,3.81774124272e-06,0.00301707014991,9.31527593182,1.24765312952e-07,0.000538554556288,8.17040533799,2.46493764829e-05,0.0117152234857,10.6842740777,6.80352360658e-11,3.32518317042e-06,9.03688396226,7.47540269228e-07,0.00137062812009,8.2086133471,4.26898316518e-06,0.00804245419036,9.16586195682,2.39601600762e-07,0.00082448374925,8.9400261218,1.70356591387e-06,0.00205876604877,8.65323508653,2.343268053e-06,0.0033222733719,8.08393905931,2.7973488762e-05,0.0140165911696,8.46485797237,5.622569224e-06,0.00551735964999,4.68553493336,0.160222157588,0.371520729028,8.37388990699,1.40446254572e-05,0.00808555951842,9.78384236733,7.40576760892e-09,8.8636207196e-05,5.18580181443,0.06353295797,0.319640263193,7.31996366631,0.000287607969379,0.0640018490145,8.50408939053,7.47263441775e-06,0.00550119815626,5.22623829506,0.0523870490065,0.168351386247
unguided,25,0.29,0.299999982119,predicted,Actual proposal support boundary; monitored coordinates are pre-native endpoint forecast,True,50,-0.158303444526,0.477442688968,-0.0446173523331,0.0445864976189,-0.150410406914,0.0458357246292,6.81433547406,5.51489045062,0.211808045996,-0.418938308744,1.89082118367,0.18892212581,0.28051781297,0.285481545387,0.262450970888,0.190107749566,4.49231286414,0.202723617,0.681531132249,9.50131199781,7.73952867799e-08,0.000368422099145,8.79948425919,4.03426578822e-06,0.00310911679644,9.35131353923,9.99386449956e-08,0.000473465213125,8.1924889056,2.20833640509e-05,0.0111328546025,10.6930175664,6.4071721188e-11,3.21455454392e-06,9.01752802938,8.02022533683e-07,0.0014397263617,8.2263268738,3.8586663366e-06,0.00760540122233,9.14713396399,2.68105508356e-07,0.000880128529317,8.93294401863,1.73185143396e-06,0.00208955963144,8.65347499225,2.37066947736e-06,0.00332959484342,8.09766976228,2.63534702189e-05,0.0136058563139,8.43803596279,6.47319634306e-06,0.00593004501239,4.69200251087,0.158139250999,0.369980136187,8.36115637979,1.45908551016e-05,0.00832379565245,9.7891507961,7.35294927267e-09,8.77563152391e-05,5.17244053194,0.0640180189215,0.320760089367,7.30541823715,0.000303447628034,0.0657405896115,8.48917887607,7.69686541754e-06,0.00570290128988,5.20052988074,0.0535464033882,0.166450960317
unguided,25,0.3,0.310000002384,predicted,Actual proposal support boundary; monitored coordinates are pre-native endpoint forecast,True,50,-0.169116527014,0.523163894077,-0.0391816614532,0.0335039723283,-0.168749840584,0.0464165442585,6.93762788307,5.44125670474,0.237030720021,-0.433116236469,1.76214569707,0.188655658616,0.279230937166,0.283466261048,0.261865417068,0.191639359651,4.49802956866,0.201311007846,0.680133634338,9.43745399038,1.02342318435e-07,0.000444959549018,8.79096825807,4.16958544246e-06,0.0031657915875,9.37873608196,8.55651269945e-08,0.000431330933473,8.25365577031,1.60665853557e-05,0.00964933886329,10.708965745,5.55195732804e-11,2.94527276481e-06,8.99490791497,8.71163940409e-07,0.00152321476774,8.24139746979,3.54634207413e-06,0.00724438462597,9.12747591154,2.97521120842e-07,0.000940982410139,8.91006770866,1.84060415749e-06,0.0021982209802,8.64509879381,2.47809543771e-06,0.00341005868719,8.11286412884,2.50544006856e-05,0.0131696854407,8.37165879704,9.11554204539e-06,0.00706419729541,4.69511851813,0.156428295673,0.366053414683,8.3308464091,1.5958889056e-05,0.00891993011888,9.80108887502,7.00789598531e-09,8.46814846173e-05,5.12042577613,0.0672568719599,0.323776360902,7.30662423658,0.000305173599406,0.0653905620389,8.48170998629,7.23412994204e-06,0.0057893599946,5.19395220425,0.0543724816698,0.166971914657
unguided,25,0.31,0.319999992847,predicted,Actual proposal support boundary; monitored coordinates are pre-native endpoint forecast,True,50,-0.170701037845,0.518168079251,-0.0313354776764,0.0136838283753,-0.170575121667,0.0459184005099,7.05331236099,5.47457843623,0.256803479366,-0.435556297056,1.70384421245,0.187203138173,0.276834781601,0.280444368947,0.260649661012,0.193673065855,4.50415249652,0.199563921045,0.678804936145,9.39344161386,1.29219580248e-07,0.000509466407606,8.7830658388,4.29065020925e-06,0.00321773980516,9.40782201131,7.17090820693e-08,0.000389287519456,8.28446445887,1.31318607232e-05,0.00896230485508,10.674897208,6.45114285839e-11,3.37441259619e-06,8.9708434776,9.51353573924e-07,0.00161713284201,8.25177201756,3.42741969018e-06,0.0070379388017,9.11843123763,3.14903915241e-07,0.000969737673217,8.87568015969,2.05582017665e-06,0.00238318560372,8.63624099494,2.60393609876e-06,0.00350239541244,8.11216034695,2.53093970986e-05,0.0131910933427,8.32089474271,1.19153696016e-05,0.00805876847706,4.70201961665,0.155205786848,0.362124135389,8.28847711584,1.84898689621e-05,0.00980523823409,9.77797635885,8.2976330081e-09,9.45501862742e-05,5.10175980552,0.0684655610896,0.322819319469,7.30202862857,0.000313565905481,0.0657405098963,8.47457424752,6.82322912705e-06,0.00586775886697,5.197738018,0.0546926281465,0.167901754543
unguided,25,0.32,0.329999983311,predicted,Actual proposal support boundary; monitored coordinates are pre-native endpoint forecast,True,50,-0.173371732547,0.527737525511,-0.0205649660492,-0.0206384006524,-0.167179806259,0.0526374670958,7.02287654197,5.78949472636,0.253558528322,-0.506273460418,1.74410944807,0.185583579284,0.273852402167,0.270244386807,0.258137540742,0.199080363364,4.50076468842,0.198777080577,0.671878446967,9.31841532135,2.10360898931e-07,0.00066272875333,8.78299168433,4.26543178017e-06,0.00320947933773,9.38484969162,8.76817793971e-08,0.000436497268495,8.27262543313,1.32672991245e-05,0.00918598836005,10.5832449508,1.09192619838e-10,5.06569782582e-06,8.94643608009,1.04890856381e-06,0.00172158289123,8.26724320453,3.13759646197e-06,0.00671928591529,9.0593654306,4.18089339616e-07,0.00115093777528,8.85265649432,2.25155208615e-06,0.00252490929774,8.64322551886,2.52816153844e-06,0.00343392163896,8.11327973152,2.52384682685e-05,0.0131549177986,8.34622441603,1.07917496284e-05,0.00760281772842,4.68154759337,0.159871494014,0.352062830688,8.26789305563,2.00847217437e-05,0.0102561421807,9.73213038468,1.09670079677e-08,0.000114301989557,5.2192138454,0.0611089320419,0.319112274994,7.28552271928,0.000329653015979,0.0678011587491,8.45709534599,6.99217925075e-06,0.00611064940976,5.15792613016,0.0581753697104,0.175186373336
unguided,25,0.33,0.340000003576,predicted,Actual proposal support boundary; monitored coordinates are pre-native endpoint forecast,True,50,-0.17053529605,0.510811172675,-0.0214418600464,-0.0307331961775,-0.14843524861,0.0563844362218,7.01540589034,6.06363281361,0.24177587477,-0.571827160449,1.7783994104,0.183209613223,0.270991746749,0.26414675085,0.257272183767,0.202899111397,4.52957064793,0.195260661068,0.668985249333,9.28781351362,2.52808440411e-07,0.000730247566364,8.79106006408,4.11045937283e-06,0.00314479848522,9.3752366013,9.36041685913e-08,0.000450505784879,8.23296187528,1.60939168966e-05,0.0101021730988,10.4938519909,1.85801824785e-10,7.51186099309e-06,8.94258586406,1.06270822459e-06,0.00173797707384,8.27774783523,3.00597890168e-06,0.00653241417399,9.02761438529,4.82346891616e-07,0.00126029527085,8.84051107695,2.35082314304e-06,0.00260090814741,8.63736804611,2.62672077453e-06,0.00348890912913,8.12304431419,2.42685089715e-05,0.0128215956141,8.33771491502,1.15127194526e-05,0.00782308208356,4.65282159526,0.166383517021,0.343384127958,8.25494082086,2.12069914331e-05,0.0105476011814,9.69707176083,1.37665469498e-08,0.000133260270585,5.23877613516,0.0590646984029,0.31296108464,7.27779029423,0.000339340996152,0.0687338977524,8.46076631295,6.72597464384e-06,0.00605015363461,5.1177119175,0.0611802917933,0.176282760738
unguided,25,0.34,0.34999999404,predicted,Actual proposal support boundary; monitored coordinates are pre-native endpoint forecast,True,50,-0.178135086159,0.506417007523,-0.014166477766,-0.0411859110379,-0.13080100539,0.0550154265612,6.9648707292,6.15594348382,0.273763784176,-0.589729399348,1.73913555486,0.182849483163,0.27034496697,0.262929530872,0.25737815277,0.203691518614,4.53290900174,0.197224566452,0.669685914461,9.28718480162,2.54452608438e-07,0.000731952371585,8.80475921872,3.86898088822e-06,0.00304176351351,9.4192447115,7.21960048393e-08,0.000384266117088,8.22913967466,1.65255204711e-05,0.0101982954856,10.4360951426,2.68677610702e-10,9.71192810556e-06,8.95451437984,9.97848348343e-07,0.0016786068092,8.28777959241,2.88755275957e-06,0.00636275397747,9.01607433195,5.10261189149e-07,0.00130491982803,8.8366959538,2.35119923011e-06,0.00261924302807,8.62365409781,2.81044976831e-06,0.00362089728522,8.11908606244,2.4686214685e-05,0.0129275725699,8.33696904617,1.14415250979e-05,0.00782713087309,4.64767926825,0.166884127775,0.34208714506,8.24805943965,2.17507437764e-05,0.0107078478884,9.68245896443,1.45075797115e-08,0.000138936744537,5.25129994127,0.0577864710337,0.307573038376,7.27315236603,0.000347122368778,0.0691751858336,8.4805715073,6.08029579958e-06,0.00575518639881,5.11430896806,0.0615746417428,0.176155207333
unguided,25,0.35,0.359999984503,predicted,Actual proposal support boundary; monitored coordinates are pre-native endpoint forecast,True,50,-0.175328228514,0.504103888432,-0.00904908999443,-0.0505261373901,-0.122194911268,0.0545096083,6.94499567243,6.16120218805,0.300199946744,-0.58764250166,1.71704000803,0.182969642278,0.270439834695,0.263024541867,0.257572280263,0.203613597136,4.52883158036,0.199516449732,0.669971938039,9.29424004369,2.44851224213e-07,0.000716279372871,8.80435478157,3.85989612687e-06,0.00304147328382,9.44968771766,6.03921727732e-08,0.000344413184823,8.23539910499,1.61130970571e-05,0.0100550841911,10.4126240973,3.13035281971e-10,1.0782470193e-05,8.95739726677,9.77719697173e-07,0.00166268206101,8.29446391385,2.80806273463e-06,0.00624832396295,9.01718586338,5.07696628371e-07,0.00130043759867,8.837255953,2.32104573964e-06,0.00261028220636,8.61437298518,2.95952162905e-06,0.00371665961216,8.116522137,2.50318471344e-05,0.013000214365,8.33374895215,1.15587552036e-05,0.00788354785095,4.64949750092,0.166241467614,0.34238893743,8.24097498606,2.23542320206e-05,0.0108711614454,9.6738235889,1.50097196414e-08,0.000142479482507,5.25772855736,0.0571861221212,0.304933463823,7.27133935443,0.000349842070245,0.0693684060014,8.48467136223,5.95276961514e-06,0.00569544877586,5.12154558235,0.0609779432107,0.175660846278
unguided,25,0.36,0.370000004768,predicted,Actual proposal support boundary; monitored coordinates are pre-native endpoint forecast,True,50,-0.17385324477,0.502751554022,-0.0032125411892,-0.0454435095572,-0.11736076149,0.0535673251416,6.94261504979,6.15593787631,0.316468200311,-0.581405669022,1.71877524477,0.183082643135,0.270566473012,0.263201023672,0.257637322843,0.203367543644,4.52583263773,0.201143614794,0.670234385883,9.29045468126,2.49494680406e-07,0.000725200454592,8.80761148723,3.81082061916e-06,0.00301931434813,9.4656862766,5.44768731461e-08,0.000323880024356,8.24417784035,1.54786972318e-05,0.0098526642691,10.4126564133,3.12232045286e-10,1.07607305567e-05,8.95971575585,9.70000326287e-07,0.00165300337688,8.30040892739,2.73609667673e-06,0.00614376305582,9.01848992913,5.02598492533e-07,0.00129368988765,8.83790869501,2.32536238976e-06,0.00260832036161,8.61810445242,2.8888095601e-06,0.00367561396786,8.10011305507,2.70138954784e-05,0.0134866344313,8.32187127948,1.21789027653e-05,0.0081072132118,4.6552970076,0.165042639339,0.343757612161,8.24711380438,2.17792374932e-05,0.0107303931301,9.67612066074,1.45378940199e-08,0.000139821016119,5.25590498623,0.057280698894,0.304116184534,7.27082957268,0.00035063414373,0.0694197592367,8.48655189419,5.93271189757e-06,0.00567238959323,5.12638821063,0.0605697197452,0.175437398577
unguided,25,0.37,0.379999995232,predicted,Actual proposal support boundary; monitored coordinates are pre-native endpoint forecast,True,50,-0.178976258834,0.486882914998,-0.00423974021912,-0.0515692580128,-0.120662176933,0.0532147543432,6.93097361245,6.15234439138,0.317326761646,-0.581518559723,1.70490749647,0.183212913008,0.27071225137,0.263413800356,0.257770843853,0.203281088214,4.52673935439,0.201050954749,0.670656399021,9.28952407168,2.50583985866e-07,0.000727293850207,8.80254732368,3.8984625364e-06,0.00305691377248,9.47838790523,5.01733842698e-08,0.000308222938517,8.24309105955,1.55283587819e-05,0.00987546315908,10.4068408039,3.24387740255e-10,1.10485996169e-05,8.95481368706,9.93247508723e-07,0.00167619393177,8.2989099201,2.75467683685e-06,0.00616797358682,9.01894977033,5.00695640796e-07,0.00129147465247,8.83931354746,2.31372541703e-06,0.00259925130934,8.62051902708,2.84566085712e-06,0.00364463673253,8.10507934137,2.67369980197e-05,0.0133450799217,8.32106205901,1.22903443998e-05,0.00813257351326,4.65260522188,0.165377873553,0.343253006577,8.24805036339,2.16983746611e-05,0.0107084202947,9.67601173014,1.43955155704e-08,0.000139400892799,5.25649964866,0.0572612285872,0.303723097472,7.2707217108,0.00035054357189,0.0694384188392,8.48050935078,6.10806559742e-06,0.00575850541925,5.12571726973,0.0606237590337,0.175387529536
unguided,25,0.38,0.389999985695,predicted,Actual proposal support boundary; monitored coordinates are pre-native endpoint forecast,True,50,-0.181829574582,0.496231696545,-0.00484686359406,-0.0560538468146,-0.119277739104,0.0529639869799,6.90675101259,6.15695326898,0.311434969413,-0.584717735213,1.68914940205,0.183364730997,0.270829962423,0.263607793539,0.257930163417,0.203303823304,4.52966411657,0.200784759391,0.672280620491,9.29279006035,2.46342275008e-07,0.000720138608577,8.80827780475,3.80925033104e-06,0.00301611419041,9.48626374881,4.76932688336e-08,0.00029878695233,8.24151563169,1.56644304771e-05,0.00991148347418,10.3969354105,3.45613678902e-10,1.15357544841e-05,8.95695902247,9.79549669602e-07,0.00166432569223,8.2982799308,2.76113619612e-06,0.00617639444096,9.01855880888,5.00680637212e-07,0.00129257761096,8.83563575146,2.35651115498e-06,0.00262508919961,8.62411290616,2.75710002117e-06,0.0035976504886,8.11101906583,2.6202289243e-05,0.0131746708655,8.32134248285,1.23471257454e-05,0.00813900073264,4.64938704947,0.166111048627,0.342818276267,8.25193723702,2.1303324317e-05,0.0106212545153,9.6712532108,1.479618168e-08,0.000142028045807,5.26138408596,0.0569568394182,0.303323121098,7.27040713544,0.00035062238428,0.0694902183365,8.4838903835,5.9979639441e-06,0.00570865152285,5.12719823863,0.0605272805769,0.17533447032
unguided,25,0.39,0.399999976158,predicted,Actual proposal support boundary; monitored coordinates are pre-native endpoint forecast,True,50,-0.179442245511,0.519442559538,-0.00630773171425,-0.0625645423317,-0.119673848178,0.0528782670188,6.89964064437,6.15660061932,0.316019194489,-0.58375698088,1.67088741761,0.183451928972,0.270794425764,0.263546182405,0.258008614119,0.203443308484,4.53254581888,0.200741987141,0.672521960531,9.29431433667,2.44253729338e-07,0.000716549630864,8.80270819797,3.9163437865e-06,0.00305897648961,9.49542156341,4.52999230587e-08,0.000289016607937,8.23973135507,1.57999517901e-05,0.00995216776168,10.3914085304,3.57772878524e-10,1.18114382106e-05,8.95912709373,9.59649152741e-07,0.00164993376834,8.2963527644,2.79541906462e-06,0.00621491794458,9.01992390754,4.96868306901e-07,0.00128684964627,8.83293717037,2.37879408556e-06,0.00264205867967,8.62082234851,2.78026554442e-06,0.00362561781382,8.11807681871,2.54171402799e-05,0.0129708675304,8.32323366217,1.22594897945e-05,0.00810658574635,4.64714140204,0.166480255572,0.342222201672,8.2456106589,2.1823288433e-05,0.0107679971637,9.66885450627,1.50382657445e-08,0.000143455270316,5.26356525942,0.0567805366816,0.302870486377,7.27167561896,0.000349053169412,0.0693304012533,8.48399969396,5.9749376608e-06,0.00570583070121,5.12682133309,0.0605744428079,0.175363289434
unguided,25,0.4,0.409999996424,predicted,Actual proposal support boundary; monitored coordinates are pre-native endpoint forecast,True,50,-0.183620023264,0.457980949999,-0.00475778445244,-0.0698962116623,-0.123983943042,0.0523936734158,6.90984885632,6.15368718079,0.321225245102,-0.579379291661,1.68337965136,0.183505155998,0.270762809043,0.263479856355,0.257860898963,0.203340417236,4.53152636947,0.201108804572,0.67169672577,9.30244042555,2.33939255078e-07,0.000698334783993,8.79002492373,4.14959538202e-06,0.00315431338928,9.50381625894,4.32606161387e-08,0.000280714337073,8.23359416038,1.62921486648e-05,0.010093747851,10.3923254833,3.56758111899e-10,1.17889386418e-05,8.94736621742,1.02383329471e-06,0.00170859241443,8.29594284145,2.81063919941e-06,0.00622788677529,9.01965497444,4.98010819454e-07,0.00128810782859,8.83043570677,2.41993712723e-06,0.00266127170466,8.62254889831,2.76091474921e-06,0.00360620060231,8.11633324589,2.56465558559e-05,0.0130239618202,8.33058927666,1.18046728955e-05,0.00795616276136,4.64938991632,0.16577739534,0.342159962909,8.23822039628,2.26426093243e-05,0.0109317528595,9.67023947831,1.48426730081e-08,0.000142452240986,5.26962419449,0.0563185861145,0.302361461986,7.26822400042,0.000354199262166,0.0697026619547,8.47277104575,6.33861281375e-06,0.00587142577427,5.12781941398,0.0605363751524,0.175506359546
unguided,25,0.41,0.419999986887,predicted,Actual proposal support boundary; monitored coordinates are pre-native endpoint forecast,True,50,-0.188992456743,0.516673416352,-0.00296562179566,-0.0665893805409,-0.121020140823,0.0543586559265,6.91665429176,6.17466705175,0.321941274241,-0.589842235757,1.70755960936,0.183178696253,0.270482726009,0.26305521079,0.257728033283,0.203598986817,4.53169368089,0.20090716687,0.671754284823,9.30006333847,2.38558419057e-07,0.000704621333384,8.78276344207,4.29712120861e-06,0.00321312671519,9.49883843362,4.44873559327e-08,0.000285560532386,8.23724767533,1.59352854017e-05,0.0100085861742,10.3851238156,3.74450365865e-10,1.21820533198e-05,8.94855229297,9.99382654979e-07,0.00169577246486,8.30299654003,2.69529461316e-06,0.00608943387351,9.01748494307,5.01683339472e-07,0.00129486246433,8.83875732488,2.34105859887e-06,0.00260573955936,8.62039557051,2.80128501739e-06,0.00363435764684,8.11402540701,2.57706742878e-05,0.0130866404958,8.32873486036,1.18681828877e-05,0.00798925898472,4.64952228244,0.165979817614,0.342112393268,8.241545783,2.23498948588e-05,0.0108546716986,9.66569405456,1.53200143282e-08,0.000145306730327,5.2674773757,0.0564732090733,0.301931838024,7.256817188,0.000374433394622,0.0708577639164,8.46934580745,6.46167141538e-06,0.00592208306969,5.12920701307,0.0604607927017,0.175345509294
unguided,25,0.42,0.42999997735,predicted,Actual proposal support boundary; monitored coordinates are pre-native endpoint forecast,True,50,-0.194744017638,0.519962084234,-0.00560599788666,-0.0795691448832,-0.123093421783,0.0551281450179,6.90152225556,6.20620817949,0.324610293816,-0.593127442319,1.71154477819,0.183014751156,0.270247600861,0.26261491662,0.25762818682,0.204012915776,4.53245262326,0.200343111537,0.671240082101,9.30805584509,2.29322507125e-07,0.000687311684793,8.7688951246,4.56947292381e-06,0.003321464996,9.5090720319,4.19450779656e-08,0.000274832224796,8.22675548605,1.66876588814e-05,0.010253801268,10.3647474844,4.29190927985e-10,1.33516360578e-05,8.94398185619,1.00929879142e-06,0.00171276266046,8.30039796499,2.72948044769e-06,0.0061362965003,9.01425226487,5.12463525533e-07,0.00130903702067,8.8417648826,2.3186948494e-06,0.00258611225618,8.61771354089,2.84455089872e-06,0.00365948090713,8.12461031625,2.47448706165e-05,0.0127859983403,8.33807096762,1.14315120742e-05,0.00782310040893,4.64514292978,0.166856701136,0.34067226939,8.2365998416,2.28676579317e-05,0.0109660965338,9.65604453903,1.61524149326e-08,0.000150808250638,5.27683509308,0.0557828855147,0.300747866333,7.2555826076,0.000375187525904,0.0710592730509,8.45809999243,6.78822767086e-06,0.00608663323313,5.12729832992,0.0606363618388,0.175455979763
unguided,25,0.43,0.439999997616,predicted,Actual proposal support boundary; monitored coordinates are pre-native endpoint forecast,True,50,-0.202370736855,0.537240221451,-0.00558661684036,-0.0873916444564,-0.120978363853,0.0550465100527,6.88172395215,6.21897813926,0.332122385902,-0.590399211142,1.68592214094,0.182952066054,0.270190923408,0.262662414996,0.25783612459,0.204110829667,4.52883879388,0.201099254336,0.671040213986,9.30809413884,2.28981039242e-07,0.00068708254429,8.76872206523,4.57488305498e-06,0.00332271792513,9.52327035111,3.87436456383e-08,0.000261132133852,8.22498833287,1.6874779823e-05,0.0102970089576,10.3482677074,4.77221010208e-10,1.43343168036e-05,8.94693798673,9.89478451585e-07,0.0016958598127,8.3000855181,2.73972567067e-06,0.00614397744188,9.0137286557,5.1356466633e-07,0.00131125354634,8.84043986008,2.3267357266e-06,0.00259376387433,8.61333085702,2.90433556548e-06,0.00370172708834,8.13041606954,2.42553810407e-05,0.0126246751919,8.33814401891,1.14755962269e-05,0.00783048897707,4.6452599374,0.1668132207,0.340593062885,8.23337337163,2.31478049715e-05,0.0110424258868,9.64646140142,1.69631065807e-08,0.000155955535889,5.2800077454,0.0555407422071,0.2996838406,7.25714146769,0.000372826744027,0.0708700011834,8.46001563431,6.68784086387e-06,0.00605493753563,5.12487881211,0.0607635936087,0.175258170296
unguided,25,0.44,0.449999988079,predicted,Actual proposal support boundary; monitored coordinates are pre-native endpoint forecast,True,50,-0.207020292683,0.56303603004,-0.00232558712006,-0.0749241274977,-0.11266100141,0.0550749393945,6.87230497976,6.23553848073,0.338910923174,-0.588297711004,1.68536976187,0.18276467954,0.27014061695,0.262688448631,0.257837268293,0.204099214495,4.52384771461,0.202038620039,0.671203006653,9.29969090592,2.3858820197e-07,0.000704960172895,8.77867268992,4.38881286836e-06,0.00324721058102,9.52425988085,3.83469068041e-08,0.000259469314271,8.23442456101,1.62007721841e-05,0.0100775460401,10.3398170635,5.03504656039e-10,1.48585162935e-05,8.95544866505,9.64495620489e-07,0.00166087711615,8.30423442239,2.69008555011e-06,0.00607185969265,9.0128254633,5.15933892173e-07,0.00131481128189,8.84385320664,2.31235607373e-06,0.00257554978534,8.61623101531,2.85584724428e-06,0.00367385693501,8.12099132693,2.51625671201e-05,0.0128861432323,8.32574166157,1.20998517529e-05,0.00806265766293,4.64787883564,0.166424337294,0.341835994615,8.24493131017,2.21231961899e-05,0.0107723493466,9.64165514561,1.72908646249e-08,0.000158074477565,5.27321511747,0.0560744285854,0.299774797176,7.26045277951,0.000368198862646,0.0704703883899,8.46785379033,6.52476638092e-06,0.00594474502025,5.12557937536,0.0606736202112,0.175174929884
unguided,25,0.45,0.459999978542,predicted,Actual proposal support boundary; monitored coordinates are pre-native endpoint forecast,True,50,-0.208462504365,0.565159789527,0.00160915390014,-0.0737462941194,-0.110841826376,0.0548753969712,6.88535443034,6.22401623881,0.345307124323,-0.580073028025,1.69897293474,0.182819075291,0.270274070462,0.262861512027,0.257730027906,0.203846654108,4.51864049503,0.203354138428,0.670481092779,9.29720782411,2.43405651219e-07,0.000712042208615,8.76983027353,4.5700620343e-06,0.00331793688376,9.52777561566,3.78665295723e-08,0.000257048514399,8.24406124436,1.54525347069e-05,0.00985421922898,10.3377860431,5.11291013617e-10,1.50106166458e-05,8.94777460362,1.01124523348e-06,0.00170093804874,8.30909730255,2.60497279773e-06,0.00597935003794,9.01215017374,5.20365729654e-07,0.00131947690794,8.83823654692,2.42179445062e-06,0.00262331141902,8.62636651463,2.68463098353e-06,0.00356211560359,8.11553843769,2.57122784863e-05,0.0130402399232,8.32038403019,1.23695325458e-05,0.00816154005793,4.65360404912,0.165524481642,0.342965476574,8.24444322468,2.23513271142e-05,0.0107760257907,9.63547513541,1.79245521425e-08,0.000161852772924,5.26743084807,0.0563934508338,0.299023148914,7.26138114572,0.00036511457941,0.0704578261817,8.45880763463,6.89451599468e-06,0.00608499152969,5.13382771622,0.06010767882,0.1750500911
unguided,25,0.46,0.469999998808,predicted,Actual proposal support boundary; monitored coordinates are pre-native endpoint forecast,True,50,-0.212381396935,0.555792760809,-0.000732588615421,-0.0809468463445,-0.117178188887,0.0535481122509,6.89740566943,6.1969859318,0.3451738792,-0.570654620275,1.70841212747,0.18302899728,0.270515063958,0.263268463719,0.257827759368,0.203372965229,4.52000320422,0.203685331942,0.669138929469,9.29759952509,2.42351490656e-07,0.000711485171574,8.75554188905,4.86175755598e-06,0.00343170083084,9.5336744931,3.65487971372e-08,0.000251824584728,8.24623655442,1.51488655487e-05,0.0097979374728,10.3484634604,4.75828812559e-10,1.43151320514e-05,8.93530885274,1.07565457489e-06,0.00176233855523,8.30490199211,2.66192162665e-06,0.00605569192061,9.02118705515,4.955543406e-07,0.00128269365679,8.83646015569,2.46487083528e-06,0.00264004958761,8.6339805851,2.55669761942e-06,0.00347383418999,8.11896089089,2.54896245411e-05,0.012949173573,8.3232996565,1.22373299858e-05,0.00810710258787,4.65217940361,0.165555774853,0.342638543846,8.2425196584,2.25776148121e-05,0.0108174398616,9.64350485052,1.70432758625e-08,0.000156589703153,5.26286140189,0.0566592942649,0.298502889273,7.26469234305,0.000358800397102,0.0701489946685,8.4407412038,7.50295496945e-06,0.00636290746658,5.13634399768,0.0598533310512,0.174937698035
unguided,25,0.47,0.479999989271,predicted,Actual proposal support boundary; monitored coordinates are pre-native endpoint forecast,True,50,-0.214332115761,0.557885466386,-0.00366319402695,-0.0845735231423,-0.124289296147,0.0551804230477,6.89866272775,6.20304612734,0.365992772568,-0.567343856159,1.70542017607,0.182802169051,0.270433308229,0.263224901287,0.257933329403,0.203382175365,4.51517048939,0.203697062231,0.667073895311,9.29288777401,2.45822084256e-07,0.000720324051536,8.72970130863,5.46124022414e-06,0.00365130040114,9.54346717156,3.42506063571e-08,0.00024206717359,8.24114211681,1.53859619329e-05,0.00991246667938,10.3433448556,4.94141070744e-10,1.46804812002e-05,8.93609850112,1.0615410712e-06,0.00175459558289,8.30314246302,2.67100215639e-06,0.00608108645941,9.01968786172,4.99317426629e-07,0.00128856651046,8.85626939032,2.23571107878e-06,0.0025030900645,8.62336130902,2.75798717994e-06,0.00359600411603,8.12293342096,2.53001225168e-05,0.0128411702246,8.32058436644,1.24118570871e-05,0.00816445844721,4.65126475884,0.165505819559,0.341886450116,8.24002778399,2.27427211152e-05,0.0108787193313,9.64355268178,1.68529225275e-08,0.000155934735954,5.25770974627,0.057057761861,0.298207731019,7.26776780239,0.000352253895282,0.0699304963478,8.42406246865,8.1019616231e-06,0.0066282143254,5.13076499983,0.0600692451068,0.175231581385
unguided,25,0.48,0.489999979734,predicted,Actual proposal support boundary; monitored coordinates are pre-native endpoint forecast,True,50,-0.217425126545,0.59949466048,-0.00136690839768,-0.0859893566751,-0.126480194803,0.0541804847816,6.89055250047,6.19645794907,0.365804412687,-0.562760272193,1.68545515533,0.182926670193,0.270610861336,0.263503263545,0.25808920955,0.203149117168,4.51536133797,0.204881702292,0.66645674279,9.2881678941,2.53111122013e-07,0.000731831439465,8.73005678278,5.46496001922e-06,0.00364989215355,9.55268731378,3.27179040361e-08,0.000234660367961,8.24095412353,1.53974223577e-05,0.00991736633872,10.3381571944,5.1358246926e-10,1.50538724306e-05,8.93359459137,1.07834007597e-06,0.00176848711517,8.30362528697,2.6705373607e-06,0.00607606316829,9.01952615814,4.99275497425e-07,0.00128886048515,8.85324268749,2.26770966612e-06,0.00252311012452,8.62962465907,2.66641791344e-06,0.00352994962596,8.12635854007,2.49659536942e-05,0.0127444958394,8.31876863429,1.24796809834e-05,0.00819521424946,4.65312678352,0.165121231947,0.341840799284,8.24143266046,2.25917841882e-05,0.0108486012231,9.64060638937,1.72366074225e-08,0.000158170981629,5.25590137466,0.057176352556,0.29811473922,7.26977858475,0.000346853478401,0.0698383012439,8.42303678596,8.14277051649e-06,0.00664675437896,5.12836921571,0.0602582004762,0.175190340976
unguided,25,0.49,0.5,predicted,Actual proposal support boundary; monitored coordinates are pre-native endpoint forecast,True,50,-0.215070371421,0.611947731499,-0.00261828884125,-0.0836182853961,-0.124713200953,0.0518515097487,6.88819725163,6.18040934128,0.356215519459,-0.553658780147,1.68170703764,0.183140479571,0.270900416707,0.263997592587,0.258142416652,0.202756786919,4.51848467821,0.20495580251,0.667101637133,9.2858902202,2.56188139881e-07,0.0007375409669,8.73869126604,5.25702547554e-06,0.00357545322663,9.55404436747,3.22934641008e-08,0.000233138854674,8.24741993307,1.4960259453e-05,0.00976826369463,10.3406506331,5.0439480941e-10,1.48840788895e-05,8.932227069,1.09464014392e-06,0.00177857517399,8.29876315674,2.75789025972e-06,0.00617367530309,9.03216185865,4.64040931022e-07,0.00123657318114,8.84523393229,2.3827617782e-06,0.00258290693245,8.6389949011,2.50637971528e-06,0.00342494627756,8.12253520128,2.55052842491e-05,0.0128610760657,8.31641259541,1.26718817263e-05,0.00824634500496,4.65251847608,0.165130199015,0.342367987648,8.2464003084,2.22267469473e-05,0.0107300203008,9.64555920287,1.67056630436e-08,0.00015489792205,5.25140139822,0.0575443980432,0.29847562069,7.27504964562,0.000339375126254,0.0692192482749,8.4249965126,8.11103679669e-06,0.00661730044414,5.12944701338,0.0601016335003,0.174959394378
gradient,24,0,0.00999999977648,predicted,Actual proposal support boundary; monitored coordinates are pre-native endpoint forecast,True,50,-0.283583368015,0.766352383087,-0.0872483657265,-0.161498460808,0.390506097946,0.0470188342145,5.39866581951,7.32310225171,0.210886374911,-0.556271037149,1.50137210478,0.181729987079,0.256813125872,0.264874409977,0.265098656758,0.219405494043,4.62403278948,0.198731807331,0.732222627098,9.97192261862,3.76499595844e-09,5.81754305587e-05,9.13179636299,7.89843864382e-07,0.00127688145449,9.80471375483,5.14575394179e-09,7.2756712265e-05,8.28630525232,1.24391341354e-05,0.00917429247209,9.42938478477,7.29900525984e-08,0.000388057832247,9.30974053651,2.03561268203e-07,0.000619367904053,8.20932759327,4.88925315493e-06,0.0084399344002,9.3219362632,7.97127294529e-08,0.00045077137329,9.07828516627,5.33830507927e-07,0.00121376500569,8.48666485414,4.62468134247e-06,0.00490208475837,8.31858136054,1.01539054397e-05,0.00787216989338,8.74914914047,1.09932850097e-06,0.00247517675068,4.53936951285,0.198738488447,0.367038921108,8.59097072655,4.78674247351e-06,0.00468569206289,9.2021905614,1.28770722414e-07,0.000632343059324,5.51508616843,0.0421664527945,0.270756382077,7.35736898583,0.0002784235023,0.0581191625469,8.75747437897,3.39519899167e-06,0.00305965554609,5.58605239824,0.0360286402944,0.175300484716
gradient,24,0.01,0.019999999553,predicted,Actual proposal support boundary; monitored coordinates are pre-native endpoint forecast,True,50,-0.244253913323,0.70542693987,-0.0837493608856,-0.0944613814735,0.350088526282,0.0397884045975,5.22090558175,7.13314587574,0.0222630318086,-0.535346047721,1.84408058647,0.186355744122,0.266039519961,0.27692001961,0.264785509716,0.211189696914,4.60152869057,0.203293135337,0.739295820855,9.97516776086,4.41459104713e-09,6.32806293577e-05,9.29047656195,3.62206749621e-07,0.000804870891834,9.65480239967,1.31931027026e-08,0.000134351681723,8.19049152771,2.29847134766e-05,0.0113998319512,9.47239814521,6.94232183767e-08,0.000358162190011,9.34011997283,1.54307878859e-07,0.000534755056935,8.2065324057,5.03986875252e-06,0.00845423541336,9.34175886603,8.19028862414e-08,0.00044396180246,9.18177817448,3.40903340128e-07,0.000915158937603,8.62978889661,2.24330896376e-06,0.00329677929979,8.33565270217,8.71674302486e-06,0.00746151750497,8.78072416698,1.13375366819e-06,0.00231829276914,4.51004060297,0.205190300698,0.36653018659,8.7938023876,1.89384792193e-06,0.00277453294725,9.20094005194,1.51036229775e-07,0.000680686244344,5.51577584491,0.0412345828484,0.271539230485,7.31937036802,0.000307470267447,0.0629681739692,8.79029306189,2.49964531675e-06,0.00269992575196,5.52039346618,0.0375950578663,0.162094893237
gradient,24,0.02,0.0299999993294,predicted,Actual proposal support boundary; monitored coordinates are pre-native endpoint forecast,True,50,-0.215420850357,0.657271930082,-0.0950195668602,-0.0443686110163,0.321062304649,0.0408815306435,5.42852247432,7.08319411655,-0.00446946073636,-0.494208006594,2.10235157837,0.185569658013,0.265546511389,0.277271202407,0.259329738933,0.210110051242,4.61529948756,0.197029667205,0.735324341618,9.91645115425,7.00708583803e-09,8.36203297831e-05,9.19112684623,6.33276125597e-07,0.00109984993888,9.54231915897,2.40244699032e-08,0.000202851079221,8.16070633076,2.78053172275e-05,0.0121491552384,9.49207426008,6.47093435111e-08,0.000349278310991,9.27562777353,2.29113876832e-07,0.000669185696879,8.19562406187,5.27292561123e-06,0.00868704405905,9.35254135245,8.28304410106e-08,0.000436659772677,9.21447173928,3.05496126419e-07,0.000844129945493,8.67215791389,1.85341785424e-06,0.00295482735792,8.29588657261,9.95278820208e-06,0.00820889335215,8.76457747973,1.31745306866e-06,0.00244569327703,4.51094712339,0.206440530433,0.367830323965,8.79937165351,1.84246166707e-06,0.00274293606578,9.18254850881,1.98663296312e-07,0.000772997473482,5.46739727405,0.0439203147334,0.276779476162,7.32511480817,0.000297473730547,0.0626339685864,8.70146626276,4.09692333493e-06,0.00342436483367,5.4747332518,0.0388298205929,0.15914968233
gradient,24,0.03,0.0399999991059,predicted,Actual proposal support boundary; monitored coordinates are pre-native endpoint forecast,True,50,-0.196084714197,0.622113863763,-0.110687465515,-0.00473555807114,0.312467934761,0.0453208861541,5.63127070226,7.0343887931,-0.0198490909094,-0.486776049232,2.24913994762,0.184842382709,0.263346759786,0.275856195022,0.25613506789,0.210180607362,4.62874447468,0.191157694008,0.730819537447,9.86427213246,1.04843203688e-08,0.000105378028588,9.12372754903,8.97063326579e-07,0.00133741498043,9.43818668842,4.22143453482e-08,0.000296508562636,8.16430905629,2.83148611202e-05,0.0120347701683,9.51517283049,5.97447645989e-08,0.000334203508096,9.24678463936,2.73366737391e-07,0.00073892769192,8.19156001671,5.35029279865e-06,0.00877645023759,9.35349481275,8.40532538413e-08,0.000437943047047,9.22932429009,2.90574298857e-07,0.000811428798661,8.67922244289,1.74510552639e-06,0.00290271839688,8.27305071072,1.06202704104e-05,0.00864128027789,8.74974832143,1.42550039456e-06,0.00255173811159,4.50067787842,0.209511314996,0.368160263516,8.78602809556,1.94741119312e-06,0.00284331650611,9.17913388066,2.34706339544e-07,0.000821050628772,5.42346216826,0.0468568639938,0.280911972489,7.33937468586,0.000283091625675,0.0610636307003,8.66244047261,5.12115517485e-06,0.00379163963157,5.45274249741,0.0398454498386,0.158598915712
gradient,24,0.04,0.0499999970198,predicted,Actual proposal support boundary; monitored coordinates are pre-native endpoint forecast,True,50,-0.180342293448,0.593993044722,-0.114131352749,0.0400432461119,0.295515510712,0.0494758373043,5.84960502278,6.96421679957,-0.0378849555913,-0.477460100912,2.44222835043,0.184840408515,0.262668651038,0.271975090045,0.254523691951,0.211521833165,4.64663679142,0.185711719032,0.727988594723,9.84776057823,1.17208577006e-08,0.000112412475678,9.06316921687,1.2204033538e-06,0.00158758945534,9.3513042806,6.65907387247e-08,0.000401766347533,8.167298187,2.89043619127e-05,0.0119205416807,9.58740545029,4.17126226058e-08,0.000265068545277,9.20470516359,3.41927068552e-07,0.000843244329396,8.19328602419,5.35461564625e-06,0.00874303714977,9.35536084147,8.38065191453e-08,0.000435317323114,9.23281128188,3.08978333097e-07,0.000818178312184,8.69914879956,1.59868126754e-06,0.00276364487866,8.24247616854,1.13696321813e-05,0.00924109219972,8.72940831106,1.51973789806e-06,0.00268232374166,4.50078040176,0.210550162589,0.366693609254,8.77152411235,2.20621030148e-06,0.00297765686056,9.20023977298,2.21913606138e-07,0.000784920266733,5.39927301398,0.0488368702677,0.288745238827,7.34210522849,0.000278633117377,0.0609206947757,8.60202251413,7.002234857e-06,0.00442501742825,5.44519171078,0.0400081707678,0.158773514876
gradient,24,0.05,0.0599999986589,predicted,Actual proposal support boundary; monitored coordinates are pre-native endpoint forecast,True,50,-0.164837649298,0.560878840243,-0.116548151817,0.0421310925102,0.277965218399,0.0509578384485,6.01287229166,6.87869409963,-0.03242224017,-0.45964073075,2.51850464629,0.185685101525,0.262076050074,0.270086163352,0.253228898096,0.212011913259,4.65548855696,0.182952400501,0.72615176251,9.84465048895,1.2233229333e-08,0.000114078100711,8.997835557,1.67244041429e-06,0.00189252368916,9.31972147469,7.98519987929e-08,0.000451119919515,8.18385890952,2.74857161928e-05,0.0114805415472,9.63769609479,3.21899382602e-08,0.000224424579314,9.17119248378,4.0717290864e-07,0.000932926689581,8.19029373205,5.44464312352e-06,0.00882258083884,9.36164191137,8.14972253207e-08,0.000426828852975,9.1972641477,4.0564925491e-07,0.000934110802301,8.69815889189,1.61671771835e-06,0.00278552895612,8.2306673031,1.17681259289e-05,0.0094876338613,8.72109208576,1.56587421934e-06,0.00274387382564,4.50503949589,0.209449396862,0.364387167482,8.70809412681,3.23175154153e-06,0.00355454477655,9.21885261695,2.06089164785e-07,0.000746828203305,5.38302500776,0.0500453825689,0.290940959452,7.34672782677,0.00026776948204,0.0608005855118,8.55925170162,8.73018854736e-06,0.00492110291586,5.44520371395,0.0398549207516,0.158671918567
gradient,24,0.06,0.070000000298,predicted,Actual proposal support boundary; monitored coordinates are pre-native endpoint forecast,True,50,-0.152991987649,0.540622673275,-0.116848332729,0.0280997955418,0.262468974266,0.0506428219332,6.13437234459,6.78227671325,-0.018087145554,-0.445664612919,2.53545879256,0.186284913667,0.263183103617,0.269632538852,0.251958756523,0.211913925992,4.65942260759,0.182205427095,0.725676909184,9.84250726525,1.23116535483e-08,0.000114250541274,8.92960346711,2.3360093335e-06,0.00226969838082,9.31071932334,8.51509833396e-08,0.000470699374905,8.21199659985,2.50687497067e-05,0.0107900771278,9.68077442586,2.55502971452e-08,0.000193566490864,9.13588900916,4.87530428684e-07,0.00103532687882,8.18805355059,5.49331067999e-06,0.00887630985152,9.36594949682,8.18667442095e-08,0.000424516761812,9.15164354694,5.53563279296e-07,0.00109389987424,8.69591222027,1.62205885472e-06,0.00280107196977,8.22085071076,1.242643629e-05,0.00974797569868,8.71520833844,1.62806047339e-06,0.002798849275,4.51019359761,0.208018495608,0.361362208138,8.63789651619,4.83124164081e-06,0.0042832731873,9.24201404762,1.82798711347e-07,0.000694154178155,5.3748905833,0.0504183419842,0.291553842204,7.35464751521,0.000253205004831,0.060292542878,8.51475636245,1.08334736528e-05,0.00549304464236,5.44447189466,0.0397477522247,0.157949884649
gradient,24,0.07,0.0799999982119,predicted,Actual proposal support boundary; monitored coordinates are pre-native endpoint forecast,True,50,-0.145673654303,0.524166824039,-0.112983107414,0.0203775876379,0.247020594749,0.0508480580393,6.18792177771,6.69608707615,-0.00459370785614,-0.439012660376,2.50663982959,0.186706075878,0.264226255119,0.270832389775,0.251986785307,0.211597189772,4.65479650556,0.183635717316,0.725295647233,9.83463295626,1.27931358237e-08,0.00011711643155,8.89414943947,2.77755823303e-06,0.00249109424149,9.30665531458,9.01610808035e-08,0.000484700663164,8.21156572708,2.57269512798e-05,0.010802805112,9.71275761306,2.13080305473e-08,0.000173249426397,9.12299933806,5.20966489243e-07,0.00107505239634,8.19131793075,5.36227034003e-06,0.00878501321587,9.35698646987,8.80742360231e-08,0.000441147984274,9.11538021763,7.06584397271e-07,0.00123743581939,8.69094222676,1.69658627062e-06,0.0028527920657,8.21597482768,1.2658306048e-05,0.00988558486058,8.7091889241,1.71612536227e-06,0.00285904307483,4.51749237292,0.206475231019,0.360346865279,8.58310713604,6.62105442212e-06,0.00492860065668,9.25741445096,1.69732122616e-07,0.000662682212631,5.37200969341,0.0502420765359,0.292158681957,7.3552965792,0.000248596951915,0.0604444836012,8.497972707,1.17157191698e-05,0.00572923533538,5.4364172023,0.0399944949306,0.158149069138
gradient,24,0.08,0.0899999961257,predicted,Actual proposal support boundary; monitored coordinates are pre-native endpoint forecast,True,50,-0.145944087506,0.516572525277,-0.105960461941,0.0288202726459,0.235330420408,0.0500296485611,6.21089004979,6.62317553127,0.0189310121131,-0.429123759948,2.44167718499,0.186633211943,0.265011375929,0.272238870092,0.253214204906,0.210558960956,4.64659499936,0.185051497099,0.725883055922,9.82349487515,1.32223051455e-08,0.000120843958153,8.89563165234,2.78029586497e-06,0.00248878315749,9.30565357451,9.37423797606e-08,0.000492255847214,8.20658441269,2.653992154e-05,0.0108988336944,9.74381195039,1.77478029311e-08,0.000154866136674,9.13272099328,5.01605508796e-07,0.00104799453777,8.1965138915,5.19176173922e-06,0.00864695674202,9.34581493765,9.49019580983e-08,0.000458519335411,9.08016907976,8.87686981554e-07,0.0013918938261,8.67490961311,1.94374039725e-06,0.0030229978764,8.20237982462,1.35339097415e-05,0.0102300588827,8.68855454322,1.90150161244e-06,0.00302986848031,4.53215227484,0.203552558045,0.362716182304,8.53469784882,8.59195672153e-06,0.00555891458925,9.26328608596,1.65452455115e-07,0.000651511718458,5.36607777516,0.0506486443812,0.294176305413,7.35308400105,0.000250053469454,0.0607673761876,8.52287270796,1.0211628469e-05,0.00540788376318,5.43007128095,0.0399043427742,0.159822504388
gradient,24,0.09,0.0999999940395,predicted,Actual proposal support boundary; monitored coordinates are pre-native endpoint forecast,True,50,-0.143425834139,0.509621918098,-0.103784515705,0.0342770903921,0.222817213211,0.0507693467242,6.22234025835,6.57493167968,0.032792351166,-0.437587015727,2.38782846801,0.187350567528,0.265065849904,0.272989515815,0.253400405607,0.21050482024,4.64025413346,0.186542015602,0.724110833658,9.80645664121,1.4779892054e-08,0.00012879089277,8.89383296534,2.82912958759e-06,0.00250801409115,9.28487728118,1.10252288533e-07,0.000538303551592,8.18867552192,2.82558691743e-05,0.0113467308195,9.78977114827,1.34896226805e-08,0.000130678794009,9.14147381007,4.86876303745e-07,0.00102626665639,8.19926322812,5.09535190835e-06,0.00857483594893,9.31886881031,1.11500108597e-07,0.000504934257569,9.05270493161,1.05334436351e-06,0.00152147677105,8.66034986864,2.17233758869e-06,0.00317373058944,8.19182947425,1.4255262239e-05,0.0105171245793,8.67617466703,2.11955333477e-06,0.0031683879152,4.53421668285,0.203746177365,0.362249560455,8.49697947969,1.03580029066e-05,0.00608667412871,9.28171204659,1.50518015036e-07,0.000613045852444,5.36852576721,0.0498732477818,0.295577968414,7.35598373799,0.000245942788356,0.0605209736651,8.54422251801,9.10244759192e-06,0.00514835249689,5.40787954012,0.0411209058309,0.161590267509
gradient,24,0.1,0.109999999404,predicted,Actual proposal support boundary; monitored coordinates are pre-native endpoint forecast,True,50,-0.138984779598,0.5029258245,-0.107318215218,0.0222982114172,0.199890453491,0.0518928352825,6.24236314298,6.49475859152,0.0486369210644,-0.444203910961,2.35354215683,0.188997378954,0.266075337325,0.273445342284,0.253424916468,0.210330117709,4.63346153468,0.187901429486,0.720785319951,9.79544690005,1.53432763542e-08,0.000132652793381,8.87617692692,3.03380231256e-06,0.00261246836951,9.25490992531,1.39866841298e-07,0.00061322569948,8.18191885598,2.85572914525e-05,0.0115247710768,9.83995396945,1.07918023376e-08,0.000111083501562,9.13054439542,5.22728479023e-07,0.00106740658813,8.19630455025,5.06726782805e-06,0.00862103863437,9.2978692565,1.25216183584e-07,0.000542048727504,9.03001465671,1.20586279336e-06,0.00163311089845,8.64730543138,2.34464357658e-06,0.00329081402425,8.18428613381,1.51314249275e-05,0.0107670838466,8.68883619568,2.05655125494e-06,0.0030768044737,4.53348439501,0.204699227016,0.359819881155,8.45767110488,1.25342901193e-05,0.00665541057377,9.30458081101,1.40586467886e-07,0.00057624726222,5.39221178694,0.0476827592996,0.296651332703,7.36395617461,0.000236372875282,0.059692048544,8.53689806566,9.3878851016e-06,0.00523611345743,5.38350202806,0.0422993860559,0.163940638106
gradient,24,0.11,0.119999997318,predicted,Actual proposal support boundary; monitored coordinates are pre-native endpoint forecast,True,50,-0.133788739168,0.492309936227,-0.111897315826,0.0143915716922,0.186617685232,0.0547953234044,6.22587071296,6.54578517854,0.0539538430121,-0.46611683299,2.4055775122,0.190784241269,0.267144739077,0.269567098001,0.252770703172,0.211600507389,4.62495851001,0.189960570636,0.711350051121,9.7658371833,1.87962831215e-08,0.000149110890918,8.89258650697,2.75838210312e-06,0.00249249344788,9.18374773123,2.27506067048e-07,0.000807955005895,8.1543151056,3.11564830563e-05,0.0122293795979,9.87551081276,1.22453514674e-08,0.000108208063329,9.1367751142,5.12914492877e-07,0.00105434013009,8.18979771195,5.14297451847e-06,0.00876649560413,9.25509502669,1.55623977013e-07,0.000622958406978,9.02757938251,1.22172219733e-06,0.00164642836176,8.63549691607,2.50293980313e-06,0.00339799896869,8.14763783906,1.84813534427e-05,0.0118214644456,8.72418336126,1.82636644543e-06,0.00282231774523,4.52965000069,0.206852534464,0.35714549519,8.45291696768,1.27344087825e-05,0.00672484899957,9.31616024338,1.5543728449e-07,0.0005754259092,5.46441184037,0.0425059420585,0.293185419903,7.37504427363,0.00022262049972,0.0585473516917,8.55326086814,8.61926983107e-06,0.00501979402974,5.33658548426,0.0453844200413,0.167177150371
gradient,24,0.12,0.129999995232,predicted,Actual proposal support boundary; monitored coordinates are pre-native endpoint forecast,True,50,-0.129830575028,0.476739132192,-0.112284068909,0.0375386623657,0.217458471928,0.0613671677416,6.30496543852,6.69883015471,0.0391404683017,-0.507268666856,2.60896175006,0.189493228784,0.266782015693,0.264783417507,0.251500590166,0.211900548788,4.61708583206,0.191802965819,0.698453960784,9.73221777855,2.58425573952e-08,0.000175433013667,8.91821285238,2.41924945703e-06,0.00232676755202,9.07270989056,4.32156234162e-07,0.00117306775577,8.13620333129,3.31225422231e-05,0.0127303576157,9.7901234236,3.14636096361e-08,0.000178243172829,9.14312333613,5.05441009476e-07,0.00104210758373,8.20473409599,4.82561746866e-06,0.00841648078867,9.2179022631,1.87365352277e-07,0.000703244307003,9.02306093872,1.25324322462e-06,0.00167063571773,8.62953518232,2.65638838653e-06,0.00347609442482,8.07965341638,2.56775510503e-05,0.0138479813002,8.73214501791,1.91670994989e-06,0.00282624190611,4.53081809378,0.20850133926,0.36204569096,8.45300401621,1.27458848013e-05,0.00672451332607,9.27200599465,2.72147319456e-07,0.000726178734073,5.5322557736,0.0379171162042,0.287641943959,7.38034584836,0.000217151113549,0.0579934264737,8.57263313814,7.77869187414e-06,0.00477959066555,5.3187746597,0.0473707893774,0.166183478517
gradient,24,0.13,0.140000000596,predicted,Actual proposal support boundary; monitored coordinates are pre-native endpoint forecast,True,50,-0.131501973007,0.491909919229,-0.105757839527,0.0676833954072,0.233461730156,0.0684440091061,6.42732717252,6.85425088849,0.0224524469609,-0.523612080343,2.76334176661,0.186628333976,0.265448916006,0.260495750728,0.251725054877,0.210594527376,4.60901655956,0.191152538826,0.689187949008,9.71691060962,2.86390586493e-08,0.000185872971173,8.92653478019,2.32331613987e-06,0.00227603511297,8.98697767564,6.91420273731e-07,0.00153523351984,8.11464724346,3.61758967125e-05,0.0133324017859,9.56068471991,1.45546378239e-07,0.000441075342769,9.13715579945,5.25270834624e-07,0.00106426399091,8.22086589737,4.47550541275e-06,0.00803510172407,9.18757085115,2.18523390416e-07,0.00077588188991,9.02349604074,1.25984939163e-06,0.00167235631795,8.62910866562,2.79094129642e-06,0.00352012557024,8.02802132243,3.19256064675e-05,0.0155605865356,8.72456223371,2.02886300935e-06,0.00290523293339,4.5488099339,0.203649699092,0.36941084146,8.45309529555,1.28825622225e-05,0.00672454922096,9.15346257023,6.98886641389e-07,0.00116424577563,5.5570419272,0.0363475398804,0.28729899044,7.37592070578,0.000221875776444,0.0584264321714,8.57024106951,7.79790275554e-06,0.00480735676451,5.29469246357,0.049136245583,0.165188922785
gradient,24,0.14,0.149999991059,predicted,Actual proposal support boundary; monitored coordinates are pre-native endpoint forecast,True,50,-0.133187232924,0.482737080717,-0.0965240882301,0.0600069480008,0.223884536896,0.0689260500848,6.44683887156,6.88650076813,0.026516809463,-0.502224118758,2.78096721054,0.185376777202,0.265973851744,0.259897724964,0.252510059683,0.208339979501,4.5904576495,0.191956725582,0.687850081524,9.72737156416,2.68254976771e-08,0.000178634024363,8.93221986873,2.27460650635e-06,0.00224437727542,8.98871377702,6.91894912458e-07,0.00153441067063,8.10629133355,3.70856145481e-05,0.0135634698471,9.42115554687,3.15916263188e-07,0.000696370239086,9.12952001574,5.41339996828e-07,0.00108375344933,8.22567507968,4.348639451e-06,0.00791315045452,9.18302552687,2.23403549634e-07,0.000786694536778,9.01840758346,1.32823297619e-06,0.0017068588092,8.62412454398,3.02156464223e-06,0.00359804163256,8.01224943929,3.42963054145e-05,0.0161469540502,8.73552794919,1.88441620998e-06,0.00279626676257,4.57224922405,0.19703778562,0.373684386994,8.43736664393,1.44918773436e-05,0.00696737292868,9.08424337182,1.08410492411e-06,0.00146894996881,5.56914013932,0.0357817261196,0.287590265867,7.36255162117,0.000233667161634,0.0598861850443,8.55889690837,7.98764817936e-06,0.0049324816322,5.28931076205,0.0493537008035,0.16479010168
gradient,24,0.15,0.159999996424,predicted,Actual proposal support boundary; monitored coordinates are pre-native endpoint forecast,True,50,-0.12847293973,0.467719012992,-0.0893375299835,0.0290704845256,0.207916183147,0.0665464831852,6.39113423817,6.89523890269,0.049209019374,-0.474991568006,2.7436081613,0.185515602359,0.266320276012,0.259671774843,0.252681219975,0.20831138316,4.57912627917,0.193545691067,0.68871617825,9.74608525166,2.43105580623e-08,0.000167787807797,8.9669921907,1.9050647438e-06,0.0020379852314,9.02635764623,5.80053874113e-07,0.00137962497727,8.08325761241,4.03508881144e-05,0.0141994401953,9.38677173957,3.76494032668e-07,0.000771569077537,9.13869285582,4.97683920553e-07,0.001038815381,8.22502781715,4.36039372457e-06,0.00792198825447,9.18103051604,2.2119189966e-07,0.000787827727701,9.00841408813,1.45581752305e-06,0.00177218144684,8.60307243918,3.58166826455e-06,0.00383957423232,8.01052704213,3.51952400244e-05,0.0162324636336,8.7597559257,1.6547039131e-06,0.00259835291072,4.59053406361,0.192846898821,0.373415059083,8.40974822463,1.76071404598e-05,0.00739402399342,9.06295682981,1.20266256185e-06,0.00155773984692,5.59884712467,0.0341784709486,0.285583482117,7.35104158697,0.000242370784469,0.0612498203793,8.55864857397,7.39031339349e-06,0.00491170265815,5.282925261,0.0498415933339,0.164309631418
gradient,24,0.16,0.170000001788,predicted,Actual proposal support boundary; monitored coordinates are pre-native endpoint forecast,True,50,-0.129350881707,0.471457112572,-0.0816136024857,0.0222859102106,0.204068368945,0.0659732650224,6.31684058831,6.87812475119,0.0613540622449,-0.465573774178,2.66989736764,0.186088634612,0.266506987756,0.260414032613,0.253825323989,0.207499055509,4.56975149277,0.196289814341,0.690947403622,9.75577649,2.28510741554e-08,0.00016163664519,8.99972060912,1.64708985901e-06,0.0018748105401,9.05420285951,5.05927885307e-07,0.00127133141387,8.06763316697,4.32986656963e-05,0.014656703847,9.37116829748,4.06370808162e-07,0.00080679345145,9.15815577191,4.47833780659e-07,0.000976859960629,8.23097568793,4.24855004743e-06,0.0077825971164,9.17164772374,2.28301914998e-07,0.00080882923254,9.0028106346,1.53805464135e-06,0.00181368113124,8.59559012353,3.75553953869e-06,0.0039239780916,8.01239806296,3.53771159876e-05,0.0161684765044,8.76351821621,1.61364439152e-06,0.00256238445994,4.60262182592,0.190623226665,0.375052237592,8.41063163686,1.80576902718e-05,0.00739180916381,9.04879277549,1.28437870536e-06,0.00161821968341,5.61556641908,0.0333223307525,0.286208216934,7.34561204555,0.000248053947682,0.0618218958786,8.57817518223,6.56477800299e-06,0.00468407333496,5.28040797027,0.0502000581967,0.164635339304
gradient,24,0.17,0.179999992251,predicted,Actual proposal support boundary; monitored coordinates are pre-native endpoint forecast,True,50,-0.133163535237,0.47136286661,-0.0780981992149,0.0122454118347,0.214601595078,0.0671283863826,6.2847994549,6.87612226983,0.0804942225619,-0.46286208342,2.64716461104,0.186014344178,0.265732384434,0.260936518943,0.254690956697,0.206880328045,4.56391834338,0.199336152404,0.690555219638,9.77528341971,2.06162627262e-08,0.000151050874683,8.99829553154,1.68696471142e-06,0.00189222825612,9.06467564783,4.83859204726e-07,0.00123664469284,8.05764912922,4.54017845961e-05,0.0149655867502,9.35413226337,4.41273218376e-07,0.000846518145709,9.16972311079,4.29705867307e-07,0.000948496661486,8.23918013301,4.12322388028e-06,0.00761226611533,9.16578111851,2.34513204902e-07,0.000823834486815,9.00400821988,1.53034739061e-06,0.00180681577025,8.58198288515,3.93326398711e-06,0.00406256986478,8.0128561213,3.54523180853e-05,0.01615210705,8.77255711261,1.54065283282e-06,0.00249526591783,4.60876559809,0.190196851359,0.376139840265,8.4119962874,1.7797864389e-05,0.00737641087311,9.03344960513,1.38124463638e-06,0.00168651704996,5.63839417326,0.0320902018469,0.284057470039,7.34524660241,0.000248704218171,0.0618581721118,8.58927836284,6.23640911524e-06,0.00456038726344,5.29132695862,0.0497318835609,0.164842310745
gradient,24,0.18,0.189999997616,predicted,Actual proposal support boundary; monitored coordinates are pre-native endpoint forecast,True,50,-0.13589192831,0.498162690491,-0.0789206670189,-0.0105694088721,0.227339655433,0.0661048217601,6.24224579776,6.78799089132,0.0802456394594,-0.46771320923,2.67494579133,0.186568834672,0.267097824776,0.262216725469,0.257326580117,0.205432861697,4.55882402985,0.202820574061,0.69247714294,9.84723373996,1.4309070428e-08,0.000117793334732,9.01063872718,1.60533020364e-06,0.00183468306213,9.06964221603,4.70767798127e-07,0.00121807971093,8.04985667043,4.68872353951e-05,0.0152321480901,9.37781039276,3.92549726018e-07,0.000790679725585,9.16564689531,4.44686503339e-07,0.000965902816215,8.24503745428,4.05585659577e-06,0.0075031685629,9.17324662596,2.26094747047e-07,0.000807376530733,9.01826139538,1.40764049331e-06,0.00172619669668,8.57279017618,3.97548688644e-06,0.00413298556243,8.0151594266,3.55212459749e-05,0.0160770638566,8.81154223351,1.22676475763e-06,0.00220834159076,4.60754668792,0.190793953158,0.379089682765,8.44397618457,1.53488740082e-05,0.00687714832078,9.0484086734,1.28034047954e-06,0.00161554684599,5.69231847639,0.0293452898069,0.281425168287,7.34434174767,0.000248845072183,0.0619798558187,8.5813089057,6.45182851481e-06,0.00465942562718,5.34189553317,0.0471765290982,0.164194717915
gradient,24,0.19,0.199999988079,predicted,Actual proposal support boundary; monitored coordinates are pre-native endpoint forecast,True,50,-0.134345677689,0.496831699946,-0.0872353289986,-0.0281208986425,0.237148567114,0.0651369174066,6.17085992379,6.67771521449,0.113436934506,-0.444514679438,2.6226233177,0.186034866441,0.269078524942,0.264766686145,0.262093274485,0.204313357754,4.54964526388,0.206111153054,0.695196765941,9.89862842757,1.11577210645e-08,9.88971094734e-05,9.00633441843,1.67418142199e-06,0.00186678341967,9.09032917027,4.26158144509e-07,0.00114663895131,8.02925323152,5.20983066004e-05,0.015890755216,9.40080004908,3.49568909265e-07,0.000738851539033,9.16323110169,4.80310096131e-07,0.000997846812354,8.24788244093,3.98958972832e-06,0.00743374784419,9.1820528327,2.1861200093e-07,0.000791563099999,9.07231023093,1.05866014413e-06,0.00146986550268,8.54445365552,4.41384718164e-06,0.00442462666107,8.02500347314,3.48341462102e-05,0.0157578672642,8.84386514472,9.8055013262e-07,0.00196440946607,4.61146511488,0.189670215049,0.386794414978,8.52407765603,1.08495861137e-05,0.00571932053719,9.06567348795,1.16027449e-06,0.00153071136801,5.72137735894,0.0279928736282,0.285075548938,7.36633345116,0.000227917932899,0.0595333331199,8.51562719449,9.51454134031e-06,0.00552618714193,5.37170766077,0.0457297516405,0.162219226631
gradient,24,0.2,0.209999993443,predicted,Actual proposal support boundary; monitored coordinates are pre-native endpoint forecast,True,50,-0.137449375161,0.481219569641,-0.0788310597801,-0.0613493860149,0.220563769016,0.0604243734461,6.16288377076,6.53146297431,0.158779376707,-0.417470751811,2.55168034652,0.185719247998,0.272448134801,0.268388500889,0.264899443726,0.202389987881,4.52604308435,0.211679000823,0.694883445627,9.94280922187,8.81161968832e-09,8.44060289092e-05,9.00516149612,1.62572662947e-06,0.00184822668709,9.1450659979,3.20975474137e-07,0.000967714461711,8.02136968994,5.49817955656e-05,0.0160963105874,9.44372536327,2.81468450305e-07,0.000650556899446,9.11218291546,6.74590843802e-07,0.00119535394941,8.25558724801,3.84378802217e-06,0.00726432004257,9.17861050272,2.23791314007e-07,0.000805738160695,9.04516454023,1.25671652703e-06,0.00160673152046,8.54208073967,4.20281547113e-06,0.00441934512572,8.02568825134,3.53972353512e-05,0.0157710094058,8.85075388451,8.84673138265e-07,0.00187660880379,4.6341517502,0.183131311596,0.393760896828,8.5138616524,1.225808558e-05,0.00583522054365,9.0924881764,9.96024261752e-07,0.0014079749293,5.74570770383,0.0268994445742,0.28675183565,7.37301283452,0.000219614890377,0.0588289506311,8.41624772938,1.63150680547e-05,0.00695730149963,5.40628415839,0.0439801463468,0.161690384769
gradient,24,0.21,0.219999998808,predicted,Actual proposal support boundary; monitored coordinates are pre-native endpoint forecast,True,50,-0.131781144784,0.463557215335,-0.0744180057907,-0.0839563691998,0.196453451786,0.0553646644842,6.17586961461,6.47194079722,0.18872906848,-0.41811055211,2.51694211368,0.185366574169,0.274155642744,0.270085853649,0.266287549053,0.200996026546,4.52197215317,0.212124583626,0.695348909418,9.96613360735,7.72420167167e-09,7.75148050304e-05,9.0179019768,1.48430371373e-06,0.00176597763195,9.17827517888,2.70162205853e-07,0.000870673446896,7.99163141861,6.25019784183e-05,0.0169988421908,9.47240623857,2.43971941694e-07,0.000597807581819,9.07876368946,8.31070099683e-07,0.00133627729809,8.25678729386,3.75660539671e-06,0.00721889876711,9.16886762377,2.3558193305e-07,0.000832841807429,9.03108407755,1.35388098464e-06,0.00167359001888,8.5325118169,4.30893251892e-06,0.00452000350497,8.0164156049,3.72467143156e-05,0.0161276598074,8.86546165655,7.46707019744e-07,0.00174040542034,4.65321503832,0.176962938733,0.398124306862,8.50667334462,1.29609646561e-05,0.00591617557042,9.13196976269,8.06221409174e-07,0.00125090120332,5.76486668544,0.0260025711676,0.286652368054,7.36938234915,0.000221573191344,0.0592118396231,8.3707776638,2.05357726175e-05,0.00766992858958,5.40684900883,0.0439550239992,0.161505033199
gradient,24,0.22,0.229999989271,predicted,Actual proposal support boundary; monitored coordinates are pre-native endpoint forecast,True,50,-0.128413122782,0.447494984718,-0.0768848155403,-0.0967838097,0.191786728773,0.0497483028154,6.18525484756,6.42111731657,0.193126575322,-0.426316281307,2.50869581293,0.185706725091,0.275123895158,0.27061208962,0.266803661424,0.200451231303,4.53739551653,0.210406665066,0.699357311841,10.0083614091,5.98468742403e-09,6.58734001152e-05,9.03537359146,1.3479125001e-06,0.00167684420029,9.20130460541,2.34756504414e-07,0.000801057912175,7.95626388223,7.27353463262e-05,0.018133408725,9.51380618182,1.97431867395e-07,0.000527196705302,9.05828533599,9.62278497601e-07,0.00143958272223,8.25236371675,3.86018255676e-06,0.00732705999661,9.17491914998,2.27588928557e-07,0.00081719113449,9.02072380579,1.39795064266e-06,0.00170950736499,8.51829861087,4.60694117103e-06,0.00468884668756,8.00116767508,4.04464799565e-05,0.0166670273097,8.88927601102,6.07719683897e-07,0.00157745636698,4.65147379287,0.176346301179,0.399383958473,8.49765188122,1.34276506967e-05,0.00602305460726,9.18126550268,6.1739908883e-07,0.00107521907462,5.79142476817,0.0248031204313,0.286292701089,7.36885767459,0.000221239791533,0.0593046529466,8.37361336177,2.045489744e-05,0.00761667702528,5.417433791,0.0433327415621,0.161210218162
gradient,24,0.23,0.239999994636,predicted,Actual proposal support boundary; monitored coordinates are pre-native endpoint forecast,True,50,-0.125402393273,0.42160848334,-0.0785522769356,-0.117607339659,0.179613805685,0.0472530134183,6.21211022282,6.35812092066,0.209399528334,-0.420051096998,2.48472646633,0.18625656359,0.275444688865,0.270838518594,0.266900852761,0.200411571495,4.53942106924,0.20969695679,0.700475753231,10.041426726,4.90769727196e-09,5.79972296967e-05,9.03821746223,1.30875422226e-06,0.00165352418729,9.22029463616,2.10320676832e-07,0.000749129607318,7.92046903265,8.38597052997e-05,0.0193554697831,9.56202826182,1.53863419605e-07,0.000454237431444,9.0647198279,9.25216091525e-07,0.0014088248155,8.24664259346,3.98465764684e-06,0.00745985288372,9.17687899444,2.25621049062e-07,0.000813389670867,9.00365820232,1.48622645302e-06,0.00177566201005,8.50041196652,4.92914904104e-06,0.004901317155,7.99329204984,4.22065698863e-05,0.0169560094801,8.9119333305,5.03803080158e-07,0.00143931477169,4.65756271117,0.173840748317,0.400638489958,8.47550855948,1.44390438768e-05,0.00629885880694,9.21435654956,5.16513333732e-07,0.000970724198237,5.81591588965,0.0236850003992,0.285745115581,7.36743966094,0.000222634642881,0.0594282109607,8.40237723164,1.76180900621e-05,0.00714030546516,5.42244410651,0.0430123289271,0.161117928897
gradient,24,0.24,0.25,predicted,Actual proposal support boundary; monitored coordinates are pre-native endpoint forecast,True,50,-0.132799913829,0.419585245567,-0.078308129158,-0.127717995682,0.173386724863,0.0466877950285,6.25328048041,6.34020938292,0.224575132569,-0.423129572646,2.50461726081,0.186526140005,0.275242723386,0.269881880652,0.266203243488,0.201173877546,4.54387867539,0.208076104126,0.701456053131,10.0653726224,4.25156650239e-09,5.28799159233e-05,9.03253046424,1.34779787097e-06,0.00167917709137,9.22213251894,2.07889306261e-07,0.000742817935783,7.89365155921,9.32454888657e-05,0.0202950328483,9.59494739661,1.29619305108e-07,0.000409764858688,9.06812576506,9.21018805879e-07,0.00139849619415,8.24693445713,3.97257874299e-06,0.00745435606016,9.16967252141,2.36071858782e-07,0.000835204736797,8.97671483837,1.70714757958e-06,0.00191490205072,8.49732224266,4.74844079993e-06,0.00491330245889,7.98261913813,4.40562738657e-05,0.0173340790646,8.92169157338,4.54193671291e-07,0.00137601423675,4.65946881285,0.172262762343,0.400732016238,8.45337803039,1.57502782911e-05,0.00660116209214,9.24173369124,4.43429781843e-07,0.000889389490146,5.83785786522,0.0226912954664,0.284939576847,7.36588426549,0.000223601306875,0.0595949848672,8.41410272201,1.65334505909e-05,0.00694937751004,5.42807389214,0.0426677508137,0.161024247293
gradient,24,0.25,0.259999990463,predicted,Actual proposal support boundary; monitored coordinates are pre-native endpoint forecast,True,50,-0.140862107027,0.459888965932,-0.079203653183,-0.14156070713,0.158053922329,0.0462278520777,6.29416056542,6.29520942944,0.253797171397,-0.412661900665,2.50000490509,0.186566428044,0.275459095178,0.269944397668,0.265801900591,0.201432206094,4.54223747944,0.207810505884,0.700501238573,10.0811698861,3.87288517091e-09,4.97695239997e-05,8.99971342512,1.60065442787e-06,0.00184285044326,9.2347741172,1.93741592849e-07,0.000711031490489,7.86936569408,0.00010227568515,0.0211770263482,9.64499606088,9.95590748396e-08,0.000349370366936,9.0665940737,9.33798711929e-07,0.00140604989056,8.24306293612,4.05815147494e-06,0.00754066392264,9.16886566719,2.36767802752e-07,0.000837677281753,8.95581642096,1.89757764675e-06,0.00202860399587,8.4879367971,4.84176847309e-06,0.00502569046087,7.97537352826,4.57012977512e-05,0.0175961483374,8.92643212194,4.25407118106e-07,0.00134120743381,4.66517969342,0.170137684125,0.400644262252,8.42627193218,1.74812738049e-05,0.00698762147643,9.27751287968,3.6019000319e-07,0.000789503933858,5.85355126012,0.0220088818831,0.284936021731,7.36767847368,0.000221261700929,0.0594054403887,8.4034689607,1.7232892394e-05,0.00710352903719,5.42790728378,0.0426508005102,0.161023188022
gradient,24,0.26,0.269999980927,predicted,Actual proposal support boundary; monitored coordinates are pre-native endpoint forecast,True,50,-0.14555219488,0.456972162615,-0.0820875667,-0.147666267195,0.145479341421,0.0456405857265,6.33912299109,6.28114771673,0.263439303727,-0.402528987158,2.50628312637,0.186155849463,0.275160064525,0.269380266352,0.265490690574,0.201956311528,4.54345418997,0.20669823553,0.698736825893,10.089655176,3.66212524794e-09,4.80566511516e-05,8.97564445129,1.8178328795e-06,0.00197239941308,9.23037238487,1.98241200642e-07,0.000720635256085,7.84360104274,0.000112758389651,0.0221372689451,9.66720332776,8.89471125897e-08,0.000326197169693,9.06600325171,9.41283942109e-07,0.00140987046766,8.23565158332,4.22178658116e-06,0.00771048314591,9.17316120512,2.30036234869e-07,0.000824622336621,8.94484703505,1.99130760941e-06,0.00208525626594,8.48096221227,4.98081490232e-06,0.00512011330281,7.97218981254,4.62568950127e-05,0.0177171557947,8.9328996671,3.95487027932e-07,0.0013004520441,4.66797479828,0.168726000286,0.400028704883,8.41001305562,1.84651144416e-05,0.00722687391445,9.29403568886,3.31447596365e-07,0.000751188690295,5.859610257,0.0217739859561,0.285662962882,7.37049597969,0.000218216093566,0.0591041865638,8.39875881133,1.74397427025e-05,0.00716673328404,5.420259145,0.0430554614809,0.161102797137
gradient,24,0.27,0.280000001192,predicted,Actual proposal support boundary; monitored coordinates are pre-native endpoint forecast,True,50,-0.142261960389,0.44309519945,-0.0816898606682,-0.149714747705,0.138103115234,0.0456155324403,6.36832233313,6.27629905308,0.277597736965,-0.389796149673,2.50353429677,0.18571078404,0.274981614888,0.269103874807,0.265358553584,0.202180261759,4.54113437787,0.206919003246,0.696692504112,10.0935000686,3.5652442089e-09,4.72809449102e-05,8.95852504377,1.99435511984e-06,0.00207098612024,9.22887298416,2.00944574671e-07,0.000725199120958,7.82458183154,0.000121201416018,0.0228633365182,9.67437793222,8.60335156084e-08,0.000319596616979,9.07058259117,9.24077921945e-07,0.00139308222291,8.2320457437,4.31284915113e-06,0.00779839026402,9.17387435966,2.28365159721e-07,0.000821820136075,8.93672645878,2.06656201763e-06,0.0021292622528,8.47364002096,5.18007392632e-06,0.00522770097362,7.96576665865,4.73943948047e-05,0.0179586646239,8.93442709012,3.80379614193e-07,0.00128386526064,4.67620694886,0.16672334312,0.400635828853,8.39721154298,1.92931902247e-05,0.00742266301266,9.29654073303,3.29628677739e-07,0.000747802471479,5.86358861479,0.0216148663976,0.286163895358,7.37222151898,0.000216452917511,0.058917372231,8.39976447194,1.72800309611e-05,0.00714426043355,5.4132200023,0.043430552454,0.161170462225
gradient,24,0.28,0.289999991655,predicted,Actual proposal support boundary; monitored coordinates are pre-native endpoint forecast,True,50,-0.141666402763,0.409776492363,-0.075412742939,-0.149675734081,0.139633286867,0.0458047484413,6.38555088658,6.27233421383,0.289142386727,-0.382149899301,2.5087315308,0.185497469087,0.274876577958,0.268934399697,0.265281154665,0.202378507504,4.53678492681,0.208060353297,0.696519161705,10.1036599482,3.33769033164e-09,4.53367573254e-05,8.96051746686,1.98061581546e-06,0.0020616271089,9.23313168895,1.97063658791e-07,0.000715543852768,7.81681384149,0.000125182416684,0.0231516760279,9.67410472179,8.63420088298e-08,0.000320260460573,9.07043304728,9.28345643441e-07,0.00139566762437,8.23763731521,4.211030639e-06,0.00768034901696,9.17187569575,2.29831536318e-07,0.000825877767646,8.92998143993,2.12371338281e-06,0.00216388971145,8.46806727131,5.34904782622e-06,0.00531785730665,7.95192605183,5.00649162415e-05,0.0184787868889,8.93174540643,3.80319045402e-07,0.0012896430558,4.68816356301,0.164438449916,0.40250438648,8.39315557099,1.94506425819e-05,0.00748250992878,9.28713366176,3.49231473986e-07,0.000772660255069,5.87287237225,0.0212231979758,0.285784852722,7.36693779046,0.000221186654774,0.0595076690639,8.40888350125,1.65739463981e-05,0.00699694195963,5.41683707754,0.0432139699015,0.161000237998
gradient,24,0.29,0.299999982119,predicted,Actual proposal support boundary; monitored coordinates are pre-native endpoint forecast,True,50,-0.14373993249,0.424489354118,-0.0763251136208,-0.14886890892,0.134148277912,0.0444930561365,6.38449489589,6.26692952974,0.279425100319,-0.379667357052,2.51724199046,0.185598160231,0.275115621525,0.269369995181,0.265278262992,0.202028770345,4.5425681146,0.207309078396,0.697327492369,10.1064882921,3.27940653759e-09,4.48182536714e-05,8.96090543377,1.99046958869e-06,0.00206474003235,9.23269199445,1.96775002251e-07,0.000715277275537,7.80963566355,0.000128428812972,0.0234361073192,9.68954399994,7.9506464642e-08,0.000304570362159,9.05549311804,1.01568411951e-06,0.00146528119175,8.23451024467,4.27059760196e-06,0.00774582337691,9.17426628851,2.26316180285e-07,0.00081879116942,8.92412855711,2.20028045308e-06,0.00220442690966,8.47291468672,5.20049297396e-06,0.00525121908545,7.95136685458,5.01887712314e-05,0.0185024175443,8.93589428398,3.67240292244e-07,0.00126755455171,4.68829973488,0.164503345771,0.40261457248,8.39706562967,1.92007351194e-05,0.00742595420661,9.29283426734,3.39999793628e-07,0.000760294375847,5.87350207222,0.0212071713457,0.286481968444,7.36573301909,0.000222030534031,0.0596594883748,8.39663268453,1.75239784738e-05,0.00718659015999,5.41361454266,0.0433777746053,0.161021337604
gradient,24,0.3,0.310000002384,predicted,Actual proposal support boundary; monitored coordinates are pre-native endpoint forecast,True,50,-0.15365846611,0.476431152122,-0.077592415657,-0.151539360323,0.126586920891,0.0438595521101,6.40141758553,6.26586864845,0.270207617465,-0.380443519596,2.531494564,0.185439382224,0.274961292776,0.269134668997,0.265301109435,0.202012198062,4.54586942169,0.206301796452,0.696963704096,10.1164572736,3.0744586565e-09,4.30347113832e-05,8.95737323118,2.02868041721e-06,0.00208569478037,9.22458150751,2.06060528518e-07,0.000734823889158,7.79162035663,0.000137199192136,0.0241535624123,9.69098385943,7.93777648295e-08,0.000304216127432,9.05006585267,1.04072882091e-06,0.00148682646012,8.2309341797,4.34494233536e-06,0.0078281627453,9.17521464287,2.24620160814e-07,0.000815680369026,8.9258563129,2.16369890722e-06,0.00218762406705,8.47218468306,5.27907128276e-06,0.00526494623216,7.95243866457,4.99278705369e-05,0.0184641491181,8.94461569934,3.39694265562e-07,0.00122205095752,4.68991646776,0.16395064293,0.402548836516,8.39419665416,1.93641360244e-05,0.007471152635,9.29599136094,3.38444320211e-07,0.000756944183183,5.87831917508,0.0210149561134,0.286996448209,7.36216734385,0.00022536945538,0.0600500023124,8.39603746246,1.73994041418e-05,0.00718838234271,5.41150226339,0.0434607736479,0.161204344288
gradient,24,0.31,0.319999992847,predicted,Actual proposal support boundary; monitored coordinates are pre-native endpoint forecast,True,50,-0.150752327764,0.45982613289,-0.077054111805,-0.147344678679,0.118399029646,0.0444163730451,6.40639506887,6.25620974468,0.271179355058,-0.381557801308,2.52750781614,0.18541270291,0.274967312522,0.269247537212,0.265472438882,0.201959319507,4.54654896974,0.205964633209,0.696693542707,10.123903223,2.91264535509e-09,4.16420374314e-05,8.96074778844,2.00879417712e-06,0.00207244395917,9.21696876822,2.14240228879e-07,0.000752447389274,7.77200222192,0.000147378271582,0.0249528992346,9.70771768567,7.29102516315e-08,0.000288797319462,9.06354454231,9.68769293289e-07,0.00142952638014,8.23027068675,4.33842139764e-06,0.00783598463003,9.17060193685,2.28753992913e-07,0.000826156148462,8.92971490253,2.10551864302e-06,0.00215925090696,8.46804351368,5.3704627284e-06,0.00532887732156,7.94898628259,5.0560813117e-05,0.0185971821099,8.94658191997,3.24861285518e-07,0.00120317813262,4.69501554176,0.162684044665,0.403118009849,8.40186523869,1.85043981509e-05,0.00735038034803,9.30353291353,3.28454680249e-07,0.000742572244636,5.88294421569,0.0208454341905,0.28822095583,7.35861128603,0.000229055369459,0.0604260514874,8.40970457821,1.61720193205e-05,0.0069678675553,5.40671804223,0.0436999436429,0.161534995762
gradient,24,0.32,0.329999983311,predicted,Actual proposal support boundary; monitored coordinates are pre-native endpoint forecast,True,50,-0.155993320743,0.472922509176,-0.0740866444969,-0.137893790045,0.0954267927742,0.0445035534376,6.41481263629,6.25498394566,0.262190806222,-0.388390245482,2.52806805756,0.18528258338,0.274959079912,0.269330680093,0.265554620891,0.201896526088,4.54862878877,0.205041880612,0.695625672344,10.1180856248,2.95911927726e-09,4.22497889084e-05,8.9638593562,1.99244696317e-06,0.00206137925638,9.20699629131,2.26572050548e-07,0.000777028953714,7.74414903038,0.000162322106658,0.0261404599673,9.73700714264,6.26691399419e-08,0.000263205465956,9.06256841578,9.61796943561e-07,0.00142903547168,8.22925166136,4.32286759437e-06,0.00784188354016,9.15840865447,2.41014360609e-07,0.00085512510535,8.93671171545,2.03664770019e-06,0.00212100682258,8.47462632866,5.28768502243e-06,0.00525280731629,7.94879395644,5.0479099661e-05,0.0186050104842,8.94198677713,3.19522125158e-07,0.00120777856106,4.70088364074,0.160980361719,0.402823965776,8.41503119224,1.74088832335e-05,0.007156952663,9.31771729477,3.0892484348e-07,0.000714924061853,5.8802606655,0.0209990789272,0.29108500717,7.34982897515,0.000236683917637,0.0614399789037,8.41293993354,1.56102906462e-05,0.00690120898141,5.38743150145,0.0448318671958,0.162432183925
gradient,24,0.33,0.340000003576,predicted,Actual proposal support boundary; monitored coordinates are pre-native endpoint forecast,True,50,-0.153049736247,0.450671817186,-0.0738505576515,-0.130548658409,0.0669721731281,0.0449139125282,6.43559767744,6.2385100818,0.254529059647,-0.390879840146,2.52845995482,0.185316924994,0.274799649941,0.269171914172,0.265510703459,0.201964021641,4.5520221107,0.20336434144,0.694493679957,10.1094134943,3.06424996091e-09,4.3401191031e-05,8.95873687869,2.05575528339e-06,0.00209447071197,9.19693092283,2.38711655168e-07,0.000801477983762,7.71328502612,0.000180770197055,0.0274849892201,9.77690953457,5.08912579131e-08,0.000231555343047,9.0613750295,9.59964116842e-07,0.0014300009397,8.22576548511,4.34435081479e-06,0.00789575990236,9.14784131572,2.51240804213e-07,0.000879995977531,8.94792876481,1.92523745628e-06,0.00205724573901,8.47816004035,5.28970414454e-06,0.00521952759543,7.95077807783,5.00272216482e-05,0.0185325871004,8.93935153515,3.13020626704e-07,0.00120588248634,4.70825898082,0.1591172895,0.402314338276,8.4255576789,1.65362704847e-05,0.00700198224593,9.33619027898,2.8486356873e-07,0.000680171284537,5.8731003279,0.0213709603529,0.294640459248,7.34201756736,0.000244071478605,0.0623292038158,8.40823156005,1.56982478168e-05,0.00696090882244,5.36432870698,0.0461777395123,0.163148618809
gradient,24,0.34,0.34999999404,predicted,Actual proposal support boundary; monitored coordinates are pre-native endpoint forecast,True,50,-0.160673164264,0.44541633634,-0.0793958662415,-0.133844379225,0.057084932003,0.04158886742,6.47289003638,6.23367140329,0.24584774798,-0.369134348395,2.5562007673,0.184794242535,0.274672839108,0.269220304156,0.265601818283,0.202193588183,4.56208939165,0.201499845858,0.693643947243,10.1182319999,2.94002150197e-09,4.2195474245e-05,8.95698552019,2.06289117596e-06,0.00210206592435,9.19045440666,2.47005713583e-07,0.000816696074607,7.67955473866,0.000204473931534,0.0289534481976,9.80474421729,4.38678325012e-08,0.000211254125002,9.04910782192,1.02013160485e-06,0.00148364474178,8.21264346779,4.66855132232e-06,0.00821373298356,9.17003868152,2.19063579032e-07,0.000813326484301,8.94367391788,1.94039534174e-06,0.00207280339227,8.47355567607,5.32563824274e-06,0.00528670220028,7.94224463711,5.18632852025e-05,0.0188643105331,8.95412201233,2.72763564912e-07,0.00113300665994,4.71353100474,0.157911958698,0.403460186627,8.42803466072,1.60976590087e-05,0.00695752694365,9.3485945867,2.69888014475e-07,0.00065775234976,5.87706016807,0.0212495257386,0.295536046561,7.34392784687,0.000243436975462,0.0620528854374,8.4042711282,1.5578368391e-05,0.00699887400441,5.34990271943,0.0468473607044,0.162308910071
gradient,24,0.35,0.359999984503,predicted,Actual proposal support boundary; monitored coordinates are pre-native endpoint forecast,True,50,-0.150200295641,0.424589433514,-0.0781746552849,-0.148125598469,0.0513163134193,0.0392137444949,6.50596187688,6.20760501339,0.248002417649,-0.35471168061,2.553981199,0.18450201552,0.274825628933,0.269556866887,0.265773449323,0.202151343199,4.56179739841,0.20202209273,0.692655166415,10.1423367162,2.5466592112e-09,3.84258767346e-05,8.95311787004,2.08958749649e-06,0.00212056013412,9.19914732684,2.36292239424e-07,0.000793088819946,7.65197206512,0.000226131899545,0.0301802062455,9.82376099652,3.95832461476e-08,0.000198216000186,9.04552616924,1.01136502454e-06,0.00148847203626,8.20836082738,4.82895380703e-06,0.00834032543141,9.18295306436,2.03309126049e-07,0.000778095428141,8.92054448926,2.14035906705e-06,0.00219537695009,8.46704204655,5.46047474747e-06,0.00537841462544,7.93621310559,5.33982562149e-05,0.0190962611288,8.96356927909,2.47610096944e-07,0.00108787666271,4.7206952888,0.156042404018,0.404227581073,8.40941925629,1.70939820644e-05,0.00723898259362,9.35940973859,2.5573555249e-07,0.00063648093802,5.89204331344,0.020613633688,0.294571001705,7.34081450302,0.000246519927364,0.0624081124689,8.41870177042,1.39157020236e-05,0.00674152113976,5.3519314318,0.0465931184984,0.161573327378
gradient,24,0.36,0.370000004768,predicted,Actual proposal support boundary; monitored coordinates are pre-native endpoint forecast,True,50,-0.148395011164,0.422795071174,-0.0740794800186,-0.148882051744,0.0505820807552,0.0386027855186,6.53878589798,6.19101964763,0.250711791958,-0.341098643176,2.54965145483,0.184096511353,0.27473046413,0.269563093183,0.26601635791,0.202094780003,4.55866400083,0.202652481459,0.692087092982,10.1523493617,2.38133463441e-09,3.68235107215e-05,8.95165354262,2.11118203304e-06,0.00213196511023,9.19650682131,2.40904802225e-07,0.000800820299393,7.64468847866,0.000232390935527,0.0305007659702,9.81324547009,4.22536154723e-08,0.000206348275665,9.04662618638,9.9348260764e-07,0.00147942132417,8.20942880406,4.82329945136e-06,0.00832443535402,9.18568159849,1.99800380268e-07,0.000770406443818,8.90736175237,2.26553511547e-06,0.00226872910089,8.46561624049,5.50077532882e-06,0.00540123140476,7.92519938257,5.58022905189e-05,0.0195314889694,8.96075881354,2.4708610492e-07,0.0010935280285,4.73506437736,0.153385202152,0.406547495016,8.40240737992,1.73690920758e-05,0.00735122156087,9.34654610124,2.79244971973e-07,0.000668655985694,5.89424579912,0.0205345580394,0.295071032866,7.33897368476,0.000248253530414,0.0626261430835,8.4312227497,1.28296604184e-05,0.00653805426294,5.35663552639,0.0463210267195,0.161396027313
gradient,24,0.37,0.379999995232,predicted,Actual proposal support boundary; monitored coordinates are pre-native endpoint forecast,True,50,-0.150297361408,0.409201867104,-0.0759214828873,-0.153807038107,0.0466558655834,0.0377656749036,6.55774196528,6.16710725424,0.249152745314,-0.326733487924,2.54630122317,0.184153299806,0.274806332261,0.26969943287,0.266078622112,0.201989327891,4.5579087299,0.202555957884,0.691474307174,10.1656278465,2.18565028629e-09,3.48537931934e-05,8.94885049658,2.14127727996e-06,0.00214836977714,9.19288889702,2.46675750856e-07,0.000810970782872,7.63289168852,0.000242300316124,0.0310477304133,9.82619330157,3.94214750906e-08,0.000197660208958,9.04977687533,9.73824835749e-07,0.00146429551247,8.20353953909,4.98156122795e-06,0.00847232714219,9.19450432961,1.90253012976e-07,0.000748022642528,8.89826072321,2.35113852146e-06,0.0023186925155,8.46197336668,5.56418885617e-06,0.00545009084853,7.92456912041,5.59715057658e-05,0.0195551765642,8.96717464714,2.35070630731e-07,0.00106623976077,4.7416634933,0.152141699928,0.407492414179,8.39498811014,1.77091569113e-05,0.00746843763691,9.34747905106,2.80010283465e-07,0.000669042539131,5.89635837019,0.0204589801009,0.295438500263,7.34168483848,0.00024542079053,0.0623175047951,8.43979509654,1.20915117088e-05,0.00639539812563,5.3596776586,0.0460987946152,0.16124614573
gradient,24,0.38,0.389999985695,predicted,Actual proposal support boundary; monitored coordinates are pre-native endpoint forecast,True,50,-0.154524296331,0.418003230352,-0.0761618779564,-0.157596718111,0.0414059766865,0.0376299566913,6.5778319466,6.15168656423,0.249867603848,-0.3222940787,2.54341095608,0.184050678233,0.274763501107,0.26969302314,0.266050684301,0.202005237644,4.55863910638,0.20234962559,0.690822399832,10.1732372215,2.08267880306e-09,3.38006785255e-05,8.94555604184,2.17360258995e-06,0.00216630371962,9.19066246542,2.49893537703e-07,0.000817149030365,7.62135707027,0.000252029131168,0.0316037975321,9.83738514422,3.71284741763e-08,0.000190441704074,9.05002132684,9.71209583463e-07,0.00146208586687,8.20199781196,5.01795503229e-06,0.00850961427015,9.19590365506,1.88742851474e-07,0.000744406316266,8.89068941458,2.42628936121e-06,0.00236145290285,8.45915069406,5.62894638014e-06,0.00548876948014,7.92456979707,5.59568987397e-05,0.0195559188636,8.96856986407,2.30787296017e-07,0.00105869445291,4.74634278404,0.151146540633,0.407907969828,8.38606356357,1.82518441048e-05,0.0076119294084,9.34928146897,2.79539844005e-07,0.000667718262724,5.89739636849,0.0204270945321,0.295661417935,7.34048905538,0.000246921259286,0.0624361133195,8.4448241104,1.16414300411e-05,0.0063087506648,5.36007198069,0.0460024402091,0.1612229383
gradient,24,0.39,0.399999976158,predicted,Actual proposal support boundary; monitored coordinates are pre-native endpoint forecast,True,50,-0.152469749806,0.442529143037,-0.082021427002,-0.155547782221,0.0340624102688,0.0373017492563,6.59748261425,6.1372617736,0.253292352931,-0.316038602665,2.54573463296,0.183876727998,0.274761360325,0.269804703952,0.266020872977,0.202102836289,4.56557994508,0.200967763449,0.689926022023,10.1750469061,2.05159442052e-09,3.34966456602e-05,8.94039704603,2.216787789e-06,0.00219273495808,9.18139002002,2.63262582416e-07,0.000842204334934,7.60942381781,0.000262676488549,0.0321711436926,9.85871597167,3.30470362928e-08,0.000177144727436,9.05105552511,9.67516262912e-07,0.00145940175632,8.19439803776,5.20337040702e-06,0.00869131557862,9.20231951744,1.81817105405e-07,0.000727986824544,8.89196369113,2.4098841281e-06,0.00235361187621,8.45342797037,5.75284989748e-06,0.00557279713625,7.92750954446,5.51057325426e-05,0.019444969721,8.96886404017,2.2825533654e-07,0.00105518278778,4.74658902318,0.15100498154,0.40814994794,8.38579604312,1.81722483177e-05,0.00761300681583,9.36229827686,2.62154019387e-07,0.000642514203963,5.89305693591,0.0206292328561,0.297103314166,7.34734186615,0.000240253723849,0.0616527813554,8.4408577766,1.17647978094e-05,0.00635952008582,5.35378597302,0.0463224194877,0.161218601141
gradient,24,0.4,0.409999996424,predicted,Actual proposal support boundary; monitored coordinates are pre-native endpoint forecast,True,50,-0.155984263303,0.380359002713,-0.0881675671005,-0.151365339794,0.0296084102726,0.0372205057888,6.61624798168,6.11338309229,0.252720214502,-0.312219325828,2.54733243921,0.183807825584,0.27483734818,0.270048020851,0.266045155325,0.202127959678,4.57092831017,0.199521732603,0.68974880948,10.1790338679,1.98817171606e-09,3.28677548212e-05,8.93749756705,2.24433182432e-06,0.00220880101205,9.17037615741,2.78491178788e-07,0.000871149884683,7.60437025279,0.000267318039435,0.0324149084385,9.88061983441,2.93095758677e-08,0.000164378842473,9.05568780528,9.46017800875e-07,0.00144140424026,8.18743810681,5.38098294128e-06,0.00886156942018,9.20998769928,1.7429557545e-07,0.000709564073403,8.89979506744,2.29873594254e-06,0.00229952673603,8.44504835245,6.00306147105e-06,0.00570299756911,7.93085721863,5.41975139405e-05,0.0193143185383,8.96945668304,2.25268453433e-07,0.00105010819416,4.74591545406,0.150999294467,0.408736230275,8.38857689873,1.78086215635e-05,0.00756561862123,9.37604187504,2.44782790283e-07,0.000616555465018,5.88521349733,0.0209938390145,0.298934317222,7.35249578116,0.000236095500232,0.06103831029,8.44139035574,1.16742059566e-05,0.00634559196335,5.35270119921,0.0463379343347,0.161155689462
gradient,24,0.41,0.419999986887,predicted,Actual proposal support boundary; monitored coordinates are pre-native endpoint forecast,True,50,-0.16214695535,0.432804641083,-0.0879326103592,-0.143831167259,0.0361177488899,0.0374154503562,6.62978753211,6.09769601979,0.26438080213,-0.308772777456,2.54914244652,0.183821295701,0.274967356256,0.270250760864,0.265976943829,0.202016540107,4.57104562201,0.199637654204,0.690263091865,10.1823339616,1.95154801998e-09,3.24591460183e-05,8.94360648459,2.17859197876e-06,0.00217419081486,9.16867957008,2.80185027087e-07,0.000873937555998,7.61043930587,0.000262208320864,0.0321128113971,9.89192710148,2.74919295276e-08,0.000157938691374,9.06403195099,9.09872604436e-07,0.00141020752557,8.18873575501,5.34731672836e-06,0.00883036629145,9.2124468481,1.72258106824e-07,0.00070426659631,8.90315222769,2.24095743495e-06,0.00227341430064,8.43371588146,6.43501896792e-06,0.00588782554239,7.91910352298,5.67070650587e-05,0.0197820728641,8.96438466275,2.30758093045e-07,0.00106657424395,4.75087639794,0.150202809726,0.41074028218,8.38640021082,1.78728140089e-05,0.0076038034697,9.38150782683,2.37568702519e-07,0.000605602250216,5.88466617282,0.0210172106764,0.299562750049,7.35550774755,0.000233767759858,0.0606885659586,8.45571067753,1.08350927865e-05,0.00613207267836,5.35850087694,0.0459744965244,0.160911026516
gradient,24,0.42,0.42999997735,predicted,Actual proposal support boundary; monitored coordinates are pre-native endpoint forecast,True,50,-0.164316875509,0.431354206225,-0.0910422109032,-0.14780813221,0.035571580801,0.0373428802492,6.63865118081,6.09510128459,0.260578482379,-0.301064167277,2.54355602456,0.183658748515,0.274896693382,0.270320662453,0.266016540527,0.201959608711,4.57378542315,0.1988859093,0.690220472782,10.192705998,1.8194435328e-09,3.1046975946e-05,8.94179259159,2.19921849232e-06,0.00218553555041,9.16240925463,2.91753825814e-07,0.000893443600764,7.6015780871,0.000270380066378,0.032539928639,9.88504758948,2.86292310796e-08,0.000161978181744,9.06635281157,8.97941129021e-07,0.00140076566703,8.18382349136,5.47525856363e-06,0.00895355807363,9.21823217947,1.66888696293e-07,0.000690777067397,8.89762235,2.28086394952e-06,0.00230073074377,8.42743438953,6.61817871105e-06,0.00598475457659,7.92347821786,5.54879681678e-05,0.0196147147311,8.97074028033,2.22673401601e-07,0.00104362923766,4.75514833971,0.149620258666,0.411628252123,8.38064791985,1.80555653496e-05,0.00769995774555,9.37148465852,2.54129247047e-07,0.00062939549902,5.8852622198,0.021001938711,0.299765505476,7.35809255999,0.000231568923424,0.0603937397088,8.46489498193,1.01762310037e-05,0.00598593968533,5.36126832278,0.0457736969742,0.160910098747
gradient,24,0.43,0.439999997616,predicted,Actual proposal support boundary; monitored coordinates are pre-native endpoint forecast,True,50,-0.174080247975,0.478870241767,-0.092699644413,-0.147991430798,0.0391414949036,0.0373687683334,6.65031080708,6.0779831864,0.25481181043,-0.295941948891,2.53570684429,0.183721878761,0.274941927432,0.270378825654,0.266055998948,0.201942066319,4.57379368906,0.198865839837,0.69030037412,10.2020519629,1.7126847946e-09,2.98607139488e-05,8.9468207783,2.14956611503e-06,0.0021580434857,9.1541195407,3.05729423774e-07,0.000918035153557,7.59968391405,0.000272483563179,0.0326229352874,9.89134446126,2.76228414582e-08,0.00015839753618,9.07315736967,8.68341501261e-07,0.00137405035386,8.18138083879,5.5561548392e-06,0.00902183047651,9.22416294945,1.61958471632e-07,0.000677871390265,8.89191902064,2.3221856373e-06,0.00232858407421,8.42110764066,6.81507839324e-06,0.00608418041276,7.92433490233,5.51194375388e-05,0.0195812590984,8.97494647474,2.16772954288e-07,0.00102759271652,4.75830546939,0.149197838442,0.41275180352,8.37550856284,1.82606568824e-05,0.00778492526954,9.36708101993,2.62387639218e-07,0.000640736022176,5.8842193697,0.0210585534456,0.300069581047,7.35990539537,0.000230462973518,0.0601704845108,8.47947658762,9.40090950125e-06,0.00577250999423,5.36706949167,0.0453975097633,0.160736420368
gradient,24,0.44,0.449999988079,predicted,Actual proposal support boundary; monitored coordinates are pre-native endpoint forecast,True,50,-0.174074742197,0.494222677785,-0.0918351672554,-0.142605541983,0.042115473423,0.0379990847381,6.6606035658,6.06186829868,0.253931593653,-0.302001495299,2.52935046718,0.184335607251,0.274721678525,0.26968747613,0.265825867647,0.202285294469,4.5743094349,0.198472314611,0.691691821228,10.2074477807,1.64617349915e-09,2.91246026002e-05,8.95381940992,2.09221076422e-06,0.00212226490761,9.14950279921,3.12385388495e-07,0.000930140026235,7.59983005879,0.000272480091441,0.0326148643963,9.89644170765,2.6915602837e-08,0.000155847647698,9.09296812524,7.93227145182e-07,0.00129755595133,8.18399264262,5.46453549755e-06,0.00895181715242,9.21990114572,1.66037708715e-07,0.000688149615063,8.89765016816,2.21860624333e-06,0.00227769830275,8.41903661009,6.87720142721e-06,0.00610470273463,7.91796672425,5.66851934921e-05,0.0198314436818,8.97314712357,2.17972032686e-07,0.00103203183731,4.76071707038,0.148764654169,0.413439650543,8.37647748864,1.78448426871e-05,0.00776367633275,9.37056604859,2.58482764753e-07,0.000634830337559,5.88198069287,0.0211660119267,0.300623066955,7.35759697673,0.000233908025538,0.0603560046134,8.50155184487,8.6114539143e-06,0.0054835934412,5.37309507007,0.0450770418471,0.160936753604
gradient,24,0.45,0.459999978542,predicted,Actual proposal support boundary; monitored coordinates are pre-native endpoint forecast,True,50,-0.173052770415,0.490893058839,-0.097114875164,-0.129359443226,0.0544035801029,0.0378737232386,6.65008320098,6.06347298271,0.256578584568,-0.300427818983,2.52611137182,0.184556071725,0.274821696172,0.269681817446,0.265734351926,0.202287982334,4.57594915541,0.197676213372,0.693025663597,10.2036748804,1.69168814382e-09,2.96288320655e-05,8.9705254406,1.93343731345e-06,0.00203118377433,9.14403805692,3.18101613576e-07,0.000942605904106,7.60489923298,0.000270228987449,0.0322471884487,9.89329885453,2.73696220051e-08,0.000157485135392,9.11310593989,7.27926527646e-07,0.0012296487781,8.17934329911,5.59175206565e-06,0.00907232858904,9.22480155981,1.63104940198e-07,0.000679546683709,8.90834339656,2.0976071968e-06,0.00221110857178,8.40827439789,7.3135403194e-06,0.00628195751773,7.91086307928,5.8242116285e-05,0.0201180004177,8.97420207057,2.15637202792e-07,0.00102635955376,4.75727278947,0.149619793459,0.415544002736,8.37941788221,1.76444478101e-05,0.00771714876261,9.37497563527,2.51121022788e-07,0.000624327238207,5.87324919919,0.0215632637213,0.30161374294,7.36594634008,0.000227861824462,0.0593634006414,8.5240023972,7.82283677013e-06,0.0051977749411,5.3753396702,0.0449747543021,0.160769019575
gradient,24,0.46,0.469999998808,predicted,Actual proposal support boundary; monitored coordinates are pre-native endpoint forecast,True,50,-0.175190355196,0.475089922143,-0.103703019466,-0.131401690879,0.0662650057411,0.0372135197306,6.6424897143,6.04764183205,0.246368294729,-0.295396701825,2.49242711907,0.184629277765,0.27499109145,0.270053556159,0.266023380735,0.202177880583,4.58016331378,0.197295867157,0.694313259773,10.2109898837,1.62936181292e-09,2.88695150225e-05,8.98313159265,1.8315289464e-06,0.00196878855924,9.13434018902,3.35526939171e-07,0.0009728128751,7.60777229485,0.000268341583006,0.0320841998497,9.89444512523,2.70509584466e-08,0.000156342217566,9.13042839408,6.77461844026e-07,0.00117500359338,8.17306555912,5.78313984931e-06,0.00924165301077,9.23803028129,1.51902913489e-07,0.000650611151756,8.89449643562,2.21868730955e-06,0.00228670181208,8.3999789364,7.3816065292e-06,0.0064012533459,7.91557919337,5.71938168161e-05,0.01992750202,8.98485022808,2.03360524237e-07,0.000989870604337,4.75302854413,0.150600647888,0.416479695345,8.38028415636,1.72025259611e-05,0.0076955404991,9.37455576153,2.52388243906e-07,0.000625739803174,5.87363800772,0.0215560614776,0.301481271602,7.37506014522,0.000221196370893,0.0582892258719,8.54570878928,7.0331075938e-06,0.00492642715534,5.38042083139,0.0446236321323,0.160156299891
gradient,24,0.47,0.479999989271,predicted,Actual proposal support boundary; monitored coordinates are pre-native endpoint forecast,True,50,-0.174737939304,0.481791156587,-0.108023986664,-0.125811319985,0.0738786014652,0.0367552802383,6.64590231638,6.04217418709,0.236501892148,-0.299314909651,2.48430454839,0.184542496527,0.275061994005,0.270215604434,0.266141938646,0.202109265424,4.58503110963,0.196450676723,0.695210048915,10.2159158635,1.57647552911e-09,2.82682160508e-05,8.99388633074,1.74279292559e-06,0.00191551286662,9.12331549516,3.54432402037e-07,0.001005462873,7.60934922115,0.000267361075118,0.0319944781821,9.89994244277,2.6159582503e-08,0.000153105009604,9.1425349284,6.35934442803e-07,0.0011343680784,8.16960659878,5.89415058419e-06,0.00933704877484,9.24465371815,1.46695296637e-07,0.000636716783355,8.89203017218,2.22236953804e-06,0.00229538457018,8.39371470122,7.58697248875e-06,0.00650591774318,7.91637675921,5.68787392781e-05,0.0198971968286,8.98723201557,2.00685418403e-07,0.000981721351164,4.7480663195,0.151506579931,0.417228907544,8.3818357524,1.68947567973e-05,0.00767143367282,9.38171449771,2.43220867294e-07,0.000611905858808,5.87069727832,0.0216967200778,0.302194704721,7.38006598093,0.000217304902396,0.0577377499138,8.56430158871,6.34518787259e-06,0.00469443627689,5.3838763448,0.0443934276823,0.160000220713
gradient,24,0.48,0.489999979734,predicted,Actual proposal support boundary; monitored coordinates are pre-native endpoint forecast,True,50,-0.179791764076,0.529700976255,-0.109150216427,-0.122880673447,0.0780407270527,0.0360695350384,6.65503533531,6.03906186733,0.219640154297,-0.307115926852,2.4774091819,0.18447859068,0.27499021853,0.270062574522,0.266091480771,0.202284555791,4.58727090096,0.195945092141,0.695935744083,10.2177781446,1.55713033686e-09,2.80498464515e-05,9.00283014024,1.67851491337e-06,0.00187422500368,9.11292609689,3.73126628572e-07,0.00103777589887,7.60828650305,0.00026855607477,0.0320388365964,9.90635160278,2.51815189136e-08,0.000149502871035,9.14781201558,6.18541784596e-07,0.00111660655233,8.16887627129,5.93796437951e-06,0.00936492322344,9.24780141594,1.44248112471e-07,0.000630077949018,8.88289290921,2.30095594935e-06,0.00234578474716,8.39539208644,7.46883628071e-06,0.00647434528319,7.92032140946,5.57718255547e-05,0.0197398816641,8.98824644434,1.99517974478e-07,0.00097833004953,4.74271839302,0.152357582027,0.416816970108,8.38058906086,1.67886859157e-05,0.00769538718191,9.38947680401,2.33206322251e-07,0.000596702367211,5.86891772272,0.0217827455132,0.30263789316,7.38032613341,0.000217266604359,0.057708367655,8.57903969277,5.83133302665e-06,0.00451739724992,5.38480534181,0.0443149168528,0.159892643754
gradient,24,0.49,0.5,predicted,Actual proposal support boundary; monitored coordinates are pre-native endpoint forecast,True,50,-0.175020479577,0.530933537283,-0.11859044775,-0.124346059003,0.0652390184736,0.0391135659067,6.67767481687,6.03367413304,0.252906463271,-0.303223883663,2.53648037841,0.184980155994,0.27471174475,0.269362873161,0.265175530929,0.202357303895,4.58870755609,0.19401587786,0.693782459701,10.2180188511,1.55138705885e-09,2.80031018654e-05,8.94895935894,2.1998000776e-06,0.00216599526812,9.1098268658,3.78298373362e-07,0.00104658163542,7.60355228982,0.000272981532651,0.0322494150408,9.91745616873,2.38952948751e-08,0.000144663618546,9.14424234822,6.52763835314e-07,0.00113721528468,8.16270309908,6.0495323311e-06,0.00950028295504,9.24723869087,1.45723108763e-07,0.000632937955644,8.92674453941,1.82055685856e-06,0.00207510788038,8.38155073449,8.14392491493e-06,0.00671637178747,7.92214236912,5.54258438542e-05,0.0196678422226,8.99235787997,1.95007636948e-07,0.00096379482654,4.74091646093,0.152635590432,0.415904112344,8.38411632252,1.61155080449e-05,0.00763862638076,9.4035822593,2.1619012674e-07,0.000570843969127,5.86705432131,0.021871843644,0.303147054112,7.38674250973,0.000211168842859,0.0570401090351,8.53767567318,7.56103278718e-06,0.00504776552288,5.38434596471,0.0443545583522,0.160148913435
gradient,25,0,0.00999999977648,predicted,Actual proposal support boundary; monitored coordinates are pre-native endpoint forecast,True,50,-0.288650115252,0.768972461391,-0.0933901570702,-0.147034233847,0.40795737711,0.0345857284484,4.838617756,7.36488613742,0.19338643951,-0.509990068579,1.06622689025,0.174904842313,0.26316773232,0.300766443518,0.280516619169,0.189819575273,4.50296762552,0.221843012566,0.724453725725,9.80353998229,1.48366224082e-08,0.000129485982066,9.44573848995,8.5819461815e-08,0.000424908406496,9.90867556595,3.69118819371e-09,5.36811548353e-05,8.13879759503,3.37158865119e-05,0.0125645315471,9.40481106307,6.81501607599e-08,0.000388112414795,9.43005693551,5.45502355958e-08,0.000345215219766,8.19804869301,5.23964175376e-06,0.00868040507253,9.30585745694,1.2117321768e-07,0.00052902343696,9.17577316199,5.12748772441e-07,0.00100640591676,8.48763581356,3.39809218818e-06,0.00483371222003,8.42721500789,6.30436518043e-06,0.00598858110682,8.62445981522,3.48694265839e-06,0.00394254889856,4.56639425354,0.189149650648,0.418563973677,8.6245466983,8.94793867038e-06,0.00467487150539,9.17936691621,1.34141845695e-07,0.000636904892762,5.32320268205,0.0510315667627,0.244679464908,7.3615059475,0.000265936285349,0.0587403784405,8.91144720067,8.3376549407e-07,0.00175848464652,5.40048365012,0.041548913674,0.160218154686
gradient,25,0.01,0.019999999553,predicted,Actual proposal support boundary; monitored coordinates are pre-native endpoint forecast,True,50,-0.242869149729,0.703076548563,-0.0764646147156,-0.116508188286,0.347284586105,0.0313113227167,4.77465588953,6.70744851302,0.100028948257,-0.44285693072,1.28958203531,0.185786884636,0.278335294997,0.312558865049,0.28112852029,0.183373184655,4.50644852529,0.233813899198,0.736616141336,9.86100900499,1.13110075952e-08,0.000109940512881,9.56307940934,4.22513082983e-08,0.000275682428737,9.76572915134,9.12089543375e-09,9.88308475265e-05,8.17672890644,2.92034401216e-05,0.0116012716582,9.56983311445,4.47449598512e-08,0.000258736158205,9.47141499077,4.23037224381e-08,0.000291656744354,8.21600961169,4.84838644118e-06,0.00820198190283,9.340195143,9.64921821099e-08,0.000466996561212,9.2367536934,4.10682568226e-07,0.000865219434741,8.55475911875,2.48874900162e-06,0.00400632078836,8.38708100054,7.2302433651e-06,0.00661496313613,8.72615332857,1.77673295023e-06,0.00286704027514,4.57199206502,0.189498747683,0.420920473491,8.73257280338,5.62918873415e-06,0.00366979219448,9.19497048821,1.8099884512e-07,0.000693702419282,5.4526389642,0.0442966106775,0.257538108642,7.33474968093,0.000279324533136,0.0623328647678,8.94778630276,6.72379767782e-07,0.00156475808697,5.43356840429,0.0397635963101,0.15259314201
gradient,25,0.02,0.0299999993294,predicted,Actual proposal support boundary; monitored coordinates are pre-native endpoint forecast,True,50,-0.213373877973,0.646245584538,-0.0855798481369,-0.0202292609596,0.273175793562,0.0376126076694,4.99277320293,6.60307824324,0.0356355071322,-0.450283137393,1.59020340933,0.186619545704,0.279435511549,0.307118539041,0.278938126814,0.187397964401,4.5532818468,0.221642065971,0.734307305129,9.81173621694,1.51033340435e-08,0.000132697654139,9.54699286743,4.79256577162e-08,0.000293685812087,9.54950751356,3.48959673409e-08,0.000232504964671,8.15801980774,3.01869333129e-05,0.012054757882,9.65910097011,3.5990378732e-08,0.000213454288781,9.4639216982,4.50396853552e-08,0.000298048574161,8.20396543133,4.99737239464e-06,0.00839912895153,9.32851119561,9.97044277377e-08,0.000478578048,9.24888726063,4.44286555521e-07,0.000887373000522,8.61267021481,2.02977118148e-06,0.00345395037685,8.32252080771,9.29228276492e-06,0.00774021751149,8.72701096996,1.61875960868e-06,0.00276182638928,4.560634747,0.192745687344,0.413947185591,8.73966861394,5.5489785771e-06,0.00364274694424,9.22420800994,1.99924377382e-07,0.000695480102158,5.4500057618,0.0450865188122,0.278288547311,7.32237221757,0.000290993811387,0.0638235407553,8.90905695574,8.16940872433e-07,0.00175551806954,5.38622476531,0.0421270332343,0.155296529952
gradient,25,0.03,0.0399999991059,predicted,Actual proposal support boundary; monitored coordinates are pre-native endpoint forecast,True,50,-0.196247564549,0.615484482629,-0.0900978587532,0.0464372104025,0.233304142628,0.0433463947883,5.24593724063,6.53310209491,-0.00868313707125,-0.432348336147,1.84010384717,0.185907411181,0.277049873197,0.301862365555,0.275134968796,0.194251018793,4.57854508903,0.213261620735,0.72749463081,9.79383892224,1.62138946565e-08,0.000139905748408,9.50080882264,6.65677691982e-08,0.000349094936908,9.37583518627,9.51244648044e-08,0.000437287833194,8.15157564813,2.98391258375e-05,0.0122440902499,9.73649294668,2.61915893006e-08,0.000171650351937,9.44664802334,4.9261202394e-08,0.000314830405599,8.19550230506,5.128039922e-06,0.00856810858447,9.32106202545,1.00438749741e-07,0.000484820868755,9.22806056189,5.23794806157e-07,0.00097039308421,8.65455275839,1.75825786609e-06,0.0031022103901,8.2640641778,1.13645111764e-05,0.00888261857908,8.72161793914,1.60370610582e-06,0.00274352158713,4.56163963445,0.193077077546,0.41030867046,8.72071470444,5.92852474817e-06,0.00380587483774,9.23057842584,2.20472390136e-07,0.0007193813261,5.44986891264,0.045642647464,0.293647746991,7.32551043602,0.000283842563062,0.0636753255751,8.8804497583,9.26008107962e-07,0.00189513387936,5.36661133067,0.0430050910859,0.159481808268
gradient,25,0.04,0.0499999970198,predicted,Actual proposal support boundary; monitored coordinates are pre-native endpoint forecast,True,50,-0.181086310241,0.58504231193,-0.0886619423294,0.0896718954658,0.206976109419,0.0474772270459,5.40812389072,6.49667540391,-0.0112051438947,-0.41727960861,1.98841740192,0.185809486564,0.276594396341,0.298578740858,0.272056442001,0.19810690184,4.585543071,0.209292084779,0.72193164512,9.77620993929,1.77949968372e-08,0.000147968746068,9.46223671354,9.2421328799e-08,0.000408120719817,9.28495196336,1.57625468008e-07,0.000600920645295,8.15042321686,2.92661695869e-05,0.0122958853011,9.76077921832,2.86791602288e-08,0.00017359048897,9.43591307895,5.60368888793e-08,0.00033145857945,8.19548755325,5.01360994153e-06,0.00852648756228,9.30910569762,1.05856614316e-07,0.00050305983286,9.20319685741,6.16886256636e-07,0.00106385566197,8.66901710061,1.83379210263e-06,0.00302721761239,8.22214856992,1.31403008242e-05,0.0098124674325,8.70424661146,1.72533239436e-06,0.00285483446744,4.57585304241,0.190764742081,0.40926815596,8.6894123091,6.65308206825e-06,0.00408719324506,9.22587792597,2.59152341149e-07,0.000763627515569,5.44034516452,0.0465915153145,0.301888087736,7.32425642747,0.000286330776979,0.0637447206259,8.85971796159,1.04144153892e-06,0.00201764428374,5.35423780701,0.0436363538946,0.161383834675
gradient,25,0.05,0.0599999986589,predicted,Actual proposal support boundary; monitored coordinates are pre-native endpoint forecast,True,50,-0.166399166229,0.558843538617,-0.0845729206467,0.110402989349,0.167042479787,0.0491825083239,5.59996401352,6.48168697379,-0.00553612320937,-0.403596588571,2.13904356736,0.185533574586,0.27478313375,0.294720018867,0.268681289148,0.200863970888,4.59358101298,0.2034611378,0.717423826605,9.76530810761,1.87935832442e-08,0.000152597003584,9.39640358526,1.45254995525e-07,0.000518873493733,9.23758468403,1.99268856269e-07,0.000704796072103,8.14911427711,2.84833463642e-05,0.0123363092504,9.76961325227,3.22930378614e-08,0.000182206141844,9.38461617676,8.00187147431e-08,0.000401911180019,8.19419318859,4.95198263414e-06,0.00852327936599,9.29890885414,1.12316605797e-07,0.000519989785991,9.1737330864,7.30700603701e-07,0.00117102180704,8.68079557333,1.96593046185e-06,0.00299303332019,8.18875549534,1.49729560944e-05,0.0106387043906,8.68324533814,1.88645856431e-06,0.00301029713503,4.59524817348,0.186785539447,0.405463859045,8.63997182296,8.18475387201e-06,0.00457820855835,9.22864424747,2.87826541921e-07,0.00078736512403,5.41986782615,0.0482190716983,0.308439055371,7.31574576956,0.000292777920309,0.0648925636514,8.79834925243,1.44100888709e-06,0.00241563767917,5.34769952386,0.0439246111977,0.163805748308
gradient,25,0.06,0.070000000298,predicted,Actual proposal support boundary; monitored coordinates are pre-native endpoint forecast,True,50,-0.15333696853,0.53301440201,-0.0860149095917,0.116834614239,0.135494803462,0.0511079883047,5.77298871983,6.38796340598,-0.00763224522212,-0.386871142182,2.23338321045,0.186903710724,0.275091408428,0.292442712171,0.264980731279,0.200507867451,4.60314865593,0.199459676137,0.714856556791,9.77177321164,1.79673793604e-08,0.000148106792019,9.32503144897,2.37961210971e-07,0.000672646365188,9.19894431611,2.44453047588e-07,0.000799872092281,8.14987878421,2.83957837468e-05,0.0123410349133,9.78458852161,3.45321857177e-08,0.000186671747673,9.34871408195,1.05879065999e-07,0.000463664235452,8.18814678007,5.06620597865e-06,0.00864776617008,9.29999132404,1.10497586945e-07,0.00051563905847,9.1404590707,8.52427812568e-07,0.00128302729427,8.68199598868,2.08067484775e-06,0.00302025466562,8.17093631852,1.59189441706e-05,0.0110967944442,8.68002130262,1.87466222985e-06,0.00302077252054,4.60838302199,0.182995578422,0.40245569366,8.5936555126,9.62206034846e-06,0.00506232296169,9.24019478531,3.10248031325e-07,0.000795600904244,5.40660396444,0.0493325642496,0.312972186661,7.32127940048,0.000281995259882,0.0644370820668,8.7711851367,1.73731340538e-06,0.00262827019221,5.35267842539,0.0437115676333,0.166501479557
gradient,25,0.07,0.0799999982119,predicted,Actual proposal support boundary; monitored coordinates are pre-native endpoint forecast,True,50,-0.145145280224,0.503399929252,-0.0805026195908,0.122756133041,0.114699231658,0.0546048207765,5.98724880198,6.39290206011,0.0142972059642,-0.39137927518,2.31047169871,0.185506984197,0.272576041863,0.288092745359,0.260829833212,0.202666615579,4.60678951492,0.194539080049,0.710681615901,9.76108043905,1.84745999417e-08,0.000151704710962,9.2545247176,3.68711286243e-07,0.000850362609015,9.1627367166,3.01646183455e-07,0.000903013418642,8.16607198145,2.56945743991e-05,0.0119262285622,9.76978310675,4.08705657678e-08,0.000205609752602,9.3098998548,1.36432080062e-07,0.000534015481201,8.19515949718,4.87234245965e-06,0.00846945206297,9.2918346241,1.13504330037e-07,0.000525329267279,9.09825739301,1.03821649041e-06,0.00143875670561,8.66375460779,2.47931910377e-06,0.00324150656339,8.14851459763,1.71348218063e-05,0.0116989320297,8.64487513642,2.18725032339e-06,0.00333769203791,4.61948152082,0.179283511724,0.396068306117,8.52860647599,1.23685978218e-05,0.00582321542682,9.23909728467,3.41990487258e-07,0.000824104270674,5.37837228166,0.0516549540871,0.314201822341,7.31859072148,0.000282622448598,0.064824585554,8.72912174236,2.1740484495e-06,0.0029728808308,5.35641424762,0.043318924007,0.169637754059
gradient,25,0.08,0.0899999961257,predicted,Actual proposal support boundary; monitored coordinates are pre-native endpoint forecast,True,50,-0.142606774668,0.505418487146,-0.0736793945694,0.136090266666,0.101756889496,0.0586360374024,6.17566772999,6.39499610018,0.0224786342848,-0.392490800894,2.36921867002,0.184522932041,0.269861531883,0.284217728006,0.257500107305,0.2051702179,4.61561618997,0.190048600336,0.708794549438,9.73835261627,2.09161714486e-08,0.00016402705518,9.20961127175,4.90196911048e-07,0.000987139554262,9.12423154398,3.73452880648e-07,0.00102328771534,8.18683587646,2.29976072051e-05,0.0113966655798,9.764372546,4.45581329508e-08,0.000215831004636,9.28579499735,1.61798645235e-07,0.000583490577658,8.20370408268,4.66759967956e-06,0.00826113830041,9.28646110055,1.15725640097e-07,0.000531766319355,9.06792623327,1.18950372649e-06,0.00155731010788,8.6498336134,2.81332395184e-06,0.00341848880999,8.12422600158,1.8447559625e-05,0.0123847873552,8.6100532363,2.57410351832e-06,0.00368104812069,4.63406279313,0.175472503423,0.391600103536,8.48693280298,1.44691854178e-05,0.00635734632551,9.23267329448,3.82570618056e-07,0.000863237611377,5.34433490323,0.05431616585,0.316161695772,7.31188420895,0.00028885562808,0.0656761321731,8.70788991958,2.47680321018e-06,0.00316340656219,5.35560459743,0.0432479055882,0.171201844983
gradient,25,0.09,0.0999999940395,predicted,Actual proposal support boundary; monitored coordinates are pre-native endpoint forecast,True,50,-0.140895878116,0.490286570248,-0.0710079883003,0.154743100367,0.094531471405,0.0624407336344,6.3156083675,6.3566227698,0.0102274619464,-0.387798716044,2.37519276212,0.184489644023,0.26856633321,0.28140174839,0.25559788289,0.206861527318,4.61869756419,0.187622991265,0.70706158252,9.71268681104,2.42058132923e-08,0.000179652526261,9.20422857321,5.14266284439e-07,0.00100942415454,9.07052957869,5.06743651279e-07,0.00121459828561,8.19688673862,2.23600077038e-05,0.0111492723733,9.77798675348,4.33822701559e-08,0.000211536683072,9.29248758597,1.59985845021e-07,0.000574061381192,8.20469386882,4.64462725929e-06,0.00824123639841,9.28264950362,1.17193935842e-07,0.000537497819143,9.04008361924,1.33979272328e-06,0.00167057695647,8.63150428573,3.24201303051e-06,0.00363820778159,8.10057566601,1.9921500623e-05,0.0130990508763,8.59525219466,2.70316222919e-06,0.00382076897285,4.64966200731,0.171804016695,0.389832071115,8.44758975506,1.69885737574e-05,0.00690382132277,9.22902764065,4.20615994289e-07,0.00089631078293,5.31986621506,0.056368512252,0.319030222238,7.3139290904,0.000285604957666,0.0654721101579,8.72933460742,2.27357528587e-06,0.00299067566134,5.34200467081,0.0442051748162,0.171362924565
gradient,25,0.1,0.109999999404,predicted,Actual proposal support boundary; monitored coordinates are pre-native endpoint forecast,True,50,-0.143233523321,0.50979188108,-0.0784242151642,0.149124724827,0.0824699499941,0.0652542858843,6.42977922916,6.283380526,0.00669572583007,-0.38106561243,2.34988749601,0.185444820121,0.268252126913,0.27763925533,0.254775632065,0.208336327942,4.6336788168,0.184816481177,0.705923266757,9.71216667051,2.41374706923e-08,0.000178980118977,9.18159894141,6.06337878526e-07,0.0010934792676,9.0284154566,6.35969692775e-07,0.00138463467835,8.19185192899,2.34094232569e-05,0.0112779671728,9.80430385,3.88616979226e-08,0.000197185371951,9.28772660859,1.77571050996e-07,0.000599330058756,8.19562667204,4.87034905338e-06,0.00846313785986,9.28342275199,1.16348566833e-07,0.000536411948598,9.02225849094,1.42563568591e-06,0.00173672233191,8.59356666928,4.05256780687e-06,0.0040548753256,8.09204832795,2.06765103492e-05,0.0133829936494,8.60521219636,2.51586185848e-06,0.00369979652618,4.65636893391,0.169807375117,0.38585930642,8.42099244437,1.8558417933e-05,0.00728376150087,9.23615095873,4.32138284621e-07,0.000898710330304,5.31581815457,0.0568749018691,0.321641069349,7.32662911245,0.000270068134389,0.0640210861239,8.73116915247,2.3524510719e-06,0.0030024230545,5.3355238097,0.0449860030305,0.172166109958
gradient,25,0.11,0.119999997318,predicted,Actual proposal support boundary; monitored coordinates are pre-native endpoint forecast,True,50,-0.130433185604,0.490509546104,-0.0814725659752,0.134458515606,0.0680088630056,0.0652014338995,6.49620974771,6.2151563765,0.0143952926375,-0.381699241695,2.29574156674,0.18668863932,0.267941062906,0.27418856464,0.254729761581,0.210170884728,4.64408492824,0.183882529599,0.705908918822,9.70815403399,2.4323250745e-08,0.000180826694726,9.16130607239,7.08995368637e-07,0.00117694390813,9.02747825033,6.37841225734e-07,0.00138784153748,8.16898198158,2.63856227281e-05,0.0118669979643,9.90182769478,2.1768537696e-08,0.000137629508142,9.27800888314,1.9485786125e-07,0.000629066880352,8.19158921478,5.00241145273e-06,0.0085717881424,9.27223690826,1.25576600537e-07,0.000560188790818,8.99879654301,1.54862342654e-06,0.00183022242659,8.56376286927,4.75410970466e-06,0.00439827906898,8.09414197231,2.04434495669e-05,0.0133250825618,8.61700707143,2.32949113966e-06,0.0035598840801,4.65766444783,0.169322293906,0.381627634297,8.40605561937,1.89911487968e-05,0.00750175194988,9.28764119841,3.16794891822e-07,0.000756122107464,5.32588522434,0.0562206188028,0.323779580704,7.33666342456,0.000257294006477,0.0629406085359,8.72988231033,2.39919128611e-06,0.00303155945644,5.31181047236,0.0464248449665,0.172369566549
gradient,25,0.12,0.129999995232,predicted,Actual proposal support boundary; monitored coordinates are pre-native endpoint forecast,True,50,-0.124354944362,0.470247869031,-0.0790514658356,0.114178677759,0.0657834574318,0.0642766109922,6.49010102775,6.15082993223,0.0287879226139,-0.37605646362,2.26285352086,0.188113294681,0.268191210515,0.274295436322,0.254767016804,0.21074421931,4.64051529323,0.185882445048,0.708461310466,9.71122051602,2.45154369424e-08,0.000180861627762,9.15427756077,7.63506363269e-07,0.00121392201573,9.05706093731,5.43712937322e-07,0.00126404284504,8.16019558048,2.78054612141e-05,0.0120929828897,9.98857735058,1.23574185074e-08,9.66601667429e-05,9.27057793565,2.05471566554e-07,0.000649833982351,8.1959203016,4.90031390486e-06,0.00847002324295,9.26771322414,1.3223908077e-07,0.000574804483557,8.99346631069,1.53922288922e-06,0.00183638158747,8.54341630531,5.27237057803e-06,0.0046420082233,8.09810721495,2.00629295846e-05,0.0131993813078,8.63143828548,2.15053285274e-06,0.00340682615378,4.65963146401,0.169041242761,0.380752026109,8.41849355725,1.72269872119e-05,0.00729920824949,9.32672159175,2.3764371828e-07,0.000649333962639,5.34709174283,0.0546434652571,0.32279019699,7.33392917864,0.000260648872406,0.0632001000051,8.7287419966,2.39466391978e-06,0.00304344755546,5.30413036162,0.0468590258139,0.169085594959
gradient,25,0.13,0.140000000596,predicted,Actual proposal support boundary; monitored coordinates are pre-native endpoint forecast,True,50,-0.131495059166,0.488495592657,-0.0758028958702,0.104394372663,0.0578487065172,0.0655122366243,6.5339224554,6.13503197616,0.0380237831753,-0.360613598304,2.25947713845,0.188419999376,0.267472348681,0.272932801502,0.254381590182,0.211893541624,4.65248967475,0.18491148581,0.709636790898,9.70027993156,2.66571120011e-08,0.000189460736925,9.14676014402,8.10081281623e-07,0.00124813751736,9.04768218757,5.88174513545e-07,0.00130927230863,8.1528677018,2.94230995609e-05,0.0122462503361,9.94834662187,1.64248457314e-08,0.000115365823665,9.26195377312,2.15844188946e-07,0.000670503884102,8.199222159,4.79258576642e-06,0.00837979646772,9.26130308729,1.38424633068e-07,0.000590830169827,8.99792342531,1.47910173616e-06,0.00180189784492,8.53144100278,5.59948137589e-06,0.00478988230117,8.08640923283,2.14185063565e-05,0.0135752107799,8.63426601083,2.10577018246e-06,0.00336861222425,4.67742302838,0.16545291749,0.3811129578,8.43376548133,1.57341454616e-05,0.00705574211598,9.28769457591,3.16238509461e-07,0.000757590292183,5.35380283153,0.0541315842258,0.323069039,7.32885841377,0.000266452448659,0.0637332055477,8.71616944868,2.55242216033e-06,0.00315765363621,5.29488607021,0.0477380354407,0.166574777158
gradient,25,0.14,0.149999991059,predicted,Actual proposal support boundary; monitored coordinates are pre-native endpoint forecast,True,50,-0.135057759691,0.481721746639,-0.0779416583443,0.0843849289036,0.0373743244743,0.0678542396611,6.63266230411,6.12098850498,0.0541035899948,-0.358249842513,2.26557813127,0.187304744244,0.26663304523,0.271759598007,0.253263821858,0.21323796582,4.66263801387,0.182839381682,0.706539760418,9.67956917005,3.03851371042e-08,0.000204913037283,9.10900993019,9.85810238457e-07,0.00139092769945,9.0221755889,7.02807397612e-07,0.0014311988241,8.13696415509,3.20285613134e-05,0.0126147106111,9.93877198837,1.82338063593e-08,0.000122880969739,9.23780932702,2.47573481185e-07,0.000727687055678,8.19943174747,4.73326011816e-06,0.0083565886197,9.24988436687,1.47958288688e-07,0.00061655468312,8.99351455395,1.4873090561e-06,0.00181125759627,8.51664424431,5.90270064007e-06,0.00496377550648,8.08075188804,2.22672003885e-05,0.0137870625578,8.62986732502,2.19575307769e-06,0.0034251411238,4.68870098682,0.162851853176,0.377824119589,8.42596217025,1.58849845782e-05,0.00715725861026,9.27866775418,3.54224725385e-07,0.000798835399206,5.35205466875,0.0540779719777,0.321796763018,7.32811992321,0.000266429256156,0.0638362950557,8.67778826353,3.09131924055e-06,0.00351336867574,5.27836849361,0.0490131112019,0.165118804636
gradient,25,0.15,0.159999996424,predicted,Actual proposal support boundary; monitored coordinates are pre-native endpoint forecast,True,50,-0.128494074455,0.473506830916,-0.0845516680145,0.0717885216689,0.0170943665242,0.0666433055138,6.64284013394,6.02632355291,0.0841563246878,-0.34950973506,2.22445406461,0.187495680201,0.26803181787,0.273746694009,0.253417625153,0.212940366717,4.66578524951,0.183053101178,0.705745513409,9.67068838834,3.23171718545e-08,0.000212607112427,9.09672875191,1.0497682013e-06,0.00144003006951,9.02122538323,7.15856616715e-07,0.00144291017516,8.1259347252,3.41913457017e-05,0.0128530786385,10.0329206107,1.0456244179e-08,8.64486034846e-05,9.24138061755,2.50623579844e-07,0.000727485204351,8.19086414166,4.91355049554e-06,0.0085506855136,9.24922033141,1.50039169423e-07,0.000621508456999,8.99888959737,1.43175356499e-06,0.00177533212388,8.5010262988,6.05617377892e-06,0.00513863285499,8.08063709777,2.26724749046e-05,0.0138194542227,8.6250503102,2.35295237621e-06,0.00349960924215,4.69447090897,0.161827140187,0.376079106823,8.42970656151,1.54989667551e-05,0.00707935793699,9.33045165183,2.65970073827e-07,0.000675842014937,5.34809250384,0.0538325692797,0.321310192686,7.33768335972,0.000257723129682,0.0626182356905,8.66037145184,3.43105632843e-06,0.00370444216444,5.27200275296,0.0495840557432,0.16382817758
gradient,25,0.16,0.170000001788,predicted,Actual proposal support boundary; monitored coordinates are pre-native endpoint forecast,True,50,-0.131758719875,0.480202823487,-0.0841616915131,0.0646305465317,0.0142131501174,0.0662102391122,6.6169382838,5.94108605193,0.0952919660246,-0.340751759516,2.17713737371,0.188312687637,0.269528045955,0.274570065984,0.254874831285,0.212297482561,4.66156955051,0.185585037674,0.706760593783,9.68815175206,2.92057105212e-08,0.000199274876127,9.10461013386,1.01712742601e-06,0.00141388691545,9.02927536278,6.8561374162e-07,0.00141059830783,8.10472594327,3.92069599095e-05,0.0133835379848,10.1078109933,6.47353944632e-09,6.37348437363e-05,9.25043028041,2.47379271297e-07,0.000716384158292,8.1918309313,4.88826182755e-06,0.00852630001867,9.2529684993,1.47184137054e-07,0.000615735930135,8.99927393334,1.4317043134e-06,0.00177148406428,8.4913295541,6.16113088006e-06,0.00524953720244,8.08234467027,2.2568377088e-05,0.0137721192912,8.62551194568,2.38580631404e-06,0.00350422903786,4.69875473812,0.161143323923,0.375955444339,8.42928582144,1.58658983718e-05,0.00707858648846,9.36404189517,2.12727382679e-07,0.00059708112818,5.34475697704,0.0537465195023,0.320608358478,7.34216360267,0.000253447495555,0.0620621723327,8.65631040497,3.61561404151e-06,0.00377947695623,5.28819082244,0.0489330760022,0.163368235138
gradient,25,0.17,0.179999992251,predicted,Actual proposal support boundary; monitored coordinates are pre-native endpoint forecast,True,50,-0.13065834695,0.463048547854,-0.0806762216949,0.0643666964388,0.0134648784733,0.0653687741009,6.57839072815,5.87577580039,0.100381770047,-0.335931959677,2.11803043411,0.18848160126,0.27046742968,0.276110590923,0.256033571256,0.2120760524,4.65632648185,0.188004036976,0.708747899832,9.69883143192,2.730071269e-08,0.00019091386257,9.12394079795,9.29806174106e-07,0.00134368720048,9.04442097588,6.34035450947e-07,0.00134853946294,8.10219117326,4.00584368986e-05,0.0134430266167,10.1713325454,4.17381608056e-09,4.81594991338e-05,9.26552290623,2.32053466579e-07,0.000687541816944,8.19550741923,4.78752076665e-06,0.0084349843606,9.25479243255,1.45130469084e-07,0.000611765324414,8.9995449381,1.42747274027e-06,0.00176709538618,8.48413741668,6.23180764122e-06,0.00534037554055,8.08246045693,2.27224496234e-05,0.0137656731303,8.62450402338,2.38614834589e-06,0.00351137977443,4.70513623219,0.160284373568,0.377073578236,8.43502860365,1.57648133178e-05,0.00698305668633,9.39360266059,1.68753078361e-07,0.000527821936558,5.33805720726,0.0540850790185,0.32061123161,7.33614192839,0.000262835443446,0.0625713680371,8.66441091065,3.56038708361e-06,0.00372150184796,5.29658180518,0.0485110748879,0.162976990224
gradient,25,0.18,0.189999997616,predicted,Actual proposal support boundary; monitored coordinates are pre-native endpoint forecast,True,50,-0.134433870897,0.49850991369,-0.083087420311,0.0687746691322,0.0193419943488,0.0631765931311,6.51145189564,5.79541427407,0.0966345563981,-0.32637223152,2.03883886228,0.18872747564,0.271529505046,0.279201646457,0.257716918782,0.211323871011,4.65197721717,0.190076088181,0.711655890205,9.69408928284,2.87112667954e-08,0.000195251226054,9.17942778164,6.98523634617e-07,0.00114429807001,9.06095870931,5.82416172274e-07,0.00128178457914,8.12402722942,3.61597804585e-05,0.0128601395923,10.2465822137,2.41750033823e-09,3.38899480533e-05,9.29556994989,1.98628481242e-07,0.00062648654701,8.19169078096,4.87522573839e-06,0.00852367809013,9.26745821081,1.37971108288e-07,0.000590705092414,9.0005779122,1.41961208269e-06,0.00176074267308,8.47125048093,6.56801382901e-06,0.00551609916991,8.08881186192,2.20749402841e-05,0.013561614639,8.61710417143,2.55066593623e-06,0.00360642312911,4.70467207212,0.160676812858,0.379562559385,8.44134985511,1.57262574609e-05,0.0068894757198,9.42929573693,1.26763471896e-07,0.000452373556185,5.31268565479,0.055522691957,0.320776049186,7.33571640126,0.000269128551624,0.0623157674018,8.69393659876,3.00320544268e-06,0.00343806244595,5.31217569474,0.0478194614561,0.161326676208
gradient,25,0.19,0.199999988079,predicted,Actual proposal support boundary; monitored coordinates are pre-native endpoint forecast,True,50,-0.135138802365,0.49344010217,-0.084458765831,0.0693978920197,0.0209752019978,0.059608711041,6.36748882334,5.70334342018,0.116069740041,-0.317031194833,1.89531100644,0.18900544462,0.274632340131,0.285196009702,0.261011237684,0.207298758681,4.63260938222,0.195993422024,0.712397227163,9.69782033308,2.69293699342e-08,0.000189275254397,9.20731702948,6.19903451676e-07,0.0010660710954,9.11159487423,4.47368611371e-07,0.00109664641606,8.16381326117,2.86090189372e-05,0.0118677428092,10.3133634492,1.40602624229e-09,2.39228482616e-05,9.33254381974,1.55517253039e-07,0.000550378063702,8.18588658951,5.0320949333e-06,0.00866255624858,9.27095163019,1.3846711042e-07,0.000588078813597,9.01547393156,1.30928781414e-06,0.00168781294317,8.46771812191,6.41209158395e-06,0.00554314643667,8.10512569362,2.12052096727e-05,0.0130691258686,8.60065263341,2.88412718942e-06,0.00381685182131,4.70229083629,0.161481730111,0.384406855559,8.46184069238,1.39656711132e-05,0.00662302876925,9.4618125216,9.43441930511e-08,0.00038738381316,5.29458076216,0.0562496939012,0.32090808055,7.34218082519,0.000268366608269,0.0612641506751,8.72776768688,2.3979595661e-06,0.00312852853823,5.31983279816,0.0472406356189,0.161729887648
gradient,25,0.2,0.209999993443,predicted,Actual proposal support boundary; monitored coordinates are pre-native endpoint forecast,True,50,-0.135789022789,0.472394646166,-0.0823029921913,0.0637144177771,0.016554340992,0.0566131011393,6.32237487153,5.69584418823,0.129907952204,-0.3463608696,1.79567189021,0.187034947542,0.276215743364,0.289044303115,0.262732133809,0.204177201122,4.61688513104,0.199345714266,0.710952432553,9.67904578087,2.90098823048e-08,0.000200343356657,9.14283505142,9.14079697278e-07,0.0013157403632,9.16900357572,3.21268427056e-07,0.000906580589365,8.17458999222,2.54091243431e-05,0.011631342617,10.3622449357,8.68974338735e-10,1.76513040575e-05,9.31573287997,1.62596457934e-07,0.000575376665294,8.19222812938,4.85127463545e-06,0.00850196937356,9.24669679423,1.56696521992e-07,0.000634782697418,9.00658968511,1.28884081939e-06,0.00171052907002,8.48618959515,5.46339644428e-06,0.00524823225628,8.12239068387,2.0256897808e-05,0.0125717955149,8.57441740843,3.40326878632e-06,0.00414957758815,4.68820826798,0.164703743612,0.387209246344,8.46687589351,1.14825854823e-05,0.00660446096636,9.49676151502,6.72102885506e-08,0.0003257339668,5.27969580527,0.056812511163,0.318010860209,7.33691954095,0.00027882116367,0.0616388044077,8.74866976936,2.02773316717e-06,0.00291531220146,5.303381945,0.0477841881337,0.164557628895
gradient,25,0.21,0.219999998808,predicted,Actual proposal support boundary; monitored coordinates are pre-native endpoint forecast,True,50,-0.130359399541,0.450630232401,-0.0689566276932,0.0451733350372,0.000450814638139,0.0526125198266,6.25686376026,5.69565720806,0.150159324421,-0.359593187402,1.67749034295,0.187882493009,0.277482846251,0.289803089461,0.263935664058,0.202134721417,4.59763135195,0.2041952284,0.710439374863,9.63201334691,3.76335685905e-08,0.000237336811648,9.12417576144,9.93282522794e-07,0.00138102033759,9.26039734624,1.91858913926e-07,0.000669353920571,8.18599070461,2.31491934184e-05,0.0113668512756,10.3762445719,6.31383513978e-10,1.47442697928e-05,9.28605411505,1.87981776524e-07,0.000628566973276,8.20360287199,4.53277738284e-06,0.00820660003259,9.22053362906,1.79773200112e-07,0.000691116595095,8.99925017444,1.23798722456e-06,0.00171760672943,8.50517515201,5.0443667483e-06,0.00500242882198,8.14451964129,1.90149650418e-05,0.0119716838544,8.55076459549,3.87043353069e-06,0.00444941756105,4.68057861163,0.166112038491,0.383027210027,8.46327239261,1.06530086288e-05,0.0066568509464,9.50392577252,5.46281631946e-08,0.000302098957709,5.27726018479,0.056843364005,0.314922390109,7.32603958896,0.000293522987337,0.0626359819774,8.75391139817,1.84598481572e-06,0.00283376486759,5.27513056004,0.0492530295273,0.164979083972
gradient,25,0.22,0.229999989271,predicted,Actual proposal support boundary; monitored coordinates are pre-native endpoint forecast,True,50,-0.12304655775,0.430265020807,-0.0644644449616,0.0215028392887,-0.0289048949146,0.0502197601202,6.30341343452,5.69891913711,0.150788209495,-0.392837293001,1.62857672053,0.188078495553,0.278227482063,0.286744286423,0.263348881334,0.201263749659,4.59997913995,0.203101644263,0.708902155993,9.59117830718,4.82357289391e-08,0.000275383405163,9.05209157448,1.37150566139e-06,0.0016666838972,9.33081647657,1.22529148977e-07,0.00051699283013,8.18715819511,2.31489446962e-05,0.0113231130856,10.382465868,4.29651055457e-10,1.2279104706e-05,9.22414240815,2.57329784328e-07,0.000757744407278,8.20770962129,4.39939057283e-06,0.00808619731262,9.19757480534,2.05880139058e-07,0.000749066336535,8.97903211319,1.282022798e-06,0.00179372286392,8.5260800428,4.80239747087e-06,0.00477765025392,8.17783042235,1.73115670079e-05,0.0111124824089,8.53022183893,4.34050286128e-06,0.00471759717848,4.65804136864,0.169935360176,0.371798898676,8.42556091214,1.16800889514e-05,0.0072288525956,9.52432939216,4.20305961044e-08,0.000270216897552,5.26289888907,0.0578831650443,0.313607280308,7.31058923342,0.000311131013728,0.0643674364782,8.72006035361,2.09976922703e-06,0.00308007422704,5.26006094009,0.0504315515529,0.165042270914
gradient,25,0.23,0.239999994636,predicted,Actual proposal support boundary; monitored coordinates are pre-native endpoint forecast,True,50,-0.119411199233,0.402066422276,-0.0642112587357,-0.000218154826165,-0.0254328248167,0.049539560923,6.47932848944,5.88506155341,0.140541049065,-0.424890720678,1.69426718398,0.183679821791,0.273972116981,0.280189670729,0.261431676459,0.203853156164,4.60090051788,0.196804959995,0.704834315057,9.55577669965,5.84709850411e-08,0.000311544685466,8.96526248205,1.99785289868e-06,0.00207358293782,9.32499054652,1.32085178122e-07,0.000531633908195,8.19103468936,2.27392177591e-05,0.0111653219762,10.238504803,9.10360860958e-10,2.21210597393e-05,9.13833236673,3.89783763554e-07,0.000978602981895,8.21711853038,4.22772282598e-06,0.00788776752049,9.17840002551,2.26556340591e-07,0.000797295982891,8.9483010412,1.34364576062e-06,0.00192081478351,8.55367005609,4.20918671716e-06,0.00444674389494,8.18788538192,1.6824523125e-05,0.0108784044354,8.51905074759,4.63325369298e-06,0.00486866125297,4.64444816534,0.173771368078,0.365444871641,8.37621154354,1.31071777795e-05,0.00807883528653,9.46252813468,5.91837365534e-08,0.000341981947555,5.25928116773,0.0581957007865,0.311678377172,7.29890892063,0.000327396681803,0.0656968667279,8.65228016753,2.84021316269e-06,0.00368924317875,5.23216283223,0.0524012620221,0.163857471972
gradient,25,0.24,0.25,predicted,Actual proposal support boundary; monitored coordinates are pre-native endpoint forecast,True,50,-0.127005597635,0.408091824449,-0.0557874201202,-0.0339064559722,-0.00504847201347,0.047725156139,6.71425099661,6.09149835331,0.158198974556,-0.394748985815,1.73185244267,0.180397542565,0.269222728644,0.272485059625,0.260453019704,0.205866473418,4.5664288985,0.194582150263,0.695667441901,9.46985801937,9.25240030745e-08,0.000416568935635,8.89598342841,2.66288922594e-06,0.00245031055786,9.30907898732,1.62007586555e-07,0.000578862669042,8.24110952039,1.67974782745e-05,0.00994278715134,9.82394686375,3.13143304379e-08,0.000174290884854,9.0533691301,6.00597873104e-07,0.00126044227146,8.22875277811,4.06606398704e-06,0.00767600818799,9.17149738906,2.3494491821e-07,0.000819352770536,8.90745495535,1.54684397491e-06,0.00213278455628,8.57458562979,3.69887215099e-06,0.00417023978182,8.14793597321,2.09776544034e-05,0.0120080084693,8.48318433845,5.89328573395e-06,0.0054280921194,4.66672126195,0.169728696369,0.365944391489,8.31843597159,1.60973597132e-05,0.00919909613231,9.26232355557,3.36761736245e-07,0.000800272112381,5.23288642122,0.0589823504368,0.305460238051,7.30056759897,0.000330115211324,0.0652622352031,8.57371142417,3.93894604858e-06,0.00453074186568,5.19383039215,0.0544927586977,0.160434722124
gradient,25,0.25,0.259999990463,predicted,Actual proposal support boundary; monitored coordinates are pre-native endpoint forecast,True,50,-0.139987776291,0.45474744195,-0.0530523847008,-0.0367809595363,0.0010369223094,0.0514264751869,6.86588866998,6.12701551228,0.138705061653,-0.389568461896,2.01060002393,0.180250854376,0.269297676341,0.269627543127,0.259138265431,0.20577099664,4.56835920465,0.190788445685,0.695667931278,9.50714290008,7.77093928666e-08,0.000377149174854,8.8274080041,3.57930752204e-06,0.00289536192937,9.26861467902,1.89123190808e-07,0.000646262117892,8.241030454,1.64975132856e-05,0.00992268538433,9.62636129992,1.12869964669e-07,0.0003768420397,8.98836113543,8.4374768087e-07,0.00152483140074,8.24207822854,3.74086234197e-06,0.00737132926642,9.14838448614,2.72486671466e-07,0.000894839489218,8.89435861868,1.76432916552e-06,0.00223932800559,8.61372188056,2.98874119974e-06,0.0037288502722,8.09864670725,2.62496008242e-05,0.0134149668265,8.55906703796,4.11294454883e-06,0.00432469956661,4.6773082971,0.167067604133,0.376760939268,8.30235503259,1.7361018003e-05,0.00952568682592,9.15916728738,7.60773157211e-07,0.00120146227559,5.34558215662,0.0520121625987,0.314590620653,7.28619871912,0.000346330892501,0.0671186164128,8.49914542674,5.66849603837e-06,0.00549390023138,5.19966997054,0.0540373827895,0.155488737065
gradient,25,0.26,0.269999980927,predicted,Actual proposal support boundary; monitored coordinates are pre-native endpoint forecast,True,50,-0.146439530592,0.458099270356,-0.0541297839546,-0.0409023484969,-0.0385065208638,0.0517046503181,6.92588612581,6.00107239095,0.138704450605,-0.372295888218,1.99165726393,0.180773476282,0.27183071122,0.269787731564,0.260652056792,0.204348405055,4.56630389968,0.19003755196,0.694034088114,9.49852122097,7.92131121574e-08,0.000385605706051,8.79109815834,4.18712845191e-06,0.00315892276192,9.2675669441,2.01049014637e-07,0.00065523131976,8.25308201174,1.52782549629e-05,0.00963114244308,9.66182687118,9.64578037968e-08,0.000342309222161,8.96208006486,9.57240202814e-07,0.00164150499426,8.23558552628,3.7460709939e-06,0.00746897340028,9.14997919332,2.69985210815e-07,0.000889072842242,8.88792828437,1.89032306634e-06,0.00229442143409,8.62895529311,2.74973367919e-06,0.00356597494108,8.09980862199,2.68858140923e-05,0.0133991401734,8.57105357587,3.73130016275e-06,0.00412885660625,4.69682653745,0.163078742778,0.376996913161,8.29262219336,1.82867281692e-05,0.00972040910294,9.1822894633,7.03634144904e-07,0.0011413319513,5.3422996987,0.0525374871607,0.322525600234,7.28592269952,0.00034396102802,0.0672636513655,8.46208949054,6.82804133832e-06,0.00603251082342,5.19290866896,0.0541717912981,0.157483727677
gradient,25,0.27,0.280000001192,predicted,Actual proposal support boundary; monitored coordinates are pre-native endpoint forecast,True,50,-0.144232943038,0.457548927807,-0.042164318409,-0.0268024954581,-0.0799007025623,0.0508670277533,7.06658396307,5.82943046403,0.185617532935,-0.361692575837,1.83201375118,0.181291143774,0.271929663991,0.26822597047,0.264020673027,0.202346385793,4.55586772187,0.191701624695,0.688054157068,9.44759287082,9.74136899644e-08,0.000437465716485,8.76616611544,4.65790389184e-06,0.00335133411595,9.27507842092,2.04007524806e-07,0.000649652619385,8.30861214578,1.15214403419e-05,0.00843538288458,9.6982183008,8.13707760874e-08,0.000308517146898,8.94461029005,1.05393094996e-06,0.00172996700381,8.24866567225,3.46554320398e-06,0.00715708792365,9.16162661222,2.45572921147e-07,0.000840166017685,8.87329748726,2.07520781176e-06,0.00239610529874,8.63714990844,2.60055956397e-06,0.00347497924216,8.10784628943,2.61320691584e-05,0.0131730124699,8.46075080858,5.9957349016e-06,0.00559823879931,4.72494416647,0.156426294514,0.371875879371,8.27804232457,1.95695649032e-05,0.0100226839363,9.20664327919,6.41794536661e-07,0.00107763409134,5.23465848924,0.0600071817731,0.324635907652,7.29354126663,0.000332358774529,0.0663796558493,8.44395653518,7.60405474681e-06,0.0063221632444,5.22193826348,0.0526321040857,0.167464929601
gradient,25,0.28,0.289999991655,predicted,Actual proposal support boundary; monitored coordinates are pre-native endpoint forecast,True,50,-0.138060067101,0.408988607989,-0.0213132689858,-0.013474545815,-0.11132465991,0.0504859899037,7.2005625149,5.68779184769,0.241340065462,-0.363109729733,1.67310887407,0.180822311391,0.272079775033,0.267854947533,0.266307361903,0.200797480883,4.52878030576,0.198176779965,0.679087827322,9.33187111002,1.92079410876e-07,0.000636334574907,8.74880405969,5.01289677082e-06,0.00349080832043,9.28873230158,1.96492266772e-07,0.000630636424117,8.35920840106,8.7386853283e-06,0.00745567004456,9.75399272167,6.11573370842e-08,0.000259035913436,8.92707709211,1.16799651074e-06,0.00182505121945,8.27470642408,3.10535943258e-06,0.00663222357795,9.14993041939,2.56895078167e-07,0.000860963062892,8.85783482277,2.28656339364e-06,0.00250678129271,8.64766759488,2.44408871951e-06,0.00336583845409,8.11278854727,2.54240719396e-05,0.0130218574309,8.3418543673,1.08581804508e-05,0.0076273416876,4.75708241672,0.149000880154,0.372771507659,8.26531086549,2.09424747553e-05,0.0102852527566,9.24802855169,5.19157597649e-07,0.000953376322717,5.15888391382,0.0649255537699,0.325631484608,7.29398341079,0.000331380372089,0.0662468674341,8.43154354777,8.30458875543e-06,0.0065293717481,5.22538213662,0.0532344273793,0.171243559718
gradient,25,0.29,0.299999982119,predicted,Actual proposal support boundary; monitored coordinates are pre-native endpoint forecast,True,50,-0.139616582978,0.39886823544,-0.0165010617638,0.000469278059004,-0.123815841999,0.0504253776392,7.29373723032,5.57642314183,0.26427168106,-0.364974929127,1.66326420199,0.181200596283,0.272171606693,0.269208034765,0.267118261514,0.199307636249,4.52117465717,0.19946230136,0.676316695491,9.32185252318,2.03908569779e-07,0.00065616360719,8.73353051557,5.34743218952e-06,0.00361767288082,9.27870703491,1.98361264467e-07,0.000645835253303,8.37996977307,7.81126626117e-06,0.00708021946879,9.81098375109,4.53584756109e-08,0.000215475883,8.92087411102,1.21312280966e-06,0.00186045240346,8.28244936604,3.00727407768e-06,0.00648398181694,9.14463926828,2.68387697593e-07,0.000878803166619,8.85558805836,2.34972121332e-06,0.00252890768574,8.64908461511,2.4288533946e-06,0.00335421630534,8.10531358589,2.58570931865e-05,0.0132422348357,8.31039903642,1.23899803288e-05,0.00819949014795,4.77270132291,0.145113530671,0.37614759736,8.2574623914,2.18801123574e-05,0.0104473504813,9.29212375283,4.1319848575e-07,0.0008347552408,5.14453520336,0.0663483767973,0.329396485275,7.29616401608,0.000328766600168,0.0659649881211,8.42218944369,8.85881467919e-06,0.00668586238862,5.24064654965,0.0523955582299,0.171820606024
gradient,25,0.3,0.310000002384,predicted,Actual proposal support boundary; monitored coordinates are pre-native endpoint forecast,True,50,-0.15100283785,0.479538612753,-0.0136375759506,0.0104062801218,-0.135972205725,0.0509527014732,7.34005376756,5.55190824934,0.277490449246,-0.370761638529,1.67476855404,0.181283963399,0.271593036176,0.269779840385,0.267036640354,0.198944779411,4.52056643951,0.199652942997,0.673149778146,9.31099744822,2.18125803998e-07,0.000680061400291,8.72861509811,5.46176710368e-06,0.0036599669372,9.26450449281,2.061905763e-07,0.000673187113098,8.37241475648,8.09052870365e-06,0.00721720256053,9.84682176255,3.7500471687e-08,0.000191523191675,8.92191528304,1.19950995378e-06,0.00185206747733,8.28570018847,2.96195558619e-06,0.00641950783075,9.1317867723,2.88470144056e-07,0.00091660939236,8.86078530135,2.30663323597e-06,0.0024975277323,8.64960131258,2.43185867786e-06,0.00335510605823,8.09368200944,2.70311153314e-05,0.0136034955629,8.29690893317,1.30401436166e-05,0.0084513684878,4.78187708272,0.142881867239,0.377337207625,8.26036067802,2.16662237988e-05,0.0103804585029,9.31837806692,3.60615528616e-07,0.000770795105421,5.14507731509,0.0666179005417,0.330967234685,7.29517183924,0.000329007937795,0.066123385302,8.41590606766,9.14097739706e-06,0.00678893557581,5.23212855869,0.0530121446654,0.17200744079
gradient,25,0.31,0.319999992847,predicted,Actual proposal support boundary; monitored coordinates are pre-native endpoint forecast,True,50,-0.150831051836,0.471204740832,-0.0111294911766,0.0152385651684,-0.144454067078,0.0510536676435,7.35735138667,5.5430826498,0.284243307524,-0.375560153331,1.6632861052,0.181271744618,0.271368337072,0.26980722794,0.267017150496,0.19904266689,4.52152599812,0.199616068582,0.672000531218,9.30546254584,2.24723901374e-07,0.00069169013848,8.72940125639,5.45496660551e-06,0.0036555902867,9.26014200393,2.09032273409e-07,0.000682286785651,8.36264979825,8.50422471919e-06,0.00739631858818,9.87165565166,3.27767095589e-08,0.000176152057244,8.92713816838,1.1617070453e-06,0.00182194539613,8.28651146144,2.95985840825e-06,0.00640632309321,9.12197666151,3.02131711461e-07,0.000944006885872,8.85827074677,2.32702005613e-06,0.00251265814853,8.64829339408,2.4475303014e-06,0.00337258306403,8.08774947723,2.77469929278e-05,0.0137872084578,8.29116662727,1.32900666194e-05,0.00855695935127,4.78732111082,0.141655749123,0.377389190068,8.25871114005,2.16875428477e-05,0.01042300356,9.33539959239,3.29285209615e-07,0.000730939744405,5.15188422561,0.06635998412,0.332489433903,7.29422140654,0.000329139461552,0.0662847414233,8.42096005685,8.87522406986e-06,0.00670545761653,5.22073269535,0.0537364123687,0.17246022702
gradient,25,0.32,0.329999983311,predicted,Actual proposal support boundary; monitored coordinates are pre-native endpoint forecast,True,50,-0.155229851073,0.48794347934,-0.0115548823738,0.0173326176023,-0.151021527972,0.0508270977499,7.36092219935,5.53573302609,0.281003521047,-0.376683215001,1.65278005536,0.181231497447,0.271434459213,0.269955094489,0.267112205767,0.198968707398,4.52255438118,0.199230433475,0.671491939127,9.30295222469,2.27694052917e-07,0.00069686871463,8.73328215771,5.36288783348e-06,0.00362225945953,9.25634236944,2.13198483795e-07,0.000690738395641,8.35506456546,8.83781691944e-06,0.00753678439863,9.88404842631,3.06592741215e-08,0.000168975034196,8.92841146086,1.15932535774e-06,0.00181689740155,8.28434466379,2.98875963918e-06,0.00644530169985,9.1173486657,3.09961924174e-07,0.000958309147166,8.85564731922,2.35629012715e-06,0.00253046827837,8.64923905555,2.43047104531e-06,0.00336377163627,8.08933656797,2.75782704324e-05,0.0137383714614,8.29347940827,1.30636738628e-05,0.00849883428902,4.78940529259,0.141131372462,0.377371761261,8.25954397946,2.15855243334e-05,0.0104054536877,9.34416160785,3.14939205456e-07,0.000711972791472,5.15291769033,0.0664349931663,0.333594199811,7.29541000251,0.000326517211644,0.0662023808503,8.42290283493,8.77511346075e-06,0.0066736122309,5.21294220804,0.0542557714149,0.172704551705
gradient,25,0.33,0.340000003576,predicted,Actual proposal support boundary; monitored coordinates are pre-native endpoint forecast,True,50,-0.15167391236,0.467851396885,-0.0113983963394,0.0245673134541,-0.151946425762,0.0501403027814,7.3764959759,5.52461329504,0.282432619693,-0.376184269806,1.65675572913,0.181308071898,0.271333449392,0.270117816229,0.267077221204,0.198827083037,4.52551776937,0.19890102906,0.671298502862,9.30048613501,2.30440409539e-07,0.000701946779445,8.73817856282,5.25219818333e-06,0.00358124377572,9.25062787381,2.17378877713e-07,0.000702252042375,8.3558760298,8.81272969702e-06,0.0075230090945,9.90038768804,2.80553669665e-08,0.000159871825299,8.93153006508,1.14605576545e-06,0.00180259019089,8.28376874933,3.00017444643e-06,0.00645766068704,9.11758723898,3.09191378869e-07,0.000957235894267,8.85486819561,2.3614929875e-06,0.00253525977011,8.64910746179,2.43235776814e-06,0.00336670706343,8.08162686005,2.8420775881e-05,0.0139785764732,8.28950790943,1.32255213874e-05,0.00857101556447,4.79195974732,0.140555001365,0.378080091969,8.26093740799,2.14340579842e-05,0.0103764005282,9.35516457509,2.97512432489e-07,0.000688379305723,5.15001332353,0.0667701735641,0.334272472531,7.29729559213,0.000324217671365,0.0659840931898,8.4277633909,8.57513824935e-06,0.00659638110656,5.21167368365,0.0543214356587,0.172832593604
gradient,25,0.34,0.34999999404,predicted,Actual proposal support boundary; monitored coordinates are pre-native endpoint forecast,True,50,-0.158434334017,0.466385752439,-0.0110652492905,0.030002658329,-0.152141976085,0.0500474998286,7.38237916106,5.51948536576,0.280096286894,-0.377044722712,1.64802363085,0.181285146714,0.271303625694,0.270033681147,0.267130553433,0.198901058652,4.52590129341,0.198663553483,0.671441148411,9.29537245725,2.37005882851e-07,0.000713449391459,8.74643212628,5.06946141362e-06,0.00351264212199,9.24574770916,2.22934725407e-07,0.000713126345022,8.35589894272,8.84133905024e-06,0.00752400090438,9.90994035518,2.66232640068e-08,0.000154722511453,8.93616851225,1.12304006064e-06,0.00178026609768,8.28391057148,2.9978748749e-06,0.00645487582331,9.11582474164,3.124460277e-07,0.000962937809592,8.85345138638,2.36161270902e-06,0.00254174660479,8.64722524354,2.4614271484e-06,0.00338815396038,8.07923474191,2.86518508807e-05,0.0140491338042,8.28695852028,1.33353643523e-05,0.00861760396979,4.79379869293,0.140249815579,0.378367569,8.26200882463,2.1255583004e-05,0.0103567851945,9.35990033443,2.90390870884e-07,0.000678525691419,5.14632031987,0.0671260414235,0.334869768858,7.29827594225,0.000323200467701,0.0658614691078,8.4362511813,8.20248627985e-06,0.00646137715086,5.20954097381,0.0545107549808,0.172915365799
gradient,25,0.35,0.359999984503,predicted,Actual proposal support boundary; monitored coordinates are pre-native endpoint forecast,True,50,-0.149331694337,0.452171478236,-0.0101997040176,0.0277216693377,-0.154417988684,0.0504816734831,7.38630050946,5.49835136946,0.28112795179,-0.374307614416,1.64058880404,0.181502464858,0.271653574875,0.270314855693,0.267220426527,0.198588717951,4.52368256881,0.19904501308,0.671388975704,9.29931399806,2.32678674874e-07,0.000705142082047,8.74792310054,5.01283949553e-06,0.00349658138498,9.24715207861,2.22312764981e-07,0.000710869230531,8.35654461714,8.81514660006e-06,0.00751322462002,9.91556072218,2.58525451439e-08,0.000151902722627,8.93584268462,1.12074654274e-06,0.00178050006798,8.28516723826,2.96634248456e-06,0.00642428507002,9.11560938924,3.13448200562e-07,0.000964250524222,8.85163131894,2.36252167666e-06,0.00255004918621,8.64477717364,2.4916870146e-06,0.00341373248141,8.0814303188,2.84158245829e-05,0.0139794430527,8.2886861365,1.32115314837e-05,0.00857758455289,4.7980445075,0.139532767689,0.378818624108,8.25825886258,2.14611679202e-05,0.0104441271313,9.35812332007,2.94693460616e-07,0.000684009119443,5.14689773957,0.0671322196942,0.335224702979,7.29706934022,0.000324671847167,0.0659987421719,8.43851694411,8.04732764636e-06,0.0064230452115,5.21318777808,0.0542779769239,0.172794205833
gradient,25,0.36,0.370000004768,predicted,Actual proposal support boundary; monitored coordinates are pre-native endpoint forecast,True,50,-0.149974810733,0.455581602405,-0.00746596082688,0.0341928955531,-0.150422561791,0.049779761322,7.39166415681,5.48424466188,0.279811705611,-0.372708344378,1.63747346108,0.18159471505,0.271913010684,0.270565904721,0.267314195719,0.198248999171,4.51990792727,0.199611058158,0.672037560432,9.29806228886,2.33132665185e-07,0.000707463430065,8.75886844259,4.77926939679e-06,0.00340693743975,9.24653274824,2.22976155897e-07,0.000711985228383,8.3655534474,8.44209355559e-06,0.00734755239906,9.92224746199,2.49185979659e-08,0.000148443992356,8.93794784679,1.11845490565e-06,0.00177363038722,8.2883290263,2.92017192932e-06,0.00636471004958,9.11872044274,3.07779676899e-07,0.000954145423895,8.84611059207,2.41571248396e-06,0.00258623658854,8.64807231953,2.43862184206e-06,0.00338078483123,8.07613287049,2.90212597082e-05,0.0141392303136,8.2816806736,1.36000292495e-05,0.00871731476326,4.80089671891,0.138976836953,0.379643887072,8.26109550288,2.11388787354e-05,0.0103842497817,9.36391976272,2.84920886551e-07,0.000670643817095,5.14283424898,0.0675075785703,0.335543608335,7.29875474128,0.000322334538234,0.0658118783816,8.44628907052,7.75107456348e-06,0.00630508841385,5.21865416413,0.0538733639483,0.172634288072
gradient,25,0.37,0.379999995232,predicted,Actual proposal support boundary; monitored coordinates are pre-native endpoint forecast,True,50,-0.153523062949,0.453737239616,-0.00839058383942,0.0351952275252,-0.151055800345,0.0495673426357,7.39543110692,5.48692613204,0.279954301216,-0.369179154116,1.64131143979,0.181588541193,0.27190923371,0.270287448944,0.267277367206,0.198276236975,4.52109352302,0.19918028477,0.672165898036,9.2962791119,2.34999360408e-07,0.000711207246312,8.75746992918,4.81104918174e-06,0.00341876717091,9.24550699574,2.25947396264e-07,0.000715002308166,8.36454268447,8.48991812381e-06,0.00736603433529,9.92298682089,2.48378372818e-08,0.000148141141209,8.93844585181,1.11755693683e-06,0.00177189286879,8.28633803732,2.95309420514e-06,0.00640425575654,9.12088187478,3.03444721406e-07,0.000946883006551,8.84683644517,2.40458146833e-06,0.00258079034598,8.64689337921,2.46041976412e-06,0.0033946523636,8.07463891066,2.91651572246e-05,0.014183215934,8.28265675368,1.35605682301e-05,0.00869771711175,4.80219785801,0.138885743577,0.37958596167,8.26044795633,2.11748975998e-05,0.0103996040366,9.36415465027,2.85106880196e-07,0.000670784389925,5.14152521405,0.0675904523767,0.335831122683,7.30019257959,0.000320264984048,0.065664157649,8.44617098495,7.75690033855e-06,0.00630680685173,5.21585435218,0.0540374883239,0.172612137338
gradient,25,0.38,0.389999985695,predicted,Actual proposal support boundary; monitored coordinates are pre-native endpoint forecast,True,50,-0.154058015421,0.451012080184,-0.00644132598877,0.0402534865952,-0.147323241856,0.0491704781164,7.39348141719,5.48756561272,0.278115418589,-0.356906139576,1.64349600458,0.181621090451,0.271910616165,0.270096275664,0.267352168895,0.198388195782,4.5187271277,0.199481316992,0.672852183564,9.29610896888,2.35689034361e-07,0.000711993518386,8.76476388965,4.67860547779e-06,0.00336284807634,9.24499762117,2.26305811448e-07,0.000715037188954,8.36596714433,8.47899334703e-06,0.00734378044581,9.91929091545,2.5379402833e-08,0.00015015049342,8.94374277904,1.09379867625e-06,0.00174708608085,8.28567298015,2.97618607965e-06,0.0064244485845,9.12266286821,3.00837948899e-07,0.000941817907849,8.84293113124,2.46706314324e-06,0.00261077046183,8.64902845907,2.42459594672e-06,0.0033737051529,8.06647816402,3.00516693031e-05,0.0144337502335,8.28289478164,1.3525574319e-05,0.00868877994836,4.8090055027,0.137984880622,0.380934598627,8.26401166728,2.09617058934e-05,0.0103164910797,9.35061367559,3.08532989468e-07,0.000702079359511,5.140767762,0.0676708947835,0.336139555959,7.30199944815,0.000317798592347,0.0654702189304,8.45252915721,7.58733917612e-06,0.00621301369187,5.21608684328,0.0540355883912,0.172520947131
gradient,25,0.39,0.399999976158,predicted,Actual proposal support boundary; monitored coordinates are pre-native endpoint forecast,True,50,-0.155245593733,0.489002088022,-0.00956728443146,0.0404313912606,-0.140562572058,0.0494228325691,7.38747908656,5.49144723078,0.278597003834,-0.35613376737,1.64968412223,0.181687642403,0.271812849012,0.269826257589,0.267381714438,0.198545100131,4.51947512542,0.199006530744,0.673996849969,9.29927015303,2.31970205401e-07,0.000705220950998,8.7615208801,4.76895570414e-06,0.00339274550118,9.24556690944,2.24840801571e-07,0.000711504910348,8.37036221864,8.30443150966e-06,0.00726606920926,9.91408286329,2.60990008591e-08,0.000152799998025,8.95102312193,1.04488051063e-06,0.0017072527667,8.28386724369,3.01913769908e-06,0.00646586674846,9.12910037627,2.91087571048e-07,0.000923087294279,8.84695155442,2.41583903511e-06,0.00258189278405,8.64281919934,2.50460399237e-06,0.00343516784602,8.06624471832,3.01134145313e-05,0.0144333852658,8.28524878041,1.34631712652e-05,0.00864867819906,4.80566836188,0.139004302969,0.380891940179,8.26282380588,2.10426314326e-05,0.0103449141739,9.35195169944,3.04838943599e-07,0.000697478635775,5.13969375694,0.0676974914008,0.335841555795,7.30368176394,0.000317126430229,0.0652162375771,8.45608323943,7.45568748243e-06,0.0061596785941,5.22023029966,0.0537443824025,0.172238733375
gradient,25,0.4,0.409999996424,predicted,Actual proposal support boundary; monitored coordinates are pre-native endpoint forecast,True,50,-0.150222195205,0.35869678038,-0.010976698246,0.0350573303914,-0.136914280977,0.0489245701844,7.38954611506,5.49215677014,0.283011759217,-0.355239981736,1.65962718944,0.181660447851,0.271676766009,0.269524278701,0.267460112079,0.198787581261,4.5192558602,0.199042009752,0.674333703786,9.30580062201,2.23169031769e-07,0.000690558736279,8.75195453178,4.97498340946e-06,0.00347083651735,9.2533800703,2.14516805165e-07,0.000691325027922,8.37326459611,8.18423507009e-06,0.00721177039477,9.90932191915,2.67470011146e-08,0.000155165146851,8.94976494902,1.04453834732e-06,0.00171022017416,8.28295122074,3.04951269804e-06,0.00649221976637,9.13529904026,2.81765507056e-07,0.000904909882698,8.84692467239,2.42850195365e-06,0.00258412665727,8.64128956204,2.51214523694e-06,0.00344621724641,8.06531261243,3.03471586169e-05,0.0144618262266,8.28882063018,1.32603223809e-05,0.00857818342966,4.80014059865,0.139876194058,0.38015782019,8.25830172894,2.14858310024e-05,0.0104430047895,9.35374117265,3.00390666263e-07,0.000691833641098,5.14156298338,0.0674967394808,0.334614076,7.3030742871,0.000318701298546,0.065245382402,8.45080685103,7.66140505216e-06,0.00623944192053,5.22509290023,0.0533864670046,0.1720293034
gradient,25,0.41,0.419999986887,predicted,Actual proposal support boundary; monitored coordinates are pre-native endpoint forecast,True,50,-0.152572704924,0.41742130587,-0.00831072553635,0.0367080002642,-0.133075480338,0.0490858784887,7.38827799861,5.51502877052,0.288196526685,-0.351584047803,1.67576634709,0.181398650834,0.271097917258,0.269032593849,0.267494985267,0.199193326768,4.51343501439,0.199803705812,0.67353950412,9.30292496414,2.2698901768e-07,0.000696903023264,8.75109670782,4.99895246072e-06,0.00347877755602,9.25423696017,2.13550872431e-07,0.000689092852711,8.37481953247,8.08182435184e-06,0.00718172610501,9.8946841529,2.89848243129e-08,0.000163148954547,8.95032779735,1.03646429097e-06,0.00170524774735,8.28547225725,3.02631943355e-06,0.00645334542118,9.13420129477,2.83556776036e-07,0.000908221556674,8.85581079757,2.32910815865e-06,0.00252412738437,8.64174585164,2.52079829817e-06,0.00344533091429,8.05847928,3.10880483371e-05,0.0146776477689,8.2874739188,1.33159038791e-05,0.00860535199197,4.80174430831,0.139614795704,0.380360102403,8.26447673119,2.09681902429e-05,0.0103059358317,9.34259730493,3.17949489991e-07,0.000715428646849,5.13968709367,0.0674977069818,0.333343638721,7.30018830577,0.000323096111592,0.0655302030941,8.4487745039,7.7401780282e-06,0.00626922385242,5.22446581078,0.05345035157,0.172007345989
gradient,25,0.42,0.42999997735,predicted,Actual proposal support boundary; monitored coordinates are pre-native endpoint forecast,True,50,-0.160144859123,0.450284614818,-0.00692707284928,0.0224809646225,-0.137636117067,0.0488730268283,7.37649987594,5.5224774229,0.295160329143,-0.344420676505,1.67418872255,0.181415087271,0.271016927822,0.268999994478,0.267602164314,0.199360972733,4.50932801604,0.200856274151,0.672384537485,9.3084855338,2.20716583539e-07,0.000685274183614,8.74022286017,5.23795453323e-06,0.0035680170188,9.26834513276,1.99076915677e-07,0.000659731155032,8.36649993168,8.38150353434e-06,0.00732901263819,9.8823379187,3.10066890485e-08,0.000170154868383,8.94410001992,1.05540657597e-06,0.00172993175083,8.28464147686,3.04749049237e-06,0.00647275689621,9.1348661905,2.82124415269e-07,0.000905311107348,8.85614804631,2.33371464205e-06,0.00252287180445,8.64264290118,2.49680535549e-06,0.00343124803168,8.06239279412,3.07518469806e-05,0.0145585708455,8.29465977766,1.29115487942e-05,0.00846356886108,4.80379814538,0.139174286737,0.379618541594,8.26147932434,2.123581229e-05,0.0103701606918,9.33272691301,3.34410283377e-07,0.000737090828883,5.14711022816,0.0668203709319,0.331664382163,7.29632605752,0.000327395689843,0.0659874680096,8.43695341382,8.12727116304e-06,0.00644868110511,5.22258098925,0.053546216513,0.171994543347
gradient,25,0.43,0.439999997616,predicted,Actual proposal support boundary; monitored coordinates are pre-native endpoint forecast,True,50,-0.162302139553,0.444706245511,-0.00656404718399,0.0163713013744,-0.140302903976,0.0487280045818,7.37662660125,5.51718215118,0.294980972659,-0.343960585026,1.66386359218,0.181348510363,0.271092691006,0.269092528822,0.267740364709,0.19929325826,4.50782837216,0.201102934321,0.672275803165,9.31109543892,2.17749557489e-07,0.000679835753981,8.73856976025,5.27845242652e-06,0.00358175069489,9.27155358489,1.96382619335e-07,0.000653790296052,8.36236805909,8.57849007447e-06,0.00740534646714,9.88318198743,3.0869045667e-08,0.000169682600885,8.94373077848,1.04954754442e-06,0.00172815879416,8.28454964569,3.05076232074e-06,0.00647430823339,9.13476104953,2.81553132856e-07,0.000904837393986,8.85100922561,2.38590019152e-06,0.00255605323436,8.64196735457,2.49303708459e-06,0.0034335726619,8.06660096686,3.02204452802e-05,0.0144262764703,8.29899195192,1.26451270344e-05,0.00837240884888,4.80487471309,0.138822361634,0.379381713328,8.25698978558,2.15926755294e-05,0.0104708629185,9.33429252028,3.31504277425e-07,0.000733339370256,5.15184643931,0.0664661315498,0.331647354965,7.29479378342,0.000329309878855,0.0661523075151,8.43756754055,8.05560548724e-06,0.00643544140305,5.21911665788,0.0537296943296,0.17183206789
gradient,25,0.44,0.449999988079,predicted,Actual proposal support boundary; monitored coordinates are pre-native endpoint forecast,True,50,-0.160966438962,0.461545644248,-0.00617867454529,0.0258288332438,-0.132434169974,0.0489511498674,7.37928045554,5.52351148854,0.29797068366,-0.341290752633,1.66547029433,0.181213254216,0.271103845711,0.268800743952,0.267667283554,0.199480689499,4.50712682886,0.201266592261,0.672757037986,9.30545551185,2.24081812817e-07,0.000691828375614,8.74320523957,5.17828232448e-06,0.00354427647849,9.26670700263,2.02954046641e-07,0.000664435622273,8.372051239,8.24501736414e-06,0.00723092817683,9.88039033204,3.13278107377e-08,0.000171249183004,8.95086592109,1.02689282739e-06,0.00169817579021,8.28666157143,3.02033620269e-06,0.0064358319543,9.13533801177,2.81049414361e-07,0.000903795618672,8.85032782771,2.41059945721e-06,0.00256439976426,8.64181032205,2.48535975823e-06,0.00343544472245,8.05905488555,3.11451621399e-05,0.01465891182,8.29369676901,1.29356303142e-05,0.00847736664027,4.80520299355,0.138991508249,0.380253741363,8.25988115751,2.13969456519e-05,0.0104041808832,9.33018800485,3.38751364174e-07,0.000742604362749,5.14642423064,0.0669081639229,0.331852731048,7.29996125526,0.000322492197382,0.0655916734089,8.44545808564,7.86516220977e-06,0.00631652636866,5.22004363784,0.0536613051534,0.171702592774
gradient,25,0.45,0.459999978542,predicted,Actual proposal support boundary; monitored coordinates are pre-native endpoint forecast,True,50,-0.159179947492,0.461732970572,-0.00268540367127,0.0257469087458,-0.129724477258,0.0478133402201,7.41535026675,5.51230259781,0.310010053529,-0.331197197994,1.68212964414,0.181110215675,0.271091952367,0.268920856066,0.267402830561,0.199173225926,4.50455973709,0.20217715038,0.671664047853,9.30691675594,2.23988472235e-07,0.000690200583224,8.73541371009,5.33176470365e-06,0.00360482983304,9.27375354057,1.92209572145e-07,0.000646795224413,8.38016003562,7.94983206465e-06,0.00708743487827,9.88185828894,3.109027633e-08,0.000170438979446,8.93806671748,1.12094013006e-06,0.00177118398393,8.29036039929,2.94908547283e-06,0.00636418804857,9.13563340636,2.81578071577e-07,0.000904157881462,8.83722367785,2.59259726198e-06,0.00265990422151,8.64905913813,2.37326241625e-06,0.00335663214263,8.04583627067,3.30165757202e-05,0.0150920564672,8.290465048,1.3032567011e-05,0.00852925593712,4.81227735753,0.137666227207,0.381680279219,8.24831077283,2.26850324411e-05,0.0106530659388,9.32923453262,3.39855358059e-07,0.000744124877617,5.14614214241,0.0669484685733,0.331302551908,7.30568407284,0.000312672305976,0.065084345166,8.43745654175,8.27783821173e-06,0.00644506874364,5.22698003503,0.0531989745109,0.171393351953
gradient,25,0.46,0.469999998808,predicted,Actual proposal support boundary; monitored coordinates are pre-native endpoint forecast,True,50,-0.165951859374,0.449307018927,-0.00504741176605,0.0255261921501,-0.132948181357,0.0468736105936,7.44418595759,5.51124341373,0.311010457604,-0.330787455713,1.6990446678,0.180884052214,0.270819985206,0.268647121219,0.267284823727,0.199160955423,4.51023628504,0.201039321484,0.671153660172,9.30589379833,2.25224509968e-07,0.000692445209463,8.7243009151,5.59196911984e-06,0.00369937906235,9.27272242244,1.91380709348e-07,0.000646901361623,8.37892618271,7.96742762599e-06,0.00710589323907,9.8877549793,3.01296421646e-08,0.000167137201597,8.93007182756,1.16898448065e-06,0.00181292934986,8.28760831238,2.98897254357e-06,0.00641740225635,9.13826443414,2.77156645315e-07,0.000896146391111,8.83282524162,2.66563094965e-06,0.00269431084137,8.65278776944,2.31635303441e-06,0.0033159448515,8.04361619846,3.33584810827e-05,0.0151655323412,8.29193362399,1.28764710891e-05,0.00849095346484,4.81088551365,0.137809262968,0.381376212967,8.24257774024,2.32938456831e-05,0.010780235354,9.34170968711,3.17331528893e-07,0.000715058596867,5.14405626247,0.0671683546678,0.33172383463,7.30855985807,0.000308343268479,0.0648095619974,8.4271340506,8.70391064735e-06,0.00660825019744,5.22605947694,0.0532770575124,0.171485010062
gradient,25,0.47,0.479999989271,predicted,Actual proposal support boundary; monitored coordinates are pre-native endpoint forecast,True,50,-0.166686667254,0.459997176343,-0.00844758256913,0.0216345291948,-0.146009042587,0.0477957060761,7.48379336502,5.50358484606,0.328802422342,-0.335494609318,1.71663639107,0.180645619385,0.27060633422,0.268622671442,0.267019191155,0.198928905131,4.51411412066,0.19970369762,0.668877320833,9.30140086074,2.29286255853e-07,0.000701489855213,8.69443159839,6.37267534152e-06,0.0039666938357,9.27682312856,1.82622415634e-07,0.000634986730743,8.36973967981,8.23125910147e-06,0.00726468497817,9.90559445793,2.73567797836e-08,0.000157364818637,8.92023670835,1.21414782039e-06,0.00186002184069,8.2853605478,3.01081285554e-06,0.0064523220404,9.13575452325,2.81108496708e-07,0.000903425220747,8.84668634086,2.46613740904e-06,0.0025921601236,8.64473579495,2.46669390208e-06,0.00340689998642,8.04733216693,3.28589286147e-05,0.0150538506933,8.28649428237,1.3177301387e-05,0.0086016918313,4.8071157098,0.137673612191,0.380040824088,8.23272280405,2.40335233331e-05,0.0110187592459,9.35739389881,2.93295908956e-07,0.000682439117727,5.14052677764,0.0675593513511,0.332130121742,7.30765504582,0.000308782240888,0.0649682552182,8.40574152906,9.47533073457e-06,0.0069535600236,5.22137652838,0.0534551257159,0.171887738734
gradient,25,0.48,0.489999979734,predicted,Actual proposal support boundary; monitored coordinates are pre-native endpoint forecast,True,50,-0.17100144018,0.523854807445,-0.0106813524628,0.00900704380035,-0.131570481386,0.0463746585221,7.45485784378,5.55391972466,0.327183539394,-0.350225892725,1.71309686892,0.180378522853,0.270249813104,0.268094122577,0.26663029623,0.199576854168,4.51883751049,0.199852726698,0.670129917172,9.30260624697,2.26679056533e-07,0.000698588834385,8.68978137213,6.49410026188e-06,0.00400780036668,9.29644235699,1.65292148828e-07,0.000595453142716,8.37956253327,7.82647104384e-06,0.00708492154985,9.87042893937,3.28558408045e-08,0.000176429919188,8.91276616522,1.2636901344e-06,0.00190105267121,8.28696814836,2.99236784426e-06,0.00643004915509,9.14143697959,2.73128053442e-07,0.000887908845681,8.83956832569,2.55803295602e-06,0.00264210105327,8.64864220115,2.4020888658e-06,0.00335656084513,8.0573341158,3.16932501709e-05,0.0147323040834,8.28670875645,1.33349724891e-05,0.00862294746541,4.78421568086,0.141343684828,0.376960683313,8.22735150987,2.46388521519e-05,0.0111406403673,9.35996589827,2.81487438592e-07,0.000668225589998,5.13827286372,0.0673008066875,0.328219210976,7.31096520607,0.000303346654917,0.0646881793173,8.39939662335,9.75959155947e-06,0.00706233485235,5.23046569422,0.0528583243966,0.171699645092
gradient,25,0.49,0.5,predicted,Actual proposal support boundary; monitored coordinates are pre-native endpoint forecast,True,50,-0.166419015614,0.528383085564,-0.0144691561127,0.000973399839399,-0.120714163508,0.0447551800855,7.42542172125,5.5848984529,0.31414969182,-0.353444510431,1.71805789543,0.180370981384,0.270193434638,0.268008625421,0.266534883051,0.199726583859,4.51656073868,0.200020374675,0.670748526958,9.30586121116,2.22401069048e-07,0.000691890867912,8.69162397105,6.43171966434e-06,0.00398880261153,9.30267088797,1.60920061781e-07,0.00058444693561,8.38845915884,7.47399549821e-06,0.0069247603801,9.83462812117,3.98049166379e-08,0.000198762344988,8.90721588355,1.30319970357e-06,0.00193228474627,8.28278630607,3.07698523204e-06,0.00652189814683,9.15428114514,2.55615200825e-07,0.000852362880713,8.83265411652,2.68194030081e-06,0.00269794282341,8.65765708626,2.25479947094e-06,0.00325453730837,8.06661310102,3.06864628062e-05,0.0144387540338,8.29139140327,1.32233538868e-05,0.00854806772842,4.76964055326,0.143821170286,0.375531605751,8.22989413753,2.46081070513e-05,0.011069949533,9.35893006366,2.7794698567e-07,0.000664610263833,5.13405940577,0.0673499621897,0.325570760178,7.31529376478,0.000298269838098,0.0641875613882,8.39387457244,1.00937078805e-05,0.00715729776412,5.23858176048,0.0523015457892,0.17140703825
