arm,batch,time,state_time,within_control_state_window,n_available,mean_reward,mean_standardized_residual,global_centroid_x,global_centroid_y,global_centroid_z,shape_xx,shape_yy,shape_zz,shape_xy,shape_xz,shape_yz,pair_kernel_1.5,pair_kernel_2.5,pair_kernel_3.5,pair_kernel_5.0,pair_kernel_7.0,landmark_00_softmin,landmark_00_occupancy3,landmark_00_occupancy5,landmark_01_softmin,landmark_01_occupancy3,landmark_01_occupancy5,landmark_02_softmin,landmark_02_occupancy3,landmark_02_occupancy5,landmark_03_softmin,landmark_03_occupancy3,landmark_03_occupancy5,landmark_04_softmin,landmark_04_occupancy3,landmark_04_occupancy5,landmark_05_softmin,landmark_05_occupancy3,landmark_05_occupancy5,landmark_06_softmin,landmark_06_occupancy3,landmark_06_occupancy5,landmark_07_softmin,landmark_07_occupancy3,landmark_07_occupancy5,landmark_08_softmin,landmark_08_occupancy3,landmark_08_occupancy5,landmark_09_softmin,landmark_09_occupancy3,landmark_09_occupancy5,landmark_10_softmin,landmark_10_occupancy3,landmark_10_occupancy5,landmark_11_softmin,landmark_11_occupancy3,landmark_11_occupancy5,landmark_12_softmin,landmark_12_occupancy3,landmark_12_occupancy5,landmark_13_softmin,landmark_13_occupancy3,landmark_13_occupancy5,landmark_14_softmin,landmark_14_occupancy3,landmark_14_occupancy5,landmark_15_softmin,landmark_15_occupancy3,landmark_15_occupancy5,landmark_16_softmin,landmark_16_occupancy3,landmark_16_occupancy5,landmark_17_softmin,landmark_17_occupancy3,landmark_17_occupancy5,landmark_18_softmin,landmark_18_occupancy3,landmark_18_occupancy5,landmark_19_softmin,landmark_19_occupancy3,landmark_19_occupancy5,d_dt_mean_reward,d_dt_mean_standardized_residual,d_dt_global_centroid_x,d_dt_global_centroid_y,d_dt_global_centroid_z,d_dt_shape_xx,d_dt_shape_yy,d_dt_shape_zz,d_dt_shape_xy,d_dt_shape_xz,d_dt_shape_yz,d_dt_pair_kernel_1.5,d_dt_pair_kernel_2.5,d_dt_pair_kernel_3.5,d_dt_pair_kernel_5.0,d_dt_pair_kernel_7.0,d_dt_landmark_00_softmin,d_dt_landmark_00_occupancy3,d_dt_landmark_00_occupancy5,d_dt_landmark_01_softmin,d_dt_landmark_01_occupancy3,d_dt_landmark_01_occupancy5,d_dt_landmark_02_softmin,d_dt_landmark_02_occupancy3,d_dt_landmark_02_occupancy5,d_dt_landmark_03_softmin,d_dt_landmark_03_occupancy3,d_dt_landmark_03_occupancy5,d_dt_landmark_04_softmin,d_dt_landmark_04_occupancy3,d_dt_landmark_04_occupancy5,d_dt_landmark_05_softmin,d_dt_landmark_05_occupancy3,d_dt_landmark_05_occupancy5,d_dt_landmark_06_softmin,d_dt_landmark_06_occupancy3,d_dt_landmark_06_occupancy5,d_dt_landmark_07_softmin,d_dt_landmark_07_occupancy3,d_dt_landmark_07_occupancy5,d_dt_landmark_08_softmin,d_dt_landmark_08_occupancy3,d_dt_landmark_08_occupancy5,d_dt_landmark_09_softmin,d_dt_landmark_09_occupancy3,d_dt_landmark_09_occupancy5,d_dt_landmark_10_softmin,d_dt_landmark_10_occupancy3,d_dt_landmark_10_occupancy5,d_dt_landmark_11_softmin,d_dt_landmark_11_occupancy3,d_dt_landmark_11_occupancy5,d_dt_landmark_12_softmin,d_dt_landmark_12_occupancy3,d_dt_landmark_12_occupancy5,d_dt_landmark_13_softmin,d_dt_landmark_13_occupancy3,d_dt_landmark_13_occupancy5,d_dt_landmark_14_softmin,d_dt_landmark_14_occupancy3,d_dt_landmark_14_occupancy5,d_dt_landmark_15_softmin,d_dt_landmark_15_occupancy3,d_dt_landmark_15_occupancy5,d_dt_landmark_16_softmin,d_dt_landmark_16_occupancy3,d_dt_landmark_16_occupancy5,d_dt_landmark_17_softmin,d_dt_landmark_17_occupancy3,d_dt_landmark_17_occupancy5,d_dt_landmark_18_softmin,d_dt_landmark_18_occupancy3,d_dt_landmark_18_occupancy5,d_dt_landmark_19_softmin,d_dt_landmark_19_occupancy3,d_dt_landmark_19_occupancy5
gradient,0,0,0.00999999977648,True,50,0.342042199693,1.92123904696,0.901531223733,-2.1818161099,-0.967781974476,0.00484428713125,0.0049578183606,0.0029954026849,0.00109321247533,0.00028230725636,-0.00105143299186,0.199564590927,0.00763304922086,5.00747364171e-05,9.77181154503e-10,1.0790692139e-18,4.15988302577,0.508130126045,0.704796182928,13.5997411055,4.99228540477e-25,1.00082171129e-16,10.7113919818,1.34362444776e-13,8.64471112948e-08,13.5767889788,5.98157798476e-25,1.17163255216e-16,9.3675705408,1.63250330888e-09,7.30931261165e-05,12.5885193797,1.22384180655e-20,3.35420903258e-13,9.08239789456,9.65710568354e-09,0.000243643478453,9.06971916249,1.0548055247e-08,0.000257458386281,10.0879363957,1.34156149444e-11,2.47805410044e-06,9.76526607085,1.24408703925e-10,1.20753480783e-05,9.60169518617,3.71111625631e-10,2.59425384863e-05,11.5148594871,2.08025921836e-16,6.52836807925e-10,10.9778455219,1.77707162453e-14,1.87573141645e-08,7.6652265809,1.91292994531e-05,0.0287094680253,10.4407716715,1.04136300772e-12,3.89607363048e-07,10.6032615802,3.04711644778e-13,1.58199033998e-07,8.81878729792,4.65850220985e-08,0.00069039471126,6.00653592574,0.010937584221,0.60012997033,9.15633366169,6.12519847863e-09,0.00017965553667,8.67698030118,1.04572774108e-07,0.00117174054879,62.7823140006,51.83577663,-1.15044010058,0.401091530919,0.865520611405,-0.271849501375,0.00611286320333,0.177377591642,-0.0434801323845,0.0906158836643,0.141461056304,-0.336217019278,-0.020992883074,-0.000183854629703,-4.66921981729e-09,-6.23192948965e-18,-0.0889158237065,0.0141715627343,-0.0148403424291,0.00312784546761,-1.20789369332e-24,-1.43791862985e-16,-0.159655041347,2.3314184797e-13,8.3939446635e-08,-1.21842961346,4.79333125385e-24,9.23517819249e-16,0.504614597267,-1.81706130743e-09,-0.000105149505259,-0.862821805879,2.00916578451e-19,3.64690114904e-12,1.1173611268,-4.91956819871e-08,-0.000994639177254,-0.725727930853,2.18812878158e-08,0.000584867709271,1.31686324977,-1.56613835157e-10,-1.90233656116e-05,0.271193597721,-3.05009283213e-10,-1.80782857286e-05,-0.970149092278,8.19421929365e-10,7.72061168803e-05,-0.343365208057,7.31398925957e-16,1.78143878674e-09,0.38732717437,-1.6000806226e-13,-9.0686781788e-08,-1.43471340379,0.000128761937401,0.111303511548,-0.288493303453,2.13277531711e-12,5.32262832998e-07,-0.153466690242,1.35183882539e-12,3.41111243926e-07,-0.605976089626,1.24829975795e-07,0.00147256512131,1.65892404562,-0.0556012458578,-0.871147963046,0.392164193963,-1.18248637197e-09,-0.00016163971343,0.13541547288,-1.48526469462e-08,-0.000427509758749
gradient,0,0.01,0.019999999553,True,50,0.969865339698,2.43959681326,0.890026822727,-2.17780519459,-0.959126768362,0.0021257921175,0.00501894699263,0.00476917860132,0.00065841115149,0.001188466093,0.000363177571179,0.196202420734,0.00742312039012,4.82361901201e-05,9.3048895633e-10,1.01674991901e-18,4.15899386753,0.508271841672,0.704647779504,13.599772384,4.87149603543e-25,9.86442524991e-17,10.7097954314,1.36693863256e-13,8.72865057612e-08,13.5646046826,6.46091111014e-25,1.26398433408e-16,9.37261668677,1.61433269581e-09,7.20416310639e-05,12.5798911616,1.424758385e-20,3.71889914748e-13,9.09357150583,9.16514886367e-09,0.00023369708668,9.06246188318,1.07668681252e-08,0.000263307063374,10.1011050282,1.18494765928e-11,2.28782044432e-06,9.76797800682,1.21358611093e-10,1.1894565221e-05,9.59199369525,3.79305844924e-10,2.67145996551e-05,11.511425835,2.15339911096e-16,6.70651195792e-10,10.9817187936,1.61706356227e-14,1.78504463467e-08,7.65087944686,2.04169188272e-05,0.0298225031407,10.4378867385,1.06269076089e-12,3.94929991378e-07,10.6017269133,3.18230033032e-13,1.61610146437e-07,8.81272753703,4.78333218565e-08,0.000705120362473,6.0231251662,0.0103815717624,0.5914184907,9.16025530363,6.11337361491e-09,0.000178039139536,8.67833445591,1.04424247639e-07,0.0011674654512,69.7553600548,42.525237271,0.724513610825,1.41338262334,1.49809475802,-0.0971313127381,0.115470310132,0.243306211655,0.0636527787772,0.106624720385,0.0529530674566,0.661759397892,0.0508314134488,0.000542645203415,1.86934841214e-08,3.83673103142e-17,-2.22538631484,1.20650271333,-1.20433446254,-0.437947328621,4.78575734829e-24,6.84771727817e-16,1.71541403886,-1.2616835692e-12,-6.74858467616e-07,-1.05334504123,6.63089088633e-24,1.07806347428e-15,1.32561863031,-7.26987081107e-09,-0.00031611520295,-1.54165697554,3.50119387468e-19,6.40547390543e-12,1.39523916449,-6.84954192955e-08,-0.00125550717402,0.746044355905,-5.18794916693e-08,-0.000801889180617,-0.165596092801,2.218383722e-11,2.49754461469e-06,-0.0928195472141,2.3174433839e-10,1.16212206504e-05,0.489286628513,-1.57851186139e-09,-6.74288117465e-05,-2.33994733814,7.03627224995e-15,1.43393948931e-08,-1.45346343715,2.39662595892e-13,1.85328072345e-07,-1.14729846362,0.000109729366333,0.0901300085483,0.730644181086,-2.93287063194e-12,-1.08711138164e-06,-1.88154044069,6.9532710415e-12,2.25021364289e-06,-0.748527761753,2.24220270935e-07,0.00209469124119,0.13938154566,-0.00557874553511,-0.0280394216775,1.93254054081,-5.24099069474e-08,-0.0011999881625,0.255530265794,5.15595291393e-08,-0.000547217285023
gradient,0,0.02,0.0299999993294,True,50,1.73714940079,2.77174379238,0.916021495949,-2.15354845744,-0.937820079316,0.00290166087649,0.00726722456324,0.007861526918,0.00236626805088,0.00241480166407,7.62835727271e-06,0.212799778885,0.00864967748984,6.09276404854e-05,1.35105083693e-09,1.84641542019e-18,4.11537529947,0.532260180311,0.680709493677,13.5909821589,5.94943687442e-25,1.13777605685e-16,10.7457002626,1.09128773392e-13,7.29499419425e-08,13.5557220779,7.30775616202e-25,1.38724524701e-16,9.39408291341,1.48710589266e-09,6.67708220574e-05,12.5576862401,1.92408058149e-20,4.63530381367e-13,9.11030267785,8.28719729763e-09,0.000218533334973,9.08464004961,9.51046541366e-09,0.000241420602669,10.0846244739,1.38592916888e-11,2.52800499273e-06,9.7634096799,1.29043590693e-10,1.23077724913e-05,9.61148091874,3.39541388403e-10,2.45939622514e-05,11.4680605403,3.48751366835e-16,9.39624705787e-10,10.9487762531,2.25639681632e-14,2.24638756114e-08,7.64228061162,2.13238867798e-05,0.0305120681962,10.4553845551,9.82705595082e-13,3.67865135415e-07,10.5656307714,4.43777065608e-13,2.03203306856e-07,8.80381674269,5.10694275172e-08,0.000732288536083,6.00932355665,0.0108260093103,0.599569181897,9.19498447251,5.07700033968e-09,0.00015565577342,8.6820909065,1.05603964691e-07,0.00116079620309,1.33383005673,14.2820110682,0.580593944061,1.85078196973,1.81816498563,-0.019536206993,0.144427736568,0.119251804411,0.0771397512838,-0.0164259340812,0.00997037250842,0.713404573898,0.0502663541093,0.000495205072011,1.51041469466e-08,2.6095498299e-17,-2.396776878,1.37256595911,-1.36911214055,-0.66181877309,6.27731196624e-24,9.23455811551e-16,2.01543568515,-1.50932926139e-12,-7.9567939791e-07,-1.61301105838,1.55325004353e-23,2.27141904393e-15,1.77246351179,-1.39511973939e-08,-0.000479843846456,-1.64716965626,3.10464987963e-19,5.99217253819e-12,1.93308180788,-9.19198447028e-08,-0.00166579111468,0.569849517485,-3.88014259704e-08,-0.000619514833581,-0.145496728572,3.68053404922e-11,3.59497193478e-06,0.141109260569,-4.41389988922e-12,-3.30204941759e-06,0.236153955127,-3.7065933206e-10,-2.26411416518e-05,-2.70244272892,7.48301741826e-15,1.58466889322e-08,-1.81133070155,3.3559301148e-13,2.48330141849e-07,-1.68228875658,0.000179293103501,0.13841051593,0.883729779836,-3.7174779527e-12,-1.31580811621e-06,-1.91471040003,5.68095550524e-12,2.00611324088e-06,-1.16989200428,3.8996293147e-07,0.00344049730166,0.314137077109,-0.00967159176742,-0.195100238284,2.50879146863,-7.46990299241e-08,-0.00160656491393,0.273673438349,-4.50269347934e-08,-0.000837569023088
gradient,0,0.03,0.0399999991059,True,50,0.996541940833,2.72523703463,0.901638701608,-2.1407895552,-0.922763468649,0.00173506797764,0.007907501724,0.00715421468953,0.00220120617717,0.000859947411379,0.000562585021347,0.210470512212,0.00842844747231,5.81402915603e-05,1.23257189526e-09,1.53865988499e-18,4.11105832997,0.535723160854,0.677265536693,13.5865360085,6.12695842868e-25,1.1711336873e-16,10.7501041451,1.06507278028e-13,7.1372917803e-08,13.5323444615,9.56741119721e-25,1.71826814287e-16,9.40806595701,1.33530874793e-09,6.24447541347e-05,12.5469477685,2.04568836093e-20,4.91733365512e-13,9.13223314198,7.32675196961e-09,0.000200381264387,9.07385887353,9.9908396058e-09,0.000250916766702,10.0981950937,1.25855834027e-11,2.35971988302e-06,9.77080019203,1.21270333095e-10,1.18285242327e-05,9.59671677435,3.71892658283e-10,2.62617768221e-05,11.4573769804,3.65000259461e-16,9.87584974435e-10,10.9454921796,2.28824958523e-14,2.28170491836e-08,7.61723367173,2.40027808972e-05,0.0325907134593,10.455561334,9.88341201838e-13,3.68613829053e-07,10.5634327053,4.31849143136e-13,2.01732411255e-07,8.78932969694,5.56325804859e-08,0.000773930308506,6.02940790774,0.0101881399271,0.587516485934,9.210431133,4.61939301643e-09,0.000145907841257,8.68380792468,1.03523708943e-07,0.00115071407074,-11.6343878188,31.2906255872,-0.0462717469782,1.49911543727,-0.0597650427372,-0.0494367790117,0.157578371964,0.230043660885,-0.0487176306039,-0.113327268126,0.117578121501,0.880828649188,0.0663986811189,0.000693638530786,2.28174551705e-08,4.2320393211e-17,-0.594911518161,0.320760732048,-0.320552297748,-1.39041341836,1.21561614856e-23,1.78896596924e-15,1.05549858226,-5.36416659135e-13,-3.31412740674e-07,-1.28412172606,1.87229448653e-23,2.52065845574e-15,-0.237122207887,4.51107224521e-09,0.000115350379007,0.110390407515,9.61783488688e-20,1.34489636979e-12,0.936909599451,-2.27529600997e-08,-0.000617261638095,-0.425926697499,2.020374675e-08,0.000385255116828,-0.708295563189,9.22738110168e-11,1.10034359758e-05,1.13310565313,-8.14284385835e-10,-5.85827751848e-05,0.385909051832,-6.36648384004e-10,-3.75284281554e-05,-1.18753138842,4.48628603169e-15,8.92814798128e-09,-1.37396299588,2.6525754469e-13,1.99937910943e-07,-0.944877212967,0.0001293467675,0.079977240862,1.21031039274,-6.06420428821e-12,-1.92142038721e-06,-0.0139896006499,6.38547461521e-13,1.46151661381e-07,-1.47218106403,5.25020757024e-07,0.00452086632983,0.0822513581905,-0.00199070197055,-0.0869295633521,0.638244930023,-8.9245175481e-09,-0.000289141730354,-1.05890145822,7.70404669557e-07,0.00497167402915
gradient,0,0.04,0.0499999970198,True,50,1.50446164441,3.39755630413,0.91509606101,-2.12356614869,-0.93901538017,0.00191292529625,0.0104187920025,0.0124624001357,0.0013919154388,0.000148256301552,0.00235919078729,0.230416351869,0.00997765111221,7.48004111011e-05,1.80739994034e-09,2.69282328441e-18,4.10347706911,0.538675394952,0.674298447722,13.5631738906,8.38066917154e-25,1.4955692507e-16,10.7668102342,9.84004402091e-14,6.63216871291e-08,13.5300396434,1.10523451351e-24,1.89137693816e-16,9.38934046925,1.57732733756e-09,6.90778296376e-05,12.5598940483,2.11643727922e-20,4.90428308762e-13,9.12904086984,7.83213809563e-09,0.000206188102211,9.07612151566,9.91454034867e-09,0.000249125705006,10.0704585626,1.57047679092e-11,2.74807371224e-06,9.78607179296,1.12757902976e-10,1.11361169876e-05,9.61919909977,3.26808420723e-10,2.38433936883e-05,11.4443099126,4.38477087469e-16,1.11818766541e-09,10.9212969932,2.7869119057e-14,2.64626338303e-08,7.62338306737,2.39108221298e-05,0.0321116130135,10.479590763,8.61421509318e-13,3.29436727671e-07,10.5653509794,4.56548014838e-13,2.06126340083e-07,8.77437312141,6.15698426577e-08,0.00082270586268,6.01096858382,0.0107861952709,0.59783059063,9.20774937111,4.89850998872e-09,0.000149872938813,8.66091287734,1.21012058082e-07,0.00126022968367,108.291584488,47.8247238394,-0.492405273486,1.92903624475,0.0307599063963,0.0168353314807,0.267335135069,0.422258086711,0.130885191303,0.0870904880529,0.183526645981,1.67670498743,0.136488412239,0.00154222658462,5.78335935656e-08,1.31988345635e-16,-0.876766196261,0.303695770674,-0.306722043633,-1.83099401183,2.06032272018e-23,2.85027853016e-15,0.888507738719,8.70560995745e-14,-1.00278837213e-07,-1.84109734423,3.10725733772e-23,4.03240120647e-15,-0.426164462397,1.00989013977e-08,0.000230758403604,-0.0550725852402,2.89604366683e-19,4.06840528684e-12,1.52358155287,-4.50582282861e-08,-0.00101731174104,-0.993713821333,6.87194853248e-08,0.00109024424153,-0.560993223433,8.25408575053e-11,9.38886104999e-06,1.51487058426,-9.26534705823e-10,-7.11615204223e-05,0.0608023515497,3.34395034911e-10,4.95824911255e-06,-1.66978933649,1.09647426927e-14,1.86074908984e-08,-1.71063310049,4.61708094123e-13,3.09148570754e-07,-1.4268220294,0.000200445954078,0.127070623974,1.30286367363,-4.81648774446e-12,-1.75687238249e-06,-0.121669193805,3.71861091896e-12,8.38366805817e-07,-2.0178857005,8.02449664148e-07,0.00661827210299,0.624956539464,-0.0186186059534,-0.395479673021,0.577222757985,5.93317138173e-09,-9.43485065908e-05,-1.45533269025,1.1992951343e-06,0.00719609052404
gradient,0,0.05,0.0599999986589,True,50,3.16237363059,3.68173151142,0.891790596139,-2.10220883031,-0.922148270521,0.00207177460726,0.0132542044254,0.0155993764238,0.00481891000322,0.00260175717244,0.00423311794097,0.244004611961,0.0111582157171,8.89848232526e-05,2.38924376657e-09,4.1784267977e-18,4.09352300604,0.541797076268,0.67113109582,13.5499161283,1.0247603869e-24,1.74118939333e-16,10.7678742999,1.08248400019e-13,6.93673410587e-08,13.4955225146,1.57819258726e-24,2.52474838416e-16,9.39954266776,1.53728677589e-09,6.70599222068e-05,12.5458463168,2.62489709429e-20,5.73101471249e-13,9.16270477304,6.42558740389e-09,0.000180035029566,9.05398459711,1.13652293123e-08,0.000272721651533,10.0869752292,1.42364005528e-11,2.54749710401e-06,9.80109760372,1.02739638978e-10,1.04052938242e-05,9.59793282138,3.78580558981e-10,2.63609418043e-05,11.4239811937,5.84295113315e-16,1.3597347924e-09,10.9112795176,3.21166577348e-14,2.90000205987e-08,7.58869723114,2.80116999787e-05,0.0351321259388,10.4816186075,8.92011446949e-13,3.33476381404e-07,10.5609993214,5.06221361516e-13,2.18499747371e-07,8.74897198293,7.16815737689e-08,0.000906295750566,6.04190703853,0.00981576780802,0.579606892474,9.22197558816,4.73805644406e-09,0.000144020871125,8.65470127087,1.27509611629e-07,0.00129463588122,144.483108574,39.2650900923,-1.28818423674,1.98038744181,0.732759635895,-0.0595264337742,0.436275293093,0.267760628798,0.054563765252,0.0757342792785,0.094419300689,1.35180942699,0.123049297143,0.00153881078567,6.68297877286e-08,1.84223918434e-16,-0.671413659264,0.268233935552,-0.270578352463,-1.75311345306,3.5279120308e-23,4.30500691869e-15,0.587475072618,3.66512578755e-13,3.49042512305e-08,-2.64223927273,5.14924565888e-23,6.45114228218e-15,0.307272917303,1.92902270732e-09,-1.12894426277e-05,-0.533151659795,2.80312257125e-19,4.34764701723e-12,2.13603276576,-6.52795525826e-08,-0.00143631758641,-1.49919425393,1.02259636663e-07,0.00163090318121,0.435647058398,-1.8271275581e-11,-3.85898612513e-06,1.336831575,-6.04802179452e-10,-5.25517709506e-05,-0.815470134219,1.7908216304e-09,9.16008150257e-05,-1.66245833212,1.08001983232e-14,1.84152477108e-08,-1.40984728611,5.33796777827e-13,3.2568588376e-07,-2.32715421057,0.000307131198635,0.206747254936,0.706692880524,6.9218754578e-13,-3.25248632313e-07,-0.068005683079,1.7258914057e-12,4.17218683779e-07,-2.42542398221,1.19197859144e-06,0.00888199576809,1.71781932167,-0.0536459954526,-1.01142141457,1.02204469247,-8.82090047645e-09,-0.000395135892066,-1.16145876083,1.25022855185e-06,0.00651844490009
gradient,0,0.06,0.070000000298,True,50,4.3941238159,4.18285810597,0.889332376275,-2.08395839986,-0.924360187452,0.00072239662077,0.0191442978644,0.0178176127117,0.00248319074384,0.00166294188712,0.00424757680107,0.257452540409,0.0124386370551,0.000105576626814,3.14399569491e-09,6.37730165309e-18,4.09004879592,0.544040073663,0.668886880673,13.5281116215,1.54364932331e-24,2.35657063444e-16,10.7785597357,1.05730691784e-13,6.70197721537e-08,13.477194858,2.13508364528e-24,3.1816053946e-16,9.3954859276,1.61590779171e-09,6.8852040785e-05,12.5492310151,2.67706179347e-20,5.77381249107e-13,9.17176152515,6.52654704398e-09,0.000177461750482,9.04613763058,1.19597330819e-08,0.00028174376863,10.0791715038,1.53393423975e-11,2.67089398974e-06,9.81280842446,1.00661859387e-10,1.00850815686e-05,9.60288969709,3.62624853331e-10,2.56754099888e-05,11.4110607459,6.54481053933e-16,1.48649261963e-09,10.8931000475,3.85450546135e-14,3.29763515055e-08,7.57683998315,3.00534461025e-05,0.0362465581122,10.4937246206,8.75265260233e-13,3.22931755024e-07,10.5639908657,4.91065842952e-13,2.14470713759e-07,8.72586464176,8.54094144865e-08,0.00100034577804,6.04532497025,0.00971327536185,0.577602162338,9.22819026496,4.72209197919e-09,0.000141970220971,8.63768370212,1.46016629119e-07,0.00139059858167,36.8055207172,44.4521624903,-0.82495384384,1.80499114282,-1.00130361877,-0.0556770292272,1.00894187954,0.675438254553,-0.128170390629,-0.0124121165406,0.268837198172,3.06250510099,0.322759808972,0.00469288583272,2.61821627882e-07,1.05668118694e-15,0.102062103833,-0.312765608094,0.305128792727,-2.8622995775,1.06981547011e-22,1.12070728702e-14,0.127524532319,1.50313870849e-12,4.32328108383e-07,-2.19596821426,1.1276491262e-22,1.17102919124e-14,-1.67720656268,3.20518612428e-08,0.000730818243705,0.78700844244,1.97195849196e-19,1.990010043e-12,0.434220259929,5.39170407292e-08,0.000330180206086,-1.58919940849,1.40207895386e-07,0.00199505655161,-0.997308602549,1.92909756333e-10,1.94683257898e-05,1.62027794852,-2.49371767747e-10,-4.15570706368e-05,0.231762195226,-3.28337797455e-10,-2.031218307e-05,-1.19539635309,1.6715088097e-14,2.38974691286e-08,-1.94797535667,9.91672634299e-13,5.53149257358e-07,-1.34897428706,0.00029165464631,0.130703537442,1.06428995052,4.11150700626e-12,4.29954722599e-08,0.899808698583,9.625601126e-15,-3.31660249414e-07,-2.87222705252,2.04117751395e-06,0.0127776952043,0.540087734935,-0.0149567411898,-0.375847664972,-0.685785365627,6.45530169558e-08,0.000882130037181,-2.63545872614,3.38919704205e-06,0.0160690717495
gradient,0,0.07,0.0799999982119,True,50,3.89848404493,4.57077476122,0.875291519262,-2.06610900745,-0.942174342897,0.000958234022714,0.0334330420161,0.0291081415148,0.00225550219064,0.00235351484162,0.0096098619044,0.305254713981,0.0176134118965,0.000182842539907,7.6256763242e-09,2.53120505365e-17,4.09556424812,0.535541764106,0.677233671675,13.4926701367,3.16439132713e-24,3.98260396737e-16,10.7704247905,1.38311174189e-13,7.80139032264e-08,13.4516031503,3.83349083967e-24,4.86680676664e-16,9.36599853651,2.17832400074e-09,8.16762870809e-05,12.5615864856,3.01928879269e-20,6.12901672109e-13,9.17138917824,7.50392821847e-09,0.000186638633688,9.02220060894,1.416938722e-08,0.000312622782565,10.0670290571,1.80945956795e-11,2.93686361981e-06,9.83350316269,9.77522036235e-11,9.57415241151e-06,9.60256806528,3.72013803032e-10,2.59546981429e-05,11.4000732667,9.18596875256e-16,1.83768417498e-09,10.8723200104,5.19501104208e-14,4.00630057459e-08,7.5617177454,3.38447929049e-05,0.0377461966876,10.5029044065,9.74241587074e-13,3.34336290849e-07,10.5789954954,5.06413873538e-13,2.11866542383e-07,8.69152744188,1.12505124048e-07,0.00116184965465,6.05270879323,0.00951663298422,0.572089939174,9.20825988085,6.02911678318e-09,0.000161663471869,8.60199209635,1.9529355247e-07,0.00161601731621,110.74232956,20.861187851,-1.57797826082,2.13364941999,-1.11292622611,0.0088614966901,1.06697222041,0.752985679685,0.147482451693,0.092519422333,0.276949448358,3.27469554154,0.373226685311,0.00587599731881,3.72507357806e-07,1.8045266858e-15,0.28936132306,-0.560764879926,0.54954178507,-3.27431261067,1.57960329942e-22,1.54654714014e-14,-0.345266649377,2.45176424177e-12,7.81602242846e-07,-2.7212049415,1.64775183758e-22,1.61092756013e-14,-1.97800942978,4.01939978383e-08,0.000889370148474,0.950554730614,1.94569147402e-19,1.76840596753e-12,1.11120069284,1.01869372007e-08,-0.00027558093744,-2.3877740524,2.19534507302e-07,0.00310952267013,-0.78434258904,2.04631289388e-10,1.90125063489e-05,2.21008008474,-5.36323454079e-10,-6.33773975555e-05,-0.382415746166,1.85162347227e-09,7.03950641519e-05,-1.2958032253,2.52014643406e-14,3.33406937931e-08,-2.08227598593,1.34444302621e-12,7.01508997218e-07,-1.7879667944,0.000366712949826,0.17600656917,0.986030754755,8.98298072232e-12,8.57949344424e-07,1.27481561087,3.18054649719e-13,-4.24676095083e-07,-3.38343693203,2.64512694662e-06,0.0159684865526,1.24728269277,-0.0347985614583,-0.796595160754,-0.87940121039,7.12701035099e-08,0.0010232688531,-3.08455360276,4.33832271995e-06,0.0198310225061
gradient,0,0.08,0.0899999961257,True,50,6.60897040711,4.60008186299,0.857772811059,-2.04128541146,-0.946618711975,0.000899626554572,0.0404837422727,0.0328773263054,0.00543283977769,0.00351333033378,0.00978656576824,0.32294645124,0.0199031707613,0.000223096573191,1.0594142851e-08,4.24678353691e-17,4.09583602238,0.532824776065,0.679877716374,13.4626253693,4.70285592216e-24,5.44966491472e-16,10.7716544027,1.5476597662e-13,8.26518170106e-08,13.4227707591,5.43058732045e-24,6.40346051486e-16,9.355925739,2.41978774848e-09,8.66394437545e-05,12.5682421097,3.06620008828e-20,6.12749368458e-13,9.19398553901,6.73028578799e-09,0.000171950131734,8.99838214953,1.6350423228e-08,0.000343934222032,10.063484652,1.94319681853e-11,3.05114411672e-06,9.85701002616,8.99353903053e-11,8.81753361752e-06,9.59524138217,3.99657322776e-10,2.70833112718e-05,11.3851446814,1.15851034075e-15,2.15330649549e-09,10.8514545278,6.54339151378e-14,4.70065314499e-08,7.54108064727,3.7387705099e-05,0.0397666894956,10.5134452357,1.05492487468e-12,3.40090741913e-07,10.5894871779,4.97426935946e-13,2.05977191857e-07,8.65819590312,1.38311953419e-07,0.00131971550909,6.07027062411,0.00901730413268,0.561670259123,9.21060224075,6.14749404939e-09,0.000162435598033,8.57599263006,2.32783083518e-07,0.0017872190318,131.359283704,-0.10883436803,-1.99581640679,1.91422665678,-0.493326667696,0.00338741523279,1.32132726245,1.06861168252,0.121452865215,-0.0246919188187,0.446991158499,3.65556548246,0.54433805064,0.0110667700775,1.03968120916e-06,8.63405850168e-15,0.16241463986,-0.558791799999,0.539679956076,-2.8776001905,2.36792830974e-22,2.04028184609e-14,-0.843863251552,4.92182354661e-12,1.41345949607e-06,-3.23161291046,3.58765061725e-22,3.0126522603e-14,-1.65487103108,5.10627855661e-08,0.000961458784773,0.10211314401,7.56102924161e-19,9.00682817728e-12,1.06544057069,3.51986720154e-08,-6.02666311509e-05,-2.47965421319,2.65593242875e-07,0.00354131619218,-0.168145000553,1.85666133101e-10,1.37492987671e-05,1.72105789795,1.76930525069e-10,-2.65521301933e-05,-1.11247426083,4.38675286593e-09,0.000176613515416,-1.48583923565,3.73151590045e-14,4.51533654838e-08,-1.6625708627,1.29795885225e-12,6.4885008112e-07,-2.65872383928,0.000646010627939,0.272718139801,0.18894534793,2.58289559664e-11,3.64021571005e-06,0.909528111964,3.11879715938e-12,2.63064030638e-07,-3.27951778706,3.1338769569e-06,0.0174248518285,1.78806178807,-0.0475109924037,-1.17560750483,-0.904132221156,9.77951945408e-08,0.00125163068548,-2.67458212496,5.12636762458e-06,0.020035842147
gradient,0,0.09,0.0999999940395,True,50,6.52566971902,4.56859807386,0.835375191126,-2.02782447431,-0.952040876251,0.00102598232737,0.0598595872652,0.0504803751652,0.00468455949494,0.00185967646525,0.0185496850744,0.37836602363,0.0285001729093,0.000404177941457,2.84193005074e-08,1.9799322057e-16,4.09881254092,0.524365928106,0.688027270796,13.4351181329,7.90024794661e-24,8.06316765954e-16,10.7535475255,2.36747645121e-13,1.06283093148e-07,13.3869708921,1.10087920742e-23,1.08921112872e-15,9.33290111589,3.19957971206e-09,0.000100905462776,12.5636287485,4.53149464101e-20,7.93038235655e-13,9.19269798965,8.20790165878e-09,0.000185433301065,8.97260752467,1.94812520775e-08,0.000383449106409,10.0636661571,2.18079183415e-11,3.21184959515e-06,9.86792432065,1.01290814125e-10,9.04310980764e-06,9.58031858007,4.59748860351e-10,2.94869684513e-05,11.3703564819,1.66490005535e-15,2.74075148465e-09,10.8390685932,7.79092874658e-14,5.30400073683e-08,7.50854326861,4.67650054637e-05,0.0432005594837,10.5066833135,1.4908207064e-12,4.0714060505e-07,10.5971860576,5.68789816726e-13,2.17127822996e-07,8.62593708614,1.75182663186e-07,0.00151034669122,6.08847002899,0.00856641313615,0.548577789077,9.19017723643,7.98502067399e-09,0.000186696085578,8.54850045385,2.97820904961e-07,0.00201673415915,43.0875657899,29.7483460468,-0.995543383062,1.99452859908,-0.252810942009,0.014050294055,1.16246213369,0.985334598972,0.0546506317585,-0.0169736478232,0.583401325619,3.1582517584,0.510445875102,0.0112034922893,1.18478793606e-06,1.16761763983e-14,-0.648197183423,-0.0703851703773,0.0538299697885,-2.48048033326,2.32445724369e-22,1.95096033257e-14,-0.0696690214229,4.18561237474e-12,1.0348366266e-06,-2.76045755866,4.25339658205e-22,3.35852590286e-14,-1.18848910192,4.21135744545e-08,0.000758844705295,-0.108946652599,7.78904497995e-19,9.41220093748e-12,0.797561293591,4.34278751905e-08,0.000133082845116,-1.52580099991,1.84024483677e-07,0.00234002004245,-0.606766392808,2.2783061993e-10,1.88127160984e-05,1.43782093895,1.88006316858e-10,-1.89287079104e-05,-0.254359905366,1.6857974357e-09,5.79488323528e-05,-2.02234531065,5.15039665292e-14,5.92221772998e-08,-1.94413939971,1.48548703371e-12,7.37238343831e-07,-2.23814890348,0.00061345409557,0.237508628052,0.660221292332,1.90849866615e-11,2.24716735177e-06,0.157814964624,6.08061653187e-12,1.11692078193e-06,-2.78647836635,3.01435382091e-06,0.0160831063365,0.948108507895,-0.0235546300276,-0.67684653012,-0.40991758704,7.92542591337e-08,0.000893563820569,-2.14020725716,4.47063515457e-06,0.0169164924548
gradient,0,0.1,0.109999999404,True,50,7.47072172291,5.19504878393,0.837861943398,-2.00139483947,-0.951674930815,0.00118063243567,0.0637329849464,0.0525840182848,0.00652585241286,0.00317385737732,0.0214545922806,0.386111486408,0.0301120882633,0.000447166418977,3.42899015722e-08,2.75991363334e-16,4.08287207871,0.531417072657,0.68095431577,13.4130157626,9.35177040954e-24,9.35158557987e-16,10.7702610223,2.38478224114e-13,1.03348549543e-07,13.367561608,1.39373804845e-23,1.31205123206e-15,9.33215595696,3.26205923757e-09,0.00010181633786,12.5660631767,4.62400908427e-20,8.00993387207e-13,9.20993676488,7.5988432918e-09,0.000174611788636,8.96786612953,2.00309129015e-08,0.000390734622881,10.0513493241,2.39885805839e-11,3.42739843869e-06,9.88576644494,9.36955166425e-11,8.43895945931e-06,9.59015418406,4.3337327149e-10,2.82422879189e-05,11.3446977752,2.18858967133e-15,3.33775004149e-09,10.8125717398,9.5143655812e-14,6.17512983265e-08,7.4963176692,4.96567870104e-05,0.0445168620566,10.5266496615,1.43662460791e-12,3.85034088948e-07,10.5926434772,6.19039266584e-13,2.28315607496e-07,8.60246633579,1.98599029837e-07,0.00164137763582,6.08923279426,0.00854621153213,0.548133328521,9.20240388901,7.73257923206e-09,0.000180306874445,8.53318848492,3.22195786609e-07,0.00212554888089,44.8386230039,63.4883937128,-0.132650583982,2.53020339459,-0.416434127837,0.108289334002,1.09562356278,0.415159898744,0.451702023608,-0.058429656785,0.117453789688,2.14892931809,0.421362578706,0.0113087137506,1.66101241727e-06,2.61208723372e-14,-1.03737729897,0.321429341721,-0.334068331396,-2.99956726223,5.08696511676e-22,3.6839320155e-14,0.609973718254,5.40515719537e-12,1.03155205713e-06,-2.17154030428,4.94172887475e-22,3.4581703565e-14,-0.69071433948,2.56873107721e-08,0.000434217788217,0.538979654695,8.16526317364e-20,4.26055593887e-13,1.32020994639,-2.26037776953e-08,-0.000602685650013,-0.872384422332,1.14670955652e-07,0.0013997916023,-1.69816969973,5.34912405653e-10,4.3870083029e-05,1.74181507387,-5.14840973785e-10,-4.61685168823e-05,0.467732007878,9.78759728231e-10,-3.80860796612e-06,-2.38310331863,6.20209639939e-14,6.69609155938e-08,-3.07818248724,3.28183893068e-12,1.43224950765e-06,-1.28458686468,0.000361578551416,0.140682871136,1.18543004376,1.62258453352e-11,1.4220597832e-06,0.142302209715,2.79100826865e-12,4.61154562796e-07,-2.90839150396,3.97617660433e-06,0.0188105333955,0.140759519716,-0.00196808286172,-0.178707646216,0.483767992533,2.91988192797e-08,7.32464888889e-05,-2.32346215184,5.713437441e-06,0.0196854584013
gradient,0,0.11,0.119999997318,True,50,7.4224421791,5.83836594812,0.832722179446,-1.97722040642,-0.960369558808,0.00319176900742,0.0817720585207,0.0587835731401,0.0137185999671,0.000691083329552,0.0208987608681,0.421344609992,0.0369274244834,0.00063035221647,6.16395488528e-08,7.20410667314e-16,4.07806499494,0.53079451494,0.681345904168,13.3751267877,1.80741781801e-23,1.54310316905e-15,10.7657469998,3.44850789029e-13,1.2691413429e-07,13.343540086,2.08922498237e-23,1.78084520002e-15,9.3190868291,3.71332592751e-09,0.000109589818541,12.5744083416,4.69479990448e-20,8.01559347532e-13,9.21910218858,7.75582610487e-09,0.000173379588065,8.95515983623,2.17746711906e-08,0.000411444938455,10.0297027631,3.25061664545e-11,4.08925125573e-06,9.90276062213,9.09939946492e-11,8.11973947e-06,9.58967322022,4.79324054916e-10,2.94107962919e-05,11.3226944156,2.90531933522e-15,4.07996979653e-09,10.7775049434,1.43546066079e-13,8.16849975213e-08,7.48285153132,5.3996576492e-05,0.0460142169064,10.5303919144,1.81533761311e-12,4.35581800714e-07,10.6000321018,6.24609982099e-13,2.26350914252e-07,8.56776925606,2.54706195272e-07,0.00188655735913,6.09128521938,0.00852705147891,0.545003636153,9.19985259628,8.56899705959e-09,0.000188161015356,8.50203121082,4.12089653781e-07,0.00241044332718,-5.85888524511,57.8827421041,-0.790481060743,2.19524803013,1.55041981675,0.106269003926,1.26913842688,0.363449612024,0.25822343471,-0.221200077301,-0.105604153592,2.29660282865,0.458368363818,0.0127915419566,2.05060879785e-06,3.75381476305e-14,-1.39983116084,0.682478517904,-0.685690235995,-2.04645688879,5.80503652522e-22,3.94296349796e-14,0.444094673399,5.24013794757e-12,1.0199159798e-06,-3.12419017021,1.06236418314e-21,6.72872877605e-14,1.2576853411,-1.59610506759e-08,-0.000417643141037,-1.35952887653,1.00832213759e-18,1.2517535935e-11,2.06754184671,-4.84027118309e-08,-0.0010060525341,-0.820225052153,1.20298545956e-07,0.00139187780128,-0.0144945998704,2.55103173062e-10,1.58304181918e-05,0.461187084581,4.00883481037e-10,1.11725152814e-05,-1.05335852187,6.25728184356e-09,0.000213253133441,-2.66735234035,7.83429733259e-14,8.03558661377e-08,-2.30967164698,3.32860618921e-12,1.34635563563e-06,-2.86858723322,0.000837860692971,0.329282569701,-0.236771458104,3.39757379585e-11,4.63325535669e-06,-0.867468036268,6.11741002242e-12,1.44285277834e-06,-2.76492628335,4.86677879109e-06,0.0203626423766,1.39617109646,-0.0328507654987,-0.965762774121,1.7822030251,-4.08376373751e-08,-0.000915432530528,-0.928579631291,3.75854856774e-06,0.0102049987427
gradient,0,0.12,0.129999995232,True,50,7.353544018,6.35270362601,0.822052322183,-1.95748987887,-0.92066653448,0.00330601251419,0.089115753484,0.0598530105253,0.0116903211071,-0.00125014416871,0.0193425092088,0.432043542981,0.0392794555397,0.000702997258109,7.53020775292e-08,1.02675431594e-15,4.0548754555,0.545066643015,0.66724051105,13.3720866249,2.096184346e-23,1.72375125758e-15,10.7791429157,3.43280983066e-13,1.23746869139e-07,13.3050778046,3.51846641474e-23,2.65779698727e-15,9.35730966378,2.94283822405e-09,9.34634750397e-05,12.5388725991,6.64065335944e-20,1.05134410591e-12,9.25128760182,6.63078905519e-09,0.000154490737954,8.95146162849,2.24368838206e-08,0.000418572178907,10.0510594321,2.90906440451e-11,3.74400680253e-06,9.89499018663,1.01713186263e-10,8.66240976494e-06,9.56908701362,5.58518908361e-10,3.25073505877e-05,11.2913507284,3.75544913785e-15,4.94486736424e-09,10.7663783068,1.61715779596e-13,8.8678411039e-08,7.43894592453,6.64140008698e-05,0.0511025134506,10.5219142324,2.11613936708e-12,4.77699196082e-07,10.5752941165,7.41387467032e-13,2.57172663063e-07,8.54716781013,2.95934605659e-07,0.00204863048336,6.11715621619,0.00788919622215,0.528818073038,9.23804794951,6.91582648456e-09,0.000161998223834,8.51461689229,3.97366757964e-07,0.00232964885575,289.230317723,52.2346573774,0.421592310071,2.66412478313,2.94683809951,-0.0339518858393,0.577455006612,0.725632173936,-0.158679371875,-0.0329738175776,0.0768104373406,1.54500758429,0.3540683087,0.011000111189,2.02653648167e-06,4.36292679666e-14,-3.36527997101,1.75940998409,-1.74708610902,-1.18554090942,7.36354199846e-22,4.12310935231e-14,2.62429731247,-4.29620716188e-12,-1.29572392564e-06,-3.04114624644,1.33575291105e-21,7.90780890296e-14,2.38215680227,-2.91552732661e-08,-0.000770901954779,-3.05098801887,2.56648406126e-18,3.04304434256e-11,2.62968853351,-7.79844008577e-08,-0.00140832139107,0.494567699462,-3.57278506595e-08,-0.000632526399032,0.190346315734,1.39191993111e-10,5.81587536006e-06,-0.190576533498,7.74072466897e-10,3.19090890452e-05,-0.0640683589544,5.54847386934e-10,1.82116824931e-05,-4.08456591673,1.70518282161e-13,1.5499066248e-07,-2.37106121875,3.62858313281e-12,1.38864841987e-06,-3.26478192065,0.00103490527941,0.386150153286,0.785484277159,2.95093653437e-12,-1.12718987316e-07,-3.01382477437,2.20865316965e-11,5.17104171701e-06,-2.06071606171,4.01848233575e-06,0.016008103497,0.969177060783,-0.0233879698795,-0.647214948179,3.47045436536,-1.31616766112e-07,-0.00214482117037,0.113801907963,2.31960081562e-06,0.00248458193894
gradient,0,0.13,0.140000000596,True,50,13.2070485336,6.88305909567,0.841154025648,-1.92393791076,-0.901432796817,0.00251273129063,0.0933211586529,0.0732962166188,0.0105450125296,3.16069780007e-05,0.0224349696149,0.452244761678,0.0440087906575,0.000850354440251,1.02170278486e-07,1.59299602665e-15,4.01075939552,0.565982714622,0.646404181988,13.3514159695,3.2801262177e-23,2.36772503952e-15,10.8182329461,2.58926645791e-13,1.00999655778e-07,13.2827171611,4.76073080446e-23,3.36240698062e-15,9.36672996514,3.13022046218e-09,9.41717794452e-05,12.5133885812,9.82776802701e-20,1.41016821604e-12,9.27169595925,6.19613808772e-09,0.000145213160243,8.96505119022,2.10601141774e-08,0.000398794410474,10.0335096894,3.52900063168e-11,4.20556876294e-06,9.89894909146,1.06475443987e-10,8.7579212509e-06,9.58839185304,4.90421002654e-10,2.97750299418e-05,11.2410030972,6.31568497844e-15,7.17978304612e-09,10.7300837191,2.16117728735e-13,1.09457965919e-07,7.41755589291,7.46946820802e-05,0.0537372199721,10.5461015999,1.87435634379e-12,4.33327420967e-07,10.5397556063,1.06634061603e-12,3.29771748592e-07,8.52655493483,3.35075841988e-07,0.00220671942907,6.1106687606,0.00805929208132,0.53205933719,9.26926168359,5.93666173734e-09,0.000145264591949,8.50430724898,4.58481670094e-07,0.00246013496596,333.672349298,55.611093633,0.796783931553,2.78251523525,2.04803643189,-0.0862888313607,0.0395986418531,1.0136552092,-0.159146178276,0.22685539242,0.0753582929419,1.18882050612,0.266947756179,0.008021805871,1.3702721592e-06,2.54838253139e-14,-3.34438793374,1.60469212881,-1.59814955488,-1.47904398815,8.46051410394e-22,4.61870677613e-14,3.23506946909,-8.01147775193e-12,-2.13305515233e-06,-2.26040905719,1.15229850307e-21,6.50320273565e-14,1.20441247905,3.42684754068e-09,-0.000148933745278,-2.4913050341,3.77838366658e-18,3.96685305383e-11,2.52011280137,-7.69637364579e-08,-0.00133819455273,0.480730765054,-2.53414089501e-08,-0.000560509110577,-0.499087301001,2.21431632213e-10,1.53146913798e-05,0.419989486308,1.79347605253e-10,-5.30220977187e-07,0.82693657209,-3.59536828127e-09,-0.000132367544716,-3.8671364196,2.37187633945e-13,1.92429314225e-07,-2.44616152563,3.91251971949e-12,1.45311495736e-06,-2.3099024505,0.000814552238418,0.29167574224,1.87324718763,-2.71283699113e-11,-4.48028224303e-06,-2.87534109249,3.07105775469e-11,6.47928735417e-06,-1.83072922718,3.51350835821e-06,0.0141057084991,0.438029091046,-0.0106158394081,-0.254790174526,2.98237777679,-1.01365080575e-07,-0.00166862022769,-0.612642983016,4.03165107174e-06,0.00842076762778
gradient,0,0.14,0.149999991059,True,50,14.026991004,7.46492549867,0.837988000814,-1.90183957417,-0.879705805842,0.00158023588697,0.0899077263211,0.0801261147092,0.00850739754154,0.00328696367969,0.0208496750676,0.455819953103,0.0446184106633,0.000863433375529,1.02707520713e-07,1.53643082222e-15,3.98798769682,0.577160485592,0.635277519953,13.3425057451,3.78828716679e-23,2.64749261281e-15,10.8438443051,1.83051428027e-13,8.10857660921e-08,13.2598696234,5.82306342089e-23,3.9584375344e-15,9.38139791336,3.01137517486e-09,9.04848001341e-05,12.4890464984,1.41974206926e-19,1.84471471667e-12,9.30168985784,5.09151432603e-09,0.000127726846899,8.96107624379,2.19300556416e-08,0.000407361996695,10.0410776861,3.35192766894e-11,4.05030063012e-06,9.90338997636,1.05300138368e-10,8.6518053454e-06,9.58562574506,4.86611542736e-10,2.98599996934e-05,11.214008,8.49920181675e-15,8.79345364874e-09,10.7174550763,2.39966173986e-13,1.17740710186e-07,7.39274787552,8.27050456382e-05,0.0569360282954,10.5593791761,1.57357196885e-12,3.88093551221e-07,10.5177872946,1.35559901797e-12,3.86758410146e-07,8.51055322558,3.66204772823e-07,0.00233074465334,6.12591679801,0.00767687943399,0.523722269548,9.29769550505,4.88852487306e-09,0.00012862581928,8.50236403263,4.77999779399e-07,0.0024980642083,1.34218115285,67.9335485381,-1.7516245842,2.65048886836,2.55942982808,-0.0753316248547,0.376716120153,0.711763036172,-0.0472454213538,0.265080586892,0.336840505447,1.14309913512,0.300237859414,0.0105938801005,2.39725029982e-06,7.0183733388e-14,-1.89688772183,0.768552834213,-0.771957911938,-1.30750434228,7.52720473567e-22,4.05577318277e-14,1.38460634285,-2.80741427349e-12,-7.67290977714e-07,-4.03650938661,3.77458612479e-21,1.83341792793e-13,1.70387934064,-1.7665464411e-08,-0.000461315448728,-2.47452512911,4.71792610487e-18,4.58475234568e-11,3.53055963814,-9.28719844884e-08,-0.00166752356855,-1.59793076923,2.50120500396e-07,0.00284148006327,1.78967250396,-3.72412161938e-10,-3.32568912125e-05,1.055204417,-3.85870026195e-10,-2.90997203164e-05,-1.57630429457,4.89061430827e-09,0.000212097350828,-3.18871853227,3.52583237297e-13,2.43148623303e-07,-1.33868881877,3.28592422296e-12,1.09406518377e-06,-4.18393097268,0.00170010836477,0.567010938573,0.65763995155,-6.46546502561e-12,-1.16189454371e-06,-1.59421827074,2.40318224067e-11,4.61286013292e-06,-2.73631016459,6.23340078865e-06,0.0234189826239,3.02224587972,-0.0695969363123,-1.7411344092,2.48755633724,-6.81347722783e-08,-0.00120322986356,-0.319692213143,2.22148446269e-06,0.0046967820394
gradient,0,0.15,0.159999996424,True,50,13.2338921566,8.24173006643,0.806121533964,-1.87092813339,-0.850244200256,0.00100609879354,0.100855481056,0.0875314773422,0.00960010410254,0.00533321871584,0.0291717797239,0.47510674438,0.0500135478457,0.00106223204226,1.50115284483e-07,2.99667069441e-15,3.97282164108,0.581353771306,0.630965023749,13.3252658826,4.78556716484e-23,3.17887967607e-15,10.845925073,2.02778360321e-13,8.56538362233e-08,13.2019869733,1.2309903054e-22,7.02924283649e-15,9.40080755196,2.77691117397e-09,8.49454704706e-05,12.4638980786,1.92636202367e-19,2.32711868518e-12,9.34230715202,4.33869839795e-09,0.000111862688872,8.93309257483,2.60625241853e-08,0.00045562401174,10.0693031395,2.7841763078e-11,3.54043093869e-06,9.9200531798,9.87580434633e-11,8.17592684457e-06,9.55686576715,5.8823328882e-10,3.40169769584e-05,11.1772287266,1.33673497244e-14,1.20427555122e-08,10.7033099427,2.81836213195e-13,1.31339269594e-07,7.33387727345,0.000108696849376,0.0650774387436,10.5592543989,1.74504704328e-12,4.10089530093e-07,10.5078712409,1.54697706416e-12,4.2202895125e-07,8.47182873153,4.59743857761e-07,0.00267509908155,6.17111367819,0.00666735335508,0.497236649006,9.31901281033,4.57396629178e-09,0.000121199994677,8.49791340471,5.02911359348e-07,0.00255407060674,124.21602406,32.9396082765,-2.3060111627,3.17126778886,1.78955360688,-0.0518495815908,1.05863873042,0.585257207011,-0.0591814559344,-0.135728161753,0.199914676317,1.71162889987,0.487584645869,0.0184409038837,4.59941210876e-06,1.50617008651e-13,-0.813769696504,0.32618378901,-0.329630960093,-2.65016085599,2.48564591942e-21,1.17944944533e-13,0.826845636752,7.86723344558e-13,1.02810054618e-07,-4.89346967568,6.86153957625e-21,3.09621220713e-13,1.0999608448,-7.45067147406e-09,-0.000255084458201,-1.38951728578,3.48166585782e-18,3.14177191815e-11,3.38939789509,-5.7440942059e-08,-0.00124350735708,-2.34175550578,3.60347932536e-07,0.00415170947516,1.14370547973,-8.1172550419e-11,-1.22921823571e-05,1.7278275281,-4.22092842916e-10,-3.83929483146e-05,-1.80689260439,7.41524706694e-09,0.000287545583793,-2.87058001866,3.5719528549e-13,2.36632404193e-07,-2.0596714881,6.34292149023e-12,1.99058970285e-06,-4.58833084203,0.00220257839084,0.65291042468,0.535333857452,1.36564206941e-11,1.46478873707e-06,-0.240171274376,6.34465875985e-12,1.09685605927e-06,-4.00527790956,1.14577351271e-05,0.0387229902359,3.12240273434,-0.0669944145188,-1.88771363702,2.06645131588,-3.78855676099e-08,-0.000809665900445,-1.51123472772,6.8804374507e-06,0.0164450876689
gradient,0,0.16,0.170000001788,True,50,16.5113114852,8.1237176642,0.79186777756,-1.83841421839,-0.843914733704,0.000543244255157,0.111080500929,0.0918312588494,0.00732376842285,0.000572400444635,0.024847968594,0.490052531101,0.0543701035806,0.0012322514532,1.94695762888e-07,4.54877099524e-15,3.97171230289,0.583684161372,0.628684900751,13.289502528,8.75957900562e-23,5.00639150346e-15,10.8603812178,1.98785894918e-13,8.31419671844e-08,13.1620002299,1.95461425734e-22,1.01508619487e-14,9.40339713026,2.86236174538e-09,8.53831109701e-05,12.4612561527,2.11607524082e-19,2.4730691003e-12,9.36947781575,3.94269548485e-09,0.000102856699758,8.91424113368,2.91370142923e-08,0.000490396186199,10.0639517957,3.1895825681e-11,3.80445698298e-06,9.93794652692,9.685828151e-11,7.8839463791e-06,9.54948789298,6.34916484075e-10,3.56109113693e-05,11.1565963996,1.56431075266e-14,1.35261017326e-08,10.6762616466,3.6682460379e-13,1.57552504243e-07,7.30098125868,0.000126756613455,0.069994236789,10.5700858533,1.84670038274e-12,4.17389325963e-07,10.5129838691,1.48249219317e-12,4.08695531331e-07,8.43044766739,5.95359475365e-07,0.00310520445806,6.1883648527,0.00633699114362,0.485967996807,9.33902453136,4.13081352086e-09,0.000112432501272,8.47213933808,6.15608528413e-07,0.00282696596168,278.269882329,15.2866214516,-1.56169697642,3.67748332396,2.42401682585,-0.00583392966032,0.895341054175,0.839195540032,-0.197487020628,-0.338514608901,0.151536064672,1.81381775654,0.540804323429,0.0216958654022,6.06910496496e-06,2.42442769047e-13,-1.66992874591,0.896978934077,-0.900908166462,-2.6355202608,3.27552429005e-21,1.45459498804e-13,1.97106361576,-8.22385715396e-13,-4.19985088885e-07,-5.10220339079,1.55132862693e-20,5.88725004754e-13,1.6490282256,-1.13091878278e-08,-0.000368076762158,-2.16877517178,7.07359741383e-18,6.05045448423e-11,3.75722183914,-6.23044642621e-08,-0.00127198917623,-1.58103204286,2.83098525349e-07,0.00306278232014,0.656278166125,8.36053311598e-11,1.1670893295e-06,1.53744494124,-2.94416269391e-10,-3.01146975126e-05,-1.34285669251,7.45857375673e-09,0.000259857150138,-3.67866704349,6.35288104107e-13,3.74609822199e-07,-2.56119338042,8.57248666839e-12,2.56267864114e-06,-4.95126563087,0.00315119353711,0.779393726102,1.05219363363,5.45933154138e-12,1.36220064092e-07,-1.18884445262,1.95314728115e-11,3.53606946664e-06,-3.98416079974,1.4385826643e-05,0.0435009364701,2.54930298453,-0.0469452991499,-1.62732325631,3.0653764249,-5.6998117632e-08,-0.00118277332196,-1.24158496171,6.58295986648e-06,0.0146165323513
gradient,0,0.17,0.179999992251,True,50,18.7992898032,8.54746249546,0.774887594435,-1.79737846691,-0.801763863739,0.000889420200329,0.118762302139,0.104315388143,0.00565036368998,-0.00143707346219,0.0322025010173,0.511383099511,0.0608296343143,0.0014961493503,2.71497383782e-07,7.84552607534e-15,3.93942306616,0.599293349988,0.61294686042,13.2725554774,1.13366157449e-22,6.08806965214e-15,10.8853463453,1.86330646013e-13,7.72541344456e-08,13.0999429055,4.33364755927e-22,1.88037429316e-14,9.43378811647,2.55072741741e-09,7.75839352274e-05,12.4205225752,3.34108150644e-19,3.53720958202e-12,9.4174515888,3.09260911271e-09,8.64229053475e-05,8.90147193397,3.17244946923e-08,0.000516879658142,10.0824287028,2.95138697012e-11,3.56377272528e-06,9.95080207862,9.28697180755e-11,7.57363289432e-06,9.5300086333,7.37404763954e-10,3.92141199611e-05,11.1036553857,2.60731118065e-14,1.95349519562e-08,10.6520860751,4.53285946563e-13,1.82592842417e-07,7.23485196084,0.000171720720118,0.0806653132656,10.5802982716,1.85423367411e-12,4.12813931375e-07,10.4840943519,1.93760652039e-12,4.92750340583e-07,8.39214551554,7.4746039062e-07,0.00354511781095,6.22209973788,0.00572844737208,0.464690183879,9.38032033883,3.43400393914e-09,9.75445282381e-05,8.47308170548,6.34570556677e-07,0.00284640125377,-299.103008118,35.6430217491,-2.25861860812,3.40561326779,4.36024033278,0.015101576309,1.48148498737,1.59365241252,-0.121216570336,-0.302993586973,0.737624458413,2.9415234104,1.02935626647,0.0482192905403,1.76068747843e-05,1.08149913939e-12,-2.68871867785,1.15596326409,-1.17249956032,-1.53201714757,3.85332916724e-21,1.48005864729e-13,1.18880653359,1.64055692796e-12,2.36172442683e-07,-6.43678261629,4.94194210289e-20,1.49765784006e-12,2.87123451635,-2.58307807915e-08,-0.000661345389327,-4.56601934427,2.23414155184e-17,1.69150207375e-10,4.09541753595,-5.21669413583e-08,-0.00116154795647,-1.50965494865,3.24560998163e-07,0.00323996578424,2.31134671536,-2.12983953922e-10,-2.483476696e-05,0.37656361149,1.02992476476e-09,3.04844639546e-05,-2.80038476528,1.74171678687e-08,0.000574968050279,-5.00496288012,1.47721289308e-12,7.56200699971e-07,-1.92549513712,9.21345380078e-12,2.49233781018e-06,-7.05917452649,0.00590480182139,1.19366196276,-0.521294407759,4.5942235342e-11,5.62871820556e-06,-2.75200204074,5.53989460217e-11,9.39325428925e-06,-3.73369377284,1.76323109853e-05,0.0469049439059,3.85428844994,-0.0654206863081,-2.40116334043,3.39364006856,-4.57782354003e-08,-0.00107113434316,0.128028062673,3.48181029307e-06,0.00346409593932
gradient,0,0.18,0.189999997616,True,50,10.5292513228,8.83657809919,0.746695405397,-1.77030195303,-0.756709927049,0.000845275781336,0.140710200677,0.1237043071,0.00489943701612,-0.00548747129482,0.0396004577622,0.548882999309,0.0749572289101,0.00219663726401,5.46833258574e-07,2.6178753783e-14,3.91793792934,0.606803426654,0.605234909545,13.258862185,1.64662373401e-22,7.96650879805e-15,10.8841573485,2.31597033477e-13,8.78654160381e-08,13.0332645776,1.18384984631e-21,4.01040187498e-14,9.46082182059,2.34574612955e-09,7.21562031836e-05,12.3699357658,6.58435834451e-19,5.8560732478e-12,9.45138616646,2.89935665768e-09,7.96257406284e-05,8.8840480347,3.56282342556e-08,0.000555195501883,10.11017873,2.76361466026e-11,3.30776164378e-06,9.94547779915,1.17456776805e-10,8.4936356582e-06,9.49348019767,9.83259841449e-10,4.71102723748e-05,11.056497142,4.51873653881e-14,2.8650115732e-08,10.6377517438,5.51093679806e-13,2.07399260447e-07,7.15979776815,0.000244852649883,0.0938674760442,10.5596599651,2.76554508958e-12,5.29963690074e-07,10.4579438283,2.5904711136e-12,5.96560617116e-07,8.35577379194,9.4800569507e-07,0.00404330333617,6.2654506217,0.00502857741746,0.437944729999,9.40689733274,3.21524881285e-09,9.10098144083e-05,8.47469989933,6.85244734274e-07,0.00289624788047,-138.416226637,29.6086260948,-1.75188089907,3.30435801297,3.10028458014,0.0231833397839,1.21443814921,1.6396395119,0.17454776093,-0.156228645886,0.801686992421,2.5406093539,1.00025960012,0.0519084017987,2.21283782484e-05,1.70345313713e-12,-2.3876834319,0.859878346645,-0.884894878924,-1.85356294214,4.45378690258e-21,1.70322812928e-13,1.08646451474,1.62394299827e-12,2.51811475087e-07,-5.36668674115,8.12745671544e-20,2.09439080395e-12,1.67141995217,-7.18861098347e-09,-0.000267050994272,-3.47808169668,3.12639402039e-17,2.05268712152e-10,3.55892207072,-3.6610577736e-08,-0.000884174091481,-1.3461422287,2.87976768715e-07,0.00292105013873,1.23373519095,2.63470587901e-11,-5.39599114061e-06,1.08207903279,5.27194452394e-11,-1.07590640713e-05,-1.8989918423,1.41561402898e-08,0.000434543807836,-4.59543201073,2.20438661659e-12,9.87713029957e-07,-2.20249818602,1.2332577026e-11,3.18720997636e-06,-5.70285435018,0.00598113965466,1.0312715846,0.222421383699,2.67991919374e-11,2.9994127651e-06,-2.20866136902,6.90512172743e-11,1.02601413215e-05,-3.38170976971,1.80498677795e-05,0.0458887083411,2.99537869158,-0.0472641006498,-1.83691892157,2.48511651027,-2.38403989529e-08,-0.0006349616565,-0.574576570615,5.60309657805e-06,0.00961220691127
gradient,0,0.19,0.199999988079,True,50,16.0309652705,9.13963501736,0.739849976454,-1.73129130665,-0.739758172136,0.00135308699601,0.143051065124,0.137108178381,0.00914131890857,-0.0045616463799,0.0482362408657,0.562195286589,0.0808348263166,0.00253431738628,7.1406494875e-07,4.19145888179e-14,3.89166939753,0.616490916921,0.595248962841,13.2354842186,2.02441895501e-22,9.4945259107e-15,10.9070756356,2.18809505979e-13,8.22903639473e-08,12.9926091707,2.05885609901e-21,6.06915590106e-14,9.46721651551,2.40695519774e-09,7.2242915342e-05,12.3509609413,9.59386954723e-19,7.64258382506e-12,9.48863003021,2.36039755799e-09,6.87394235179e-05,8.8745490894,3.74840300666e-08,0.000575300660917,10.1071034067,3.0040810877e-11,3.45585290246e-06,9.97244365928,9.39241069802e-11,7.3584516129e-06,9.49202879646,1.02052756975e-09,4.79049961179e-05,11.0117467455,7.01608441384e-14,3.92892125553e-08,10.6080361114,6.99937487082e-13,2.46337041944e-07,7.12079487383,0.000291343513211,0.101290744958,10.5847466993,2.39021751286e-12,4.72802186677e-07,10.4399211245,3.31863086588e-12,6.97953167013e-07,8.32451132014,1.10845774621e-06,0.00446289197777,6.28200731171,0.00478316535908,0.427951805448,9.43002266903,2.95719596008e-09,8.48452951081e-05,8.46159017407,7.46632488238e-07,0.003038645392,331.803753825,3.40230348872,-1.30829057097,1.9249932114,0.509803701192,0.0267686720229,0.750096552519,1.20152695665,0.189347121263,0.0682135821703,0.506203447626,1.49926651848,0.738859332793,0.0465650955568,2.63956570523e-05,2.96602169488e-12,-0.594347063824,-0.0711557810085,0.047494427785,-1.94129472139,6.69593351473e-21,2.31437269703e-13,-0.0751808327195,4.68994922344e-12,9.04215517961e-07,-2.84028463316,7.51661603786e-20,1.69882014875e-12,-0.627425947003,3.42915412157e-08,0.000470133245318,-0.936350990193,2.1682224352e-17,1.23333683435e-10,1.58435475585,-7.87269499475e-09,-0.000302161415602,-1.5084748484,3.83623048787e-07,0.00358355927796,0.0573241602025,2.21672281772e-10,1.12223183318e-05,1.42715278279,-8.21479316648e-10,-4.38182100005e-05,-0.815520481543,7.69287060937e-09,0.000216859802003,-1.9722625554,1.32062264017e-12,5.42888044783e-07,-1.31552170429,7.17107135115e-12,1.85527290985e-06,-2.72000364549,0.0035852125914,0.511141350904,0.49947596993,1.37467238435e-11,1.13321997232e-06,-0.344284307466,3.70972439421e-11,4.523555924e-06,-2.33512328788,1.40251198574e-05,0.0338436937289,1.58292347208,-0.023348736742,-0.92782652304,0.153924939636,2.34989982885e-08,0.00022994479485,-1.69455737999,1.14678378293e-05,0.0211382918497
gradient,0,0.2,0.209999993443,True,50,17.1653263993,8.90462416896,0.720529593978,-1.73180208881,-0.746513853025,0.00138064922179,0.155712131727,0.147734846233,0.00868637944137,-0.00412319965141,0.0497245267147,0.578868329678,0.0897344155659,0.00312793917514,1.07474639962e-06,8.54991876807e-14,3.90605098806,0.605380311033,0.6061847981,13.2200362906,2.98581043696e-22,1.25952541921e-14,10.8826537319,3.25396017946e-13,1.05949726397e-07,12.9764588849,2.68717305388e-21,7.40804217248e-14,9.44827330165,3.03157695387e-09,8.15588680899e-05,12.351208746,1.09208032149e-18,8.3227469165e-12,9.48307326158,2.74190275779e-09,7.35825123163e-05,8.85387853774,4.33006952313e-08,0.000626866687443,10.1113252132,3.2069592238e-11,3.53220801042e-06,9.9740208548,1.01027190472e-10,7.61727145819e-06,9.47716978804,1.13711725364e-09,5.14474684149e-05,11.0170518909,7.15998181916e-14,3.95078766277e-08,10.6114413097,6.94515106829e-13,2.44504718644e-07,7.10539769524,0.000316556901711,0.104090303062,10.5696494845,3.04047956644e-12,5.52628089521e-07,10.4510581422,3.33241599244e-12,6.87031735596e-07,8.30907132618,1.22850809222e-06,0.00472017721075,6.29710909114,0.00456160268262,0.419388199538,9.40997583153,3.68522877862e-09,9.56087103053e-05,8.44080875173,9.14601490859e-07,0.00331901371746,-172.029744362,-25.0533317634,-2.76003858447,0.755979386158,0.444971900433,0.0391007141656,2.13845674551,0.948177515742,0.180736948993,0.171736643498,0.742076334919,2.12746840315,1.20840851069,0.0880919924222,6.53902422472e-05,1.14250359895e-11,0.85445496351,-0.940433435269,0.909369457271,-1.70306086054,1.00482309648e-20,3.18218391142e-13,-2.91692443886,1.75419517519e-11,3.55849532708e-06,-3.50886302313,1.8276201306e-19,3.55953714257e-12,-0.674813806884,3.28301721664e-08,0.000453935973384,-0.629530152159,2.03995115076e-17,1.06017667868e-10,0.419514505442,2.4026042099e-08,0.000239318706515,-2.60751034767,7.79650241584e-07,0.00676918755579,1.59485204843,-1.56065552681e-10,-1.71169861876e-05,0.380825113013,9.1361659274e-10,2.88161013801e-05,-2.39045368842,2.29344490787e-08,0.000629850931821,-1.04095391204,1.69205050455e-12,5.80440414839e-07,-0.314715982575,6.90703690689e-12,1.41312083327e-06,-3.26980006008,0.00512287241883,0.649009009653,-2.04041346642,1.12988708178e-10,1.28417109321e-05,0.747962064968,1.14796637338e-11,4.12124163827e-07,-2.70559255122,2.40940906426e-05,0.0474588291039,2.85755464942,-0.0398105807127,-1.5767300059,-1.45921741272,7.77294195154e-08,0.00102539620488,-1.45777330137,1.23296569305e-05,0.0201474303545
gradient,0,0.21,0.219999998808,True,50,12.5903703832,8.63856838209,0.684649204764,-1.71617171893,-0.730858734127,0.00213510127932,0.185820200034,0.156071728696,0.0127560578884,-0.00112691350993,0.0630777675641,0.604744654652,0.10500299653,0.00429615723472,2.02186979369e-06,2.70415308607e-13,3.9087584968,0.597682248215,0.613436351987,13.2014230014,4.03406514797e-22,1.58588937335e-14,10.8487371468,5.69648541017e-13,1.53460270489e-07,12.9224319102,5.71409636022e-21,1.31882301862e-13,9.45372023937,3.06355864107e-09,8.13216348097e-05,12.3383703382,1.36737718487e-18,9.76293718243e-12,9.49702032032,2.84091839997e-09,7.35257976482e-05,8.82239888245,5.30770348983e-08,0.000710684412033,10.1390004476,2.69194998234e-11,3.11351317871e-06,9.98006016154,1.12196438835e-10,7.9347736405e-06,9.44421972269,1.47921655132e-09,6.05020147543e-05,10.9909276673,1.04001854229e-13,5.08980208521e-08,10.6017417917,8.3807822522e-13,2.7459945861e-07,7.05539887263,0.000393800961588,0.114270925151,10.54393843,4.64999167642e-12,7.2963640532e-07,10.4548803658,3.54822414055e-12,7.0619565029e-07,8.27039946912,1.59033955906e-06,0.00541206855985,6.3391584047,0.00398695374483,0.39641720533,9.40083832078,4.51178435039e-09,0.000105353219206,8.43243470804,9.93225626848e-07,0.00344159399909,52.2744027168,9.41498623421,-3.55294579267,2.09405520558,1.56430958584,0.057717554852,2.48421478873,1.16235589249,0.240430974776,0.733140306113,1.44379810104,2.23813211661,1.47194861159,0.126540607548,0.000131036051479,3.97819433948e-11,-0.267202743291,-0.670807651341,0.614729109509,-2.038136751,9.48636215978e-21,3.07237507578e-13,-2.46530392409,2.38722950014e-11,4.15427704108e-06,-5.53680228533,4.81396449404e-19,8.05447849815e-12,0.210255505947,1.68751553436e-08,0.000162981653575,-1.4961797594,4.02151669321e-17,2.01689881462e-10,1.98743525725,3.89544324111e-09,-0.000176655537739,-3.49196146386,1.35088202887e-06,0.0104241375265,2.86870017092,-5.43562023881e-10,-4.45353553862e-05,1.14912559982,4.18935614595e-10,2.45706783576e-06,-2.79860223565,2.81895302553e-08,0.000752584226588,-3.13429347626,5.15583508639e-12,1.63678323065e-06,-0.987524812485,1.30326203162e-11,2.69814838579e-06,-5.07596191414,0.00856368036392,1.0705258224,-1.48897675477,1.26581387475e-10,1.29095426373e-05,-0.123832709489,5.23544049787e-11,5.6571809054e-06,-4.01873764392,3.95393708192e-05,0.0742354418199,4.3988541841,-0.0572745619251,-2.30860699107,-0.539134266278,7.06016041495e-08,0.000764520764528,-1.25019334846,1.09428657183e-05,0.0176902308391
gradient,0,0.22,0.229999989271,True,50,18.2108144536,9.09292389364,0.649470678124,-1.68992098469,-0.715227661308,0.00253500031883,0.205396427502,0.170981964083,0.0134949989369,0.0105396064708,0.0786004887354,0.62363097201,0.119173387798,0.0056587513261,3.69546742919e-06,8.81138055578e-13,3.90070693319,0.591964158007,0.61847938029,13.1792735556,4.88308286891e-22,1.87400043437e-14,10.8333476534,8.02841917975e-13,1.89035267219e-07,12.8657228392,1.2315102042e-20,2.35169991688e-13,9.45247841177,3.36908006074e-09,8.48185011614e-05,12.3212851509,1.89638366013e-18,1.23565445457e-11,9.52282196673,2.81981162261e-09,7.00494015616e-05,8.78403930846,7.03183358087e-08,0.000835349437973,10.1686992166,2.11983517604e-11,2.64150090269e-06,9.9970033668,1.09405902764e-10,7.6664128149e-06,9.42119774333,1.70090785874e-09,6.64991529467e-05,10.9543660214,1.74716519919e-13,7.22435412406e-08,10.5916908135,9.55167513153e-13,2.98467686359e-07,7.00387845696,0.000487830508989,0.12550081951,10.5398699494,5.57210731594e-12,8.10818942267e-07,10.448581488,4.37950409202e-12,8.00175353704e-07,8.2286965733,2.0192955086e-06,0.00620488604715,6.38508617482,0.00341611144411,0.373216059716,9.3991931462,5.09726086161e-09,0.000110899125596,8.41580488476,1.13345880523e-06,0.00367281833424,889.197449521,62.5853744963,-2.47074711323,3.01040688064,1.54462049901,0.00855798212614,1.52115466446,1.02530008362,-0.0777897126457,0.647468425613,0.978049781819,1.36625837719,1.03922882645,0.101238394714,0.000128054002259,4.97125826692e-11,-0.960612837074,-0.0986858098298,0.0615255263632,-2.46793760311,1.45215030254e-20,4.39025713619e-13,0.0590067519598,8.03549906972e-12,1.1334959517e-06,-5.08397412072,7.25692569141e-19,1.07480212185e-11,0.503660012077,7.51907046932e-09,1.87505806289e-05,-1.37419515742,4.32739410975e-17,2.08595151288e-10,2.80037702089,-1.83800665883e-08,-0.0005062179516,-2.79914400391,1.30619714442e-06,0.00930731290589,1.8129878249,-3.03389234668e-10,-2.60905923643e-05,1.72885512157,-4.75550756141e-10,-3.36166701666e-05,-1.42908564397,1.29583054907e-08,0.000367949678495,-3.56728773409,7.20534376524e-12,2.07850744589e-06,-1.71111570984,1.7370327756e-11,3.60914236548e-06,-4.52940621982,0.0088671104469,1.01146642052,0.484939202093,3.26583632078e-11,2.40455871838e-06,-0.631800542264,6.54679895221e-11,7.31768353897e-06,-4.01043489713,4.54711376448e-05,0.0800796034392,3.47835680294,-0.0412816364191,-1.7734226656,1.12718684963,-4.93359627258e-09,-0.000230765764297,-1.61002871656,1.39702011767e-05,0.0225641386232
gradient,0,0.23,0.239999994636,True,50,30.3743193736,9.89027587201,0.6352342625,-1.65596358132,-0.699966324147,0.00230626092184,0.216243293323,0.176577730368,0.0112002636355,0.0118224550023,0.0826387632005,0.632069822196,0.125787573059,0.006320925129,4.58294983887e-06,1.26466696199e-12,3.88954624005,0.595708532019,0.614666862514,13.1520642493,6.93836575305e-22,2.46394080059e-14,10.8499172818,7.30358522411e-13,1.76130189523e-07,12.8207524278,2.0227947743e-20,3.46842726231e-13,9.46379343961,3.21394005045e-09,8.16966464222e-05,12.3108864351,2.23285600682e-18,1.39348402082e-11,9.55302786074,2.4733170682e-09,6.34014386162e-05,8.76641600237,7.92009777866e-08,0.000896830670151,10.1752602041,2.085171513e-11,2.59170133143e-06,10.014637264,1.02685423712e-10,7.26244023717e-06,9.41563800981,1.73838266114e-09,6.78610083242e-05,10.9195819126,2.48108729534e-13,9.24681697699e-08,10.5675194775,1.18548478034e-12,3.46782305919e-07,6.96481074823,0.000571143170526,0.134500253561,10.553637214,5.30315894058e-12,7.77727579687e-07,10.4422443549,4.85758393099e-12,8.52549321069e-07,8.19019077118,2.49976231196e-06,0.00701366062864,6.40872554076,0.00316132101645,0.360948752018,9.42338205777,4.41311242494e-09,0.00010073790392,8.40023413371,1.27262965038e-06,0.00389287677155,-459.823800394,-20.0998848626,0.118408709764,3.93765718862,1.11068514735,-0.00900581650313,2.40195398208,1.53827451814,-0.0295604791435,0.426771477294,0.359532492201,2.03381072083,1.60005865949,0.163931271016,0.000238963095373,1.28823410911e-10,-2.7531169996,0.762400300319,-0.808233317644,-4.2494601639,5.45300153183e-20,1.41011877761e-12,1.96866174426,-7.53502076756e-12,-1.2146039078e-06,-4.1613949502,1.08019478806e-18,1.38857268194e-11,0.0560453968154,2.777293243e-08,0.000284256746236,-1.45887357192,7.19602351596e-17,3.08085746445e-10,1.88113000636,-6.6536627566e-09,-0.000226886976765,-0.780476636818,6.85554461331e-07,0.00365693494023,-1.24182777835,3.98317918505e-10,2.85488131642e-05,0.835869563299,8.68266162654e-10,2.24608543178e-05,0.948818399482,-6.22363126587e-09,-0.000206106476852,-5.39130118947,1.78814685427e-11,4.25094162331e-06,-4.46711089389,6.45654583153e-11,1.18234409048e-05,-3.02525168756,0.00707052087978,0.68723339509,1.20261534092,1.34724752414e-11,8.76870185358e-07,-1.92942653988,1.45227339325e-10,1.53584384621e-05,-4.54623522754,7.25205651708e-05,0.10679719669,1.03962750282,-0.0107712166951,-0.569003136584,2.06499971674,-4.74901685883e-08,-0.000727817327333,-3.01847691946,3.36491222888e-05,0.0477517223885
gradient,0,0.24,0.25,True,50,9.01433844576,8.69092619639,0.65183885232,-1.61116784092,-0.693013958361,0.00235488398877,0.253435507143,0.201747454445,0.012903789354,0.0190750360167,0.0857911385795,0.664307186427,0.151174560987,0.00893737674641,8.47472933665e-06,3.45760627381e-12,3.8456445932,0.607212164013,0.602314713938,13.0942843523,1.57890859326e-21,4.69423798959e-14,10.8727208883,6.52141502624e-13,1.64743189063e-07,12.7824949402,3.39189978031e-20,5.12884528077e-13,9.4535993197,3.92453870934e-09,9.05036360862e-05,12.2921076794,3.33558836333e-18,1.85182594746e-11,9.56044456685,2.68673836748e-09,6.55116620262e-05,8.76842977572,8.40294250353e-08,0.000908488136778,10.1438626611,2.91647101305e-11,3.21247716598e-06,10.0137207581,1.26771226017e-10,8.11562990126e-06,9.44017411132,1.57643523342e-09,6.23770234096e-05,10.8465399976,5.32345890773e-13,1.57262373707e-07,10.5023485956,2.24647667946e-12,5.34936504456e-07,6.94337342321,0.000629240926585,0.139245487412,10.5639222562,5.84155682077e-12,8.28356345975e-07,10.4099929572,7.28405087852e-12,1.10734412295e-06,8.13777186875,3.46970681202e-06,0.00834082998095,6.40587872488,0.00320068711021,0.361835996985,9.44049314054,4.14745748984e-09,9.63427790492e-05,8.35543534638,1.806441251e-06,0.00462785278201,-1000.41103709,-124.449508184,1.04227769375,2.59974552412,0.203293725848,-0.0320253269308,3.60441949486,2.06261011315,0.151618871083,-0.390977130453,0.604840077692,2.4711651229,2.33392364686,0.280883415928,0.000547945212237,4.66860355861e-10,-2.09769725867,0.534398912593,-0.582412090583,-3.95620911516,7.62364377036e-20,1.80568565112e-12,0.118960001316,1.27161800678e-11,1.96746683164e-06,-3.19315239145,2.00961677538e-18,2.18777665712e-11,-1.15224887445,6.95444228018e-08,0.000851845234017,-1.17997220849,9.56360402451e-17,3.69876249271e-10,-0.792096314173,5.31590782966e-08,0.000656467956153,0.56560397246,-1.69423925713e-07,-0.00155434333268,-2.82226545114,1.07266835854e-09,7.12557731606e-05,-0.639566161697,2.99930790715e-09,0.000106214833322,1.17782989328,1.31509944373e-10,-0.000139370900855,-4.70933935576,2.14884367172e-11,4.63137092861e-06,-4.50163884912,8.50056880034e-11,1.44825367525e-05,-2.18876729515,0.00725610168637,0.427283800252,-0.701681305786,1.68760793617e-10,1.50685028959e-05,-1.47760892857,1.22102049809e-10,1.23675861881e-05,-3.59747104855,7.4254640415e-05,0.0951395849536,-0.713673251132,0.0108409828582,0.174921654963,0.0929001494129,3.59097725804e-08,0.00033647460333,-3.03154815669,3.87726421191e-05,0.0509186786274
gradient,0,0.25,0.259999990463,True,50,10.3660986319,7.40128570834,0.656079816375,-1.60396867083,-0.69590044963,0.00166575438323,0.28833168322,0.217829932631,0.0142326410572,0.00400291239326,0.0947355647543,0.681493124654,0.172466045997,0.0119385934475,1.55418540836e-05,1.06018740792e-11,3.84759229488,0.606396510271,0.603018620702,13.072940067,2.21856532938e-21,6.07531210284e-14,10.8522964818,9.84682123767e-13,2.15479526156e-07,12.75688938,6.04202832506e-20,7.84398057656e-13,9.44074846213,4.60482850649e-09,9.87335511026e-05,12.2872869909,4.14557681173e-18,2.13323651936e-11,9.53718593446,3.53649863413e-09,7.65307977393e-05,8.77772808182,7.58124992723e-08,0.000865743803497,10.1188148951,4.23050823008e-11,4.01681679464e-06,10.0018459407,1.62671581855e-10,9.38673690361e-06,9.43919460768,1.74101286003e-09,6.50735903071e-05,10.8253951255,6.77877463879e-13,1.85095588342e-07,10.4774867005,2.88559854041e-12,6.36433040968e-07,6.92103540233,0.000716265204253,0.143045929566,10.5396035879,8.67837481292e-12,1.0790976376e-06,10.4126921764,7.29962492717e-12,1.09990104483e-06,8.11824135021,3.98485512026e-06,0.00891645232771,6.39445207574,0.00337814067361,0.364447185117,9.42524006076,5.13130787654e-09,0.000107467395986,8.33960317057,2.04808249276e-06,0.0049112503441,308.589267767,-80.0688706357,-0.542407512665,1.4246350415,-0.426915541291,-0.0821316297755,2.59608223314,1.57256156609,-0.513814528228,-0.86422058077,0.141076701697,1.47475404647,1.72602552674,0.234169770172,0.000516733614609,4.91379566764e-10,0.749470018645,-0.356607192639,0.360377177223,-3.04197626818,1.1666043786e-19,2.35113962096e-12,-0.61434531042,1.12873037437e-11,1.82348049183e-06,-2.97082628636,2.47658760289e-18,2.53545468387e-11,-1.6436717899,8.96297785026e-08,0.00106061586532,-0.286420548536,7.97519798084e-17,2.63954341104e-10,-0.914010496372,5.18811767004e-08,0.000631558150767,-0.76369532017,3.60735319093e-07,0.00261762743517,-1.58895752296,9.41637982296e-10,5.53395450795e-05,-0.46266410937,2.96886971805e-09,9.85193077354e-05,-0.16835546907,7.90155356303e-09,0.000155579990167,-1.44933732649,9.84251301082e-12,1.88949793631e-06,-2.06591920777,5.23695726759e-11,8.33512022522e-06,-2.40188629067,0.00833281000438,0.490657406868,-1.06538679802,1.54114453242e-10,1.36237816569e-05,0.6565445839,-1.49705010444e-11,-2.49480552607e-06,-2.9404189871,7.30903228437e-05,0.0861389764701,0.0812992201895,0.00242634518514,-0.2383279875,-0.649578285613,3.99750248106e-08,0.000494911303556,-2.80437612965,4.55436725265e-05,0.0512641042038
gradient,0,0.26,0.269999980927,True,50,15.1861238011,7.08954878368,0.640990702066,-1.58267514009,-0.701552269187,0.000712251393262,0.305357151806,0.233198685767,0.00262749878946,0.00179062440133,0.0886126726134,0.693802267356,0.185695071522,0.0136207721499,1.88094016288e-05,1.32851976091e-11,3.86063399357,0.60008002016,0.609522257482,13.0334448269,3.91211735045e-21,9.3965172315e-14,10.8604339821,8.77887577498e-13,2.012127989e-07,12.7230784145,8.34507498608e-20,1.01997546485e-12,9.4207258839,5.71713427939e-09,0.000111715953393,12.2863792684,4.93062795949e-18,2.37973462967e-11,9.54216435693,3.72436190148e-09,7.81428250416e-05,8.75315586932,9.12441314172e-08,0.000960840685481,10.1120835106,4.79974697764e-11,4.31926806757e-06,10.0044674759,1.86148620378e-10,1.0086016056e-05,9.43680700194,1.73446630468e-09,6.5488623213e-05,10.8175532511,7.2919615099e-13,1.95052332433e-07,10.4610302114,3.29386813298e-12,7.0163890896e-07,6.89533569739,0.000795897126673,0.14905863555,10.5426145203,8.92384588561e-12,1.10083197911e-06,10.4231238489,6.98464085763e-12,1.05744801242e-06,8.07896348901,4.93151326889e-06,0.0100636095104,6.40750470928,0.00324921401391,0.357069437235,9.42750157482,4.94695798606e-09,0.00010624100512,8.29934782378,2.71731470153e-06,0.00565313486609,82.6472133267,-15.7546823279,-0.0584725737573,1.56767068338,-1.11532067507,-0.0377778392882,2.09754925511,2.88666399671,-1.03645685658,-0.649884460892,-0.067579869843,1.56775911138,2.10495016028,0.307485612125,0.000723161931803,7.2788029602e-10,0.326991713113,-0.461035483862,0.448641551222,-3.83930735466,2.56007080491e-19,4.51547159896e-12,0.58740337294,-6.20718902732e-12,-7.37329249063e-07,-2.54709549491,3.18002529953e-18,2.94640193999e-11,-3.5228302096,2.46006294668e-07,0.00253820900903,-0.611509042532,1.39413160357e-16,4.49381093575e-10,-1.1680273302,5.49329738798e-08,0.000697027820291,-0.97174957795,7.23211678909e-07,0.00417664339942,-2.7007230972,2.22522097933e-09,0.000109242197146,-0.507568321789,3.75695172084e-09,0.000114234496971,0.748846190775,-6.54165642178e-09,-0.000161442618877,-1.52550269837,1.39910544692e-11,2.54119822039e-06,-2.00075623267,4.91659312002e-11,7.96736675931e-06,-2.09187790613,0.00861586690408,0.384009452157,0.000512408122972,7.52201686516e-11,6.17172432925e-06,0.0525345976133,5.45416749507e-11,4.18571006575e-06,-2.88336187908,7.57346701173e-05,0.0879389068106,-0.681139095197,0.0117236377381,0.107312633935,-0.821935969372,1.73229644252e-08,0.000395083537687,-4.50761500896,9.46833000373e-05,0.0912155662279
gradient,0,0.27,0.280000001192,True,50,12.0190428985,7.08619206178,0.6549103649,-1.57261525717,-0.718206863132,0.000910197597461,0.330282668323,0.275563212565,-0.00649649607438,-0.00899477682458,0.0933839673575,0.712848306881,0.214565049202,0.0180883056901,3.00050927197e-05,2.51594799996e-11,3.85413212914,0.597175800593,0.611991451727,12.9961539199,7.3387069392e-21,1.51062553008e-13,10.8640445493,8.60538343221e-13,2.00732941174e-07,12.7059474701,1.24020789241e-19,1.37367844565e-12,9.37029185793,9.52495439986e-09,0.000149497731283,12.27505681,6.93384001887e-18,3.03199870651e-11,9.51382538785,4.63515811173e-09,9.04713541451e-05,8.75829309026,9.02767328505e-08,0.000949276671485,10.0648004332,8.68095018873e-11,6.20166073755e-06,9.9916945743,2.37810616272e-10,1.1671426843e-05,9.45417153149,1.61017973159e-09,6.18447379295e-05,10.7948850715,9.57698553262e-13,2.3591955275e-07,10.4374715759,3.86891716441e-12,7.95780376155e-07,6.87919784421,0.000888582542335,0.150726118609,10.539613836,1.0182778186e-11,1.20253212419e-06,10.4137428683,8.39045842618e-12,1.18361524615e-06,8.06057411262,5.4995485226e-06,0.0106752304639,6.38082929383,0.00361261342837,0.366593437796,9.40880134137,5.47776716505e-09,0.00011536906674,8.24945087039,3.94174849351e-06,0.00673556166866,141.577967855,12.5547113503,0.417833119631,1.19648474455,-1.46336975694,0.0412865397704,3.15277836589,4.55211075187,-1.2260429232,-0.761953848844,0.195529421469,1.77484871444,3.27641516008,0.588868039877,0.00190527927319,2.83389211835e-09,-0.153960615516,-0.595186426433,0.537359012417,-4.60940160863,7.33269097273e-19,1.05651776261e-11,-0.144130059687,3.72285884245e-12,7.28647425358e-07,-2.7442586297,7.25991749359e-18,5.77578580063e-11,-5.4131012655,5.79169887794e-07,0.00487370845419,-1.40411201252,3.02168142164e-16,8.99096942728e-10,-2.64858860134,1.25070970486e-07,0.00143348058776,-0.661399745109,8.39828565509e-07,0.00391978348798,-3.94602564691,4.52930958625e-09,0.000193246814739,-1.52675296804,6.70408895772e-09,0.000195592382376,1.01296847973,-6.13377181777e-09,-0.00018566987981,-2.21948151028,2.64298814438e-11,4.49733297166e-06,-2.28842063572,7.57843635156e-11,1.12011049178e-05,-2.39560781679,0.0120103403207,0.377767818796,-0.849363412048,1.82742479557e-10,1.4327890342e-05,-0.740689493153,1.64331376712e-10,1.33404897516e-05,-2.94936152531,0.00010657469638,0.103103549696,-1.49603091939,0.0226404633013,0.405481464498,-2.02281234904,7.9327763413e-08,0.00114074139283,-5.95140618836,0.000189113652569,0.14168842988
gradient,0,0.28,0.289999991655,True,50,18.0176831582,7.34064301068,0.649347364459,-1.5587454452,-0.730819664326,0.00153798218867,0.368412719124,0.324240900805,-0.0218933596746,-0.0134484525756,0.0925232610428,0.729299241645,0.251223374724,0.0253981329474,5.69149870927e-05,6.99630399762e-11,3.85755478126,0.588176291631,0.62026943773,12.9412567948,1.85774992959e-20,3.05268724837e-13,10.8575513809,9.52344754347e-13,2.15785747407e-07,12.6681932419,2.28649099733e-19,2.17513262498e-12,9.3124638586,1.73005320353e-08,0.000209190122476,12.2582970282,1.09739908028e-17,4.17792851513e-11,9.4891925849,6.22578131121e-09,0.000106812436797,8.73992787442,1.08040702727e-07,0.00103923635524,10.0331629977,1.38583661501e-10,8.18420436235e-06,9.97393241652,3.20230399532e-10,1.39978637035e-05,9.45706637153,1.61179086833e-09,6.17752256168e-05,10.7731636209,1.25779377987e-12,2.84998991866e-07,10.4152617987,4.80955540329e-12,9.25661007317e-07,6.84742354106,0.00103610393309,0.156613991925,10.525627252,1.25786954767e-11,1.38738978595e-06,10.408310059,1.02712683919e-11,1.32425780746e-06,8.0199762585,7.0630071965e-06,0.0121256805043,6.37758409089,0.00370202327994,0.365179066525,9.38704532784,6.53351325432e-09,0.000129055832977,8.18031970002,6.49958775291e-06,0.00848690346369,187.39745697,38.9232528638,-1.22795450687,1.27643452585,-0.552896559238,0.0983596007067,3.26001876732,4.77900113185,-1.53672830569,-0.646273400202,-0.431175026625,1.3021198818,3.36100114627,0.734195444128,0.00314790765028,6.41669194402e-09,0.806545307932,-0.903224115748,0.847977165172,-4.90480298488,1.47679650478e-18,1.83326917686e-11,-0.561719430889,7.18045772849e-12,1.17795420404e-06,-4.09268601231,1.55563733444e-17,1.06804202231e-10,-4.8576359758,7.94143336922e-07,0.00557348707213,-2.45789845864,6.80241459994e-16,1.74972105337e-09,-1.46038976725,1.17187789417e-07,0.00113667221654,-2.13237002791,1.95401829538e-06,0.0101762290565,-2.32639449754,5.04469936922e-09,0.000179362392782,-1.79459208361,9.80191049526e-09,0.000250820463689,-0.709996059693,1.19340971714e-08,0.000285171536289,-1.57405196411,2.41315847322e-11,3.80540176306e-06,-1.54727413539,7.87499720572e-11,1.04528113804e-05,-3.9053792615,0.0183715248646,0.788351466596,-1.65142812902,2.98149077877e-10,2.13317171184e-05,-0.584436482422,1.99416585937e-10,1.43530298434e-05,-3.87357471218,0.000167166624976,0.144455461829,0.435526364483,-2.98305563734e-05,-0.516913649798,-1.51627883262,7.47109323449e-08,0.000988852644124,-6.10554935591,0.000264181336051,0.164909401155
gradient,0,0.29,0.299999982119,True,50,15.7669920379,7.86465711906,0.630351274762,-1.54708656665,-0.729264794316,0.0028773896116,0.395483043669,0.371143235202,-0.0372310621882,-0.0219202448286,0.084760466825,0.738890704517,0.281785072128,0.0327722145726,9.29632457253e-05,1.5349331888e-10,3.8702630353,0.579111318278,0.62895099503,12.8980578602,3.68746370348e-20,5.1771638838e-13,10.8528101607,1.00414749779e-12,2.24292025255e-07,12.6240937499,4.35148256129e-19,3.50976249027e-12,9.27313913842,2.54078211383e-08,0.000260967472726,12.2258988409,2.05386692187e-17,6.53144081325e-11,9.48461759251,6.97891390006e-09,0.000113204798476,8.7156456897,1.29357098758e-07,0.00115280125261,10.0182725432,1.87703489272e-10,9.7889085932e-06,9.95580273263,4.33848826177e-10,1.66878361168e-05,9.4399716103,1.84886167502e-09,6.75481686553e-05,10.7634040322,1.44033024791e-12,3.12027588011e-07,10.4065260932,5.44391660556e-12,1.00483660376e-06,6.80109025898,0.00125601303963,0.166493147941,10.5065852735,1.61457597435e-11,1.62916646656e-06,10.4020541387,1.23787901449e-11,1.47067584301e-06,7.98310261838,8.84288102212e-06,0.0135643397005,6.38953982112,0.00361201681725,0.3562551648,9.37847576472,6.97198581195e-09,0.000135146119623,8.12733988328,9.22537521454e-06,0.0100337496918,-467.954750255,47.7371373932,-2.05816492438,1.46391696483,1.52744419128,-0.0361476231025,4.46760651082,4.24418448478,0.37156729978,0.067949495314,0.176702307164,0.638560977492,3.41062013957,0.95772132757,0.00598526330078,2.05394085786e-08,-0.643723053089,-0.536290193682,0.434755172535,-3.73983225694,2.02383973741e-18,2.2000749985e-11,-2.76121902168,4.61977486626e-11,6.57485876811e-06,-4.63017267577,2.41647889098e-17,1.48920717202e-10,-2.11152211703,5.61043373759e-07,0.00336095880968,-3.94565184242,1.24361555819e-15,2.88645965821e-09,0.224934170876,5.51184481655e-08,0.000394513617957,-1.87227933587,1.83170441684e-06,0.0090874640193,-0.151639003924,2.43438483237e-09,7.67268926643e-05,-2.08271804163,1.43442710379e-08,0.000316698752018,-2.5328515285,5.20775272263e-08,0.00103586704584,-3.78606255479,7.54275759943e-11,1.03416285398e-05,-2.13005091307,1.65900729483e-10,1.91085755024e-05,-4.74888198841,0.023073449309,1.09427007204,-4.12366334594,1.02769885279e-09,6.19909849894e-05,-1.83097367292,3.63181285071e-10,2.68167521277e-05,-3.70289826631,0.000193386907925,0.150171719608,2.71852096089,-0.0280189495802,-1.44414207548,-0.910788100908,9.51316548777e-08,0.000978687827133,-3.81572916652,0.000224532496655,0.117887661428
gradient,0,0.3,0.310000002384,True,50,8.65858815311,8.29538575855,0.608184065971,-1.5294671059,-0.7002707805,0.000815029726619,0.45776484934,0.4091245905,-0.014462013679,-0.0120894626693,0.096057307186,0.742070461195,0.319435777515,0.0445525594988,0.000176620253108,4.80751211549e-10,3.8446803202,0.577450487758,0.628964541181,12.8664601496,5.90542940441e-20,7.45283724538e-13,10.8023270004,1.8762997276e-12,3.47282922769e-07,12.5755897884,7.11944877928e-19,5.15354696902e-12,9.27023341625,2.85213995104e-08,0.00027640929867,12.1793839913,3.58463019666e-17,9.95084783155e-11,9.49369126832,7.32815027452e-09,0.000114702709156,8.7024822877,1.44674791064e-07,0.00122098563563,10.0301302176,1.87271358149e-10,9.71874221564e-06,9.93227805568,6.07115820291e-10,2.03318387438e-05,9.40640934096,2.65334141286e-09,8.24925665335e-05,10.6974423698,2.76634529975e-12,4.91831562662e-07,10.3726607805,8.12756999296e-12,1.30783251736e-06,6.75244590129,0.00149757291927,0.178499393366,10.4431539851,3.31326725325e-11,2.62720948574e-06,10.3716905855,1.75348940933e-11,1.86059285001e-06,7.94591829318,1.0930745355e-05,0.0151291148964,6.43195451011,0.00314164428834,0.336296225015,9.36882956583,8.43614635187e-09,0.00014862958952,8.10400511668,1.0990237686e-05,0.0108446566922,-264.314733404,25.4107113887,-1.83993658423,1.35235482827,3.21000345424,-0.115442866128,3.80234085157,2.66288906769,2.31563211686,0.595238576836,1.46353783765,0.127471375953,2.40431717231,0.783379175793,0.00599854077431,2.67572295797e-08,-2.42781594609,0.182936798206,-0.302240472527,-0.90838721172,6.32820548329e-19,6.71265485977e-12,-3.63501668279,7.12625185958e-11,9.66436661581e-06,-3.72384903782,2.18751138054e-17,1.28858397136e-10,1.02932372768,-2.63043871619e-08,-0.000320793256661,-4.3720030844,2.12661832707e-15,4.19119567202e-09,1.856674678,-4.46077252914e-08,-0.000566578951696,-0.520821036869,4.85267402533e-07,0.00229728886176,1.65550156466,-1.11465748974e-09,-4.17318896508e-05,-1.01065668431,7.8257360769e-09,0.000159028965801,-3.22183315736,8.37742915267e-08,0.00148881733197,-5.4320397339,1.34855247478e-10,1.67529426282e-05,-2.05107673567,1.77268826915e-10,1.94173442124e-05,-4.24418238291,0.0215377344116,1.10527982273,-4.40064283225,1.29645401554e-09,7.25034441222e-05,-2.92262966551,5.58000399988e-10,3.89801252753e-05,-1.87610530767,0.000100507005635,0.0777713915325,3.58252523511,-0.037496749483,-1.70293664776,-0.0956280654141,7.86863741163e-08,0.000650285633113,-0.0274195014654,3.1497504443e-05,0.0096042296704
gradient,0,0.31,0.319999992847,True,50,10.4806973698,8.37287134684,0.593552543077,-1.52003947008,-0.665064725232,0.000568532289041,0.4715298607,0.424401016556,0.00908158014889,-0.0100154732919,0.114031223578,0.741440132036,0.329871415574,0.0484397980885,0.000212934061211,6.88637910474e-10,3.82170671638,0.582770054243,0.62290618558,12.879890116,4.95310480014e-20,6.51969485575e-13,10.780109827,2.42939786971e-12,4.17579357571e-07,12.5496167691,8.72650532238e-19,6.086930433e-12,9.29372561297,2.48817333951e-08,0.000254551607593,12.1384587792,6.30710357602e-17,1.49138321573e-10,9.52175108607,6.08675939424e-09,0.000101873219442,8.70522926896,1.39062446809e-07,0.00119874702985,10.0513825745,1.65410339477e-10,8.95427080018e-06,9.93558959894,5.90363547715e-10,1.98684154328e-05,9.37553494715,3.52434750555e-09,9.73245152947e-05,10.6547632375,4.13743519747e-12,6.47086440575e-07,10.3655045585,8.98929314386e-12,1.39318348801e-06,6.71620661132,0.00168676772786,0.188598744396,10.4185724168,4.20748400544e-11,3.079235349e-06,10.3436015454,2.35387981447e-11,2.25027834852e-06,7.94558051223,1.08530211348e-05,0.0151197675311,6.46119032583,0.00286208182759,0.322196431845,9.37656320341,8.54571329427e-09,0.000148151832285,8.12679149325,9.8553253034e-06,0.0102258342852,615.365375966,66.8907856353,-1.60133773088,2.1002125591,3.4086025469,-0.00952485109533,1.54778431857,2.28262747832,0.356383844006,0.856490681966,2.77623353876,-0.120938966527,1.33216646464,0.540703427643,0.00567069662911,3.80996073677e-08,-2.4375620623,0.521416684389,-0.615871363361,0.289730514061,-4.95298557995e-19,-4.60396732785e-12,-0.206947422946,1.26770489819e-11,1.54098598621e-06,-4.68157615746,5.89905429629e-17,2.91767421401e-10,1.61278474669,-1.65484591001e-07,-0.00114746877902,-4.25414956444,4.03081356589e-15,6.69632408172e-09,2.28995917264,-6.77736999922e-08,-0.00077959314617,-1.00593868003,1.44344409171e-06,0.00578581744414,2.94603806166,-3.49798338198e-09,-0.000127766179021,0.655882724567,-1.1968766877e-09,-4.41475694384e-05,-1.55621800674,2.74824629002e-08,0.000561369577106,-5.07813469844,1.88801461271e-10,2.04822388138e-05,-0.739803362285,6.56610502556e-11,6.51986977994e-06,-5.12970556988,0.0318138275625,1.35497501158,-0.180505522816,1.33030429287e-10,6.06198589767e-06,-3.28357736092,9.71325097334e-10,5.61980504004e-05,-1.82075287777,0.000112706906082,0.0792523188061,3.11875013355,-0.0287233354309,-1.46597524522,0.908628705472,7.30963926146e-09,-9.13006211082e-05,1.17476113833,-5.43217523813e-05,-0.0299028915801
gradient,0,0.32,0.329999983311,True,50,20.9658956724,9.63320147125,0.576157311354,-1.48746285472,-0.632098729562,0.000624532704713,0.488720535712,0.454777140066,-0.00733433679889,0.00504035097003,0.151581977961,0.739651681864,0.346079106808,0.0553666280516,0.00029003418569,1.2427433589e-09,3.79592907896,0.587878821446,0.616647113914,12.8722547599,4.91483228842e-20,6.53204377981e-13,10.798188052,2.12984070724e-12,3.78102642493e-07,12.4819582652,1.89175573719e-18,1.0988895397e-11,9.30248911119,2.52117076904e-08,0.00025345992309,12.0943010001,1.16462573284e-16,2.3343495995e-10,9.53949045177,5.97267627468e-09,9.91108462324e-05,8.6823635141,1.73543672898e-07,0.00133670198451,10.0890509788,1.17311690509e-10,7.16341863523e-06,9.94539571018,5.83178286537e-10,1.94488873551e-05,9.37528498082,3.20299067086e-09,9.37199580756e-05,10.5958796758,6.54237452518e-12,9.01476338938e-07,10.3578647132,9.44079099807e-12,1.43822991296e-06,6.64985178989,0.00213384947052,0.205598893598,10.4395438746,3.57932811182e-11,2.74844920369e-06,10.3060190383,3.696139604e-11,2.98455385802e-06,7.90950323562,1.31848834766e-05,0.0167141612726,6.49432951278,0.00256717757972,0.306976720111,9.38700213994,8.5823391371e-09,0.000146803577097,8.12750033945,9.90380263839e-06,0.0102465988606,617.323815686,36.3578015466,-2.16294896603,2.74754698202,3.30531894043,0.0359140735424,1.81320995158,3.10450184975,-0.254074146036,1.67158497222,3.60057532794,-0.237890865053,1.63557311839,0.743922531295,0.00920268073843,7.61736243856e-08,-2.61518430042,0.265425475467,-0.421194246397,-0.294087759376,-2.40304959178e-19,-2.05929602389e-12,0.039672368616,1.93540524447e-11,1.59477416785e-06,-5.84123554653,9.54543916122e-17,4.49684235638e-10,0.860373329938,-1.21707448036e-08,-0.000252422333569,-4.60693941667,8.17569173949e-15,1.14785992315e-08,2.32410779775,-4.38981864285e-08,-0.000606674594881,-2.25291346136,3.29881221841e-06,0.0133552746002,3.80865662948,-4.04686832961e-09,-0.000158183352946,1.13439033335,-2.40228910787e-09,-7.20980996885e-05,-1.18328408397,1.58625609318e-08,0.00035516060215,-5.78892815144,3.06113167194e-10,3.01857447354e-05,-0.672787224917,6.91953011254e-11,6.17418439036e-06,-5.93951910052,0.0418692448779,1.62696048875,0.634504375408,-9.30945114092e-11,-5.95575061024e-06,-3.78588187717,1.80468729479e-09,8.88119572513e-05,-2.86403322581,0.000185265979475,0.128265483242,3.83322464808,-0.0322277030265,-1.71181999557,0.406021037332,5.29995652739e-08,0.00032329773207,0.451832537677,-1.78212591226e-05,-0.00938574468857
gradient,0,0.33,0.340000003576,True,50,22.8271736835,9.10002737777,0.550293563757,-1.46508853044,-0.598958346423,0.00128681375989,0.507794059732,0.486491053551,0.00400009722817,0.0234162261525,0.186042730137,0.736682314735,0.362582877942,0.0633182487144,0.00039698767598,2.21211039819e-09,3.76940303037,0.588078563752,0.614482300652,12.8740083608,4.47249488179e-20,6.10783565098e-13,10.7809032744,2.8164789186e-12,4.49474840928e-07,12.4327920582,2.78173836448e-18,1.50806151458e-11,9.31093307957,2.4638318499e-08,0.000249503160921,12.0463199909,2.2658487055e-16,3.78710306203e-10,9.56823324202,5.20879566567e-09,8.97397275444e-05,8.66017099973,2.05038691177e-07,0.00146585252185,10.1275557071,8.44729728849e-11,5.79060374125e-06,9.95827740561,5.42317765558e-10,1.84264534391e-05,9.35186926547,3.84159872419e-09,0.000104427727338,10.5389846745,1.02596985414e-11,1.25080133528e-06,10.352048814,1.03731991664e-11,1.51666717582e-06,6.59741622931,0.00252415262542,0.221137954171,10.4312625043,4.02129498262e-11,2.9601203368e-06,10.2678839078,5.96325440406e-11,4.02651749355e-06,7.88829984771,1.45583407243e-05,0.017685077196,6.53785481879,0.00221752776706,0.287960031933,9.38468362416,9.60570459975e-09,0.000154617786926,8.135828144,9.49890012095e-06,0.0100381193914,-106.685097195,-7.42354636178,-2.3684129715,2.19310703129,3.15808745474,0.0580545665451,2.66267224424,4.80169075833,0.498431382692,1.29521423255,4.38412914837,-0.533618588252,2.2941219179,1.20982357917,0.019149966386,2.23749192954e-07,-2.27780210676,-0.0515405585773,-0.153652465861,-0.157443337509,-2.43640503268e-19,-2.07964762749e-12,-1.638628189,6.75191769079e-11,6.8053813521e-06,-5.93184165791,2.00854080322e-16,8.01408112567e-10,-0.551166816709,2.60867504325e-07,0.0014190292313,-5.47110239946,1.85972414379e-14,2.17676165792e-08,1.79588692101,-4.5774012275e-08,-0.000529120665655,-1.9954891272,3.26539194848e-06,0.0124554729871,3.04192650261,-2.13830209574e-09,-9.28591145747e-05,0.921327113215,-2.54322393251e-09,-6.46805068372e-05,-1.98627281074,4.83962848128e-08,0.000882052736977,-6.21378901914,5.67887203307e-10,4.74255783707e-05,-0.684755462285,1.18652817908e-10,9.83586896134e-06,-6.50553401746,0.058356100953,1.75447226108,-0.617413651383,2.42675608557e-10,1.3181759579e-05,-3.96103657193,2.74636269456e-09,0.000117681834864,-2.2858770416,0.000167450266611,0.10986593549,3.62400895392,-0.0265624909944,-1.6425699991,-1.01841572888,1.44998804062e-07,0.00128819868242,0.0271069651187,1.35856063426e-05,0.00467051452814
gradient,0,0.34,0.34999999404,True,50,18.8321937285,9.48473054402,0.528789051924,-1.4436007141,-0.568936980467,0.00178562403562,0.541973980597,0.550810955233,0.00263429085494,0.0309446356211,0.239264560929,0.728979310099,0.391961545166,0.079563099635,0.00067303351341,5.71772721799e-09,3.75037303682,0.586848010274,0.613574064597,12.8691058931,4.42755128188e-20,6.11611425431e-13,10.7654154882,3.4802242454e-12,5.14210269535e-07,12.3633214321,5.90883734363e-18,2.70170576484e-11,9.29146577485,3.04290577769e-08,0.000281840507716,11.9848789521,4.88407402042e-16,6.68787291533e-10,9.57540819019,5.05719602918e-09,8.85284329193e-05,8.64245373156,2.38851511868e-07,0.00158581144425,10.1498895089,7.45456485943e-11,5.30623634374e-06,9.96382225244,5.32313807887e-10,1.81552772183e-05,9.33555952461,4.17091636712e-09,0.000111361012815,10.4716038954,1.79001185913e-11,1.84998790635e-06,10.344169604,1.18138473562e-11,1.63494729219e-06,6.51974110954,0.00330097148958,0.24068833882,10.4271956016,4.06467932893e-11,3.01208439527e-06,10.2267983069,9.18886499313e-11,5.33819055529e-06,7.86378569479,1.65338888089e-05,0.0189114799824,6.56680969186,0.00203592775983,0.274125320129,9.36663382536,1.14823152183e-08,0.000172567550746,8.12804247875,1.01755147652e-05,0.0103400091512,-276.755818037,34.2250446868,-2.03943133354,2.54544590414,3.08784134127,0.0645115891972,3.06777359021,5.72005449836,-0.657940061082,0.592080735097,4.95483716111,-0.823029779926,2.45858914803,1.51703898128,0.0302649341363,4.87660148934e-07,-1.62241979125,-0.0258374698363,-0.128746380255,-0.611330714736,-5.0576275928e-20,2.14315435037e-14,-0.417815046394,2.96062990157e-11,2.63835297091e-06,-7.19224186648,5.39057346754e-16,1.78334700556e-09,-0.909627544754,2.94348231589e-07,0.00172388473698,-5.83076818508,3.79460869436e-14,3.69588154495e-08,1.09711574858,-2.49698584167e-08,-0.000246049687949,-1.82301987152,3.66077480844e-06,0.0126884624793,2.33258846481,-1.12580951452e-09,-5.43785573515e-05,0.59847609709,5.84820429692e-10,-6.90443710488e-06,-1.24877259513,1.6152369678e-08,0.00044893450695,-6.54358815135,1.00506111058e-09,7.0292014041e-05,-0.840335509719,1.25572042024e-10,1.06261323537e-05,-7.76286468426,0.0867833086941,1.96745395626,0.263589021594,-1.08854449782e-10,-4.20208213662e-06,-3.84848670328,3.64060714663e-09,0.000137252402902,-2.79777804546,0.000242629270829,0.143898674379,2.76344487729,-0.0165398465343,-1.30549090926,-0.660004241709,8.82118697036e-08,0.000844847967907,-0.488691535497,3.88167003142e-05,0.0200744617731
gradient,0,0.35,0.359999984503,True,50,17.2920573228,9.7845282715,0.509504937086,-1.41417961236,-0.537201519597,0.00257704554383,0.569149531536,0.600892143518,-0.00915870399347,0.0352578408544,0.285139473359,0.720221719137,0.411754660902,0.09365902834,0.00100228635871,1.19653133769e-08,3.73695463455,0.587561814355,0.611907373047,12.8617817465,4.37134232993e-20,6.11212195968e-13,10.7725469735,3.40860489891e-12,5.02241900347e-07,12.2889472208,1.35628852996e-17,5.07475552569e-11,9.29274052867,3.05252831308e-08,0.000283980855661,11.9297046272,9.85506609421e-16,1.11788661519e-09,9.59017555699,4.70939849733e-09,8.48187337854e-05,8.6237106023,2.78254187346e-07,0.00171962177144,10.1742074764,6.19567825945e-11,4.70303259422e-06,9.97024692755,5.54014174152e-10,1.8288364697e-05,9.32689381357,4.16464611775e-09,0.000113406417477,10.4081129115,3.03609207531e-11,2.6566416161e-06,10.3352421038,1.28846400068e-11,1.72918982289e-06,6.44215893562,0.0042598187993,0.260487033296,10.4365342848,3.80358608306e-11,2.87607869407e-06,10.1909141737,1.32444686973e-10,6.77156555158e-06,7.8323442868,1.94109261409e-05,0.0205630506836,6.59312371633,0.00188673083637,0.261850213748,9.37148353932,1.13699419938e-08,0.000171514746284,8.12605431329,1.02752341272e-05,0.0104396086269,15.0083827234,-17.3952798057,-1.97105187178,2.36451907456,2.46499125799,0.0984065644784,2.868017127,5.31239618981,0.334381296491,1.13062960842,4.48615556243,-0.967032711168,1.96689260811,1.52560763736,0.0415657884861,9.81150848693e-07,-1.76011414573,-0.205640630861,0.00848727077895,-0.836413602447,1.25830419963e-19,1.87597988033e-12,-1.06467412164,5.41341778317e-11,4.97926411652e-06,-5.95036028509,7.6116463376e-16,2.21926404742e-09,-1.22001640865,4.28106296651e-07,0.0021950222977,-5.04172730833,6.51627165301e-14,5.27910639994e-08,1.53568151299,-4.42477904627e-08,-0.000477430442025,-1.92993771151,4.23866676552e-06,0.0139969949583,1.95793206704,-8.47836713301e-10,-4.20528301352e-05,1.11437772767,-2.64052354762e-09,-7.05982804262e-05,-1.37023336837,4.45772097326e-08,0.000735486341823,-6.19151223275,1.54767786664e-09,9.27198328717e-05,-1.0718850478,1.7355525516e-10,1.41018635892e-05,-6.15059896982,0.0802025838007,1.6138607028,-0.0987998348941,8.80367383357e-11,4.78759452394e-06,-3.66125555619,5.52038818768e-09,0.000175421257103,-2.52286013586,0.000240964482804,0.134980982857,2.81593838609,-0.0162396671129,-1.23090455934,-0.836244413526,9.87458067974e-08,0.000928553515043,-0.869075297974,6.06502208069e-05,0.0304444044894
gradient,0,0.36,0.370000004768,True,50,19.132361383,9.1368249479,0.489368014488,-1.3963103326,-0.519637155308,0.00375375532518,0.599334323137,0.657058879029,0.00932191678476,0.0535572277894,0.328987672177,0.709638655876,0.431299397328,0.110075252382,0.00150434928313,2.53407441918e-08,3.71517075391,0.582735197657,0.613743810012,12.8523776211,4.67921212181e-20,6.49131023037e-13,10.7441220058,4.56290780203e-12,6.13795551865e-07,12.2443142264,2.11321300188e-17,7.14023385969e-11,9.26706544668,3.89911837099e-08,0.00032574095367,11.8840444059,1.79166173264e-15,1.72460857152e-09,9.60612182045,4.17224021993e-09,7.89798240788e-05,8.60385497732,3.23624847178e-07,0.00186575134342,10.1890481502,5.75889143283e-11,4.46517974103e-06,9.98610980699,4.79503336934e-10,1.67433116098e-05,9.30815485724,5.06246056177e-09,0.000126070739652,10.3477736508,4.88536759241e-11,3.70438456378e-06,10.322731903,1.52849524594e-11,1.91698456397e-06,6.39672913015,0.00490502316559,0.272965552876,10.4252196049,4.2407528056e-11,3.10783628575e-06,10.1535731958,2.02296413685e-10,8.84661569735e-06,7.81332849207,2.13531784649e-05,0.0216110996395,6.62312845958,0.00171113441757,0.249507228942,9.34990893709,1.34572313543e-08,0.000191138621047,8.11066097279,1.13885191814e-05,0.010948897241,83.2162778741,-17.9549595682,-2.22881561518,1.7748612538,1.98194466159,0.0630058533625,2.51371111036,4.71244994241,0.723876041602,1.06757140182,3.68610829151,-0.924031156736,1.53194967935,1.39058896664,0.0469246173943,1.45175153215e-06,-0.897753925967,-0.402332609606,0.219588007776,-0.763722421811,2.26795536239e-19,2.83429937625e-12,-1.74571704034,7.65417610588e-11,7.14947063028e-06,-4.81466546507,1.00848300364e-15,2.61923696787e-09,-1.53478039444,5.63307878486e-07,0.00271932302525,-4.07450587652,8.64652527508e-14,6.07743253026e-08,1.48828399397,-3.55532989466e-08,-0.000430328058202,-2.11817436895,5.17954522784e-06,0.0160289107169,1.92825598745,-6.99626137343e-10,-3.67592975939e-05,1.11199390417,-4.16236276324e-09,-8.62627109766e-05,-1.8800056303,7.41970103526e-08,0.00113374655134,-4.70198819401,1.57594720611e-09,8.6683154896e-05,-0.616110146277,1.4995175027e-10,1.10325936297e-05,-5.18049187875,0.0800205862471,1.39762891774,-0.834880321464,3.34941173787e-10,1.78338609179e-05,-2.63374491244,5.57648325917e-09,0.000155023321442,-2.02053546336,0.000216594839284,0.113000308592,2.96347120028,-0.0164421083312,-1.207623863,-1.12911154909,1.1482878508e-07,0.00110418584595,-1.06912348801,7.52856933485e-05,0.0366923141477
gradient,0,0.37,0.379999995232,True,50,18.9563828803,9.42542908014,0.464928624783,-1.37868238729,-0.497562626366,0.00383716261108,0.619423753743,0.695141142366,0.00531881683858,0.0566092688908,0.358861639189,0.701741096002,0.442393654489,0.121470807673,0.00194077870659,4.10003440198e-08,3.71899955603,0.579515162163,0.616299133202,12.846507298,4.82493340241e-20,6.67898183493e-13,10.7376326327,4.93944012009e-12,6.45231312952e-07,12.1926539115,3.37325453724e-17,1.03132294614e-10,9.26204492079,4.17914407005e-08,0.000338367316166,11.8482145096,2.71481166444e-15,2.33337312124e-09,9.61994123687,3.9983325184e-09,7.62121726213e-05,8.58134711493,3.81845091902e-07,0.00204019998578,10.2127725961,4.79642598476e-11,3.96784664234e-06,9.99248680563,4.70766918887e-10,1.65631104774e-05,9.28929370096,5.6485863248e-09,0.000136081348504,10.3140731476,6.18798648753e-11,4.39030471402e-06,10.3229199008,1.58836750123e-11,1.94984169549e-06,6.33854909805,0.00586023052424,0.288439611651,10.4198366783,4.47346843063e-11,3.23275591242e-06,10.1382392755,2.43974352157e-10,9.87203198042e-06,7.79193357754,2.37428229266e-05,0.0228230568554,6.65239314034,0.00155788866975,0.237697736488,9.34890130834,1.36665176954e-08,0.000193598463203,8.10467184353,1.17809479942e-05,0.0111734549098,-7.26706102896,-8.28698395182,-2.30344247818,1.68361749873,2.61883365223,0.011219604924,2.80077994351,4.38595086463,0.58327949229,0.232477938293,3.51563557255,-0.899188562495,1.25378836741,1.40077661808,0.0642891843214,3.05173871699e-06,-0.17350586001,-0.265896590189,0.158856452453,-0.502947637045,2.66344919861e-19,3.0164504142e-12,-1.77304991761,1.20706200583e-10,9.7458601571e-06,-5.31121235272,2.03738320905e-15,4.51550855497e-09,-0.374070694663,2.53073095134e-07,0.0011399438004,-4.16580224398,1.27526726374e-13,7.86679148221e-08,1.5111582446,-2.69519356108e-08,-0.000371025382756,-1.54940666223,3.71601294986e-06,0.0117101139871,1.9129834204,-4.80177232665e-10,-2.78470436711e-05,0.685835748332,-2.30001335432e-09,-4.59817250986e-05,-2.46133991828,1.19407532738e-07,0.0016828246567,-4.49469571562,2.50355755504e-09,0.000115252458034,-0.510791807805,1.54726546075e-10,1.09063992492e-05,-5.92431784539,0.105237939488,1.56726108843,-1.37223729016,5.57241266802e-10,2.78837409089e-05,-2.23921797015,6.11470830475e-09,0.000149440382899,-1.92198515808,0.000229003309554,0.112512157147,2.92021847922,-0.0141193133095,-1.18855714264,-0.533331461254,1.06402213943e-07,0.000812391143628,-0.339333414117,3.38911333254e-05,0.0160798988182
gradient,0,0.38,0.389999985695,True,50,18.9870201624,8.97108526887,0.443299164925,-1.36263798263,-0.467260482263,0.00397814742366,0.655349922007,0.744777896322,0.0209875066306,0.0582067865553,0.399300383628,0.691654884626,0.456375164677,0.138090784744,0.00279013296956,8.63755185317e-08,3.71170063671,0.577417265853,0.616920939061,12.8423186684,5.21190196153e-20,7.09460031321e-13,10.7086610074,6.9770318137e-12,8.08712755007e-07,12.1380899793,6.18797941998e-17,1.61712509696e-10,9.25958403279,4.40526456126e-08,0.000348539829678,11.800728361,4.34219626012e-15,3.29796686796e-09,9.63634498534,3.63320150771e-09,7.15593164237e-05,8.57286684408,3.97945106176e-07,0.00209995362316,10.2273078186,4.7985369675e-11,3.90823886761e-06,9.99982652196,4.33503069848e-10,1.58236771078e-05,9.25892805888,7.45061121653e-09,0.000159727232786,10.2578797365,9.89248270248e-11,6.00943372447e-06,10.3125160669,1.83794833809e-11,2.13511254896e-06,6.27824277324,0.00700978195536,0.304310774644,10.3977748591,5.35523533921e-11,3.66551110393e-06,10.1087888364,3.2459057978e-10,1.18354233553e-05,7.77488878891,2.5933244656e-05,0.0238613427825,6.68153282917,0.00142874815138,0.225736086089,9.33924230786,1.55852756331e-08,0.000207386443919,8.10387430451,1.20663418479e-05,0.0112704952174,-452.628477228,-36.7738441296,-1.37945973873,1.97575483844,2.96133481525,0.0233888169888,2.89142826856,4.39032069748,1.44124554354,0.296182275067,3.60015889483,-0.898342334986,1.06012322126,1.43808811098,0.0817298512027,5.05819507548e-06,-1.20946648808,0.131065051644,-0.249579081856,-0.340259376007,1.73346397107e-19,1.95662134605e-12,-1.55011587924,1.2678934443e-10,1.00955402752e-05,-4.74590035597,3.03231139632e-15,5.86309601954e-09,0.236783400999,5.81872127094e-08,0.000240914557685,-4.75453678327,2.4521210229e-13,1.30983780591e-07,1.90220328943,-3.82326827796e-08,-0.000513773572612,-0.35631192276,6.19554706727e-07,0.00260516894515,1.04427458403,-2.75245370586e-12,-3.78261659248e-06,0.729669195277,-2.42400191504e-09,-5.44033512678e-05,-2.04946526977,1.35768659165e-07,0.00171237413745,-5.67850956679,4.49509007585e-09,0.000182495993571,-1.5183712887,3.21560499632e-10,2.3850661699e-05,-5.11712111912,0.102212037871,1.38242454248,-1.2270361176,5.59328878194e-10,2.73026450264e-05,-3.19290108352,9.38603606978e-09,0.000220422430097,-1.51777509206,0.000195161014921,0.0921633481827,2.3453511372,-0.0102560700673,-0.94203900683,-0.0691442681415,8.35004992622e-08,0.000529380299046,0.168608843673,6.50338017984e-06,0.000233654740521
gradient,0,0.39,0.399999976158,True,50,9.90381333572,8.68995219755,0.437339430008,-1.33916729052,-0.438335930061,0.00430493895086,0.677252319114,0.782947556316,0.0341437277093,0.0625329143922,0.430864817086,0.683774249302,0.463596118915,0.150232569893,0.00357537573065,1.4216424553e-07,3.69481022627,0.582136463196,0.611307551565,12.8397021105,5.17162619662e-20,7.07030610414e-13,10.7066303151,7.47522700869e-12,8.47142118456e-07,12.0977359044,9.43787732987e-17,2.20394215005e-10,9.26678058881,4.29551849547e-08,0.00034318560732,11.753123774,7.61905371023e-15,4.95304873306e-09,9.65798530266,3.23367886281e-09,6.59367011691e-05,8.57422087647,3.94236186037e-07,0.00209230336468,10.2336580878,4.79092107735e-11,3.89219431049e-06,10.0070801895,4.22286880586e-10,1.54750434521e-05,9.24830439557,8.36395950809e-09,0.000170328831252,10.2005029563,1.51781666392e-10,8.04022458545e-06,10.2925524751,2.23148850049e-11,2.42685492947e-06,6.23620667567,0.00790447128165,0.316088102501,10.395295956,5.59212618702e-11,3.77880881295e-06,10.0743812538,4.31695073552e-10,1.42804805824e-05,7.76157807569,2.7646043225e-05,0.0246663238191,6.69930016308,0.0013527672684,0.218856956351,9.34751842298,1.53365276807e-08,0.000204186069184,8.1080440204,1.19110155978e-05,0.0111781280046,-587.96466423,-24.7901636977,-0.260114014149,2.2548334375,2.84640264139,-0.00330257515508,2.45039226704,3.67668075253,0.838658705051,-0.120593738243,2.42240026789,-0.77187248225,0.859227605557,1.18974458348,0.0765332136802,5.9088017535e-06,-1.43056351858,0.545285772553,-0.590315890406,-0.876886709491,7.32017190426e-19,7.29903270674e-12,0.13625376269,2.96353883738e-11,2.14931959795e-06,-3.90857889653,3.46181266771e-15,6.16943947974e-09,0.681436897301,-4.89850342111e-08,-0.000336080314905,-4.43261634302,3.66858980069e-13,1.72372139139e-07,1.76708869488,-3.27754925294e-08,-0.000448821303362,0.545619047783,-1.2676668658e-06,-0.00372992918914,-0.079023213738,4.64228387869e-10,2.09391640187e-05,0.165544560895,-5.65443844089e-10,-5.04642713779e-06,-0.875223537581,8.19205981169e-08,0.000938796905759,-5.07704721537,5.01863177441e-09,0.00018778145357,-2.15481515544,4.33806447427e-10,3.20983448942e-05,-4.10155593778,0.0921657041947,1.11472120906,-0.44686317525,2.28413860073e-10,1.25601853392e-05,-3.1447050408,1.08232918825e-08,0.000232486985767,-1.59256515383,0.00023660600499,0.10064098455,1.24008344057,-0.00450278032652,-0.520629424739,1.17558664352,-6.23730643984e-08,-0.000632521717942,-0.135123329612,3.09930090997e-05,0.00967908948995
gradient,0,0.4,0.409999996424,True,50,7.22772687784,8.47528199491,0.438096884642,-1.31754131388,-0.410332429435,0.00391209592056,0.704357767348,0.818311511373,0.0377606807316,0.0557949117904,0.447748388986,0.676217434981,0.473559716788,0.161885676413,0.00432079724316,2.04551553602e-07,3.68308936633,0.588322981304,0.605114621253,12.8247809342,6.67593634238e-20,8.55440685456e-13,10.7113860827,7.56973958117e-12,8.51699146966e-07,12.0599184014,1.31116047554e-16,2.85101299291e-10,9.27321277073,4.30729449284e-08,0.00034181822338,11.7120760342,1.16793758615e-14,6.74540965074e-09,9.67168675924,2.97769165712e-09,6.25828903565e-05,8.58377922504,3.72591768859e-07,0.00202535503938,10.2257273544,5.72699374324e-11,4.32702214799e-06,10.0031374132,4.22194192966e-10,1.57227485651e-05,9.24142358813,9.08902317887e-09,0.000178503170901,10.1563387922,1.99297462513e-10,9.76506279586e-06,10.2694197638,2.70556123295e-11,2.77707944684e-06,6.19621165448,0.00885309603925,0.326605198825,10.3888375956,5.81206305935e-11,3.91671481071e-06,10.0458947355,5.41056417431e-10,1.64851630707e-05,7.74303748583,3.06653647558e-05,0.0258741624735,6.70633449798,0.00133869254485,0.215323497594,9.36275404073,1.43378143452e-08,0.00019473600956,8.10117183792,1.26862020299e-05,0.0114640770072,-662.069220081,-67.9425551012,0.528311371803,1.95580227859,1.74082845822,-0.0647768511906,6.43862195851,6.09001562536,-0.840466241671,-2.39761174984,2.44156582555,-1.61109118437,1.71617206242,2.33811877188,0.186251897975,2.34494856464e-05,-0.000917850146635,0.197360314271,-0.197087367486,-3.54597513477,4.92837509095e-18,4.37047647385e-11,-1.33797349249,2.05099457907e-10,1.39877713755e-05,-5.82692135127,1.17811029616e-14,1.72490878975e-08,-1.95195201336,9.60539352248e-07,0.0039954777294,-4.47179482204,6.93917730983e-13,2.74809573207e-07,-1.74002865228,5.38637123253e-08,0.00068368900259,1.52139196558,-3.44898036117e-06,-0.0107922576668,-3.5451443328,3.40945361818e-09,0.000146992926701,-2.86687837187,1.74027101615e-08,0.000364067267501,-0.300698105119,7.34325672649e-08,0.000737105187278,-4.85140745686,6.68653292965e-09,0.000224495182158,-3.30581748583,7.69132264846e-10,5.45456870526e-05,-5.44080512242,0.147149426105,0.997407073508,-3.28697785803,2.40263438944e-09,9.96448104775e-05,-2.42413116563,1.32172539811e-08,0.000238606507561,-3.35331479435,0.00065656648761,0.230516131766,-1.11217700317,0.00965579883785,0.156287475947,-0.277448849366,9.7859294195e-08,0.000605634174615,-3.26097650658,0.000303298181513,0.115617053532
gradient,0,0.41,0.419999986887,True,50,-3.3375710659,7.33110109552,0.447905657444,-1.30005124495,-0.403519360896,0.00300940192704,0.806024758285,0.904747868823,0.0173344028759,0.0145806793953,0.479696133597,0.651552425615,0.497919560163,0.19699494533,0.00730041369015,6.11153958458e-07,3.69479186926,0.586083669481,0.607365804215,12.7687826078,1.50283763785e-19,1.58112590518e-12,10.6798708452,1.15772161668e-11,1.12689754596e-06,11.9811974774,3.3000083253e-16,5.65375972955e-10,9.22774154854,6.21659719996e-08,0.000423095161908,11.6636878775,2.14974083299e-14,1.04492401972e-08,9.62318472962,4.31095310931e-09,7.96104812209e-05,8.60464871578,3.25256578814e-07,0.00187645821134,10.1627552012,1.16098283137e-10,6.8320528445e-06,9.9497426221,7.70341083817e-10,2.27563888021e-05,9.24229043346,9.83261085339e-09,0.000185070934998,10.1034748071,2.85512324985e-10,1.25301282286e-05,10.2264361253,3.76975303018e-11,3.51776867052e-06,6.12739057322,0.0108474598038,0.336036243971,10.3295563988,1.03973949659e-10,5.7717050225e-06,10.0258986305,6.96040153174e-10,1.90526107336e-05,7.69451177981,4.07773729772e-05,0.0292766464544,6.67705662302,0.00154588324516,0.22198270587,9.34196944599,1.72937135646e-08,0.000216298752677,8.04282449027,1.79769792281e-05,0.0134904690753,-789.737083232,-102.613444212,1.06655848026,1.96201573685,0.623823553324,0.0485013731522,10.2831724165,8.6451524049,-1.70715711416,-4.19041714987,3.25710637367,-2.44306557037,1.94475260429,3.46775175093,0.388223962131,8.5247498583e-05,1.00713992873,-0.178190123819,0.157090259987,-5.67197967079,1.35255040214e-17,1.02252863635e-10,-3.53182633534,5.60785626245e-10,3.54479152063e-05,-8.03781784213,3.88410803344e-14,4.46459669575e-08,-4.41419028466,2.0714973369e-06,0.00840559188211,-4.78446421099,1.42982567979e-12,4.78957918639e-07,-4.69026848457,1.66522004798e-07,0.00190973596789,2.18981105837,-4.78948580737e-06,-0.0153325081778,-6.77939047658,9.58683624728e-09,0.000340807571377,-4.98001038614,4.26391268017e-08,0.000761668272445,0.0896416874422,8.73652839952e-08,0.000723950946382,-5.53486967448,1.19936573939e-08,0.000344969509171,-4.55851582735,1.37082797704e-09,8.87143400427e-05,-6.7527149578,0.210097869956,0.85339987289,-5.9040825341,6.35428980209e-09,0.000225774673767,-2.09296170065,1.91771442117e-08,0.000294836834729,-4.86358785514,0.00115839865715,0.352267383689,-3.01051721276,0.0223853250132,0.683652669552,-2.14278068942,3.74971564974e-07,0.00248061484063,-5.90227298168,0.000629780029815,0.215041204078
gradient,0,0.42,0.42999997735,True,50,-8.5670147868,6.42301311066,0.459428054247,-1.27830099914,-0.397855958369,0.00488212338361,0.910021215678,0.991214559471,0.00361753844847,-0.028013431207,0.51289051646,0.627356123574,0.512454768874,0.231240711432,0.0120852764858,1.90950152526e-06,3.70323216491,0.584759178828,0.608256426453,12.7113413408,3.37269443851e-19,2.90049795816e-12,10.640749556,1.87854521061e-11,1.56065745109e-06,11.8991620445,9.07937654241e-16,1.17802063844e-09,9.18492896504,8.45028916664e-08,0.000509930061022,11.6163867499,4.02758894573e-14,1.63245680235e-08,9.57788138955,6.30813175308e-09,0.000100777609714,8.6275754462,2.76802052712e-07,0.00171870487582,10.0901395448,2.49006662378e-10,1.11431735755e-05,9.90353720546,1.274976729e-09,3.0956114014e-05,9.24321642187,1.08363288588e-08,0.000192982189828,10.0456413987,4.39170610391e-10,1.66644529793e-05,10.1782494472,5.44721718702e-11,4.5513662477e-06,6.06115735533,0.0130550534384,0.343673196283,10.2707559449,1.85206426635e-10,8.43220828606e-06,10.0040355015,9.24599301665e-10,2.23818997653e-05,7.64576572873,5.38333378988e-05,0.0329195101472,6.64612415372,0.00178639904512,0.228996550985,9.31989842694,2.18372456446e-08,0.000244348306373,7.98312637829,2.52818026262e-05,0.0157649010887,-86.3253987213,-78.2592836109,1.23656970263,2.06169483997,0.176784757525,0.192474724274,11.1119459164,8.66561121291,-0.806803970408,-3.03219394851,2.99715183375,-2.44977092025,1.182698376,3.40621320537,0.586579846828,0.000240192084135,0.0977156722919,-0.287397042751,0.153602413827,-6.41949878709,3.47609882286e-17,2.13638083041e-10,-4.40089480388,9.02181624372e-10,5.11771316297e-05,-7.14768229884,6.84858434168e-14,6.62924899049e-08,-4.58463177385,2.89291457303e-06,0.0100832878666,-4.53975458798,2.38645419177e-12,6.79287646373e-07,-4.66001067199,2.38463528625e-07,0.00237869345622,1.78095716406,-3.21327188985e-06,-0.0110926743964,-6.95274518655,1.71661552764e-08,0.000488902061628,-5.1396923546,7.98016782666e-08,0.00108956388845,0.315790908935,1.04417534729e-07,0.000682092317142,-6.23216336753,2.1773754778e-08,0.000530322818759,-5.31809476901,2.56037823932e-09,0.000141275675604,-5.31305200444,0.185401973598,0.507011937929,-6.48947695238,1.29894256305e-08,0.000360574319975,-2.8821072938,3.61472441527e-08,0.000486068133074,-5.14053999118,0.00155552352643,0.401904324742,-2.66619204364,0.0215624769689,0.597966287514,-2.59237925492,5.21798289874e-07,0.00325005794458,-6.56598156376,0.000945656473232,0.263445042262
gradient,0,0.43,0.439999997616,True,50,-5.06407904032,5.7659154233,0.472637051497,-1.25881734815,-0.399983665746,0.00685889641252,1.02826367661,1.07806009308,0.00119832346773,-0.0460631995749,0.539639170272,0.60255700721,0.521573527683,0.265119209437,0.0190320106267,5.41499564117e-06,3.69674618271,0.580335728626,0.610437852492,12.6403926321,8.45503528357e-19,5.85388756601e-12,10.5918529492,2.96208486543e-11,2.15044017856e-06,11.8382438314,1.69971770087e-15,1.89122577105e-09,9.13604891306,1.2002426346e-07,0.000624760919239,11.5728927858,6.92264921652e-14,2.40349931247e-08,9.52998451618,9.08022368182e-09,0.000127184350345,8.64026785906,2.60991141017e-07,0.00165460472342,10.0237002974,4.59421388664e-10,1.66100940771e-05,9.84694877501,2.36637464915e-09,4.45476665712e-05,9.24860625164,1.1920961548e-08,0.000198712781341,9.97883153978,7.20987420545e-10,2.31365846038e-05,10.12007423,8.89050950883e-11,6.34328218261e-06,6.02112953313,0.0145554992757,0.346176482729,10.1997668598,3.63762462268e-10,1.2983191422e-05,9.96825648463,1.41898503623e-09,2.87739733951e-05,7.59170097998,7.18878435059e-05,0.0373147329492,6.62373278215,0.00197713278454,0.233942031621,9.29012186089,2.77296793621e-08,0.000281299911568,7.911504859,3.68901086927e-05,0.0187593699205,359.978247379,-39.6311035999,0.951003313065,2.06224443298,-0.385071381926,0.0803468100939,12.3226928841,8.19349476482,0.344455260096,0.0279471568501,3.62295866777,-2.26201686006,0.43674518322,2.99898722183,0.875896107248,0.000829071488586,-1.01434672343,-0.516424650768,0.168458875951,-6.74146244929,7.42848446002e-17,3.795676984e-10,-5.98384256055,2.19092665769e-09,9.70414436267e-05,-5.81743559099,1.29544633084e-13,9.75688232694e-08,-4.68623299766,3.83273330568e-06,0.0117192056515,-4.53672850711,4.48588140647e-12,1.06918899189e-06,-5.05246744705,4.24777033105e-07,0.00339806836968,0.240667538256,9.5179729561e-07,0.00127655908442,-4.7001794913,1.6659867838e-08,0.000409488489936,-5.38788999217,1.52338034306e-07,0.00159034118661,0.837418577397,7.07037584525e-08,0.000227645672087,-7.62574836555,4.74580316313e-08,0.000936982350853,-5.95709038509,5.26064446302e-09,0.000231478982561,-3.16317569226,0.121014030751,0.157523239176,-7.01159833667,2.52624653338e-08,0.000555700119707,-3.87553512536,6.3820584039e-08,0.000768060110235,-5.52867899268,0.00205839664637,0.468072041142,-0.970163054287,0.00897074765726,0.176597659281,-3.96184166349,1.16104411761e-06,0.00581815586753,-6.8188212225,0.00129724850372,0.297140754016
gradient,0,0.44,0.449999988079,True,50,-1.36744983922,5.63039103867,0.478448120508,-1.23705611048,-0.405557386007,0.00648905958548,1.15647507336,1.15508445477,0.0105066436504,-0.02745448807,0.585349689815,0.582115786372,0.521189672538,0.291220455868,0.0296031986308,1.8490931297e-05,3.68294523044,0.574430685812,0.611625603972,12.5765120918,1.82296633585e-18,1.04918519262e-11,10.5210727047,6.26039852598e-11,3.50148632363e-06,11.7828133327,3.49883031593e-15,3.12939710383e-09,9.09120430509,1.6115755778e-07,0.000744314174052,11.5256521798,1.29993517587e-13,3.77083478614e-08,9.47683204061,1.48036724152e-08,0.000168738977108,8.63238879697,2.95837998624e-07,0.00174423605751,9.99613595501,5.82204019138e-10,1.93329433742e-05,9.79577940561,4.32173741513e-09,6.27629377462e-05,9.25996479342,1.22504040278e-08,0.00019753510327,9.89312643136,1.38833124302e-09,3.54040999963e-05,10.0591076395,1.59685061131e-10,9.18094589892e-06,5.99789384148,0.0154753340534,0.346823661067,10.1305239782,6.90455733312e-10,1.95462106802e-05,9.92652479903,2.20101098245e-09,3.774310197e-05,7.53519214888,9.50012708261e-05,0.0422809509701,6.62672089264,0.00196581399826,0.232528504171,9.24066159367,4.50581279968e-08,0.000360711423723,7.84674995384,5.12267727005e-05,0.021707716169,326.635869055,3.16288981061,-0.014742553234,1.88453828823,-0.518137548119,-0.0631444220968,12.5928310278,7.2587407095,1.30619014139,2.42567079845,5.95055121565,-1.89567806948,-0.244404159259,2.20968698716,1.16536489342,0.00253684883631,-1.01819438539,-0.700620033632,0.183834178527,-5.26669148776,1.00118931742e-16,4.45534399918e-10,-7.43480004429,4.92984685264e-09,0.000172113467589,-5.33950006704,2.11247034399e-13,1.35001199747e-07,-4.18801486339,4.23579858535e-06,0.0117282540289,-4.22311044748,7.39274352641e-12,1.51119217138e-06,-5.4002146763,7.74902471329e-07,0.00485008164071,-1.33842493017,4.80970833989e-06,0.012815494765,-1.30286485696,5.96225947799e-09,0.000130304902145,-4.25521294673,2.07036395638e-07,0.00172814892689,0.786619027427,4.46428706546e-08,4.95961099741e-05,-8.68048492283,1.00150286002e-07,0.00156678457456,-5.40762950722,8.25474055385e-09,0.000296948309598,-2.39456077415,0.0960561311705,0.14668051874,-6.4423907365,3.94221245547e-08,0.000705732404744,-3.64621760006,8.3015772958e-08,0.000876252154846,-4.95415819644,0.00215548454699,0.45163821256,1.102086235,-0.00726970222581,-0.352366697491,-5.69264891294,2.54411112925e-06,0.0101673168638,-5.43265412801,0.00132362386282,0.255667370607
gradient,0,0.45,0.459999978542,True,50,1.46863834078,5.82917321952,0.472342200432,-1.22112658238,-0.410346416708,0.00559600797058,1.28012029717,1.22323490727,0.0273221262955,0.00245021639411,0.658650194585,0.56464344582,0.516685444498,0.309312949181,0.0423393084952,5.61519723674e-05,3.676382295,0.566323327954,0.614114536062,12.5350588023,2.84788216319e-18,1.47645755644e-11,10.4431569483,1.28217785707e-10,5.59270953034e-06,11.7314538301,5.92465838884e-15,4.59124976599e-09,9.05228861579,2.04740235167e-07,0.000859325999817,11.4884305768,2.17081362693e-13,5.42588365522e-08,9.42198022265,2.45782731084e-08,0.000224185983159,8.61349936046,3.57185307814e-07,0.00191091461872,9.9976430003,5.78666578224e-10,1.921619212e-05,9.76184451607,6.5071025619e-09,7.91106451089e-05,9.26433863219,1.28138189611e-08,0.00019970470354,9.80522184132,2.72399314059e-09,5.4472276095e-05,10.0119216398,2.53999906165e-10,1.22822483746e-05,5.97323831765,0.0164766218991,0.349110093104,10.070919045,1.15220495336e-09,2.70978395169e-05,9.89533213263,3.07930049539e-09,4.6299016492e-05,7.49261781605,0.000114997534446,0.0463474972004,6.64577450685,0.00183173874002,0.226894697671,9.17626888263,7.8611901947e-08,0.000484646248845,7.80285177644,6.3362585949e-05,0.0238727173326,333.508832147,-1.75776859417,0.0437042713166,1.89603561629,-0.202468283474,-0.0326460970916,12.8870718915,7.4511145488,1.12524288467,1.48366585527,6.72392064988,-1.8585318974,-0.464046711462,1.77085236637,1.40838585602,0.00682203091791,-0.563220890765,-0.594185416803,0.0950470671244,-4.64597773257,1.5546706942e-16,6.06081433498e-10,-7.1277229989,8.10629445891e-09,0.000231573746922,-5.91031109254,4.26746762384e-13,2.26921871955e-07,-4.01375128163,5.60538899863e-06,0.0132877440612,-3.9085839652,1.07333774473e-11,1.88760069451e-06,-5.62462891533,1.28737869032e-06,0.00640467277894,-0.738746914599,3.33326107679e-06,0.00817048151538,-1.76304866881,1.15658527866e-08,0.000224288817362,-4.03668226215,2.90096683787e-07,0.00200856451664,0.609830705978,6.05364856641e-08,0.000184806933143,-8.59138580963,1.72822747693e-07,0.00218562109606,-5.16285694421,1.28843658595e-08,0.000382799598841,-3.04439473928,0.127632458464,0.253267618782,-6.30956479029,6.51811552121e-08,0.00093794835701,-3.20725122374,1.00996432143e-07,0.00092095225266,-4.48583721313,0.00245559626981,0.436231883224,0.683611115057,-0.00390231915663,-0.250103156201,-5.56101521263,3.89839782283e-06,0.0121980760005,-4.97747885028,0.00162436777011,0.251701131691
gradient,0,0.46,0.469999998808,True,50,5.30272680372,5.59523566678,0.479322205935,-1.19913539816,-0.409606751677,0.00583613764365,1.41421651119,1.30410674574,0.0330115013437,0.0022188290355,0.719828102813,0.544945148424,0.511908738309,0.326637503196,0.0577709157512,0.000154931549655,3.67168081262,0.562546977476,0.613526545314,12.4835925371,4.93230772426e-18,2.26134805961e-11,10.3785182448,2.24729874438e-10,8.13296126207e-06,11.6646071109,1.20337655636e-14,7.66783454294e-09,9.01092927945,2.73265337753e-07,0.00101006905528,11.4474805005,3.44661066532e-13,7.54603617516e-08,9.3643394623,4.05512462217e-08,0.000296832432687,8.61761385868,3.6250322016e-07,0.00190764568782,9.96087498163,8.1352107487e-10,2.38187197215e-05,9.71504576037,1.01236710909e-08,0.000102934228079,9.27216140754,1.34611337411e-08,0.000201231241933,9.72129871516,4.84478619687e-09,7.91165219176e-05,9.95585050062,4.17372378321e-10,1.68369378758e-05,5.9370059467,0.0180279832227,0.351889013442,10.0043326824,1.99407883755e-09,3.83051778204e-05,9.86237977455,4.22093962531e-09,5.61621470232e-05,7.44547540461,0.000144113196222,0.0510055886346,6.64039311494,0.00188776761513,0.227526441047,9.12944128942,1.23026084454e-07,0.000604672943733,7.74720037683,8.37141281028e-05,0.0267417388029,249.495494392,25.655653256,0.105890333652,2.07117805723,-0.0356742143631,0.019013936856,13.3259949725,7.98391020241,0.910804649043,0.492103513054,6.00702274445,-1.86152577621,-0.545387288264,1.48502518434,1.58953146483,0.0163841324328,-0.0777919561687,-0.524292735535,0.0212712821583,-5.27673162457,3.73638948533e-16,1.19958316338e-09,-7.15876485425,1.58586460218e-08,0.000353931989601,-6.59341143949,8.50888478376e-13,3.83755971416e-07,-4.38629307074,8.47596798991e-06,0.0171663934316,-3.83519147443,1.49735654016e-11,2.3182504246e-06,-5.34702758686,1.90296742819e-06,0.00761242086077,-0.329519987508,2.40992794444e-06,0.00505834269496,-2.97106935209,2.26848924798e-08,0.000416155494258,-4.39589278937,4.18495921352e-07,0.00250481006814,0.256570873766,1.18193825332e-07,0.000608999359066,-8.05701210978,2.7937402905e-07,0.00284653349686,-5.17325766325,1.83794105914e-08,0.000475947134988,-3.54068768447,0.156205185266,0.294224520851,-6.984289588,1.17403291622e-07,0.00138589955875,-2.82363041621,1.11347721856e-07,0.000915669474704,-4.68714421014,0.00313621992548,0.47913970686,0.278598875314,-0.000258838450147,-0.165910838975,-4.92700863203,5.69016561878e-06,0.0136803543616,-5.8981265615,0.00246433692922,0.314417725602
gradient,0,0.47,0.479999989271,True,50,6.45854822863,6.34228628464,0.474460007105,-1.17970302124,-0.411059900995,0.0059762867077,1.54664019662,1.38291311132,0.0455382192764,0.0122922866552,0.778790649474,0.527412930296,0.505777698732,0.339013452867,0.0741299377918,0.000383834621023,3.67482645588,0.555837473243,0.614539961706,12.4295241698,1.03206611338e-17,3.87562388319e-11,10.2999816512,4.45390706144e-10,1.26713493224e-05,11.5995856013,2.29424279564e-14,1.22663691943e-08,8.96456275438,3.74259594965e-07,0.00120265386845,11.4117267473,5.16552670726e-13,1.00623845044e-07,9.31503967091,6.26376216722e-08,0.000376434400375,8.60690896071,4.05383866703e-07,0.00201208147262,9.93822161326,1.03236442782e-09,2.75393020051e-05,9.67392666029,1.48770209889e-08,0.000129206846472,9.26947004967,1.51776954677e-08,0.000211884690722,9.64408159913,8.31147372159e-09,0.000111402946032,9.90845648655,6.21588117993e-10,2.18011910743e-05,5.90242456396,0.0196007256044,0.354994583521,9.93123325328,3.5002707858e-09,5.48158306919e-05,9.83885952431,5.3062549325e-09,6.46124059861e-05,7.39887493185,0.000177721932955,0.0559302913376,6.65134648435,0.00182656197102,0.223576480891,9.07772870999,1.92415214323e-07,0.000758253336077,7.68488924521,0.000112649324533,0.0301610718447,131.6969948,114.106093712,-0.54894977808,1.8965152353,-0.0994587093592,0.0365695519031,13.2599277551,7.95071644584,0.866476523724,1.34141572265,6.11474342278,-1.71810640136,-0.565384768664,1.1095421842,1.63922062294,0.0341608223832,0.280714751819,-0.726888619779,0.145099469324,-5.29812884334,7.04362357933e-16,1.92177703879e-09,-7.64973310588,3.1518131319e-08,0.000550316363425,-6.44983452246,1.48350186544e-12,5.65590957583e-07,-4.12908256082,9.47817264255e-06,0.0176307072783,-3.71102257936,2.10176133962e-11,2.8804919604e-06,-5.02703759769,2.64149428762e-06,0.00874718610686,-1.3708560963,5.53263637664e-06,0.0133753671757,-1.6588013359,1.6172487303e-08,0.000272134873644,-4.03735781805,5.50566678206e-07,0.00278165331235,-0.0555883650104,1.11437203696e-07,0.000711615203773,-7.7231148802,4.66612040153e-07,0.00382132623816,-4.52646000259,2.39717982649e-08,0.000535561814144,-3.40909142327,0.158529305353,0.30641774865,-6.54574041554,1.63028225368e-07,0.00164349385387,-2.6535379657,1.35617008682e-07,0.000999717036672,-4.77887616705,0.00377457531298,0.523808088522,1.14485982586,-0.00617715464308,-0.417137303478,-5.44027644337,9.3439806971e-06,0.0180314479127,-5.71386852794,0.0028398308967,0.327235093273
gradient,0,0.48,0.489999979734,True,50,7.93666669971,7.87735754101,0.468343210373,-1.16120509345,-0.411595925864,0.00656752868171,1.67941506629,1.46312107466,0.0503410318182,0.0290471434886,0.842122971268,0.510583020397,0.500601042936,0.34882834688,0.09055532821,0.000838147997319,3.67729510766,0.548009205081,0.616428534701,12.3776299603,1.90195548829e-17,6.10490213719e-11,10.2255235826,8.55092500818e-10,1.91392885306e-05,11.5356104204,4.17038028724e-14,1.89796536946e-08,8.92834762824,4.62828790604e-07,0.00136268320084,11.3732600489,7.65013334456e-13,1.3307020096e-07,9.26379871035,9.3381131974e-08,0.000471776154824,8.59019673675,4.73155947693e-07,0.00217515303133,9.92769895491,1.13697082093e-09,2.92614171944e-05,9.63429860401,2.1135004655e-08,0.000158567294326,9.27104964024,1.5689877815e-08,0.000215463546009,9.56683641756,1.41770269999e-08,0.000155543046681,9.86532130057,8.96808343619e-10,2.75481741586e-05,5.86882411823,0.0211985693297,0.358017368415,9.87341787408,5.25464334492e-09,7.11750548978e-05,9.80930901524,6.93327979895e-09,7.61564877566e-05,7.34989788127,0.000219604702482,0.061481750405,6.66329031146,0.00176422452227,0.219183694977,9.02063576055,3.09905698395e-07,0.000965301901987,7.63292300627,0.000140510746037,0.0332864406683,-50.6430492895,74.901050546,-0.614790320396,2.23136826605,0.167964920402,0.0737677150436,12.256039648,6.85153976675,1.0771631486,2.05111636904,5.12015278144,-1.50647854729,-0.495831834956,0.829275223487,1.44162836582,0.055560321264,-0.0105465229266,-0.596082464653,0.025214178341,-5.26950016782,1.20523455479e-15,2.8285049547e-09,-7.11497864721,5.45902583818e-08,0.000749887156649,-5.686590369,2.13997138153e-12,7.03106400982e-07,-2.97463756613,8.27897554408e-06,0.0140748471494,-3.29241650751,2.40868195686e-11,3.00943229996e-06,-4.09521460355,3.25636688344e-06,0.00879812205833,-1.77325654663,7.96025724308e-06,0.0178027237369,-0.807046781375,7.00896767998e-09,0.000123609373386,-2.94709629081,4.72910111836e-07,0.00220864120453,-0.0341077406839,9.89042207715e-08,0.000626568911169,-7.34415599372,7.02846672777e-07,0.00476803040039,-4.51140713504,3.49705270388e-08,0.000670306922755,-2.70364600444,0.130151048792,0.313104143388,-5.24756219521,1.75147909558e-07,0.00159659366215,-2.78590017539,1.66214996146e-07,0.00113056147007,-4.79786250108,0.00439221255297,0.562741637267,1.66799851806,-0.00943085241833,-0.553417965415,-4.69046376099,1.25510482971e-05,0.0190887848982,-5.37411304558,0.00330802447461,0.327190652506
gradient,0,0.49,0.5,True,50,5.44568724284,7.84030729556,0.462164200697,-1.13507565592,-0.407700602587,0.00745164100857,1.79176098958,1.51994390665,0.0670814822483,0.053314614036,0.881193705103,0.49728335935,0.495861062033,0.355598957337,0.102962505108,0.0014950410463,3.67461552542,0.54391582395,0.615044245272,12.3241341665,3.44253522296e-17,9.53263379259e-11,10.1576820782,1.53719587378e-09,2.76690924553e-05,11.4858537939,6.5741855587e-14,2.6328497214e-08,8.90507000306,5.39839105847e-07,0.00148415081144,11.3458784172,9.98289062098e-13,1.60812491043e-07,9.23313537884,1.27764959341e-07,0.000552396841541,8.57144382978,5.64589011565e-07,0.00236813594735,9.92208067763,1.17254378142e-09,3.00114894728e-05,9.61498473447,2.43352232257e-08,0.000173379670562,9.26878789485,1.71557798831e-08,0.000224416068945,9.49719847925,2.23684071771e-08,0.00020676355404,9.81822834385,1.32099865877e-09,3.52073295294e-05,5.84835164387,0.0222037465803,0.361256666389,9.82628200938,7.00322897697e-09,8.67477039348e-05,9.7831415208,8.63055485542e-09,8.72236353874e-05,7.30291768183,0.000265566184015,0.067185124083,6.68470645471,0.00163794492265,0.212508121583,8.98391943477,4.43436180264e-07,0.00114002903404,7.5774069843,0.000178809814025,0.0367048848948,-249.097945687,-3.70502454555,-0.617900967598,2.6129437536,0.389532327652,0.0884112326861,11.2345923285,5.68228319949,1.67404504301,2.42674705474,3.90707338342,-1.32996610472,-0.473998090216,0.677061045724,1.24071768982,0.0656893048984,-0.267958224246,-0.409338113092,-0.138428942835,-5.34957937628,1.54057973467e-15,3.42773165541e-09,-6.78415044014,6.82103372962e-08,0.000852980392476,-4.97566265093,2.40380527147e-12,7.34884351936e-07,-2.32776251819,7.70103152434e-06,0.0121467610594,-2.7381631739,2.33275727641e-11,2.77422900837e-06,-3.06633315041,3.4383827367e-06,0.00806206867173,-1.87529069735,9.14330638718e-06,0.0192982916023,-0.56182772849,3.55729604891e-09,7.50072278475e-05,-1.93138695377,3.20021857066e-07,0.00148123762362,-0.226174538894,1.4659020681e-07,0.000895252293654,-6.96379383073,8.19138017719e-07,0.0051220507359,-4.70929567187,4.24190315151e-08,0.000765915537081,-2.0472474363,0.100517725056,0.323929797342,-4.71358647015,1.74858563205e-07,0.0015572649037,-2.61674944379,1.69727505646e-07,0.00110671476308,-4.6980199442,0.00459614815327,0.5703373678,2.14161432576,-0.0126279599617,-0.667557339436,-3.67163257799,1.33530481868e-05,0.0174727132053,-5.55160219767,0.00382990679887,0.341844422649
gradient,1,0,0.00999999977648,True,50,0.29794464738,1.89875801901,0.940668435026,-2.17610009145,-0.92998434658,0.00691894532858,0.00459756054587,0.00549252394579,-0.000826222877662,-0.000621617412537,-1.97352437198e-05,0.211822807009,0.00849259399108,5.84543677704e-05,1.22568181869e-09,1.48138440858e-18,4.10776988128,0.538541571618,0.674461257551,13.6195961395,3.8194202407e-25,8.17691615003e-17,10.7471971062,1.05080804492e-13,7.11511692562e-08,13.5819423565,6.18009976838e-25,1.18753562372e-16,9.40840695551,1.29500422726e-09,6.17659852829e-05,12.5470538255,1.95142200916e-20,4.78257742277e-13,9.08419670238,9.83402603146e-09,0.000244055608276,9.11283339782,8.27797154469e-09,0.000217454618027,10.0812352308,1.43057361987e-11,2.58324711438e-06,9.73426391624,1.56829272602e-10,1.40889108187e-05,9.62025664548,3.35714122326e-10,2.40260008684e-05,11.4746016095,2.854007402e-16,8.39162810691e-10,10.9624177805,1.85949616897e-14,1.99058742298e-08,7.66061338075,1.98916977727e-05,0.0291009037761,10.4429159402,1.05284902294e-12,3.87993267552e-07,10.5478824233,4.83251335597e-13,2.19366526301e-07,8.83557368632,4.22862965735e-08,0.00064810150547,5.98306771379,0.0117647018648,0.612502073981,9.19745859478,4.84724363395e-09,0.000152299641238,8.70962319022,8.72496354614e-08,0.00104059776771,64.090554426,68.3423124716,-1.47735772654,2.85543136299,-2.41404946521,-0.529713011929,0.00229392989994,-0.208641520234,-0.190005408571,-0.00287512260593,0.1932079405,-2.28327229774,-0.155527490477,-0.00147947569595,-4.24905834956e-08,-6.64128933554e-17,1.52522897262,-0.743474432404,0.744528125906,-3.72987306623,1.67553296361e-23,2.84084124174e-15,1.12172757378,-1.62524425947e-12,-6.7866007017e-07,-2.2294183476,1.76531897495e-23,2.57543881542e-15,-2.41829616975,1.80131240387e-08,0.00062887400646,3.16693478071,-6.26109852537e-19,-1.200004739e-11,1.75059528852,-9.63145581646e-08,-0.00165319536608,-2.49998870012,9.35526821686e-08,0.00198786923684,-1.22685337446,1.38730939377e-11,7.73400441247e-06,4.16657274475,-4.28795091968e-09,-0.000268079206393,1.02899974446,-4.62999031818e-09,-0.0001792521747,-0.146902858113,-4.38352576281e-16,-4.78588164502e-10,-2.02979029174,2.52978349311e-13,2.15014579975e-07,-0.7555048004,6.06747979186e-05,0.0574025667284,3.22614199665,-2.827204492e-11,-7.20517669041e-06,3.06228723995,-1.28399163989e-11,-4.05908311504e-06,-3.61773299177,9.91742357278e-07,0.00955352289604,1.01350489555,-0.0399099608742,-0.337988815229,-0.480709310428,1.09747733651e-08,0.000269033323544,-3.6987078107,1.84365939642e-06,0.0145518537217
gradient,1,0.01,0.019999999553,True,50,0.93885019164,2.58218114373,0.92589485776,-2.14754577782,-0.954124841232,0.00162181520929,0.00462049984487,0.00340610874346,-0.00272627696337,-0.000650368638596,0.00191234416128,0.188990084032,0.00693731908631,4.36596108109e-05,8.00775983737e-10,8.17255475022e-19,4.12302217101,0.531106827294,0.681906538811,13.5822974088,5.4949532043e-25,1.10177573918e-16,10.758414382,8.88283618974e-14,6.43645685545e-08,13.5596481731,7.94541874333e-25,1.44507950526e-16,9.38422399382,1.47513546765e-09,6.80547253475e-05,12.5787231733,1.32531215662e-20,3.58257268377e-13,9.10170265527,8.87088044981e-09,0.000227523654615,9.08783351082,9.21349836638e-09,0.000237333310396,10.0689666971,1.44444671381e-11,2.66058715851e-06,9.77592964369,1.13949763405e-10,1.14081187548e-05,9.63054664293,2.89414219144e-10,2.22334791214e-05,11.4731325809,2.81017214437e-16,8.34376929046e-10,10.9421198776,2.11247451828e-14,2.20560200295e-08,7.65305833275,2.04984457519e-05,0.0296749294434,10.4751773602,7.70128573741e-13,3.15941500648e-07,10.5785052957,3.54852171608e-13,1.78775695151e-07,8.7993963564,5.22037201463e-08,0.000743636734431,5.99320276275,0.0113656022561,0.609122185828,9.19265150167,4.9569913676e-09,0.000154989974473,8.67263611212,1.05686229426e-07,0.00118611630493,69.0920863139,37.1721582101,-0.2910560444,0.894307971001,0.258217569441,-0.261019940845,-0.0242220918025,0.0126814222609,0.00336406759331,-0.0147349421497,0.123435132016,-0.791656404183,-0.055757076708,-0.000547096323241,-1.64518657248e-08,-2.73640350216e-17,-0.32793370515,0.230842176825,-0.229848665134,-0.574217827612,1.43066122085e-24,2.76812696004e-16,0.647778776791,-7.28847714615e-13,-3.24916840541e-07,-0.860960538646,5.58250580449e-24,8.50387185191e-16,0.194738149592,-1.51357459899e-09,-5.09983479774e-05,-0.0825878132483,1.3017435644e-21,9.3890513239e-14,0.936239317875,-5.63224422048e-08,-0.000916443049212,-0.216453438224,-1.0198174644e-08,8.17640638998e-06,0.124651475958,-4.61839572059e-11,-4.274119016e-06,0.766489374863,-1.1249684976e-09,-6.11970193891e-05,0.0991053987071,-1.24391140109e-09,-3.89596874888e-05,-0.700346736747,2.00114821214e-15,4.24426552196e-09,-0.56775145705,6.00579874684e-14,5.43584597567e-08,-0.748207186791,6.89155794938e-05,0.0582027053597,0.671157758637,-7.53173822735e-12,-1.76544475343e-06,0.0184256821933,-1.10802474276e-12,-2.3389510585e-07,-0.796554476092,1.7463388281e-07,0.00188557322875,0.624083759054,-0.0236922683474,-0.252830757618,0.58130622197,-1.47237204484e-08,-0.000335944497267,-0.330284229604,1.057537213e-07,0.00106597655445
gradient,1,0.02,0.0299999993294,True,50,1.67978637366,2.64220118321,0.934847314138,-2.15821393203,-0.924819995191,0.00169854651167,0.00411311870982,0.00574615239101,-0.000758941525796,-0.000916316255532,0.0024489673966,0.195989678926,0.00737745245692,4.75124413056e-05,8.96644504197e-10,9.34103708144e-19,4.10121120718,0.543158415154,0.669864284249,13.6081117829,4.10555248487e-25,8.73054154204e-17,10.7601526818,9.05038501998e-14,6.46528324454e-08,13.5647231458,7.29660092928e-25,1.35761306076e-16,9.41230171851,1.26473273528e-09,6.07460183234e-05,12.5454020692,1.95402549629e-20,4.80135552542e-13,9.10292148874,8.70757718736e-09,0.000225726747291,9.10850432905,8.07400805181e-09,0.000217618146155,10.0837282603,1.33820570546e-11,2.49776473406e-06,9.74959370374,1.3432990265e-10,1.28649704309e-05,9.62223875346,3.10835894304e-10,2.32468071186e-05,11.4605946748,3.25423704443e-16,9.2404812113e-10,10.9510627514,1.97961214391e-14,2.09930434249e-08,7.64564923701,2.12700093626e-05,0.0302649578833,10.4563390954,9.02214258394e-13,3.52684372484e-07,10.548250937,4.61090840742e-13,2.14688624184e-07,8.8196425968,4.57789742297e-08,0.000685812970045,5.99554938898,0.0112908564979,0.607445458828,9.20908471921,4.55276922498e-09,0.000145580751293,8.70301750563,8.93647098874e-08,0.0010619172988,1.34415777838,7.93699500956,1.11351864412,-0.329651108943,1.47531874664,0.048926254791,0.038605842937,0.257598351613,0.126935088702,-0.0629177075161,-0.0204496793866,1.08095850679,0.0731517038077,0.000690765960095,1.95796006698e-08,2.99478647321e-17,-1.63366130905,0.899250525548,-0.898753905028,1.1008957711,-3.89554084038e-24,-7.12534725658e-16,0.587575886559,-8.78374982207e-14,-1.13575837066e-07,0.46464285691,-2.83360874762e-24,-4.53928866075e-16,1.39363090997,-8.56930904241e-09,-0.000329443217711,-1.83543230125,4.48674104442e-19,8.15640683015e-12,-0.096696155554,3.73796632187e-09,8.98625549107e-05,1.56348722019,-7.90837313208e-08,-0.00142237129875,0.0729951385596,5.06569304889e-11,3.42290333479e-06,-1.48051173403,1.31885226148e-09,8.88008283045e-05,0.121132046505,4.15976930987e-10,6.57017778652e-06,-1.10601472184,3.96864555937e-15,8.00342689467e-09,-0.0984441797361,5.81425842301e-14,3.5585322331e-08,-0.124602392607,2.43774428583e-05,0.0108344585167,-0.675332734865,6.81510716117e-12,1.68634742079e-06,-1.98277472434,7.87126171405e-12,2.54448857468e-06,1.04357659711,-2.96577027633e-07,-0.00284178126783,-0.545049494362,0.0199757237994,0.26438467805,1.07291591928,-2.4262233438e-08,-0.00058816431187,1.42040591931,-6.49926185459e-07,-0.00546519113604
gradient,1,0.03,0.0399999991059,True,50,0.965733347207,2.74092104392,0.948165230643,-2.1541388,-0.924618466299,0.00260034030511,0.00539261670361,0.00855807577572,-0.000187575189338,-0.00190872278892,0.00150335057355,0.210609254168,0.00840035316246,5.74749300128e-05,1.19236799713e-09,1.41621276966e-18,4.09034894483,0.549091837805,0.66393146071,13.6043153243,4.71584503623e-25,9.59268794046e-17,10.7701658997,8.7071611933e-14,6.20930518132e-08,13.5689410302,7.37869699381e-25,1.35429373204e-16,9.41209661202,1.3037492868e-09,6.14658609933e-05,12.5420145273,2.22266036551e-20,5.2138540498e-13,9.09976873215,8.94563977625e-09,0.000229320905713,9.11910325522,7.63182373996e-09,0.000208885884421,10.0704265998,1.54576057478e-11,2.7290452252e-06,9.74631940901,1.40326808635e-10,1.31841353208e-05,9.63296928386,2.97733757764e-10,2.23648826771e-05,11.4510122865,3.60390125624e-16,9.94445466939e-10,10.940150994,2.22875968674e-14,2.27677264761e-08,7.65056628489,2.09859946091e-05,0.0298916186138,10.4616707055,9.06430716965e-13,3.49668449064e-07,10.5388498012,5.12277405889e-13,2.29665466644e-07,8.82026788834,4.62721795936e-08,0.000686801109074,5.98230177286,0.0117651167321,0.614409879389,9.21410982006,4.47174669884e-09,0.000143226688236,8.7010442305,9.26877057165e-08,0.00107681248221,-8.75005358823,40.1930207019,0.827380727977,1.19008274004,-0.596284750849,0.101612758143,0.519403870892,0.477565435756,0.0505432863057,-0.099369021895,0.110586211605,2.68917892184,0.21441019742,0.00238623525054,8.82802193525e-08,2.01696433397e-16,-0.893295047523,0.350090033524,-0.352484003105,-1.59328590157,1.75161977726e-23,2.51531564734e-15,0.885091786547,5.02130898206e-13,2.52066996584e-08,-0.547984043889,1.88017082764e-23,2.26231420936e-15,-0.877423333457,1.57977201209e-08,0.000377478817853,0.305184631715,2.17471231662e-19,2.79991147079e-12,-0.125434939033,5.54876033783e-08,0.000517378405163,0.187281966263,1.08937644661e-09,-8.03485246067e-05,-1.73561637375,2.89774283302e-10,3.14762171644e-05,0.627218301963,1.54256711618e-10,-1.1266387381e-05,1.0976004256,-1.13571031278e-09,-8.38152986572e-05,-1.36446003644,8.50352587203e-15,1.50297696039e-08,-1.88124056839,5.2944395283e-13,3.55671630172e-07,-0.0725620146385,6.09384212626e-05,0.0101368393167,1.06601280528,3.25327246867e-12,-2.99366222437e-07,-0.274234568,3.7396207144e-12,9.10364754504e-07,-1.1858272663,5.12406994654e-07,0.00396385571663,-1.0550309398,0.0390522800628,0.505114822179,0.0100544773768,2.52328210981e-08,0.000274167687449,-1.35679265971,1.15980904537e-06,0.00675248959544
gradient,1,0.04,0.0499999970198,True,50,1.50478530189,3.44606159725,0.951394928697,-2.13441227723,-0.936745690208,0.00373080167453,0.0145011961277,0.0152974611061,0.000251924200317,-0.00290369669343,0.00466069162869,0.249773257363,0.0116656564053,9.52371463164e-05,2.66224889125e-09,4.96803237608e-18,4.08334530623,0.550160215825,0.662814604187,13.5762460649,7.60879203938e-25,1.37611728367e-16,10.7778545175,1.00546468164e-13,6.51569664386e-08,13.5537634649,1.10569425846e-24,1.81007590263e-16,9.39475325184,1.5806871377e-09,6.82955946804e-05,12.5515057619,2.38896795961e-20,5.36133781957e-13,9.10041278996,9.81732925493e-09,0.000236074315395,9.11224996838,8.09579558074e-09,0.000216011175663,10.0490159328,1.91775427206e-11,3.12728907735e-06,9.76213806978,1.37415036883e-10,1.26396426833e-05,9.64419076197,2.88121688048e-10,2.15705011455e-05,11.433305474,4.95494221883e-16,1.22464351321e-09,10.91343794,3.03850004957e-14,2.81064760283e-08,7.64419799672,2.24887777879e-05,0.0304676946697,10.4776593515,9.67279707768e-13,3.46697048035e-07,10.5427662456,5.3588325503e-13,2.32895919274e-07,8.79592605147,5.60271141228e-08,0.000765090084378,5.97444877018,0.0120719020991,0.617547755272,9.20928580876,5.05742564694e-09,0.000151064105042,8.67588165244,1.12560890795e-07,0.00119696709071,119.92281747,51.3069759632,0.128016753122,3.18864187133,0.058076992631,0.0247684834546,1.06697221079,0.864022279115,0.166214901446,0.0442195415897,0.486668616801,4.04434256126,0.383448593585,0.00510433368958,2.55317247975e-07,9.35532042533e-16,-2.18657177224,0.821401867733,-0.826104749977,-3.23921201512,4.62678866629e-23,6.08945284465e-15,1.63103147052,1.08704349134e-12,1.17446987385e-07,-2.91517971658,7.48485685335e-23,8.56880176284e-15,-0.663661584391,1.89992582662e-08,0.000406380223672,-0.26979847646,7.68936711776e-19,1.00315798989e-11,1.57690193005,6.3664877418e-09,-0.000663314854094,-0.761286404444,4.67259726839e-08,0.000750180684516,-1.68032972697,3.2871780813e-10,3.36927177202e-05,1.8834925932,-5.93579722175e-10,-7.05886717806e-05,0.878351218855,-8.0597111954e-10,-6.33978498741e-05,-3.57915858117,3.53098077189e-14,5.28831714823e-08,-3.61935467512,1.38168945204e-12,8.34864152674e-07,-2.09926144275,0.000326533034291,0.179864282591,2.00150150764,4.15399452865e-12,-8.25854071904e-07,-0.778250827269,1.17627586043e-11,2.63625349586e-06,-3.3799617091,1.47995515182e-06,0.0113940995176,0.133884527748,-0.00299060511522,-0.172640197757,0.867218729677,2.65048096837e-08,6.41704075221e-05,-2.37862100108,2.14903819624e-06,0.0121370752172
gradient,1,0.05,0.0599999986589,True,50,3.36418969662,3.76706056318,0.950725565705,-2.09036596257,-0.923456926447,0.0030957099742,0.0267320609193,0.025838521358,0.00313672283958,-0.00102433195713,0.0112367229096,0.291496105393,0.0160693250342,0.000159561603804,6.29871295664e-09,2.01268536203e-17,4.04661750938,0.56551987516,0.64740936571,13.539531084,1.39694223688e-24,2.17715936298e-16,10.8027865291,1.0881248176e-13,6.44419915609e-08,13.5106374359,2.23484107005e-24,3.06805408461e-16,9.39882338033,1.68373445212e-09,6.95934654668e-05,12.5366185577,3.76053378906e-20,7.22017002959e-13,9.13130677076,9.07296953109e-09,0.000216054608631,9.10387752713,8.56634319364e-09,0.000223889498111,10.0368200053,2.20319619104e-11,3.40289957961e-06,9.78398926087,1.28455214192e-10,1.17723618852e-05,9.65053630823,2.81614335373e-10,2.10969256796e-05,11.3794291149,1.06658628e-15,2.05210889659e-09,10.8677639005,4.99213859083e-14,3.94650095296e-08,7.60858105604,2.75166552949e-05,0.0334889042656,10.5017007356,9.89510607538e-13,3.33151367626e-07,10.5232847847,7.47532577975e-13,2.82390536561e-07,8.75266865416,7.587128263e-08,0.000914683099427,5.98497946342,0.0117053046298,0.610957075434,9.23145419465,5.00184289251e-09,0.000144510096386,8.65347181048,1.35668469641e-07,0.00131955398656,148.656675861,40.4433486079,-1.15075486526,4.74755480513,1.5603580391,-0.150860888917,0.915935201914,0.893008025379,0.118149765836,0.205440064996,0.401895406916,2.97712895798,0.336083005421,0.00524479179524,3.30483333335e-07,1.62968584689e-15,-2.94855824157,1.28217378664,-1.2847946814,-3.90214353367,8.62399472903e-23,1.01368221931e-14,2.57340535788,-3.07775112885e-13,-3.93796721442e-07,-5.0838624367,1.49435263595e-22,1.61918862743e-14,0.623740566082,5.62161889455e-09,2.25082546492e-05,-1.48616216603,1.55643138413e-18,1.9852455042e-11,4.15512288718,-1.33377297345e-07,-0.00285654545618,-1.85649278418,1.03843909115e-07,0.00178125256163,-0.357236561449,1.19028940682e-10,1.05159427385e-05,2.69392296331,-1.22790180824e-09,-0.000108644182239,-0.165184231377,1.86027845321e-10,1.32411002613e-05,-4.85790670613,5.90335835514e-14,8.10937372306e-08,-4.09078882469,1.934090197e-12,1.08526065793e-06,-4.34526717756,0.000630042737439,0.385971369578,2.49276076962,-4.10315952726e-12,-2.27416123347e-06,-1.37549993409,1.79185029837e-11,3.95603331361e-06,-4.9052664003,2.4976113607e-06,0.0181627414563,2.25562859544,-0.0767873810642,-1.31456703201,2.67966525686,-3.45234155516e-08,-0.00106912126007,-2.49301052411,2.67432465158e-06,0.0139723351141
gradient,1,0.06,0.070000000298,True,50,4.47791881911,4.25492856941,0.928379831392,-2.03946118113,-0.905538529426,0.000713583896196,0.0328199001659,0.0331576216137,0.00261491951703,0.00120510460648,0.012698599767,0.309315836522,0.0183873165137,0.000200132982221,9.27191555794e-09,3.75617493139e-17,4.0243741414,0.575803691558,0.637118710559,13.4982031942,2.48567814974e-24,3.40348172229e-16,10.8293226247,9.43909659062e-14,5.72810320097e-08,13.4520862161,4.09439953035e-24,5.04845315749e-16,9.40722806316,1.69311951559e-09,6.87457597734e-05,12.5217825185,5.50183072787e-20,9.33182882797e-13,9.1835152477,7.14978330804e-09,0.000178943406271,9.0751201127,1.0172673763e-08,0.000251636226896,10.0418712016,2.15581215343e-11,3.33760793212e-06,9.81601652904,1.12857000718e-10,1.04667590385e-05,9.64088707734,2.91842244955e-10,2.18353231507e-05,11.3361473399,1.67616589291e-15,2.84651825782e-09,10.8316221635,6.90668044356e-14,4.9811689187e-08,7.55729265317,3.50896325366e-05,0.0381871220612,10.5275145669,8.85216517222e-13,3.01213823366e-07,10.5152562469,8.94253314704e-13,3.12016585546e-07,8.69782072346,1.05979341337e-07,0.0011283449135,6.01956134209,0.0105361544779,0.591256414632,9.2628791139,4.36695733591e-09,0.00012968167984,8.62602144196,1.66047383827e-07,0.00147641379299,39.9205947749,48.0232030107,-2.10150787234,5.48884619027,1.70066816173,-0.0770766726176,0.697552057103,0.804860957498,0.273695601293,0.193341782272,0.253002839163,2.31622026111,0.308596363461,0.00567295436518,4.62448234295e-07,3.25060762038e-15,-2.57719018502,1.11104561367,-1.11619624039,-4.4394859158,1.59649136711e-22,1.65226493385e-14,2.67949496029,-8.10307265831e-13,-5.10305464375e-07,-6.02370779574,3.19824195028e-22,2.9997746815e-14,0.694221263657,6.59655824683e-09,8.75320490512e-06,-1.31105632353,1.68651750969e-18,2.00664431627e-11,5.53229364178,-1.98661372066e-07,-0.00369706095234,-2.86375499997,1.76216766324e-07,0.00293122382006,0.0102263784447,9.87234273259e-11,6.41571304989e-06,3.63738475659,-1.88100279807e-09,-0.000147311680026,-0.937018342919,2.24191186981e-09,0.000106439316291,-4.9206043218,1.08689495265e-13,1.22746989948e-07,-4.27024498467,3.24469400502e-12,1.55370972852e-06,-5.19197669119,0.000882139425355,0.50285347467,2.82360379268,-8.18327109682e-12,-2.87144397822e-06,-0.841908599326,1.54511385163e-11,3.12823604451e-06,-5.7140704538,3.75552459337e-06,0.0246519354391,3.22840665665,-0.103566511641,-1.91781970781,3.1651835477,-5.38534501935e-08,-0.00134350854673,-2.93399171968,3.49833204556e-06,0.0173984006842
gradient,1,0.07,0.0799999982119,True,50,4.16260159211,4.7275246234,0.908695408258,-1.98058903877,-0.889443563212,0.00155417652185,0.0406831020614,0.041935740508,0.00861063486544,0.00284250368831,0.0162967796928,0.337820510615,0.0222412523034,0.000273020691108,1.55476776425e-08,8.51390060279e-17,3.99507370568,0.587740787433,0.625085440903,13.4507413656,4.58992497109e-24,5.48168923068e-16,10.8563764283,9.26063364431e-14,5.42358822734e-08,13.39016328,8.63132497061e-24,9.06760344762e-16,9.4127078056,1.81566561706e-09,6.97685295649e-05,12.5103974313,7.13356880845e-20,1.12334586621e-12,9.24195264359,5.09974208978e-09,0.000142113389584,9.04660242713,1.20906785201e-08,0.000282513974512,10.0370245329,2.4006430457e-11,3.5312138406e-06,9.856736956,9.08351582303e-11,8.82612828471e-06,9.63179594137,3.26452572769e-10,2.32257120055e-05,11.2810170284,3.24037618531e-15,4.50704869554e-09,10.7823590008,1.14815266009e-13,7.05392041e-08,7.50474152221,4.5159443802e-05,0.043545973759,10.5581728115,8.25845185601e-13,2.75722488061e-07,10.5064466127,1.0565553483e-12,3.44955257452e-07,8.63838724509,1.50981774497e-07,0.00140772180821,6.04954759655,0.00963397439694,0.572600681278,9.2947578656,3.92477388864e-09,0.000117639925452,8.59479197609,2.05635110552e-07,0.00166752200024,87.1770892559,18.3406406739,-2.73724521324,2.4601941444,0.446157549508,0.0226156912222,1.05334167419,0.972760134645,0.318388055406,0.0678795747379,0.45569497816,3.15478102762,0.470946116532,0.00989172350692,1.03087602856e-06,1.09224170684e-14,-0.192944228761,-0.362872019476,0.348979189892,-2.75268118649,1.8264941696e-22,1.66888860827e-14,-0.643777736038,3.15973761212e-12,9.45188508271e-07,-4.1362035875,4.67615763285e-22,3.77409710328e-14,-0.759622839459,2.53981982842e-08,0.000484731645945,-0.622694333492,1.89590788657e-18,2.00208687459e-11,2.53515683625,-5.33896431467e-08,-0.00126651772643,-2.98402278489,2.29627935764e-07,0.00348529878815,0.753329924225,2.45959704586e-11,-2.98943308603e-06,2.16826891345,-7.4749878792e-10,-6.9569675201e-05,-2.00694045721,5.98051146986e-09,0.000261117246135,-2.04006643432,8.55657908878e-14,8.50525909482e-08,-1.69930667178,2.1920748809e-12,9.27818403161e-07,-3.73143204849,0.000846996572221,0.390495373231,0.276798745654,1.42328507673e-11,2.08682600593e-06,0.578283466711,5.8303836679e-12,7.14142320086e-07,-3.68961044529,3.36250062422e-06,0.0189440993164,2.91261736839,-0.0840928223136,-1.82492317017,-0.0672894727607,5.19788636467e-08,0.000569797465176,-2.23545394707,3.44691743157e-06,0.0149934572181
gradient,1,0.08,0.0899999961257,True,50,6.22146060423,4.62174138289,0.873634927127,-1.99025729824,-0.896615378436,0.00116589772064,0.0538867336497,0.0526128243066,0.00898268062516,0.00256269610124,0.0218124993302,0.372411457075,0.0278062388444,0.00039796745236,2.98894361292e-08,2.56010090682e-16,4.02051525682,0.568546251168,0.644098294357,13.4431495705,6.13866648894e-24,6.74125893884e-16,10.8164470699,1.57585718149e-13,7.61848021752e-08,13.3693621444,1.34467147961e-23,1.25966473641e-15,9.39203560637,2.20108348127e-09,7.84403926923e-05,12.5093286319,9.29364650101e-20,1.33360025772e-12,9.23421838443,6.0819904451e-09,0.000153613051742,9.015439657,1.47652324783e-08,0.000321342202659,10.0569378001,2.20500409434e-11,3.2778192704e-06,9.85938190731,9.79070249593e-11,9.07536553449e-06,9.6007482682,4.11452474352e-10,2.70576680734e-05,11.2953460112,3.38748171067e-15,4.54757007678e-09,10.7976360301,1.12908302054e-13,6.83680572502e-08,7.4826640122,5.20295639811e-05,0.0459970295258,10.5330505418,1.16987353257e-12,3.42950343484e-07,10.5268219162,1.01086098806e-12,3.26299431948e-07,8.62402851456,1.73229353821e-07,0.00150722689983,6.07781368946,0.00885429803158,0.554757951228,9.26153332444,5.40653460884e-09,0.000141077629144,8.58131236301,2.34985732458e-07,0.00177628293736,79.3847415602,-14.2524365919,-3.48578835186,-0.200722198933,0.0175297614187,0.0416064144082,1.70247937716,1.28477887079,0.400402993362,0.0379144192395,0.807275324762,4.17955334052,0.762062649865,0.019591631415,2.87824690985e-06,5.25557392317e-14,1.36965797852,-1.45944547231,1.42942094505,-1.08309508786,2.20925427013e-22,1.70389016287e-14,-3.87168401112,1.0530398436e-11,3.06296005888e-06,-2.91750382833,8.31477708227e-22,5.62413140076e-14,-1.51648032697,3.82475505182e-08,0.00077718301004,-0.787371656551,2.91142893406e-18,2.89920557978e-11,-0.0307824682878,8.36636581044e-08,0.00078708602499,-3.02741508819,2.81105755908e-07,0.0039723918487,1.94252610577,-1.11222025406e-10,-1.91767982284e-05,0.45910846919,6.9995513531e-10,1.99459375997e-05,-3.31080949526,1.15494729747e-08,0.000471448750277,-0.0518815396856,8.95586185048e-14,6.85429623906e-08,0.604696628873,9.46877844708e-13,2.54950162329e-07,-3.0880474276,0.000997221252729,0.353340165272,-2.51806534741,5.35121154043e-11,9.09287341598e-06,1.22842386119,3.74429316293e-12,2.3133595614e-08,-1.97417323606,2.89649134843e-06,0.0132915145919,3.17158986764,-0.0831223547606,-2.01063431645,-2.75430555123,1.68858534462e-07,0.00236122879151,-1.27664226635,3.23246442987e-06,0.0110698049473
gradient,1,0.09,0.0999999940395,True,50,5.75029642332,4.44247589156,0.838979641221,-1.98460348275,-0.889092967983,0.00238630481002,0.0747326896046,0.0676313179237,0.0166186947327,0.0036007920731,0.0324422861881,0.421411577425,0.0374825053007,0.000664853319408,7.31126158396e-08,1.13625379066e-15,4.02246686525,0.558551877987,0.653673859804,13.4290794639,9.00843351135e-24,8.88946955642e-16,10.7789427481,3.03214305162e-13,1.15495083451e-07,13.3318132034,2.52608791352e-23,2.03158662491e-15,9.38237819906,2.58061662742e-09,8.53121897657e-05,12.4946499981,1.29564266766e-19,1.70318698217e-12,9.24133699422,6.77301525186e-09,0.000157855110084,8.98605412537,1.77127936383e-08,0.000361961811486,10.075875055,2.17819899488e-11,3.14767787604e-06,9.86591912539,1.04834260936e-10,9.2250470367e-06,9.56557975147,5.57442032264e-10,3.2654687011e-05,11.2799793976,5.0315485554e-15,5.87790794335e-09,10.7944529334,1.33752822903e-13,7.56382073466e-08,7.44298057366,6.51038688566e-05,0.0506127770644,10.5078115045,1.89608749369e-12,4.57579956381e-07,10.5310150899,1.13144121156e-12,3.45417929364e-07,8.59890378036,2.08911601466e-07,0.00167355210005,6.1129793939,0.00797152730173,0.532387994949,9.23967175458,7.30194457788e-09,0.000164864501282,8.56925913076,2.7028439915e-07,0.00188891809919,28.8567673411,15.3195475553,-1.98773342744,1.458362367,-0.176717028022,0.0717575695627,1.41826951089,0.748521785231,0.351667850492,-0.132997594812,0.614850997982,2.90481228627,0.593378204708,0.0169534840499,2.92085115544e-06,6.56853123873e-14,0.269125129062,-0.566932859211,0.544940232901,-2.16033617066,3.27429649117e-22,2.44797370466e-14,-1.47433158788,8.06928975306e-12,2.04571411436e-06,-3.01012181359,1.10752845636e-21,6.97516599666e-14,-1.00906242586,2.89988702665e-08,0.000547319643073,0.106077632783,7.84621682924e-19,7.52836344013e-12,0.849753554466,2.94554857066e-08,4.11682072825e-05,-2.12725260331,2.08320611401e-07,0.00293861860213,0.169047070146,1.96789822553e-10,1.0781251165e-05,1.45360952168,-5.68808821582e-11,-2.75790913026e-05,-1.48345435847,6.83169725663e-09,0.000252502914838,-1.35711121577,1.07852842511e-13,8.99323623911e-08,-1.3549403675,2.51550390966e-12,9.63195008797e-07,-2.58290489187,0.000885260727674,0.303916349614,-0.413808266332,3.51771745491e-11,5.02720329556e-06,0.941367980549,-8.44353194225e-13,-5.66680052106e-07,-2.74474656683,3.92366809966e-06,0.0181849478086,1.78782090346,-0.043694901193,-1.20063318544,-0.980456799947,1.01355675418e-07,0.00119498884482,-1.80753806389,3.75938406366e-06,0.0139773551648
gradient,1,0.1,0.109999999404,True,50,6.79859595105,4.92813233399,0.833880258579,-1.9610900509,-0.900149718996,0.00260104911189,0.0822521238675,0.0675832600112,0.016016037635,-9.72557950009e-05,0.0341095192898,0.4305077028,0.0396738029385,0.000737037133357,8.83064592379e-08,1.56971633843e-15,4.0258977594,0.557207593984,0.654997099015,13.3999428471,1.26872594713e-23,1.16372063482e-15,10.7869604382,3.1897151321e-13,1.17099084462e-07,13.3091597081,3.55972839232e-23,2.65469793574e-15,9.37185435785,2.7810608866e-09,8.93867855538e-05,12.5114501845,1.08628898669e-19,1.48416752652e-12,9.25121345551,6.67110015923e-09,0.000154436415888,8.97289460493,1.89316447063e-08,0.000380114574701,10.0603187415,2.59858373945e-11,3.4934442937e-06,9.88845409775,9.67694073162e-11,8.52378370843e-06,9.57107918103,5.48086419485e-10,3.21077263702e-05,11.2682037869,5.54453856088e-15,6.3462173246e-09,10.7705372227,1.63218380247e-13,8.76319574261e-08,7.43100591436,6.97347785345e-05,0.0520753565181,10.5247743764,1.87341702355e-12,4.43494409395e-07,10.5456492759,9.93973924178e-13,3.14965830906e-07,8.56913358322,2.51702715814e-07,0.001870925856,6.11357010752,0.00798040000772,0.530745287519,9.24192418845,7.4336481172e-09,0.00016497740604,8.54516160174,3.10173413731e-07,0.00205583004065,75.5738696367,61.2429753843,-1.95068382379,2.06989477202,-0.596231516451,0.121284314935,1.58180899411,0.640977349986,0.360590478697,-0.369863753934,0.444175931979,2.67841545089,0.689326880837,0.0248278108675,6.26554935266e-06,2.45340287038e-13,0.611402786842,-0.584074205243,0.555225540545,-3.09121722509,9.33561893336e-22,5.69338719286e-14,-1.19541843895,1.42966635028e-11,2.86863030978e-06,-3.42799883879,2.59286459943e-21,1.35830873975e-13,-1.25138842082,3.6102527201e-08,0.000650868318908,0.746922248747,-6.02586657063e-21,-1.42784272488e-12,1.13598376685,8.17346662626e-09,-0.000199996647751,-2.33428373717,2.6397983298e-07,0.00356545455047,-0.634835989098,5.3002630589e-10,3.35384525957e-05,2.05900257602,-4.93827361293e-10,-5.15721110681e-05,-1.24146887206,8.4438816595e-09,0.000272687445404,-1.38896999724,1.22743489689e-13,9.32767284722e-08,-2.10039273878,4.58050282465e-12,1.57566446008e-06,-2.677423559,0.0011347022048,0.33590621673,0.0839377983566,4.34194454682e-11,5.14937802944e-06,1.48646964891,-7.37608000138e-12,-1.95929912847e-06,-3.51118178602,6.35008291976e-06,0.0260866250151,1.50349030568,-0.0318157669037,-1.09300594569,-0.764386411877,1.13336523809e-07,0.00113093361519,-2.58246840457,6.41852643827e-06,0.0212045096745
gradient,1,0.11,0.119999997318,True,50,7.26177381605,5.66733539924,0.799965964746,-1.94320558731,-0.901017598312,0.00481199110872,0.106368869487,0.0804508649235,0.0238305043066,-0.00379648300557,0.0413258048277,0.474979886443,0.0512690429174,0.00116140953676,1.98423602893e-07,6.04305953143e-15,4.03469492099,0.546870393882,0.664778370615,13.3672551194,2.76796713781e-23,2.02762439421e-15,10.7550343793,5.89147575217e-13,1.72867689647e-07,13.2632532266,7.71181711237e-23,4.74820410442e-15,9.35735043065,3.30266717144e-09,9.83295561438e-05,12.5095884431,1.29443749434e-19,1.67463012767e-12,9.26405666956,6.93648458439e-09,0.000153855177129,8.93936845063,2.29923902979e-08,0.000433270902496,10.0631783352,3.23825160666e-11,3.81844692795e-06,9.90709917691,9.49577137106e-11,8.19360481534e-06,9.54075037403,7.26319665454e-10,3.81084359191e-05,11.2521999977,7.48641834918e-15,7.74344251279e-09,10.7524450786,2.25362879396e-13,1.07151496548e-07,7.38943210248,8.77979129527e-05,0.057330901399,10.5094902605,2.76447640305e-12,5.6056751697e-07,10.5607444829,9.83919611532e-13,3.06231946794e-07,8.52868014464,3.35913259861e-07,0.00219528460035,6.14304920002,0.00733521196366,0.510527876035,9.22438402634,9.56867505407e-09,0.000187483173586,8.51760976267,3.98654927915e-07,0.00231300829268,19.7973272246,72.2385401042,-2.46492627636,2.0136977993,1.20364233293,0.284313089426,3.14019683663,1.40520538464,0.999120802946,-0.241755038702,0.760453426904,5.00347518631,1.52553602125,0.0660121450123,2.30823239875e-05,1.49660480754e-12,-0.878355827855,-0.207489384893,0.146580523216,-2.99282490794,1.77662828065e-21,9.75251063241e-14,-2.97975061876,4.03000322722e-11,7.29589350669e-06,-4.8503989356,7.33544222753e-21,3.27487755069e-13,-0.0726048782532,2.31060382261e-08,0.000327876392136,-1.64171031785,5.99149928232e-18,5.19837607821e-11,1.3790217948,2.39146658468e-08,-7.48363643091e-05,-2.212669847,2.94104716542e-07,0.00368175278162,0.293178858976,5.99359603964e-10,3.04037978393e-05,0.606752315048,1.34764802842e-09,4.08067249664e-05,-2.83554684247,2.34680064552e-08,0.000673498270471,-3.31712423609,4.25467647862e-13,2.85410468604e-07,-2.63727360675,9.08962085813e-12,2.78679853468e-06,-4.52147091205,0.00222910384804,0.591260215469,-2.38777665099,1.78047644816e-10,2.05148848451e-05,-0.264606689434,1.86133396671e-11,2.99192061467e-06,-4.01760379684,1.04757815341e-05,0.0359730348494,2.66732068309,-0.0557893232333,-1.85699283912,-0.704926870559,1.77515067601e-07,0.00160801773491,-1.88703642193,7.63650868078e-06,0.0200814957021
gradient,1,0.12,0.129999995232,True,50,7.19454249554,6.37290313608,0.784581733052,-1.92081609491,-0.876076872338,0.00828731090042,0.1450560606,0.0956873677041,0.0359984536939,-0.00493235656903,0.0493185878279,0.530577206526,0.0701845233635,0.0020572800336,5.49952938988e-07,3.15018124893e-14,4.00833064285,0.553057806286,0.657928709479,13.3400863489,4.82198250844e-23,3.1142227613e-15,10.7273654258,1.12497215865e-12,2.63016954596e-07,13.2121517294,1.82306128474e-22,9.20445303713e-15,9.37040226029,3.24318165112e-09,9.59443133965e-05,12.4786159782,2.28458884315e-19,2.52384274216e-12,9.27879389141,7.14939347617e-09,0.000152939688602,8.92864120799,2.48137390372e-08,0.000453749630334,10.0661823187,3.79730294738e-11,4.10152025049e-06,9.90058914405,1.23722367885e-10,9.33991820776e-06,9.51436824418,1.01744654859e-09,4.55776917796e-05,11.2018613022,1.40538915181e-14,1.20544266967e-08,10.7177917506,3.45010797409e-13,1.4336792812e-07,7.34057649612,0.000114316855495,0.0639005608275,10.4770188434,5.43436991987e-12,8.53792106297e-07,10.5403571421,1.36624071752e-12,3.74804243199e-07,8.48878150729,4.61218346496e-07,0.00259038655299,6.16691652119,0.00686461354306,0.493605430737,9.22782565103,1.09839494692e-08,0.000197137760738,8.5074208733,4.62903587347e-07,0.00245745995469,277.554122443,78.7768826618,-0.293305734172,2.56213605404,2.11273542419,0.434065966464,2.65269846577,2.06816766749,1.34756895387,-0.0562898002936,1.10701224306,4.67657152379,1.75981625044,0.0930718109972,4.58327065683e-05,5.05653140437e-12,-3.65924234368,1.05204909882,-1.12726485026,-2.34119999646,2.5106549e-21,1.16249533586e-13,-1.30206042675,5.06991514517e-11,7.36901314442e-06,-3.89439307445,9.62881209515e-21,3.87752867208e-13,0.550366100534,2.32193947531e-08,0.000214620829497,-3.19583586322,1.42168721083e-17,1.12814590179e-10,1.51202601355,1.39172390283e-09,-0.000303666738292,-0.138454689682,4.13051493026e-08,0.000375605634705,-1.00195355788,1.21101918658e-09,6.49991710389e-05,0.186596346976,9.82533561513e-10,3.50952604924e-05,-1.31637631612,2.16359785849e-08,0.000491792265713,-5.40838456848,9.51005453819e-13,5.58158641209e-07,-3.68440961422,1.50738740877e-11,4.11033258042e-06,-3.99258695359,0.00240733545012,0.547963861392,-1.28532019438,1.65060281093e-10,1.71871125452e-05,-2.90712044745,6.10830833107e-11,1.040230219e-05,-2.87537836807,8.61546424492e-06,0.0277721678806,0.97992793256,-0.0152482140339,-0.930588209497,0.411451481862,1.65857569843e-07,0.000997395802749,-1.06404155474,6.84669843381e-06,0.0146325669082
gradient,1,0.13,0.140000000596,True,50,12.8128562649,7.24287305248,0.794099850062,-1.89196286623,-0.858762889829,0.013493310438,0.159422838802,0.121814218273,0.0507818833841,-0.00492227901145,0.0634660496889,0.568511316919,0.0864653679262,0.0030228457567,1.11507773426e-06,1.07173687619e-13,3.96151007412,0.567911375858,0.642233073609,13.3204311194,7.7892769378e-23,4.35261506594e-15,10.7289931708,1.60313060425e-12,3.20247952535e-07,13.1853653651,2.69694413027e-22,1.25032614486e-14,9.36835775266,3.7670550665e-09,0.000102621972734,12.4456717259,4.13781191601e-19,3.93092193126e-12,9.29429718983,6.96431906245e-09,0.000147781842363,8.93659935683,2.38184932839e-08,0.00044078301519,10.043139264,5.66028997983e-11,5.11843034873e-06,9.91083110385,1.14608384941e-10,8.89551002519e-06,9.51442284771,1.15903923715e-09,4.79442812333e-05,11.1440323063,2.65065274256e-14,1.8906615337e-08,10.6787568863,5.2684036115e-13,1.89358148157e-07,7.30958036341,0.000135944621955,0.0682901786269,10.4837838566,6.06568202491e-12,9.04309767875e-07,10.5026020739,2.20558127775e-12,5.14277990594e-07,8.47117257728,5.0822254476e-07,0.00275072795796,6.16264775867,0.00703024768298,0.491916111845,9.23261305598,1.28858264509e-08,0.000207431089641,8.49632893158,5.35588896592e-07,0.00260565963084,315.857842804,71.9191779721,0.654555451125,2.76898702979,1.97409042763,0.542165919816,1.37083282534,2.4267804249,1.33864321567,-0.195422727346,1.0009974306,3.39331076612,1.58758939529,0.10069181702,6.44723855227e-05,9.88252701087e-12,-4.22031306638,1.37178388957,-1.44278998595,-1.89557766009,3.60680668052e-21,1.42057866719e-13,0.264430341184,3.84317745444e-11,4.6269888285e-06,-2.86180370477,1.24787802272e-20,4.34530492795e-13,0.222192194918,4.10302133467e-08,0.000433004665519,-3.46126404028,2.9440251539e-17,1.95382127676e-10,1.92225412301,-5.48993973668e-08,-0.00087521490867,0.600380321332,-6.46582742039e-08,-0.000916144630658,-2.01217559104,1.98498682406e-09,0.000101820622854,0.720106156704,-2.8593823976e-10,-1.95336101969e-05,-0.511316463166,2.16769559772e-08,0.000387616872241,-5.35617665135,1.51547580542e-12,7.6086071762e-07,-3.5596630973,1.9098757836e-11,4.59732312063e-06,-3.33408070134,0.00250030008008,0.481095337378,0.206334626897,9.96774402797e-11,8.34168422986e-06,-3.57890080015,1.0315104318e-10,1.53195958153e-05,-1.82752668761,5.41806662997e-06,0.0175532254276,-0.190622990567,0.0122568572661,-0.348915206301,1.10651096072,7.36303597764e-08,0.000122157592193,-1.00422966925,7.554466167e-06,0.0143428720586
gradient,1,0.14,0.149999991059,True,50,13.5116993516,7.81128669552,0.797672842074,-1.86543635432,-0.836595063785,0.0191306292967,0.172472717107,0.144222976202,0.0627713180074,-0.00884081111595,0.0693385364398,0.598443421849,0.101936311269,0.00407111637401,1.83940064944e-06,2.29152352707e-13,3.92392438152,0.580493484078,0.62907290976,13.3021747957,1.20355958695e-22,5.95538009568e-15,10.7326540326,1.89360764954e-12,3.55556731166e-07,13.1549156553,4.31881733018e-22,1.7895062893e-14,9.37484610419,4.06378591806e-09,0.000104604406707,12.4093906974,8.17263915095e-19,6.43148529567e-12,9.31723897387,6.05140552883e-09,0.000135435390428,8.94064881442,2.35205735531e-08,0.00043542673772,10.0259388069,7.76727659549e-11,6.13793270757e-06,9.91499126718,1.18003603089e-10,8.94924600382e-06,9.50414191491,1.45098566813e-09,5.33300292244e-05,11.0947377692,4.43634076266e-14,2.72716410491e-08,10.6465984887,7.26985954129e-13,2.35314390532e-07,7.27389488209,0.000164322857097,0.0735224675751,10.481145536,7.42791872547e-12,1.02062579089e-06,10.4687791261,3.42926158112e-12,6.81196159505e-07,8.45223097353,5.69579679096e-07,0.00294145106154,6.16310406138,0.00710975068838,0.486627126611,9.24995587025,1.24565566647e-08,0.000199580912582,8.48733627991,6.13992910687e-07,0.00274431739586,33.7916736045,64.0334260552,0.0132879950106,2.54663147032,1.3414785862,0.564891514627,1.18565973438,1.7188981028,1.33488707058,-0.108619301328,-0.0402861198634,2.41628296504,1.32548370126,0.0962351702468,7.45184798518e-05,1.42034638008e-11,-2.74291347123,0.846908862464,-0.907036766492,-2.51899865467,8.27111989137e-21,2.83628289441e-13,-0.0687316979285,4.19128535725e-11,4.74413525864e-06,-2.43321166014,1.34235410641e-20,4.32676296217e-13,0.164267333053,2.65196613933e-08,0.000266901658227,-2.43209424273,3.41820067755e-17,2.00781031861e-10,2.42529313351,-9.03387805796e-08,-0.00130426598374,-0.251753479829,7.50155078544e-08,0.000672061427354,-1.91722165435,2.6966404625e-09,0.000118358004892,0.781793802797,-9.13109819023e-11,-1.18355320457e-05,-0.969905805119,3.0296391806e-08,0.000532215072808,-3.79113067621,1.40438295095e-12,6.56059985482e-07,-3.26545838189,2.95927127488e-11,5.87239722321e-06,-2.5068392105,0.00195473405378,0.37306082547,-0.132786637002,1.17913762095e-10,1.00396536382e-05,-2.34695379472,1.05811538067e-10,1.35347181885e-05,-2.21032287183,8.02045986271e-06,0.0233832839829,0.300953072855,-0.000271192923958,-0.520709695407,1.32078063796,-1.54894396855e-08,-0.000500376864987,-1.71981150574,1.17265725734e-05,0.0223573971248
gradient,1,0.15,0.159999996424,True,50,13.488689737,8.52354157358,0.794365609962,-1.84103023682,-0.831933318105,0.0247911407305,0.18313603349,0.156192180329,0.0774796247957,-0.007094665038,0.0626603272917,0.61683697622,0.112975041951,0.00494754916164,2.60544733129e-06,3.91242963636e-13,3.90665180469,0.584849553108,0.62409233828,13.2700511464,2.43315167205e-22,1.00251808548e-14,10.7276185368,2.4413876757e-12,4.15130657708e-07,13.1367011319,5.38165234309e-22,2.11567873729e-14,9.37164309932,4.29744829437e-09,0.000107960005898,12.397029841,1.09742132711e-18,7.94654256848e-12,9.3428030525,5.15754345085e-09,0.000121696522688,8.93156428724,2.5318803441e-08,0.000454224243737,10.004794831,1.10535709048e-10,7.48559044656e-06,9.9264669799,1.12782165303e-10,8.65879938428e-06,9.4950247316,1.76496707327e-09,5.85885826895e-05,11.0682096928,5.45941864445e-14,3.20278150466e-08,10.6134477187,1.11869461613e-12,3.06806092621e-07,7.2594435792,0.000175039303031,0.0757513951363,10.4811281239,8.42395726681e-12,1.10510284064e-06,10.4556629981,4.32181203909e-12,7.84972354364e-07,8.42696611985,6.68631742014e-07,0.00321839363762,6.16866682012,0.0070248238245,0.481501917937,9.25902866874,1.25760376572e-08,0.000197423552341,8.46193270146,7.70120348059e-07,0.00305280757334,131.708932159,8.92122285692,-0.865646434948,1.98938122392,-0.136787791271,-0.0533505125006,1.32716992137,0.84387679705,0.121493188445,0.108800245541,-0.228729911059,1.33713059301,0.832670420861,0.0677199844793,6.23471435671e-05,1.45735723378e-11,-0.24190721429,-0.0753498258928,0.0495344328101,-3.00569446102,1.139383741e-20,3.6778190937e-13,-0.201580106928,3.34365643253e-11,3.41643822643e-06,-2.36920950791,1.50872998271e-20,4.76751408531e-13,-0.827739741047,3.73205267763e-08,0.000557974941465,-0.193123999855,1.0557868762e-17,5.43848608906e-11,1.11743452211,7.96855303854e-09,-0.000199786526563,-1.38377952075,2.35655854922e-07,0.00265643107911,-0.855012807407,1.27715444073e-09,5.40262495098e-05,0.863247792482,6.60505951004e-10,1.20630595507e-05,-0.16461967955,3.48114392111e-09,6.91890348132e-05,-1.43335342069,4.06333009535e-13,2.16374964166e-07,-2.0835882939,2.14444171275e-11,4.04788380888e-06,-1.68755318967,0.00136115180403,0.267748705315,0.136215697345,8.51748526332e-11,6.78871995753e-06,0.0710849866327,2.40407887117e-11,2.37194635565e-06,-2.94125097895,1.29228943656e-05,0.0346602405873,1.13741455971,-0.0242048824351,-0.630350141764,0.0906719887471,7.36484519714e-08,0.000409579391957,-2.5831817407,1.51405131004e-05,0.0308100868549
gradient,1,0.16,0.170000001788,True,50,16.1458779948,7.98971115266,0.780359913375,-1.82564872984,-0.839330819611,0.0180636190467,0.199016115534,0.161100512143,0.0652011817763,-0.00666480620513,0.0647639382187,0.625186033709,0.118589719686,0.0054255160636,3.08634352078e-06,5.20623799463e-13,3.91908623723,0.57898648756,0.630063598416,13.2420609065,3.48232706894e-22,1.33110182831e-14,10.7286224305,2.56233893605e-12,4.23885495695e-07,13.1075314652,7.3362772956e-22,2.74300910636e-14,9.35829130936,4.81019645358e-09,0.000115763905536,12.4055282174,1.02842129033e-18,7.51918251348e-12,9.33958766431,6.2107765896e-09,0.000131439659897,8.912973224,2.82336906516e-08,0.000488555359303,10.0088385507,1.0321585477e-10,7.21845769777e-06,9.93225622303,1.31213722109e-10,9.19050719484e-06,9.50084952132,1.52060854656e-09,5.47138099207e-05,11.0660707007,5.24900678173e-14,3.15991403324e-08,10.6049267228,1.15587429668e-12,3.1627206671e-07,7.2401438183,0.000191545893178,0.0788774416814,10.4838698499,9.13141577813e-12,1.15640019004e-06,10.4702008258,3.91007735535e-12,7.28635086618e-07,8.39340595395,8.28037566407e-07,0.00363465587329,6.18585235257,0.00662565303968,0.474020123776,9.25176931002,1.39295257042e-08,0.000207772500421,8.4356726451,9.16803172695e-07,0.00336051913296,217.180782714,-8.72163257902,-1.252910804,1.87876039743,-0.468249052763,-0.723724164677,1.94683927275,0.762257250146,-1.08261779749,0.43989556155,0.899812258156,0.960292525143,0.828002516878,0.0816811740113,0.000100363296639,3.58823672146e-11,0.205398244121,-0.406389004495,0.398465227946,-2.74211058405,8.58102942258e-21,2.83216358812e-13,0.151360559029,5.94872613411e-12,5.44134215727e-07,-3.22287680664,2.8722890632e-20,8.40543262965e-13,-1.30482046602,5.97771715668e-08,0.000851419358246,0.52379730388,-4.21413071354e-18,-2.29320204055e-11,-0.462883480229,1.45026767927e-07,0.00127789917757,-1.77041017128,3.26765006449e-07,0.0035248580402,0.768947377437,-1.39155137558e-09,-5.45320821266e-05,0.713096234906,1.86726694534e-09,4.88171090834e-05,0.873205855864,-2.51482437119e-08,-0.000443399403459,-1.60765586356,1.32867927869e-12,5.09520068832e-07,-1.26568199631,2.8576376203e-12,1.37263143173e-06,-2.20036488038,0.00197632478864,0.361751909727,0.480979232217,6.77976620014e-11,4.60465404841e-06,0.792770601963,-1.99605452117e-11,-2.41923987803e-06,-3.48502906564,1.75725081803e-05,0.0450025378717,1.96322505771,-0.0451570908705,-0.805252941994,-0.829045398031,1.55540755513e-07,0.00122786459019,-2.50437233504,1.52298480331e-05,0.0305781058354
gradient,1,0.17,0.179999992251,True,50,17.8323053913,8.349108922,0.769307393882,-1.80345502887,-0.84129829916,0.010316657437,0.222072818945,0.171437325332,0.0558272688459,0.00170324619301,0.0806565724548,0.636042826723,0.129535092289,0.00658117264186,4.61271326407e-06,1.10889030793e-12,3.91075976957,0.576721773018,0.632061642838,13.2152089347,4.14935755657e-22,1.5689508031e-14,10.730645748,2.56036219838e-12,4.26013342022e-07,13.0722435958,1.11262304695e-21,3.79676526322e-14,9.34554669,5.49299172571e-09,0.000124988393063,12.4075057871,1.01313871284e-18,7.48790216037e-12,9.3335453829,8.0580788094e-09,0.00014725450624,8.89615608381,3.185410357e-08,0.000524721404541,10.0201737785,8.27046815368e-11,6.39494880403e-06,9.9407289046,1.5012750421e-10,9.63514156594e-06,9.51248884872,1.26200219903e-09,4.97205946203e-05,11.0360565755,8.11677720184e-14,4.22182164233e-08,10.5881340788,1.17584736853e-12,3.34258721255e-07,7.21543628159,0.000214565798804,0.0829864333308,10.4907477085,9.77991050684e-12,1.19719592161e-06,10.4715184101,3.92260113485e-12,7.36587556803e-07,8.35726553853,1.02008190562e-06,0.00411844439505,6.20793132128,0.00612168200709,0.465396859097,9.24244776078,1.56868527675e-08,0.000221980844145,8.41184525476,1.07471730872e-06,0.00366436969004,-239.850668561,42.3596454151,-1.06852533482,2.53473240137,0.39403626509,-0.692703508378,1.45794572423,0.903381105531,-1.37379973524,0.569647144956,0.973780676869,0.777274477052,0.70371514438,0.0688087389608,7.94357142139e-05,2.57466918005e-11,-0.794052929548,0.0198680318044,-0.000302210681156,-2.65292735967,1.51503097694e-20,4.30983350751e-13,1.94198753925,-5.34213985714e-11,-5.99999933571e-06,-3.67772625159,4.41004897846e-20,1.18236462888e-12,-0.576761866983,5.25425875319e-08,0.000593866196069,-0.348396931665,7.46390102901e-18,4.17036731377e-11,0.421144775855,1.03581287874e-07,0.000721111887547,-1.71352839471,4.40500716247e-07,0.0040201567234,1.21489190995,-1.74594045645e-09,-7.49200793138e-05,0.846939298956,1.61989507105e-09,3.49539612306e-05,1.0001403853,-2.41695215787e-08,-0.000463739856404,-2.75264063104,2.61835455071e-12,9.54730964588e-07,-1.56074752767,7.16085113323e-12,2.19212605193e-06,-2.84214187262,0.002678749758,0.487424891689,1.49942155291,-5.0717397713e-11,-5.49335742633e-06,-0.152821496479,1.04763557142e-11,1.65556145253e-06,-3.6277074464,2.23433530015e-05,0.0513928101738,2.17809775152,-0.0469881312607,-0.928005186328,0.694180368511,-8.11324606094e-08,-0.000525988298729,-2.21677768501,1.77875399728e-05,0.0302011305449
gradient,1,0.18,0.189999997616,True,50,11.3488646236,8.83690406096,0.758989406679,-1.77495408181,-0.831450094309,0.00420954887917,0.228175030019,0.179168134254,0.0377251870715,0.004728136694,0.084239551756,0.64073152325,0.132664022574,0.00680169084281,4.67505780506e-06,1.03555763547e-12,3.90320517864,0.579383848196,0.630057554203,13.1890023593,6.51238902282e-22,2.19306852981e-14,10.7674621813,1.49391096462e-12,3.03885508981e-07,13.0339769401,1.61563752525e-21,5.10773836413e-14,9.34675607202,5.86104820422e-09,0.000127641229458,12.3985602787,1.17769931091e-18,8.35325597624e-12,9.34801055983,8.28240234709e-09,0.000145861897648,8.87870265611,3.70437049765e-08,0.000568958493771,10.0331363889,6.82970456405e-11,5.72005611149e-06,9.94919500901,1.6361162353e-10,9.88958641945e-06,9.52085232903,1.03721811498e-09,4.54390127926e-05,11.0110178881,1.04857158831e-13,5.06937596242e-08,10.5737117722,1.29909131934e-12,3.60114587749e-07,7.18330098085,0.000245120888338,0.0886259395152,10.513858281,8.11706782387e-12,1.04653304152e-06,10.4671443959,4.11960446964e-12,7.61746315668e-07,8.32085180503,1.27490462644e-06,0.00466251207676,6.2294143076,0.00568589041446,0.455460020049,9.26565291739,1.2306876492e-08,0.000197252734447,8.3913370914,1.27255397215e-06,0.00396454174386,-100.222434402,38.9351760917,-0.694040596485,2.10152292252,1.768524101,-0.233314901043,0.140307497433,1.53422202571,-0.67282367582,-0.218612177476,0.561687589888,0.828993968446,0.586685262881,0.0475745608065,3.476046587e-05,2.29473790433e-12,-1.52559561325,0.536048363324,-0.51289845107,-1.1565989465,1.12977931435e-20,3.01834307612e-13,2.43834199224,-6.20491708883e-11,-7.18509914791e-06,-3.10367872109,6.01240182011e-20,1.45186535252e-12,0.506688710578,2.33744826988e-08,0.000101736519465,-2.49546113589,5.82576081397e-17,2.85741021904e-10,1.91942473219,-7.41253755666e-08,-0.000907377475181,-0.637231159394,1.69466127458e-07,0.00152102130701,0.627597410075,-2.33497401568e-10,-1.29003869157e-05,0.645869230391,-1.5190601388e-11,-1.07527935609e-05,-0.359492223999,-2.64177457484e-09,7.38862495336e-06,-2.78793389091,3.45197778387e-12,1.1214655389e-06,-0.998750607715,9.15804882712e-12,1.89159546991e-06,-3.53189450148,0.00406994374328,0.612127477305,1.27115923451,-9.43272992433e-11,-8.52731143785e-06,-1.64302804503,8.57399710077e-11,1.00857278086e-05,-1.86937545166,1.14540757174e-05,0.0266606838241,1.41387846153,-0.0245133853802,-0.875908258132,2.11444150088,-2.57642329535e-07,-0.00201136329077,-0.742001248246,1.01398960832e-05,0.0133105378233
gradient,1,0.19,0.199999988079,True,50,15.8278567032,9.12781244384,0.755426581953,-1.76142457042,-0.80592781714,0.00565035941616,0.224878968894,0.202121765846,0.0423707953295,-0.00266899735652,0.0918903242526,0.652622706092,0.141268797547,0.00753266385799,5.30792258147e-06,1.15478506601e-12,3.88024785731,0.587442740284,0.621803673817,13.1920769557,6.40891618528e-22,2.17261941832e-14,10.7794125878,1.31937878062e-12,2.82311359064e-07,13.0101700214,2.31510341097e-21,6.70049596826e-14,9.35568046421,5.96048137968e-09,0.000127023123452,12.3575965644,2.17829087563e-18,1.32027225984e-11,9.37193387754,6.57557129807e-09,0.000129106956736,8.88341146062,3.52434261192e-08,0.000555141830681,10.0327257267,7.80347335055e-11,6.13694106572e-06,9.95364628921,1.49823692182e-10,9.42008569473e-06,9.50529900424,1.20916670754e-09,4.98683671194e-05,10.9802978977,1.50207327696e-13,6.46475272012e-08,10.5681590666,1.35900834507e-12,3.72090630654e-07,7.14479839156,0.000295964673669,0.0952289828769,10.5161708932,7.89336452198e-12,1.02664969285e-06,10.4386578492,5.637400555e-12,9.38302112975e-07,8.3198780295,1.24916341997e-06,0.00465165807154,6.23620889051,0.00563141429949,0.447878693935,9.2847365908,1.05340061768e-08,0.000181753578329,8.39700522979,1.27751523038e-06,0.00393058044651,249.280931552,-3.0945296685,0.647427640855,1.84911228716,1.19039805979,0.00772262266658,0.936120301869,2.88862170916,-0.0726872346478,-0.157571538339,0.98148158772,1.86001069512,1.59372964594,0.162377314272,0.00020422407946,7.53521457159e-11,-2.85410334452,0.688224069668,-0.742215736887,-1.62576466625,2.37815544724e-20,5.91488107917e-13,1.36976197491,-1.26380447698e-11,-1.70248632851e-06,-2.30053845973,8.49107932588e-20,1.8790464557e-12,-0.804854736207,9.5921898501e-08,0.00101031143683,-3.26585584883,1.20586135585e-16,5.36478054733e-10,0.512988123814,-9.06848832109e-09,-8.35459222533e-05,0.493152071459,-4.36368014246e-08,-0.000753883805699,-1.39654939409,1.63327155458e-09,7.76596013648e-05,0.0992573715843,2.39989629802e-10,9.66332396318e-06,0.512245475154,-1.46258409502e-09,-5.8729633931e-05,-3.79301503628,6.40681647686e-12,1.91565419225e-06,-1.98232193809,2.64221638743e-11,4.89485562246e-06,-2.76163097268,0.00411857203658,0.466042547794,0.834994501179,-2.40857286185e-11,-2.36087949327e-06,-3.05053819642,2.33845500618e-10,2.44202577871e-05,-1.43058321624,1.25171978359e-05,0.0243664274782,-0.286205533381,0.00980560923188,-0.105858994385,0.644056430591,-3.35701633684e-08,-0.00026914316892,-1.44626008504,2.01775897356e-05,0.0266991794644
gradient,1,0.2,0.209999993443,True,50,16.3344832546,8.77501346759,0.771937959496,-1.73797183607,-0.807642133113,0.0043640013325,0.246897436056,0.236940568437,0.0362714423786,0.00157670592722,0.10386918351,0.677931737152,0.164538615493,0.0100492371283,8.75953939427e-06,2.54260054979e-12,3.84612311175,0.593148329589,0.615213239465,13.156487066,1.12686999173e-21,3.37604474564e-14,10.7948574208,1.24115006922e-12,2.6983578241e-07,12.9879661709,3.31385339043e-21,8.86583127553e-14,9.3306589773,7.77948617424e-09,0.000147847458194,12.3332431618,3.58942202262e-18,1.90828170709e-11,9.35827032231,8.10103258066e-09,0.000144190979203,8.88856569754,3.6170968948e-08,0.000553880817657,10.005205401,1.00962476732e-10,7.27324813879e-06,9.95118015644,1.68411416126e-10,1.00828528987e-05,9.53109723853,1.00796643308e-09,4.42644201139e-05,10.9351575874,2.32993488369e-13,8.90068434692e-08,10.5340653335,1.82753459683e-12,4.58011700198e-07,7.1280683614,0.000327492329069,0.097946790471,10.530558171,7.6353532515e-12,9.99315451653e-07,10.4061336319,8.796514482e-12,1.25015147141e-06,8.2922401407,1.52524858315e-06,0.00514984062633,6.22369019693,0.0058820025991,0.453342840161,9.27853404601,1.16354732246e-08,0.000191869871068,8.3624118897,1.67610576686e-06,0.00449852533315,-241.580600261,-21.5355485236,0.295760378241,3.72982918471,0.774630014785,-0.158103193709,1.12060096963,2.83771394872,-0.93110427837,0.0257532946561,0.537061322491,1.75373454183,1.58801310024,0.171050030964,0.00022927671586,8.49819450733e-11,-2.46636331253,0.712086755632,-0.745837214149,-4.02175314112,7.08179983818e-20,1.63413013179e-12,3.34619520472,-2.8238824643e-11,-4.5928780941e-06,-4.02123898006,2.20880904809e-19,4.32908018212e-12,-1.36079497128,1.51180831447e-07,0.00150424956024,-2.21635315174,1.1250714205e-16,4.6396972523e-10,1.60783636826,-1.76855844517e-08,-0.00040861694905,-0.717654572305,3.56928603344e-07,0.00244944437311,-1.70766372912,1.60488020846e-09,7.85449720102e-05,1.1731907014,-4.43147153893e-11,-1.1679789843e-05,1.4349129575,-1.33797392384e-08,-0.000339301566894,-4.40016905907,9.24787520343e-12,2.5592500864e-06,-3.31800794368,4.39607451798e-11,8.19212707424e-06,-3.55708052402,0.00594287033979,0.644024595533,2.69787234988,-1.27092808703e-10,-1.21634848572e-05,-2.2286112633,1.97387445839e-10,1.96950037921e-05,-3.90603082549,3.80556263887e-05,0.069962998221,0.351759138508,-0.00378393198749,-0.33547654372,1.73862550131,-9.2297807448e-08,-0.00103949738791,-3.62751718974,4.83894828545e-05,0.0620681751967
gradient,1,0.21,0.219999998808,True,50,10.996244698,8.69710147337,0.761341789517,-1.68682798673,-0.790435216844,0.00248829554197,0.247290988286,0.258876044821,0.0237487097621,-0.0021539314634,0.102631550702,0.687697396928,0.173029059552,0.0109536644773,9.89345689867e-06,2.85442396748e-12,3.83092059106,0.601684475397,0.606886929534,13.1116418929,2.05725158616e-21,5.4408796819e-14,10.8463364919,7.54602287758e-13,1.90453797182e-07,12.9297452418,6.73272150714e-21,1.53586563325e-13,9.32846456478,8.98409800863e-09,0.000157108114657,12.3132695013,4.42843371662e-18,2.24821171031e-11,9.40409060491,6.22185960903e-09,0.000120934617755,8.86905836918,4.2381998186e-08,0.000604130718143,9.99857245212,1.10132337675e-10,7.70784050592e-06,9.97711010324,1.48937397874e-10,9.18648989787e-06,9.53399726339,9.41571922769e-10,4.30823357815e-05,10.8922945165,3.35164831764e-13,1.15832528929e-07,10.5017989078,2.23822324867e-12,5.35933172138e-07,7.07365678108,0.000414822080465,0.108109474788,10.5701283402,5.35150834792e-12,7.83379995706e-07,10.3940856239,9.58514947179e-12,1.33220218882e-06,8.24175741299,2.01027594774e-06,0.00605091803595,6.24324407328,0.00555573565974,0.44116916306,9.31950910082,8.68805002781e-09,0.000160963630571,8.324454886,2.24530488747e-06,0.00517194395044,87.2408131621,9.6266218872,-0.0547851249575,4.09921245277,1.47844040208,-0.061749119752,0.700905775385,3.24008033928,-1.08661922435,-0.130463505874,1.06148895557,1.3657855476,1.66003620501,0.21883670968,0.000389017384185,2.01084740053e-10,-2.72359364555,0.838170690395,-0.889894826401,-3.58590691135,9.86946746929e-20,2.05815653848e-12,3.902471959,-3.05272115014e-11,-5.16861285501e-06,-5.05056632875,4.96980170772e-19,8.52200250071e-12,-1.01573734355,1.88196406213e-07,0.00156400308652,-2.91580410713,2.08426819824e-16,7.74318465162e-10,2.5084010088,-9.10030323985e-08,-0.00112922238603,-0.893206966028,4.08822297158e-07,0.00283949644919,-1.18948531166,1.64850763619e-09,7.19911679278e-05,1.70348535553,-1.14588027283e-09,-5.47412887707e-05,0.997072460601,-9.25282325427e-09,-0.00023189893348,-5.00232470012,1.71085811842e-11,4.08557971212e-06,-3.01661006054,4.72110509714e-11,8.32750750232e-06,-4.85345732923,0.00915502994722,0.895663948723,3.28495710497,-1.58378554761e-10,-1.56920060474e-05,-2.65125765426,3.31556129421e-10,2.87021226474e-05,-3.93957603833,4.42980810479e-05,0.0756645315791,0.701406202271,-0.0085456553218,-0.628309452703,2.29854733585,-1.45280475218e-07,-0.00152611266853,-3.17136449601,5.54947926976e-05,0.060057224032
gradient,1,0.22,0.229999989271,True,50,18.0792995179,8.96754590533,0.770842256997,-1.65598758701,-0.778073325072,0.00312901893746,0.260915551564,0.301742175222,0.0145390578916,-0.00103256419026,0.125098962622,0.705247448104,0.197739339593,0.0144259713219,1.6539887078e-05,6.56429535084e-12,3.79165123884,0.609911743397,0.597415342937,13.0847689278,3.10076348559e-21,7.4923578226e-14,10.8729068599,6.30605839196e-13,1.6646352531e-07,12.8869548444,1.32534568059e-20,2.5909836277e-13,9.31034423043,1.15434142985e-08,0.000179127519925,12.2749270796,7.7579584191e-18,3.45691863741e-11,9.40843834248,6.28097193269e-09,0.000121606531482,8.87070155822,4.43474148912e-08,0.00061067074664,9.9814156948,1.33932629456e-10,8.71307149734e-06,9.98524986355,1.4549381067e-10,8.9880271233e-06,9.55103868774,8.22909967996e-10,3.96264414443e-05,10.8351110934,5.75165112053e-13,1.70718437712e-07,10.4737331323,2.77175561626e-12,6.24561850244e-07,7.03099921481,0.000510592928014,0.115860069446,10.5962573131,4.46778215628e-12,6.85475330704e-07,10.3531084789,1.54276370704e-11,1.82419392436e-06,8.21344861994,2.41121020411e-06,0.00666313125791,6.23771832098,0.00571108949267,0.440776651107,9.32450499272,8.72986372026e-09,0.000161347617698,8.29898459978,2.78600162081e-06,0.00569966981379,951.035588102,52.8508968132,-0.664273619652,3.18065326288,1.81713919807,-0.00144854130409,0.801775803635,2.28662616987,-0.44432056203,0.293320829513,1.27259863582,0.845284528093,1.3497187861,0.195394756594,0.000380475514253,2.16639992721e-10,-2.51883188619,0.603760525895,-0.674895727734,-2.24719291968,9.67948097182e-20,1.79193155081e-12,2.01921545172,-7.77112886476e-12,-1.57593780601e-06,-4.29363160164,6.09868008199e-19,9.51488598721e-12,0.177910530157,4.57481353422e-08,0.000315610822977,-2.7936911344,2.49055380781e-16,8.80175336519e-10,2.3077994055,-5.36260396673e-08,-0.00080426803909,-1.06553564134,4.57180672135e-07,0.00328756415678,0.221183411007,2.59537469332e-10,6.46786496114e-06,1.44497087641,-1.07335243238e-09,-4.89511442531e-05,0.0642644767663,-1.90888048423e-09,-3.97523123929e-05,-4.37641202167,1.94857314035e-11,4.3544208548e-06,-2.06787164736,3.7452533369e-11,6.34428489471e-06,-4.21310346413,0.00874451904212,0.850908769726,1.86831108209,-5.33297610051e-11,-6.05439165418e-06,-2.50678539094,3.75214222593e-10,3.09992689296e-05,-3.07021832663,4.17843951999e-05,0.0652055614695,1.54952690592,-0.0236529390693,-0.970199438838,1.74216971578,-6.70972324292e-08,-0.000873996053811,-1.62028452512,3.37598837762e-05,0.0331896441834
gradient,1,0.23,0.239999994636,True,50,30.0169564601,9.75411940963,0.748056317124,-1.62321492147,-0.754092432883,0.00245932471589,0.263326504359,0.304608568218,0.0148622985215,0.00371248512686,0.128083523419,0.70460308749,0.200023435274,0.0148615596092,1.75029671837e-05,7.18722382191e-12,3.78054395333,0.613759685915,0.593389014979,13.0666980345,3.99314778053e-21,9.02474278351e-14,10.886720801,5.99179710463e-13,1.58935041062e-07,12.8438726097,1.89300816711e-20,3.43884283069e-13,9.33202277539,9.89906071548e-09,0.000163420331117,12.2573956786,9.40954133224e-18,4.00856238334e-11,9.45024659302,5.14933881568e-09,0.000104849256973,8.84774765635,5.15256116287e-08,0.000669882001279,10.0029961203,1.15323087061e-10,7.83719780514e-06,10.0060095208,1.27470349226e-10,8.2074670128e-06,9.53528255293,9.03394313084e-10,4.22872895337e-05,10.8047662761,7.24879459834e-13,2.02920946025e-07,10.4604414748,2.98727391605e-12,6.62818870032e-07,6.9893947118,0.000589712461307,0.125127650182,10.6074945618,4.28491312782e-12,6.62292162622e-07,10.3439499161,1.70894339237e-11,1.95218756741e-06,8.18035304646,2.84596385174e-06,0.00735502926535,6.2742346114,0.00508267687835,0.421765174283,9.35435249514,7.34610537923e-09,0.000143483709495,8.2920491955,2.920502563e-06,0.00583573683411,-429.389537312,-13.8662832126,-0.967474348843,3.68035480194,2.05018488318,0.0315058889821,1.95854256361,2.66355174803,-0.223070540768,-0.0328455141093,0.397092227125,1.19948339253,1.99607339044,0.323947337727,0.000793693305678,6.36785956879e-10,-2.14358118863,0.534854298456,-0.603804221762,-3.80538503388,3.18830070446e-19,5.09361089695e-12,1.50936710917,-2.19003537188e-12,-5.20911255457e-07,-5.03263911416,1.41523551941e-18,1.84438382503e-11,0.268931517547,4.01401307924e-08,0.000281155801516,-3.18580473289,4.80468888121e-16,1.4491784256e-09,2.57816494726,-5.10007295136e-08,-0.000810361009261,-1.29885181299,5.44414150545e-07,0.00391206389758,-0.446819898276,1.64281659373e-09,6.15329973281e-05,0.863983112648,8.88975207498e-11,-1.72658613647e-06,-0.604818264989,6.27108389115e-09,0.000168524353047,-4.6142261901,3.43527110284e-11,6.43642791544e-06,-3.24054188604,1.10040092344e-10,1.54915701526e-05,-4.67495701883,0.0113707280376,0.995384400006,0.734994645063,1.0707528613e-11,7.648754227e-07,-2.38118374862,5.19091597643e-10,3.70201117894e-05,-4.40209209035,8.41441432177e-05,0.108683698907,1.91526155581,-0.0287245079792,-1.23852468248,2.03174195044,-6.21615796621e-08,-0.00091023432205,-2.70441466706,6.50475751522e-05,0.0601617369624
gradient,1,0.24,0.25,True,50,9.49150877164,8.69022024108,0.75149277002,-1.58238049097,-0.737069627408,0.0037591367171,0.300086402836,0.355013210183,0.0100776470762,-0.00168947447245,0.133040807164,0.729237115955,0.237660807402,0.0209049180764,3.24137531915e-05,1.93000144884e-11,3.74877961507,0.620608829366,0.585339258502,13.0086612271,9.47736489452e-21,1.76795796165e-13,10.9030942021,5.86805131758e-13,1.56045300201e-07,12.7863020621,4.15581671941e-20,6.27975127775e-13,9.31572286078,1.23462169144e-08,0.000184750635955,12.211210985,1.73673361815e-17,6.35527548861e-11,9.46000164143,5.26095734242e-09,0.000105399311297,8.84472452196,5.52356979021e-08,0.000688912024592,9.97247929684,1.6678896133e-10,9.94373144391e-06,10.0025295258,1.47271761085e-10,8.95349540057e-06,9.53894232244,9.48331645819e-10,4.29969285053e-05,10.7428265696,1.26221933262e-12,2.9944699602e-07,10.4089222945,4.97255746313e-12,9.34393253297e-07,6.93750007443,0.000738007488765,0.135767757446,10.610957206,4.68193272854e-12,7.00772839158e-07,10.3054848039,2.58094690233e-11,2.56459616015e-06,8.12540677813,4.09409306847e-06,0.00883680523604,6.27602355209,0.00513659933308,0.416006157458,9.36513983173,7.48663212702e-09,0.000143142931257,8.24489630644,4.08695312386e-06,0.00690290455303,-1061.48294967,-119.306406359,0.159992948175,3.30973948911,2.06724685244,0.0838855304715,5.08305588249,3.24009632491,-0.462863516066,-0.619886948363,0.797444664555,1.88593511602,3.55462767368,0.64786936246,0.00201527710087,2.4993269115e-09,-2.49017084943,0.660539806193,-0.752258877376,-4.98091485036,6.89381776143e-19,9.83313458661e-12,-0.0187389190756,1.26180700583e-11,1.99810142528e-06,-5.86405621431,3.62724048935e-18,4.04782332822e-11,0.0857430373773,8.365656585e-08,0.000599509060951,-3.51789114929,6.25270061896e-16,1.80459884378e-09,-0.221327871861,8.45700383995e-08,0.000818052865807,0.0210230673522,1.78515375991e-07,0.000734636136079,-1.88790116152,4.23066231671e-09,0.000159174348959,-1.35741562101,3.63669173722e-09,0.000134935956495,-0.0420038993927,6.28308951065e-09,0.000130221493865,-5.84809335251,6.56039390682e-11,1.08022608873e-05,-5.04408333173,2.73680119926e-10,3.33945810724e-05,-4.89775298434,0.0150030783903,1.0316489256,-1.38732893294,1.34433793188e-10,1.32281436231e-05,-2.85908301261,6.28371627237e-10,4.40409473774e-05,-5.45297530427,0.000151748520712,0.16052547985,0.597631694586,-0.00283116204635,-0.702525658999,0.793824213953,5.005014606e-08,0.000256509223459,-3.12563954552,8.76052983737e-05,0.0750365305856
gradient,1,0.25,0.259999990463,True,50,8.78729746668,7.36799128245,0.751256176088,-1.55702013169,-0.712747495834,0.00413703532532,0.364987622009,0.369410494716,0.00560502820016,-0.00868525384039,0.14403241671,0.74232178981,0.271115988747,0.0278189468584,5.78085092012e-05,5.71737620519e-11,3.73074053635,0.626970482039,0.578343837432,12.9670797375,1.77807833034e-20,2.86910119567e-13,10.8863460226,8.51541111629e-13,1.98897069568e-07,12.7265914854,9.14748914582e-20,1.15344894871e-12,9.33373763613,1.15721920325e-08,0.000175410512336,12.1870378557,2.19149425702e-17,7.61776007089e-11,9.44582003558,6.84073958367e-09,0.000121210314289,8.8481681177,5.50959191486e-08,0.000684574724,9.96523809711,1.99936333395e-10,1.10206847843e-05,9.97886120834,2.00204183971e-10,1.09061861427e-05,9.53444247494,1.0290561033e-09,4.4891719411e-05,10.687804409,2.0369582412e-12,4.18966163772e-07,10.3595598082,8.46087631456e-12,1.33071049148e-06,6.89143965211,0.000889774029114,0.145760628694,10.5797479832,6.97358899158e-12,9.26855035084e-07,10.2867682559,2.96568664684e-11,2.83300651496e-06,8.07129354037,5.88093426597e-06,0.0105655388624,6.28618724529,0.00502605363742,0.407714661103,9.37022897942,8.34710830043e-09,0.000148613893964,8.22953640459,4.67260853047e-06,0.00733646744582,195.601761331,-77.0160206608,-0.203407682478,2.2405005563,2.78948226757,-0.0504885889552,5.03146138214,1.22062002286,-0.681113244775,-1.14606085754,1.63597815687,0.674464498128,2.57059310984,0.60101651626,0.00264053172355,5.1999822995e-09,-1.28313139803,0.764320491055,-0.784164754604,-2.54041633846,6.32252323827e-19,7.88941772799e-12,-0.678043927569,1.43282423529e-11,2.33860564127e-06,-5.56491141109,6.27376029868e-18,6.07955719388e-11,2.56349178273,-1.72188509317e-07,-0.00170993534,-2.64456492566,5.04738063145e-16,1.40113079955e-09,-1.06611210311,1.47415987966e-07,0.00137600212588,0.568688798599,-1.6074764957e-07,-0.00138225117499,0.14469128574,1.2441687221e-09,3.69247634755e-05,-1.72870859966,4.73979340874e-09,0.000159414093586,-0.669356781478,6.8329281606e-09,0.000190510198166,-4.94074630515,8.61143674182e-11,1.24233588598e-05,-3.68793549471,3.04174205632e-10,3.26037444524e-05,-5.16402549048,0.0191187554103,1.12081741392,-2.07829010681,1.61938309812e-10,1.55326113401e-05,-1.48568890416,1.47372799561e-10,1.37093037859e-05,-4.01907273494,0.000141479114154,0.130930337943,1.03285234571,-0.0113611720574,-0.823492660008,0.973160848209,4.64973022753e-08,0.00012892092748,-0.109046007826,1.66443966533e-05,0.0090905302921
gradient,1,0.26,0.269999980927,True,50,13.4035439983,7.14989982787,0.74742461637,-1.53757047985,-0.681279982057,0.002749364938,0.400715630479,0.37942561064,-0.00354461781926,-0.0246106916233,0.165760370302,0.742726405917,0.289072669599,0.0329252484016,8.52243876625e-05,1.23299660478e-10,3.72311698711,0.635895239187,0.56965596341,12.9578529003,2.2122411371e-20,3.34584150725e-13,10.8895333236,8.73369978817e-13,2.02817413026e-07,12.6750038339,1.67033373168e-19,1.84388656655e-12,9.36699269644,8.90244672802e-09,0.000150551929155,12.1583196864,2.74620974444e-17,9.15753708771e-11,9.43867939937,8.20927710174e-09,0.000132919353815,8.85609829793,5.20207449107e-08,0.000661267001092,9.97537312255,1.91672335772e-10,1.06822267134e-05,9.96795535381,2.4206762926e-10,1.21417772723e-05,9.52555518681,1.08499020903e-09,4.68071324686e-05,10.6440116435,2.98450668099e-12,5.47914173217e-07,10.3351635846,1.10560415758e-11,1.58646814235e-06,6.83421956462,0.00112038259697,0.158184105724,10.5693914039,7.92069892478e-12,1.01142506596e-06,10.2757710258,2.87569250145e-11,2.83878223586e-06,8.04502532343,6.92367535154e-06,0.0114554119949,6.29668059901,0.00490937589193,0.399536304258,9.3846030487,8.41657817252e-09,0.000145721349806,8.24271538628,4.41984105693e-06,0.00708471515888,53.8600796664,-21.0115776457,-0.549899458885,1.15748083591,3.01931581832,-0.048631934056,2.45185861746,2.48093878545,0.643328354912,-1.01653200065,1.10263903515,0.114866895003,1.97786275115,0.551965210762,0.00294250069859,7.37980988328e-09,-1.50881495745,0.60992361673,-0.661465455473,-0.621500857143,4.4126462206e-19,4.84934364957e-12,-0.979132701746,2.21315643687e-11,3.04698988997e-06,-3.12600177608,4.16719258716e-18,3.83022025131e-11,1.65522889367,-7.95718759611e-08,-0.000852412626468,-4.25213994601,1.55902861612e-15,3.67641759874e-09,0.44863127278,4.13169640044e-08,0.000226925884455,0.788810802136,-3.24131266301e-07,-0.00235502238649,0.184591814549,1.88994381502e-09,5.32849260496e-05,-1.21561885149,3.83055763584e-09,0.000114618666316,-1.93131916392,2.21876157931e-08,0.000558877888632,-3.75504923759,9.01811696689e-11,1.1988511922e-05,-1.66303157459,1.97570308254e-10,1.90795659136e-05,-4.43392238564,0.0183999752838,0.995529482825,-2.23440248634,2.29911028197e-10,1.89818318032e-05,-2.3539381948,5.07003459122e-10,3.56003072129e-05,-1.00532297638,3.56005902611e-05,0.0333499233238,1.32519051837,-0.0160507014709,-0.918906919692,0.861431511592,3.11344055673e-08,-3.60494992402e-06,0.364018578674,1.20005879563e-05,0.000107282662031
gradient,1,0.27,0.280000001192,True,50,9.86449906001,6.94775972954,0.74025818691,-1.53387051497,-0.652361179467,0.0031643966442,0.414024794358,0.419029270425,0.0184715952984,-0.0290158938534,0.166085197413,0.74461912771,0.31067324377,0.0388582510736,0.000116658523173,2.04769959717e-10,3.7005642372,0.639168954373,0.565114528322,12.9546497204,2.66060757446e-20,3.83896992559e-13,10.8667633686,1.294172399e-12,2.59836867367e-07,12.6640714499,1.74818743201e-19,1.91949299897e-12,9.36684221401,9.98075451325e-09,0.000158362259807,12.1019950567,5.30955148926e-17,1.49705952684e-10,9.45479266104,7.66707886376e-09,0.000125748831979,8.86394433374,4.86132938225e-08,0.000637474276271,9.9689299334,2.37735209696e-10,1.20863833053e-05,9.95454883131,2.76815336688e-10,1.3198559469e-05,9.49581609166,1.47280841916e-09,5.60692771836e-05,10.6127034243,3.84058163458e-12,6.58736402212e-07,10.3262991767,1.24122824796e-11,1.71230180975e-06,6.8027612044,0.00125777353479,0.165671218351,10.5350599334,1.15718095555e-11,1.30649167115e-06,10.239689492,3.97969356508e-11,3.54501265921e-06,8.05118708084,6.5929460712e-06,0.0112325373288,6.31269105566,0.004705039608,0.38933652271,9.38745760965,8.96979641177e-09,0.000148541794966,8.23681677616,4.9126202896e-06,0.00733861309906,108.862445836,7.17334712332,-0.822618022561,0.896192356944,2.21791021526,0.0794583377236,0.619365979175,3.58092401997,1.6188499137,-0.705279686101,-0.25205250561,0.177063289269,1.73602049536,0.47146587305,0.00243495883801,5.75558666895e-09,-1.43837085604,0.229545040121,-0.30629708716,-0.842333977989,5.1822325874e-19,5.71830154328e-12,-0.911578542562,2.14950343323e-11,2.8502537972e-06,-1.3538247826,1.07906910611e-18,1.02957959239e-11,-0.431423144852,1.33583526202e-07,0.00100221371141,-4.56790745022,2.67496755163e-15,5.64660843748e-09,2.03528365655,-8.21832831983e-08,-0.000980510714359,0.258268029861,-1.78802359462e-07,-0.00104486347816,-0.915789030965,4.66195720077e-09,0.000143324913971,-0.428590303456,1.8532582436e-09,4.93365861341e-05,-2.54865245857,3.81050055679e-08,0.000858207635667,-2.43366266221,6.64263116965e-11,8.5396537141e-06,-1.01765528522,1.54656870383e-10,1.39068400838e-05,-3.0197928215,0.0135899953692,0.740754358138,-1.9691098664,2.36565658505e-10,1.84673221159e-05,-2.57904257595,8.15331546722e-10,5.17478155418e-05,-0.0434265551359,-8.57174487206e-06,-0.00114914138245,1.289662031,-0.0149414481239,-0.893072035365,0.699939676298,3.96373881451e-09,-0.000151344952503,-1.07057841807,5.29038453409e-05,0.0330337287423
gradient,1,0.28,0.289999991655,True,50,15.580792915,7.29336677033,0.730972255919,-1.51964663271,-0.636921777751,0.00433853169247,0.413102950062,0.45104409104,0.0288323804548,-0.0387162853453,0.160719320189,0.746267671703,0.323793079506,0.0423545658626,0.000133923564423,2.38411393857e-10,3.69434956999,0.64048613999,0.563530021666,12.9410062208,3.24868765459e-20,4.48950181591e-13,10.8713017527,1.30327066546e-12,2.5982248897e-07,12.6479273382,1.8861475529e-19,2.04980248503e-12,9.35836423354,1.15741172521e-08,0.000170596203383,12.0669615374,8.09614484771e-17,2.04507539627e-10,9.4793850725,6.56561143777e-09,0.000113309139528,8.86126365853,4.84446977214e-08,0.000640369731529,9.95705734193,2.84911479788e-10,1.35487249928e-05,9.95938354774,2.79132794132e-10,1.3128508995e-05,9.47458213764,1.84709032039e-09,6.3971285182e-05,10.5953383903,4.31303291492e-12,7.18707247499e-07,10.3148104789,1.41491789834e-11,1.86460494402e-06,6.77382370819,0.00139218250436,0.172999192887,10.5300092065,1.26520120949e-11,1.38077150828e-06,10.2241901743,4.50635559489e-11,3.8737385467e-06,8.04415679233,6.7522404541e-06,0.0114324291673,6.32247383963,0.00461054692946,0.38167486355,9.39860184222,8.49585294881e-09,0.000142694450756,8.22130381792,5.47791796374e-06,0.00774538973372,197.233295173,32.7824641671,-1.97726821899,1.47253958881,2.55415875465,0.0441643213347,0.656937497152,3.05479806368,0.646126403708,-0.453586350384,0.0052766159286,0.0132582457059,1.4577656561,0.460431089465,0.00293185643917,8.80706921803e-09,-0.560396477372,0.022429029566,-0.0549920347945,-1.10333753023,5.6224807591e-19,6.14168246287e-12,-0.345274086429,1.08796873121e-11,1.42989538214e-06,-3.0280177933,5.16342583e-18,4.32618966027e-11,0.195736793844,7.69158057351e-08,0.000463322808796,-4.20227320449,4.03568688664e-15,7.46511501137e-09,2.62699050657,-8.46932716124e-08,-0.00107197167151,-1.18270981647,4.11981449493e-07,0.00319273897446,0.852278684538,4.1325893018e-10,4.588705375e-06,0.089966044335,1.27181236074e-09,2.71252315855e-05,-2.91325939063,4.79450423594e-08,0.00100864544248,-2.26793065006,8.82969041322e-11,9.96945793682e-06,-0.436893032169,7.64971655925e-11,6.87883269565e-06,-4.35409104781,0.0223019753228,1.11869030955,-1.41136458488,2.37813341845e-10,1.66161405568e-05,-1.87039211155,7.62040532873e-10,4.46956377635e-05,-1.39218376406,4.62435559651e-05,0.0453992517219,2.60160722423,-0.0328095988461,-1.45009786575,1.29320669287,-5.34876827239e-08,-0.000625850596147,-1.04302134616,4.96347462374e-05,0.031063121403
gradient,1,0.29,0.299999982119,True,50,13.8091649635,7.60340901288,0.70071282253,-1.50441972319,-0.601278004375,0.00404768307089,0.427163544301,0.480125231699,0.0313941233726,-0.0380876208611,0.166190729731,0.744884292625,0.339828556892,0.0480668728629,0.000175295651956,3.80911344078e-10,3.68935630765,0.639617534964,0.564014687627,12.9325829698,3.78510372628e-20,5.06730641816e-13,10.8598578868,1.51176614524e-12,2.8843477501e-07,12.6035110941,2.78087259801e-19,2.78473093103e-12,9.37075694988,1.1519070628e-08,0.000167628715982,12.0179495926,1.33809252625e-16,2.99008252911e-10,9.50733247117,5.97321343151e-09,0.000104309398548,8.84029013741,5.68529228124e-08,0.00070132905576,9.98597550709,2.460003883e-10,1.21781574128e-05,9.9563481522,3.02251583903e-10,1.37410641007e-05,9.43755090385,2.43170926635e-09,7.62421860331e-05,10.5673448113,5.60651971722e-12,8.58125560948e-07,10.317561316,1.39422257915e-11,1.84987846367e-06,6.71567938344,0.00170381304125,0.188045024541,10.5068326417,1.63280763924e-11,1.63881448229e-06,10.2022816497,5.50377463083e-11,4.43892541448e-06,8.02334340556,7.5178171905e-06,0.0121405223633,6.36472320014,0.00404884763108,0.360334565395,9.41332174351,7.9000427573e-09,0.000136024783043,8.21595634924,5.90531521435e-06,0.00795987552713,-400.253050957,12.733054308,-2.87052373588,1.54615087807,3.59543946013,-0.111477760014,2.43061733081,4.02171784692,-0.0284768251558,0.786107619929,1.56726914724,-0.403316300223,2.27893927156,0.906592672413,0.00790360167924,3.73801060343e-08,-1.31710967819,-0.226488092778,0.118312770677,-1.21916650144,9.83419684547e-19,9.75402807802e-12,-1.62302750779,3.04368474663e-11,3.95034928187e-06,-4.9184695095,1.48979665074e-17,1.12047205988e-10,0.805941735569,8.99379582421e-10,-0.000102905697634,-5.83370475058,1.04415464172e-14,1.63275133291e-08,1.67891402951,8.66421774148e-09,-0.000223968472603,-2.29708995803,1.20773861664e-06,0.00774955056644,3.2283337159,-4.3962444896e-09,-0.000156844434818,-0.858414720161,5.03139236722e-09,0.00012832043405,-3.03085841375,4.63051259952e-08,0.000981653279292,-4.00751653816,2.33037213674e-10,2.36753768575e-05,0.0684430384043,2.97074117795e-11,2.21042554143e-06,-6.181348916,0.0376764592306,1.58618776965,-2.47588699644,4.52945474382e-10,3.043905208e-05,-3.34750387719,2.12968331192e-09,0.000107354973193,-2.52334192123,0.000114640873058,0.0918033484716,4.3809008101,-0.0557883316451,-2.11252852081,0.514493634337,1.47742378962e-08,3.05080034699e-05,-0.93223141152,5.87637131955e-05,0.0321058520026
gradient,1,0.3,0.310000002384,True,50,7.57573189585,7.54802785649,0.673561781201,-1.48872361515,-0.565012988549,0.00210897649218,0.461715296679,0.531478447978,0.0282628439517,-0.0229941329467,0.192064703134,0.738201345698,0.369371864937,0.0604864193109,0.000291995598008,9.86013514542e-10,3.66800737642,0.635956378134,0.56589627708,12.9166228907,5.21552702368e-20,6.44030743151e-13,10.8388412026,1.91200761479e-12,3.38829474608e-07,12.549557948,4.86574085439e-19,4.29074660478e-12,9.37448306825,1.15921048437e-08,0.00016853808943,11.9502874424,2.89792376822e-16,5.31057806209e-10,9.51296335309,6.7388957926e-09,0.000108829770076,8.81532185937,7.25994700543e-08,0.000795360742858,10.0216240163,1.96986589996e-10,1.04118362965e-05,9.94221525334,3.79760641476e-10,1.5694917676e-05,9.41396496937,2.77319284029e-09,8.36043507678e-05,10.5151880595,8.9737771884e-12,1.19221478465e-06,10.3161793397,1.4743327219e-11,1.90881345485e-06,6.65019672987,0.00214571168897,0.20472294828,10.4804914666,2.17109215825e-11,1.98955254988e-06,10.1572400967,8.76572221873e-11,6.02083801056e-06,7.9936899539,9.04505791527e-06,0.0132684961367,6.41009185583,0.00349478029655,0.339424293134,9.40889171491,8.79133770673e-09,0.000143304610826,8.20265918969,6.65319222765e-06,0.00838750677377,-239.115542682,20.6364499387,-2.936436221,2.06878969073,2.60109297931,-0.14483585163,4.95435487206,3.62123871443,-0.147348944254,1.77567547287,2.89265117082,-0.76833328336,2.76434730952,1.3263678103,0.0163018865574,1.46047266e-07,-1.44238406572,-0.626061555907,0.44958915883,-2.65995571592,2.37557010405e-18,2.15034073386e-11,-3.48194318527,1.05425364792e-10,1.1316114097e-05,-5.86422012132,3.16723319081e-17,2.09711666379e-10,0.563503972778,-4.58475413444e-08,-0.000320535998268,-4.45631208086,1.27154255693e-14,1.78305713593e-08,-0.356836472216,1.75610855025e-07,0.00118257434067,-3.12506828675,2.06524816959e-06,0.0119163811093,3.5470925264,-5.01398137508e-09,-0.000181941480317,-0.928148261362,8.19463994396e-09,0.000193727945316,-1.94331237917,3.07251346031e-08,0.00062995119565,-5.15047786181,4.12222609084e-10,3.7888969915e-05,-1.2587182895,2.37282617046e-10,1.91069164799e-05,-5.8354545744,0.0419884425778,1.54282810846,-2.99234748412,8.13004716596e-10,4.9207474943e-05,-2.92692993884,2.61974524114e-09,0.000119968945622,-4.40898780403,0.000252457738857,0.177312770578,4.68064556694,-0.0539503069999,-2.08756149262,-1.44214626428,2.42791394078e-07,0.00175057664458,-1.67951915713,7.81115275227e-05,0.0476277762991
gradient,1,0.31,0.319999992847,True,50,9.02685410983,8.01613801166,0.64198409811,-1.46304392938,-0.549256144788,0.00115096603829,0.526250641742,0.552550005987,0.0284471444875,-0.00257411140378,0.224043753148,0.729517626957,0.395115503082,0.074594229069,0.000501333383105,3.30185666408e-09,3.66050862634,0.627096303846,0.573006470803,12.8793838555,8.53624393437e-20,9.36798788588e-13,10.7902190231,3.62027344109e-12,5.1475705695e-07,12.4862266916,9.11533897964e-19,6.97896425862e-12,9.38202702934,1.06021198011e-08,0.000161217996017,11.928823351,3.88117764012e-16,6.55619680097e-10,9.50019574172,9.48543053202e-09,0.000127960885362,8.77778877168,9.81578862041e-08,0.000939656677946,10.0569173576,1.45720760798e-10,8.53932780648e-06,9.93778518697,4.66144382782e-10,1.76156230071e-05,9.39868465626,3.04621195841e-09,8.88412099461e-05,10.464335254,1.38509718989e-11,1.61590495925e-06,10.2923869502,1.86878781324e-11,2.23201679326e-06,6.59897029196,0.0025435818928,0.218901586711,10.4469856921,3.25881707243e-11,2.62296398115e-06,10.1437430509,1.07432651131e-10,6.83830432692e-06,7.93516364948,1.25669719676e-05,0.0156867777748,6.45833611148,0.00296984149108,0.318583335542,9.38447881822,1.27558706389e-08,0.000171036315935,8.1823659661,7.4675457648e-06,0.00891243105311,521.537915564,78.8295485108,-2.42107972503,2.92204364762,1.97731995955,-0.0665399675222,3.91910685619,2.4447123636,-0.654756702356,1.71343166261,2.7149605406,-0.679782905138,1.83722019387,1.08108744907,0.017071112265,2.05297591626e-07,-1.15185243362,-0.37137998419,0.229679733965,-2.687291307,1.8796704953e-18,1.72120945214e-11,-1.61535738805,7.36372591762e-11,7.31385820652e-06,-5.9195219117,5.78165368811e-17,3.32907064056e-10,0.492404685859,-1.72699311897e-08,-0.000183563796862,-2.64221038454,1.28874391079e-14,1.57535175656e-08,0.56718633186,7.89028790337e-08,0.000466266568012,-3.1189259674,2.47096556655e-06,0.0129669035106,3.03892101994,-4.06656618696e-09,-0.000152402142704,0.211183836098,5.15311482738e-09,0.00010147932564,-0.745970508998,3.45771265396e-09,0.000134310881471,-4.89531154628,5.807566316e-10,4.63824661526e-05,-1.6289166079,2.25511329825e-10,1.90609143166e-05,-5.05754612955,0.042251719859,1.42150477738,-0.952116412542,4.43539414008e-10,2.56062499556e-05,-2.01686356429,2.72891040579e-09,0.000107389558865,-4.75644071898,0.000301548429247,0.202437393011,3.90092383654,-0.0398447292762,-1.71765275013,-0.447159132318,1.5019389104e-07,0.0009658752191,-1.59070363912,6.3979238963e-05,0.0422911322731
gradient,1,0.32,0.329999983311,True,50,18.0064902071,9.12461882671,0.625140186701,-1.4302827422,-0.525466589358,0.00077817714174,0.540097433802,0.58037269525,0.0151677099046,0.0112745003055,0.246363913946,0.724605687595,0.406116268814,0.0821081682922,0.000633417843307,5.09196534706e-09,3.64497032775,0.62852877845,0.570489871759,12.8628770646,8.97486801428e-20,9.88272633578e-13,10.8065340548,3.38475279831e-12,4.85106638738e-07,12.4311675098,1.64290482306e-18,1.09488878859e-11,9.38433116197,1.12467062199e-08,0.000164866813493,11.8974432347,5.47541158979e-16,8.46128157522e-10,9.52430707972,8.31695337328e-09,0.000118155101436,8.75294334002,1.22018781385e-07,0.00105469881307,10.0824024366,1.15655266257e-10,7.36379344242e-06,9.94643893006,4.82822938024e-10,1.77245041888e-05,9.39904555919,2.84234709337e-09,8.62905683972e-05,10.4172818286,2.05889098204e-11,2.1198641077e-06,10.2836010076,1.92535538155e-11,2.29003174118e-06,6.54904580728,0.00299074608615,0.233153043828,10.4614491383,3.05817098627e-11,2.50167754899e-06,10.1169028255,1.42235430303e-10,8.16862918785e-06,7.89856113952,1.50760265002e-05,0.0173172439969,6.48811033256,0.00269788571103,0.305071238132,9.39994853226,1.17952155275e-08,0.000162622115208,8.17084511691,7.93277700691e-06,0.00923332941924,753.431479995,56.436731868,-2.34344816208,2.7204698436,2.42959343642,0.00383109096158,2.26211798286,1.90825887534,-0.459403307293,0.113248974971,2.00680965116,-0.454432650768,1.07161316681,0.760435912701,0.0153448706539,2.6419975603e-07,-0.00913046386404,-0.0471094334648,0.0256254535728,-1.30442412949,-7.81283103854e-20,1.17263576117e-12,-0.386972874029,5.2712317191e-11,4.25263816959e-06,-5.83768173155,1.16966604104e-16,5.73084743594e-10,1.04552825386,-2.38101476309e-08,-0.000365594366964,-2.43552763724,1.37557828742e-14,1.55397601823e-08,2.35073214262,-1.04750664074e-07,-0.000930602966358,-2.03910275991,1.47453334947e-06,0.00819680431104,2.18734218592,-1.84967218674e-09,-7.6844386098e-05,0.809299316068,1.40679350236e-09,9.25134082452e-06,-1.62380615802,3.00448861278e-08,0.000618144331724,-3.70516111749,6.01646985639e-10,4.27993168264e-05,-0.958378015886,1.05823761549e-10,1.00571813673e-05,-5.6074199417,0.056097859425,1.55944876541,-0.452061971763,3.28902710932e-10,1.69321708184e-05,-1.07899763496,1.55909135102e-09,5.770122386e-05,-3.43840388925,0.000249061507356,0.159202064894,3.15315387221,-0.0263537690257,-1.47269064335,1.13069272159,-3.60682724192e-08,-0.000435266728207,-0.318702329725,7.2719388039e-06,0.00934960115238
gradient,1,0.33,0.340000003576,True,50,24.0954837097,9.14487264902,0.595115134869,-1.4086345325,-0.50066427606,0.00122758785752,0.571493001399,0.590715183494,0.0192590783416,-0.000309131904368,0.264179946171,0.720428973942,0.416547766419,0.089802947323,0.000808230796184,8.58585178468e-09,3.66032601706,0.626154115177,0.573518979875,12.8532953729,8.3799873136e-20,9.60251503811e-13,10.7824795656,4.67451978491e-12,5.99809820341e-07,12.369473057,3.25086598004e-18,1.84406591305e-11,9.40293759442,1.01259168485e-08,0.000153906108678,11.8801127983,6.63233421495e-16,9.66414883743e-10,9.54721038458,7.39041725053e-09,0.000109348826035,8.73700671648,1.27648553193e-07,0.00110359276417,10.1006642013,1.08727317063e-10,7.00244008452e-06,9.9539711733,4.94280252829e-10,1.78006498235e-05,9.3662085331,3.64710968096e-09,0.000101204096581,10.3902320317,2.58839116117e-11,2.47189129578e-06,10.2732193899,2.08043533634e-11,2.43316042061e-06,6.48682189312,0.0036655390813,0.250090562019,10.4379444526,3.9166224943e-11,2.96160739752e-06,10.1221630982,1.38614478152e-10,7.99232880412e-06,7.8663955717,1.75482021147e-05,0.0188708190727,6.52139918892,0.00244276611057,0.289129522675,9.40709267265,1.20345051905e-08,0.00016233098137,8.1759919195,7.61298454088e-06,0.00909942307615,108.310920862,29.0002449104,-2.79410797358,2.83087944612,2.71055275761,0.0255015236768,2.08812771855,4.06299333108,-0.104871810558,-0.114571857031,3.00867981907,-0.776328747732,1.53787432711,1.14833125848,0.0249812036158,4.63765372615e-07,0.030629900715,-0.267429380629,0.235023931251,-1.40141851907,5.36918301619e-19,6.32689498809e-12,-0.478122771986,2.43488115676e-11,2.40092625176e-06,-6.54187015469,2.60972904689e-16,1.0787271758e-09,0.0994475664305,5.03100318329e-08,0.000331594423904,-3.97830514139,3.57685935484e-14,3.60352239943e-08,2.7324204918,-1.24526212998e-07,-0.00113004693551,-2.22293684345,1.90328379449e-06,0.00975298265958,1.91522480035,-8.58034359414e-10,-4.30259452758e-05,1.73491421388,-4.41475266474e-09,-0.000114672190772,-2.27114892653,5.03681024503e-08,0.000967631762251,-4.40604600215,1.10193216158e-09,6.80659483291e-05,-0.732835732755,8.87524495855e-11,8.67664506734e-06,-6.97026141628,0.0847761410151,1.89033255801,0.0414454067746,3.35595162878e-11,2.59973032282e-06,-1.80380363819,2.95391726634e-09,0.000105457232558,-3.25036222662,0.000279241373857,0.161968198857,3.33324887253,-0.0243596414811,-1.56552595539,0.586146951076,-2.71041109309e-08,-0.000190380479364,-0.870598139093,4.46459775019e-05,0.0266846922274
gradient,1,0.34,0.34999999404,True,50,20.1727086244,9.70462372492,0.569258027229,-1.37366515327,-0.471255534206,0.00128820761528,0.581859988173,0.661632561872,0.0130702736934,0.00898306316485,0.306537510328,0.709079112641,0.436873755356,0.105074793462,0.00113304191562,1.43672727994e-08,3.64558292577,0.623180190838,0.575190350384,12.8348486942,1.00487046175e-19,1.11481053334e-12,10.7969715994,3.87172902966e-12,5.33125163774e-07,12.3003301067,6.86236291685e-18,3.25234314019e-11,9.3863201133,1.22529068566e-08,0.000171498701971,11.8178771319,1.26291302995e-15,1.56683263741e-09,9.57895548956,5.82642911331e-09,9.55541627257e-05,8.70848460315,1.60084457275e-07,0.00124975846626,10.1207069327,9.84945790683e-11,6.5032745369e-06,9.98113721434,3.94527884729e-10,1.54310603733e-05,9.35362258066,3.84970914238e-09,0.000105643203642,10.3291609085,4.2627553052e-11,3.48118307428e-06,10.2689442929,2.10286028072e-11,2.46356464253e-06,6.40964057896,0.00468626890645,0.270959694988,10.4622780465,3.12529001884e-11,2.55367215545e-06,10.0808267527,2.0131377563e-10,1.0277773839e-05,7.83355389499,2.06608539773e-05,0.020556607974,6.55477531001,0.00221069288141,0.273760719024,9.41167147128,1.12531333089e-08,0.00015881450562,8.15343315412,8.82569655695e-06,0.00976702326378,-275.784330408,32.4332679166,-2.33365869522,3.22122430429,2.97100363672,-0.00154266197649,1.19458068091,6.31375163559,-0.81720327547,0.519547365646,3.95824915847,-1.13307388111,1.75379301196,1.44997690396,0.0347742680953,7.00406928082e-07,-1.04068703028,-0.174764054228,0.0875566318999,-1.42585687081,1.31804008227e-18,1.19137878485e-11,1.4862501623,-7.3363115781e-11,-6.33102833452e-06,-6.64354333226,4.83354916802e-16,1.72745168104e-09,-1.10167810601,1.77158515781e-07,0.00136899430559,-5.60824961068,6.89061136805e-14,6.36320801275e-08,2.80555142735,-1.22009980171e-07,-0.00113734434763,-2.4128252808,3.04462246322e-06,0.0129498691354,1.97569182045,-1.1250039131e-09,-5.21856088061e-05,2.02381328866,-5.67887215193e-09,-0.000146632052209,-1.19752873622,1.90680517144e-08,0.00042787129294,-5.57760282341,1.82345595487e-09,0.000103235872453,-0.35468466503,5.10672400431e-11,3.47165940268e-06,-7.44732804372,0.108893435956,2.00622932524,1.86726946815,-5.29788961063e-10,-2.8375653207e-05,-3.54050509334,5.83784591588e-09,0.000204484577717,-2.95016385661,0.000293551408191,0.155204461986,2.97643617245,-0.0196712370465,-1.36388532557,0.829276433001,-1.02277493621e-07,-0.000621703705216,-1.68346034665,9.77991285477e-05,0.0513442689995
gradient,1,0.35,0.359999984503,True,50,18.5797971016,9.79353800735,0.548441960964,-1.34421004642,-0.441244203326,0.00119673461799,0.595384615017,0.716990216206,0.00291501283221,0.0100818154085,0.34334492934,0.69776749632,0.451623626658,0.118802485402,0.00150371615809,2.25939903463e-08,3.63951227645,0.622658834092,0.575270112513,12.8247782354,1.10160674781e-19,1.19852726078e-12,10.8122045689,3.20725746929e-12,4.73189253651e-07,12.2366021904,1.29179643161e-17,5.29896927512e-11,9.3809040323,1.36690871641e-08,0.00018128599479,11.7679478061,2.04135569511e-15,2.23905648629e-09,9.60332141312,4.95021764711e-09,8.6601939082e-05,8.68875021086,1.88541002458e-07,0.00136259014688,10.1401780377,8.6227238801e-11,5.9587279084e-06,9.99444743907,3.8070280979e-10,1.48680087794e-05,9.34225795838,4.02847071525e-09,0.000109761522439,10.2786799752,6.23530307091e-11,4.53660874484e-06,10.2661256966,2.18256981642e-11,2.50259360866e-06,6.33787533225,0.00584340780043,0.290215148524,10.475289842,2.85704457217e-11,2.39409433337e-06,10.0513529964,2.55371396469e-10,1.20820203585e-05,7.80739229457,2.34192302786e-05,0.0219749083124,6.58092791237,0.00204934136964,0.261851816164,9.42367820131,9.98895531806e-09,0.000149896907266,8.14232271257,9.56896711183e-06,0.0101263084561,81.3745137988,-18.4254249963,-2.44208556414,2.47035803646,2.44247521274,0.033881196712,1.27128169662,5.28808608636,0.293828553873,1.16605447517,3.18787621496,-1.00190153045,1.25917729258,1.33700852646,0.0422818719235,1.11288506309e-06,-0.793895667142,-0.352408514592,0.236377399949,-1.09798254671,9.78906076004e-19,8.91555024128e-12,-0.136774866969,-8.79194352663e-12,-2.84340099382e-07,-5.0762492573,5.46596585699e-16,1.77049135826e-09,-1.14676482793,2.05530287947e-07,0.00148117478065,-4.65975440203,1.09453909403e-13,8.37879129178e-08,2.82837357027,-9.15022229747e-08,-0.000998839483872,-2.55512185445,3.90699606422e-06,0.0150163385588,2.17027942212,-1.25499089875e-09,-5.87020632674e-05,1.74432405011,-3.57713828649e-09,-0.000106460629901,-1.73273339008,5.53044245324e-08,0.000887178606182,-4.66709418855,2.30170791746e-09,0.000113795705096,-0.238300101207,8.29211948588e-11,4.54863911215e-06,-5.69283553733,0.0956249770557,1.60526966986,0.433730626484,-2.51322272579e-11,-2.30474207428e-06,-2.93944272088,7.16811114051e-09,0.000215742297119,-2.32827935509,0.000249681876018,0.12913259353,3.34360330733,-0.0213652220784,-1.37102310993,0.201936317047,-3.0634552249e-08,-0.000122762115768,-1.47732918649,9.34506346138e-05,0.0464245779734
gradient,1,0.36,0.370000004768,True,50,21.8001989004,9.33611522499,0.520416315947,-1.32425799254,-0.422406029951,0.00196583154952,0.607285622106,0.767394283599,0.0189468447709,0.0323041526683,0.370295034627,0.689041082032,0.462057301208,0.131814963991,0.00197867935409,3.66249740611e-08,3.62970501242,0.616132020546,0.579917898383,12.8128890433,1.20065167695e-19,1.29312153817e-12,10.794236102,3.69589015913e-12,5.27438361786e-07,12.1988051215,1.77942946308e-17,6.79332585671e-11,9.36338481674,1.63635126155e-08,0.000201122197584,11.7246820439,3.45199121802e-15,3.24259089576e-09,9.63552296097,3.99638465382e-09,7.55773730482e-05,8.65738216606,2.38224378559e-07,0.00155008523744,10.1641125211,7.33947610933e-11,5.32923327155e-06,10.0160236953,3.22985118999e-10,1.33018477753e-05,9.31896791286,4.95579763303e-09,0.000123386775766,10.2358190247,8.86617114013e-11,5.75709717621e-06,10.2641782909,2.26870267044e-11,2.55453742477e-06,6.29578386821,0.00659876844756,0.303065088385,10.470952659,3.07502556433e-11,2.50757731396e-06,10.0220378983,3.4467599844e-10,1.45926197814e-05,7.78698830789,2.56544914977e-05,0.0231392598446,6.62164737616,0.00178338843984,0.246340256825,9.41571019762,1.06404422639e-08,0.000156359263305,8.12388657039,1.06947092492e-05,0.0106955148233,139.577486169,-4.19736028929,-2.57231932878,2.51651295274,1.88524691761,0.0441586720186,1.19234830187,4.60957553549,0.584181248881,1.57724576623,2.56390468085,-0.794419032428,0.916647599887,1.20581864936,0.0482343578512,1.62783639532e-06,-0.40095668302,-0.456699801956,0.338747191657,-1.61250019656,1.65218622438e-18,1.46501561007e-11,-0.418042575296,8.27470028124e-12,1.14308188659e-06,-4.39367435743,6.8988549103e-16,2.02830632777e-09,-1.35095850606,2.3695774449e-07,0.0016701266992,-3.80661111946,1.3796276909e-13,9.48020806079e-08,2.83674252213,-6.84670668214e-08,-0.000842063581279,-3.01422779157,5.35349312817e-06,0.0190680789778,2.20738055322,-1.17805837616e-09,-5.82165917491e-05,2.05601743884,-4.16864125705e-09,-0.000121645107794,-1.65209828947,5.50186715477e-08,0.000879355859876,-3.98949145858,2.64888636349e-09,0.00011846497412,-0.600013963046,2.06572027613e-10,1.245404719e-05,-4.70209094348,0.0907669938252,1.40677293547,0.605864141313,-6.91887800185e-11,-4.53381415935e-06,-2.23408595549,6.54094098276e-09,0.000187901071143,-2.71178242173,0.000337443158888,0.160610957137,3.61337837427,-0.0220641664172,-1.38149208437,-0.21777241201,3.86020088785e-08,0.00034043291904,-1.85946944717,0.000115148914639,0.0574452882091
gradient,1,0.37,0.379999995232,True,50,21.3713468249,9.70959080156,0.496995574389,-1.29387978736,-0.403539264973,0.00207990805837,0.619231581055,0.809181726916,0.0145986378098,0.0416267307331,0.394623022957,0.681879115671,0.469956578656,0.142918858389,0.00246840331511,5.51507182527e-08,3.63149314279,0.613524838053,0.582045056346,12.7925282315,1.43204399269e-19,1.4915303828e-12,10.8038437174,3.37275147492e-12,4.96050891383e-07,12.1487287032,2.67156741367e-17,9.35558193066e-11,9.35388486218,1.84082420539e-08,0.000214688528774,11.6918155837,4.8006110769e-15,4.13509809845e-09,9.66005626357,3.58087631068e-09,6.97606674564e-05,8.62846565503,2.95610865021e-07,0.00174395172643,10.1843256488,6.26660712777e-11,4.79439607342e-06,10.0355677878,2.97329984649e-10,1.24351066235e-05,9.30921599259,5.12884414621e-09,0.000127348639637,10.1988901461,1.15330757979e-10,6.90590822724e-06,10.2541254174,2.59571387165e-11,2.75167455246e-06,6.24383351338,0.00765874767694,0.318350607233,10.4874071248,2.71866701213e-11,2.30341805019e-06,10.0066712773,3.86190216124e-10,1.58400417813e-05,7.75315664613,3.01680934563e-05,0.0251871274552,6.65319547986,0.00160805804129,0.234221974476,9.41932275307,1.07609954956e-08,0.000156705565647,8.10513332362,1.18719454046e-05,0.0112752142203,-4.15572815225,4.19315174559,-2.18229472637,2.52320769429,2.21777581051,0.019752890395,1.37496289786,5.15896743356,0.200034753022,0.707356581206,2.99719101827,-0.921977666516,0.877753820252,1.36068935287,0.0670653511905,2.89358355294e-06,-0.130440334177,-0.262610348165,0.184696258724,-1.22457874519,8.0136695238e-19,8.03067339464e-12,0.088410508686,-9.31158791964e-12,-5.9256051028e-07,-4.79172846571,1.14082189688e-15,3.07732795487e-09,-1.13741087446,2.44764432004e-07,0.00159960321838,-4.20222856433,2.01251712452e-13,1.26253645531e-07,2.31290311535,-4.69764699901e-08,-0.000604170011051,-2.17011351589,4.13087418226e-06,0.0144953397148,1.63520592511,-6.39199258058e-10,-3.38066946185e-05,1.59542944514,-1.92353770156e-09,-6.78712939853e-05,-1.47879575431,5.60531202573e-08,0.000858356371498,-4.03184910658,3.57009989651e-09,0.000143438888042,-0.741095438728,2.75198128107e-10,1.64891164106e-05,-5.37461387494,0.118522069645,1.51984974002,0.663930918391,-6.20847265042e-11,-4.73230968015e-06,-2.29349769347,6.84368032429e-09,0.000196545840787,-2.44714750411,0.000337108480659,0.149995563571,2.89690791666,-0.014986856088,-1.12414376414,-0.0972935480256,2.27533080459e-08,0.00026621791994,-1.23232717732,7.77965414939e-05,0.0393386893019
gradient,1,0.38,0.389999985695,True,50,21.7170843373,9.4199782599,0.476770421419,-1.27379383866,-0.378050513741,0.00236088935742,0.634784880063,0.87057363227,0.0229475398313,0.0464512842924,0.430238854992,0.670601528701,0.479612377613,0.159028751048,0.0033199863779,9.44966451198e-08,3.62709620574,0.610879813583,0.583611823558,12.7883974684,1.36092506743e-19,1.45373500606e-12,10.7960043122,3.50965840074e-12,5.1558715158e-07,12.1029705522,4.06107325684e-17,1.29479817665e-10,9.34063659925,2.12588012556e-08,0.000233114261952,11.6406374726,7.47702546705e-15,5.76766380639e-09,9.68178102327,3.05685525402e-09,6.34939728272e-05,8.61397989574,3.20841862205e-07,0.00183999203173,10.1968166396,6.06107759322e-11,4.65309937918e-06,10.0479322842,2.84514364968e-10,1.19444218956e-05,9.28939199777,6.07686003817e-09,0.000140553903196,10.1551820426,1.60063709331e-10,8.62587493706e-06,10.2493563821,2.81909892666e-11,2.88431975298e-06,6.18829159071,0.00896920984046,0.333462083185,10.4842312774,2.95085611132e-11,2.41293112036e-06,9.9761679444,4.81549604926e-10,1.85235365971e-05,7.73804535781,3.23966611109e-05,0.0261391711161,6.67958553449,0.00148365131808,0.223857381542,9.41376432666,1.10955084248e-08,0.000161683621704,8.09924002685,1.22506400791e-05,0.0114822886093,-539.354829912,-37.3222853757,-1.63770014048,2.22773861885,2.57448478788,0.0593336597879,1.61308160862,5.4318162004,0.893486973651,0.989816403342,3.1752083794,-0.969482823257,0.762391780956,1.46577846103,0.0923839023483,5.45600919239e-06,-0.955963040627,-0.102384470701,-0.0282922393921,-0.87833383344,7.93330116927e-19,7.7000164934e-12,-0.554816517014,2.11165847769e-11,2.26097445761e-06,-4.1503473706,1.51144054329e-15,3.69260660197e-09,-0.74229989165,2.10538355848e-07,0.00127690894928,-4.80935842767,3.41918432959e-13,1.89650474872e-07,2.23268101803,-4.44793881477e-08,-0.000573700234188,-1.41962707673,3.31336702149e-06,0.0106212274305,1.3019702969,-3.40525399917e-10,-1.94665687977e-05,1.29349203314,-2.10427370134e-09,-6.49976674694e-05,-1.46927296194,7.44531725839e-08,0.00101162775537,-4.75539189934,6.10633423408e-09,0.000216365363041,-0.873678071146,2.95366650283e-10,1.84478307968e-05,-4.82634232289,0.118773212739,1.34898675352,0.020277353884,8.84602427298e-11,4.1630402287e-06,-3.32435809282,1.30207113709e-08,0.000329665175981,-1.77419956468,0.00027981617463,0.115549987574,2.62910072735,-0.0123693843891,-0.989172632862,-0.0907480288845,2.51476629538e-08,0.000282600513855,-0.830199766192,6.43184540128e-05,0.0297393546415
gradient,1,0.39,0.399999976158,True,50,10.5842502267,8.96314509405,0.464241571579,-1.24932501499,-0.352049569216,0.00326658125412,0.651493213227,0.917818050924,0.0324683772829,0.0614230588,0.458127190545,0.662489459206,0.485204414275,0.17223442761,0.00431608136208,1.64270902101e-07,3.61237388198,0.611477148639,0.581479211558,12.7749615548,1.59071001608e-19,1.64553071266e-12,10.792747387,3.79508317046e-12,5.41270380535e-07,12.0657217558,5.69444850025e-17,1.67407951346e-10,9.33903886434,2.26190091708e-08,0.000240226707759,11.5956284151,1.16389797361e-14,7.92810759588e-09,9.70470988393,2.69128854773e-09,5.82866627726e-05,8.6000731135,3.61878205451e-07,0.00195637627504,10.2103650547,5.58555632794e-11,4.40506469746e-06,10.0614376285,2.55244510622e-10,1.11351532741e-05,9.27983053335,6.61790759789e-09,0.000147581194744,10.1037823081,2.3745744266e-10,1.12332154881e-05,10.2366518559,3.18644717222e-11,3.1206311684e-06,6.14730666692,0.0100342119317,0.345330342304,10.4878126719,2.89558749759e-11,2.38667885476e-06,9.94018411542,6.46604443542e-10,2.24333453009e-05,7.71767265484,3.57644169489e-05,0.0274981272067,6.70577749441,0.00136067035351,0.214438521819,9.41750779249,1.12639487547e-08,0.000162357575924,8.0885293283,1.31583144849e-05,0.0118700013132,-695.220187484,-19.075623976,-0.816290199757,2.37347635627,2.60426367819,0.0232343330495,1.7328439048,3.95369131287,0.576019293519,0.584511291713,2.23806170521,-0.721329594324,0.504604590997,1.14923399343,0.0907533453561,7.19212160694e-06,-1.03677442171,0.264844386994,-0.342082492599,-1.17146112946,2.26489776397e-18,1.79152650753e-11,0.195853096165,1.54129475153e-11,1.23944266754e-06,-3.52208212089,1.75101139738e-15,3.92300236179e-09,0.425236397588,1.79426655718e-08,2.03243127524e-05,-4.12186702248,4.8311137541e-13,2.33551713239e-07,1.86927213469,-2.22662887232e-08,-0.000363870132262,-0.609158714912,1.99139410478e-06,0.00553250268592,0.834641339416,-1.89144440217e-10,-1.11982875739e-05,0.620311211688,1.74585822744e-10,-6.90538084021e-06,-0.76280806597,4.78101538784e-08,0.000615338889907,-4.52273032125,7.55370020103e-09,0.000242772023158,-1.57388296251,5.25010885221e-10,3.21596781891e-05,-3.92532666978,0.106648826457,1.12993606061,0.0461786682217,9.16035516379e-11,4.92225856237e-06,-2.95339709485,1.44174028874e-08,0.000328793119496,-1.88260689189,0.000329703296181,0.126926967744,1.93196483995,-0.00843790910894,-0.715222067911,0.864856973317,-9.99095956272e-09,-0.000229686389661,-0.565581090492,5.45264485658e-05,0.0217183530829
gradient,1,0.4,0.409999996424,True,50,7.81268058763,9.03846578038,0.460444617424,-1.22632431153,-0.325965240177,0.00282557601841,0.669441758159,0.949647458527,0.0344679257017,0.0581415101266,0.475000089096,0.656174936815,0.489704469433,0.182013430917,0.00513505328503,2.38339077259e-07,3.6063607173,0.616176701322,0.576770173706,12.7649682458,1.81390462022e-19,1.81204030756e-12,10.7999213741,3.81791735104e-12,5.40376004931e-07,12.0325289098,7.56309605161e-17,2.079398649e-10,9.3491413272,2.1617654567e-08,0.000233520748207,11.5582001321,1.71392529753e-14,1.04386980712e-08,9.71916646597,2.61152947955e-09,5.6216570182e-05,8.60179672145,3.606697443e-07,0.00195064208545,10.2135094664,5.68278871278e-11,4.42913362771e-06,10.0603385085,2.88006081423e-10,1.18063142788e-05,9.27413583645,7.03306311574e-09,0.000152860680994,10.0647274362,3.11137713352e-10,1.34813154002e-05,10.2178787228,3.8691206971e-11,3.52751331677e-06,6.10978505732,0.0111021863696,0.356060804398,10.4851548507,3.13406321459e-11,2.51137629161e-06,9.9171000025,7.69897662673e-10,2.50993989871e-05,7.70039321997,3.89907270345e-05,0.0286777104709,6.71822483129,0.0013148931359,0.209552940184,9.43106146613,1.08956892336e-08,0.00015708989391,8.08792840504,1.33411690504e-05,0.0119166556709,-744.372069853,-74.1652415816,0.326171040535,2.28830337524,1.92317975685,-0.0871622999785,5.49801302021,6.66354262508,-0.816259136445,-2.51544799136,1.88734317963,-1.58185396664,1.25720130193,2.33819499431,0.203022282772,2.34152336048e-05,0.335119916278,0.216229314054,-0.183264462042,-3.87052300008,1.45542948495e-17,9.87942656635e-11,-1.0054944182,9.13661901358e-11,8.00124152167e-06,-5.03278750884,5.29860412984e-15,1.00737099059e-08,-1.43117922163,3.96530050436e-07,0.00223589178499,-4.9064727087,9.73155991332e-13,4.12899469843e-07,-1.62900296585,5.70692120437e-08,0.00068141624343,1.23516691081,-2.53924356755e-06,-0.00806487760236,-3.25533175559,3.30733899275e-09,0.000141141039925,-2.58059201223,1.43520626092e-08,0.000312750306237,-0.320363788705,5.3192532457e-08,0.000616139114395,-4.15500156399,8.11257190142e-09,0.000246442712023,-3.42447186225,1.27173071541e-09,7.81119842346e-05,-5.41096514771,0.175063092946,1.03250973151,-2.94746183158,1.4231720284e-09,6.87452066825e-05,-2.38105228537,1.46022380261e-08,0.000304587790228,-3.38359491268,0.000805827376101,0.248147760711,-0.755618194571,0.00718270400053,0.0658731043996,-0.134262667137,8.39647813435e-08,0.000519041563775,-3.29479750919,0.000325955896701,0.118747220873
gradient,1,0.41,0.419999986887,True,50,-4.30319117036,7.47984026242,0.47076499239,-1.20355894748,-0.313585974079,0.00152333525455,0.761453473631,1.05108890343,0.0161431945539,0.0111140989727,0.495874054138,0.630852379873,0.510348440313,0.218998327496,0.00837652701752,6.32575574197e-07,3.6190762803,0.61580173492,0.577813922317,12.6975510948,4.50156898597e-19,3.62141602593e-12,10.7726374987,5.62240697317e-12,7.01295210968e-07,11.9650660056,1.62916567599e-16,3.68882149465e-10,9.31041527991,3.05496101795e-08,0.000284944543459,11.4974989609,3.11020995627e-14,1.61860969927e-08,9.67212982461,3.8326727886e-09,7.19149876412e-05,8.62477645171,3.110933341e-07,0.00179507872299,10.1452584196,1.22002343134e-10,7.22788549597e-06,10.0098257883,5.42285762806e-10,1.73901593988e-05,9.27342325758,7.68175824703e-09,0.000159903977032,10.0206822768,3.99708880689e-10,1.61620697285e-05,10.1681624187,5.72990860303e-11,4.68287085309e-06,6.03908736397,0.0135354737906,0.365980536934,10.4288634353,5.74193155439e-11,3.76158298841e-06,9.89256306971,9.38649204064e-10,2.85251011055e-05,7.65000075658,5.18809644709e-05,0.0324610824209,6.69066513051,0.00150432443352,0.215755983907,9.41482253915,1.29432443816e-08,0.000172738407199,8.02263337812,1.96774324189e-05,0.0142449457306,-986.747457045,-134.703539592,1.08070832491,2.30999816954,0.863627374172,-0.00911401965725,9.29333875664,10.4246264908,-1.61641536218,-4.3093687913,3.19657089055,-2.52276732658,1.50570768231,3.64283203905,0.444380946778,9.07514540667e-05,1.01755235704,-0.137661202971,0.150041800263,-6.39017622304,4.00641526535e-17,2.34096113054e-10,-3.26116010145,2.93217855724e-10,2.27826604088e-05,-6.6956831893,1.31218832342e-14,2.14359744463e-08,-4.22925371921,1.11072308548e-06,0.00593001697407,-5.85518134206,2.03014769699e-12,7.36970260594e-07,-4.91707509154,1.63760516444e-07,0.00185213630235,2.06872285445,-4.01361230442e-06,-0.0132829617758,-6.64940204275,8.51791629491e-09,0.000322265033001,-4.22126757989,2.60805721546e-08,0.000523444650817,0.257466845497,5.11025837789e-08,0.000476170768541,-5.14503532368,1.52219755591e-08,0.000402402739883,-4.98754521613,2.56666229972e-09,0.000138962643293,-6.76641112018,0.24922527006,0.840544977898,-5.05236371387,2.95830664593e-09,0.000130310004501,-2.65822222794,2.37172211075e-08,0.000433428952077,-4.86289217359,0.00139638994958,0.377615193299,-2.95647546465,0.021271137194,0.669171511946,-2.33368437073,3.37282828712e-07,0.00230470691609,-6.2979373943,0.000698631196193,0.235936023969
gradient,1,0.42,0.42999997735,True,50,-11.9222685533,6.34439498855,0.482058783922,-1.18012434814,-0.308692692693,0.00264329562526,0.855308533292,1.15813998834,0.00213961845806,-0.0280458656993,0.538931506908,0.605719590283,0.519818623079,0.254870071698,0.0140226722206,2.05336815859e-06,3.62671176445,0.613423477263,0.579771009711,12.6371647213,9.82673515093e-19,6.49396256864e-12,10.7346981721,9.68227446552e-12,9.96029213108e-07,11.898615246,3.380686252e-16,6.36659353826e-10,9.26455625282,4.38321162767e-08,0.000352121087688,11.4410965053,5.7742206915e-14,2.5178103283e-08,9.62082496414,5.88673980843e-09,9.32592962289e-05,8.64317117853,2.80397498212e-07,0.00168498284994,10.0805214255,2.27186213026e-10,1.08744342877e-05,9.97591315688,8.09617524515e-10,2.22752072951e-05,9.27928517336,8.05511479132e-09,0.000162384096365,9.96182672972,6.15577224535e-10,2.15293701979e-05,10.1181278185,9.00244529654e-11,6.30676618263e-06,5.97445683491,0.0160866917708,0.372871703956,10.3841075765,9.05067650646e-11,5.11757638162e-06,9.86393555795,1.24424208482e-09,3.37679780286e-05,7.6031353765,6.69185260261e-05,0.0362300143369,6.659095322,0.00174031587978,0.222936370423,9.38438777872,1.76413458078e-08,0.000203184032232,7.96196965715,2.73137929743e-05,0.0166353761503,-199.287781878,-104.522822967,0.961994826794,2.1676253695,0.169547382742,0.145394708956,9.85187336896,10.8994629765,-0.943553691739,-3.07230418871,3.68094576676,-2.45219134593,0.66378486469,3.45708993223,0.704154180596,0.000284192977207,0.539518429325,-0.416489927821,0.29315965185,-6.66796754789,9.93449730655e-17,4.6223264912e-10,-4.67492936425,6.36496459925e-10,4.09575875254e-05,-6.02321320106,2.24827683278e-14,3.10223762524e-08,-4.97856220392,1.73681750489e-06,0.00803497124883,-5.79923017853,3.98240776141e-12,1.18903390741e-06,-5.23771056917,2.70534611818e-07,0.00252059865113,1.28742191115,-1.82264983159e-06,-0.00698348241124,-6.3227325739,1.37598666063e-08,0.000422742541744,-3.94141177029,4.19336122953e-08,0.000665230928429,0.515852753251,3.69584104493e-08,0.000260888446675,-5.57284365772,2.42964087269e-08,0.000567048372795,-5.24235832409,4.68820568545e-09,0.000206470957891,-5.74735290659,0.238034178969,0.490991626954,-5.19940290376,4.96203559337e-09,0.000182601670931,-3.19733728916,4.04464963421e-08,0.000653653527077,-5.04874235554,0.00188278388236,0.420096253244,-2.56756091742,0.02016628666,0.564213505129,-3.64750294917,6.87313942578e-07,0.00402723562019,-6.74649159898,0.00102001520776,0.280854411163
gradient,1,0.43,0.439999997616,True,50,-8.28894680791,5.38938380308,0.490004888926,-1.16020644009,-0.310195026424,0.00443122943368,0.958490941011,1.26907816296,-0.00272787928083,-0.0503319848016,0.569492969473,0.581808552955,0.523624137607,0.288140126141,0.0224596106294,6.31643511833e-06,3.62986664889,0.607471936364,0.583677115354,12.5641917439,2.43705635991e-18,1.28660690083e-11,10.6791389114,1.83523361717e-11,1.52044696148e-06,11.8446017416,6.12571934155e-16,9.89329674512e-10,9.21084403583,6.52859602773e-08,0.000445643968436,11.3815143574,1.10750254791e-13,3.9966775141e-08,9.56737561323,9.24336502497e-09,0.000122326960664,8.65052488993,2.74640337468e-07,0.00165540907477,10.0188037682,3.9719967526e-10,1.56827363309e-05,9.93099755286,1.38095800871e-09,3.06947779674e-05,9.28374031264,8.42092645601e-09,0.000165121745966,9.90922540364,8.85637055226e-10,2.75030371844e-05,10.0633152522,1.51063199739e-10,8.81229001091e-06,5.92414030583,0.01829615737,0.375800369473,10.3248753772,1.56660027411e-10,7.41361640703e-06,9.82861632393,1.74757913091e-09,4.1598171647e-05,7.54902590947,8.95366421181e-05,0.0408630074858,6.63931391217,0.00190765016672,0.22704025401,9.34187248017,2.66895232331e-08,0.000253283119603,7.88770354614,4.0077736574e-05,0.0198620339539,511.80049742,-77.2715229811,0.475573241711,1.95483002812,-0.310439758003,0.057681970985,10.8385396635,10.6462651862,-0.112345474664,-0.531842482091,3.22106397151,-2.21073526655,0.0519699667829,2.94832215464,1.01575345317,0.000895883212423,-0.0962872090674,-0.72423812764,0.419830217208,-7.66922213421,2.95460895837e-16,1.07673490995e-09,-6.21178539582,1.40410992957e-09,7.21752500411e-05,-4.83728420586,3.15137787041e-14,3.74951789859e-08,-5.36537793508,2.69024055664e-06,0.0104511619139,-5.71712521474,7.71271738955e-12,1.86836946808e-06,-5.76861817929,5.49984553543e-07,0.00388974486084,-0.255986870169,1.94159645079e-06,0.00445011082828,-4.88542507526,1.69574120665e-08,0.000434413831023,-4.59661704812,7.67900078331e-08,0.00100103007019,0.649541501718,2.25629055359e-08,6.39231753392e-05,-5.92270393487,4.24840284247e-08,0.000832983870276,-5.41216607615,8.30388081222e-09,0.000296229708824,-4.05933306982,0.182620593594,0.204227902515,-6.25534203446,9.62257858084e-09,0.000294098369131,-3.82695825213,6.82150365418e-08,0.000958179713991,-5.66874392089,0.00268457751007,0.504693268625,-0.769029537669,0.00739871744887,0.11263165951,-4.74099367273,1.30391667159e-06,0.0062752381427,-7.9706233451,0.00174150789948,0.36592957459
gradient,1,0.44,0.449999988079,True,50,-1.68625860488,4.79896452893,0.491570248756,-1.14102774758,-0.314901487854,0.00379693504496,1.07207932656,1.37106529207,-0.000107291035219,-0.0386827153412,0.603352786338,0.561504884952,0.520858022415,0.313836514791,0.0343377412839,1.9971032407e-05,3.62478602026,0.59893871471,0.588167614055,12.4837802786,6.89189143183e-18,2.80286607676e-11,10.6104624642,3.77644730568e-11,2.43953421393e-06,11.8018695619,9.68344199282e-16,1.38656293354e-09,9.15724869411,9.76369274095e-08,0.000561144325965,11.326754001,2.11996554706e-13,6.25454926447e-08,9.50545260055,1.68864308793e-08,0.000171054193446,8.63805144113,3.19229427228e-07,0.0017739850665,9.98281292403,5.66334454355e-10,1.95627109082e-05,9.88398081592,2.34541768118e-09,4.22958086989e-05,9.29227600339,8.50637290204e-09,0.000163662559872,9.84337265102,1.46525779303e-09,3.81890476034e-05,10.009884497,2.5610206921e-10,1.22313603591e-05,5.89327017352,0.0197391036427,0.376956262006,10.2590007358,2.82958336681e-10,1.09995437642e-05,9.7873963929,2.60854281566e-09,5.29315723084e-05,7.48976049808,0.000120610076228,0.0463238797094,6.64371473124,0.00188829022876,0.225189003613,9.28956790526,4.37196792397e-08,0.000328688795086,7.80255719025,6.21439509639e-05,0.0239539676421,480.820778293,-22.1399534939,-0.669547140598,1.77660754137,-0.331146493554,-0.0590993747778,10.328926385,9.52037171123,1.03180996553,2.15288592791,5.3003336844,-1.7731331909,-0.485989678154,1.99243837589,1.26811494372,0.00254131296262,-0.408533045769,-0.969329853936,0.499308597133,-6.05787011716,4.00588905315e-16,1.29997076853e-09,-7.65189117103,3.4023676744e-09,0.000132651432253,-4.32358781324,4.40310573187e-14,4.60060794578e-08,-4.88216041234,3.41524558252e-06,0.011228927457,-4.96161795635,1.23163294354e-11,2.47242882529e-06,-5.3131783915,8.47251971103e-07,0.00475086516112,-1.96557347819,5.81140444381e-06,0.0163533351425,-1.75903483741,1.03468825404e-08,0.000219668625189,-2.8673820738,6.89547156672e-08,0.00080156358865,0.351125521533,4.52895281575e-08,0.0001934320883,-6.82647924291,8.31870432189e-08,0.00134036811296,-4.03266061318,9.83628206401e-09,0.000287683454373,-3.1993296356,0.151264414405,0.254383509011,-5.86478628011,1.40520260435e-08,0.000366333397485,-3.96557629613,1.0541849211e-07,0.00124590977878,-4.91852386547,0.00275007301795,0.464400130285,1.46344495339,-0.00860439780501,-0.492157539816,-5.89061255741,2.5049928449e-06,0.00954205602165,-6.69838360762,0.00194842295839,0.33026601353
gradient,1,0.45,0.459999978542,True,50,1.32746875795,4.9465847332,0.476613946114,-1.12467428926,-0.316817956295,0.00324924193812,1.16506946871,1.45948559718,0.0179083200298,-0.00727426624341,0.675499643161,0.546345889137,0.513904344044,0.327988893659,0.0478219095038,5.71426943708e-05,3.62169598798,0.588085339285,0.593663287297,12.4430343415,1.04488344662e-17,3.8865484379e-11,10.526101088,8.63996896597e-11,4.17347560654e-06,11.7581299853,1.49319308053e-15,1.90945126367e-09,9.11320082758,1.33590871928e-07,0.000670222517575,11.2822819983,3.57076843498e-13,8.94153516467e-08,9.4611120454,2.6188404447e-08,0.000217344263886,8.61121342037,3.90868426345e-07,0.00198247577762,9.98362307141,6.04137326068e-10,2.00761088346e-05,9.87364991138,2.76005232206e-09,4.67260497404e-05,9.29076282307,9.32671701916e-09,0.000168990387732,9.77269581878,2.5493779196e-09,5.43103994436e-05,9.98266203995,3.4778884102e-10,1.45659590984e-05,5.86015371312,0.0213214456581,0.380888039653,10.2075796516,4.37700548281e-10,1.47402843567e-05,9.749304798,3.85594897311e-09,6.65163672225e-05,7.45065543216,0.000144538102477,0.0501510100915,6.66858281123,0.00173556221062,0.217197103213,9.22406022902,7.67893801312e-08,0.000444124240036,7.75373587398,7.90461957419e-05,0.0264673542245,234.429698656,4.6574004262,-0.763663709164,1.65129520744,-0.0699971020222,-0.021297941941,10.1962625439,10.1581679708,0.871445380529,1.25708956661,6.95425025131,-1.72982385302,-0.716937622649,1.47682838776,1.55336817387,0.00648548398874,0.101070559524,-0.881520173721,0.404095264301,-4.66820231274,6.31952905325e-16,1.70513438392e-09,-7.76069420663,6.13261171776e-09,0.000193132588209,-4.8303193516,7.84835218407e-14,7.19922684885e-08,-4.95840795712,5.04645319411e-06,0.0138310540016,-4.91111682149,1.95184965068e-11,3.3335322122e-06,-5.47538885323,1.37123616124e-06,0.00613688846951,-1.48988404739,4.69911074234e-06,0.0127154092701,-1.67176902336,1.33409022022e-08,0.000250695512228,-2.33404517847,8.17193000047e-08,0.000820482095618,0.112560225664,7.32417013902e-08,0.000416513506115,-6.74027175568,1.26931956748e-07,0.00172914008903,-3.25387050577,1.25058784618e-08,0.000301316520724,-4.00457618447,0.201203629602,0.384550292131,-5.75600004171,2.27903051169e-08,0.000491136709773,-3.65539791244,1.33783580178e-07,0.00136765295453,-4.07293606235,0.00285447036988,0.404400755215,0.959594976768,-0.0044411139061,-0.388024081638,-6.16868039678,3.81570781991e-06,0.012006434285,-5.48872845623,0.00218010335265,0.293550329148
gradient,1,0.46,0.469999998808,True,50,3.00233536824,4.89211253746,0.476296974573,-1.10800184343,-0.316301429894,0.00337097620614,1.27600457744,1.57422865148,0.0173216165754,-0.0135409240089,0.742437791364,0.526908407892,0.506519269962,0.343373082546,0.0654051047613,0.000149680712182,3.62680743145,0.581308311236,0.596249519341,12.3904162324,1.95309495383e-17,6.2131348446e-11,10.4552485801,1.60416707412e-10,6.3021859781e-06,11.7052631749,2.5380146361e-15,2.82640830331e-09,9.05808053497,1.98565991292e-07,0.000837765405997,11.2285316646,6.02366484842e-13,1.29216136889e-07,9.39594482349,4.43111541041e-08,0.000293791962836,8.60825376018,4.13211642074e-07,0.0020282932519,9.94937754356,8.33152498399e-10,2.45766211527e-05,9.83729991235,3.97980368127e-09,5.87054506113e-05,9.29452720791,9.97120692984e-09,0.000171992829994,9.70856721591,4.00389692799e-09,7.2771849384e-05,9.94480708689,5.06219638446e-10,1.82576907736e-05,5.81317864983,0.0237631762347,0.384647267848,10.1438807349,7.38764439019e-10,2.08222779597e-05,9.71428843465,5.28421441921e-09,8.02846313989e-05,7.40830177683,0.000177699483625,0.0544118948137,6.66290663078,0.00179946795064,0.217428521981,9.16619429733,1.20033835638e-07,0.000568817480787,7.69278262112,0.000105746018017,0.0298249742251,158.071897686,39.0912834002,-0.128977000713,1.72080007195,0.210592642426,0.00273707492282,11.6865389201,11.1706977604,0.401983162481,0.306544489001,6.8824829909,-1.90476831058,-0.765480206316,1.31455359764,1.84593240718,0.0158563551793,0.187713856565,-0.678207712128,0.191981109334,-5.27285812549,1.22352356261e-15,2.87345022729e-09,-7.68724588928,1.20696122266e-08,0.000293703987129,-5.03476318187,1.23760189582e-13,1.01537761549e-07,-4.88257832611,6.32640613922e-06,0.0156542028884,-5.31441339107,3.15640174899e-11,4.65783843446e-06,-6.5620377146,2.53403298483e-06,0.0090195000226,-0.590818936247,3.16013250155e-06,0.00707740413708,-2.81848069974,2.13415790027e-08,0.000400076636887,-3.83509643656,1.56569316202e-07,0.0013925367184,0.394358876222,5.89740254338e-08,0.000259097480742,-6.9224202114,2.13464273115e-07,0.00237549072994,-3.91508447971,1.87891392542e-08,0.000415643371832,-4.13118561767,0.221498095837,0.36620465507,-6.65890904647,4.08221751797e-08,0.000738808241915,-3.87101335502,1.78968925027e-07,0.00163119119718,-4.36727691948,0.00372226109328,0.451240010768,0.0889245726133,0.00171585134586,-0.144708854971,-6.07416752518,6.36705941864e-06,0.0152567579939,-5.83185213865,0.00282172487276,0.33360049258
gradient,1,0.47,0.479999989271,True,50,4.48890671167,5.72841040121,0.474034406099,-1.09025828783,-0.312606103446,0.00330398343658,1.39880024711,1.68289955239,0.0259479832794,-0.00114337646338,0.813149302979,0.508250522925,0.498594739918,0.354279965611,0.0847405576475,0.000374269797957,3.62545026511,0.574521185043,0.597502909483,12.337577179,3.49193057184e-17,9.63344889247e-11,10.3723561702,3.27791934193e-10,1.00475553491e-05,11.6574347217,3.96839687217e-15,3.94020649464e-09,9.01554926106,2.60118994712e-07,0.000983306575343,11.1759937304,9.88357193297e-13,1.82572120336e-07,9.3298712911,7.68690641436e-08,0.000397734264338,8.59939704165,4.54071076375e-07,0.00212402386036,9.92725345741,1.03096890612e-09,2.80776415724e-05,9.79694798265,5.89143864609e-09,7.45767841084e-05,9.2986500006,1.05061975278e-08,0.000174172337347,9.63424741455,6.81866338189e-09,0.000101820214042,9.90436035036,7.23571626103e-10,2.2878826535e-05,5.77753000077,0.0257514075748,0.388212132755,10.0744014707,1.25414405187e-09,2.9516449195e-05,9.6718845309,7.43532747365e-09,9.91401911661e-05,7.36330989377,0.000218983324343,0.0591758103068,6.67036130269,0.00176987923754,0.214302926114,9.10257687852,2.04130568504e-07,0.000749259399915,7.63709883121,0.000135480693197,0.0331393640761,287.33935093,115.676578822,-0.437716603279,1.70191366971,0.370013039559,0.00822201366258,11.6445613266,10.8144905117,1.00924225516,1.58177741591,6.52785695243,-1.74076214467,-0.751066560443,0.894463196634,1.87425575785,0.0346747696019,0.0141661706366,-0.673390333448,0.0822678721416,-5.17440005028,2.00893815254e-15,4.1126674567e-09,-8.54273209711,2.7855542573e-08,0.000512063276444,-4.52421904059,1.70860334479e-13,1.24563036469e-07,-4.15799418653,6.95629773122e-06,0.0151869143062,-5.46238167868,5.34804759669e-11,6.70155906044e-06,-6.32596535346,4.27503537036e-06,0.0115613661555,-1.23853766687,5.55991270925e-06,0.0127179222491,-1.80938745715,1.75219672206e-08,0.000301390270857,-3.71245362737,2.17335739909e-07,0.00162836848828,0.195107848709,6.4316048798e-08,0.000355757273654,-6.96285503668,3.39845736554e-07,0.00314280687828,-3.77412418069,2.53766475191e-08,0.000487120149031,-3.31826979816,0.188488852508,0.34762679462,-6.53674092751,6.18083422147e-08,0.000944125380494,-4.21765258673,2.55833419004e-07,0.00206427796364,-4.39240854884,0.00438877820294,0.475248954973,1.10478291309,-0.00544344771443,-0.398467609806,-6.65087296648,1.27404547495e-05,0.0220775439502,-5.67256456574,0.00341714146595,0.346119017851
gradient,1,0.48,0.489999979734,True,50,8.74912238685,7.2056441139,0.467542642508,-1.07396357004,-0.308901169103,0.00353541647939,1.50889580397,1.79051846172,0.0375064616785,0.0180946243093,0.872994930413,0.492093164999,0.491497938753,0.361262346479,0.102890219918,0.00084317610422,3.62709075487,0.567840504567,0.597894876784,12.2869282314,5.9709712589e-17,1.4438469758e-10,10.2843939381,7.17527558871e-10,1.6543451507e-05,11.6147787941,5.95522132567e-15,5.31766903269e-09,8.97492065124,3.37691945916e-07,0.00114150369212,11.119284031,1.67197600418e-12,2.63247318097e-07,9.26942551642,1.29811861511e-07,0.000525019285945,8.58348300685,5.24409896259e-07,0.00228265169688,9.91318979442,1.18359184281e-09,3.06044265699e-05,9.7630508398,8.32651847946e-09,9.12728203769e-05,9.29842936488,1.12575279058e-08,0.000179107975467,9.56931011517,1.08008116591e-08,0.00013562798695,9.86932460327,1.01375258883e-09,2.80000937542e-05,5.74681325386,0.0275329532849,0.391599803741,10.0131459164,1.97493128331e-09,3.97047855696e-05,9.62993538292,1.04008827993e-08,0.000121570190672,7.32045360585,0.000265475047684,0.0639168739132,6.68500228904,0.00169059899635,0.209459169784,9.033176838,3.74842930628e-07,0.00101036835979,7.57933132981,0.000174088847336,0.0367473545821,-2.80340706556,84.5557696391,-1.35061168671,1.89606845379,0.331581506878,0.064231388899,6.63894795212,6.24328115518,1.60192576531,2.95225736293,2.06990139402,-1.05425609759,-0.34774661461,0.565291946523,1.04895024935,0.0207790447013,-0.0317547103907,-0.615950437276,0.163936161894,-4.4848422405,2.65455901929e-15,4.79983091978e-09,-4.59159891482,1.75081739295e-08,0.000305107026793,-2.89239986782,1.18299382636e-13,8.25534923002e-08,-2.96612278747,6.34217039262e-06,0.0124742266532,-3.12756443886,3.97905381951e-11,4.63423089549e-06,-0.74164621862,7.17442845941e-07,0.0019063501404,-2.63656121025,1.1117714809e-05,0.0248492167241,0.203983405557,-1.56592098173e-09,-1.68495037747e-05,-1.36385276634,1.23855718718e-07,0.000800562781787,-0.872364733769,1.5043138711e-07,0.00118266437923,-4.19699313502,2.615621883e-07,0.00219131718854,-2.80839274549,2.80657573868e-08,0.000453236299196,-1.44324648374,0.0847075217789,0.412769617383,-3.73855342639,4.66892727363e-08,0.0006390649411,-2.56294675198,1.88829637671e-07,0.00141095442696,-4.2394940602,0.0047720389898,0.487320569255,2.75850795566,-0.0154290044292,-0.8295595112,-2.54125943304,4.77240513129e-06,0.00856796256447,-4.83218599472,0.00330047399451,0.316653205823
gradient,1,0.49,0.5,True,50,4.43283857036,7.41952579399,0.447022172365,-1.05233691875,-0.305974473309,0.00458861121456,1.53157920615,1.80776517549,0.0579864985856,0.0579017707952,0.85454733086,0.487165400973,0.491639807626,0.365585804542,0.105719562634,0.000789850691982,3.6248151709,0.562202176297,0.600781632721,12.2478803342,8.80104861043e-17,1.9233110732e-10,10.2805241919,6.77955412783e-10,1.6149695885e-05,11.5995867243,6.33438452489e-15,5.59127634065e-09,8.95622680531,3.86962402564e-07,0.00123279110841,11.1134424417,1.7841679572e-12,2.75256738246e-07,9.31503836673,9.12179210624e-08,0.000435861267146,8.54666581744,6.76425372556e-07,0.00262100819484,9.93133312553,9.99650486487e-10,2.77406514969e-05,9.76967092732,8.36855302044e-09,9.05880397442e-05,9.28120270592,1.351482527e-08,0.000197825624931,9.55030755185,1.20499071479e-08,0.000145646557813,9.84819249545,1.28488677384e-09,3.19435525189e-05,5.74866507109,0.0274455580104,0.396467525102,9.99963040213,2.1879295066e-09,4.2297748017e-05,9.62062559586,1.12119202271e-08,0.000127359279705,7.27852001257,0.000314424104139,0.0689222216919,6.7255314618,0.00146129914896,0.19771173589,9.05175168986,2.9957867113e-07,0.000920618651204,7.54045511132,0.000201490173087,0.0394724281925,-431.628381648,21.388168009,-2.05204701424,2.16266512871,0.292669579387,0.105319473517,2.26834021834,1.72467137763,2.04800369071,3.98071464859,-1.8447599553,-0.492776402531,0.0141868872636,0.432345806339,0.282934271611,-0.00533254122377,-0.227558396762,-0.563832826972,0.288675593736,-3.90478971528,2.83007735152e-15,4.79464097405e-09,-0.386974621947,-3.95721460879e-09,-3.9375562202e-05,-1.51920697278,3.79163199216e-14,2.73607307955e-08,-1.86938459277,4.92704566484e-06,0.00912874162853,-0.584158934122,1.12191953019e-11,1.20094201483e-06,4.56128503145,-3.8593940449e-06,-0.00891580187991,-3.68171894049,1.52015476297e-05,0.0338356497958,1.81433311067,-1.83941356323e-08,-0.000286377507301,0.66200875232,4.20345409869e-09,-6.84780632769e-05,-1.72266589604,2.25729736424e-07,0.00187176494643,-1.90025633239,1.24909548882e-07,0.00100185708636,-2.11321078242,2.71134185011e-08,0.000394345876472,0.185181723005,-0.00873952744529,0.486772136133,-1.35155142668,2.12998223286e-08,0.000259296244745,-0.930978705654,8.11037427782e-08,0.000578908903346,-4.19335932841,0.00489490564546,0.500534777873,4.05291727585,-0.0229299847392,-1.17474338945,1.85748518595,-7.5264259498e-06,-0.00897497085861,-3.88762184928,0.00274013257515,0.272507361042
