arm,batch,time,state_time,monitored_coordinate_view,state_time_semantics,within_control_state_window,n_available,mean_reward,mean_standardized_residual,global_centroid_x,global_centroid_y,global_centroid_z,shape_xx,shape_yy,shape_zz,shape_xy,shape_xz,shape_yz,pair_kernel_1.5,pair_kernel_2.5,pair_kernel_3.5,pair_kernel_5.0,pair_kernel_7.0,landmark_00_softmin,landmark_00_occupancy3,landmark_00_occupancy5,landmark_01_softmin,landmark_01_occupancy3,landmark_01_occupancy5,landmark_02_softmin,landmark_02_occupancy3,landmark_02_occupancy5,landmark_03_softmin,landmark_03_occupancy3,landmark_03_occupancy5,landmark_04_softmin,landmark_04_occupancy3,landmark_04_occupancy5,landmark_05_softmin,landmark_05_occupancy3,landmark_05_occupancy5,landmark_06_softmin,landmark_06_occupancy3,landmark_06_occupancy5,landmark_07_softmin,landmark_07_occupancy3,landmark_07_occupancy5,landmark_08_softmin,landmark_08_occupancy3,landmark_08_occupancy5,landmark_09_softmin,landmark_09_occupancy3,landmark_09_occupancy5,landmark_10_softmin,landmark_10_occupancy3,landmark_10_occupancy5,landmark_11_softmin,landmark_11_occupancy3,landmark_11_occupancy5,landmark_12_softmin,landmark_12_occupancy3,landmark_12_occupancy5,landmark_13_softmin,landmark_13_occupancy3,landmark_13_occupancy5,landmark_14_softmin,landmark_14_occupancy3,landmark_14_occupancy5,landmark_15_softmin,landmark_15_occupancy3,landmark_15_occupancy5,landmark_16_softmin,landmark_16_occupancy3,landmark_16_occupancy5,landmark_17_softmin,landmark_17_occupancy3,landmark_17_occupancy5,landmark_18_softmin,landmark_18_occupancy3,landmark_18_occupancy5,landmark_19_softmin,landmark_19_occupancy3,landmark_19_occupancy5,d_dt_mean_reward,d_dt_mean_standardized_residual,d_dt_global_centroid_x,d_dt_global_centroid_y,d_dt_global_centroid_z,d_dt_shape_xx,d_dt_shape_yy,d_dt_shape_zz,d_dt_shape_xy,d_dt_shape_xz,d_dt_shape_yz,d_dt_pair_kernel_1.5,d_dt_pair_kernel_2.5,d_dt_pair_kernel_3.5,d_dt_pair_kernel_5.0,d_dt_pair_kernel_7.0,d_dt_landmark_00_softmin,d_dt_landmark_00_occupancy3,d_dt_landmark_00_occupancy5,d_dt_landmark_01_softmin,d_dt_landmark_01_occupancy3,d_dt_landmark_01_occupancy5,d_dt_landmark_02_softmin,d_dt_landmark_02_occupancy3,d_dt_landmark_02_occupancy5,d_dt_landmark_03_softmin,d_dt_landmark_03_occupancy3,d_dt_landmark_03_occupancy5,d_dt_landmark_04_softmin,d_dt_landmark_04_occupancy3,d_dt_landmark_04_occupancy5,d_dt_landmark_05_softmin,d_dt_landmark_05_occupancy3,d_dt_landmark_05_occupancy5,d_dt_landmark_06_softmin,d_dt_landmark_06_occupancy3,d_dt_landmark_06_occupancy5,d_dt_landmark_07_softmin,d_dt_landmark_07_occupancy3,d_dt_landmark_07_occupancy5,d_dt_landmark_08_softmin,d_dt_landmark_08_occupancy3,d_dt_landmark_08_occupancy5,d_dt_landmark_09_softmin,d_dt_landmark_09_occupancy3,d_dt_landmark_09_occupancy5,d_dt_landmark_10_softmin,d_dt_landmark_10_occupancy3,d_dt_landmark_10_occupancy5,d_dt_landmark_11_softmin,d_dt_landmark_11_occupancy3,d_dt_landmark_11_occupancy5,d_dt_landmark_12_softmin,d_dt_landmark_12_occupancy3,d_dt_landmark_12_occupancy5,d_dt_landmark_13_softmin,d_dt_landmark_13_occupancy3,d_dt_landmark_13_occupancy5,d_dt_landmark_14_softmin,d_dt_landmark_14_occupancy3,d_dt_landmark_14_occupancy5,d_dt_landmark_15_softmin,d_dt_landmark_15_occupancy3,d_dt_landmark_15_occupancy5,d_dt_landmark_16_softmin,d_dt_landmark_16_occupancy3,d_dt_landmark_16_occupancy5,d_dt_landmark_17_softmin,d_dt_landmark_17_occupancy3,d_dt_landmark_17_occupancy5,d_dt_landmark_18_softmin,d_dt_landmark_18_occupancy3,d_dt_landmark_18_occupancy5,d_dt_landmark_19_softmin,d_dt_landmark_19_occupancy3,d_dt_landmark_19_occupancy5
gradient,0,0,0.00999999977648,predicted,Actual proposal support boundary; monitored coordinates are pre-native endpoint forecast,True,50,-0.295323427269,0.763527595692,-0.114538376179,-0.0252743298197,0.241921381626,0.0479799387969,6.09461169479,6.4319467951,0.151407869475,-0.50718948568,1.99170087274,0.177738579177,0.259902040295,0.28205869949,0.262445673256,0.218734276407,4.68770080642,0.187562455354,0.719759296581,9.79690654632,1.25119978842e-08,0.000124550727314,9.21591622496,2.16574565103e-07,0.000802571352243,9.33763715448,1.7403762185e-07,0.000555133549237,8.29065560453,1.46433554864e-05,0.00915696259793,9.84295700201,2.17401408814e-08,0.000139395873215,9.25030608422,1.58191204318e-07,0.000653959107578,8.20033516942,4.98225074453e-06,0.00847642881374,9.36545726096,7.18910287929e-08,0.000389052924839,9.02691166594,1.10816168864e-06,0.00159976337035,8.53104194774,3.52994724222e-06,0.00441293286669,8.18708932643,1.45958229784e-05,0.0108661352952,8.54150391399,6.10411707595e-06,0.00474415462639,4.49282952854,0.200679116529,0.372668699915,8.4228997029,1.62304307008e-05,0.00716431998994,9.38569769968,9.59958920739e-08,0.000416634851322,5.23827294463,0.0535977057573,0.28208027266,7.38086114549,0.000242018592613,0.0565843732003,8.77156561211,1.51939479886e-06,0.00258988914267,5.57201629038,0.031151103695,0.194863948854,4.72138641358,-7.19300654467,2.41117763519,0.252332627773,-7.41032660007,-0.433534327493,-30.7484500749,-32.4314425178,-14.459719334,6.96736601428,-10.3173659985,0.902284934995,1.18953676202,1.05536335972,0.665685182766,-0.567756565014,-7.00810155236,1.44155181345,0.621410692562,4.13426810728,-2.41906876828e-07,-0.00163217176904,15.4716976866,-1.16533530003e-05,-0.0314584086281,-2.01804914155,2.75641778414e-06,0.00496831047057,2.16727394649,-0.000302060138685,-0.0505638257548,-1.44181833349,4.2523476461e-07,0.00158432024113,4.30145060339,-4.03571512318e-06,-0.0102269646982,-1.00087580645,2.50868064837e-05,0.0185154801154,3.07521650082,-2.03482201948e-07,-0.00259972864504,10.7857305962,-5.40766263148e-05,-0.0469074415748,8.81142032858,-9.79436945778e-05,-0.0923447662747,8.65743521045,-0.000482229702521,-0.210438878765,5.35022699492,-0.000185390845888,-0.0683840477912,2.33110224716,-0.77966596126,-0.0616479421874,21.9607443154,-0.00105852905353,-0.283171884023,-7.03607910301,9.56649676097e-06,0.0171886578401,3.70393280876,0.0556186069241,0.678811607298,-4.80652524393,0.00328399955667,0.592158739778,4.41524962073,-5.62365426485e-05,-0.0411198121443,-3.23356042119,0.0144901528337,-1.07709813797
gradient,0,0.01,0.019999999553,predicted,Actual proposal support boundary; monitored coordinates are pre-native endpoint forecast,True,50,-0.248109563133,0.691597530246,-0.0904265998268,-0.0227510035419,0.167818115625,0.043644595522,5.78712719405,6.10763236992,0.00681067613456,-0.437515825537,1.88852721275,0.186761428527,0.271797407915,0.292612333087,0.269102525084,0.213056710757,4.6176197909,0.201977973489,0.725973403507,9.8382492274,1.00929291159e-08,0.000108229009623,9.37063320183,1.000410351e-07,0.000487987265962,9.31745666306,2.01601799691e-07,0.000604816653943,8.31232834399,1.16227540995e-05,0.00865132434038,9.82853881867,2.59924885275e-08,0.000155239075627,9.29332059025,1.17834053087e-07,0.000551689460596,8.19032641136,5.23311880936e-06,0.00866158361489,9.39620942597,6.98562067734e-08,0.000363055638388,9.1347689719,5.67395425495e-07,0.0011306889546,8.61915615102,2.55051029644e-06,0.00348948520395,8.27366367854,9.77352595322e-06,0.00876174650757,8.59500618394,4.25020861707e-06,0.00406031414848,4.51614055101,0.192882456917,0.372052220493,8.64250714605,5.64514016554e-06,0.00433260114971,9.31533690865,1.91660859684e-07,0.000588521429723,5.27531227272,0.0541538918265,0.288868388733,7.33279589305,0.00027485858818,0.0625059605981,8.81571810831,9.57029372378e-07,0.00217869102123,5.53968068617,0.0312960052233,0.184092967474,3.98454236748,-6.27212081764,1.44252514839,0.973782777786,-6.96343708038,-0.150626649707,-15.6103651702,-16.1258539985,-9.75808104514,3.98528135458,-7.24507401501,0.541003937579,0.551989010546,0.549231657563,0.296927360933,-0.292838784002,-3.15902843585,0.53917438546,0.224334065448,0.0274409632268,2.72488807651e-08,0.0001326315368,9.2195149439,-6.37968629992e-06,-0.0177794123317,-2.53403666655,2.73856468739e-06,0.00545252074668,-1.66960481628,1.26504930209e-05,0.0308779699362,-1.10293429588,2.9365023438e-07,0.00109953897799,1.7984188574,-2.02890163841e-06,-0.004772893089,-1.16122542682,2.75261573666e-05,0.0240391472149,0.0997736141675,3.12294878926e-07,0.000353781854678,6.79561564498,-3.25383870076e-05,-0.0287528935075,5.97461547716,-6.18825195783e-05,-0.0593673803903,5.47658937158,-0.000288682169646,-0.130471473649,3.10183302715,-0.000119397536482,-0.0416011469822,2.3428250893,-0.588928320555,-0.26038779254,14.2595295515,-0.00062257783244,-0.175287355329,-4.46342526859,6.63646026462e-06,0.0115533620214,1.95211801101,0.126799927323,0.789661894005,-3.58697967455,0.00271310976672,0.444498480203,1.35342785658,-2.57821352292e-05,-0.0153691257277,-4.41318944336,0.1703912599,-0.458664120539
gradient,0,0.02,0.0299999993294,predicted,Actual proposal support boundary; monitored coordinates are pre-native endpoint forecast,True,50,-0.215632579919,0.63808517934,-0.0856878732109,-0.00579867426396,0.102652640018,0.0449674058028,5.78240439139,6.10942971513,-0.043753751428,-0.427483858588,1.84679939244,0.188558657929,0.270941820506,0.293043332641,0.268384220475,0.212877500727,4.6245202377,0.198345943064,0.72424597789,9.79745536559,1.30569754995e-08,0.00012720335805,9.40030652384,8.89808391045e-08,0.00044698310561,9.28695642115,2.28808915597e-07,0.000664183964171,8.2572635082,1.48963653468e-05,0.00977452199665,9.82089831609,2.7613145569e-08,0.000161386652775,9.28627446137,1.1761317155e-07,0.000558501245798,8.17711066088,5.53277389186e-06,0.00895721175804,9.36745273324,7.81369263714e-08,0.000396128561932,9.16282397884,4.57393948491e-07,0.0010247055002,8.65053425728,2.29229685066e-06,0.00322558525889,8.29662111387,8.8221795855e-06,0.00825670582224,8.60354057453,3.71616634631e-06,0.00391213168675,4.53968603033,0.188900550118,0.367460944064,8.70809029393,3.778874052e-06,0.00365857288336,9.29642919431,2.28725097366e-07,0.000647702091751,5.27731530485,0.0561337043037,0.29787351054,7.309121552,0.000296280787947,0.0654743428043,8.79863416924,1.00375209428e-06,0.00228250662812,5.48375250151,0.034558928893,0.185690666443,2.34838557682,-3.65146619675,0.548720359802,2.67392492294,-5.77033510804,0.109609066958,5.53131838069,4.22634115179,-2.87618698007,1.12017578256,0.937540485889,0.0960593662945,-0.180539738425,-0.153274033069,-0.163713485327,0.0253883107848,1.19297371311,-0.545340841392,-0.253537161187,-5.95615720934,6.02656699484e-07,0.00329057761021,0.696933297081,-1.35085740542e-07,-0.00087883401657,-2.16734595071,9.27979769682e-07,0.00334799647861,-4.67262613472,0.000331615124977,0.0965888958026,-1.0527522196,2.57183407193e-07,0.000916170881937,-1.77263205533,6.73380115041e-07,0.00273276277578,-0.702311690521,6.80045474115e-06,0.0128878289679,-3.56994106183,1.29683039661e-06,0.00478815435476,1.1455135649,-4.10480743015e-06,-0.00371826728734,3.23907432877,-2.58592427331e-05,-0.025634986583,0.454611629497,-2.85428153471e-05,-0.0123852082059,-0.425628979996,-3.53423252966e-05,-0.00174991740085,2.40817855177,-0.420934290028,-0.31036809153,3.07346021214,-8.99085842983e-05,-0.0310184339222,-1.73462729759,3.49025324481e-06,0.00551206325196,-0.661859361435,0.245246035177,0.955150524775,-1.68859566221,0.00146760751686,0.220808421609,-3.44790888828,1.91195667434e-05,0.0250743144569,-5.99378902517,0.376656764955,-0.0182692975033
gradient,0,0.03,0.0399999991059,predicted,Actual proposal support boundary; monitored coordinates are pre-native endpoint forecast,True,50,-0.201141851597,0.618568206311,-0.0794521926308,0.0307274949169,0.0524114134645,0.0458367768611,5.89775356166,6.19215919296,-0.0507130634669,-0.415112309886,1.90727802247,0.188682615853,0.268186613146,0.289546852426,0.265828255378,0.213564476973,4.64147926516,0.191071156661,0.720902660283,9.71912608321,2.21460631056e-08,0.000174040561828,9.38457186777,9.7339320289e-08,0.000470410585631,9.27410974405,2.20161395085e-07,0.000671776583515,8.2188758213,1.82550565991e-05,0.0105831022564,9.80748377428,3.11361566713e-08,0.000173562493265,9.25786794915,1.31301655387e-07,0.000606344716111,8.17628017755,5.36912790419e-06,0.00891934019425,9.32481060473,9.57928147056e-08,0.000458818725484,9.1576792432,4.85299276892e-07,0.00105632360885,8.6839376376,2.03332544178e-06,0.00297678547228,8.28275591113,9.20266964628e-06,0.00851404234345,8.58649360434,3.54336211114e-06,0.00402531580047,4.56430412205,0.184463771116,0.365844858663,8.7039763503,3.84696847957e-06,0.00371223247126,9.2806443627,2.6146592458e-07,0.000698762694763,5.26207508549,0.0590588125301,0.307971399228,7.29902397981,0.000304210738517,0.0669221290302,8.74675993055,1.33942070725e-06,0.00268017731037,5.41980490567,0.0388291405224,0.183727581524,1.27213038725,-1.83688255068,0.711468696594,3.47694580257,-2.74924966693,0.168484058386,11.7235468863,5.70864220065,-0.717200806904,0.472601011011,4.03530190815,0.0180348210822,-0.276357395773,-0.29141959476,-0.184991962641,0.082357946327,0.92977117726,-0.549690356634,-0.123056941467,-6.81581451165,1.01555370013e-06,0.00461595022698,-0.402856977358,2.1373520654e-07,0.000518734144592,-2.14553202499,6.26212749734e-07,0.00318492607947,-1.26666112958,0.000131386944387,0.0230364250779,-2.45767630228,5.78951603583e-07,0.00193430660148,-1.91550540511,9.39843557145e-07,0.00328418850172,0.638014463198,-2.84445852097e-05,-0.0198758013701,-3.50161295323,1.72302534182e-06,0.00563996304069,-0.98753165001,3.13888776423e-06,0.00398523718821,1.9798366725,-9.65176832027e-06,-0.0126683991447,-1.86821976135,7.7096007097e-05,0.0380378715849,-2.4953489402,1.23242759663e-05,0.0227246735231,2.3593566605,-0.415380701226,0.113104347301,-0.636358292728,1.08368930827e-05,0.00680507385615,-2.33480913299,4.34858594197e-06,0.00679755400456,-1.18365403694,0.233900022074,0.910131602973,-0.813771144294,0.000896539983923,0.1062523395,-3.03308239859,2.30518350318e-05,0.0246015415414,-4.96816755846,0.330832465827,-0.31726059159
gradient,0,0.04,0.0499999970198,predicted,Actual proposal support boundary; monitored coordinates are pre-native endpoint forecast,True,50,-0.190189972174,0.601347528326,-0.071458499279,0.0637402417874,0.0476676466799,0.0483370869705,6.01687532912,6.22360255914,-0.0580977675661,-0.418031838368,1.9275054306,0.188919354351,0.26541467259,0.287214940746,0.264684381222,0.214524659653,4.64311566125,0.187352135931,0.721784839061,9.66113907535,3.3368049502e-08,0.000219522362589,9.39224938429,9.32555432353e-08,0.000457357788502,9.24404578065,2.41333170592e-07,0.00072788248576,8.23193028561,1.75241042345e-05,0.0102352504982,9.77174479004,3.91921776406e-08,0.000200072784805,9.24796435327,1.36410042693e-07,0.000624185015832,8.18987095015,4.96388218767e-06,0.00855969573063,9.29742047418,1.12597433208e-07,0.000508927822746,9.14307334584,5.20171703775e-07,0.00110441024396,8.69013099073,2.09926148425e-06,0.00297221727599,8.25925671864,1.03640997274e-05,0.00901746325394,8.55363359573,3.96265186564e-06,0.00436662515721,4.58687316354,0.180592936094,0.36972303101,8.69536312807,3.99561191366e-06,0.00379467436049,9.24973301165,3.15696816206e-07,0.000783653171842,5.25364222411,0.0608117047452,0.316076142599,7.29284612911,0.000314211587626,0.0675993895944,8.73797252127,1.46478879491e-06,0.00277453745895,5.38438915034,0.0411755782095,0.179345454611,1.29515208241,-2.66049385867,0.768530368805,2.43690532446,-0.265364378691,0.251063623372,10.5792699805,3.68649536736,-1.04258860317,-0.021959154477,3.07467156264,0.0160856057537,-0.272126646349,-0.252421253999,-0.132937287807,0.11099714601,-0.0908395258642,-0.28931128809,0.0206299874366,-4.41263043899,9.21246066082e-07,0.00360800290913,1.14335772953,-6.85822533739e-07,-0.00204154819435,-3.47669659887,3.05361651672e-06,0.00747478225848,1.00766908613,-5.32280054772e-05,-0.0271036948682,-2.76178187961,6.40798277816e-07,0.00207049610927,-0.557216715803,1.1800283145e-07,0.000693144522702,1.07756458504,-3.03362905036e-05,-0.0277104060906,-2.47516895235,1.67021561495e-06,0.00481147365212,-1.96737204962,5.6780853373e-06,0.00703769923771,0.615828711731,3.56799225514e-06,-0.00138744706258,-2.40634487335,0.0001233943066,0.0534219233121,-2.13098615904,2.37753841563e-05,0.0217773506851,2.02921849569,-0.358515092216,0.271094837645,-1.57969229811,3.5232068735e-05,0.0160747362518,-3.10612863204,5.80179376037e-06,0.0087126270877,0.106763043079,0.0827303443951,0.616798252081,-0.546632389895,0.00069256069325,0.0702703186389,-0.197162039107,6.98338222891e-06,0.00332210564326,-3.64189623343,0.228394219988,-0.4302416361
gradient,0,0.05,0.0599999986589,predicted,Actual proposal support boundary; monitored coordinates are pre-native endpoint forecast,True,50,-0.175238809948,0.565358329138,-0.0640815852547,0.0794656014061,0.0471041258907,0.0508580493286,6.10933896127,6.26588910031,-0.0715648355304,-0.415551492975,1.96877145372,0.189004327968,0.262744080219,0.284498427346,0.263169509621,0.215784419893,4.63966247464,0.185284930899,0.721315260032,9.63087347443,4.05709844273e-08,0.00024620062001,9.40743902236,8.36228696142e-08,0.000429579621744,9.20457581207,2.81233725419e-07,0.000821272228685,8.23902920302,1.71904964895e-05,0.0100410283591,9.75224813669,4.39521222276e-08,0.000214972415451,9.24672361483,1.33661712016e-07,0.000620207606565,8.19783146925,4.76240209412e-06,0.00836513207244,9.27530722568,1.29197127005e-07,0.000555048198526,9.11833180221,5.98860983638e-07,0.00119707759361,8.69625421183,2.10468528688e-06,0.00294903653103,8.23462901366,1.16705557783e-05,0.00958248080969,8.54387388116,4.01886979426e-06,0.00446086281417,4.60488849196,0.177293469272,0.371266755416,8.67238250433,4.55160985427e-06,0.0040337271963,9.21852179006,3.77501799787e-07,0.000873015236517,5.26421034635,0.060713419418,0.32030736427,7.28809133201,0.000318061952382,0.068327535403,8.74281668977,1.47908835182e-06,0.00274661942323,5.346966981,0.0433970249222,0.175122748802,1.29995428643,-2.77023885603,0.431503653526,0.708117648959,0.743780106306,0.131364672137,6.01413807633,7.02466700464,-0.518081086029,0.264396879072,8.57170605953,0.0207128550155,-0.160260716797,-0.235298349701,-0.177825443991,0.0375327729826,-0.313358073679,-0.122684388293,-0.130260328152,-0.499706785982,1.54309184112e-07,0.000532776591892,-0.197167484995,-3.10394560097e-07,-0.000308927285277,-2.44387752234,1.85532922807e-06,0.00553576288967,-0.353345781059,7.79928370541e-05,0.00621921164442,-2.29845906336,6.11244818721e-07,0.00183970872309,-0.470189283714,1.64233648218e-07,0.00056023807036,0.385416978637,-7.48204177075e-06,-0.00855733294032,-1.63168535838,1.35269184706e-06,0.0037114777761,-2.96579702644,1.31180669368e-05,0.0126618086689,0.697346384343,-2.47600048709e-06,-0.00390196797004,-2.87477691639,0.000173930022557,0.0689628704996,1.12345215439,-2.92027201693e-05,-0.0145262097954,1.10233255931,-0.161184106358,0.154234003139,-4.35467470133,0.000137685060482,0.0478957424979,-2.39114975845,4.92353738326e-06,0.00701224952205,2.89670301118,-0.190530869301,0.195302302199,-0.148995153922,-6.72483295751e-05,0.0347947953578,0.311796755565,1.06375224308e-06,-0.00184100478819,-2.94368318277,0.185767128758,-0.448213688366
gradient,0,0.06,0.070000000298,predicted,Actual proposal support boundary; monitored coordinates are pre-native endpoint forecast,True,50,-0.164190886446,0.545942751206,-0.0628284262085,0.0779025947666,0.062543248806,0.0509643804132,6.13715809064,6.36409589924,-0.0684593892867,-0.412743900786,2.09893955179,0.189333611451,0.262209458254,0.282508973752,0.261127872342,0.215275315113,4.63684849977,0.184898448165,0.719179632498,9.65114493963,3.64542331843e-08,0.000230177894427,9.38830603459,8.70476520334e-08,0.000451179242796,9.1951682302,2.78439755153e-07,0.000838597743553,8.22486336999,1.90839609756e-05,0.0103596347311,9.72577560878,5.1417074015e-08,0.000236866959267,9.23856056759,1.39694715657e-07,0.000635389777239,8.19757928972,4.81424135225e-06,0.00838854907183,9.26478676701,1.39651270149e-07,0.000583157378268,9.08375740531,7.8253304251e-07,0.00135764641734,8.70407791842,2.04974147451e-06,0.00289417791659,8.20176118031,1.38427001786e-05,0.0103967206639,8.57610263882,3.37859746225e-06,0.0040761009613,4.60891981472,0.177369253967,0.372807711073,8.60826963405,6.7493131233e-06,0.00475258921044,9.20191001648,4.14167563871e-07,0.000923898162283,5.31157628433,0.0570010873592,0.319982188643,7.28986622603,0.000312866621034,0.0682952855015,8.74420845638,1.48606383978e-06,0.00273771736318,5.32551548669,0.0448909207847,0.170381180844,1.10002369627,-1.79348719573,-0.0369181632996,-0.0782490074634,2.38898354769,0.101391281183,4.19566648357,8.15672817959,0.318814662983,-0.211314751404,13.4469451884,-0.0242879166026,-0.0244371094826,-0.201901623245,-0.1804353799,-0.0241995124912,-0.448978760505,0.0494380358933,-0.309208787092,2.37410412851,-4.47735120575e-07,-0.0017892280243,-2.58886779688,7.45369088023e-07,0.00346038627432,-2.21155916418,2.16728006599e-06,0.00561099421529,-1.37183203388,0.000236329532107,0.0314554407443,-2.22622517861,6.44641225076e-07,0.00185855057226,-0.979655563733,7.65784399149e-07,0.00208341740119,0.296784360732,2.23220217492e-07,-0.00398646743198,-0.441408283396,4.50891570597e-07,0.00145115036077,-3.06512615608,1.75158629685e-05,0.0145499420469,0.322947975717,-1.68710173444e-06,-0.00202937621799,-2.85079102475,0.000179171406982,0.0706923804041,3.12210124104,-5.61545303112e-05,-0.035750307517,-0.0453993432411,0.129915605106,0.152482649096,-5.97800794434,0.000232358447159,0.0694543832426,-1.17918519031,2.36467671706e-06,0.00349181308457,4.78552571841,-0.385399190434,-0.0785622122611,0.595503021296,-0.00100860489815,-0.0528239299313,-0.479499333698,8.28950464786e-06,0.0053817100844,-0.91261412806,0.0930526434131,-0.466068669774
gradient,0,0.07,0.0799999982119,predicted,Actual proposal support boundary; monitored coordinates are pre-native endpoint forecast,True,50,-0.153238336023,0.529488585223,-0.0648199485207,0.0779006212568,0.0948837968445,0.0528858749522,6.19325229094,6.4290236639,-0.0651885422707,-0.419777788003,2.23771035749,0.188518569636,0.26225533803,0.280460394881,0.259560802023,0.215300429643,4.63068289943,0.186273691617,0.71513108429,9.678355557,3.16162820157e-08,0.000210416059524,9.35566166642,9.85302513747e-08,0.00049878734723,9.16034462879,3.24579326739e-07,0.00093349211299,8.21159256234,2.19170871317e-05,0.010670137174,9.70772363311,5.68449467292e-08,0.000252143426896,9.22713050356,1.48977399999e-07,0.000661875954589,8.20376715646,4.76686649847e-06,0.0082854027238,9.26647906001,1.38214958417e-07,0.000584071205741,9.05702927909,9.49178243008e-07,0.00148807643454,8.70271317135,2.07094325219e-06,0.00290844900667,8.17761319317,1.52539839179e-05,0.0109963284178,8.60631590598,2.89577918804e-06,0.00374585666383,4.6039805051,0.179891781374,0.374316408397,8.55282234545,9.19877879744e-06,0.00542281486115,9.19493808625,4.24795334128e-07,0.000942851498208,5.35992086072,0.0530054356093,0.318736120025,7.30000139243,0.000297889854419,0.0672710568044,8.73322670309,1.64487844478e-06,0.00285425362492,5.32871469844,0.0452580777905,0.165801375407,0.594357573006,-0.820696939345,0.187794327736,-0.202316403389,2.60245013237,0.152455434848,2.61969431103,9.56779531147,1.10127384814,-0.442622033413,13.0565768816,-0.0856088613699,0.0397575846037,-0.21274297799,-0.179158388074,-0.000892625038354,-0.525197790943,0.106574332486,-0.277055344464,2.2341266475,-3.55264837862e-07,-0.00150788105452,-2.57841806963,1.02691832498e-06,0.00402116459341,-2.3469777941,3.09263691269e-06,0.00658583536271,-2.58644678522,0.000407126820295,0.0612450327122,-3.68965642936,1.33775799888e-06,0.00346508554956,-0.885092888037,8.02257159436e-07,0.00219148414088,0.72118279026,-1.22789604112e-05,-0.0140846834388,-0.312507996654,9.34671140331e-08,0.000761464561077,-2.33554106865,1.5647312984e-05,0.0117311856175,-0.380754692366,8.63882086644e-06,0.00464110249258,-2.68873042007,0.000173190099321,0.0695532446032,2.89685696217,-4.15917336321e-05,-0.030188908237,0.114217269001,0.144314582141,0.126725832482,-4.66678161866,0.000228499010764,0.0575469769559,-1.93068251152,4.591155146e-06,0.00594915210471,5.07017664908,-0.42169814825,-0.263372069774,0.132016393713,-0.000333471252845,-0.00458598365084,-1.153527352,1.60932842439e-05,0.011629871953,-0.093089381387,0.0498397924495,-0.382819162309
gradient,0,0.08,0.0899999961257,predicted,Actual proposal support boundary; monitored coordinates are pre-native endpoint forecast,True,50,-0.152303734986,0.529528812419,-0.0590725396538,0.0738562666988,0.114592251453,0.0540134891102,6.18955197686,6.55545180547,-0.0464339123238,-0.421596341455,2.36007108942,0.187621434224,0.263004609946,0.278254114192,0.257544704581,0.215257462612,4.62634454396,0.187029934815,0.713638525608,9.69582747258,2.9348936427e-08,0.000200020273337,9.3367376732,1.07586018533e-07,0.000531602534665,9.14822867432,3.40292493407e-07,0.000970314450808,8.17313443428,2.72264973815e-05,0.0115845353853,9.65198248019,7.81722339926e-08,0.000306168670258,9.22085870983,1.55739858846e-07,0.000679219460057,8.21200294553,4.56866214403e-06,0.00810685540305,9.25853660708,1.4152061243e-07,0.00059838666949,9.03704658394,1.09547930219e-06,0.00159227012969,8.69646282457,2.22251789184e-06,0.00298699996644,8.14798657191,1.7306502165e-05,0.011787785556,8.63403977806,2.54676278961e-06,0.00347232279656,4.6112041601,0.180255545609,0.375342227723,8.51493400167,1.13192933386e-05,0.00590352874956,9.16329636625,5.05990666791e-07,0.00104288120438,5.41297981732,0.0485671243942,0.314714747248,7.29250655391,0.000306197195977,0.0682035658285,8.72113790934,1.80792952465e-06,0.00297031480224,5.32365369906,0.0458877166337,0.162724797598,0.417488734879,-0.9093394126,0.312117934227,-0.461651414633,2.13392794132,0.141384672476,-0.0614518136918,8.98290041581,1.12964642861,-0.442410347527,9.10624065222,-0.0506636721917,0.0951714912438,-0.199593005411,-0.157857127904,-0.00125002833424,-0.545691594649,0.10038298837,-0.11497610503,1.4485570301,-1.78865802254e-07,-0.000822949545437,-1.91352315217,1.43664744538e-06,0.00382802378185,-1.29215780526,1.89118779063e-06,0.00399686560207,-2.13621695128,0.000318087033912,0.0506782902838,-4.68051947835,2.01525967694e-06,0.00484406487343,-0.262329304154,4.61271099021e-07,0.000918092215466,0.654495408759,-1.41930902165e-05,-0.013296089603,-0.254585021315,2.98162951202e-09,0.000416963881915,-1.99270219814,1.45453224621e-05,0.0101211743388,-0.883678809337,1.50889253046e-05,0.00933655803251,-2.1041246178,0.00014928760815,0.0566143201569,2.52947363108,-2.7617260717e-05,-0.0239062123081,0.268503371003,0.104324754322,0.0932680189372,-3.27100283779,0.000191951640246,0.0414556371484,-2.41407941261,6.7183609872e-06,0.00790697131323,4.20888162423,-0.355453850202,-0.369247419215,-0.549490191473,0.000775294909659,0.0595914096801,-0.566237979106,1.1942504668e-05,0.00639928999156,0.229688497722,0.0123886770215,-0.236886903049
gradient,0,0.09,0.0999999940395,predicted,Actual proposal support boundary; monitored coordinates are pre-native endpoint forecast,True,50,-0.144888561325,0.511301796971,-0.0585775898361,0.0686675929642,0.137562355671,0.0557135684018,6.19202325467,6.60868167221,-0.0425956136985,-0.428625994954,2.41983517053,0.187505296192,0.264158767855,0.276468534773,0.256403659465,0.215275429076,4.61976906754,0.188281351384,0.712831562189,9.7073266976,2.80389659707e-08,0.000193957068615,9.31739120338,1.27263200282e-07,0.000575347822867,9.13450147268,3.62403082551e-07,0.00101342942503,8.16886822332,2.82788278099e-05,0.0116837029796,9.61411324355,9.7150140268e-08,0.000349024724365,9.22188391747,1.5820282198e-07,0.000680237798899,8.21685706464,4.48300469414e-06,0.00801948093174,9.26138735959,1.38274591007e-07,0.00059241048338,9.01717523512,1.24008469225e-06,0.00169049992132,8.68503959516,2.37272175829e-06,0.00309518016732,8.13553070081,1.82397360809e-05,0.0121286148209,8.6569053786,2.3434339737e-06,0.00326773241767,4.60935057252,0.18197827646,0.376181768776,8.48740228869,1.30378116024e-05,0.00625192760412,9.146656498,5.59162553872e-07,0.00110099092447,5.4440984932,0.0458963586053,0.311351171641,7.2890115886,0.000313395752612,0.068462884998,8.72190194351,1.88372853814e-06,0.00298223942475,5.33330846839,0.0455058513309,0.161063637346,0.607549907303,-1.29746993549,-0.109242320061,-0.997868746519,1.41462649405,0.14982508206,0.326276865703,3.19856971294,0.703912918525,-0.00927510780624,3.49925283694,0.00153176820197,0.109408020912,-0.167198749662,-0.0908737239434,0.0252772349156,-0.284001187272,0.0563454100488,-0.00916381635142,0.987293260117,-1.23045433925e-07,-0.000554276656819,-2.48104519901,3.43674199758e-06,0.00626310142242,-0.960648717073,1.79166560923e-06,0.00327429978484,-0.44749552567,9.60221728599e-05,0.0105165451331,-3.90578993484,2.30060344787e-06,0.00487798963054,0.0787492388102,4.5212725346e-07,0.000206732317698,0.1528036194,-2.07875246502e-06,-0.00192857051792,0.355380085358,-3.41047977402e-07,-0.000726588835269,-1.40377024768,1.07109260385e-05,0.0069406998716,-1.41001112184,1.68268741886e-05,0.0127325076313,-0.765485397772,6.28635220667e-05,0.0213652169231,2.17864217904,-1.94401944715e-05,-0.0191483331387,-0.0568138496498,0.0929478821658,0.0341682196976,-2.1346757253,0.000133355765713,0.0268648717571,-1.89334692602,7.4102329227e-06,0.00734710056306,2.44150061585,-0.209514044721,-0.285650369438,-0.280342242976,0.0006539628719,0.0156741830698,-0.332992396539,1.29927174419e-05,0.00471469304707,0.540729580177,-0.0170129315279,-0.121161203634
gradient,0,0.1,0.109999999404,predicted,Actual proposal support boundary; monitored coordinates are pre-native endpoint forecast,True,50,-0.14015273684,0.503579413709,-0.061257386055,0.0538988917685,0.142884781334,0.0570099907514,6.19607751418,6.61942319973,-0.0323556539534,-0.421781843611,2.43005614616,0.187652069588,0.265192770365,0.274910139199,0.255727230102,0.215763007311,4.62066452021,0.188156843016,0.713455249281,9.71557333779,2.68880277485e-08,0.0001889347402,9.28711676922,1.76320858485e-07,0.000656864563113,9.12901569998,3.76125805592e-07,0.0010358004465,8.16418452377,2.91469408387e-05,0.011794866288,9.57386668149,1.2418430295e-07,0.000403728462869,9.22243369461,1.64782403915e-07,0.000683354106411,8.21505901791,4.52708709473e-06,0.00806828399269,9.26564420878,1.34699652882e-07,0.000583854892784,9.00897117898,1.30969782296e-06,0.00173108412712,8.66826260213,2.55905537561e-06,0.00324165011907,8.13267686395,1.85637726063e-05,0.0122150898945,8.67761262164,2.15795890018e-06,0.00308935613379,4.61006788311,0.182114503253,0.376025592117,8.47224048717,1.39864086528e-05,0.0064408261847,9.12542942773,6.54195325245e-07,0.00118982321564,5.46180982963,0.0443768434998,0.309001739859,7.28689970905,0.000319276453415,0.0685170494899,8.71447806141,2.06778387349e-06,0.00306460866318,5.33446829066,0.0455474580031,0.160301573525,0.692047256032,-1.58358262955,-0.0754302740097,-1.20316678286,-0.480985641479,0.192363536046,3.84926511444,0.689246290833,1.95116078882,1.45294233516,1.91766345482,-0.0414420110764,0.0913117381099,-0.158865764306,-0.0771909313818,-0.0116678712394,0.15837395809,-0.0464922389573,-0.114116712361,0.3061714429,-5.08799921971e-08,-0.000208120692511,-5.50634064836,1.11406059316e-05,0.0162115353234,-0.854167505428,2.40641577767e-06,0.0034356714543,-0.752002181721,0.000110575234293,0.0174729273195,-2.71716232906,2.04108976075e-06,0.00400825388671,-0.994773361802,2.30107952987e-06,0.00332733906167,-0.234811611665,3.83901134347e-06,0.00550496477531,0.156562832345,-2.28033982873e-07,-0.000474833513156,-0.86571249103,7.00298545531e-06,0.00425585105267,-1.76662207092,2.24394691471e-05,0.016474543486,-0.917777264975,7.89396518069e-05,0.02717136126,1.29621682117,-1.35019474624e-05,-0.011509444827,0.89480611066,-0.183794303017,0.0092247624312,-1.91162722065,0.000100446701395,0.0253502117597,-2.01673191232,9.9355374337e-06,0.00895902617925,0.873911414612,-0.0770531951066,-0.18325586044,-0.358284140383,0.000758236930932,0.0239420884106,-2.31750284018,4.20784782969e-05,0.0234063336685,-0.0802345276063,0.0176707640344,0.0182227987325
gradient,0,0.11,0.119999997318,predicted,Actual proposal support boundary; monitored coordinates are pre-native endpoint forecast,True,50,-0.131047616205,0.47963014438,-0.0600861953163,0.044604257307,0.127942642841,0.0595608391227,6.26900855695,6.62246659803,-0.00357239792219,-0.399567148251,2.45818843963,0.186676455971,0.265985002617,0.273291219486,0.254859840838,0.215042071651,4.6229365467,0.187351506605,0.710549227942,9.71345012646,2.70213661267e-08,0.000189794654765,9.20726439041,3.50075318914e-07,0.000899578529335,9.11741812257,4.10531398105e-07,0.00108214285412,8.15382817968,3.04903324957e-05,0.012033161526,9.55976999697,1.37971935483e-07,0.000429189802099,9.20198845024,2.04224412577e-07,0.000746784580132,8.2121608324,4.559784921e-06,0.00812958022725,9.26451861624,1.33713911349e-07,0.000582913813117,8.9998609853,1.38014440136e-06,0.00177561694237,8.64970715374,2.82151114123e-06,0.00342467103704,8.11717515551,1.9818529117e-05,0.0126720420461,8.68282971503,2.07339502445e-06,0.00303754352113,4.62724669473,0.1783023904,0.376366264025,8.44916974428,1.50467456303e-05,0.00675893183931,9.10632185975,7.57873302546e-07,0.00128017144806,5.4615767215,0.0443552947031,0.307686054432,7.2818459058,0.000328560491231,0.0689417267662,8.67555188671,2.72529810408e-06,0.00345036609812,5.33170377784,0.0458592666116,0.161428093321,0.903280536187,-2.18917755666,0.270527005195,0.139249354601,-1.98130203784,0.266304189795,10.9713625913,-2.27231381081,3.04490545656,2.26057739033,2.79406980681,-0.0864062373133,0.0782789587707,-0.159786748825,-0.0900653852724,-0.118586539363,0.609840493045,-0.133502511007,-0.306235198605,-0.695264977692,8.60159968605e-08,0.000371042932301,-8.4756137811,2.61011749374e-05,0.029612852378,-2.28086586298,6.58223212523e-06,0.00867047888449,-0.680568643623,9.70746071049e-05,0.0159116265201,-0.348890550644,7.68898001606e-07,0.00134948643855,-2.20549583941,5.05794166821e-06,0.00738651185075,-0.17832290726,-4.96494783301e-08,0.00297242158727,-0.506631328252,2.09359605103e-07,0.000755610734864,-1.37166627833,1.13775535455e-05,0.00711767845067,-1.71959865171,2.84985980984e-05,0.0179866588684,-2.4614511911,0.000207246134685,0.0749780780497,-0.710666423222,2.36676145725e-06,0.00500248084858,2.41147324868,-0.537446829917,0.103029832875,-2.92775242399,0.000158626372934,0.0431627961608,-1.48978711444,1.09725565861e-05,0.00852803488299,-0.8659452873,0.0650750520614,0.0707876975467,-0.0782632668541,0.000229964867587,-0.00102981768342,-3.75639225971,7.53765985259e-05,0.0394406929147,-0.413712337058,0.0527742935963,0.123958787393
gradient,0,0.12,0.129999995232,predicted,Actual proposal support boundary; monitored coordinates are pre-native endpoint forecast,True,50,-0.122087126116,0.459795862576,-0.0558468459511,0.0566838788605,0.103258740578,0.0623360745473,6.415504766,6.57397692351,0.0285424551778,-0.376570295804,2.4859375423,0.185923944841,0.26675834954,0.271714404222,0.253925922397,0.213391276523,4.63286133007,0.185486792796,0.707330545309,9.70166803823,2.86083476857e-08,0.000196355598847,9.1176044936,6.98344357232e-07,0.00124912161067,9.08339838272,5.07770448096e-07,0.00120921002419,8.1505731509,3.10884329808e-05,0.0121130988184,9.56688887048,1.39562262982e-07,0.00043071819164,9.17832377782,2.65941237279e-07,0.000831084343426,8.21149255977,4.52609410516e-06,0.00812773242444,9.25551158222,1.38886844984e-07,0.000598967107482,8.98153785342,1.53724889387e-06,0.00187343769613,8.6338706291,3.12902733758e-06,0.00360138329644,8.08344784013,2.27086953e-05,0.0137146514554,8.66339929318,2.20529412933e-06,0.00318940575076,4.65829734809,0.171365566654,0.378086188774,8.41368543869,1.71589361115e-05,0.00730408210792,9.09563368544,8.73646456967e-07,0.0013603839133,5.44449092389,0.045678344541,0.31041749381,7.28533444371,0.000323875750767,0.0684964531362,8.63935021621,3.57531584401e-06,0.00385342252148,5.32619404392,0.046602943875,0.162780749273,0.214799243849,0.143595459508,0.472817778587,1.67416423559,-2.95387920737,0.25459650172,14.403337555,-7.4321418229,2.41589139977,1.86646543437,-0.331825165061,-0.0422328980965,0.0831560825511,-0.0974705969625,-0.0270122227367,-0.209111739835,0.689165366383,-0.154762938599,-0.317409930898,-1.61835401991,2.20810150509e-07,0.000912128713132,-7.40761374231,3.5515784506e-05,0.0315344585852,-3.54018701646,1.07395377175e-05,0.0135056081829,-0.474167985056,0.000113519097944,0.0114799998319,0.932423424978,6.5211223734e-08,-2.49873934843e-05,-1.25787868508,4.71195871002e-06,0.00546136080748,-0.126279663956,-1.64775689926e-06,0.000842905489183,-0.93639273201,4.99784996409e-07,0.00163178346749,-2.07714316822,1.89668519689e-05,0.0114971478188,-1.45611084078,3.14702073797e-05,0.0169952640981,-3.16583900598,0.000295467169551,0.10155235029,-2.71445503574,2.06042068746e-05,0.0228975707595,3.17199565086,-0.752792239319,0.109920341352,-3.82289335181,0.000263462493966,0.0614489767363,-0.379819091664,9.8963589613e-06,0.00588373280575,-2.51205762865,0.20877826853,0.358881330272,0.339897673857,-0.000523037666607,-0.0422550192552,-2.00121452562,5.9551518099e-05,0.0239264405459,-0.853801401231,0.0995795223282,0.15135402989
gradient,0,0.13,0.140000000596,predicted,Actual proposal support boundary; monitored coordinates are pre-native endpoint forecast,True,50,-0.126751631328,0.48250205357,-0.0506298397446,0.0780875420189,0.0688650586939,0.0646527691571,6.55707530806,6.47382376157,0.0447454300731,-0.362237839563,2.45155193633,0.185831798009,0.267648124268,0.271341807547,0.254319596383,0.210859836855,4.63671985403,0.184256247833,0.704201029324,9.68108304606,3.14375691369e-08,0.000208037229028,9.05911211557,1.06039100903e-06,0.00153026770104,9.04661438224,6.25322152454e-07,0.00135225501778,8.14434481998,3.27607144546e-05,0.0122627615227,9.57841846547,1.39276159958e-07,0.000428690054229,9.17683087654,2.98463586777e-07,0.000856011796281,8.20963523912,4.52682978302e-06,0.00814643833703,9.2457907616,1.43709611278e-07,0.000615549482466,8.95831812194,1.75948144073e-06,0.00200555989875,8.62058493693,3.45091528882e-06,0.00376457631901,8.05385837539,2.57278725081e-05,0.0147030890519,8.62854061431,2.48547916194e-06,0.00349549493632,4.69068660775,0.163246545614,0.378564670852,8.37271187724,2.03159955096e-05,0.00798791137404,9.09872547792,9.55800481772e-07,0.00139784610417,5.41133556892,0.0485308600737,0.314863681037,7.28864385927,0.000318099737899,0.0680966263811,8.63552759619,3.91632846606e-06,0.00392889490904,5.31462774981,0.0478508570582,0.164455173918,-0.392594045546,0.461815579584,0.484547019005,1.60196840763,-3.17671068013,0.284019416256,11.2661820272,-8.39473656264,0.763281848038,0.88234162801,-5.27232442257,0.0101744974582,0.0179518843582,-0.0616879658815,0.030420728204,-0.147018942901,0.463963111607,-0.08236509055,-0.31365059518,-2.54919075372,3.97050925444e-07,0.00161073135529,-2.41421660596,1.54131015636e-05,0.0118813558908,-3.41718073846,1.18139752255e-05,0.0140182946232,-0.762663804238,0.000162898718947,0.0196374637503,1.05724528931,-1.24998539378e-07,-0.000341394145347,0.716193866904,6.43254262201e-07,-0.000828352906754,-0.0472530554107,-2.17652531236e-06,-0.000981115384216,-1.21469312118,8.55522539461e-07,0.00235497068554,-2.19074319011,2.30605955058e-05,0.0129640710272,-1.25234406728,2.99893884184e-05,0.0149839700609,-1.83103730369,0.000174665195123,0.0623000547441,-3.06623655474,2.45513824143e-05,0.0279466839776,2.573012359,-0.657072521236,-0.125970354185,-3.97842622715,0.000387242076222,0.0667575481681,0.01433786056,8.05655361101e-06,0.00411086825612,-3.12915065391,0.272884229905,0.357685511107,0.0768291281881,-0.000256562970094,-0.00858011013789,0.783800238142,5.11888947869e-07,-0.00627047869737,-2.12539513712,0.159741062403,0.134487120976
gradient,0,0.14,0.149999991059,predicted,Actual proposal support boundary; monitored coordinates are pre-native endpoint forecast,True,50,-0.129939007027,0.469032174167,-0.046155905571,0.0887232470131,0.0397245269752,0.0680164628724,6.64082840655,6.40608219226,0.0438080921385,-0.358923463244,2.38049105384,0.18612743479,0.267117387227,0.270480644905,0.254534336961,0.210450897665,4.6421405923,0.183839490985,0.701057533406,9.65068422316,3.65493661946e-08,0.000228570225952,9.06932016148,1.0066063885e-06,0.00148674872849,9.01505476795,7.44049952607e-07,0.00148957591666,8.13531987481,3.43464073597e-05,0.0125058480934,9.58803377626,1.37062292195e-07,0.000423890308733,9.19264765516,2.78806322523e-07,0.000814517285291,8.21054749866,4.48256359891e-06,0.00810811011675,9.2312177198,1.55997295773e-07,0.000646066521192,8.93772298962,1.99846080398e-06,0.00213271911668,8.60882374775,3.72881510595e-06,0.00390106269765,8.04682709406,2.62019992025e-05,0.0149606525503,8.60207456208,2.69632177761e-06,0.00374833943031,4.70975759527,0.15822411623,0.37556678169,8.33411691415,2.49037776359e-05,0.00863923307128,9.09592044265,1.03477752919e-06,0.00144260127842,5.38190791081,0.0511360291391,0.317571204032,7.28687102627,0.000318744491365,0.0683248509335,8.65502622098,3.58555362297e-06,0.00372801294753,5.28368614118,0.0497977651231,0.165470491693,0.023180725221,-0.856123558711,0.205944657326,0.49011361599,-2.25753943622,0.330559470505,10.259695223,-4.93473749766,0.0544168184328,0.264420005612,-2.69417818905,-0.00498590091512,-0.0580091024451,-0.14751877587,-0.0133281563871,-0.0492045210246,0.609898086429,-0.0624652828475,-0.422655571547,-1.60342994133,2.44136842496e-07,0.00100176621513,-0.454073781235,1.76708346201e-06,0.00175415640806,-3.44005216657,1.36906176359e-05,0.0154759842762,-1.68979927249,0.000295517341566,0.045382179735,1.22167101983,-4.88746845632e-07,-0.000967339500603,0.828025073268,-6.17543927574e-07,-0.00198378632428,0.033200819408,-2.29207083903e-06,-0.00180233273273,-1.08413464701,1.0406930002e-06,0.00244470181045,-2.42105906404,2.66656069152e-05,0.014457319198,-1.2942748759,2.9853978543e-05,0.0149424339727,-0.832801399855,5.52460024151e-05,0.0302733490916,-1.44431633092,7.52369739982e-06,0.0130305006714,1.6599228024,-0.420007675308,-0.275083347969,-4.67556536993,0.000582754969856,0.0809747615801,0.18614274903,4.40178789288e-06,0.00205317943836,-1.71645853731,0.159941722178,0.192793043113,0.0994739115593,-0.000401332424515,-0.001882911596,0.66937957315,-8.77730200529e-06,-0.00726905997473,-2.40075539196,0.147377269423,0.0338250558937
gradient,0,0.15,0.159999996424,predicted,Actual proposal support boundary; monitored coordinates are pre-native endpoint forecast,True,50,-0.126288016823,0.465379582396,-0.0465109465981,0.0878898143387,0.0237142699695,0.0712639585672,6.76226921252,6.37512901162,0.0458337664418,-0.356949439451,2.39766837255,0.185732079991,0.266487942219,0.26839143203,0.254053033255,0.209875746434,4.64891781576,0.183006942176,0.695747917893,9.64901444723,3.63203059868e-08,0.000228072553331,9.05003063994,1.09573267827e-06,0.0015653508292,8.97781333891,8.99134505172e-07,0.0016617747033,8.11054883453,3.86710612859e-05,0.0131704051174,9.60285188586,1.29501223045e-07,0.000409343264217,9.193391378,2.86112708226e-07,0.000816336069796,8.21029925551,4.48098836624e-06,0.00811039168237,9.22410806866,1.64523471282e-07,0.000664443518675,8.90989694066,2.29279357904e-06,0.00229470628271,8.59469943941,4.04799485968e-06,0.00406342499846,8.03720234739,2.68327925564e-05,0.0153085560337,8.59965428769,2.63595310994e-06,0.00375610494974,4.7238850638,0.154846392107,0.373063003892,8.27920056984,3.19710949067e-05,0.00960740660564,9.1024483329,1.04383623963e-06,0.00143890969294,5.37700639818,0.0517296945173,0.318719541899,7.2906333375,0.000310073089408,0.0680589681492,8.64891518766,3.74078242595e-06,0.00378351370955,5.26661264197,0.0507984024466,0.165131675036,0.167582008301,-0.248828410179,0.0219478607178,0.945242464542,-0.762424491346,0.234384792059,12.2578534996,-2.05827310112,-0.270337119508,0.00102390228827,4.57486884348,0.0129196290611,-0.14148373284,-0.275497352016,-0.146171604894,0.0823051720967,0.779197961483,-0.161245730467,-0.35978254058,-0.370772672891,-1.98209102437e-08,4.49877298268e-05,-0.180170158801,-1.61373717186e-06,-0.000278819674844,-4.19624325964,1.93430448961e-05,0.0202731464542,-2.00101050651,0.000415348026889,0.055281984481,2.81670404864,-1.5712832597e-06,-0.00310417251761,0.415289265547,3.97785766464e-08,-0.000859172834569,0.362752273721,-9.3923272571e-06,-0.00807446200768,-1.02211738031,1.20041099062e-06,0.00272161050511,-0.546541320201,6.78557090194e-06,0.00305427157905,0.165319776878,-1.25511669509e-05,-0.00359294375751,-1.80203888227,0.000154046174993,0.0652253520465,-0.728050972556,-2.040958594e-06,0.00523510608,1.33115687862,-0.293185907244,-0.227101891887,-1.50975998616,0.000257312179107,0.0238107102023,1.69103684482,-5.04465059893e-06,-0.00493596053779,-0.750441329119,0.0845900684428,0.213206963215,1.22145314215,-0.00212849848645,-0.110677779128,-0.697886510168,2.7487086434e-05,0.0074254667815,-1.82851461169,0.097686697722,-0.0498795272435
gradient,0,0.16,0.170000001788,predicted,Actual proposal support boundary; monitored coordinates are pre-native endpoint forecast,True,50,-0.126587366861,0.464055605964,-0.0457169483566,0.107628096304,0.0244760371482,0.0727041587136,6.88598547654,6.36491673023,0.0384013497484,-0.358902985198,2.47198843071,0.186385827372,0.26428771257,0.264970697864,0.251610904863,0.212097001107,4.65772455153,0.180614576375,0.693861882594,9.6432687697,3.61529479897e-08,0.000229469980549,9.0657167583,9.74331645066e-07,0.00148117233499,8.93112990276,1.13091085053e-06,0.00189503884574,8.09529966468,4.26533678975e-05,0.013611487783,9.64436785724,1.05636627001e-07,0.00036180685838,9.20095344047,2.79601894056e-07,0.000797333828599,8.21780254414,4.29471705377e-06,0.0079466208766,9.21077537219,1.80005515585e-07,0.000700498731295,8.92679216321,2.13417222202e-06,0.00219380454826,8.61213014329,3.47779176693e-06,0.0038292038225,8.01078631641,2.92829227024e-05,0.0162651595913,8.58751354263,2.65550260573e-06,0.00385304155191,4.73638073284,0.152360398085,0.371024743853,8.30392171442,3.00500212181e-05,0.00911544727533,9.12974117955,9.33884517209e-07,0.00134388206766,5.36689908423,0.052827830508,0.321835343297,7.31130008912,0.000276174521636,0.0661112953509,8.64106849077,4.13529535165e-06,0.00387652228316,5.24711584895,0.0517514990775,0.164472901148,-0.172538923829,-0.0179383572774,0.350958228111,1.35301215947,-0.227480277419,0.199149839784,14.263314873,-0.850803324621,-0.86652693118,-0.925708506653,6.06292166222,-0.0448243516238,-0.247214525076,-0.288748161056,-0.166631580775,0.148070747911,0.327205173035,-0.163525385452,-0.327639462883,-0.725397091742,2.789962151e-08,0.00027569213438,-1.14182089913,5.26498207474e-06,0.00478345055845,-3.68161899975,1.91982266648e-05,0.0188872392515,-0.822670036115,0.000203934686371,0.0253038774763,4.17349743101,-2.22171316159e-06,-0.00460776843908,-1.35701254388,3.34025158597e-06,0.00420953820115,1.18450457847,-2.47141350261e-05,-0.0254041832438,-1.32180045342,1.45339526009e-06,0.00345455466848,0.0269586673706,4.01699492114e-06,0.000585026235166,1.05880698613,-2.96675355469e-05,-0.0136234047158,-2.04026886809,0.00019669008664,0.0746934334575,-1.58782802438,7.88736827001e-06,0.0141764074565,1.06773668416,-0.222256260623,-0.227183281501,-0.717541760383,0.000228793802226,0.0100465701474,2.91690949577,-1.19727482422e-05,-0.0103557635158,-1.26113167408,0.132990852418,0.332813089548,0.670154041565,-0.00140768676539,-0.0447256634406,-3.24241133913,9.92604683484e-05,0.0370860993659,-1.67339477218,0.0827049271083,-0.056157331306
gradient,0,0.17,0.179999992251,predicted,Actual proposal support boundary; monitored coordinates are pre-native endpoint forecast,True,50,-0.1297387953,0.46502081525,-0.0394917820358,0.114950057528,0.0191646644211,0.0752469553629,7.04753550998,6.35811294513,0.0285032278182,-0.375463609584,2.51892680579,0.184835592958,0.261543651717,0.262616468809,0.25072040164,0.212837161392,4.65546191922,0.179736434467,0.689195128636,9.6345065054,3.6878298417e-08,0.000233586396018,9.02719422196,1.20103231977e-06,0.00166101984037,8.90418095892,1.28309903847e-06,0.00203951948833,8.09409543381,4.27497550134e-05,0.0136764826669,9.68632183448,8.50669598132e-08,0.000317187895436,9.16625112712,3.52917739945e-07,0.000900526833819,8.23398934708,3.98670566572e-06,0.0076023080175,9.19767205959,1.93591376483e-07,0.000733534612045,8.91043611401,2.37313347746e-06,0.00230640680741,8.61587557913,3.45464414874e-06,0.00379095690415,7.99639697003,3.07665942892e-05,0.0168024247029,8.5678977272,2.79370047534e-06,0.00403963309887,4.74523979748,0.150401266895,0.368519338262,8.26484973464,3.65469709512e-05,0.00980833800859,9.16078652282,8.04381274787e-07,0.00123179442262,5.35178376469,0.0543895115657,0.32537580369,7.30403641834,0.0002819193541,0.0671644548804,8.58406696088,5.72599179292e-06,0.00452523569686,5.23314474653,0.0524525009888,0.16400852841,-0.269052913248,0.888376192378,0.507301449776,-0.735412895679,-0.867909632623,0.211324652402,11.5530172345,-1.46921203121,-0.762238972514,-0.573610058545,1.47159568505,-0.114585465992,-0.191652386052,-0.194023646467,-0.028741918735,0.0677572875784,-0.418957327861,0.0303804069083,-0.389960215961,-0.427569572365,9.84468751102e-09,0.000166019973452,-3.77555142171,2.38648250097e-05,0.0182240047078,-1.50890210968,9.56489889234e-06,0.00851798642249,-1.23980946177,0.000236303658323,0.0365604656372,2.77622490034,-1.31174216781e-06,-0.00288417994465,-3.04506661334,7.06354132587e-06,0.00933013007294,1.04421396647,-1.7698024661e-05,-0.0212728883037,-0.947919521146,9.69947437422e-07,0.00240343401813,-1.99476086556,2.64756691092e-05,0.0129757945126,0.221579087965,-4.61733427981e-06,-0.00289404846732,-0.386683788072,3.29105780962e-05,0.0147505360687,-0.299418462864,-4.06291969037e-06,0.000551842828109,0.743446137988,-0.173953485191,-0.241566187993,-3.97169379104,0.000676509555072,0.0715582735982,1.86857497151,-7.6536014069e-06,-0.00668098308371,-0.125272515091,0.0285142900736,0.278719874806,-0.741228791058,0.000630187043944,0.10361193296,-5.15922114238,0.00016864713257,0.0614332207953,-1.84642269803,0.100779135952,-0.0928466056462
gradient,0,0.18,0.189999997616,predicted,Actual proposal support boundary; monitored coordinates are pre-native endpoint forecast,True,50,-0.131968425126,0.481823129811,-0.0355709193611,0.0929198383903,0.00711784449577,0.0769306517616,7.11704582123,6.33553248961,0.0231565702981,-0.370375186369,2.50142034442,0.184094118052,0.260454664849,0.261090224935,0.251036066488,0.213452146859,4.64934540498,0.181222184513,0.686062678275,9.63471737825,3.634984174e-08,0.000232790380018,8.99020572987,1.45162814526e-06,0.00184565242915,8.90095186056,1.32220882838e-06,0.00206539857419,8.07050347545,4.7379441064e-05,0.0143426970958,9.69989235524,7.94017836446e-08,0.000304123259487,9.1400521082,4.20872720574e-07,0.000983936430058,8.23868682346,3.94075656055e-06,0.00752116311053,9.19181698177,1.99404464334e-07,0.000748567411657,8.8868969459,2.66368560421e-06,0.00245332043851,8.61656172505,3.38544508133e-06,0.00377132285316,8.00305264065,2.99411342643e-05,0.0165601703126,8.58152517337,2.57424421192e-06,0.00386407840848,4.7512496556,0.148881328381,0.366193420093,8.2244878386,4.35802123195e-05,0.0105466127473,9.16711267898,7.80812489071e-07,0.00121026240599,5.36439363393,0.0533981163094,0.327409740793,7.2964755133,0.000288778262515,0.0681835340101,8.53788406793,7.50823800305e-06,0.00510518669907,5.21018739499,0.0537670817966,0.162615969035,-0.0552854304569,0.982489621172,0.301046133041,-1.82306735218,-0.695079147816,0.155455561421,6.12618778328,-1.53420634466,-0.742434524523,0.777687331649,-1.61335515127,-0.0754574627415,-0.108449817831,-0.148503897582,0.0311467815193,0.0813115954846,-0.60500385007,0.13419294645,-0.276980743142,-0.11058263529,-1.35611010203e-08,4.48704828886e-05,-2.79315865858,2.01448688866e-05,0.0143483408534,-0.513442770202,4.74808123074e-06,0.00352094203818,-1.72045643166,0.000327906927761,0.0505063417138,0.479883485451,-1.79154406742e-07,-0.00041423749435,-1.93832459342,5.66804066638e-06,0.00652371383216,0.375114092484,-3.1960624077e-06,-0.00614376820925,-0.493234268883,6.16760457998e-07,0.00140338742934,-1.92491263027,2.32325105714e-05,0.011851655843,0.0792096686088,-9.62929517694e-06,-0.00243127492671,0.308024605166,-3.75844478497e-05,-0.0106709690436,1.36632374354,-2.08194633647e-05,-0.0170846377592,0.63188610127,-0.149321429307,-0.154516015016,-2.69992404531,0.000493204434437,0.048706373667,-0.00655631694269,4.08748812253e-07,0.000207733939698,0.856586769785,-0.0683072560288,0.122749257531,-0.483311153522,0.000448426568236,0.0644057998317,-4.17372860181,0.000191177958355,0.0548130599908,-1.98033303245,0.113232080585,-0.126955098689
gradient,0,0.19,0.199999988079,predicted,Actual proposal support boundary; monitored coordinates are pre-native endpoint forecast,True,50,-0.130844503909,0.484670607674,-0.033470859375,0.0784887104845,0.00526308146477,0.0783560665913,7.17005926564,6.32742881823,0.0136545373277,-0.359909862951,2.48665970277,0.183326443703,0.259374655361,0.259646390857,0.25134333727,0.214463393302,4.64336184222,0.182420293396,0.683655513773,9.63229485269,3.66070763966e-08,0.000234483805676,8.97133104879,1.6039296975e-06,0.00194798665744,8.89391210351,1.37806066308e-06,0.00210993832909,8.05968630517,4.93078935686e-05,0.0146866095012,9.69591950419,8.14838716784e-08,0.000308903145549,9.12748463526,4.66278553273e-07,0.00103100111046,8.24149162893,3.92278441756e-06,0.00747943265331,9.18780737421,2.05926585643e-07,0.000761602360632,8.8719378614,2.83778368889e-06,0.00254343992427,8.6174597725,3.2620582452e-06,0.00374233140561,8.00255746214,3.00149053322e-05,0.016589005322,8.59522420208,2.37731120805e-06,0.00369794034369,4.75787751951,0.147414838309,0.365429017962,8.21085125373,4.641105964e-05,0.0107824654819,9.16065539648,8.12556251032e-07,0.00123594910142,5.36891550009,0.0530233664451,0.327830788841,7.29437019527,0.000290887885465,0.068452570877,8.50059238884,9.54955096002e-06,0.00562149689668,5.19353808588,0.0547171426005,0.161469426436,-0.240100227784,-0.686483554022,0.0611791610718,-0.833629012108,0.320355445147,0.0628622006616,6.28844572424,-0.308882267873,1.16186423387,1.38373623207,-1.8819017532,-0.126658051036,-0.129487768075,-0.0879855753426,0.0770778487027,-0.000385289323686,-0.442213807683,0.143735640018,-0.309902940944,-0.33381137411,6.13236181759e-08,0.000252395394344,-5.65545135803,6.33680140123e-05,0.0349900269853,-0.187543940809,1.684235459e-06,0.00118246917997,-1.0305651658,0.000139327849715,0.0361201598939,0.122090595705,-3.33512942219e-08,-8.18239952958e-05,-2.06647415538,7.81398260106e-06,0.00845785007733,0.277193402137,-2.27319635034e-06,-0.00386870188356,-0.621367558091,7.83327584621e-07,0.00168796793318,-0.518711889469,4.27410888918e-06,0.00247804392106,-0.042633099433,-1.64796190735e-05,-0.00334329309862,-0.657458868861,8.54112286873e-05,0.0255444837673,0.591360590245,-1.00520806006e-05,-0.00789832089794,0.982245458012,-0.183355169297,0.238466651115,-0.109684311409,-4.95037990012e-05,0.00306223746759,-0.341886591099,1.43784408576e-06,0.00114739350642,0.144217647783,-0.0108279705211,0.0194223536775,0.677049183493,-0.000491852230257,-0.0973576596092,-3.98063951044,0.000256197417204,0.0571337729223,-1.10039743006,0.0683261326677,0.00520293468694
gradient,0,0.2,0.209999993443,predicted,Actual proposal support boundary; monitored coordinates are pre-native endpoint forecast,True,50,-0.136770429681,0.468093458731,-0.0343473361397,0.0762472581482,0.0135249533987,0.0781878957749,7.24281473571,6.32935484425,0.0463938549754,-0.342700461728,2.46378230935,0.181560957031,0.257864909488,0.259330513428,0.252577623462,0.213444441072,4.64050112882,0.184096897314,0.679864619456,9.62804115077,3.75763141035e-08,0.000237838287905,8.87709670271,2.71898842551e-06,0.00254545296885,8.89720098175,1.35589353756e-06,0.00208904795779,8.04989217213,5.01659980583e-05,0.0150651002937,9.70233416716,7.87347577601e-08,0.000302486779582,9.09872262509,5.77152372595e-07,0.0011530934316,8.24423069151,3.89529263355e-06,0.00744378907286,9.1793896306,2.15071016026e-07,0.000782326770321,8.87652270811,2.74916778199e-06,0.00250288131693,8.61570906306,3.05585269986e-06,0.00370445699119,7.98990346327,3.1649358838e-05,0.017071059988,8.59335238518,2.37320259991e-06,0.00370611199052,4.77089456476,0.145214224995,0.370962753115,8.22229415237,4.25901363395e-05,0.0106078574966,9.16027494716,8.09569370786e-07,0.00123321027612,5.36727798688,0.053181556899,0.327798187866,7.31001649697,0.00027894121791,0.0662363808179,8.45827127772,1.26321863471e-05,0.00624786215751,5.18817944639,0.0551336044499,0.162720027729,0.130810141375,-1.79375477956,0.162561655045,0.185912042856,-0.0521683692933,0.0603718282585,1.792886563,-0.0831736786755,1.31086599262,1.04440825154,-0.208864877431,-0.0965484636167,-0.0389746574432,0.0163738130367,0.135535827111,-0.1119464768,-0.978605735312,0.191587089976,-0.295154155109,0.80882552887,-1.49004942831e-07,-0.000645642453535,-5.70813968744,7.13016608441e-05,0.0371692803632,-0.166829670912,1.52527378212e-06,0.000958770953358,-1.16564157165,9.4464229823e-05,0.0432598663437,1.03341339719,-4.09606507705e-07,-0.000969341513786,-1.45557599924,6.27777602869e-06,0.00680641512897,-0.0646910046077,2.00097110478e-06,0.00293643751918,-0.797224090292,7.65158955391e-07,0.0017035812527,0.393966195218,-3.2028987559e-06,-0.00217868930503,0.687591120623,-2.07202337064e-05,-0.0100521205918,-0.978881959142,0.000131903587503,0.0375336886201,0.647131138155,-1.08260578225e-05,-0.00829435426276,1.13120129344,-0.192928374334,0.352438543854,0.790780113557,-0.000215767884374,-0.0121245270612,0.194741509698,-8.49334686806e-07,-0.000812621049239,0.422390545245,-0.0316060611304,-0.0406803652992,0.58332474831,-0.000664079158635,-0.0710311255295,-2.19464840457,0.000194187061356,0.0329978761378,0.247461820835,-0.0137550745463,0.260523651959
gradient,0,0.21,0.219999998808,predicted,Actual proposal support boundary; monitored coordinates are pre-native endpoint forecast,True,50,-0.128228301082,0.448795512083,-0.0302196262741,0.0822069513416,0.0042197140789,0.0795635031565,7.2059169969,6.32576534466,0.0398718571802,-0.33902169792,2.48248240522,0.181395474431,0.258595162212,0.259973867118,0.254054053812,0.212224463766,4.62378972751,0.186252035196,0.677752430671,9.64847136327,3.362697754e-08,0.000221570956605,8.85716825504,3.02996291438e-06,0.0026913722647,8.8905755101,1.40856613872e-06,0.00212911374816,8.03637347374,5.1197178165e-05,0.015551806828,9.71658777214,7.32917415243e-08,0.000289516315273,9.09837311527,5.91834073847e-07,0.00116712941304,8.24019780884,3.96280383966e-06,0.0075381614037,9.1718628924,2.21229764751e-07,0.000795673985686,8.8798171853,2.77372571377e-06,0.00249986613817,8.63121159492,2.84765357108e-06,0.00354128899378,7.98297982295,3.26529770822e-05,0.0173396790944,8.60816682484,2.1607900516e-06,0.00353205325843,4.78050154537,0.143556270822,0.372477788839,8.226666856,4.20957019525e-05,0.0105399749407,9.16455022667,7.95569557296e-07,0.00121969668043,5.377363311,0.0523912452225,0.327017181535,7.30603669023,0.000277606302292,0.0670319483664,8.45669942075,1.34332921871e-05,0.00628145441944,5.1984873223,0.0544420411096,0.166679899475,0.373129140981,-1.1552293831,-0.223589062691,0.375677645206,-1.13758200407,0.148230751416,-2.16794535846,-0.808177163564,0.395692830693,0.538712292318,0.212146496259,-0.00844524178499,0.0408315696867,-0.0673030411694,0.119707016342,-0.0506908621804,-0.0924952667977,-0.0261131319101,-0.0636507450676,1.72219288535,-3.34304018243e-07,-0.00137329268235,-2.7001028009,4.47813340454e-05,0.0199388109557,-0.861982600301,6.64418734038e-06,0.00535238934066,-1.80659069374,0.000237862278356,0.0638140243569,1.06181401508,-3.87253926809e-07,-0.000929147177143,-0.127291992644,2.01339406272e-06,0.00178131957476,-0.847463805829,1.5699757447e-05,0.0186091121743,-0.617344399405,2.98272020739e-07,0.000878699350467,0.48948564403,-5.47195786635e-07,-0.00156744683345,0.937680008485,-1.97298103927e-05,-0.0117064747036,0.028241928352,1.03732178916e-06,-0.000904420250605,1.10353312107,-1.45585464241e-05,-0.0125315210786,0.458265279351,-0.0881247925912,0.0483292954886,0.587517011793,-8.94560924501e-05,-0.0100285830907,-0.0103560723427,9.07788080126e-07,0.00061293240373,0.740648670846,-0.0553967116407,0.0846340401245,0.845218979768,-0.00139200266598,-0.0756345523847,-0.93697692958,0.000135543949402,0.0153096468036,0.652942686965,-0.038321843607,0.444009970156
gradient,0,0.22,0.229999989271,predicted,Actual proposal support boundary; monitored coordinates are pre-native endpoint forecast,True,50,-0.129307846862,0.444988871069,-0.0388191173935,0.0837608110523,-0.0092266866827,0.0811525108032,7.19945582854,6.31319130098,0.0543077115893,-0.331926215881,2.46802523928,0.181392052195,0.258681540881,0.257984452605,0.254971763789,0.212430623829,4.63865122349,0.183574634676,0.678591604555,9.66248500848,3.08902337386e-08,0.000210372434258,8.82309464669,3.61461510641e-06,0.00294422918797,8.87996132974,1.48877728436e-06,0.0021960957446,8.01376035826,5.49232436254e-05,0.0163413807808,9.72357044746,7.0989679224e-08,0.000283903836039,9.09617678524,6.17420253849e-07,0.0011887198231,8.22728141539,4.20928778249e-06,0.00781597131634,9.16704274262,2.21036456441e-07,0.00079990075733,8.88631242099,2.73822386626e-06,0.00247153238026,8.63446266323,2.66125649201e-06,0.00347032749711,7.99046830184,3.16701052738e-05,0.017052971583,8.6154230476,2.08203167143e-06,0.00345548156894,4.78005987034,0.143451729143,0.371929339025,8.23404449261,4.08010144905e-05,0.0104072858348,9.16006782571,8.27725132389e-07,0.00124546892419,5.3820909603,0.0520736226662,0.329490868669,7.32692087656,0.00025110116459,0.0647236897702,8.43953173913,1.53430653352e-05,0.00655405509358,5.20123830013,0.0543671675778,0.171600227132,-0.0535432486398,-1.73577474312,-0.570698976517,-0.169136166573,0.0725187659263,0.115015887563,-2.46230777698,-4.16098001287,0.715271466658,0.136689930477,-0.834429890246,0.0613586545976,0.0482528770968,0.0650898669623,0.105311678636,-0.0761146045085,0.192556093144,-0.0349852466237,0.160996524055,1.78362787672,-3.37358256121e-07,-0.0013959802834,-0.606536880823,1.3192559247e-05,0.00493099045271,-0.538148680316,4.1702237377e-06,0.00345075214124,1.01549554225,-0.00031378154525,-0.0235675742079,0.273298224331,-9.194215365e-08,-0.000223838911645,0.772384457732,-1.9626093552e-06,-0.00245049395275,-0.281049153264,4.3419842891e-06,0.00495895724894,0.549072670962,-7.40588611204e-07,-0.00157005168172,1.14223937514,-1.16041412176e-05,-0.00635888917544,-0.527325075307,7.34845022617e-07,0.00343559788726,0.721708288299,-9.01328798144e-05,-0.0275073039243,0.427204915342,-4.53045781333e-06,-0.00409958323425,-0.249903654887,0.0347531924326,0.147477573951,1.57790599824,-0.000277442760305,-0.0287357353694,-0.658736645638,3.56954879145e-06,0.00292130186341,0.317744338581,-0.0180921373165,0.0654719755936,0.554946404546,-0.000401399744894,-0.079916625386,0.350330962505,-4.84162613396e-06,-0.00439494849721,1.09421584542,-0.0894782561291,0.0891796723233
gradient,0,0.23,0.239999994636,predicted,Actual proposal support boundary; monitored coordinates are pre-native endpoint forecast,True,50,-0.129299166054,0.41408001722,-0.0416336058044,0.0788242280102,0.00567008939743,0.0818638209077,7.15667084136,6.2425457444,0.0541772865134,-0.336287899311,2.46579380741,0.182622647523,0.259560219754,0.261275664457,0.256160287385,0.210702171676,4.62764084937,0.185552330263,0.680972361152,9.6841439208,2.68798124176e-08,0.000193651350937,8.84503751742,3.29381409932e-06,0.00278999207376,8.87981253649,1.49197061348e-06,0.00219812879098,8.05668338459,4.492154726e-05,0.0150804553439,9.72205373662,7.14528984513e-08,0.00028503953704,9.11382080443,5.52581886743e-07,0.00111811953399,8.23457682577,4.04964352544e-06,0.00763734054868,9.18284434582,2.06417992527e-07,0.000764272952052,8.90266197281,2.54164288942e-06,0.00237268835466,8.62066509341,2.86235047153e-06,0.00361000095152,7.99741398872,3.0850319486e-05,0.0167895330159,8.61671092315,2.07018089533e-06,0.00345006159375,4.77550347228,0.144251334671,0.375427340318,8.25822497597,3.65468467464e-05,0.00996526023332,9.15137549376,8.66960533125e-07,0.0012781227177,5.38371819777,0.0520294024762,0.328326621047,7.31713561832,0.000269578307395,0.0654336158587,8.46370604,1.33364596645e-05,0.00619355544949,5.22037163921,0.052652475987,0.168463492922,-0.256592491398,-1.32233200851,-0.185770392418,0.0912077426911,1.25114437938,0.0997701609643,-8.89382388016,-4.58657482898,2.22496161896,-0.00709343148757,-2.0122586034,0.102611288892,0.2208023626,0.321065792848,0.115368548248,-0.251664059797,-0.750134841578,0.323608217127,0.165346694072,2.73358939497,-4.42131248175e-07,-0.00194075429559,1.1182189894,-1.18577958078e-05,-0.00717178399069,0.816587658911,-4.9504441382e-06,-0.00447997709171,0.30110939068,2.30340292521e-05,-0.0108368914872,-0.930732540284,3.65040762872e-07,0.000874914473689,1.70777685713,-5.46342635733e-06,-0.00607585650684,0.553553256959,-1.41236723899e-05,-0.0145868558137,0.16366895636,-1.9978463621e-07,-0.000298653284151,2.54969600383,-2.94883228185e-05,-0.0151252199458,-1.37404217531,1.75392962857e-05,0.0133759293415,0.30765834671,-2.62149654061e-05,-0.0118793845543,0.641274597072,-6.08371674033e-06,-0.00574030567686,0.139609341305,0.00839894805222,0.657250125506,3.74938857502,-0.000624822899103,-0.0666081212689,-1.7225699788,8.02729071826e-06,0.00659368842717,1.58238689491,-0.124657026586,-0.105974514518,0.4649672766,-0.000169640461737,-0.0718859239578,2.6488010882,-0.000176931668554,-0.0365027789942,1.58539095779,-0.103012191291,-0.130689877932
gradient,0,0.24,0.25,predicted,Actual proposal support boundary; monitored coordinates are pre-native endpoint forecast,True,50,-0.13443969669,0.418542230899,-0.0425345252419,0.0855849659061,0.0157962009048,0.0831479140225,7.02157935094,6.2214598044,0.0988069439685,-0.332068084511,2.42778006721,0.183444277973,0.263097588133,0.264405768462,0.257279134754,0.207397342633,4.62364852665,0.190046799018,0.681898538436,9.71715679638,2.20476087751e-08,0.000171557348346,8.84545902648,3.37745919026e-06,0.00280079350816,8.89629308292,1.3897684016e-06,0.00210649620277,8.01978254607,5.53839242104e-05,0.016124642951,9.70495579665,7.82904944814e-08,0.000301402125512,9.13033232238,5.08151726703e-07,0.00106720269296,8.23835248053,3.92681433469e-06,0.00752423420007,9.17031612174,2.17040763717e-07,0.000793927691647,8.93730634107,2.14845740989e-06,0.00216902798135,8.60698181973,3.01204241772e-06,0.00373784608394,7.99662146878,3.11458059657e-05,0.0168153838919,8.62824853954,1.96035733662e-06,0.00334067545541,4.78285205717,0.143619708104,0.385074341535,8.30903226411,2.83045565084e-05,0.00907512340945,9.12561642614,9.88270946754e-07,0.00137734269274,5.4137386982,0.0495804821345,0.327371378378,7.33622022209,0.000247708355356,0.0632859712911,8.49250776089,1.18044319641e-05,0.0058239995137,5.23294611928,0.052306923752,0.168986429573,-0.54135621414,2.14443301302,0.0319046378136,-0.609271883965,1.38473135233,-0.0933703355712,-6.81433479254,-5.40451929348,2.25644353134,1.07921561511,-2.48184630447,0.158115274766,0.191342659532,0.215448849382,-0.0471340288539,-0.0776232968109,0.373837453114,0.128357192868,0.608746376729,2.84419213525,-3.93551897579e-07,-0.00187171355635,1.49013407423,-1.39212617003e-05,-0.00873137499106,1.81497499931,-1.1678274892e-05,-0.0103387493871,1.97278621015,-0.000223097089144,-0.0605174342012,-1.61249942478,6.65754993189e-07,0.00156553359221,1.51521569141,-4.82004996012e-06,-0.00551333213151,0.359810735759,-1.04951866442e-05,-0.00976758362963,0.20458821286,9.08905960054e-08,0.000116649265216,1.89763555309,-2.44630004868e-05,-0.0122078854835,-1.22168404574,1.31650328739e-05,0.0114168822098,-0.529647547277,0.000100700228536,0.020297950503,0.837789330382,-9.02491072392e-06,-0.00831088151845,0.812758420326,-0.0974209828156,0.522788397302,3.67191155302,-0.000574246213161,-0.0638179998406,-2.39548937628,1.20302120194e-05,0.00948629471301,2.00478253977,-0.155131287112,-0.0514511358639,0.547554299325,-0.000519700608706,-0.0687724086038,3.44053308264,-0.000194808080712,-0.0452065223237,2.01462675112,-0.105465843952,-0.220061556076
gradient,0,0.25,0.259999990463,predicted,Actual proposal support boundary; monitored coordinates are pre-native endpoint forecast,True,50,-0.140126290337,0.456968677481,-0.0409955130482,0.0666387903309,0.033364716444,0.0799964141963,7.02038414551,6.13445535853,0.0993061571403,-0.314703587008,2.41615688133,0.185784953018,0.263387072945,0.265584641445,0.255217606808,0.20914970574,4.63511759843,0.188119474121,0.693147288686,9.74102776351,1.9008774466e-08,0.00015621707981,8.87484019891,3.01538886532e-06,0.00261536457393,8.91611203648,1.25840511564e-06,0.00199135380324,8.09613910879,4.04596054771e-05,0.0138701066599,9.68980374813,8.4767998315e-08,0.000316350208884,9.14412511825,4.5618088754e-07,0.00100785289136,8.24177304049,3.83973979256e-06,0.00744198887608,9.18693611008,2.08235804447e-07,0.000766605937356,8.94061468387,2.05238287968e-06,0.00212853064499,8.5962314125,3.12565112901e-06,0.00383833859572,7.98682103777,3.28643240567e-05,0.017195492026,8.63346670975,1.88968268085e-06,0.00328384396338,4.79175864068,0.142302915015,0.385883108264,8.33166320703,2.50619224832e-05,0.00868890023651,9.10346570623,1.10756477351e-06,0.00146784861196,5.42381384856,0.0489267767339,0.32729759833,7.32808670431,0.00025918429522,0.0640581676866,8.53251670165,9.44029805022e-06,0.00528942500302,5.26066417423,0.050543159108,0.1640622618,-0.613935082501,1.91103956478,-0.0147513747216,-0.710457861424,1.58302772045,-0.157872725793,-2.16785648136,-4.18821980413,-0.605518718966,0.871831899692,-1.8602032108,0.0639169908742,0.0941403791274,0.176133354987,-0.120655207322,0.00692868769671,0.0177072287848,0.0264333839888,0.521783485165,1.41133872123,-1.55097775777e-07,-0.000827622203424,2.10092177034,-2.4711417005e-05,-0.0129938881181,0.890494607706,-6.07069516999e-06,-0.0051134640773,2.7959554439,-0.000479658580228,-0.0862424432403,-1.44616447205,6.39131571735e-07,0.00145235381696,0.399353675201,-1.91198417092e-06,-0.00198135632814,0.076804520291,-1.97476239817e-06,-0.00154437588367,0.812563645497,-2.7456846756e-07,-0.00116362886344,0.24698841578,-7.00096039486e-06,-0.00291367256778,-0.757968807694,1.19572661277e-05,0.00762539034378,-0.402299385705,7.70765111172e-05,0.0156704424602,0.711819907707,-6.38069365414e-06,-0.00653335095401,0.34847530035,-0.0155192189934,0.325392411928,1.65745626788,-0.000247970487515,-0.0275627521451,-1.94742516324,1.06627608918e-05,0.00795374603468,0.671383970829,-0.0505319573771,-0.058076688938,-0.0271384034361,0.00030562458844,-0.0111677173164,3.05918467437,-0.000173408745944,-0.0394494224723,1.57254780108,-0.0981536528746,-0.249055558222
gradient,0,0.26,0.269999980927,predicted,Actual proposal support boundary; monitored coordinates are pre-native endpoint forecast,True,50,-0.14671839834,0.456763022194,-0.0428295527363,0.0713758086777,0.0474567553139,0.0799904595066,6.97822222131,6.13769540832,0.0866965695892,-0.314631446517,2.39057600299,0.184722617791,0.264980395716,0.267928435561,0.254866030608,0.207535916387,4.62400267123,0.190575466698,0.692334208139,9.7453835708,1.89456532596e-08,0.000155004904277,8.88747746188,2.88323085016e-06,0.00254091574579,8.91410297507,1.2683544982e-06,0.00200422692122,8.07570165495,4.57907526059e-05,0.0143997940862,9.67603250721,9.10731259161e-08,0.000330449201852,9.13831939589,4.69912043284e-07,0.0010275755664,8.23988857094,3.88731908673e-06,0.00749334668239,9.18656739465,2.11549394366e-07,0.000770655114378,8.94224610938,2.00843820199e-06,0.00211075452999,8.59182244357,3.25118774028e-06,0.00389035389082,7.98857548106,3.2687336188e-05,0.0171287927411,8.6424849377,1.83274346354e-06,0.00321000843633,4.78982156318,0.143309323724,0.391582189774,8.34218138947,2.33451467581e-05,0.00852386836655,9.08666792287,1.20152616459e-06,0.00153641761343,5.42716637761,0.0485698429869,0.3262098446,7.33567745403,0.000253820847124,0.0630626169447,8.55369145438,8.33625704522e-06,0.00503501106425,5.2643970753,0.0503438506945,0.164005318409,-0.498109397245,0.406039292591,-0.209119558334,0.767634779215,0.698558241129,-0.00705582964956,-2.23707691295,-0.604051524089,-0.910354316536,0.0620180012563,-0.384184471026,-0.0771389711694,0.149326517386,0.218523355193,-0.0995000602905,-0.113361702056,-0.391958542997,0.0769489970979,0.0136659636915,-0.125013247184,2.25281028111e-08,0.00010953303612,0.725339949217,-5.40950182942e-06,-0.00382638852757,-0.269700564612,1.45128599891e-06,0.00159851159221,0.335211960256,2.3105903388e-05,-0.0129121219035,-0.968519874519,4.67969967105e-07,0.0010384238305,-0.319586887658,-9.66252115982e-08,0.000525717679371,-0.213445420887,2.44093727865e-06,0.00425868247364,0.187537403327,3.88212984835e-08,-0.000116565342362,0.292439675958,-5.1000057918e-06,-0.00231113496048,-0.175297333552,9.455905134e-06,0.00325045640608,-0.136146521921,3.74220429526e-05,0.00492607808894,0.410979516506,-2.91393295124e-06,-0.00358699942249,-0.0267399655771,0.0726330183225,0.391181596445,1.09609635184,-0.000176344972065,-0.0168710768888,-1.13699993525,7.01551600491e-06,0.00501787582084,-0.147442188781,0.0105616521228,0.00163903796877,0.221688466354,2.36590827591e-05,-0.0367737039936,1.54132554422,-0.000102142621025,-0.0191137141852,0.217101934864,-0.0155114434396,-0.0684812062176
gradient,0,0.27,0.280000001192,predicted,Actual proposal support boundary; monitored coordinates are pre-native endpoint forecast,True,50,-0.150088478282,0.465089463332,-0.0451779042149,0.0819914859152,0.0473358812666,0.0798552976033,6.97564260725,6.12237432805,0.0810990708095,-0.313463226983,2.4084731919,0.184242173595,0.266373603292,0.269955108548,0.253227605602,0.206882471699,4.62727842757,0.189658454063,0.69342060796,9.73852749857,1.94593365222e-08,0.000158407740533,8.88934699789,2.90719882873e-06,0.00253883680338,8.91071802518,1.28743083562e-06,0.00202332403509,8.10284334799,4.09217235449e-05,0.0136118642218,9.67043335064,9.41273976572e-08,0.000337118685494,9.1377333805,4.54248383308e-07,0.00101836724494,8.23750413207,3.88855853813e-06,0.00752716252556,9.19068685815,2.09012230417e-07,0.000764274630509,8.94646347739,1.95038276385e-06,0.00208230794578,8.59272546583,3.31476923169e-06,0.00390334772384,7.98409810733,3.36127649157e-05,0.0172940135878,8.64168630008,1.83140402183e-06,0.00321210397493,4.79122384137,0.143755575381,0.393706740193,8.35358513406,2.15350230419e-05,0.00835147869873,9.08072570753,1.24787509361e-06,0.00156820612838,5.42086500479,0.0491380097764,0.327330379089,7.33252047364,0.000259657476876,0.0633226936067,8.56334321254,7.39744562971e-06,0.00490715071931,5.26500621293,0.0502329302392,0.162692637676,0.254467509234,-2.12646056443,0.110659837723,1.00312906504,-0.319372475147,-0.144275409429,3.40191988935,-0.959950571974,0.654308419154,1.01143321246,-0.15532286326,-0.0889799386158,0.0438588188178,0.106473962068,-0.17923748427,0.0293314340276,-0.475022617071,-0.0527155647618,-0.0746479682851,-2.00886705185,2.07281556378e-07,0.00111349796915,-1.22239975033,2.03275264243e-05,0.00840601786279,0.664167519007,-4.73410714001e-06,-0.00387193908528,4.54145177137,-0.000769565474727,-0.124443446207,-0.879644283421,4.61864717626e-07,0.000997034337022,-1.01391376179,1.21028087535e-06,0.0023823789872,-0.254700205274,3.61757793216e-06,0.00500672289752,0.288887370106,-1.29861266442e-07,-0.000535561079952,-0.454995516428,-8.23153907758e-07,0.00112326837999,0.431674960354,9.29998124501e-07,-0.00173030807445,-0.678377435774,0.000127591217519,0.0253624914025,-1.40375523223,1.41392953949e-05,0.0136109417423,0.344217872838,-0.0113176956788,0.0263384835603,0.0991420177215,-0.000134914910194,0.00117849419445,-0.973357487699,6.68616496472e-06,0.00462618338553,-1.3436473099,0.107125752892,0.1536147404,0.179846484209,-2.51918192758e-05,-0.0276023265034,0.663841939614,-8.12838978668e-05,-0.00933383339699,-0.479968993713,0.0306679963101,-0.0452661301508
gradient,0,0.28,0.289999991655,predicted,Actual proposal support boundary; monitored coordinates are pre-native endpoint forecast,True,50,-0.141629048155,0.414233810906,-0.0406163559818,0.0914383899784,0.0410693058109,0.077104951318,7.0462606191,6.11849639688,0.0997827379722,-0.294402782268,2.38746954573,0.182943019018,0.265857572092,0.270057914803,0.251281280922,0.208122545067,4.61450221889,0.189521155403,0.690841248774,9.70520622976,2.30912843871e-08,0.00017727486366,8.86302946688,3.28978137864e-06,0.00270903610305,8.92738632545,1.1736723554e-06,0.00192678813952,8.16653069038,3.03994431113e-05,0.0119109251621,9.65843962154,1.00310420269e-07,0.000350389888592,9.11804112065,4.94117660791e-07,0.00107522314614,8.23479456683,3.95967064537e-06,0.00759348114035,9.19234514206,2.08952169037e-07,0.000759943892779,8.93314619906,1.99197512384e-06,0.00213321989759,8.60045594278,3.26978770277e-06,0.00385574772933,7.97500793235,3.52391605384e-05,0.0176360425691,8.61440983305,2.11552937144e-06,0.00348222727117,4.79670592063,0.143082969811,0.392108959445,8.34416422982,2.06468485543e-05,0.00854743825044,9.06720077312,1.33524946388e-06,0.00162894128114,5.40029343141,0.0507123580448,0.329282139408,7.33927438371,0.000253317010739,0.0625105704147,8.56696829317,6.71057908788e-06,0.00484833439631,5.25479769543,0.0509572106207,0.163099995806,0.358937870856,-2.33306129784,0.313025593758,0.680211350322,-0.591039314866,-0.573680534746,0.584763492655,1.25307176379,1.37135066447,1.10967857074,-2.365998112,-0.0821925592845,0.0265794223673,0.0479760146484,-0.1376961161,0.0509921348294,-2.26622971844,0.0139366732681,-0.162688120089,-2.51791788283,3.1456436121e-07,0.00154712354909,-0.834144363892,6.69953083144e-06,0.00394834587836,3.78342344572,-2.18798449477e-05,-0.0203508127538,3.92765313455,-0.000677525808586,-0.106274510533,-0.928753782619,4.32480715867e-07,0.000927347317712,-2.63492637335,5.74105775048e-06,0.00817304417367,-0.508932365861,9.67708291731e-06,0.0118619785739,0.159192344698,1.723105813e-08,-0.000328748660897,-1.00041812356,-5.66156370176e-06,0.00214310670507,1.14808379267,-7.48474201244e-06,-0.00679523580755,0.270410805837,3.64860307212e-05,-0.012145321025,-1.90997278981,2.35003970614e-05,0.0202704147543,-0.962774777913,0.285096271233,-0.246463622693,-0.266383814024,-0.000200270385777,0.0085470757602,-0.787803404571,3.84131168753e-06,0.00284045286544,-1.287609269,0.0861627680002,0.0558231584498,0.14949541801,-7.85368004194e-06,-0.0179235138616,0.385020192485,-8.7033930515e-05,-0.00800045222564,-0.497018431516,0.0378851817058,0.0116064303724
gradient,0,0.29,0.299999982119,predicted,Actual proposal support boundary; monitored coordinates are pre-native endpoint forecast,True,50,-0.142909720865,0.418428237376,-0.0389173923397,0.0955957129216,0.0355150949693,0.0683816869084,6.9873378771,6.14743576333,0.108526084099,-0.291269655568,2.36115322966,0.182598322409,0.26690519174,0.270914628841,0.25047368328,0.207902314395,4.58195383321,0.189937187528,0.690166845558,9.68816914091,2.57506237464e-08,0.000189350211515,8.87266411061,3.04118944536e-06,0.00261780372095,8.9863864941,8.49833936663e-07,0.00161630778001,8.18139641069,2.73712073732e-05,0.0114863740111,9.65185827498,1.02777011975e-07,0.000355665631848,9.08503485303,5.69069538318e-07,0.00118182812842,8.22732548475,4.08210019648e-06,0.00776440209703,9.19387070504,2.09356851579e-07,0.000757699657291,8.92645511492,1.83715148981e-06,0.00212517007988,8.61568714168,3.16507439144e-06,0.00376744300769,7.98950632345,3.43424855301e-05,0.0170511071673,8.60348684429,2.30141196305e-06,0.00361751227002,4.77196834581,0.149457500806,0.388777467739,8.34825745778,1.75296153263e-05,0.00852242021393,9.06496963944,1.32470132736e-06,0.00162501518569,5.39511281941,0.0508612651364,0.328446842258,7.335510382,0.000259500403275,0.0629642233295,8.57104361638,5.65676701941e-06,0.0047471416748,5.2550658443,0.0509906338733,0.162924766284,-0.771726810206,3.75527579862,0.546796619892,-1.98460994661,-2.69692692161,-1.23080527698,-5.7835646641,0.311216139681,2.29652847383,-0.645332951332,-10.3132884317,0.00254230478607,-0.0555985912584,0.0817092715412,0.198602740838,-0.131574374391,-3.89274360674,0.185738157937,-0.202014698451,-4.46917796774,7.28918431753e-07,0.00340832324071,1.09834723448,-2.40663207128e-05,-0.00915604009924,9.37077699011,-3.733546874e-05,-0.0420369490327,0.67486099288,-0.000248325635885,-0.0250228475578,1.0479943839,-6.00927542686e-07,-0.00129975431731,-2.8796698932,7.34069758699e-06,0.00943352840646,-0.264882757902,-1.25664362814e-06,0.00382496222334,-1.44930322009,1.45057757406e-06,0.00340249641783,-1.76130819336,-5.14096013819e-06,0.00615923916157,1.72984029706,-2.75032284112e-05,-0.0150004410612,1.36304528481,7.4544187754e-06,-0.0513133735107,-1.22291823979,2.20505672347e-05,0.0133872979352,-1.60525144517,0.29862938201,-0.327067661552,0.211032659114,-0.000283460137099,0.00208360987198,3.67864561287,-2.27295327419e-05,-0.0166580592424,-0.630309879735,0.0218815833673,-0.284063866968,-1.24628278871,0.00171254439078,0.126022907364,0.482122528821,-0.000109174105946,-0.0150818839773,-2.10616540175,0.10312610003,0.22512698731
gradient,0,0.3,0.310000002384,predicted,Actual proposal support boundary; monitored coordinates are pre-native endpoint forecast,True,50,-0.157063584359,0.489339326878,-0.029680423584,0.0517461910462,-0.0128692326212,0.0524888457785,6.93058932582,6.12472071967,0.145713307449,-0.307309441295,2.18120377709,0.182993865114,0.264745600267,0.271692100234,0.255253335739,0.20549105758,4.53664734675,0.193235918561,0.686800954805,9.61582267041,3.76696530222e-08,0.000245441328474,8.88499641157,2.80845496439e-06,0.00252591530106,9.11480186525,4.26962980599e-07,0.00108604915886,8.18002791023,2.54329303936e-05,0.0114104682109,9.67939950922,8.82918694149e-08,0.000324394802246,9.06044772279,6.40931612531e-07,0.00126389371427,8.22949691167,3.93453777281e-06,0.00766998038481,9.16335907765,2.37963720518e-07,0.000827993821136,8.89792003519,1.88915592107e-06,0.00225640468082,8.63505274872,2.71972313454e-06,0.00355573890811,8.00226883804,3.53882489139e-05,0.0166097750989,8.58995146826,2.55654071614e-06,0.00374997322988,4.76460089173,0.149055557451,0.385567606214,8.348384883,1.49776458123e-05,0.00858911044788,9.14077368537,8.80658809047e-07,0.00129578009629,5.38768723382,0.0511499897121,0.323600862068,7.31434872794,0.000287567898555,0.0650310285619,8.57661074375,4.52709696896e-06,0.00454669671677,5.21267438739,0.0530197326213,0.167602535552,-0.602345585723,3.25167934896,0.929585754871,-2.39953435957,-3.82474409044,-1.13478012742,-8.16539165807,-0.197468946941,3.38044182493,-1.36688567241,-15.4383314709,0.0243910989186,-0.0691773456557,-0.0236245450324,0.429280452857,-0.119674246428,-3.03454889184,0.339920740524,-0.240891833401,-6.30544528153,1.2165276428e-06,0.00533304237974,1.54343420898,-2.36441628319e-05,-0.0103872177549,11.0288492357,-2.98528143148e-05,-0.0407961773476,-1.24242675374,-1.21116909635e-05,0.0242571332382,2.15204969866,-1.08118396069e-06,-0.00237488575784,-1.3734282297,3.15376007982e-06,0.00409320338205,0.371810961976,-1.38263453754e-05,-0.011311082988,-3.25209433623,3.59240032558e-06,0.00808693591195,-0.619029074481,-6.805021388e-06,0.00138646606492,1.84808780675,-3.77746157756e-05,-0.0195835834575,0.34598904371,0.000225192120504,-0.0118501872009,-1.13003787872,2.11003699204e-05,0.0104049712183,-0.501420310023,0.0245884983233,-0.183729097845,1.74405811518,-0.000259610321184,-0.0280405905204,5.91625869136,-3.17933643263e-05,-0.0247759973279,-0.408479603692,0.00567752662184,-0.236136851602,-1.75243852462,0.00250056173855,0.169428474813,-0.174549308406,-6.41174496486e-05,-0.00638961203281,-4.456171599,0.226342140187,0.432788039916
gradient,0,0.31,0.319999992847,predicted,Actual proposal support boundary; monitored coordinates are pre-native endpoint forecast,True,50,-0.154956632579,0.483461824355,-0.0203256772423,0.0476050257301,-0.0409797868395,0.04568608436,6.82403004394,6.14348638439,0.176134920598,-0.318607369017,2.05238660025,0.183086144388,0.265521644827,0.270442137941,0.259059292337,0.205508829467,4.52126285537,0.196735602339,0.68534900889,9.56206023528,5.00811766024e-08,0.000296011059109,8.90353279479,2.56830618872e-06,0.00241005936585,9.20696347881,2.52777650368e-07,0.000800384233058,8.15654787561,2.71289735539e-05,0.0119715166759,9.69489926896,8.11533327607e-08,0.000308167916692,9.05756628844,6.32144739915e-07,0.00126369219606,8.23476170399,3.80557328897e-06,0.00753818043727,9.12882881832,2.81204858091e-07,0.00091943837553,8.91407453343,1.70105106205e-06,0.00215289940118,8.65264889781,2.40958207592e-06,0.00337577133854,7.99642610433,3.88463279402e-05,0.0168141034233,8.58088608671,2.72341936146e-06,0.00382561169438,4.76193993961,0.149949270772,0.385102885782,8.38313862009,1.23374089026e-05,0.00796160840353,9.18329481327,6.88834040836e-07,0.00112949523913,5.38694322733,0.0509748156688,0.323724105226,7.3004616115,0.000309511638046,0.0663527928258,8.56755263022,4.37441802644e-06,0.00461934943415,5.16594241232,0.055517476677,0.171580527082,-0.140399185864,0.705170341881,0.395974636078,-0.571559280157,-2.55715633929,-0.436533460961,-1.40857987998,-6.13092701256,3.23883682562,-0.405296573535,-11.2285953575,-0.00977029629207,0.135606702284,-0.101389221442,0.334845943279,-0.0538395160355,-0.24323023079,0.116320562187,0.00162416825758,-3.91727463783,9.75404257753e-07,0.00380764142475,-0.694275299417,9.06296760678e-06,0.00450695110976,5.98485736195,-1.05280494105e-05,-0.0178619535175,1.3215382781,-0.000224751678389,-0.034758853112,2.09578054878,-8.46169478707e-07,-0.00197796499913,-0.849172129079,1.34915117878e-06,0.00228329373641,0.330914133634,-1.07890644757e-05,-0.00955776808883,-0.851787548621,6.1018867425e-07,0.00171841131325,0.106893526028,-2.6313817729e-06,-0.000858596868756,0.634450410675,-1.54039903005e-05,-0.00757889391272,-0.221915915825,0.000234074037492,0.00826065574729,-2.50169120495,4.50243793311e-05,0.0277242307949,0.245064376429,-0.0465601727989,-0.206723083617,0.644488431093,-7.30453849775e-05,-0.0112682460135,3.8867461242,-1.4935160076e-05,-0.0136325518163,-1.75354575396,0.107011573687,0.27523367641,-0.403646703675,0.000893496663934,0.021813146775,-1.89028777803,1.85446156235e-05,0.0215526633647,-1.15875124409,0.0551211979138,0.351252423521
gradient,0,0.32,0.329999983311,predicted,Actual proposal support boundary; monitored coordinates are pre-native endpoint forecast,True,50,-0.159871568076,0.503442733716,-0.0217609308624,0.0403150054431,-0.0640123594069,0.0437581765593,6.90241772822,6.00210217942,0.210490043961,-0.315415372765,1.95663186994,0.182798459188,0.267457734313,0.269664315805,0.261950254605,0.204414267259,4.53178274214,0.195562329805,0.68683343817,9.53747717765,5.71777381772e-08,0.000321594156969,8.87111090558,2.98971431652e-06,0.00261605432326,9.23449901249,2.16401992388e-07,0.000728810088513,8.20645867579,2.09378968259e-05,0.0107152911487,9.7213151202,7.13684798407e-08,0.000284835502263,9.04346428021,6.67914636107e-07,0.001309559589,8.23611519435,3.71875648329e-06,0.00747882502304,9.14632332668,2.50167494003e-07,0.000862362047401,8.90005790571,1.83652828561e-06,0.00223923274345,8.64774175693,2.41164332853e-06,0.00340416102985,7.99783051973,4.00697296638e-05,0.0167749882139,8.53991764416,3.45702830276e-06,0.00430445784577,4.76950217926,0.148124353995,0.381433144541,8.36127465163,1.35167381127e-05,0.00836374552761,9.21850860786,5.81955607527e-07,0.00102312905997,5.35261631874,0.0532902211859,0.329105535596,7.30627579386,0.000305437831833,0.0654672914974,8.53880498818,4.89798928143e-06,0.00497774998406,5.18949936251,0.0541221565795,0.174627584022,0.0490508107343,-0.308152895137,-0.408999562263,-1.31463867426,-1.57563465834,0.038778347362,7.42791496119,-15.2683707825,1.74068497883,0.548813220575,-5.7664300352,-0.00155742843581,0.297235371409,0.134176443702,0.183540722434,-0.236939203804,0.427598411827,-0.027066342099,0.107101965128,-2.0138604783,6.93866364678e-07,0.00239511575675,-3.73548335877,5.16865828417e-05,0.0244416961462,1.76447383758,-2.20205367277e-06,-0.00451954724669,4.98827392617,-0.000580600421622,-0.120481134119,2.79016386153,-9.80071560434e-07,-0.00240279007228,-2.03988977169,5.97526931022e-06,0.00726047887949,0.168699898178,-7.36087178654e-06,-0.00687743202393,0.913164740769,-9.56334046848e-07,-0.00196941292787,-1.2386444409,1.31619335221e-05,0.00782884785493,-0.303391774214,-9.62701888032e-09,0.00130952726692,1.2105935224,-9.67512944452e-05,-0.041463679065,-3.00771680464,6.81428322746e-05,0.039180005512,0.808335315543,-0.162790083596,0.0828446238554,-2.41285847184,0.000145557673329,0.045115369233,2.20101565881,-6.23680495568e-06,-0.00631881483668,-2.48930662083,0.15844619839,0.450140427443,0.330640042343,-8.96138705229e-05,-0.0570856700693,-3.26591699106,7.23709492966e-05,0.0425335551574,1.94000845262,-0.112560250915,-0.272538555453
gradient,0,0.33,0.340000003576,predicted,Actual proposal support boundary; monitored coordinates are pre-native endpoint forecast,True,50,-0.153975616365,0.477298766452,-0.0285056684876,0.0213122522449,-0.0724924800062,0.0464616513073,6.97258834317,5.83811896874,0.210948620174,-0.307631104605,1.93705799954,0.183054995819,0.271466352255,0.273125666815,0.262730106786,0.200770045391,4.52981482361,0.196194275497,0.687491048193,9.52178302571,6.39585038959e-08,0.000343913374245,8.82882312762,3.60203784555e-06,0.00289889328878,9.24225295556,2.08736576912e-07,0.000709993288124,8.25631335413,1.55169651215e-05,0.00956189399352,9.75070254619,6.1551901552e-08,0.000260112115246,9.01676849301,7.51650126119e-07,0.00140890177365,8.23813570196,3.65835585324e-06,0.00740063179679,9.14709211313,2.62078177154e-07,0.000880050116972,8.88930164461,1.96428973249e-06,0.00230947635828,8.64658106233,2.40938953555e-06,0.00340196188388,8.02063797477,3.69113020513e-05,0.015984829842,8.52073175062,4.08627600695e-06,0.00460921180462,4.77810664592,0.1466934691,0.38675977826,8.33488145065,1.52485623692e-05,0.00886391578819,9.22731512644,5.64097941722e-07,0.0010031189424,5.33715709492,0.0541437396366,0.332726913775,7.30707441235,0.000307719360635,0.0652110794244,8.5022342904,5.82183701237e-06,0.00547002053729,5.20474258137,0.0532662716587,0.166129755973,0.138125586401,-1.5243812683,-0.0472462177276,-1.08342209831,-1.98079379648,0.18836320251,10.6530796215,-13.6891542266,1.6152992005,0.256891147379,-7.05833867028,-0.0134527953432,0.165021281398,0.103869840856,0.11955014243,-0.216833585379,-0.314236805607,0.0661091966018,-0.289771030505,-3.84209634659,1.61592509238e-06,0.00473922484913,-3.50687047748,5.26739193332e-05,0.0238572484653,0.480060930206,-4.21350041824e-07,-0.00105349255393,4.13881200919,-0.000402624092325,-0.0932072967712,3.32001774361,-1.01689675763e-06,-0.00265432503626,-2.59781425747,9.47962656443e-06,0.0104400091014,0.581142479524,-1.08339886595e-05,-0.0147023908706,-0.265293035716,1.01217627176e-06,0.00148886834676,-1.91336656811,2.11330706617e-05,0.0124387525423,0.0155530219247,-2.81622493659e-06,-0.00156376297801,2.07779473485,-0.000299059279471,-0.0708525260685,-5.03398476226,0.000133760564531,0.074907636944,1.05302025744,-0.238228756235,0.033806457179,-2.96884189477,0.00020414333031,0.0580295022391,1.27710924466,-2.62170212175e-06,-0.00294391476463,-4.12988374399,0.279227588219,0.198210088001,0.47786481815,-0.00048643844657,-0.0622887861555,-2.87832456131,7.55953277418e-05,0.0395258396446,0.999035501025,-0.03476427077,-0.221706560226
gradient,0,0.34,0.34999999404,predicted,Actual proposal support boundary; monitored coordinates are pre-native endpoint forecast,True,50,-0.157109056348,0.47295510835,-0.022705855217,0.0186465634769,-0.103628235337,0.0475254406095,7.11547932065,5.72831909489,0.242796027971,-0.310277549818,1.81546509654,0.182529403281,0.270758159941,0.271741712622,0.264341257453,0.200077595551,4.52549800603,0.196884513737,0.68103801756,9.46063525072,8.94962400249e-08,0.000416378653952,8.80097349603,4.04319270319e-06,0.00309319929256,9.2441002311,2.07974991551e-07,0.000707740237435,8.28923491598,1.28854149794e-05,0.00885114521327,9.78771547507,5.10305446881e-08,0.000231749001538,8.99150799506,8.57507167395e-07,0.00151835977103,8.24773804394,3.5020767101e-06,0.00718477720562,9.14101746597,2.70411019438e-07,0.000892139414336,8.86179057435,2.25918969885e-06,0.00248800779429,8.64805281737,2.3553188298e-06,0.00337288577029,8.03938641442,3.40885440743e-05,0.0153579376925,8.43923794891,6.13223959338e-06,0.00580261058466,4.79056258441,0.14335977887,0.382109273685,8.30189781373,1.75996047189e-05,0.00952433557239,9.24405079275,5.29521565092e-07,0.000964250764674,5.27001864386,0.0588747729502,0.333069737356,7.31583309022,0.000295709062902,0.0642215157743,8.48123849696,6.40989583626e-06,0.00576826677695,5.20948007253,0.0534268711641,0.170193452818,0.199714099224,-0.979930885782,0.798600673675,-0.508285775781,-2.63575341552,0.0280749617542,14.4486512309,-10.9558968846,2.86673182053,0.310298922086,-11.7567734098,-0.0646130929427,-0.0220191100923,-0.0831360857682,0.167215982396,-0.0939059071781,-1.06259362125,0.264327004267,-0.744447780092,-8.29221279692,5.483917329e-06,0.0126578691085,-2.96238293108,4.99475607101e-05,0.021375147167,0.717530740948,-3.93495496852e-07,-0.00117782170193,3.60355548678,-0.000255044370843,-0.0748155484056,3.35655287682,-8.87283929849e-07,-0.00246181049081,-3.28836321315,1.56218059833e-05,0.0151967800943,1.20109326851,-1.56298984824e-05,-0.0248316389214,-0.158156771587,1.87478906122e-07,-1.36425422397e-05,-2.53042794444,2.88576716752e-05,0.0168000733669,0.283401833963,-4.9091410212e-06,-0.00397920167433,1.68088711759,-0.000243363150351,-0.0558914106159,-8.0202734538,0.000267180412803,0.128176632025,1.61197776611,-0.402546856671,-0.198345969446,-3.31216938705,0.000266259973099,0.0675645607179,1.42962302657,-2.91969676051e-06,-0.00331213987933,-6.72415040581,0.46114073,-0.0846118750231,0.353731831519,-0.000334894420384,-0.0521980317636,-2.40211514112,8.17989993864e-05,0.035448042394,-0.151206914493,0.0555537186391,0.204094505699
gradient,0,0.35,0.359999984503,predicted,Actual proposal support boundary; monitored coordinates are pre-native endpoint forecast,True,50,-0.14998133438,0.457700148736,-0.012533655014,0.0111465367293,-0.125207548317,0.0470231505424,7.26156136779,5.61900103105,0.268283256585,-0.301425126163,1.70192253135,0.18176273396,0.271025970053,0.271462945099,0.266074426434,0.198891927247,4.50856295118,0.201480815582,0.672602092591,9.35593876977,1.73636850476e-07,0.000597070756414,8.76957546899,4.60098905976e-06,0.00332639623212,9.25660357038,2.00866666975e-07,0.000686436854085,8.32838446387,1.04160777046e-05,0.00806558302541,9.81783360372,4.3806222955e-08,0.00021087590543,8.95100122874,1.06408624578e-06,0.00171283737553,8.26215756733,3.34575788359e-06,0.00690399901837,9.1439289777,2.65827755276e-07,0.000879777266128,8.83869308572,2.541443166e-06,0.00264547782562,8.65224909901,2.31120671512e-06,0.00332237785039,8.05425571713,3.20440390443e-05,0.0148670016296,8.36032628154,9.429884263e-06,0.00717274444512,4.81034620125,0.138642531967,0.382792858871,8.26863806291,2.05737618312e-05,0.0102152070025,9.25590758697,5.05704006512e-07,0.00093687614481,5.2026740868,0.0633665542366,0.331034676274,7.31414904898,0.000301021472228,0.0641671187891,8.45419198757,7.4578170001e-06,0.00617898138517,5.20171844308,0.0543773460315,0.170211646087,0.176085074836,-0.819458204659,1.00188982487,-0.366270434111,-1.66139643639,-0.0705894520911,12.3982593635,-9.34977880075,3.17221998899,0.135965418055,-7.75177935117,-0.0430468013191,0.00851743046447,-0.0172304836634,0.119937632531,-0.096434655314,-1.10002715307,0.389850807095,-0.665729657033,-7.19214339823,6.37380707896e-06,0.0129213044001,-3.08311789492,6.02063768601e-05,0.024000188109,1.38068498701,-1.0316851954e-06,-0.0026050153683,3.23842015944,-0.000190104073557,-0.0638903364904,3.8728735225,-8.52164294679e-07,-0.0025793003208,-2.97176413048,1.55914544978e-05,0.0144806968565,1.41284634995,-1.60194508316e-05,-0.0268937616052,-0.347465241,6.84397717053e-07,0.000841083653022,-1.88765361534,2.50830670424e-05,0.0132874885573,0.427351784026,-4.70148007596e-06,-0.00487014836734,0.577626594245,-9.39815866675e-05,-0.0189174110166,-6.44682271746,0.000290555181559,0.116422202644,1.58111875004,-0.384095716682,0.0617131532276,-2.86109839711,0.000271897036727,0.060559158823,2.72721768886,-6.37436416296e-06,-0.00718845510508,-4.72565320503,0.304150562746,-0.125527146946,-0.00452024108148,6.83277223904e-05,-0.00758142643993,-2.22399720328,9.38525333288e-05,0.0343694249117,-0.024758401428,0.037916401526,0.0451410004077
gradient,0,0.36,0.370000004768,predicted,Actual proposal support boundary; monitored coordinates are pre-native endpoint forecast,True,50,-0.153587354852,0.456565944256,-0.00266805871964,0.0113211547947,-0.136856164064,0.0461136515677,7.36344450792,5.54132351887,0.306240427751,-0.307558241457,1.66042950951,0.181668467255,0.27092850855,0.271397102949,0.266740010104,0.198148902445,4.50349746296,0.204681529879,0.667723424419,9.31679238276,2.16972381604e-07,0.000674804741954,8.73931113813,5.24732024039e-06,0.00357320305474,9.27171393084,1.87341287643e-07,0.000655639930069,8.35400331917,9.08333350822e-06,0.00757333848347,9.86517294552,3.39872587946e-08,0.000180162995122,8.93207271245,1.16933625735e-06,0.00180797370816,8.27599497093,3.18168769347e-06,0.00664690197352,9.13406816115,2.84098973779e-07,0.000908961087396,8.82403750204,2.7608510397e-06,0.00275375756544,8.65659985305,2.26128922828e-06,0.00327548280294,8.05093894631,3.2208912341e-05,0.0149795894722,8.31030149456,1.19433432246e-05,0.00813105463753,4.82218495941,0.135677864537,0.38334353675,8.24467584579,2.30375454535e-05,0.0107355187489,9.29859514653,4.02034281833e-07,0.000820481662573,5.17550557976,0.0649577842052,0.330559194418,7.3157426854,0.00029707561735,0.0640698872455,8.43675855289,8.28694650284e-06,0.00645565527519,5.2089849045,0.0541851991947,0.171096272826,-0.252608072309,-0.278030575207,0.562998533249,0.191823527217,-1.31051104516,0.016633664936,8.11413880091,-5.79885765819,1.98525491192,-1.43392117613,-1.50871430387,-0.0092911358276,-0.0141692994356,-0.0121666975368,0.032563753509,-0.0505745276784,-0.0527918955969,0.11957599571,-0.346522702949,-2.26181041343,2.26907121999e-06,0.0042075094277,-2.43928366169,5.33854975966e-05,0.0201310925183,0.304768404012,-2.02968405538e-07,-0.000564830940361,1.43692308482,-7.66101162871e-05,-0.0278962515678,4.32087587951,-8.1332755248e-07,-0.0026427047949,-1.64292372915,9.13736334171e-06,0.00823753377277,1.11096708269,-1.63504306143e-05,-0.0218936958204,-0.990234015997,1.63259895927e-06,0.00285118150277,-0.721680551786,1.28790232256e-05,0.00568443569554,0.468470691279,-5.17363010844e-06,-0.00466535200603,0.0195554079821,-1.68582105144e-05,-0.000408535609714,-3.18377244953,0.000155504521566,0.0614318569069,0.570129146268,-0.164278630471,-0.0309039634607,-1.54051251728,0.000171380567987,0.0331136572312,4.16913157373,-9.12638282069e-06,-0.0107206303814,-2.01237923194,0.130892858005,0.0329060192459,-0.40735492819,0.000423188170519,0.0486333944338,-1.76504611878,8.36035632877e-05,0.0280474917012,0.411875063521,-0.00692213981344,0.089994684588
gradient,0,0.37,0.379999995232,predicted,Actual proposal support boundary; monitored coordinates are pre-native endpoint forecast,True,50,-0.155033495826,0.452139537232,-0.00127368434906,0.0149830072737,-0.15141776922,0.0473558238411,7.4238441438,5.50302387788,0.307988354823,-0.330103549686,1.67174824527,0.181576911243,0.270742584064,0.271219611149,0.266725701504,0.197880436693,4.50750711327,0.203872335496,0.665671638532,9.31070256151,2.19018274876e-07,0.000681220944968,8.72078979576,5.66869901169e-06,0.00372901808248,9.26269893846,1.96807298865e-07,0.000675140235278,8.35712292557,8.88387537888e-06,0.00750765799406,9.90425112131,2.75396719054e-08,0.000158021809532,8.91814275416,1.24683351262e-06,0.00187758805099,8.28437690898,3.0187492713e-06,0.00646612510196,9.12412429738,2.98479734462e-07,0.000936800896183,8.82425947468,2.79902363051e-06,0.00275916653953,8.66161851283,2.20773411295e-06,0.00322907081027,8.05464682529,3.1706874834e-05,0.0148588309175,8.29665083255,1.25399746943e-05,0.00840138158326,4.82174878417,0.135356959357,0.382174779601,8.23782781256,2.40013731909e-05,0.0108774801472,9.33929021845,3.23176350098e-07,0.000722463537183,5.16242650216,0.0659844113967,0.331692796659,7.30600195042,0.000309485235638,0.0651397866778,8.4188910652,9.12988826585e-06,0.0067399312192,5.20995594435,0.0542389032352,0.172011539779,-0.168979990415,-0.299688042296,-0.0482679605483,0.0285134613513,-1.0361790657,0.147247326917,3.61029868346,-3.42741447787,0.300977932939,-1.51737229289,0.161983156339,0.00276606124013,-0.000814670879082,0.0122791508658,0.012415957448,-0.037033808805,0.223811829438,-0.0310014655266,-0.159215978927,-0.588609673189,4.55637820316e-07,0.000947506861921,-1.67067102489,4.07103190835e-05,0.0145125870715,-0.533163284505,5.25313796167e-07,0.00114767248478,0.391414435356,-2.47197646419e-05,-0.00793491106224,2.98278008858,-4.69831303536e-07,-0.00164730039103,-0.384718226208,9.49176062059e-08,0.00113754389685,0.581265772348,-1.22141560051e-05,-0.0128835743892,-0.427342764577,5.40769664279e-07,0.0011403184359,0.312577248912,-1.52744205192e-06,-0.00183067643461,-0.0103315160685,1.90511805291e-07,0.000193781992172,0.796101695909,-0.000109318730665,-0.0255349602265,-0.834207849693,3.90170799033e-05,0.0166808319837,-0.221160712354,0.00461741769332,-0.116229163924,-0.437329931244,4.95082202339e-05,0.00963458027319,2.83979188479,-5.25017302702e-06,-0.00665215997704,-1.16469468907,0.0872589496392,0.0471541184115,-0.613836315401,0.000735641307308,0.0712742671781,-1.21795368728,4.94055875023e-05,0.0193238775699,0.177085434779,-0.0057246110812,0.0395425965186
gradient,0,0.38,0.389999985695,predicted,Actual proposal support boundary; monitored coordinates are pre-native endpoint forecast,True,50,-0.15696695466,0.450572183411,-0.0036334179306,0.0118914240217,-0.157579745378,0.049058598106,7.43565048159,5.47277522932,0.31225998641,-0.337905687314,1.66366917264,0.18172378848,0.270912215133,0.271642685966,0.266988329253,0.197408226269,4.50797369955,0.204061500569,0.664539104841,9.30502018929,2.2608513801e-07,0.000693754879192,8.70589771763,6.06152662206e-06,0.00386345479617,9.26105066515,1.97847563566e-07,0.000678593379764,8.36183160787,8.58893821539e-06,0.00741464026222,9.92482854729,2.45906327238e-08,0.000147216987301,8.92437834792,1.17123460948e-06,0.0018307245861,8.28762028638,2.93740457337e-06,0.00638923048573,9.12552130586,2.94914367065e-07,0.000931767456114,8.83028904702,2.73030219866e-06,0.00271714403675,8.65639322273,2.26509946439e-06,0.00327935844279,8.06686098023,3.00225377277e-05,0.0144688902676,8.29361733757,1.27236848226e-05,0.0084646712772,4.81776174516,0.13577021289,0.381018953471,8.23592924716,2.40277098581e-05,0.0109282103543,9.35539098422,2.97030821292e-07,0.000687438463032,5.15221168598,0.0667029631979,0.331502276786,7.3034659591,0.000311788443496,0.0654953725891,8.41239947915,9.27505825288e-06,0.00684213282659,5.2125266132,0.054070706973,0.171887124756,-0.281433105281,2.08246551655,-0.171710133553,-0.192596167326,-0.588415846229,0.0308111279964,1.16653088128,-2.97548529814,0.452651400986,-0.509620750415,-0.178060312413,0.0171760649774,0.030504193139,0.0486061300459,0.0190183755624,-0.0506755104722,0.14988485818,-0.0106573904722,-0.0466876698185,-0.18725211284,2.04732203187e-07,0.000410500093267,-0.871764469598,2.15577599492e-05,0.00766906323644,0.239527464551,-3.67307733174e-07,-0.000627079735186,0.34217444185,-2.02895359506e-05,-0.00684704753088,1.97187350877,-2.68194232268e-07,-0.00100205701583,0.00602923403477,-1.857423336e-06,-0.000683189296014,0.1092646503,-3.22475733657e-06,-0.00297735984849,0.263295371031,-5.09642566427e-07,-0.000859897891716,0.296954459577,-2.80886139296e-06,-0.00193123163091,-0.101009594096,5.79873450072e-07,0.000746392538555,0.713616778881,-9.39053280633e-05,-0.02261951531,-0.347472556697,1.78029713805e-05,0.00681781883,-0.311192265204,0.0157215398196,-0.0693046064727,-0.0592800558834,3.11289678843e-07,0.00154381516363,1.90526020868,-2.99874151185e-06,-0.0041060919458,-0.548583861449,0.04448287388,0.0211258574023,-0.0547684442633,1.26266409425e-06,0.0104525624915,-0.737631132109,2.49989204153e-05,0.0119401857739,0.365486854139,-0.0237035904765,-0.00969258544896
gradient,0,0.39,0.399999976158,predicted,Actual proposal support boundary; monitored coordinates are pre-native endpoint forecast,True,50,-0.160662157932,0.493788847563,-0.00470788702011,0.0111310839272,-0.163186086144,0.047972046401,7.44717476143,5.44351417192,0.317041382843,-0.340295964694,1.66818703902,0.181920432543,0.271352667927,0.27219173375,0.267106069015,0.196866926484,4.51050481043,0.203659187687,0.664737885136,9.30695751925,2.23112918939e-07,0.000689430946833,8.70335450637,6.09985421067e-06,0.00388239934721,9.26748948775,1.89461144201e-07,0.000662598640574,8.3639664144,8.47808465986e-06,0.00737071704344,9.94368859149,2.21757872601e-08,0.000137980669215,8.91826333884,1.2096850459e-06,0.00186392426507,8.28656220199,2.95425412457e-06,0.00640657790499,9.1293902048,2.88286883133e-07,0.000919602938349,8.83019856388,2.74284640265e-06,0.00272054190691,8.65959832095,2.21933158196e-06,0.00324399866104,8.06891916086,2.98287682728e-05,0.0144064406113,8.28970138142,1.28960341219e-05,0.00853773795986,4.81552493887,0.135671390154,0.380788687472,8.23664221145,2.40075989845e-05,0.0109083564504,9.37739542262,2.63201519861e-07,0.000640341698267,5.15145482493,0.0668740688743,0.332115313807,7.30490658153,0.00030951048892,0.0653488379276,8.40413844256,9.62986667416e-06,0.00697873493467,5.21726568143,0.0537648314257,0.17181768807,0.350708153577,-4.48516034375,-0.225068092346,-0.195265054703,-0.644345074892,-0.0948056689006,1.44608326628,-2.40151416703,0.0838448484212,-0.0654480924435,-0.44766011761,0.00846197827513,0.0247807043767,0.0307049562328,0.0143282533398,-0.0350295529371,0.308562455355,-0.0728223533243,-0.0219690769965,0.0526217603821,-8.29670812578e-08,-0.000114134267654,-0.124263234226,1.72172332466e-06,0.000847091844564,0.238120508656,-3.42674774421e-07,-0.000620036473676,-0.2267133139,7.31502189733e-06,0.00385383644961,1.88841679158,-2.30899335834e-07,-0.000900735644222,-0.139254952203,-5.83729490541e-07,0.000242516589631,-0.365660037629,6.3640597307e-06,0.00698099879494,0.291445557738,-4.85234238865e-07,-0.000896850155886,-0.629295217032,8.7593866809e-06,0.00463996105605,0.225782834648,-5.23217749599e-06,-0.00290071237506,0.421805571283,-5.07145295948e-05,-0.0129123809878,-0.198868887597,9.49298590624e-06,0.00370252903564,-0.206936194316,-0.00875014377788,-0.0375292582966,-0.235218223945,1.25099770706e-05,0.00582622182999,1.82079086735,-2.63143715719e-06,-0.00373830429629,-0.0503509387117,0.0164095628375,0.08325110015,0.292931284457,-0.00038213698629,-0.0332281149051,-0.365473984776,2.80471853722e-06,0.0058272517684,0.1533048873,-0.00442642067667,0.00897320002672
gradient,0,0.4,0.409999996424,predicted,Actual proposal support boundary; monitored coordinates are pre-native endpoint forecast,True,50,-0.149952791588,0.360868976536,-0.00813477977753,0.00798612292767,-0.170466646876,0.047162484728,7.46457214691,5.42474494598,0.313936883378,-0.339214649163,1.65471597029,0.181893028045,0.27140782922,0.272256785091,0.26727489432,0.19670763521,4.51414494866,0.202605053502,0.664099723301,9.3060726245,2.24425796385e-07,0.000691472193839,8.70341245295,6.09596108855e-06,0.00388039663307,9.26581307532,1.90994068078e-07,0.000666192650291,8.3572973416,8.73523865333e-06,0.00749171699121,9.96259688312,1.99726460072e-08,0.000129202274417,8.92159324888,1.15956001967e-06,0.00183557491789,8.28030708563,3.06468576798e-06,0.00652885046163,9.13135021701,2.85209682287e-07,0.000913830452997,8.81770314268,2.90548993228e-06,0.00280994325787,8.66090887942,2.16045591447e-06,0.00322134419529,8.07529709165,2.90082471358e-05,0.0142106426479,8.28963995982,1.29135445407e-05,0.00853872185791,4.81362302128,0.135595210015,0.380268368305,8.23122488268,2.42779093996e-05,0.0110447347909,9.39180680157,2.44402078148e-07,0.000612672377106,5.1512046672,0.0670311544547,0.333167298789,7.30932458478,0.00030414570377,0.064830810291,8.40508999945,9.33115262363e-06,0.00695867786195,5.21559271095,0.0539821785595,0.172066588757,0.576517509239,-4.3760837393,0.0984958410264,0.358045041561,-0.155698940158,-0.114381678237,0.737185033737,-1.56588310047,-0.180021565213,0.272950500507,-0.876872147574,0.00717406214883,0.0161743853363,0.0222148920678,0.0152261028884,-0.021541137766,-0.0309101490855,-0.00256225998214,0.0274120076341,-0.263936518539,2.865954716e-07,0.000555657488617,0.625308183698,-1.49691694812e-05,-0.00541284792783,0.161862317257,-1.97218728895e-07,-0.000392927689727,0.185566589292,-8.69116808914e-06,-0.00345742955392,1.25016644846,-1.43905397095e-07,-0.000577115359184,0.156319337515,-1.11494202416e-06,-0.000869110642738,-0.133854531991,3.47768406535e-06,0.00298916479026,0.248066018635,-3.91148778629e-07,-0.000772029776565,-0.482976222189,4.89205253211e-06,0.00322396411581,0.346152345271,-5.60187007012e-06,-0.00353000048906,-0.309382566782,4.01801020137e-05,0.0100249200987,-0.557184053179,3.14326562894e-05,0.0112408912023,0.202764356053,-0.0560936542366,0.0385994294732,0.269050326445,-4.57732092488e-05,-0.00526463692432,0.927119652332,-1.28082255072e-06,-0.00187790353671,-0.331154427516,0.0339000307799,0.0679525163767,0.138751347127,-0.000129951188399,-0.0189274503562,0.528766513311,-3.11137840685e-05,-0.00877128443446,0.168414290324,-0.00789194960018,0.0154552138849
gradient,0,0.41,0.419999986887,predicted,Actual proposal support boundary; monitored coordinates are pre-native endpoint forecast,True,50,-0.149131807747,0.406267172777,-0.00273797019959,0.0182919847584,-0.166300064948,0.0456844128363,7.4619184621,5.41219650991,0.313440951539,-0.334836954684,1.65064959607,0.182063913786,0.271676155634,0.272636031591,0.267410591073,0.196436103729,4.50988660745,0.203607942487,0.665286125288,9.30167878888,2.28844828371e-07,0.000700544096605,8.71586067004,5.80047082105e-06,0.00377414238866,9.2707267341,1.85516769623e-07,0.00065474008678,8.36767774619,8.30426129808e-06,0.00730156845236,9.96869192046,1.92976793181e-08,0.000126438362032,8.92138972559,1.18738620542e-06,0.00184654205221,8.28388511135,3.02380780588e-06,0.0064663612008,9.13435152517,2.80463907561e-07,0.000904162342817,8.82053903943,2.84068745329e-06,0.00278502118923,8.66652136786,2.10729418055e-06,0.00317339865126,8.06273150953,3.0632370313e-05,0.0146069390132,8.27855770036,1.35246872477e-05,0.00876255578391,4.81958022599,0.134549517069,0.381560676061,8.24202321797,2.30921347995e-05,0.010803063712,9.39593781567,2.37585068847e-07,0.000602783627533,5.14483173638,0.0675520694899,0.333474364135,7.30768160847,0.000306911465152,0.0649702889205,8.41471377282,9.00759099279e-06,0.00680330924599,5.22063396724,0.0536069924337,0.172126792347,-0.233472278205,3.20576175528,0.229103565216,0.21074706316,-0.261884987354,-0.105526302434,-0.365838693729,-1.0775422746,-0.019651155128,0.459569840906,-0.339473716805,0.017736434029,0.0238952365594,0.0296426942932,0.00924033354392,-0.021050074846,-0.139304585174,0.0350675508604,0.0428778887031,-0.0951750594738,7.92692906551e-08,0.000185095646071,0.381338468063,-8.45017085663e-06,-0.00317820489179,0.573196935982,-5.79682816886e-07,-0.0012488513156,0.00445547732909,-1.15096942999e-06,-0.000162304699204,0.74728301786,-7.92778150336e-08,-0.000327697898682,-0.196615282837,2.01239140263e-06,0.00134061754559,-0.0296639766887,9.39343637492e-07,0.000742564843875,0.133032371678,-2.36916741802e-07,-0.000461965096971,0.101841542157,-2.23392338018e-06,-0.000866730624682,0.425230495025,-4.85010424431e-06,-0.00393067183829,-0.44824850435,6.4381785096e-05,0.0142823086935,-0.220844732104,8.01426821132e-06,0.00397160470252,0.431411674931,-0.0806845698693,0.0440120530857,0.539053516013,-5.91110081743e-05,-0.0120762637496,0.49101256499,-6.86676002051e-07,-0.00101784000857,-0.142047938834,0.0148929124976,0.0264485217683,-0.128116085517,0.000148340398058,0.0139395704614,0.115616228269,-3.30297946568e-06,-0.00186562969632,-0.0112697867715,-0.000755145334396,0.00902992884476
gradient,0,0.42,0.42999997735,predicted,Actual proposal support boundary; monitored coordinates are pre-native endpoint forecast,True,50,-0.154622237153,0.424984211641,-0.00355270847321,0.0122010641909,-0.175704346623,0.0450519586793,7.45725537304,5.40319410048,0.313543860276,-0.330023252345,1.64792649595,0.182247756726,0.271885733951,0.272849638976,0.26745970099,0.196286633713,4.51135885696,0.203306404519,0.664957281075,9.30416912331,2.26011182198e-07,0.00069517410676,8.71103922231,5.92695767142e-06,0.00381683253523,9.27727701404,1.7940041174e-07,0.000641215623979,8.35738645114,8.71221926473e-06,0.00748847089723,9.97754254348,1.83870897065e-08,0.000122648316443,8.91766094322,1.19980784772e-06,0.0018623872688,8.2797138061,3.08347264073e-06,0.00654370175851,9.13401086444,2.80471347451e-07,0.000904591151057,8.81973997352,2.86081146467e-06,0.00279260864537,8.66941348933,2.06345382958e-06,0.00314273075852,8.06633212156,3.02958828377e-05,0.0144962888218,8.28522306517,1.3073829905e-05,0.00861815395196,4.82225125477,0.133981518618,0.381148609367,8.24200595301,2.30956892361e-05,0.0108032095159,9.40162705287,2.30668558107e-07,0.000592315576935,5.14836370843,0.0673290127046,0.333696269224,7.30676226307,0.000307112511731,0.0651096017002,8.40740232402,9.26509303431e-06,0.00692136526803,5.21536731521,0.0539670756528,0.172247187334,-0.504215272464,1.14230248377,-0.0375626087189,-0.401310116053,-0.866815730929,-0.0557901524316,-0.117721639578,-0.865660051129,0.0413456521121,0.606325836405,-0.195200147025,0.0131594087575,0.0156012222597,0.0180070194925,0.00374465582687,-0.0130600806438,0.0317071334113,-0.0170402502763,-0.055353441754,0.0334868256855,-1.6772092558e-08,-5.54818549659e-05,-0.386530470436,1.04534445238e-05,0.00346601120993,0.458225734583,-4.23539138983e-07,-0.000935952689968,-0.947330373832,3.79442061106e-05,0.0174169469047,1.11247823459,-1.11812001074e-07,-0.000471971050268,-0.302548645829,1.01200794282e-06,0.00129650561744,-0.37259564481,5.49253868752e-06,0.00698723779788,-0.0577220959324,4.14114556284e-08,0.000111618584922,-0.0594279868826,1.39914291647e-06,0.000557176578585,0.304344736541,-4.5073720686e-06,-0.00311816011026,0.132818664078,-5.94269382165e-06,-0.00388419446131,0.482429081061,-3.24020279527e-05,-0.010532495937,0.42125053544,-0.0735346319351,-0.0119267881453,0.084771071645,-1.12368968572e-05,-0.00181847151345,0.524260942368,-6.47458104569e-07,-0.000979115289849,0.234142273549,-0.0128313008212,0.0350003983904,-0.0251971344216,-5.52676613771e-05,0.00610917181139,-0.615322186645,2.11520415899e-05,0.0100083107884,-0.619468297248,0.0392464023941,0.0105792982845
gradient,0,0.43,0.439999997616,predicted,Actual proposal support boundary; monitored coordinates are pre-native endpoint forecast,True,50,-0.159216113197,0.429113222453,-0.00348922237396,0.0102657824373,-0.183636379566,0.0445686097876,7.45956402931,5.39488330889,0.314267864581,-0.322710437956,1.64674559313,0.182327101961,0.271988180079,0.272996171981,0.26748548419,0.196174902116,4.51052075012,0.203267137482,0.664179056453,9.30234852539,2.2850938652e-07,0.000699434459506,8.70813006063,6.00953971152e-06,0.00384346261285,9.27989124879,1.77045986843e-07,0.000636021032981,8.34873113871,9.06314542029e-06,0.00764990739045,9.99094148515,1.70614392967e-08,0.000116998941026,8.91533875267,1.20762636427e-06,0.00187247216456,8.27643319845,3.13365857963e-06,0.00660610595675,9.13319708325,2.81292136673e-07,0.000906394714516,8.81935047969,2.86867031162e-06,0.0027961647208,8.67260826259,2.01714673918e-06,0.00311103544905,8.06538788281,3.05135164366e-05,0.014529255124,8.28820628198,1.28766466887e-05,0.00855190586517,4.8280052367,0.13307882443,0.381322140298,8.24371863941,2.28673968624e-05,0.0107666942817,9.40642303452,2.24635906756e-07,0.000583201321736,5.14951458185,0.0672954434735,0.334174372103,7.30717766579,0.000305806111924,0.0650924723567,8.40240732909,9.43063182458e-06,0.00700347546175,5.20824460129,0.0543919204816,0.172338378313,-0.107251564813,0.892501882664,0.275045990944,0.283635169268,-0.532442301512,-0.0639739781019,0.720159557774,-1.02310196173,0.174299925548,0.481283143086,-0.434167559518,0.00752187512466,0.00585378722297,0.00322081702265,0.00313078237184,-0.00402684791276,-0.132530840399,0.0116805982759,-0.00734287412263,-0.47303734329,5.57081589342e-07,0.00103295325309,0.20702181103,-3.85203072842e-06,-0.00163812535708,0.417674522976,-4.27951225268e-07,-0.000913009410583,-0.232375339772,8.58237909717e-06,0.00417287827625,1.15585190997,-1.10998765122e-07,-0.000477933074441,0.015785360004,-9.25062262626e-07,-0.000393819898198,0.0286919104771,-2.97020089218e-07,-0.000601947480461,-0.142755487296,1.01814741264e-07,0.000280492958614,-0.185600375468,2.28196308925e-06,0.00134786152978,0.52523284558,-7.08781824443e-06,-0.00492240792409,-0.628752724575,9.59376669753e-05,0.0202880852319,-0.430321729387,2.13571348692e-05,0.00829306536042,0.650711632592,-0.110981057437,0.0297272152381,0.426556532578,-5.24430639078e-05,-0.00912645244053,0.590148382688,-7.4944394091e-07,-0.00114357213159,-0.167043964498,0.0209416116103,0.0627782624606,-0.141065456223,0.000146339571012,0.0164183684507,0.0638117242852,-7.83873310665e-06,-0.00118660102229,-0.383624007671,0.023304851822,0.0188350960886
gradient,0,0.44,0.449999988079,predicted,Actual proposal support boundary; monitored coordinates are pre-native endpoint forecast,True,50,-0.156767268449,0.442834249295,0.00194821134567,0.0178737675762,-0.186353192654,0.0437724791173,7.4716585642,5.38273206125,0.317029858787,-0.320397589483,1.63924314476,0.182398194228,0.272002809696,0.272914055317,0.267522316638,0.196206096755,4.50870824015,0.203540016485,0.664810423592,9.29470837645,2.37152813985e-07,0.000715833171822,8.71517965853,5.84991705685e-06,0.00378407002809,9.2856305045,1.70841387235e-07,0.000622955435767,8.35273894435,8.88386684668e-06,0.00757192846275,10.0006595817,1.6167114404e-08,0.000113089654955,8.91797665042,1.18130660247e-06,0.00185451087084,8.2802876443,3.07753223895e-06,0.0065316628089,9.1311557547,2.82507642277e-07,0.000910201010229,8.81602796601,2.90645072646e-06,0.00281956587597,8.67991814624,1.92169746469e-06,0.00304428260004,8.05375706707,3.22146361772e-05,0.0149020505264,8.27661663059,1.35009726024e-05,0.00878401525917,4.83526548743,0.131761897469,0.381743153672,8.25053708366,2.20468279579e-05,0.0106206804671,9.41343002052,2.15679679289e-07,0.000569444134303,5.14502282914,0.0677478449369,0.334951834473,7.30394095395,0.000310039303151,0.0654379690692,8.4086785585,9.10831837218e-06,0.00689763324758,5.20769483506,0.0544331726893,0.172623889256,0.178058256337,0.600171932392,0.446786999702,0.677558213472,-0.342007935047,-0.0714943162565,1.36255802692,-1.22451795936,0.403365164706,0.317881246661,-0.111350088748,0.00477508111748,0.00499687638656,-0.000680112033423,-0.00111794028006,-0.00147956892818,-0.141329125482,0.0340552677095,0.00993001248393,-0.697536834844,8.08187497893e-07,0.00152498995737,0.327181565262,-7.32137603884e-06,-0.00273090660176,0.496855926168,-5.64278644548e-07,-0.0011585299542,0.257368732689,-1.14782396383e-05,-0.00505824439356,1.18405962412,-1.0487493249e-07,-0.000465202154795,0.0273104951674,-5.99053668363e-07,-0.000318315898332,0.314848108567,-4.58850644446e-06,-0.006018638018,-0.13628588886,4.13603703441e-08,0.0002071923355,-0.137939175584,2.75647481793e-06,0.00119044295039,0.610516308402,-6.82284319235e-06,-0.0053414542272,-1.07134381308,0.000157038801629,0.0346183716176,-0.876895106159,4.35405975764e-05,0.0172611224315,0.664780411587,-0.120885007501,0.0438025827324,0.524588946168,-5.14085053859e-05,-0.0117123506185,0.843545618893,-1.03441642884e-06,-0.0016124388742,-0.384430823406,0.0399561197651,0.0724731630782,-0.245195975603,0.000276845433806,0.0289338736017,0.113792939356,-3.89979101553e-06,-0.00185810496218,-0.202181884015,0.0107149315775,0.0162184906554
gradient,0,0.45,0.459999978542,predicted,Actual proposal support boundary; monitored coordinates are pre-native endpoint forecast,True,50,-0.15565494807,0.441116661101,0.00544651762008,0.0238169467068,-0.190476538267,0.0431387234625,7.48681518985,5.3703929497,0.322335167875,-0.316352813023,1.64451859135,0.182422603583,0.272088117607,0.27298256974,0.267463125384,0.196145310737,4.50769416761,0.203948242836,0.664377656703,9.2883977887,2.44673136478e-07,0.000729934258654,8.71467369194,5.86311219075e-06,0.00378884448082,9.28982836731,1.65760413952e-07,0.000612850433896,8.35387851337,8.83358062753e-06,0.00754874250258,10.0146226776,1.49639406469e-08,0.00010769489793,8.91588496258,1.19564529091e-06,0.0018661058466,8.28273016062,3.04188845074e-06,0.00648573319639,9.13047136548,2.8211934408e-07,0.000910538561226,8.81659169618,2.92379980798e-06,0.00281997357981,8.68481858876,1.88068987533e-06,0.00300420636451,8.04396100655,3.36542924692e-05,0.0152216225564,8.27066837985,1.37474586402e-05,0.0088971283138,4.84130084493,0.13066112428,0.382198191953,8.25421041833,2.18392267547e-05,0.0105324472693,9.42329394689,2.03947578179e-07,0.000550952544252,5.14182596538,0.0680945658688,0.335623835364,7.30227374627,0.000311343020601,0.0656711498288,8.40468318788,9.35263600427e-06,0.00696631336251,5.20420096361,0.0546062191131,0.172662748126,-0.305494691946,-0.148877996954,0.0632294416427,0.251748651266,-0.632425576448,-0.051839772237,1.43255874142,-1.20169383763,0.327699088292,0.0997933426598,0.645668871902,0.00441348906736,0.00827475490615,0.00936684469021,-0.00400226894355,-0.0173639823352,0.0851660138726,-0.0314243409999,-0.0463198401294,-0.282715990891,3.52548090464e-07,0.000635510943181,-0.290073648669,6.9713447901e-06,0.00249463421319,0.156038815741,-2.48495600447e-07,-0.00044128987183,-0.263614492037,9.33484406022e-06,0.00465823415676,1.59492083015,-1.31173075953e-07,-0.000599218253563,-0.45598893947,3.28230781597e-06,0.00263057500845,-0.0601605662876,7.24822129067e-07,0.000993945538526,-0.0712913629426,-1.51546871583e-08,7.6238175071e-05,0.0761357467552,5.01193374894e-08,-0.000328845539127,0.2686736845,-1.93456256541e-06,-0.00219056255964,-0.41057661449,6.53760098228e-05,0.0134497065248,-0.171119748931,7.13071047804e-07,0.00264618517346,0.301521222117,-0.0653660930841,0.00241949380558,0.0510164356407,2.4077778507e-06,-0.00142621095765,1.3849826949,-1.55073787863e-06,-0.00249941464677,-0.0211513451762,0.0144369172034,0.0836954147053,-0.0323053357988,-1.89559502977e-05,0.00639722140409,-0.597696549188,2.85082678189e-05,0.010110822741,-0.330615715189,0.0218407298664,0.0127366692955
gradient,0,0.46,0.469999998808,predicted,Actual proposal support boundary; monitored coordinates are pre-native endpoint forecast,True,50,-0.162877162288,0.439856689355,0.00321280017852,0.0229087406015,-0.199001704183,0.0427356836725,7.50030973902,5.3586981845,0.323583840553,-0.31840172263,1.6521565222,0.18248646401,0.272168304794,0.273101392211,0.267442271259,0.195858817108,4.51041156043,0.202911529665,0.66388402679,9.28905405663,2.44203775795e-07,0.000728543390686,8.70937818556,5.98934395265e-06,0.00383396271235,9.28875128081,1.65871475226e-07,0.00061412963833,8.34746665451,9.07056372788e-06,0.00766509314589,10.0325579983,1.3543652885e-08,0.000101105289883,8.90885687163,1.24695275878e-06,0.00190712237101,8.27908443298,3.09202868153e-06,0.00655154171967,9.12972992744,2.82204548533e-07,0.000911725773731,8.81755068095,2.90745311321e-06,0.00281298896519,8.68529161993,1.88300621338e-06,0.00300047134885,8.04554553478,3.35221563737e-05,0.0151710446569,8.27319423561,1.35152340233e-05,0.00883693896264,4.84129591187,0.130454575607,0.381791543548,8.25155741237,2.20949835149e-05,0.010592156248,9.44112967442,1.84664921717e-07,0.000519455841367,5.14459980223,0.0680365832809,0.336625742767,7.30329484723,0.000309660184145,0.0655659134973,8.39672462752,9.67848372856e-06,0.0070998497024,5.20108252075,0.0548699872866,0.172878622641,-0.391692758837,0.401709719305,-0.062283873558,0.0457688868046,-0.477210640907,-0.0127958472957,0.460160071291,-0.445037335371,0.286283787689,-0.290328815236,0.533186453527,0.00175232036996,0.00231340164765,0.00854974505127,9.57699933561e-05,-0.0137055076428,0.133110240223,-0.048993557245,-0.025417549628,0.0381456082083,6.20997673115e-08,-4.07969143125e-05,-0.122728459973,2.47896208906e-06,0.000966960565895,0.0335671958191,-1.14823305492e-07,-0.000166743685651,-0.510175124184,1.89681862244e-05,0.0094729704159,1.0691856659,-8.40434421701e-08,-0.000391334236458,-0.280225795773,2.28964397503e-06,0.0017348053926,-0.0828252700255,5.18242746203e-07,0.00119618185477,-0.18967894355,1.77417920061e-07,0.000453896042316,0.236351239901,-3.71986044482e-06,-0.00176855740195,-0.061600997667,1.7226201077e-06,0.000804962727104,-0.0671340308034,1.7695205958e-05,0.00226096410493,0.0430539449883,-8.22406157822e-06,-0.00129297799179,-0.0411294062136,-0.00895282247837,-0.0279860545045,-0.0229277161853,2.54454604848e-06,0.00056632080048,1.10817421264,-1.184263387e-06,-0.00194552845466,0.264133123089,-0.0142259132628,0.053140101207,0.0115730860981,-7.29811771172e-05,0.00144150416757,-0.39754378534,1.49657585271e-05,0.00673499778782,-0.208558272612,0.0186971040202,0.0109395506217
gradient,0,0.47,0.479999989271,predicted,Actual proposal support boundary; monitored coordinates are pre-native endpoint forecast,True,50,-0.163488803247,0.449150855487,0.00420084014892,0.0247323244429,-0.200020751085,0.0428828065166,7.49601839128,5.36149220299,0.328060843629,-0.322159389327,1.65518232042,0.182457649991,0.27213438564,0.273153564641,0.267465040784,0.195871200584,4.51035637241,0.202968371691,0.66386930571,9.28916070086,2.45915131824e-07,0.000729118320367,8.71221912274,5.91269143253e-06,0.00380818369214,9.29049971123,1.63463947843e-07,0.000609515560183,8.34367501088,9.21294435201e-06,0.0077382019109,10.036006391,1.32830718035e-08,9.98682132011e-05,8.91028044666,1.24143817041e-06,0.00190080195445,8.28107365522,3.05225330566e-06,0.00650965683349,9.12667778661,2.85667702481e-07,0.000919616482072,8.82131872098,2.84940259908e-06,0.00278460243177,8.6835865688,1.91514227749e-06,0.00302030561905,8.04261832593,3.40081965884e-05,0.0152668418385,8.27152945875,1.35829774086e-05,0.00887126875396,4.8404782568,0.130482067831,0.381638470863,8.25375186401,2.18901176756e-05,0.0105437736853,9.44545743115,1.80262310439e-07,0.000512041975159,5.14710862785,0.0678100476035,0.336686637388,7.302505208,0.000309883397058,0.0656999799121,8.39673231217,9.65195117482e-06,0.00710101331827,5.20002979816,0.0549801611935,0.172881539138,-0.313517407628,3.34683765431,-0.0355588197708,0.355746179819,0.0350588560104,0.0323038035326,-0.217634530712,0.529556013045,0.218987609975,-0.485167870754,0.310310750199,-0.00863803787671,-0.00755794058425,-0.00147666024235,-0.00105067849305,0.00261913379198,0.173644090227,-0.0378784064595,0.0175107047896,-0.111643133564,2.45056941945e-07,0.00029114538581,0.368029879301,-9.55006985504e-06,-0.00327174367914,-0.316011041408,2.22942391577e-07,0.000569447583732,-0.158632246475,5.65155199236e-06,0.00308274910208,0.206960097219,-1.5706344038e-08,-7.46241085309e-05,0.303061096623,-1.33455425564e-06,-0.00142189300232,0.0830443367718,-1.99729128478e-06,-0.00190320448393,-0.279903530249,3.7181583105e-07,0.000794021593566,0.364582835432,-5.57057181829e-06,-0.00272861655158,-0.209199760214,3.111144912e-06,0.00218428883425,-0.136915430854,1.66746493695e-05,0.00439600884695,-0.262492327599,1.54144198807e-05,0.00566081076034,-0.188390887105,0.0259208115894,-0.0137685013184,0.259791123496,-2.4887935562e-05,-0.00570037993251,0.360314200294,-3.52748489091e-07,-0.000598477424842,0.0816142516058,-0.00486932993678,0.0263812315295,0.0975919021055,-0.000167352873486,-0.00808935932719,0.210060951958,-1.04538859467e-05,-0.00344152900645,-0.0437845005417,0.00738036554488,0.005307160576
gradient,0,0.48,0.489999979734,predicted,Actual proposal support boundary; monitored coordinates are pre-native endpoint forecast,True,50,-0.16914751044,0.506793442442,0.00250162378311,0.0300236641979,-0.198300527062,0.0433817597432,7.49595704841,5.36928930476,0.327963592752,-0.328105080045,1.6583627372,0.182313703252,0.272017145982,0.273071859006,0.267421257689,0.195911199784,4.51388444223,0.202153961536,0.664234240885,9.28682119396,2.49104914633e-07,0.000734366298402,8.71673878314,5.79834255555e-06,0.00376852783877,9.28243105999,1.70330323058e-07,0.000625518590005,8.34429400958,9.18359476773e-06,0.00772674812793,10.0366972002,1.32295260042e-08,9.96128077127e-05,8.91491809357,1.22026167367e-06,0.00187868451096,8.28074531971,3.05208285584e-06,0.00651347762999,9.12413185683,2.89640865155e-07,0.000927606205602,8.82484233765,2.79604167684e-06,0.00275841663416,8.68110762472,1.94522911162e-06,0.00304415712553,8.04280722617,3.38556493611e-05,0.0152589648338,8.26794438906,1.38235224209e-05,0.00895015517785,4.83752809413,0.130972991839,0.381516173521,8.25675323484,2.15972248037e-05,0.0104781486493,9.44833595843,1.77609951935e-07,0.00050748629287,5.14623208727,0.0679391966822,0.337153367398,7.30524668528,0.000306313126676,0.0654041263108,8.40092584656,9.46940600963e-06,0.00703101912227,5.20020683074,0.0550175945975,0.172984765853,-0.145809885937,3.11455709155,-0.272411108017,0.637386769056,-0.313499003649,0.0181925188644,0.0667705342443,-0.172519882035,-0.262169833512,-0.413714488758,-0.515684285279,0.000917756626185,0.000136143283186,0.00105021550463,0.00058306065022,-0.00217311112361,0.576665955341,-0.118773464302,0.0308954691765,-0.581024209882,6.49677807487e-07,0.00126032043811,0.459025216635,-1.09255123919e-05,-0.00394024330774,-0.821814849855,7.4212169318e-07,0.00167117731543,-0.159005491647,7.03998885431e-06,0.00293552641009,0.977880323743,-6.86322193807e-08,-0.000334006745182,0.638882080413,-3.78319632911e-06,-0.00340259762825,-0.290685732554,4.13986916476e-06,0.00524379306241,-0.189712247571,2.79279045859e-07,0.000560086258676,0.291191707274,-3.61411138923e-06,-0.00200392347804,-0.0600320768517,3.7288018157e-08,0.000509202139945,0.201843949924,-3.587665797e-05,-0.00666705274057,-0.289489183278,1.71508759677e-05,0.00594863364636,-0.182363415382,0.0265721017401,-0.0218805066888,0.467896898157,-4.36365747338e-05,-0.010282255836,0.897102951454,-7.95530726601e-07,-0.00138756101451,-0.254424573687,0.0374382547951,0.129215958439,0.334249276947,-0.000416195907939,-0.0374440959755,0.406989420815,-1.89359607622e-05,-0.00687633556178,-0.569376751321,0.0351354910468,0.0251430703748
gradient,0,0.49,0.5,predicted,Actual proposal support boundary; monitored coordinates are pre-native endpoint forecast,True,50,-0.166405000965,0.511441997318,-0.00124738201142,0.037480059824,-0.206290731158,0.0432466568939,7.49735380196,5.35804180535,0.322817446958,-0.330433679103,1.64486863472,0.182476005123,0.272137108505,0.273174568951,0.267476701997,0.195827738362,4.52188969152,0.200592902405,0.664487215094,9.27754021666,2.58908687974e-07,0.000754324729129,8.72139962707,5.69418118469e-06,0.00372937882598,9.27406341423,1.78306381706e-07,0.000642939106492,8.34049490105,9.3537441291e-06,0.0077969124391,10.0555639974,1.19104274158e-08,9.31880782975e-05,8.92305808827,1.16577424382e-06,0.00183275000188,8.27525994057,3.13505068896e-06,0.00661453269474,9.12288354165,2.91253283398e-07,0.000930818207246,8.82714255513,2.7771203713e-06,0.00274452396221,8.68238592727,1.91588803785e-06,0.00303048966185,8.04665520493,3.3290663429e-05,0.0151335007836,8.26573967509,1.3925994928e-05,0.00899024142689,4.8368309885,0.131013509866,0.381200860729,8.26310980197,2.1017386181e-05,0.0103381285686,9.46339949017,1.64351695907e-07,0.000484290754868,5.14202013637,0.0685588126994,0.339270956557,7.30919019354,0.000301559478899,0.0649510979926,8.40487210059,9.27323195957e-06,0.00696348660703,5.18864226313,0.0556828710145,0.173384400546,0.274250947497,0.464855487594,-0.374900579452,0.745639562607,-0.799020409584,-0.013510284931,0.139675355139,-1.12474994038,-0.514614579357,-0.232859905725,-1.34941024854,0.0162301871137,0.0119962523028,0.0102709945406,0.00554443078413,-0.00834614221993,0.800524928914,-0.156105913082,0.0252974208382,-0.928097729454,9.80377334067e-07,0.00199584307275,0.466084392965,-1.04161370862e-05,-0.00391490127868,-0.83676457537,7.97605864875e-07,0.00174205164869,-0.379910852731,1.70149361373e-05,0.00701643111718,1.88667971978,-1.31909858838e-07,-0.000642472941517,0.813999470532,-5.44874298481e-06,-0.00459345090771,-0.548537914344,8.29678331225e-06,0.0101055064744,-0.124831517964,1.61241824399e-07,0.000321200164344,0.230021747202,-1.89213055421e-06,-0.0013892671947,0.127830254334,-2.93410737731e-06,-0.00136674636798,0.38479787638,-5.64985932117e-05,-0.0125464050184,-0.220471396895,1.0247250705e-05,0.00400862490377,-0.0697105629908,0.00405180266268,-0.0315312792144,0.635656713016,-5.79838622728e-05,-0.0140020080703,1.50635317467,-1.32582560281e-06,-0.00231955380021,-0.421195089356,0.0619616017256,0.211758915907,0.394350825951,-0.000475364777635,-0.0453028318187,0.394625402728,-1.96174050055e-05,-0.00675325152428,-1.15645676076,0.0665276416994,0.0399634693018
gradient,1,0,0.00999999977648,predicted,Actual proposal support boundary; monitored coordinates are pre-native endpoint forecast,True,50,-0.281567169304,0.738243011004,-0.119918269959,-0.0687551069641,0.448000415835,0.0337394622102,4.86437914289,7.24206221573,0.114008700834,-0.484720341226,1.32645049249,0.18134831637,0.261866250688,0.295691611661,0.284187891142,0.195298332286,4.5850130349,0.206547346008,0.74764927255,9.98392147466,5.83298522615e-09,6.71603500742e-05,9.35117803728,2.16719599657e-07,0.000652923585514,9.75252849023,1.26217841415e-08,0.000111138632521,8.25724567497,1.81499708034e-05,0.00963772799144,9.18755514042,4.96491315306e-07,0.0010219502749,9.41989564045,1.20325540605e-07,0.000447114184816,8.16717118333,5.80347318812e-06,0.00941593141105,9.38753120662,9.67730272475e-08,0.000413286502656,9.16101554458,4.95093909059e-07,0.00103126797282,8.56055912979,2.18928665163e-06,0.00384991049725,8.37003788152,7.97672364872e-06,0.00704201377166,8.69569647345,2.22405656706e-06,0.00311119745078,4.51865213536,0.202193579736,0.416310791918,8.66399963387,6.37117390942e-06,0.00415740938125,9.07450648462,4.90049679874e-07,0.00112123472215,5.36069778658,0.0495751547614,0.268574583503,7.36932813976,0.000286503493926,0.0562438917469,8.8364162447,1.93751305768e-06,0.00236182506353,5.49227802631,0.0313303278734,0.16866362834,3.90083512922,-6.36773151228,2.91794085503,0.711820840835,-12.8665859699,-0.0238317089009,20.8005524923,-56.4149322644,0.90866692713,9.89426055731,8.19526920335,0.608538665061,0.893498055873,0.560551160509,-0.793277675062,0.312919121371,-5.04915293839,1.17487287935,-0.883607343922,-7.13378745127,4.72429966841e-08,0.00123613234213,-4.91815608468,7.06157259252e-06,0.00995491073393,-7.93094576626,8.20057457007e-07,0.00455338669477,4.53308333439,-0.000400691582532,-0.089608886342,28.854931643,-4.05660078894e-05,-0.0631363046349,-1.57982360453,-1.60937771816e-06,-0.00165379868397,1.67429794558,-4.02800823575e-05,-0.0502771280975,0.682393343017,-2.06901174603e-06,-0.00349964741302,7.62742846654,-2.09619421508e-05,-0.0253092393203,4.90408771839,-4.33502309346e-05,-0.0466992636238,-1.34787313188,-2.85571723028e-05,0.017809580326,-3.26314572408,2.29206553023e-05,0.0273410463084,3.52339797558,-0.977446129396,-1.2655613927,9.71753063316,-0.00029650334767,-0.098485378031,5.90183396875,-1.63308554313e-05,-0.0185590061739,-2.14863222463,0.194261994435,0.644996124987,-1.55589671214,0.000574145321474,0.181579263881,-1.57197544629,7.6522467719e-06,0.00640177120135,-0.321898295815,0.234287774459,0.0935928221323
gradient,1,0.01,0.019999999553,predicted,Actual proposal support boundary; monitored coordinates are pre-native endpoint forecast,True,50,-0.242558818012,0.674565695881,-0.0907388614082,-0.0616368985558,0.319334556136,0.0335011451212,5.07238466781,6.67791289308,0.123095370106,-0.385777735653,1.40840318452,0.18743370302,0.270801231247,0.301297123266,0.276255114391,0.198427523499,4.53452150551,0.218296074801,0.738813199111,9.91258360014,6.30541519299e-09,7.95216734955e-05,9.30199647643,2.87335325582e-07,0.000752472692853,9.67321903257,2.08223587115e-08,0.000156672499469,8.30257650831,1.41430549781e-05,0.00874163912802,9.47610445685,9.08312364115e-08,0.000390587228554,9.40409740441,1.04231763424e-07,0.000430576197976,8.18391416278,5.40067236455e-06,0.00891316013008,9.39435514005,7.60829097871e-08,0.000378290028525,9.23728982924,2.8547448755e-07,0.00077817557962,8.60960000698,1.75578434228e-06,0.00338291786101,8.3565591502,7.6911519257e-06,0.00722010957492,8.66306501621,2.45326312008e-06,0.00338460791386,4.55388611511,0.192419118442,0.403655177991,8.7611749402,3.40614043272e-06,0.00317255560094,9.13352482431,3.26741125561e-07,0.000935644660415,5.33921146433,0.0515177747057,0.275024544753,7.35376917264,0.000292244947141,0.0580596843857,8.82069649024,2.0140355254e-06,0.00242584277554,5.48905904335,0.033673205618,0.169599556561,3.48834216238,-5.51035513343,1.4631960392,2.59922993183,-8.95054385066,0.368911916953,23.4069974635,-32.9190393748,-0.918256666711,5.05815104215,15.2646299411,0.290236979921,0.430350435333,0.0198324679187,-0.600530433506,0.265489403813,-2.21598909952,0.325093323191,-0.858369453823,-6.95934236443,1.98872754325e-07,0.00193508818414,-3.8860459843,5.80095440599e-06,0.00805516699823,-12.2623966804,2.01287926459e-06,0.00881966766207,1.75004887208,-0.00022745858905,-0.0309322299499,21.1279997433,-2.26586963077e-05,-0.0387028146313,-1.13213111884,-1.07384297664e-06,-0.00109358384194,1.11181467841,-2.69178900723e-05,-0.0331203454955,-1.66158502557,-3.49349210113e-07,0.000887481939669,5.72608970978,-1.38129756748e-05,-0.0177206094204,2.93854418584,-2.07943324315e-05,-0.0245275791586,-3.48457734114,8.35424194536e-05,0.0590389721293,-1.154045377,-2.45789225146e-06,0.00617942595788,1.9636772265,-0.546554616222,-1.03097299201,5.88454577452,-0.00017874829445,-0.0593443146027,4.50869257387,-9.73264248223e-06,-0.0122427892751,-0.76802999687,0.0985504148222,0.793929507101,-0.741134265524,-0.000295927180755,0.113892586072,-0.355675615648,-6.3059651546e-06,-0.00145668835378,-2.98712821425,0.327509107065,0.0225965609911
gradient,1,0.02,0.0299999993294,predicted,Actual proposal support boundary; monitored coordinates are pre-native endpoint forecast,True,50,-0.211800326057,0.628035908335,-0.0906543491745,-0.0167705083275,0.268989538822,0.0411177005493,5.33251909216,6.58368142823,0.0956435675002,-0.383557320383,1.63174309131,0.187153055968,0.270473259395,0.296088261019,0.272177282472,0.200608120362,4.54069325291,0.213049212472,0.730481883474,9.84473462737,9.81044031265e-09,0.000105862113757,9.27345711759,3.32738687777e-07,0.000814026925478,9.50728055662,5.28793694332e-08,0.000287531985762,8.29224665241,1.36007990224e-05,0.00901908339244,9.61011513529,4.33173891508e-08,0.000247893982276,9.39725301807,9.88486810725e-08,0.000425242507977,8.18940747689,5.26511538668e-06,0.00875352450114,9.3542995061,8.97860430452e-08,0.000431036141449,9.27553733877,2.18834395564e-07,0.000676855784414,8.61933001351,1.773400003e-06,0.00335935891408,8.30034633469,9.6475720378e-06,0.00822279321424,8.67261556591,2.17489872203e-06,0.00323478596993,4.55792567989,0.191262487411,0.395691332078,8.78169054936,2.79620802042e-06,0.00297052308919,9.1646803361,2.9539683023e-07,0.000876378936652,5.34533718664,0.0515461630578,0.284453173645,7.35450545445,0.000280584950311,0.0585217434684,8.82930273239,1.81139375459e-06,0.00233269129645,5.43253546202,0.0378805100147,0.16911555956,2.4895621962,-3.2077924943,-0.805116534233,3.70849829912,-2.63104906678,0.807561533923,26.3550712044,-4.26652883872,-3.78615062923,-2.48665708768,27.4828468257,-0.0533405187232,-0.204425759706,-0.55828773977,-0.405789648728,0.219146808422,2.25832768177,-0.823580090791,-0.565003240439,-3.16094152593,1.98705351118e-07,0.00139169709263,-4.10564335478,9.09412885458e-06,0.010975808591,-16.5754825145,5.53346041673e-06,0.0175999691537,-1.2082635588,-3.70498908916e-05,0.0313169848251,10.2529932134,-3.03084054716e-06,-0.00973559341703,-1.52788417491,4.0120519541e-07,0.00129200224744,0.624060178704,-1.56420248081e-05,-0.0168017891469,-2.93435617909,1.05221614249e-06,0.00419928315981,2.08704812994,-4.82948158509e-06,-0.00627841430075,0.265179677929,7.59162487097e-06,0.00396666730576,-4.53205687216,0.000155875600915,0.0816339384131,1.959797047,-3.15892845511e-05,-0.022443060686,-0.885523984343,0.257993045876,-0.753428962412,0.578179350487,-4.58717667538e-05,-0.00884062596791,3.68879322549,-3.88978877572e-06,-0.00773132118588,2.43790729448,-0.126540034661,0.799694541177,-0.15926284544,-0.000648334265345,0.0636104870018,-0.551719417737,-7.86893609915e-06,0.000301071286825,-2.56689784311,0.259918193121,-0.20294479045
gradient,1,0.03,0.0399999991059,predicted,Actual proposal support boundary; monitored coordinates are pre-native endpoint forecast,True,50,-0.192767574088,0.610409845995,-0.106841192093,0.0125330674267,0.2667135748,0.0496523757997,5.5994860919,6.59258231631,0.0473723575212,-0.435510877407,1.95806012104,0.186366892646,0.266712716053,0.290131368471,0.268139321417,0.202810459668,4.57968805915,0.201824472986,0.727513134302,9.84936476962,1.02795222154e-08,0.000107355615348,9.21988360933,4.69217902674e-07,0.000971988864674,9.34170938227,1.31491567046e-07,0.000508671882542,8.27841123714,1.34020571603e-05,0.00936797882452,9.68116432112,3.02144254683e-08,0.000195875360213,9.37353972091,1.12255867332e-07,0.000456416242925,8.19639536636,5.08783186838e-06,0.00857712434714,9.33566801646,9.71272326369e-08,0.000462275691722,9.27903079184,1.88884855849e-07,0.000652607293605,8.61490360054,1.9076168397e-06,0.00346225120713,8.26591801276,1.0808663944e-05,0.00885278834318,8.70226095715,1.82147742906e-06,0.00293574670014,4.53617563543,0.197578979359,0.388586598743,8.77273852721,2.48870509765e-06,0.00299574308158,9.20730068882,2.48945350047e-07,0.000781018236698,5.38796961022,0.0489869740125,0.291018435576,7.35058391573,0.000279278261834,0.0593318941258,8.80966210188,1.85665680342e-06,0.00243186420128,5.43772108649,0.0388715694804,0.165540660752,1.49090655805,-2.65442725842,-0.776577949524,2.53116631508,-1.61571463943,0.594855410496,24.4306943441,-2.24179275043,-5.60175694068,-3.8517458356,30.743358553,0.00162815249118,-0.219724126542,-0.463548481283,-0.409462106211,0.120965834439,2.47079202786,-0.761522571786,-0.455794422162,0.216073010531,5.27245972013e-08,0.000190208486311,-6.05703116029,1.95279823414e-05,0.0200574413596,-13.6852297153,9.20721961487e-06,0.0220018706948,-2.16368422078,6.84296137502e-05,0.0522436174052,8.35923392035,-1.19731130411e-06,-0.00517646084459,-4.48165109053,3.35093960214e-06,0.00737381116969,0.470543021115,-1.09445821722e-05,-0.0116240734304,-1.09561014125,3.63445247553e-07,0.00190353973708,-1.00778555573,-9.7879151806e-07,0.00146619449699,1.96030059213,-9.33766101835e-06,-0.0139844588763,-3.34307908388,0.000121243672929,0.065851292614,1.85421535013,-1.99995728704e-05,-0.0187166058746,-1.63730058091,0.432286058989,-0.740352859097,-0.652451030784,-3.30697401364e-05,0.00141406069048,4.98894569968,-4.9636984071e-06,-0.0107049087175,2.91023130699,-0.170903013183,0.42803912043,-0.934799483458,0.000261630402609,0.145764812375,-4.15815614769,4.01535672926e-05,0.0291712410557,0.444932206775,0.0777806039333,-0.32386237164
gradient,1,0.04,0.0499999970198,predicted,Actual proposal support boundary; monitored coordinates are pre-native endpoint forecast,True,50,-0.181982194896,0.574947363167,-0.106185908165,0.0338528179741,0.236675246034,0.0530148087592,5.82113297904,6.53884557322,-0.0163915713135,-0.460592237095,2.24661026237,0.187185619018,0.266078776864,0.286817291394,0.263988040348,0.203027437051,4.59010909346,0.197818761036,0.721365995031,9.84905608758,1.08649322567e-08,0.000109666283483,9.15231649439,7.23298334605e-07,0.00121517575267,9.23357596231,2.37023761731e-07,0.000727569399658,8.248972968,1.49693912974e-05,0.0100639557405,9.7772998137,1.93711630686e-08,0.000144364765384,9.30761999626,1.65867473115e-07,0.000572718731371,8.19881833732,5.04622374323e-06,0.00852104303253,9.33238730328,9.70549479962e-08,0.000469106936191,9.25538162766,1.99258565202e-07,0.000706179674354,8.65853602535,1.58664678263e-06,0.00307966973655,8.23348475302,1.20724454964e-05,0.00953981906652,8.70969987291,1.77490726462e-06,0.00286045385244,4.52517966827,0.199908208591,0.380884274896,8.76864152874,2.1348132177e-06,0.002998804303,9.26445925009,1.96122862088e-07,0.000662280762302,5.40354181278,0.0481281027942,0.293013956053,7.33580946478,0.000285817558364,0.0614370397159,8.74613960944,2.61446510044e-06,0.00291611611757,5.44143410616,0.0394361220934,0.162638312127,0.980530069109,-2.01774943358,0.102534770966,1.55126726627,-3.016507864,0.309193285139,21.8887279554,-1.67889777311,-4.34078965373,-2.02093336534,25.1370318308,0.0534462483554,-0.0756630436073,-0.476808778396,-0.455837027093,0.121880596556,1.99147254037,-0.552000543551,-0.445607348119,-0.962962450583,1.15408114452e-07,0.000600633426159,-8.12602241063,3.64608460322e-05,0.0314064357639,-8.46894591688,9.87254769082e-06,0.0187947801198,-3.06620485474,0.000271100422319,0.0703918204343,7.30064658259,-7.46394738661e-07,-0.00363826034481,-6.95967642438,6.90978724451e-06,0.0138146614869,0.0750260309848,-5.27869147614e-06,-0.00254468462554,-0.579676818166,1.8041823694e-07,0.00105193699109,-2.86142943324,2.17802814683e-06,0.00701254411331,3.79007118832,-2.58662963135e-05,-0.0321610078577,-2.93071154949,0.000113847404198,0.0644813717989,0.0553657452666,-3.71164790318e-07,-0.00142752186136,-0.665274803151,0.148786205472,-0.856652132812,-2.14831456151,-1.17106046157e-05,0.0155907305618,4.39086174457,-3.81520340902e-06,-0.00868331233795,0.669257132385,-0.026970961499,0.0904825691319,-1.38745025231,0.000693350269122,0.197216156698,-6.57670625925,0.000107272173371,0.0551632741429,-0.0743708348385,0.0620449824681,-0.19183130879
gradient,1,0.05,0.0599999986589,predicted,Actual proposal support boundary; monitored coordinates are pre-native endpoint forecast,True,50,-0.173156972706,0.570054857323,-0.104790496674,0.0435584127522,0.206383417521,0.0558362415024,6.03726065101,6.55900436085,-0.0394434355535,-0.475929544714,2.46080075765,0.187435817613,0.265199455181,0.280595192903,0.259022580875,0.205248071599,4.61951750995,0.190784462115,0.71860098734,9.83010552061,1.25876845044e-08,0.000119368283871,9.05736316112,1.19843482332e-06,0.00160011757995,9.17233046394,3.28942520862e-07,0.000884567484937,8.21708714004,1.88240656067e-05,0.0107758152332,9.82717725277,1.5286530695e-08,0.000123110153317,9.23434619242,2.50451612222e-07,0.000732709472663,8.19789588698,4.98225803886e-06,0.00852623065463,9.3240744801,1.00735597376e-07,0.000483314431543,9.22180220317,2.32445418785e-07,0.000792858175871,8.6907050243,1.39029091343e-06,0.00281903104998,8.20730378177,1.3085612028e-05,0.0101424157792,8.70336827206,1.81405413325e-06,0.00290719626291,4.52287013936,0.200554703469,0.371453556087,8.72977223598,2.25449300533e-06,0.00330755769282,9.29511792371,1.72641281866e-07,0.000607351989939,5.40135475287,0.0484475547825,0.292828086959,7.32283491069,0.000293145267217,0.0632762172597,8.6781279767,4.00210027084e-06,0.00353512968414,5.43623366979,0.0401124691298,0.161704034576,1.07658943828,-2.08123439324,0.00833809375766,-0.0530925020575,-1.7715523839,0.172547649449,13.6408662733,3.30870752888,-2.94969290446,-2.34620415925,17.9279695084,0.0574309060998,0.0417456650868,-0.472019637391,-0.371072146741,0.0733422667631,1.97455716451,-0.404235276573,-0.254173780369,-1.56664352743,1.61069722525e-07,0.000897546141789,-8.01273780998,4.95406219223e-05,0.0358753758702,-4.17691185389,6.54423384524e-06,0.0110026214354,-3.11897594469,0.000445858788209,0.0687179184169,3.7995500069,-2.85824224472e-07,-0.00152758711723,-7.33845559505,1.16591174631e-05,0.0187763434896,-0.0831444559797,-2.64217102967e-06,0.00178196371822,-0.861736570924,4.97025505864e-07,0.00161566379292,-2.46964701891,2.25306273064e-06,0.00629388759759,2.97511269268,-1.59429233106e-05,-0.0238873892838,-1.48076956294,5.39394768087e-05,0.0342280222851,0.978230405553,-6.18590753558e-06,-0.00747127177656,-0.925375247924,0.25150867456,-0.739273406487,-2.65985858701,5.96712314547e-06,0.0215213249525,3.04622544954,-2.47851439938e-06,-0.00565182834465,1.62559301163,-0.111347621793,-0.204063283806,-0.95319624984,0.000360626250832,0.1461322039,-6.60003093001,0.000160182845635,0.0649878716125,-0.871968682905,0.0716886740554,-0.117626283009
gradient,1,0.06,0.070000000298,predicted,Actual proposal support boundary; monitored coordinates are pre-native endpoint forecast,True,50,-0.16045040613,0.533322675302,-0.10601914629,0.0327909679329,0.201244198356,0.0564657617482,6.0939503045,6.6050197238,-0.0753854294026,-0.50751632028,2.60516965254,0.18833423714,0.266913690166,0.277376898646,0.256566597413,0.204494282386,4.62960023675,0.189734055504,0.716282519423,9.81772321703,1.40863267072e-08,0.000127617206319,8.99206173819,1.71411077305e-06,0.00193268327007,9.15003772524,3.67908438636e-07,0.000947621828367,8.1865934491,2.38865670616e-05,0.0114383141089,9.85329081383,1.36546785792e-08,0.00011381302304,9.16085088436,3.99049822378e-07,0.000948245601163,8.1971554482,4.99338032264e-06,0.0085566823069,9.31515257186,1.06995458114e-07,0.000501420212049,9.20598868728,2.44319819815e-07,0.000832057426306,8.71803827921,1.26778831642e-06,0.00260192195088,8.20386936176,1.31512350325e-05,0.0102243795122,8.72926448103,1.65118911391e-06,0.00271102841691,4.50667216331,0.204938382082,0.366098806767,8.715444357,2.25415568061e-06,0.00342923080205,9.32538375908,1.465525741e-07,0.000549244195409,5.43605367301,0.0459011503583,0.288932690377,7.31674553979,0.00029303008338,0.0643596837939,8.61413899083,5.81812201314e-06,0.00421587354982,5.4239947325,0.0408698955745,0.160285786467,0.873107487214,-2.85646154013,-0.0316387414932,-0.527831077576,0.241993874311,0.0773307179398,5.03042756035,3.60630323059,-1.21498115726,-2.02830733089,8.418115378,0.063944965517,0.123244148264,-0.306305798363,-0.17301899321,-0.023083071036,0.304515194999,0.0187680132208,-0.277499344319,-1.74454629935,1.8973716956e-07,0.00104890991233,-4.55583815793,3.69341690975e-05,0.0232944242916,-1.36469989715,2.11514055736e-06,0.00363449133749,-1.79299531646,0.000368570124599,0.0361508534587,1.57270666216,-6.80543697474e-08,-0.000439594357725,-4.32846445135,9.73391936895e-06,0.0132806731154,0.127005312424,-1.79535386739e-07,-0.000979691468608,-0.867650226075,5.04619220625e-07,0.00157970961088,-2.6569724015,4.61955047637e-06,0.00796998616321,0.520030752054,5.43074767273e-06,-0.00217959594164,-0.626788273741,1.82536805514e-05,0.0147489205589,1.86309739502,-1.02403972286e-05,-0.0140966439354,-0.953305032533,0.294256257667,-0.278367467598,-3.18836726709,3.14458506326e-05,0.0306385114143,2.02644206267,-1.61557678223e-06,-0.00377348214468,3.23827335592,-0.235182341669,-0.221994532772,0.0150815135553,-0.000490296267479,0.0267600743955,-3.71818922578,0.000115676842634,0.0414234530082,-1.6564129916,0.0988486621918,-0.10457647037
gradient,1,0.07,0.0799999982119,predicted,Actual proposal support boundary; monitored coordinates are pre-native endpoint forecast,True,50,-0.155694822962,0.51292562652,-0.105423271503,0.0330017912006,0.211223295007,0.0573828558612,6.13786920221,6.63113042546,-0.0637430586986,-0.516495691331,2.62916306521,0.188714716923,0.267664338146,0.274469076936,0.255562201011,0.204786410178,4.62560781385,0.191159822379,0.713051000454,9.79521459463,1.63824278956e-08,0.000140346482118,8.96624639796,1.93711820527e-06,0.00206600606578,9.14503646599,3.7124533201e-07,0.000957257311687,8.18122723371,2.61954680986e-05,0.0114988323024,9.85863138602,1.39254433001e-08,0.000114318266163,9.14777690339,4.45129999601e-07,0.000998322934971,8.20043599322,4.97866733113e-06,0.00850663682525,9.30672147558,1.10827981788e-07,0.000514908623761,9.16866275514,3.24836428312e-07,0.000952257899135,8.70110563934,1.49890586689e-06,0.00277543913114,8.19476801629,1.3450685639e-05,0.0104373941903,8.74063021996,1.60924618868e-06,0.0026252633842,4.50380403871,0.206439828622,0.365886206735,8.66600489063,2.88341001799e-06,0.0039203279211,9.33564676496,1.40329746222e-07,0.000531882347045,5.46612021999,0.0437439079492,0.288388196303,7.32313654096,0.000283339341867,0.0638114187476,8.60376419218,6.31563712351e-06,0.0043635987443,5.40310540996,0.0420894423736,0.159612505169,0.351655901641,-0.671084465042,0.145379900932,0.864633463323,0.997300237417,0.087424906351,3.06693409653,4.20762994183,1.92146080407,-0.0743755412314,1.19917804736,0.0441326466159,0.0603152528624,-0.294928268022,-0.101076059712,0.0497771185807,-0.212410471597,0.0953171192958,-0.310640549352,-2.41108153055,2.56220424948e-07,0.00136881372788,-1.03376808053,7.54170078498e-06,0.00475447392318,-0.517835839441,5.30033715893e-07,0.00115076223683,-0.153950523481,0.00013799748986,-0.00156386168833,-0.876545951032,1.64705684953e-07,0.000726265199327,0.0762528241851,1.1246995519e-06,0.000561561978319,0.219281731587,-1.42406479595e-06,-0.00345093837561,-1.04538980558,5.26964146434e-07,0.00168526759037,-4.31874376947,1.44935465561e-05,0.0165187069984,-1.94818704053,2.88025518291e-05,0.0208035311445,-1.49045571408,7.01324984449e-05,0.0367992213429,0.670097841738,-1.95742049169e-06,-0.00548223455218,0.344731314656,0.028248944722,0.118999625431,-5.426115171,0.000109256710489,0.0589781843188,-0.353675123512,7.85356628103e-07,0.00114321319158,2.28742162524,-0.161903792723,0.0494452015997,0.727674488033,-0.000963695841906,-0.0689147128779,-0.0521559413264,1.55834198449e-05,0.00358439376686,-2.06103150349,0.119055345712,0.0295290354539
gradient,1,0.08,0.0899999961257,predicted,Actual proposal support boundary; monitored coordinates are pre-native endpoint forecast,True,50,-0.153417288097,0.519900986001,-0.103111548271,0.0500836371994,0.221190203104,0.0582142598752,6.15528898644,6.68917232264,-0.0369562133213,-0.509003831105,2.62915321349,0.189216890072,0.268119995223,0.271478333286,0.254545076219,0.205489824758,4.62535202732,0.19164039789,0.710069708436,9.76950158642,1.92107352061e-08,0.000154993480876,8.97138637658,1.86494478875e-06,0.00202777274854,9.13968100845,3.78509112953e-07,0.000970637073104,8.18351443863,2.66465168588e-05,0.0114070368751,9.83575989481,1.69487922783e-08,0.000128338327026,9.16237594085,4.21543813416e-07,0.000959476840729,8.20154108283,4.96489902672e-06,0.00848766353939,9.29424477575,1.17534741042e-07,0.000535125563857,9.11961381189,5.34190750937e-07,0.00116243156627,8.6790745384,1.843839353e-06,0.00301799257377,8.17406024748,1.45538850014e-05,0.0109603639391,8.74266643786,1.61204070408e-06,0.00260138372587,4.5135667896,0.205503360977,0.368478799275,8.60692205358,4.43928989038e-06,0.00460879448843,9.31831025661,1.62259706662e-07,0.00057210845924,5.48180210552,0.0426630745039,0.289921594409,7.33129902955,0.000273756166542,0.0629813895363,8.61309587201,6.12979041004e-06,0.00428756142515,5.38277410243,0.0432510024887,0.160876367176,0.489442460366,-0.877307427489,0.0841381549835,1.70322921872,0.796182602644,0.118966738392,1.02732083472,4.26532634686,2.44416988506,-0.249608339582,-0.492670817146,0.0575189014055,0.0351484878764,-0.244655920769,-0.0763836929334,0.0814325677724,0.543346153645,-0.0676077247651,-0.115316277167,-1.69626834567,2.07567943918e-07,0.0010111016942,1.27975799499,-1.29937956451e-05,-0.00757353523137,-0.504060610134,2.4977507588e-07,0.000923717423672,0.0171500200187,3.34910943575e-05,-0.00222862216778,-2.18842841733,3.17943448574e-07,0.00141078146785,1.96722184837,-3.61457123399e-06,-0.0054361167081,0.274799818027,-7.17742895888e-06,-0.00692624428766,-1.19235035476,6.22146989676e-07,0.0019088947411,-4.49407341407,2.2850518724e-05,0.0205406087499,-2.42368257109,3.93733923968e-05,0.0267329341099,-1.57974896059,8.70076010074e-05,0.0400364578952,-0.392206531629,6.07053881935e-06,0.00270843769569,0.534884621187,-0.0099221341813,0.160541185524,-5.64198989342,0.000183168215132,0.0691337692703,-1.28659585046,1.98093989009e-06,0.00335425383295,1.41046057405,-0.0888211577463,0.181698771309,0.443496368258,-0.000454781673671,-0.0456767302233,1.89536741147,-5.92857533614e-05,-0.0193526686023,-1.07319466628,0.0653731381425,0.120106635013
gradient,1,0.09,0.0999999940395,predicted,Actual proposal support boundary; monitored coordinates are pre-native endpoint forecast,True,50,-0.145905973754,0.495379477971,-0.103740508404,0.0670663755751,0.22714694706,0.0597621906291,6.15841561891,6.71643695239,-0.0148596609974,-0.521487858123,2.61930964887,0.189865094951,0.268367307903,0.26957595852,0.254034527152,0.206415061534,4.63647473693,0.189807667884,0.71074467491,9.76128922771,2.05337867739e-08,0.000160568516002,8.99184155786,1.67724229237e-06,0.00191453536116,9.13495525379,3.76240833527e-07,0.000975731660161,8.18157023411,2.68652899858e-05,0.011454259859,9.81486281767,2.02843122716e-08,0.00014253389552,9.18712134036,3.72838574921e-07,0.000889600600809,8.20593198958,4.83511875195e-06,0.0083681119395,9.28287446848,1.23270921582e-07,0.000553086518583,9.07878128686,7.81846802792e-07,0.00136307007413,8.65263198792,2.28637371482e-06,0.00331009781334,8.16317303708,1.51908376591e-05,0.0112381233482,8.73278608932,1.73065696507e-06,0.00267943213812,4.51450173114,0.206241385938,0.369097030445,8.55316509277,6.54677432062e-06,0.00530300330651,9.30991484795,1.79948544023e-07,0.000598967423704,5.49432943147,0.0419674847942,0.29202217173,7.33200646832,0.000274243708394,0.0628978841432,8.64167154041,5.12992205628e-06,0.00397654537225,5.38164151663,0.0433969051365,0.162014637869,0.469079324925,-0.847824180609,-0.261338829994,0.824966400862,-0.374774187803,0.0656046642091,1.45224615658,0.117402216928,1.85445682014,-0.705291774753,-2.05864097442,0.0446810420624,0.0246094052753,-0.150044830912,-0.021522949149,0.100563537502,1.40607522655,-0.243638703647,0.121529469395,-0.545698664109,1.08471805003e-07,0.00039416993282,0.0855950595768,-1.27193444775e-06,-0.000749200659355,0.456295596647,-2.12411272023e-06,-0.00240203950874,-0.962572331123,0.00013573230392,0.0236255171556,-1.39179593901,2.25042534936e-07,0.000958801849847,0.90189378197,-2.21513516181e-06,-0.00288821925223,0.0983612210286,-6.38258296352e-06,-0.00429101368607,-0.896033155424,5.55176414258e-07,0.00164337486789,-3.24777400942,2.08715739679e-05,0.0163009641547,-1.94041887548,3.50079437823e-05,0.0218735008866,-0.175572187625,1.47643185445e-05,0.00421474621241,-0.798906550795,8.40827631699e-06,0.00592528373149,-0.237935738902,0.0861677674676,-0.0437804867343,-4.60340547432,0.000185585590298,0.0610931466244,-0.476323748222,1.28168454905e-06,0.00185734697347,0.470348173374,-0.0135406082286,0.251869057506,0.0713670788182,6.11740520641e-05,-0.010511390918,0.913764550308,-5.42835042982e-05,-0.0113376845998,-0.238644654739,0.028607574059,0.0318426360004
gradient,1,0.1,0.109999999404,predicted,Actual proposal support boundary; monitored coordinates are pre-native endpoint forecast,True,50,-0.144035701599,0.502944502389,-0.108338324871,0.0665829652166,0.213694719348,0.0595263531594,6.18433390957,6.69152036697,0.000132923081566,-0.5231096666,2.587980394,0.190110510914,0.268612183328,0.268477436667,0.254114617236,0.207501095508,4.65347353185,0.186767623817,0.712500297824,9.75858761314,2.13801713062e-08,0.000162876879533,8.97309827777,1.8395060998e-06,0.00201278873535,9.14880692038,3.36026858549e-07,0.000922596282929,8.16426299201,2.93611629372e-05,0.0118795472182,9.80792397603,2.1449642977e-08,0.000147514364023,9.18041381649,3.7724111018e-07,0.000901712455685,8.20350830725,4.83724736745e-06,0.00840184326566,9.27632411264,1.28638269327e-07,0.000567993061214,9.0546583317,9.51622230296e-07,0.00148845084937,8.64026616089,2.54399822865e-06,0.0034554625915,8.17054880372,1.48491713723e-05,0.0110446588633,8.72668830684,1.78020623042e-06,0.0027198894005,4.50880807483,0.207226716326,0.36760318954,8.51485394409,8.15100169635e-06,0.00583065742092,9.30878378165,1.87893397643e-07,0.00060925539871,5.49120906898,0.0423922623393,0.294958975559,7.33272637112,0.000274979647583,0.0627711617179,8.63137116301,5.04412032408e-06,0.00406080773316,5.37800120933,0.0438231539699,0.161513219896,0.433868891473,0.219855713881,-0.169166922569,-0.441977769136,-1.69432640076,-0.105900994427,1.79006803542,-1.5482598169,1.66451383115,0.32362682592,-4.54626463605,0.00115002021684,0.00310573422581,-0.0979970261793,0.00385036788999,0.131727814571,1.25941961415,-0.237437992431,0.161556103246,-0.819970549227,1.40145744463e-07,0.000511537971287,-2.00051822951,1.81619660579e-05,0.0107464562699,2.27185980648,-4.95473756371e-06,-0.00734972031431,-1.2278221204,0.000172557098758,0.0294151619872,-1.06471934743,1.41809608027e-07,0.000630769430613,-1.07935921852,1.14768277718e-06,0.00231263042495,-0.253690170866,1.479423994e-06,0.00390617496335,-0.650065184725,5.03600458032e-07,0.00141544496551,-1.73473320112,1.22094499627e-05,0.00898920124137,-0.779105837749,1.83185857783e-05,0.00970637565101,0.647058493644,-1.67065919283e-05,-0.0155360536324,-0.697281018865,3.60135898743e-06,0.00445760978464,-0.277607000071,0.0132304521912,-0.210701541488,-2.87845836813,0.000116083433883,0.040321512759,-0.367187986656,6.73681522204e-07,0.00117824553406,-0.676269072721,0.0678747434148,0.231984345788,-0.198209664238,0.000371336129652,0.0161311027555,-1.40383908816,5.1603891163e-07,0.01276716233,-0.973311684582,0.0774333830934,-0.0417702210974
gradient,1,0.11,0.119999997318,predicted,Actual proposal support boundary; monitored coordinates are pre-native endpoint forecast,True,50,-0.137228595925,0.499776592248,-0.107123846855,0.0582268201923,0.193260419044,0.0576441707405,6.19421697962,6.68547175606,0.0184306156256,-0.515015321605,2.52838435615,0.189888095356,0.268429422588,0.267616017997,0.25411153451,0.209049617825,4.66166312921,0.185058908035,0.713975796975,9.74488981673,2.33367016632e-08,0.000170799275428,8.95183119327,2.04048161352e-06,0.00212946448655,9.18039244992,2.77146082253e-07,0.000828737253874,8.15701379171,3.03164319609e-05,0.0120425630988,9.79356843072,2.31205044321e-08,0.000155149284132,9.16553415599,3.95792230465e-07,0.000935853209309,8.20085818617,4.86470723183e-06,0.00844623543877,9.26987316479,1.33342930742e-07,0.000581395417893,9.04408662284,1.02603580205e-06,0.00154285409896,8.63704987117,2.65274543039e-06,0.00350422532636,8.17611420695,1.48567058206e-05,0.0109274022756,8.71884046895,1.80268414482e-06,0.00276858433381,4.50894959113,0.206505994982,0.364882999616,8.4955959254,8.86844299829e-06,0.00610943356169,9.30257108822,1.93422174467e-07,0.000622532334385,5.48080405001,0.0433249796625,0.296661858645,7.32804227504,0.000281670430987,0.0632205061983,8.61359475865,5.14024283452e-06,0.00423188861885,5.36217528294,0.0449455727984,0.161179233447,0.708138626203,-1.24202950142,0.284900069237,-0.757083743811,-1.92940117419,-0.190511211368,-0.935239855403,-2.67943485164,1.68495005947,0.38101268683,-9.0779168872,-0.008705738969,0.00425371715915,-0.00688184362702,0.0684360938659,0.102236164328,0.525824775317,-0.0577361757609,0.213006476938,-1.89516981071,2.99499630283e-07,0.00120224336107,-0.937876922756,9.60018703965e-06,0.00540818747449,3.25702048615,-5.29218070295e-06,-0.00895527082162,-0.291252841704,3.7563072441e-05,0.00600378293174,-0.641539205474,3.38061735875e-08,0.00024393477122,-0.806628920474,1.01257953158e-06,0.0018958658157,0.013186749006,-4.33325447933e-06,-0.00264338330825,-0.747723955024,4.52157397416e-07,0.00143028476932,-0.664681673034,4.05033576144e-06,0.00319957616499,-0.391509581824,1.03239675084e-05,0.0050402396846,0.72432686489,-1.89771544191e-06,-0.0154859285239,-1.46353829828,1.20588677994e-05,0.0112531810217,0.174672895248,-0.103522313523,-0.219803937955,-1.04455394629,3.07503262707e-05,0.0153962741176,-0.0173218533657,-4.44301290381e-07,-0.000288700374392,-1.36731278029,0.108018929584,0.164099813729,-0.542906574446,0.00076592936892,0.0524695850461,-0.588739298669,-1.07582211176e-05,0.00509145721778,-1.41444573839,0.106557132557,-0.0271273190939
gradient,1,0.12,0.129999995232,predicted,Actual proposal support boundary; monitored coordinates are pre-native endpoint forecast,True,50,-0.129872929075,0.47810391236,-0.102640323486,0.0514412903404,0.175106695864,0.055716128932,6.16562911246,6.63793166994,0.033831924271,-0.515489412863,2.40642205625,0.189936396134,0.268697257672,0.268339799795,0.255483339113,0.209545818794,4.66399002736,0.185612900302,0.716760427363,9.72068421692,2.73701639119e-08,0.000186921746754,8.95434073931,2.03150984059e-06,0.00212095248484,9.2139473301,2.3018324449e-07,0.000743490866497,8.15843793518,3.0112424386e-05,0.0119996228769,9.79509319192,2.21257664487e-08,0.000152393059447,9.16428123808,3.97492700811e-07,0.000939629771999,8.20377204223,4.75058227786e-06,0.0083489755995,9.26136963354,1.37681417276e-07,0.000596598756601,9.04136469824,1.03262894552e-06,0.00155244237267,8.63243596925,2.75047757882e-06,0.00355626738519,8.18503534102,1.48112170635e-05,0.0107349402929,8.69741754088,2.0213835864e-06,0.00294495302093,4.51230153273,0.205156270055,0.363207110781,8.49396286517,8.76600822177e-06,0.00613858290327,9.30843734458,1.79007371835e-07,0.000603481391222,5.46386281338,0.044552640931,0.298240971834,7.32186823963,0.000290298234962,0.0638205534189,8.61959637704,4.82895590173e-06,0.00416263687751,5.34971229457,0.045954296621,0.160970673514,0.277467626978,-0.623773131309,0.771193027496,-0.720278799534,-2.30630515516,-0.182530693548,-3.31948300684,-4.26020698053,1.90045726562,-0.0873549238027,-12.142196008,0.0265204190374,0.0338860697157,0.0654704762998,0.125213076786,0.0268846338438,-0.241850392832,0.121856288275,0.206111882635,-2.52062397058,3.9456660907e-07,0.00163267030969,0.0573210234679,1.32921688969e-06,0.000335022960102,4.13340531669,-4.97745324774e-06,-0.00969680143462,0.708943023893,-0.000146906816767,-0.0183952035933,1.03612864398,-2.23518166865e-07,-0.000802043770086,-0.380485757652,2.64566558648e-07,0.000798547600396,0.472436351656,-1.59259518211e-05,-0.0140940739861,-1.49921279333,1.00445605003e-06,0.00293217521345,-0.0379171342962,-1.69683760775e-06,-0.000468627257728,-0.00703996535236,2.28966813741e-06,0.000850406903453,0.900146813412,-2.36269189682e-06,-0.0192911460227,-2.27334009467,2.33655219002e-05,0.0188048870997,0.619654237675,-0.199300984626,-0.179163624442,0.236894476586,-3.70111392045e-05,-0.00281463136178,0.856690325,-1.75533769485e-06,-0.00253119162407,-1.34295644057,0.0982413024845,0.218802462002,-0.849508479784,0.00107198860908,0.0897610119869,0.403409084444,-3.15772850133e-05,-0.00540138587248,-1.77384589864,0.130550294271,-0.00949982447398
gradient,1,0.13,0.140000000596,predicted,Actual proposal support boundary; monitored coordinates are pre-native endpoint forecast,True,50,-0.131679243385,0.487301129622,-0.0916999863052,0.0438212442017,0.147134315941,0.0539935568696,6.12782731948,6.60026761645,0.056439760938,-0.516762420081,2.28554043599,0.190418503737,0.269107143982,0.268925427523,0.256615796046,0.209587310502,4.65682612135,0.187496033801,0.718098034628,9.69447733732,3.12280338446e-08,0.000203452681621,8.95297761374,2.06706595132e-06,0.00213616494576,9.26306055625,1.77597017298e-07,0.000634801225182,8.17119265218,2.73782956256e-05,0.0116746590269,9.8142910036,1.86501410948e-08,0.00013910840873,9.15792444084,4.01083561638e-07,0.000951824161316,8.2103069132,4.54618819541e-06,0.00816435395905,9.23988890892,1.53432051743e-07,0.000640038922162,9.04332828015,9.9209904989e-07,0.00153348155381,8.63690907186,2.69853879314e-06,0.00352123346443,8.19411714322,1.48094519826e-05,0.0105415793551,8.67337366705,2.26999458282e-06,0.0031446820758,4.52134267589,0.20251997529,0.361299727127,8.50033381493,8.1282202142e-06,0.00605314093445,9.31970489472,1.5831542057e-07,0.000571908501904,5.4539449212,0.0452898057122,0.301037907885,7.31105210544,0.000303110203168,0.065015726438,8.62166294034,4.50869713425e-06,0.0041238609014,5.32669836497,0.0475565786838,0.160989236958,-0.425194217921,0.523185523819,0.929688215256,-1.00073575974,-3.07459117472,-0.164974184007,-3.93659334703,-3.82268862543,2.07902430961,0.16113771065,-10.0888474168,0.041626585409,0.0686962811684,0.0848668552801,0.129058046683,-0.0243795985217,-0.909808652172,0.200555441037,0.0189978717052,-2.00491836057,2.9503830822e-07,0.00127548877926,-0.298132498885,4.26697329674e-06,0.00216597979264,4.24857643567,-4.10644468693e-06,-0.008851020479,-0.129576348684,-7.44174683559e-05,0.00230718054026,1.97227069688,-2.73132474658e-07,-0.00114135762958,-0.754321859802,8.70165711227e-07,0.0017305632596,0.321509788358,-1.27825557386e-05,-0.0104536385457,-1.84837519712,1.38099037137e-06,0.00372370425668,0.363298652612,-4.16936085013e-06,-0.0023487968672,0.524889829587,-6.89697686976e-06,-0.00462421452481,0.74634936299,1.16968235094e-05,-0.0145233259393,-1.70675161292,1.81480880368e-05,0.0143680955724,0.898198074657,-0.266736672717,-0.171052418118,0.690613299813,-5.68518596534e-05,-0.00943848847103,1.06745030512,-1.61386254824e-06,-0.00267297564194,-0.435501322075,0.033851194042,0.197144936131,-1.05417512395,0.00120772105372,0.120036011324,-0.391619129538,-1.54298834647e-05,0.00214701785746,-2.03459819513,0.14033501874,0.040973775163
gradient,1,0.14,0.149999991059,predicted,Actual proposal support boundary; monitored coordinates are pre-native endpoint forecast,True,50,-0.138376813433,0.488567622837,-0.0840465591812,0.0314265751457,0.11361487237,0.0524166452519,6.08689724552,6.56147789743,0.0754124104633,-0.51226665865,2.20464510792,0.190768927842,0.270071183295,0.2700371369,0.258064500047,0.209058226824,4.64579385431,0.189624009123,0.717140384797,9.68058584971,3.32709300763e-08,0.00021243152234,8.94837808933,2.11684930652e-06,0.00216427208069,9.29891885882,1.48054350751e-07,0.000566470456917,8.1558464082,2.86240750189e-05,0.0120457664877,9.83453860586,1.66631169556e-08,0.000129565906856,9.14919480088,4.14896015036e-07,0.00097424103719,8.210202238,4.49493116309e-06,0.00813990282859,9.2244021296,1.65301224703e-07,0.000671072841734,9.04863067129,9.49241728522e-07,0.00150546643532,8.64293376584,2.61253804142e-06,0.0034637830947,8.19996232828,1.50451535337e-05,0.0104444737741,8.66328250862,2.38434534714e-06,0.00323231493238,4.53026549422,0.199821536601,0.359786062419,8.50777513116,7.6289710287e-06,0.00594981313385,9.32978635068,1.46730120871e-07,0.000550021878383,5.45515278694,0.0452296648118,0.302183870557,7.30078473716,0.000314452656036,0.0662212736453,8.61176399445,4.52035823243e-06,0.00420557723466,5.30902033066,0.0487609969959,0.161790149017,-0.158173004174,-0.122146417647,0.625239014626,-0.867151081562,-2.67694531381,-0.18679484905,-2.43203667748,-3.45064942973,1.8713477245,1.0091655776,-6.77674832517,0.00392944026729,0.0835643131863,0.145724606328,0.0998411921934,-0.061240056778,-1.44948347341,0.211217799457,-0.174312246495,-1.19726449772,1.72347441322e-07,0.000756663530071,-0.806161771172,8.11910726869e-06,0.00464125477726,2.91658579057,-2.26946287788e-06,-0.0053392853647,-0.45301089679,2.40345959999e-05,0.00816712658063,1.70970403576,-1.31067425215e-07,-0.000697260987605,-1.34528952739,3.14008827463e-06,0.00420363600293,-0.215442470001,-6.58160517142e-07,0.00291084110895,-1.50277523851,1.19987647869e-06,0.00321715424852,0.120576595532,-2.09392186829e-06,-0.000953542192955,0.738985782195,-9.2078712949e-06,-0.0071837260097,-0.0283768571555,6.15844012634e-05,0.00569980716304,-1.05310693603,1.24312970525e-05,0.00927870664683,1.10097498817,-0.30497898645,0.0218621388437,0.178747542236,-2.41608094622e-05,-0.00232966439832,0.630776867403,-6.71882247878e-07,-0.00133349044848,-0.123091861874,0.010545413072,0.135052374886,-0.117154040211,-0.000116204533991,0.0247848821298,-1.07323867891,1.25732528062e-05,0.0105821329761,-1.2671228753,0.0925256584826,0.12751089909
gradient,1,0.15,0.159999996424,predicted,Actual proposal support boundary; monitored coordinates are pre-native endpoint forecast,True,50,-0.134842703469,0.484858201269,-0.0791952060127,0.0264782225704,0.0935954096651,0.0502576598886,6.07918658593,6.53125462785,0.0938667154279,-0.496579108529,2.15000546949,0.190497092542,0.270778430246,0.271839919649,0.258612619889,0.208362509366,4.62783645189,0.19172038979,0.714611789698,9.67053204736,3.4674982671e-08,0.000218585952223,8.93685437832,2.22944809669e-06,0.0022289900413,9.32139227207,1.32207759741e-07,0.000528015517888,8.16213243425,2.78589875456e-05,0.0118380015585,9.84848508431,1.60287925905e-08,0.000125163188978,9.13101865029,4.6388532713e-07,0.00103589688137,8.2059980638,4.53302498506e-06,0.00822257078123,9.20983340415,1.77429581317e-07,0.000704382007133,9.04573981207,9.50220612525e-07,0.00151441070995,8.6516887875,2.51438136724e-06,0.00337755894424,8.19354960608,1.60411400079e-05,0.0106555754984,8.65231152833,2.51862052387e-06,0.00333025620874,4.54336217565,0.196420395561,0.361736969904,8.50390876578,7.64500402496e-06,0.00600654764649,9.33232043207,1.44877775613e-07,0.000545238692934,5.45148308396,0.0455007139737,0.303738955383,7.30870902464,0.000300786112489,0.0655114240806,8.60019816676,4.76016219038e-06,0.00433550356092,5.30135590746,0.0494070918534,0.163539454939,0.227421934998,-0.548181878564,0.767780303955,-0.716419100761,-1.43972702324,-0.207786252863,2.20389382144,-1.99431940351,2.01318763936,1.57550818716,-3.06421460679,-0.0824848788942,0.0216573106259,0.0670696622573,0.0266707611798,-0.0232381869028,-2.18900864935,0.28117962293,-0.372195654774,-2.24666990797,4.09649497201e-07,0.00170156318409,-1.00273634384,1.00154206948e-05,0.00562082098416,2.25019465281,-1.69232346815e-06,-0.0039817504667,0.570492560943,-8.79078653456e-05,-0.0178742372196,1.5817424454,-9.16314651128e-08,-0.000545824622937,-1.94444260669,4.6248156695e-06,0.00611730705594,0.285354008496,-7.27811597124e-06,-0.00699194143085,-1.50770019794,1.46632649738e-06,0.00365888192547,-0.598045544726,1.44224878972e-06,0.00211963281208,0.765385211732,-9.79587785332e-06,-0.00782367581476,-1.34915926978,0.000143308037841,0.038236233955,-1.59851577594,2.59534246693e-05,0.0155172030884,1.54894848574,-0.354732499247,0.249240149314,-0.536588573018,6.27697261518e-06,0.00781064038153,0.250834409418,-2.50387460569e-07,-0.000565436719571,-0.382049674153,0.00865433466622,0.0590471042913,0.242850634283,-0.000401643888181,-0.0248569873208,-1.46892900579,1.90170866354e-05,0.0153436565924,-1.33232931439,0.0915297981412,0.0476166005343
gradient,1,0.16,0.170000001788,predicted,Actual proposal support boundary; monitored coordinates are pre-native endpoint forecast,True,50,-0.133828374733,0.477603985265,-0.0686909531021,0.0170981931305,0.0848203319049,0.0482609201946,6.13097512195,6.52159150936,0.11567616325,-0.480756494907,2.14336081578,0.189119230265,0.270504329507,0.271378530145,0.25859791527,0.208593463086,4.60201368133,0.195247601582,0.709696471702,9.63565245155,4.14639200203e-08,0.000246462786021,8.92832336246,2.31715772042e-06,0.00227668850038,9.34392275187,1.14207881388e-07,0.000486835447583,8.16725625942,2.6865917712e-05,0.0116882817433,9.86617345477,1.48304876533e-08,0.000118649414397,9.11030594875,5.07392328426e-07,0.00109658717831,8.21590931817,4.34936884367e-06,0.00800006399997,9.19424812564,1.94627754651e-07,0.000744250480244,9.0366697604,9.78086704316e-07,0.00154785909156,8.65824147008,2.41662048435e-06,0.0033073095784,8.17297914289,1.79113142905e-05,0.0112091984532,8.6313121931,2.90341384053e-06,0.00354265899415,4.56124446394,0.192726886616,0.364770865405,8.4970433597,7.754510481e-06,0.00610602594148,9.33480303887,1.41722371659e-07,0.000538713143992,5.44751179345,0.0454027515051,0.303364812642,7.30564174984,0.000306419778272,0.0657241338989,8.58238541433,4.90069996514e-06,0.00451245036651,5.28237374438,0.0505915929587,0.162742481028,-0.123982256188,-0.071003405767,0.906220674515,-1.06887549162,-1.24720488489,-0.146632851954,6.37861811762,-0.800425407453,2.28458821596,1.02930272996,0.349052828934,-0.152257914464,-0.0223452108036,-0.0974767596138,-0.0181463314832,0.0409298435743,-2.22035945269,0.246324952872,-0.483754581892,-3.50119881713,7.4020682377e-07,0.00297392898345,-1.3290452446,1.43066927344e-05,0.00765672371438,1.70922298184,-1.21422732442e-06,-0.00295581050026,0.0180167383696,-5.07811705813e-05,-0.00195189769722,2.34767273677,-1.55179387274e-07,-0.000855485888807,-1.93868025512,3.76265979105e-06,0.00546409042669,0.908789395684,-1.57285175106e-05,-0.0200785610248,-1.40168904257,1.47261752154e-06,0.00347235720039,-0.932359018878,3.544886373e-06,0.00370122975027,0.282883107764,-5.58132880432e-06,-0.00345895549782,-2.11328869251,0.000200215850596,0.0582118298552,-1.89595317165,3.59568066886e-05,0.0194724222297,1.488808185,-0.326901425539,0.138527681971,-1.03394270202,2.61685887779e-05,0.0151870565852,1.03389755916,-8.18273538035e-07,-0.00193731586981,-0.22633479059,-0.0164617226046,-0.0336908970491,-0.550577298279,0.000903344255656,0.0471520945061,-2.17669742888,2.17024728353e-05,0.0224825484907,-2.2086375773,0.119406993892,-0.037961762638
gradient,1,0.17,0.179999992251,predicted,Actual proposal support boundary; monitored coordinates are pre-native endpoint forecast,True,50,-0.137322348593,0.483438133154,-0.0610707925224,0.00510071273803,0.0686513119674,0.0473250028495,6.20675894828,6.5152461197,0.139558479747,-0.475993053929,2.15698652606,0.187451934253,0.27033152603,0.269890384457,0.25824969326,0.209181106238,4.58342926283,0.196646888847,0.70493669806,9.60050807102,4.94791191464e-08,0.000278064531892,8.91027347343,2.51558195138e-06,0.00238212451559,9.3555767317,1.07923213252e-07,0.000468899307883,8.16249276902,2.6843364134e-05,0.0117989636046,9.89543853905,1.2925204845e-08,0.000108053471202,9.09224504519,5.39138522952e-07,0.00114517868991,8.22417385171,4.21845463485e-06,0.00782099956073,9.1817996233,2.06881931747e-07,0.00077382915114,9.02709263169,1.02111833998e-06,0.00158843530495,8.65734644966,2.40275479115e-06,0.00330837983428,8.15128383223,2.00454570198e-05,0.0118198120955,8.6143924649,3.23775665764e-06,0.00371970465334,4.57313833935,0.18988236705,0.364507523543,8.48322991174,8.16837580051e-06,0.00631028877819,9.35299838325,1.28512304852e-07,0.000506492375538,5.44695638815,0.0451714795216,0.303065137442,7.29769747867,0.000318852997602,0.0664544659707,8.55666421818,5.19421164708e-06,0.00478515453074,5.25718315592,0.0517952317313,0.162780219687,-0.430436635368,1.54247255722,0.785342097282,-2.05735862255,-2.69288411736,-0.188766357599,9.60579518456,-5.81537468366,2.54031181793,1.48187419329,-5.67135465612,-0.159302117747,-0.0058700942318,-0.0430215472321,0.00190809269778,-0.0869735908252,-1.86283960065,0.0822541213668,-0.303561647218,-5.3776401983,1.60194510109e-06,0.00556511567731,-2.56621520734,2.92860230374e-05,0.0152029140241,4.77058978209,-2.41757477627e-06,-0.00709101861073,1.28057725045,-0.000223761113178,-0.0323193784264,5.8703895701,-4.31082451261e-07,-0.00237171224411,-2.78338233747,5.9866616596e-06,0.0084057718527,0.549283007437,-7.6836280648e-06,-0.012811618407,-0.286994289686,1.85905737579e-07,0.000652798196508,-2.65355145721,1.38615332102e-05,0.0121215967301,-0.106379651661,-7.91610806144e-07,0.000299822385242,0.0492366503532,4.50567086649e-05,0.000995118387972,-4.00443363621,7.79836868494e-05,0.0452456805172,1.05660083664,-0.398139011467,-0.246047365525,-3.27748700887,0.000122049363597,0.0508105152823,2.71923926631,-2.41183861913e-06,-0.00528935844726,-2.97449310204,0.22306270493,0.00967627785299,-0.616441518148,0.000971981127546,0.0551240996162,-2.88272121114,3.42675265855e-05,0.0323610297252,-2.6395890908,0.119377969894,-0.192729053313
gradient,1,0.18,0.189999997616,predicted,Actual proposal support boundary; monitored coordinates are pre-native endpoint forecast,True,50,-0.14243710744,0.50845343641,-0.0529841111565,-0.0240489793205,0.0309626495576,0.0444855930426,6.32309102564,6.40528401569,0.166482399609,-0.451119011041,2.02993372266,0.18593318791,0.270386927623,0.270518099201,0.258636077124,0.206853991269,4.56475688932,0.196892684009,0.703625238757,9.52809964758,7.35028220422e-08,0.000357765099567,8.87699905831,2.90287818117e-06,0.00258074678086,9.43933454752,6.58563858628e-08,0.000345015075368,8.19286780443,2.23906954484e-05,0.0110418941748,9.98358124617,6.20883862807e-09,7.1215169515e-05,9.054638302,6.27125561618e-07,0.00126470261536,8.22689497832,4.19569628237e-06,0.00774383163183,9.18850823985,1.98345869402e-07,0.000757306444174,8.98359873125,1.25531736852e-06,0.00179029102617,8.65611387704,2.40078826823e-06,0.00331330602611,8.17396387589,1.88124484638e-05,0.0112291008209,8.55122352038,4.46308757751e-06,0.00444757260449,4.58237648067,0.184764106387,0.359849918095,8.43149361953,1.01954977529e-05,0.00712223624713,9.3891878242,9.34855992766e-08,0.000432925975047,5.38802193141,0.0498640056037,0.3035583382,7.29331291948,0.000325859400823,0.0668266158913,8.52473099011,5.58605049685e-06,0.00515967096101,5.22958196256,0.0529791523566,0.158887899961,0.0136012142012,0.792573179722,0.602882742882,-3.47328834236,-3.65982963145,-0.108420132064,15.6310988204,-10.7058419897,2.11951423792,1.18020147757,-11.4118522496,-0.166357243509,-0.027464429181,0.0516665443449,0.0457653519087,-0.280403293968,-2.77707209041,0.0444760659727,-0.497682022568,-4.86487070928,1.4103986237e-06,0.00500487409853,-4.04993309156,5.11311573965e-05,0.0251679553966,7.6217679839,-3.3623205841e-06,-0.010407659048,2.69677168991,-0.000371046216036,-0.0659868394052,8.87787548144,-5.12542303329e-07,-0.00313412556139,-4.19998554589,1.01946910559e-05,0.0140021986081,0.719976670342,-1.61410845425e-05,-0.0182297768902,0.0175195034825,3.13761907547e-07,0.000407101009004,-4.54625310147,2.50796895205e-05,0.0216519145347,-1.01924553934,1.18454748979e-05,0.00900054372367,2.93102679864,-0.000200025447414,-0.0736535274235,-5.7508941823,0.000105704575031,0.0711245191777,1.16277733838,-0.540222497535,-0.460637719816,-6.41547232429,0.000290567243674,0.108397720821,4.3527819858,-3.35866778516e-06,-0.0078143963394,-7.70569599725,0.58113155758,-0.221031506592,-0.872282328255,0.00139522643824,0.0831108148654,-3.4317536632,4.47249881871e-05,0.0426236375409,-2.04330110968,0.0738883227846,-0.236509834856
gradient,1,0.19,0.199999988079,predicted,Actual proposal support boundary; monitored coordinates are pre-native endpoint forecast,True,50,-0.137050324309,0.499289596748,-0.0490131376648,-0.0643650541091,-0.00454528066158,0.0451566002082,6.51938092469,6.30112927991,0.181948764506,-0.452389024378,1.92874948107,0.184124789382,0.269782237446,0.270923715344,0.259165000298,0.203573040359,4.52788782102,0.197536410167,0.694983057609,9.50321065683,7.76870916205e-08,0.000378162013863,8.8292748116,3.53820509931e-06,0.00288548362352,9.50801209138,4.06768015704e-08,0.000260746126922,8.21642820281,1.94224398133e-05,0.0104792268165,10.0729960487,2.67435877847e-09,4.5370959974e-05,9.00824533427,7.43032344069e-07,0.00142522266207,8.23857338512,3.895632944e-06,0.00745640402293,9.18215001337,2.13157169898e-07,0.00078197117132,8.93616756966,1.5227121304e-06,0.00202147359565,8.63696153887,2.63966428911e-06,0.00348839070875,8.2099043682,1.60449480715e-05,0.010346741547,8.49937458125,5.35184815827e-06,0.00514219503689,4.59639388612,0.179077917099,0.355294769147,8.35492046525,1.3979720674e-05,0.00847824319461,9.44005402297,6.13389491489e-08,0.00035020444875,5.29284246821,0.0567941106732,0.29864450731,7.28025183211,0.000346757526366,0.0681166822681,8.48802914492,6.08871141082e-06,0.00563762728155,5.21631713372,0.053272998187,0.15805002299,0.329690485587,-1.33133271542,0.680210709572,-2.83644833416,-2.99770836532,0.00095964959399,14.8976130874,-10.7986603088,1.87292125759,-0.252782242606,-5.59847952866,-0.030041760682,0.00984239563905,0.0495609162442,0.0124509897564,-0.286697617506,-2.72759320044,0.183547753219,-0.700818088153,-0.547208846206,-2.89098689649e-07,-0.000229553340522,-3.76735739199,5.32228496372e-05,0.0248188964957,4.73353300765,-1.59080125843e-06,-0.00538007005497,2.41416176621,-0.000278579988448,-0.0572010284831,8.00459773689,-2.19126321649e-07,-0.00182141707506,-3.99321344605,1.21251298802e-05,0.0151434347726,1.12166101344,-2.57566016551e-05,-0.0261802793285,-0.560485131908,1.15205439466e-06,0.00189529659747,-3.6754283907,2.31159164756e-05,0.0188095208062,-1.0507722838,1.40312747776e-05,0.0095197477867,1.64408748847,-0.000126984187992,-0.039218167386,-3.11375227352,3.83891443056e-05,0.0408011105586,1.49269218664,-0.496128905578,-0.339723369604,-5.73157422839,0.000315140488521,0.104949923484,5.29290809881,-2.49734422809e-06,-0.00745519954058,-5.41788185207,0.389202131086,-0.26283804509,-1.10859781821,0.00170979386573,0.112052876963,-2.96284072018,5.42796921776e-05,0.0402455085539,-0.518862957923,-0.00885293393865,0.0181495310525
gradient,1,0.2,0.209999993443,predicted,Actual proposal support boundary; monitored coordinates are pre-native endpoint forecast,True,50,-0.135843297729,0.481826782101,-0.039379896965,-0.0807779460037,-0.0289915177488,0.0445047860345,6.62104328739,6.18931080951,0.203940824761,-0.456174655893,1.91796413209,0.185332352696,0.270583775536,0.271509317526,0.258885096919,0.201120038919,4.51020502531,0.200563639073,0.689608876994,9.51715547066,6.77208482492e-08,0.000353174032757,8.80165191047,3.96733517391e-06,0.00307712471077,9.53400520767,3.40403606942e-08,0.000237413674268,8.24115103975,1.68190956795e-05,0.00989787360509,10.1436732009,1.82631219508e-09,3.47868280139e-05,8.97477403308,8.69628159222e-07,0.00156757131081,8.24932819858,3.68056424927e-06,0.00722022604526,9.17729853721,2.21386957295e-07,0.000795212376123,8.91009016344,1.71763569803e-06,0.00216648144229,8.63509843137,2.68141376378e-06,0.00350370098184,8.20684562566,1.6272764704e-05,0.0104447374732,8.48894847491,5.23087046363e-06,0.00526359481566,4.6122303244,0.174841528275,0.353055450703,8.31686213496,1.64983075234e-05,0.00922123471681,9.49504598617,4.35387147148e-08,0.000283821984235,5.27966429437,0.0576480482255,0.298301577298,7.27114096311,0.000360055278138,0.0690676734305,8.46547417571,6.6716443404e-06,0.00596458113209,5.2192047034,0.0528020936778,0.159250890583,0.418810000598,-2.16315333673,0.770084142685,-0.294220328331,-3.11201882362,-0.0516071440771,11.1501450627,-11.6926595638,1.75351673108,-0.035128018025,-0.552420148813,0.0915831499223,0.0464616827372,0.0222210076135,0.000368810388865,-0.169761682753,-0.904965381204,0.126991007154,-0.454149554821,0.0407992843264,-3.61546806639e-07,-0.000757224159747,-2.75201601327,4.7691626672e-05,0.0202248362367,0.717936622306,-2.18341904992e-07,-0.000555104051405,1.67090305034,-0.000186621354402,-0.039136210174,8.00012530074,-8.06940815935e-08,-0.00105587811704,-2.75026532777,1.16863790521e-05,0.012318116545,0.681213908922,-1.37068894556e-05,-0.0152217193211,-0.342214830848,4.14937143691e-07,0.000709326277031,-1.19947838164,8.71532146416e-06,0.00657728206088,0.0772948285969,5.20698632859e-06,0.000335942571575,-0.981186872865,7.87035031245e-05,0.0268011980112,-2.36697630861,3.85212888795e-05,0.0324470335953,1.51390448069,-0.391999206268,-0.291913709499,-2.62238546803,0.000184178821079,0.0519937247946,5.58963489849,-1.49736475189e-06,-0.00598227997243,-2.70033040519,0.188696321623,0.103235404093,-0.721072937996,0.000828635452782,0.0904446886777,-2.23651534289,6.67300942405e-05,0.0333236816011,-0.194534718046,-0.0113238098045,0.188943160635
gradient,1,0.21,0.219999998808,predicted,Actual proposal support boundary; monitored coordinates are pre-native endpoint forecast,True,50,-0.128674124297,0.456026530014,-0.0336114548111,-0.0702494606757,-0.0667856571341,0.0441244573267,6.74238382594,6.06727608863,0.217019099127,-0.453091584738,1.91770107809,0.185956452381,0.270711471101,0.271368135496,0.259172376506,0.200177806703,4.5097885134,0.20007623031,0.685900066512,9.50402664252,7.04561554877e-08,0.000363017530668,8.77423449133,4.49203763275e-06,0.00328998034825,9.52237082383,3.63099634706e-08,0.000249644045894,8.24984626382,1.56900127252e-05,0.00969650261299,10.2329985547,1.0604771466e-09,2.42533976331e-05,8.95324002771,9.76759925111e-07,0.00167158499297,8.2521976633,3.62149515489e-06,0.0071519696365,9.17530571675,2.21455912772e-07,0.000796157696861,8.91217800203,1.69701855968e-06,0.00215301923687,8.63850743544,2.74380401568e-06,0.00349510956018,8.19028063074,1.7619018134e-05,0.0108827655073,8.45203505508,6.12227393586e-06,0.0057911357088,4.62667197573,0.171237932974,0.349456494957,8.30247275589,1.76632970956e-05,0.0095181176905,9.55184672094,3.13916541112e-08,0.000230558849301,5.2388358601,0.0605680371056,0.300709215392,7.26583037335,0.000363330235422,0.0699255760416,8.44329883806,7.42331329563e-06,0.00630410091358,5.21242643936,0.0530465219909,0.161828886202,0.694318469235,-2.67575436351,0.489161968231,0.353412978351,-3.71250662953,-0.0582263741313,7.39640510185,-7.74636256287,1.17568681102,-0.323211226311,-5.70207686939,0.0548002294303,0.108583876458,-0.144662347055,0.0103230011744,-0.0458750297161,-0.288501476962,-0.0043182419486,-0.46252528908,-4.24391361585,1.71010104189e-06,0.00486114820922,-1.22077523383,2.24801908825e-05,0.0092911728742,-0.490963642927,1.84742391006e-07,0.000941044494204,1.27789292655,-0.000136561990987,-0.0286656323251,7.40748646332,-5.53982741456e-08,-0.000799755722683,-1.85852032704,1.04561790123e-05,0.00952145278222,0.0328861938636,-6.16280002954e-06,-0.00346722400013,-0.856595774683,7.69868065031e-07,0.00162094033107,-0.750011644435,7.44548124371e-06,0.00479727471141,0.64751379815,-5.68017283991e-06,-0.0061014280884,-1.25572205898,0.000128261451807,0.0369330672207,-3.85092417172,0.000124542649009,0.06012521344,1.18344685454,-0.309280911724,-0.465771019404,-1.00590074079,8.75134778738e-05,0.0206534803975,4.86595141973,-9.60235262351e-07,-0.00438507825605,-4.54140041742,0.275157236451,0.0783773553243,-0.188863850809,8.99566023455e-05,0.0259098231144,-1.33118382246,4.60567146992e-05,0.020478689668,-1.08887595211,0.0763439098441,0.560962243628
gradient,1,0.22,0.229999989271,predicted,Actual proposal support boundary; monitored coordinates are pre-native endpoint forecast,True,50,-0.121956928344,0.428311694831,-0.0295966576004,-0.0737096864367,-0.103241650339,0.0433402585519,6.76897138942,6.03438355826,0.227454560981,-0.46263888042,1.8039225947,0.186428357285,0.272755453065,0.268616070585,0.259091556943,0.200202538325,4.50443499577,0.200477274234,0.680358371213,9.43227719834,1.01922869087e-07,0.000450396996941,8.77723640579,4.41693899156e-06,0.00326294816826,9.52418593481,3.77352085143e-08,0.000256234564153,8.26670889829,1.40878558597e-05,0.00932456095859,10.2918229302,7.18346712172e-10,1.87917135602e-05,8.93760362653,1.07875173947e-06,0.00175800036646,8.24998592246,3.55730824868e-06,0.00715088156526,9.16016662171,2.36784318596e-07,0.000827631182745,8.89508993055,1.86654532291e-06,0.00226242693652,8.64804870733,2.56781030698e-06,0.00338167242007,8.18173118448,1.88379937401e-05,0.0111833988176,8.41192999147,7.7217234438e-06,0.00646609908446,4.63589926149,0.168655910041,0.343740030315,8.29674412014,1.82485770808e-05,0.00963430432476,9.59236501457,2.43340094678e-08,0.000196120419114,5.18883628602,0.0631511929545,0.299869124404,7.2673636861,0.000361854410185,0.0695858698928,8.43885049926,7.59277863438e-06,0.00637415492545,5.19742718436,0.0543289718747,0.170470135455,0.879045642837,-3.51965922907,0.829614043236,-1.11295630038,-1.97989051044,0.149009364261,0.756500111373,3.97099258895,3.39494404241,-2.44126550446,-8.87662571143,-0.0241092660196,0.0874707254177,-0.314955770999,-0.0233261696071,0.0877545744951,-0.60911115691,0.18519522705,-0.535224026743,-7.89842112048,5.26091835049e-06,0.012080958334,-0.98787089577,1.9675044897e-05,0.00786298273,1.49383970719,-1.76853576939e-07,-0.000760261005095,1.17234819619,-0.000108956297805,-0.0252563156706,1.60579606693,-1.11508608402e-08,-0.000168305402236,-1.54571150883,1.10604668109e-05,0.00886735719006,0.950660807974,-2.05353059553e-05,-0.0218529309787,-3.3350973676,4.25726636292e-06,0.00867906513233,-1.17161538304,1.35113329023e-05,0.00793958553882,0.700955367416,-1.35810685592e-05,-0.00910968967952,-0.801394067605,0.000111777095148,0.0262257472085,-4.62101373954,0.000217633141786,0.082977655351,0.594492837735,-0.134819486146,-0.413128222254,-0.795680879989,8.31641564308e-05,0.0161295878619,1.64360455398,-3.34305691769e-07,-0.00159954821059,-0.771109646492,-0.037125810495,-0.226968455543,0.160298648065,-0.000464635590539,-0.0163999740091,-0.782492279206,4.34039505767e-05,0.0123077978262,-2.09465397567,0.190776012707,0.571476230751
gradient,1,0.23,0.239999994636,predicted,Actual proposal support boundary; monitored coordinates are pre-native endpoint forecast,True,50,-0.11109321144,0.385633345432,-0.0170191739464,-0.0925085866833,-0.106383467343,0.0471046446119,6.75751382817,6.14669594041,0.284917979975,-0.501916894828,1.74016856387,0.185474267061,0.272460885609,0.265069020076,0.258705853114,0.201932898193,4.49760629026,0.203780134851,0.675195585978,9.34605822011,1.75674522498e-07,0.000604636697347,8.75447707342,4.88553853069e-06,0.00344724000285,9.55224761797,3.27728919318e-08,0.000234438825792,8.27329322774,1.35108867691e-05,0.00919137629958,10.265114476,8.37459929792e-10,2.08872895884e-05,8.92232579754,1.19796926133e-06,0.00184893213677,8.27121087946,3.21078903578e-06,0.00671491101693,9.1086037694,3.06601240031e-07,0.000969738999508,8.88874569436,1.96724521773e-06,0.00231181094764,8.65252654279,2.4721826445e-06,0.00331291576659,8.17425274939,1.9854560037e-05,0.0114072804514,8.35961478029,1.04749367716e-05,0.00745068881581,4.63856183249,0.168541543251,0.341193930512,8.28655913829,1.93265802242e-05,0.00984070944774,9.58471881202,2.47055402758e-08,0.000198567885089,5.22341366717,0.0598255208957,0.296169846281,7.26903634631,0.000354037523611,0.0695975765614,8.42764899248,8.29139230717e-06,0.0065502568701,5.17053335985,0.056862042245,0.173258410817,0.232014233056,-2.34483368926,1.11813032627,-1.37563806772,-0.350901581347,0.316914475994,0.484593696966,8.54926235601,5.00016398208,-2.96250007566,-4.57595241946,-0.084645272405,-0.059693866567,-0.256272315416,-0.0344278508087,0.133016066961,-0.430020038996,0.281023331683,-0.468787376219,-6.45679346841,6.35123442325e-06,0.012343407468,-2.26369397197,4.89870508866e-05,0.0187047899174,2.54272899977,-4.32080590928e-07,-0.00194494353691,0.43947924358,-3.88844663078e-05,-0.00895704041054,-1.93092662424,8.80156104344e-09,0.000152876306211,-1.22426512259,8.71548217655e-06,0.00693900495375,1.90566826343,-3.12045407687e-05,-0.0385137161368,-3.98878877357,5.73014796272e-06,0.0114084115669,-0.628065821269,9.48036797786e-06,0.00479407985096,0.270749895599,-6.40201708639e-06,-0.00440848145357,-0.844661273673,0.000104607947071,0.0241529782691,-4.00944771789,0.000214623560525,0.0759248355987,0.382032969509,-0.0638811607072,-0.179727558849,-1.1008547234,0.000107978423576,0.0228724984192,-0.404075236846,-5.13369147373e-09,2.39066723181e-05,2.05674332695,-0.211370603057,-0.326798438132,-0.0949704329974,-0.000304902884522,0.0297874193455,-1.12886693565,6.36873779396e-05,0.0176054397186,-2.01899520502,0.193383141555,0.179917336307
gradient,1,0.24,0.25,predicted,Actual proposal support boundary; monitored coordinates are pre-native endpoint forecast,True,50,-0.117316643683,0.381415021046,-0.00723405107498,-0.101222447791,-0.110259681966,0.0496785480718,6.77866326336,6.20536880538,0.327457840623,-0.521888881933,1.71240354631,0.184735451836,0.271561575733,0.263490624276,0.258402999927,0.202862859664,4.49583459499,0.206097740868,0.670982623688,9.30314132898,2.28947557552e-07,0.000697265146301,8.73196252635,5.39668000929e-06,0.00363704396661,9.57504051481,2.90935966957e-08,0.000217335693414,8.27549848316,1.33101665336e-05,0.00914542015038,10.2532043977,8.94377933041e-10,2.18492396844e-05,8.91311832408,1.253061383e-06,0.00189678046553,8.28809928773,2.9332174333e-06,0.00638060724252,9.08039084624,3.5138727785e-07,0.00105579941408,8.88252861412,2.05615268246e-06,0.00235830853354,8.65346370524,2.43976996526e-06,0.003293502791,8.16483795901,2.09301526815e-05,0.011666458383,8.33174103711,1.20141946543e-05,0.00798459579644,4.64353992089,0.167378286827,0.340145479138,8.27472702567,2.04081455524e-05,0.0100917542931,9.58428350983,2.42313356383e-08,0.00019659855256,5.22997115256,0.0589237808934,0.293333155642,7.26546427744,0.000355756352494,0.0701816182797,8.41627316055,8.86652619318e-06,0.00672626371982,5.15704728026,0.0581966347058,0.174068482181,-0.459733745021,0.687255386324,0.88632106781,-1.24370920658,-0.348094731569,0.150056633215,1.64107576464,3.78252848958,3.98113940104,-0.691930595849,-1.70539296753,-0.0490210472642,-0.0594440096667,-0.0988893483007,-0.0170204625393,0.0407362095106,-0.387299858924,0.212405156069,-0.295263125728,-1.93302485447,2.49057539876e-06,0.00420067175556,-2.16141224496,5.07426061462e-05,0.0184655403095,2.99252527597,-4.75821752861e-07,-0.00229041979384,-0.209915974924,1.30170971168e-05,0.00493834910616,-1.02875605642,5.14349380085e-09,8.43547748589e-05,-0.919653405842,5.23623415981e-06,0.00468048948211,1.27579086416,-2.06952801411e-05,-0.0249958509165,-2.12102064701,3.56428896884e-06,0.00670089204838,-0.665778556258,7.68691867653e-06,0.00452300091783,-0.137256818514,2.38877352913e-07,0.000519578071344,-1.33314412453,0.00016135357911,0.0372684422501,-1.53089373244,8.47079612121e-05,0.0293463595389,0.962710357901,-0.194073287502,1.93007747029e-06,-1.4289686106,0.000123066655454,0.0311091847394,-0.258412766026,-2.65681729724e-08,-5.38084291078e-05,1.17568444527,-0.112011156177,-0.239295476983,-0.364104059919,0.00020775401155,0.0581713330972,-0.926225519676,4.20926951563e-05,0.0139400495002,-0.730292696273,0.073706095938,0.039984137809
gradient,1,0.25,0.259999990463,predicted,Actual proposal support boundary; monitored coordinates are pre-native endpoint forecast,True,50,-0.12028788634,0.399378453159,0.000707247409817,-0.117382770815,-0.113345361974,0.0501057772762,6.79033534346,6.2223465102,0.364540767996,-0.515755506745,1.70606070452,0.184493846115,0.271272005416,0.26309123311,0.258365443863,0.202747622384,4.48986029308,0.208028237972,0.669290323463,9.30739772302,2.25486030473e-07,0.000688650132459,8.71124882852,5.90039065361e-06,0.00381655080904,9.61209812349,2.32564568746e-08,0.000188630429915,8.26909490825,1.37712287115e-05,0.0092901432817,10.2445393549,9.40329805809e-10,2.25743850856e-05,8.90393272942,1.30269394453e-06,0.00194254192642,8.29672669674,2.79688343296e-06,0.0062149939986,9.06618335646,3.77887019407e-07,0.00110375684048,8.87543012324,2.12098359126e-06,0.002402270966,8.64978140642,2.47696019156e-06,0.00332330732802,8.1475898669,2.30816316192e-05,0.0121526492964,8.32899690564,1.21690959958e-05,0.00803761600659,4.65781603965,0.164660077501,0.341193969113,8.25797976608,2.17879133333e-05,0.0104628931425,9.5795505567,2.41741768163e-08,0.000197491716507,5.24692735608,0.0575852977722,0.291383936742,7.26175426511,0.000358192603842,0.0707610032234,8.40912448208,9.13324621029e-06,0.0068290578601,5.15592750592,0.0583361641638,0.174058093574,-0.160283615722,0.672521900689,0.442648053169,-1.49193948507,-0.202270954847,-0.00942428396548,0.226813377788,1.12740022904,2.79908145396,0.803617202869,-0.587645836693,-0.00554490930992,-0.021696273791,-0.0161732969488,-5.56253298338e-05,-0.0251744116039,-0.375762227903,0.127782244808,-0.086511600827,0.585649453057,-5.21781389796e-07,-0.0011617419037,-1.6651524007,4.24271308351e-05,0.0147441342776,2.94226774256,-4.34567243675e-07,-0.0021887049312,-0.629109451234,5.07578416604e-05,0.0144262904905,-0.902081303362,5.13252981782e-09,8.04450257139e-05,-0.598625482391,4.08070904881e-06,0.00321774142136,0.362393593064,-5.72921116858e-06,-0.00698675652566,-0.803964249816,1.55926719723e-06,0.00277627891084,-0.564263120457,4.73475503461e-06,0.00345864946195,-0.399112563047,4.78689703531e-06,0.00332536438742,-1.17799373242,0.000154205026002,0.0337168474821,0.194290544677,-8.18596965019e-06,-0.00342628567644,1.0230427142,-0.198852996879,0.0668689211296,-1.46566309692,0.000123306357262,0.0330745709909,-0.409648121331,2.25675549148e-09,0.000105275143125,1.47566241757,-0.116588462324,-0.173110092804,-0.0643313670993,-0.000191674873306,0.0217493465328,-0.221694272075,7.52522227367e-06,0.00198617014573,-0.113080330667,0.010831817515,-0.0181893932883
gradient,1,0.26,0.269999980927,predicted,Actual proposal support boundary; monitored coordinates are pre-native endpoint forecast,True,50,-0.120522315997,0.39486545906,0.0016189099884,-0.131061237493,-0.114305101063,0.0494900623925,6.78319953092,6.22791680996,0.383439469702,-0.505816537875,1.70065062958,0.18462455365,0.271127650258,0.263167158337,0.25840188742,0.202359371432,4.48831935043,0.208653385764,0.669252391672,9.31485431804,2.18511929756e-07,0.000674030308227,8.69865947834,6.24522262599e-06,0.00393192665216,9.63388586966,2.04022518222e-08,0.00017356159479,8.26291629413,1.43253233668e-05,0.00943394596019,10.2351627716,9.97028529397e-10,2.34581401987e-05,8.90114581443,1.33467556398e-06,0.00196113529396,8.29534715959,2.81863320993e-06,0.00624087211201,9.06431156125,3.82572621795e-07,0.0011113249923,8.87124335172,2.15084778316e-06,0.00242748152278,8.64548145398,2.53550790596e-06,0.00336001007875,8.14127808436,2.40142532015e-05,0.0123407953326,8.33562684801,1.18504752613e-05,0.00791607008291,4.66400077517,0.163401226889,0.34148285756,8.24541376374,2.28742726976e-05,0.010753245713,9.5760905474,2.42764707481e-08,0.000198704055423,5.25948440091,0.0565920116469,0.289870953786,7.2641776501,0.000351922855028,0.0706166052104,8.4118392751,9.01703063865e-06,0.00676598712274,5.15478567365,0.0584132710561,0.173704694315,-0.082836787825,0.311232397339,0.265289783478,-0.607629090548,0.154995083809,-0.0323901182378,0.196818365407,1.02583342844,1.26579698127,0.373103954021,0.129396082831,-0.00788747445034,-0.0176402080821,-0.01404657156,0.00114634030335,-0.00986032694451,-0.133780519408,0.0563883653221,-0.0111311247838,0.424739869296,-3.96920414234e-07,-0.000842613227126,-0.386690311873,9.86016736003e-06,0.00344111131297,1.31132685613,-1.74863225749e-07,-0.000917283581766,-0.266185471175,2.41879194654e-05,0.00643693069629,-0.665305799176,3.957662471e-09,6.21142994625e-05,-0.394120012175,4.09386597019e-06,0.00268770897934,0.174384284068,-1.76997860043e-06,-0.00296233374627,-0.350857317833,7.55723774725e-07,0.00128329320613,-0.470535745534,3.67553611402e-06,0.00283938316869,-0.190834601149,3.75399380839e-06,0.00181428951621,-0.862428160255,0.000106848821812,0.024708787086,-0.0820677686476,7.82659445736e-06,0.00197126774679,0.526168455113,-0.0977620852264,0.0395909947099,-0.828698328205,7.53735664005e-05,0.019007786927,-0.289242509796,1.39300988237e-08,0.000113978428915,0.901519230274,-0.0687245514179,-0.0833319324524,0.058258608456,-0.000234823072693,0.000511601784286,0.147272495004,-6.14184383568e-06,-0.00286570795001,0.100918974835,-0.00367786382431,-0.0218571822778
gradient,1,0.27,0.280000001192,predicted,Actual proposal support boundary; monitored coordinates are pre-native endpoint forecast,True,50,-0.121944622097,0.405603101105,0.00601304307937,-0.129535352626,-0.110245460298,0.0494579749114,6.79427171077,6.24286317877,0.389856707622,-0.508293427664,1.70864862617,0.184336096626,0.270919201254,0.262810301679,0.258388370669,0.202550415845,4.48718468269,0.209156005278,0.669067700967,9.31589252041,2.17547622188e-07,0.000671797867916,8.70351502228,6.09759400081e-06,0.0038853730353,9.63832466061,1.97591923596e-08,0.00017028475828,8.26377119882,1.42549871008e-05,0.00941888189563,10.2312332389,1.01948305523e-09,2.38166710748e-05,8.89605032918,1.38457126393e-06,0.001996296106,8.30021438242,2.76148386095e-06,0.00615574732367,9.0591662101,3.93001494902e-07,0.0011294227046,8.86601940833,2.19449431354e-06,0.00245905862937,8.6459647144,2.55204006773e-06,0.00335959311834,8.13034130369,2.52186080554e-05,0.0126468250381,8.32735555027,1.2325627885e-05,0.00807704136153,4.66833940875,0.162704835796,0.341985789008,8.24140579952,2.32953846613e-05,0.0108430488811,9.5737657065,2.44527787928e-08,0.000199771285086,5.26495774068,0.0562108067438,0.289717298093,7.26291943728,0.000353496142388,0.0707712352591,8.41206993198,9.01040933358e-06,0.0067717437011,5.15794588542,0.0582626068873,0.173620949928,0.331385531131,-2.51237053386,0.615054607391,0.542691260576,0.387149184942,0.0358148760312,1.01550261244,1.21354161838,0.494369766125,-0.469919579963,0.399842354209,-0.0295502531063,-0.0163775719531,-0.0338628150745,3.37677080786e-06,0.029590287373,-0.37598792959,0.0871652128353,-0.0305326857523,-0.197007333395,2.30435631144e-07,0.000399919720337,1.03399564781,-2.79311042964e-05,-0.0094317953212,0.0757707499992,-1.43190866349e-08,-6.48976949207e-05,0.182553247866,-1.51881985572e-05,-0.00395855204858,0.00562071420734,-2.50599876727e-10,-3.55971622317e-06,-0.131283713392,1.29085673255e-06,0.00102565897469,0.704839153955,-8.52472808842e-06,-0.0123284879865,-0.741160642562,1.50594453331e-06,0.00259941694564,-0.476259221356,3.81010224103e-06,0.00283170686561,0.18763567171,-1.60873499398e-06,-0.00134219092966,-1.11002125268,0.000115866681332,0.0308948216891,-1.16252058283,6.50173555823e-05,0.0224704997706,0.469738592672,-0.0818915558641,0.0610528824002,0.0880049282572,-1.16148443926e-05,-0.00197126020304,-0.141009966624,4.98423621121e-09,3.87061392408e-05,0.430363001737,-0.0279709907291,0.0190995637025,-0.287998102936,0.000443016869323,0.0315037698192,0.289396170599,-1.59508637491e-05,-0.00348282755441,0.194270637771,-0.00767100201038,-0.00147291668492
gradient,1,0.28,0.289999991655,predicted,Actual proposal support boundary; monitored coordinates are pre-native endpoint forecast,True,50,-0.113894605375,0.344618048383,0.0139200021362,-0.120207412281,-0.106562117364,0.0502063599131,6.80350958317,6.25218764232,0.393326865024,-0.515214929475,1.70864747666,0.184033548588,0.270800098819,0.262489902036,0.258401954955,0.202951177179,4.48079959184,0.210396690021,0.668641737957,9.31091417137,2.23120642379e-07,0.000682028702634,8.7193393913,5.68660054006e-06,0.00374329074573,9.63540128466,2.01158700895e-08,0.000172263640892,8.26656735909,1.40215593956e-05,0.00935477491922,10.2352751859,9.92016531863e-10,2.33869458743e-05,8.89852014017,1.36049269863e-06,0.00198164847345,8.30944394267,2.64813864816e-06,0.00599430235228,9.04948834839,4.12691512461e-07,0.00116331333121,8.86171816729,2.22704982798e-06,0.00248411566009,8.64923416742,2.50333320608e-06,0.00333316626016,8.11907765931,2.63315868282e-05,0.0129586917664,8.31237643635,1.31508223729e-05,0.00836548007832,4.67339554702,0.161763395772,0.342703915208,8.2471738623,2.26419758098e-05,0.0107138205089,9.57327034807,2.43761554724e-08,0.000199478178208,5.26809166095,0.0560325918323,0.29025294506,7.25841768804,0.000360783192415,0.0712466806068,8.41762719852,8.69801336367e-06,0.00669633057165,5.1586710864,0.0582598510159,0.173675235982,0.281380780489,-3.69310994199,0.502502441406,0.890756756067,0.182640224695,0.0755115098967,1.10033568199,0.439215260274,0.384320425848,-0.665038015664,0.32129853809,-0.0280232194219,-0.00909809892891,-0.016164697722,-0.000662578724175,0.0287892216585,-0.301809269737,0.0603148791377,-0.0332857503616,-0.519653100705,5.8953548564e-07,0.00108576926508,1.03791823224,-2.7118814714e-05,-0.00933190913426,-0.348998684476,3.10066333857e-08,0.000188386812724,0.221849470874,-2.20036968194e-05,-0.00535485022396,0.794290877695,-5.08714341463e-09,-8.01572942617e-05,0.267216091619,-2.63665617332e-06,-0.00163649617073,0.645446153948,-7.62146241382e-06,-0.0112289008223,-0.656656160089,1.25665209928e-06,0.00223392949825,-0.132299074633,8.76914802631e-07,0.000694931977139,0.153375839532,-2.50284780486e-06,-0.00103092893008,-1.03959412925,0.000112277861777,0.0293626975899,-1.29358101131,7.45309409261e-05,0.0252804687015,0.247717148739,-0.0510442280267,0.0499236850528,0.450873097469,-4.79519265746e-05,-0.0102673046222,0.425794322505,-7.84718291561e-08,-0.000395142523824,0.19522702526,-0.00709260380547,0.0809283791237,-0.318473000038,0.000576887674927,0.0305353308145,0.121882675539,-1.01603906763e-05,-0.00038861067755,-0.0400350398361,0.00432596777614,0.00321143485171
gradient,1,0.29,0.299999982119,predicted,Actual proposal support boundary; monitored coordinates are pre-native endpoint forecast,True,50,-0.116317006487,0.331740902265,0.0160630919075,-0.111720217505,-0.106592655804,0.0509682051093,6.81627842441,6.25164748398,0.397543116139,-0.521594187978,1.71507459693,0.183775632238,0.270737239276,0.262487007724,0.258375119094,0.203126200278,4.4811484973,0.210362302861,0.66840198596,9.30549945839,2.29338331901e-07,0.000693513253218,8.72427338692,5.55521770653e-06,0.00369873485262,9.63134468692,2.03793250273e-08,0.000174052494535,8.26820818824,1.38149131644e-05,0.00931178489115,10.2471190565,9.17740186936e-10,2.22135251896e-05,8.90139465101,1.33183814046e-06,0.00196356618259,8.3131233055,2.60905461268e-06,0.00593116930723,9.0460330869,4.18134536888e-07,0.00117410129456,8.86337342684,2.21203260959e-06,0.00247295726891,8.64903223119,2.50198311163e-06,0.00333897453974,8.10954942111,2.7464165291e-05,0.0132340789899,8.30148393004,1.38162467035e-05,0.00858265073556,4.67329375172,0.161683951236,0.342984262709,8.25042326147,2.23363461298e-05,0.0106377027886,9.58228159295,2.28833422097e-08,0.000191868434609,5.26886228119,0.0560689546677,0.291335865675,7.25654997728,0.000365033895887,0.0713819418753,8.41450758549,8.80720152005e-06,0.00676397148755,5.15714518462,0.0583491262428,0.173685178625,-0.485806886389,3.84617833442,0.0530799627304,0.778234124184,0.277853116393,0.0464700415704,2.70413758731,-0.301638935631,0.102727641265,-0.632738255239,0.994136342369,-0.0325902153944,-0.0172068686548,-0.0161226127211,-0.0186499384368,0.0287599735303,0.312236843884,-0.0253990841859,-0.0560954250118,-0.464581590943,5.30878725512e-07,0.000985889718144,0.30925646029,-9.90640453601e-06,-0.0031123586636,-0.883992693478,9.67473259339e-08,0.000542062654456,0.552204391093,-4.37868071639e-05,-0.0127298109835,1.17481128184,-7.15384727633e-09,-0.000114037289272,-0.0279177855302,-3.89487362154e-07,1.55084218031e-05,0.267886357245,-1.96859412521e-06,-0.00409837332007,-0.0868921405379,1.74203462257e-07,0.00028189487221,-0.18432630587,1.90179692153e-06,0.00103982901556,-0.148529825156,1.56325443238e-06,0.00163997530772,-0.773378284903,8.26993310207e-05,0.0222560795646,-0.909654699471,5.55634583751e-05,0.0181697871652,-0.151294884588,0.0286879268339,0.0396890995956,-0.187486603414,2.09284354144e-05,0.00363212275862,0.852457851005,-1.23613024376e-07,-0.000660286325204,-0.207809593862,0.0217172362759,0.101557121869,0.0301398058944,0.000181188292869,-0.0157665921965,-0.340222175894,1.32588577677e-05,0.00707652898116,0.111884047775,-0.00793848835688,-3.76609949679e-05
gradient,1,0.3,0.310000002384,predicted,Actual proposal support boundary; monitored coordinates are pre-native endpoint forecast,True,50,-0.123610743102,0.421541615071,0.0149816013908,-0.104642729797,-0.101005055037,0.0511357607445,6.85759233491,6.24615486361,0.39538141785,-0.527869694579,1.72853020351,0.18338174428,0.270455961445,0.262167449781,0.258028956187,0.20352637665,4.48704432871,0.209888708337,0.667519829456,9.30162253955,2.33738216889e-07,0.000701746496996,8.7255245205,5.48847244934e-06,0.00368104357246,9.61772143079,2.20508166082e-08,0.000183104893981,8.27761144691,1.31458232524e-05,0.00910017869955,10.2587714115,8.48939586336e-10,2.11062000888e-05,8.89796178446,1.35270295138e-06,0.00198195864189,8.31480166982,2.60876676566e-06,0.00591233488588,9.04775050558,4.16175581706e-07,0.00116895122866,8.85803164117,2.26508576641e-06,0.0025049122404,8.64626357091,2.53459829473e-06,0.00336596576631,8.10361009361,2.79855734486e-05,0.0134038133577,8.29418334236,1.42620915404e-05,0.00872887582162,4.67036964933,0.162337154308,0.3434976972,8.24342413023,2.30605445181e-05,0.0107864629641,9.59031950509,2.19038949848e-08,0.000186272451704,5.26393546907,0.0564669365578,0.292284087497,7.25902048415,0.000364406958272,0.0709313487628,8.410822755,8.96319051902e-06,0.00683786115127,5.16090876736,0.0581010812487,0.173674482762,-0.335046841314,4.08008063404,-0.0929608345031,0.749010950327,0.486295804381,0.061365707733,3.15107094424,-0.419843969081,0.090540251625,-0.579816257472,1.63274448843,-0.0358157738426,-0.0164138090753,-0.00731736880827,-0.0279355452579,0.0183900598925,0.412668054036,-0.0370286044686,-0.0731823698096,-0.239881687813,3.55753261722e-07,0.000567391414443,0.0782580988794,-4.36198825916e-06,-0.00114968272469,-1.40419397501,1.80691623288e-07,0.000963887919306,0.666359978291,-4.81446687926e-05,-0.0147937334539,1.10611500701,-6.2089357738e-09,-0.000101477155321,0.0654000148398,-1.12644068294e-06,-0.000588629754316,0.183078409304,-9.60729972819e-07,-0.00254133714458,-0.0507876920685,3.35250161255e-07,0.000346071144172,-0.202093480872,2.21799655918e-06,0.0011513809469,-0.290256123642,2.76561171252e-06,0.00280599710672,-0.703177155536,7.13155680865e-05,0.0203253171176,-0.683153805436,4.41063022749e-05,0.0138669229609,-0.147249634084,0.0403960546486,0.0822779695282,-0.328521344562,3.42235279664e-05,0.00668923421184,0.696794131457,-8.07879237666e-08,-0.00046980237022,-0.196262378417,0.0177113920929,0.0927104012441,0.255494241687,-0.000147224309817,-0.0422175968116,-0.220793449083,1.00890681116e-05,0.0046671238596,0.343995019631,-0.0231350852771,-0.00674841717832
gradient,1,0.31,0.319999992847,predicted,Actual proposal support boundary; monitored coordinates are pre-native endpoint forecast,True,50,-0.123017943313,0.413342514946,0.0142038752174,-0.096739998498,-0.0968667397165,0.052195519264,6.8792998433,6.2432506046,0.399353921171,-0.533190513127,1.7477294867,0.183059316761,0.270408963094,0.262340660348,0.257816408189,0.203494001476,4.48940185838,0.209621730772,0.666938338564,9.30070182464,2.36453397135e-07,0.000704861081506,8.7258385489,5.46797794135e-06,0.00367574119813,9.60326080742,2.39931574931e-08,0.000193330252921,8.28153538781,1.28520197885e-05,0.00901591022207,10.2692413566,7.9356147146e-10,2.01839820832e-05,8.90270265131,1.3093093268e-06,0.0019517935875,8.31678487369,2.58984001322e-06,0.00588034256434,9.04501733306,4.24839540113e-07,0.00118102271745,8.85933155722,2.25639254077e-06,0.00249598488785,8.64322710872,2.55729534588e-06,0.00339509448188,8.095485878,2.88904766527e-05,0.0136405853323,8.28782085393,1.4698372749e-05,0.00885998919477,4.67034875904,0.162491872329,0.344629822099,8.24385283457,2.30208166891e-05,0.0107714874729,9.59621747558,2.12675837344e-08,0.000182472387205,5.26493703362,0.0564231825096,0.2931900737,7.26165986211,0.000362089409691,0.0705375899391,8.41009171651,9.00898288229e-06,0.00685731396475,5.16402508502,0.0578864245373,0.173550210281,-0.122713164997,0.250310656523,-0.115660309792,0.360772639513,0.147232681513,0.0993065645129,1.87705781496,-0.388566368313,0.706176933625,-0.288479824639,1.28644328585,-0.0281585297958,-0.00798257214076,0.0167080279339,-0.0173237176221,-0.00172536573477,0.261417347631,-0.0236039741765,-0.0738241133291,-0.156377160061,3.23064761044e-07,0.000450025390577,-0.413189206504,9.24578950905e-06,0.00339551040105,-0.846019337002,1.1631768238e-07,0.000607199076443,0.0663767367483,-7.63302026101e-06,-0.00145269325273,0.93543792319,-4.86037471516e-09,-8.168251304e-05,0.435045417716,-4.50375272463e-06,-0.00303686871035,0.127263859652,-1.59086097517e-06,-0.00220815917177,-0.235634179242,7.42216424494e-07,0.00102530081893,0.151896048196,-1.04038972877e-06,-0.00103052991514,-0.390179134379,2.77998111645e-06,0.00354777671343,-0.586392505011,7.04248636445e-05,0.0173509293714,-0.391656615113,2.74093797661e-05,0.00811834187899,0.0312363754506,0.00274645727678,0.0823612221726,-0.123716029691,9.71952868058e-06,0.00236718273861,0.522429019658,-5.76963803781e-08,-0.00033954706145,0.0491959393025,-0.00385059268005,0.0402905299052,0.199744129448,-0.000175528906102,-0.0295678219445,-0.273801937302,1.02725292306e-05,0.00482886792629,0.129440014262,-0.0114248095186,-0.00803752606539
gradient,1,0.32,0.329999983311,predicted,Actual proposal support boundary; monitored coordinates are pre-native endpoint forecast,True,50,-0.126065006402,0.426547828201,0.012668395195,-0.0974272770071,-0.0980604014063,0.0531218920348,6.89513349121,6.23838353625,0.409504956522,-0.533639291072,1.75425906922,0.182818573684,0.270296310003,0.26250161034,0.257682481834,0.203491869335,4.49227267567,0.209416628854,0.66604334719,9.29849499635,2.4019951211e-07,0.000710747004808,8.71726073637,5.67338823953e-06,0.00374895378048,9.60080104405,2.43771702558e-08,0.00019524887551,8.27893898165,1.29931628471e-05,0.00907112483449,10.27748017,7.51732092033e-10,1.9472549828e-05,8.90666269281,1.26262789689e-06,0.00192122126768,8.31734694701,2.57694954616e-06,0.00586817170244,9.043037822,4.31019910196e-07,0.00118945724503,8.86106956214,2.24427797183e-06,0.0024843016421,8.63845998823,2.59019791706e-06,0.00343692130058,8.09188224351,2.93940707215e-05,0.0137508319451,8.28635021006,1.48102791358e-05,0.0088912426592,4.67099437684,0.162392083454,0.345144921644,8.24094980964,2.32549350917e-05,0.0108338066188,9.60076808548,2.07499673773e-08,0.000179481510475,5.26491938786,0.0563899247042,0.293089898095,7.26301536674,0.00036089638015,0.0703399923239,8.40534671625,9.16864110363e-06,0.0069344385098,5.16349756764,0.0578725850584,0.173513732241,-0.119940724478,-0.190653645692,-0.164318323136,-0.338732421398,-0.406683713198,0.033291793599,0.559022037067,-0.379826680219,0.599883948129,0.260217893699,-0.198327729212,-0.0128289570676,-0.00415976774434,0.0210620435902,-0.00514042470506,-0.00261183145913,0.259026043145,-0.00410636160601,-0.107238511957,-0.323369506471,4.5462738641e-07,0.000778445798551,-0.83124036564,2.04646017696e-05,0.00718533268424,0.168446526128,-9.36089687766e-09,-7.42635958004e-05,-0.428653754227,2.24238790168e-05,0.00904283127127,0.349381241993,-1.71518845384e-09,-2.93164419474e-05,0.121398113684,-2.86250920213e-06,-0.00151549488489,-0.121789294952,8.36882845148e-07,0.00182784163405,-0.130140335611,5.42688855625e-07,0.000630505156441,0.0708366367933,8.55868951537e-07,-0.000240266337308,-0.0980098257417,-2.0535263597e-06,0.000262224225898,0.241965056645,-2.67134094224e-05,-0.006883266111,0.122989309877,-7.38333821405e-06,-0.00257500707827,0.0507658485885,-0.0102064150644,0.0081018240864,-0.0753712363014,6.33291959043e-06,0.00128525704558,0.0975718331544,2.21004851122e-10,-1.61426273574e-05,-0.241397219498,0.0117329527267,-0.0313961892258,0.122831110388,-0.000177859628315,-0.0143968810744,-0.80595635261,3.01633863855e-05,0.0134124328991,-0.241612415886,0.0113570021704,0.0109187865115
gradient,1,0.33,0.340000003576,predicted,Actual proposal support boundary; monitored coordinates are pre-native endpoint forecast,True,50,-0.125416757803,0.409529442032,0.0109175087547,-0.103514646926,-0.10500041398,0.052861355136,6.89048028404,6.23565407099,0.411351600134,-0.527986155253,1.74376293212,0.18280273762,0.270325767739,0.26276190122,0.257713599695,0.203441764847,4.49458237924,0.20953960354,0.664793568325,9.29423443451,2.45545944863e-07,0.000720429997477,8.70921374159,5.87726997674e-06,0.00381944785181,9.60662973795,2.38059395555e-08,0.000191844981005,8.27296231272,1.33004973689e-05,0.00919676684749,10.2762289815,7.59257702384e-10,1.95976532442e-05,8.90513061358,1.25205914276e-06,0.0019214836898,8.31434908779,2.60657767012e-06,0.00591689939702,9.04241452635,4.35693317225e-07,0.00119363282058,8.86074828995,2.2735099198e-06,0.00249117956111,8.6412669122,2.51622481868e-06,0.0034003389664,8.10032517913,2.83562084642e-05,0.0135029200101,8.29028064013,1.45507059847e-05,0.00880848905321,4.67136407601,0.162287744027,0.344791858581,8.24234540985,2.31474750809e-05,0.0107971926138,9.59816891224,2.12720038314e-08,0.000182149534658,5.26010908923,0.0566578415641,0.292562149915,7.26411648432,0.000358532217124,0.0702496523176,8.39397258946,9.61225061e-06,0.00712556262273,5.1591928367,0.0581135645807,0.173768586012,-0.136808325952,-1.15526115138,-0.230926990509,-0.402362078428,-0.450537934899,-0.0305315194475,0.185582128727,-0.0107368538815,0.0276580851195,0.572633531409,-0.0768920323998,-0.00542614481333,-0.000646952276872,0.0111997716531,-0.00386273761448,-0.00250495582373,0.112805804401,-0.0125624444373,-0.108759607365,-0.319500955385,3.92610279815e-07,0.000726308454297,-0.914406365832,2.32159381077e-05,0.00808736546058,0.324916785355,-4.09342570198e-08,-0.0002213248054,-0.333395130334,1.48314543345e-05,0.00685356510222,-0.122588315169,7.55091164045e-10,1.26301178552e-05,-0.279702883268,5.20395068116e-07,0.00103382475241,-0.318297777391,3.45412303647e-06,0.00533450135226,0.188049585208,-2.23411801906e-07,-0.000590263986515,0.02871920389,1.92923269342e-06,0.000232417620171,0.208041970954,-5.23498959628e-06,-0.00263328109203,0.45827797988,-4.96237651665e-05,-0.0133221483591,0.422742970299,-2.64550630207e-05,-0.00868361045315,-0.00652421359808,0.00394921990831,-0.0131454729321,-0.0259914764304,6.90497571502e-06,0.000137359240016,-0.147707555032,2.88552195183e-08,0.000150504423417,-0.506517283477,0.0317279674109,-0.0358402440226,0.137537867188,-0.000216270391218,-0.0149739690521,-1.08680484884,4.73596028932e-05,0.0185656531918,-0.32415618262,0.0157064949584,0.0149038472613
gradient,1,0.34,0.34999999404,predicted,Actual proposal support boundary; monitored coordinates are pre-native endpoint forecast,True,50,-0.128801172921,0.403442605174,0.00804985538482,-0.105474518576,-0.107071160104,0.0525112616458,6.89884513379,6.23816879917,0.410058118225,-0.522186620444,1.75272122858,0.182710050788,0.270283370957,0.262725605773,0.257605227082,0.203441770219,4.49452879176,0.209165379965,0.663868155042,9.29210497724,2.48051717706e-07,0.000725273173894,8.69897260906,6.13770700168e-06,0.00391070108969,9.60729937975,2.35584851154e-08,0.000190822379402,8.27227107904,1.32897919338e-05,0.00920819613654,10.2750284037,7.66833915314e-10,1.97251521851e-05,8.90106863515,1.27303579825e-06,0.00194189776273,8.31098099146,2.64603200689e-06,0.00597486172949,9.0467988137,4.26551674158e-07,0.0011776519653,8.86164394621,2.2828626257e-06,0.0024889499945,8.64262082764,2.48549812513e-06,0.00338425567874,8.10104780311,2.84015954182e-05,0.013484388978,8.29480506947,1.42811778754e-05,0.00871757045014,4.67086389257,0.162471067852,0.344882012185,8.24042998011,2.3393034606e-05,0.0108365538036,9.59781393438,2.13270717676e-08,0.000182491598943,5.25478904219,0.0570244840524,0.292373093215,7.26576612409,0.000356570972326,0.0700405129429,8.38361061928,1.01158331615e-05,0.00730575157363,5.15701444399,0.0581867149575,0.173811809186,0.177518686922,-1.21548298839,-0.166307926178,-0.246409237385,-0.172280579805,-0.0313052917313,0.522429342895,0.0440260436725,-0.253586290736,0.462535945081,0.776702742405,-0.0045895173111,-0.00144291168538,0.00200868735842,-0.00909216226273,-0.00166012716189,-0.0637817901797,-0.0108573686593,-0.0745668931495,-0.0391462359546,2.84684002351e-08,9.67432654163e-05,-0.688165430564,1.70828740321e-05,0.00606390638282,0.0696065242959,-1.77523921841e-08,-7.75379653372e-05,-0.045730281732,-2.37891944633e-06,0.000588828502903,-0.10096446975,6.03789914828e-10,1.03136029069e-05,-0.375599265919,1.82506582221e-06,0.00184348997041,-0.191414311691,1.70899987966e-06,0.0031420388923,0.367150514982,-8.00544356602e-07,-0.00136329457053,-0.0335630594168,1.90117003257e-06,0.000509470422989,0.192769582225,-3.78535282731e-06,-0.00215907897917,0.160751669941,-1.31238251583e-05,-0.00454124976288,0.492836854567,-3.08378883237e-05,-0.010022631797,-0.00323725822699,0.00864593047609,0.00423951903613,-0.139192608875,1.93022114989e-05,0.00272325753059,-0.129058726579,2.12212784611e-08,0.000110879588772,-0.370878466123,0.0242674172656,-0.0307091722187,0.0172751446775,-1.76893656856e-05,-0.00189180677088,-0.853865519854,4.12470242354e-05,0.0149540143443,-0.0715655474252,-0.00122470514337,0.00212320506926
gradient,1,0.35,0.359999984503,predicted,Actual proposal support boundary; monitored coordinates are pre-native endpoint forecast,True,50,-0.121866384064,0.385219782264,0.00759135023117,-0.108442831674,-0.108446025577,0.0522352493014,6.9009288709,6.23653459187,0.406279874319,-0.518735436351,1.75929698697,0.182710947273,0.270296909506,0.262802074967,0.25753175645,0.203408562303,4.49330674344,0.209322456167,0.663302230462,9.29345150979,2.46115312868e-07,0.000722364862786,8.69545043298,6.21892745738e-06,0.00394072597947,9.60802186843,2.34508917118e-08,0.000190294221698,8.27204770709,1.32529189799e-05,0.00920854341755,10.2742096921,7.7133350068e-10,1.98039253024e-05,8.89761862826,1.28856045921e-06,0.00195835348921,8.31052080156,2.64075766772e-06,0.00597974017486,9.04975753665,4.19682430093e-07,0.00116636692916,8.86007702877,2.31153332045e-06,0.00250136896957,8.64512230385,2.44051776214e-06,0.00335715738681,8.10354021253,2.80937319611e-05,0.0134120950148,8.30013737722,1.39339482182e-05,0.00860803641727,4.67129933085,0.162460662637,0.344876648962,8.23956155767,2.35335193109e-05,0.0108516577644,9.59558773771,2.16964294006e-08,0.000184367126433,5.25269151991,0.0571431899094,0.291947966471,7.26446198721,0.000358178429811,0.0702118161822,8.37689527906,1.04371910947e-05,0.00742464290961,5.15776152575,0.0580890704778,0.173811050113,0.472104578491,-0.805590196514,0.0622493028642,0.49319332838,0.368550792336,-0.0571817114838,0.174233232999,0.313952222153,-0.351566054756,0.238814550792,-0.535398657594,-0.00891304441712,-0.00656690370927,-0.00400080256437,-0.00134109793431,0.00889025937744,-0.0500813878489,0.00126741030765,0.0349402925857,-0.383360096821,3.94314231332e-07,0.000806069824764,0.71940275757,-1.86708734501e-05,-0.00646946111326,-0.116989838903,1.59772949527e-08,7.18973891688e-05,0.531883310795,-3.40666345049e-05,-0.0116737714605,-0.359909945887,1.82981126538e-09,3.07033916879e-05,0.168085706546,-7.77008766875e-07,-0.000770821506402,0.00915804761627,3.6830615427e-07,5.66564267657e-05,0.219304411812,-4.55349494976e-07,-0.000798628630701,-0.28943937796,2.36665396083e-06,0.00177943422365,0.209372373633,-4.29961744476e-06,-0.00221875323112,-0.145968626086,6.84016430214e-06,0.0039479472906,-0.435844910995,2.71669730494e-05,0.0089538393729,0.132478539383,-0.00905633339836,0.0696956722959,0.27148571926,-3.57713007412e-05,-0.00583661409562,-0.393672362833,5.6909508949e-08,0.000299812548962,-0.581266746676,0.0453486289282,0.0190571500444,0.0769623911842,6.0347318202e-05,-0.018265649968,0.527191801315,-2.5041722774e-05,-0.00880817011816,0.105212713253,-0.00956277901085,0.00376207438274
gradient,1,0.36,0.370000004768,predicted,Actual proposal support boundary; monitored coordinates are pre-native endpoint forecast,True,50,-0.119359081352,0.387330801244,0.00929484144211,-0.0956106520081,-0.0997001442575,0.0513676274161,6.90232979845,6.24444784361,0.40302679713,-0.517410329428,1.74201325542,0.1825317899,0.270152032883,0.262645589722,0.257578405123,0.203619575406,4.493527164,0.209190728171,0.664566960894,9.2844377753,2.55938002333e-07,0.000741394570389,8.71336066421,5.76428953268e-06,0.00378131186743,9.60495958298,2.38780310145e-08,0.000192260327185,8.28290874526,1.26084592437e-05,0.00897472070733,10.2678302048,8.03430140621e-10,2.03392200189e-05,8.90443034928,1.25749562292e-06,0.0019264813326,8.31116415241,2.65339812997e-06,0.00597599485802,9.05118490194,4.17444684259e-07,0.00116167939269,8.85585515865,2.33019570492e-06,0.00252453867897,8.64680827512,2.39950577624e-06,0.00333988061412,8.09812843059,2.85383987042e-05,0.0135633479238,8.28608817125,1.48245173363e-05,0.0088966472376,4.67351346336,0.162289941184,0.346275925631,8.2458596945,2.26776085911e-05,0.0107198215217,9.58994048713,2.24652619466e-08,0.000188487849922,5.24316370725,0.057931456631,0.292754236215,7.26730537191,0.00035777791869,0.0696751999435,8.3941544553,9.61499870602e-06,0.00712958817127,5.15911869826,0.0579954593773,0.173887050673,0.181570437751,-0.551639352149,-0.0678509473801,0.514201015234,0.578783631325,-0.0283652524128,0.751894219249,0.101378800361,-0.0893370898513,0.409196477576,1.24367588744,-0.00506169341969,-0.00275249512408,-0.00292513067374,-0.0143363072092,-0.00172722145668,0.132791389281,-0.00329183042439,0.0291076432946,-0.0380733397482,9.3372428838e-08,0.00012445155109,-0.10547789627,3.87214953618e-06,0.00114295067645,-0.368598291997,3.84929100998e-08,0.000212902059364,0.686802037965,-4.11807437371e-05,-0.014702504825,0.0861642331375,-5.65668288514e-10,-9.28351340411e-06,0.414929840584,-2.75192123238e-06,-0.00236088163394,0.0394290428346,-1.12456108711e-06,-0.000675616489219,0.474886672747,-9.99622399511e-07,-0.00168421452951,-0.259808492186,4.91386069387e-06,0.00213484708134,0.159869809775,-4.55289173013e-06,-0.00198270142728,-0.548079186521,5.46314269515e-05,0.0159763115209,0.168975016936,-1.64476008373e-05,-0.00405304617118,0.0304719593313,0.0125805000847,0.0832660930485,0.0703604675059,-5.76518729945e-07,-0.00197794556782,0.0051123646698,-5.05722716387e-10,-1.54803479704e-05,-0.543818453351,0.037701103645,-0.00866018950639,0.234129121492,-0.000265679245914,-0.0296785992578,0.170004804785,1.30015950807e-07,-0.00268394098276,0.267559230356,-0.0205724048376,-0.0245243112674
gradient,1,0.37,0.379999995232,predicted,Actual proposal support boundary; monitored coordinates are pre-native endpoint forecast,True,50,-0.118234975309,0.374186995221,0.00623433128357,-0.0981588113689,-0.0968703529501,0.0516679442531,6.91596675528,6.23856216787,0.404493132522,-0.5105515068,1.78417050472,0.182609713405,0.270241859603,0.262743572354,0.257245030306,0.203374017874,4.49596257123,0.209256619558,0.663884383328,9.29269004299,2.47982761445e-07,0.000724853893808,8.69334087505,6.29637044811e-06,0.003963584993,9.60064990259,2.42207499138e-08,0.000194552262885,8.28578374785,1.24293041052e-05,0.00891449332105,10.2759329767,7.6002013491e-10,1.96182550343e-05,8.90591722507,1.23352203456e-06,0.00191113585653,8.31130938241,2.61826644597e-06,0.00596622784508,9.0592552701,3.99689982103e-07,0.00113268263857,8.85488085892,2.40981053433e-06,0.00254406591119,8.64831970004,2.34945992754e-06,0.00331750335827,8.0925786288,2.91863605001e-05,0.0137316212452,8.30351687756,1.36049962015e-05,0.00852697549385,4.67190877003,0.162712272639,0.346541970823,8.24096876702,2.35219889363e-05,0.010812098853,9.595689985,2.16863149463e-08,0.000184057519474,5.24181515084,0.0578972119823,0.291774762681,7.26914456964,0.000352864844892,0.0696182441971,8.38029537516,1.04397914137e-05,0.00737096408996,5.16311271036,0.0576776223811,0.173320563888,-0.0290913706838,-0.708609388725,-0.228388428688,-0.197999745607,0.325087070465,-0.00751211373259,0.967925459599,-0.685713580968,0.0515952795651,0.381729262951,1.6868651082,0.00505925126412,0.00585517351946,0.00834916796828,-0.0143040605596,-0.015964136963,0.151696284123,0.0111076360819,-0.0309784726538,0.435403936485,-3.9831908167e-07,-0.000861288931374,-1.17144870979,3.14528631677e-05,0.0107045792093,-0.0291699259738,-1.65721626039e-08,-4.80467806426e-05,0.444132357598,-2.5473733596e-05,-0.00933935373983,0.328578352191,-1.81873769085e-09,-3.03449225294e-05,0.00912434700194,-5.59061057021e-07,-0.000322681820708,-0.0311092185444,-1.22830229436e-06,0.000338329123115,0.602962684267,-1.29219094695e-06,-0.00212499527308,-0.304165658665,6.87853133518e-06,0.0026711401796,0.0642749134367,-2.78786997626e-06,-0.00125602815894,-0.211626535718,2.87078053942e-05,0.00648808221596,0.896929592266,-6.29824217697e-05,-0.0189819656533,-0.224240083659,0.0445855247076,0.0186757610573,-0.522063194871,6.98091526479e-05,0.0109486251481,0.425875224244,-6.79139620515e-08,-0.000360839362777,-0.248977679469,0.0103486907049,-0.0620948016632,0.31223313916,-0.000583829162382,-0.0264364570222,-0.657869404387,4.12404781979e-05,0.0115325412378,0.377358596193,-0.0260080707434,-0.0375524976752
gradient,1,0.38,0.389999985695,predicted,Actual proposal support boundary; monitored coordinates are pre-native endpoint forecast,True,50,-0.119940908765,0.373158613469,0.00472707286835,-0.0995706469202,-0.0931984028482,0.0512173851415,6.92168830764,6.23073357199,0.404058702721,-0.509775744169,1.77575055759,0.182632974925,0.270269136353,0.262812573081,0.257292323912,0.203300292667,4.49656108968,0.209412880893,0.663947391441,9.29314585403,2.479716207e-07,0.000724168791762,8.68993169001,6.39334679603e-06,0.00399540345161,9.60437618446,2.35465877624e-08,0.000191299391573,8.29179139241,1.20989845718e-05,0.00878793363253,10.2744017718,7.67055386805e-10,1.97323215683e-05,8.90461283622,1.24631440178e-06,0.00192002769619,8.31054196804,2.62883208408e-06,0.00598276144048,9.06324415562,3.9160086532e-07,0.00111917948723,8.84977184548,2.46776633162e-06,0.00257796148256,8.64809377339,2.34374837671e-06,0.00331476005094,8.09389589987,2.91125548121e-05,0.0136931095681,8.30402676309,1.35648689009e-05,0.00851700792453,4.66902866168,0.163181651678,0.346649440852,8.2354184306,2.40737916441e-05,0.0109387940247,9.59845799161,2.11069827056e-08,0.000181271062667,5.23818415367,0.0581384304451,0.291512340182,7.27355003469,0.000346101335442,0.0691464708031,8.38099706721,1.043980827e-05,0.00736023899603,5.16666587018,0.0574752979624,0.17313600072,-0.0883907858147,0.404852681407,-0.137954115868,-0.571633040905,0.42329351604,-0.0480842523371,-0.112737389012,-0.637341896805,-0.133551250808,0.0611954320167,-1.38594596848,0.00352157213279,0.00617434185346,0.014484103942,0.0118687278642,-0.00985409539014,-0.00967987501676,0.0427158831014,0.00910004495999,0.400542904175,-4.97254267942e-07,-0.000872715884388,-0.325726380169,9.70778746789e-06,0.00307741720998,0.717761491988,-1.09602021812e-07,-0.000552198036784,0.364940636165,-1.79477980182e-05,-0.00754656548144,-0.567797652757,2.74353037809e-09,4.65276501185e-05,-0.0182145847467,-1.31743659821e-07,3.06086491964e-05,-0.0624887197619,9.01007811991e-07,0.00144765475064,0.458792393531,-9.11032316016e-07,-0.0015529836159,-0.723289653253,7.60332702246e-06,0.00468817147782,-0.168611567485,4.25375875254e-07,0.000940501188597,0.357612868728,-3.03835111088e-05,-0.0103540912157,0.413125643551,-2.42954589787e-05,-0.00803617122155,-0.298547989,0.0486007881909,-0.00666911761019,-0.756103817353,6.76215038482e-05,0.0177896369625,0.0387700221395,-2.48420286169e-08,-0.000106003484426,-0.0830171083481,0.00186175537772,-0.079302236314,0.290349802813,-0.000472676776776,-0.0293096548484,0.221555979256,-1.31817525413e-05,-0.00375373366625,0.410017812933,-0.0271658688377,-0.0230234543241
gradient,1,0.39,0.399999976158,predicted,Actual proposal support boundary; monitored coordinates are pre-native endpoint forecast,True,50,-0.120002791026,0.38228404885,0.00347524896621,-0.109591472187,-0.0884044826293,0.0507062592064,6.9137120075,6.22581532994,0.401822107506,-0.50932759816,1.75645158535,0.182680144848,0.27036534644,0.263033254433,0.257482404863,0.203176935966,4.49576897373,0.21011093722,0.664066384227,9.30070090108,2.38037676086e-07,0.00070739957612,8.68682634745,6.49052619746e-06,0.0040251333372,9.61500513243,2.20287094776e-08,0.000183508302149,8.29308256057,1.20703481448e-05,0.00876356201142,10.2645770237,8.14890742472e-10,2.05488080367e-05,8.90555293338,1.23088716136e-06,0.00191174802952,8.31005960802,2.63628660221e-06,0.00599518094009,9.06843111797,3.81469335783e-07,0.00110162296626,8.84041506586,2.56187707478e-06,0.00263782934075,8.64494746869,2.35796744504e-06,0.00333631338204,8.09973088617,2.85786902779e-05,0.0135245394209,8.31177939043,1.31190870219e-05,0.00836625206941,4.66593781025,0.163684288402,0.34640858847,8.22584669067,2.48744190133e-05,0.0111678915923,9.59646538545,2.11894743739e-08,0.000181937449785,5.24015480868,0.0579344470899,0.290188717955,7.2749515657,0.000343411309357,0.0690320511001,8.38472649474,1.01761563629e-05,0.00729588941663,5.17131306661,0.0571343050043,0.172860094801,0.242518237436,-6.307942081,-0.211029171944,-0.856235980988,0.224793583155,-0.0839070909889,-0.68502714227,-0.151704961042,-0.58402861135,0.302817750242,-0.911109281102,0.00408140356244,0.00729148493128,0.0154266849578,0.0108624202287,-0.00787542854794,0.0292989476152,0.0220095485071,0.00310809073734,0.61965776296,-7.8533919766e-07,-0.00135935888678,-0.361825103994,1.11657257205e-05,0.00344862907492,0.652430890617,-8.73523377832e-08,-0.000458685421636,-0.0748430211963,6.90307322134e-06,0.00167480344809,-0.847067757459,4.35678553222e-09,7.32097046467e-05,-0.174552726404,2.97003317037e-07,0.000692375755445,-0.271277107095,3.94007812388e-06,0.00526334079922,0.662539309381,-1.34388446945e-06,-0.00229273429109,-0.599066014119,6.31026479522e-06,0.00388731401803,-0.0281041114877,-1.9325344461e-06,-0.000588040978079,0.677380179216,-7.25166234158e-05,-0.0196896305581,0.914645747385,-5.23041512969e-05,-0.0177712458773,-0.260083274908,0.0459523221191,-0.0265896460426,-0.517527495872,4.09686614944e-05,0.0124664864028,-0.259866351152,2.68880950823e-08,0.000158038142379,0.0736039683444,-0.00974106715401,-0.0943218336095,0.115988477018,-0.000187948902029,-0.0116899345811,-0.0217832119202,-5.13875193795e-06,0.000328490191951,0.22318510278,-0.0163595162481,-0.0236225163372
gradient,1,0.4,0.409999996424,predicted,Actual proposal support boundary; monitored coordinates are pre-native endpoint forecast,True,50,-0.115090544017,0.246999771849,0.000506489429473,-0.11669536654,-0.0887025311852,0.0495392433217,6.90798776479,6.22769947277,0.392378130494,-0.503719389164,1.75752837197,0.182714602996,0.270414966052,0.26312110678,0.257509572317,0.203142784096,4.49714706863,0.209853071863,0.664009553256,9.30553900929,2.32264836746e-07,0.000696981614026,8.68269518793,6.61666131044e-06,0.00406437603311,9.61742480227,2.17995410067e-08,0.00018212568314,8.29029453198,1.22370460362e-05,0.00882142970149,10.2574604167,8.54191097449e-10,2.11965156612e-05,8.90112178169,1.25225446812e-06,0.0019338752113,8.3051164259,2.70763364656e-06,0.00608802825647,9.07649494181,3.64723175931e-07,0.00107332480141,8.8377905252,2.59397162752e-06,0.00265570776293,8.64753169116,2.30509768779e-06,0.00330299923138,8.10744350346,2.76622223438e-05,0.0132993169569,8.32231967804,1.2518785875e-05,0.00816158300698,4.66382699618,0.164100698121,0.346117647931,8.22506788068,2.4893164874e-05,0.0111881237528,9.59326066459,2.16447446072e-08,0.000184431825514,5.23965623303,0.057943609102,0.28962590351,7.27586980423,0.000342342357402,0.0689126721115,8.38056140298,1.03370332312e-05,0.00736680879987,5.17112957223,0.0571481076375,0.172663550393,0.379623363992,-5.08342788837,0.0321514606476,-0.0463361442089,0.427649468184,-0.0493696419082,-1.12105987812,1.57654964568,-0.864862635324,0.141669846988,-0.464769233615,-0.00847244926831,-0.00785406703255,-0.011762757834,0.000105175801938,0.0159979745254,-0.216497472573,0.0138680932016,0.0398453413039,0.136642683747,-1.58424159743e-07,-0.000302252428525,0.508044655391,-1.22938354724e-05,-0.00445535709139,-0.0451852016046,1.75399198538e-08,5.88195074907e-05,-0.00493198054437,4.23841527672e-06,0.000318352344184,-1.31015738262,7.71971754566e-09,0.000123706568494,0.236964317077,-1.60443552524e-06,-0.00133281080986,-0.0394358591867,7.60086307072e-07,0.000991558826465,0.215929505423,-4.45339470963e-07,-0.000760338752752,-0.217641360822,1.7843127517e-06,0.00132528451899,0.137064665594,-2.52057384187e-06,-0.00140194119887,0.342914744087,-5.085979867e-05,-0.0104403489164,0.387173232243,-2.27865703487e-05,-0.00750640614088,0.0321495989667,0.013376366361,0.0138979125971,0.242267994744,-3.45314418208e-05,-0.00518504660372,-0.919093597007,1.29129225139e-07,0.000696649902936,-0.0914251174938,0.00712943659236,-0.037600099437,-0.11665990153,0.000215323628643,0.0108742039076,0.601403374506,-2.91226648235e-05,-0.0103461882737,-0.0283468414059,0.00242262894257,-0.00734155495959
gradient,1,0.41,0.419999986887,predicted,Actual proposal support boundary; monitored coordinates are pre-native endpoint forecast,True,50,-0.112410323746,0.280615491082,0.00411827817917,-0.110518195071,-0.0798514932656,0.0497188663682,6.89129080994,6.25734632285,0.384524854799,-0.50649420122,1.74715620067,0.182510695862,0.2702082651,0.262797999276,0.257484508379,0.203496895457,4.49143902427,0.210388299084,0.664863291053,9.30343375475,2.34869192891e-07,0.000701354527549,8.69698724056,6.24464948802e-06,0.00393602619537,9.6141014284,2.23795078747e-08,0.000184684692299,8.29298392096,1.21551164504e-05,0.00876992905831,10.238373876,9.69285093385e-10,2.30229394065e-05,8.91029221972,1.19879845086e-06,0.00188509181332,8.30927089083,2.65148832836e-06,0.00601501211662,9.07274970808,3.72562546363e-07,0.0010864161912,8.83606223864,2.59756332981e-06,0.00266433503113,8.647688762,2.3075559682e-06,0.00330827455806,8.10658918106,2.75614943045e-05,0.0133157324426,8.31952285508,1.26633556149e-05,0.0082161239466,4.66658080223,0.16395181573,0.346686546722,8.23069205057,2.41837901768e-05,0.0110641906602,9.57808351351,2.37720588767e-08,0.000195870447844,5.23832630633,0.0580770358217,0.289436715966,7.27261836767,0.00034771778193,0.0692495351782,8.39675456223,9.59370306643e-06,0.00708896565116,5.17074612979,0.0571827575832,0.172713263702,-0.574856628403,6.07468211858,0.0420249700545,-0.0675481855868,0.275937944651,-0.01147052659,-1.43642806675,2.52508433278,-0.535278045985,-0.0477419337224,-0.998204921831,-0.0173641559874,-0.0188712714584,-0.0287564564042,0.000941933176982,0.0317642551815,-0.254717234138,0.00755382476816,0.00235001115195,-0.21887146691,2.93871787916e-07,0.000477056845173,0.46906655622,-1.12068242439e-05,-0.0041107744569,0.0900158907128,2.81486504146e-09,-2.68484929827e-05,-0.296788032801,1.89169243626e-05,0.00644593595512,-1.47243448315,9.14560627345e-09,0.000143409241028,0.292299499028,-1.54333481498e-06,-0.00150539159003,0.0036517096492,-5.89388497808e-07,-7.80313977665e-05,-0.206880730979,4.47461947007e-07,0.00074740672484,0.000782754034219,-1.47615190417e-06,-0.000298757391441,-0.0291938826778,3.63356922326e-07,0.000423931702071,0.442482474359,-5.90268911375e-05,-0.0131341846732,0.274479419099,-1.57908261434e-05,-0.00516610290253,-0.000400209934924,0.018160579749,-0.0267504764533,0.25590331058,-3.80237850973e-05,-0.00536310160032,-1.01877326032,1.44403428172e-07,0.000776316433947,-0.185185404842,0.0104301557261,-0.0609878807222,-0.064304089806,6.5894776132e-05,0.00908044327036,0.54533977236,-2.91017803445e-05,-0.00948415283167,-0.331587903938,0.0238538380001,0.00996743752872
gradient,1,0.42,0.42999997735,predicted,Actual proposal support boundary; monitored coordinates are pre-native endpoint forecast,True,50,-0.126587676585,0.368493414221,0.00134698883056,-0.118046330252,-0.0831837722921,0.0493098327899,6.87925920346,6.27820115943,0.381672569574,-0.504674227839,1.73756427353,0.182367319876,0.270037540623,0.262545977652,0.25752841098,0.2037780692,4.49205272395,0.210004148358,0.664056553479,9.30116157996,2.38142272505e-07,0.000706522750929,8.69207651906,6.39252482556e-06,0.00398216054397,9.61922512008,2.18558383076e-08,0.00018158871328,8.28435877133,1.26153845235e-05,0.0089503484206,10.228011727,1.03710322292e-09,2.40647004818e-05,8.90696777167,1.22138777182e-06,0.0019037673795,8.30518946009,2.69584587661e-06,0.00608646762851,9.07235732719,3.73672414871e-07,0.0010882729359,8.83780618028,2.56444858944e-06,0.0026497326151,8.6469478135,2.31236482624e-06,0.00331147786542,8.11629315294,2.6481684521e-05,0.0130366332635,8.32780926642,1.22029693521e-05,0.00805826094893,4.66381899199,0.164463909716,0.345582638402,8.23018594689,2.4132689172e-05,0.0110808617207,9.57288519938,2.45328131707e-08,0.000199958154193,5.23595252494,0.0581522122165,0.288406145896,7.27458372244,0.000343660252924,0.0690942809769,8.39146819842,9.75499762433e-06,0.00717712574323,5.16449781416,0.0576251843975,0.172862899144,-0.466094317833,1.99556367368,-0.144950985909,-0.668372988701,-0.418667659163,-0.0411129744562,-1.15897047791,1.62040369675,-0.0287924950865,0.204013644558,-1.07831970042,-0.00936055143847,-0.010813627621,-0.0161084357738,0.00485196798842,0.0209576224382,0.0525800144855,-0.0278089290572,-0.0523884447977,-0.117273068882,1.9925681806e-07,0.000282283942034,-0.280120897319,8.25957601696e-06,0.0025820135052,0.701537323241,-8.5280270792e-08,-0.000468204653677,-0.949803128257,5.42775647901e-05,0.020135206353,-0.758138244561,5.16574221876e-09,7.80341212473e-05,-0.313292131192,2.09973223188e-06,0.00176989882684,-0.323412395245,3.72208319464e-06,0.00568267582682,-0.179443476083,3.06950457435e-07,0.000591291117052,0.0641714147798,-1.81330322186e-06,-0.000657275082319,-0.0901785979689,1.1491453539e-06,0.000646324932635,0.629140435011,-6.54677578803e-05,-0.0178360692203,0.65308141438,-3.54709860841e-05,-0.01238216948,-0.0806245930659,0.0116962828191,-0.0749336053278,-0.130932094971,7.14133596633e-06,0.00336882527778,-0.407161272201,5.89708478759e-08,0.000320281969304,0.166474514771,-0.0163316514295,-0.0608087719232,0.082095056134,-0.00021884362839,-0.00432729522399,-0.403782355867,1.12460042097e-05,0.00675967218841,-0.649629247421,0.0462700525673,0.0152340657111
gradient,1,0.43,0.439999997616,predicted,Actual proposal support boundary; monitored coordinates are pre-native endpoint forecast,True,50,-0.121732210102,0.320526764556,0.001219258461,-0.123885654845,-0.0882248464489,0.0488966068791,6.86811140038,6.28975439679,0.383949004898,-0.502413928329,1.72558980666,0.182323484833,0.269991992547,0.26247583056,0.257581547739,0.203916047906,4.49249062456,0.209832120503,0.663815522157,9.30108829337,2.38854329252e-07,0.00070700020639,8.69138482261,6.40984100836e-06,0.00398766646547,9.62813217486,2.06739024588e-08,0.000175320599226,8.27398785839,1.32406677462e-05,0.00917263318537,10.2232111111,1.07259993776e-09,2.45836218315e-05,8.90402637709,1.24079309549e-06,0.00192048978986,8.30280264293,2.72592999225e-06,0.00612866563316,9.06916083856,3.78701555512e-07,0.00109824201354,8.83734566694,2.56129726538e-06,0.00265118952948,8.64588519005,2.33053887528e-06,0.00332120105671,8.11917198976,2.62521391469e-05,0.0129590110582,8.33258448337,1.19539358933e-05,0.007968480557,4.66496831037,0.164185741386,0.345187874616,8.22807340867,2.43266168962e-05,0.0111315671658,9.56994028806,2.49514758342e-08,0.00020227608723,5.24165579662,0.0577504027931,0.288220540527,7.27426026879,0.000343340909362,0.0691629892738,8.38867891512,9.81862315062e-06,0.00722415909493,5.15775354484,0.0581081586345,0.173017945016,0.23722696702,-2.41521324874,0.112021923065,0.0341578721999,-0.194169133902,-0.0110929740612,-0.509323875267,0.718073383875,0.406237800338,0.12842811421,-0.720450404172,-0.0029229249538,-0.00551591548761,-0.0077345585383,-0.000678908577093,0.00907878768652,0.0262760185273,-0.00384586741737,0.0109078595508,-0.197756510753,2.74058176949e-07,0.000442084857296,0.209645817441,-5.43525634814e-06,-0.00189367806419,0.41387692683,-5.65855230628e-08,-0.000301078478568,-0.433091963012,2.79985147117e-05,0.00925865100292,-0.153659834578,1.25418229954e-09,1.78168458177e-05,0.136356790772,-6.16622073203e-07,-0.000673493381323,-0.0152668411191,2.53685225338e-07,0.000247563854692,-0.39192656676,6.86213601023e-07,0.00129435332413,-0.0394419003077,8.26191067993e-08,0.000223576665728,0.00964809911261,-1.05421277254e-07,-3.46785235565e-05,-0.23938607978,3.0770728327e-05,0.00704409433365,-0.0986863383609,4.67262561562e-06,0.00179507105297,0.206212426394,-0.0388219282096,0.00922308230006,0.0427256700017,-6.19687570048e-06,-0.000853921566746,-0.150753419846,2.16080375584e-08,0.000119685787892,0.355461017532,-0.0224680726252,0.0226894040475,0.0387723022307,-0.000101925831752,-0.00254141208669,0.185189673873,-9.76034920332e-06,-0.00321647971244,-0.415334625102,0.0311776491763,0.0107585334225
gradient,1,0.44,0.449999988079,predicted,Actual proposal support boundary; monitored coordinates are pre-native endpoint forecast,True,50,-0.121843137244,0.320189149246,0.00358742729187,-0.117363172808,-0.0870671549702,0.0490879733087,6.86907272595,6.2925626271,0.389797325581,-0.502105665555,1.72315526545,0.182308861377,0.269927222313,0.262391286482,0.257514832809,0.203959644953,4.49257824432,0.20992723101,0.66427471067,9.29720644974,2.43623436044e-07,0.000715364448075,8.6962694354,6.2838196986e-06,0.00394428698269,9.62750265862,2.07241278463e-08,0.000175567143709,8.27569693207,1.31753548177e-05,0.00913552144065,10.2249385303,1.06218686891e-09,2.44210373981e-05,8.90969490748,1.20905533035e-06,0.00189029751187,8.30488412327,2.70091958111e-06,0.00609141890561,9.06451879586,3.87396686891e-07,0.00111416000239,8.83701734227,2.56610097158e-06,0.00265420414841,8.64714077548,2.31025640069e-06,0.00331078429495,8.11150543135,2.70970990876e-05,0.0131775151501,8.32583553965,1.22964218645e-05,0.00809416236999,4.66794324051,0.163687471151,0.345767100048,8.23104046029,2.4008751658e-05,0.0110637832894,9.56987013099,2.49649739218e-08,0.000202351869951,5.24306174529,0.057702850764,0.288859933977,7.27535916848,0.000341621736289,0.0690434527351,8.3951719919,9.55979064026e-06,0.00711279614899,5.15619112165,0.058248737381,0.173078069812,0.0738768517695,-0.158916748511,0.300443768501,0.994364663959,0.259542688727,-0.0270730831274,-0.441544892141,0.550264493143,-0.193122523565,-0.108702870123,-0.540254268017,-0.00173277994163,-0.00447890496915,-0.00561306973998,-0.000105709887041,0.00622750295435,0.0570385547642,-0.0012446672533,0.107284832968,-0.522097772674,6.3288176197e-07,0.00112641994517,1.36899242268,-3.40044847209e-05,-0.0119869349218,-0.371469518301,4.07770218065e-08,0.000220747202544,0.219226046096,-9.72900463183e-06,-0.00462108858401,0.286257945779,-1.93297507609e-09,-2.9732334646e-05,0.842994397355,-4.7441992987e-06,-0.00442813804507,0.210779022709,-2.36537372329e-06,-0.00365267657709,-0.396912984386,7.14229957832e-07,0.00132071118594,-0.279507634315,3.35466100856e-06,0.00200675774877,0.387066972678,-5.5310122362e-06,-0.00354561426447,-0.858267665405,9.25216517439e-05,0.0246178156564,-0.780091145328,4.05965933107e-05,0.01467724383,0.268988681237,-0.0399418530001,0.0613043661889,0.751544989166,-7.89014541617e-05,-0.0170093031753,0.0537900327591,-6.49623971554e-09,-3.97832820357e-05,-0.0389485156736,0.010256826381,0.0852613387823,0.0545452298778,-9.51836438711e-05,-0.00538498455961,1.22989950759,-5.202814351e-05,-0.0206518372046,-0.234700861295,0.0173628188226,0.0115503393808
gradient,1,0.45,0.459999978542,predicted,Actual proposal support boundary; monitored coordinates are pre-native endpoint forecast,True,50,-0.120254673067,0.317348429586,0.00722813383102,-0.103998361566,-0.0830339926744,0.0483551452165,6.85928050254,6.30075968665,0.380086554426,-0.504587985731,1.7147847213,0.182288829235,0.269902414448,0.262363569166,0.257579433541,0.204040597965,4.49363139566,0.209807227158,0.665961218816,9.29064633792,2.51511964492e-07,0.000729528605293,8.71876467106,5.72975131394e-06,0.00374792776704,9.6207027845,2.14894428949e-08,0.000179735543277,8.27837237932,1.30460876535e-05,0.00908021141369,10.22893627,1.03394043624e-09,2.39889751385e-05,8.92088626504,1.14590910952e-06,0.00183192702896,8.30701822338,2.67862251778e-06,0.00605561210161,9.06122257887,3.92986154669e-07,0.00112465623726,8.83175551425,2.62839048555e-06,0.00269132468446,8.6536265295,2.21991863056e-06,0.00325028877142,8.10200663645,2.81025721818e-05,0.0134513673713,8.31698266046,1.27658677595e-05,0.0082620254336,4.670348084,0.163386904326,0.34641396194,8.24310430845,2.27485878129e-05,0.0107913811023,9.57101608872,2.48215510399e-08,0.000201480421589,5.24087682631,0.0579555393208,0.289925767303,7.27535117339,0.000341437236484,0.0690552895826,8.41327690527,8.77806028042e-06,0.00681112235083,5.15305952761,0.058455415011,0.173248951804,-0.341190448782,-0.507870866614,-0.101077198982,0.999217733741,-0.0104459971189,-0.0480492658613,-0.13034824234,0.201891330662,-0.757430879343,-0.281606513997,-0.11229981944,0.000477039304835,-0.00106631525804,-0.00289545252243,-0.000631477089183,0.00323347113894,0.478016418753,-0.103258596605,0.108061292232,-0.597757827577,7.61957562701e-07,0.00131801186519,1.18951409735,-2.9348304687e-05,-0.0104018587859,-0.978100952702,1.18694852901e-07,0.000636276412132,-0.0154615877709,1.32059681061e-06,0.000456440964915,0.896123578418,-5.73685693605e-09,-8.92697433054e-05,0.680287316956,-3.41671194341e-06,-0.00339368852577,-0.20876833483,3.03026344834e-06,0.00379004206699,-0.0659348280239,8.35427195299e-08,0.000181055894315,-0.00272453913846,3.3013314611e-08,8.05218804913e-05,0.254585710929,-3.62683847351e-06,-0.00234578351079,-0.432217165253,4.4275284649e-05,0.0124699518555,-0.352932751544,1.7422627763e-05,0.00645389955142,-0.167638945406,0.0322287948869,0.00404007868777,0.783054529361,-7.83306600674e-05,-0.0177728710066,0.692627420214,-9.27605352928e-08,-0.000496539351378,-0.338616897024,0.0328949705676,0.122991293728,0.264897935499,-0.000350571759211,-0.0310888571231,0.893934430326,-3.75698535666e-05,-0.0148687073373,-0.497855910879,0.0327893369817,0.01871905491
gradient,1,0.46,0.469999998808,predicted,Actual proposal support boundary; monitored coordinates are pre-native endpoint forecast,True,50,-0.12866694622,0.310031731914,0.00156588331222,-0.0973788181329,-0.0872760749125,0.0481269879914,6.86646576111,6.29660045372,0.374648707994,-0.507737795835,1.72090926906,0.182318402164,0.269905896008,0.262333377431,0.257502203267,0.204024314376,4.5021385727,0.207862059078,0.666435936515,9.28525129319,2.58862587298e-07,0.000741724685379,8.72005971735,5.69685360486e-06,0.00373624980697,9.60794063957,2.30980249043e-08,0.000188292671951,8.27538770031,1.32017667539e-05,0.00914465025995,10.2428610019,9.47449730188e-10,2.2635642532e-05,8.92330065382,1.14072109148e-06,0.00182242374136,8.30070875657,2.76152485008e-06,0.00616721974695,9.0632000993,3.89067541282e-07,0.00111778112027,8.83696285149,2.56676123787e-06,0.00265581458602,8.6522324897,2.23771963122e-06,0.00326386862473,8.10286108804,2.79826047805e-05,0.0134269141873,8.31877688462,1.26448744197e-05,0.00822324036102,4.66459046161,0.164332047049,0.345847901622,8.24670155088,2.24421384567e-05,0.0107083258693,9.58372267939,2.3109763216e-08,0.000192421082923,5.23628940735,0.0583607501754,0.291319759851,7.28065712719,0.000334610301105,0.0684216755927,8.41305068051,8.80839356893e-06,0.00681542200224,5.14623400344,0.0589045241206,0.17345245091,-0.466426354496,0.444429215935,-0.3957259655,1.10757376254,0.0184285342693,-0.0719540378782,0.394650011567,-0.256706617184,-0.222494102727,0.386958110704,0.596124410569,0.0080862430741,0.00309142024303,-0.00130519041753,-0.0071896685243,-0.00647912076489,0.517966794895,-0.143130616431,0.0842742084295,-0.82037675219,1.14028049613e-06,0.00191380496203,0.67213642565,-1.67389533125e-05,-0.00587307509148,-0.795834863313,7.75527665635e-08,0.000444252985974,0.328478076921,-2.08221272228e-05,-0.00692166586999,0.904154374076,-5.53176601242e-09,-8.66431787054e-05,0.456838089755,-9.69897495225e-07,-0.00175664678194,-0.502499225213,7.0507268445e-06,0.00902900570595,0.527597077967,-1.14927952178e-06,-0.00191820578211,0.643428005945,-7.30482768144e-06,-0.00430122761923,-0.0927508731163,1.98925896761e-06,0.00122340190174,-0.646615463789,8.60813972048e-05,0.01920431166,-0.355827539823,2.10547178818e-05,0.00685851855837,-0.165431822928,0.0401897994335,0.0473516234226,0.702434813907,-5.86289960026e-05,-0.0160799951242,0.752650286066,-1.03792796349e-07,-0.000545968874143,-0.86816614099,0.0729863230914,0.136114734985,0.661394545757,-0.000798939545315,-0.0808542650543,0.353401864508,-8.91318387603e-06,-0.00556499872101,-0.401531664151,0.0239740530455,0.0071148991139
gradient,1,0.47,0.479999989271,predicted,Actual proposal support boundary; monitored coordinates are pre-native endpoint forecast,True,50,-0.129583200157,0.326237013904,-0.000686385478975,-0.0818468863153,-0.082665421989,0.046916064459,6.86717350277,6.2956255543,0.375636672372,-0.496848823517,1.72670720952,0.182450554096,0.269964242853,0.262337465357,0.257435640171,0.203911015549,4.50399073156,0.206944614829,0.667646702985,9.27423880288,2.74317574415e-07,0.000767804704534,8.73220739958,5.39497224769e-06,0.00363046626521,9.60478608723,2.30404982262e-08,0.000188620602996,8.28494194085,1.26296451091e-05,0.00894177809629,10.2470193575,9.2330511599e-10,2.22561115644e-05,8.93002302684,1.12651115962e-06,0.00179679409332,8.29696823888,2.81963705467e-06,0.00623619221573,9.07177452043,3.70000564233e-07,0.00108629212162,8.84462407437,2.48229393192e-06,0.00260530013207,8.65177151204,2.25970380991e-06,0.00327475680946,8.08907432717,2.98242001259e-05,0.0138354536045,8.30986610966,1.31869621171e-05,0.00839919580476,4.66703944754,0.164190700315,0.347360994408,8.25715300473,2.15760078929e-05,0.0104697811998,9.58606909444,2.2745695113e-08,0.000190561044106,5.22351350349,0.0594152657826,0.292648062003,7.2885790643,0.000325458445578,0.0674382042815,8.42034494256,8.5997966029e-06,0.00669982237641,5.14502889433,0.0589348960719,0.173391249786,-0.50939856208,6.59411297461,-0.157214403152,1.30251553655,0.391452983022,-0.0783830995814,0.188571110104,0.0284657238152,0.180588652589,0.722206777407,0.373389462492,0.00485033631947,0.00305999581725,-0.000384610597033,-0.0046620938925,-0.00825691618858,0.258926326212,-0.0696612804485,0.0845807631129,-0.893369707985,1.25600521998e-06,0.0021152308538,0.953489398288,-2.26322244016e-05,-0.00812167451367,-0.490804445403,4.65795498177e-08,0.000257921611544,0.746567067585,-4.42578592535e-05,-0.0157612466339,0.431224588288,-2.51629030472e-09,-4.03049394536e-05,0.727765652512,-2.49951803031e-06,-0.00310475275958,-0.259484771828,4.05125388289e-06,0.00483759874842,0.548425099326,-1.17337697822e-06,-0.00197878652703,0.603846009961,-7.11995096733e-06,-0.00406721730146,-0.15032480937,3.30861056665e-06,0.00206315451212,-1.08632910946,0.000138604403347,0.0323649042464,-0.756256728151,4.44171076468e-05,0.0148242628594,0.206485072063,-0.0159588949682,0.115973967211,0.783507854525,-6.87512097286e-05,-0.01754626228,0.216966132685,-2.85466565088e-08,-0.000153247454889,-1.02039351074,0.0829315624043,0.101006292871,0.624186094172,-0.000730389802187,-0.0761036068505,0.752962930344,-2.51370124646e-05,-0.01192656468,-0.112440792322,0.00331459638395,0.000120223820231
gradient,1,0.48,0.489999979734,predicted,Actual proposal support boundary; monitored coordinates are pre-native endpoint forecast,True,50,-0.138854917461,0.441913991406,-0.00157840475083,-0.0713285074019,-0.0794470152521,0.0465593259998,6.87023718331,6.29716976819,0.378260481046,-0.493293660286,1.72837705831,0.18241540889,0.269967095924,0.262325685219,0.257408961389,0.203859176052,4.50731709922,0.206468833469,0.668127551777,9.26738389903,2.83982691697e-07,0.000784029302455,8.73912950532,5.24420911683e-06,0.0035738163167,9.59812455066,2.40296159007e-08,0.000193451104182,8.29031904166,1.23166095689e-05,0.00882942532728,10.2514854937,8.97123924093e-10,2.1829543743e-05,8.93785596687,1.09073073088e-06,0.00176032868616,8.29551906114,2.84254992774e-06,0.00626397172192,9.07416860128,3.65600001717e-07,0.00107820538973,8.84903977169,2.42436221852e-06,0.00257447023999,8.64922599352,2.30389184256e-06,0.00330513171497,8.08113450585,3.07546928475e-05,0.0140742122722,8.30365175006,1.35332165727e-05,0.00851972561821,4.66872016305,0.16401286915,0.348167380966,8.26237170797,2.10671142621e-05,0.0103574006237,9.58806200204,2.25388300858e-08,0.000189356133826,5.21588153713,0.0600193814235,0.293339885709,7.29314084908,0.000320002505061,0.0668996034557,8.42810993911,8.30565331964e-06,0.00657689070864,5.14398518759,0.0589708160483,0.173454855387,-0.216033576153,5.43267025962,-0.172465801239,0.780245378613,0.162641748786,-0.0375670519404,0.23476944294,0.0461511183366,0.0976268692395,0.319164243573,-0.0344595067717,-0.00353940517049,2.89703267775e-06,0.00145469099581,-6.26588702701e-06,-0.00498476052315,0.350794104688,-0.0645519826721,0.0421475807943,-0.600626183909,8.16693259738e-07,0.00140636381852,0.427887944376,-8.96075850197e-06,-0.00343906077904,-0.494913896556,6.95291086053e-08,0.000342578975137,0.402227220838,-2.45677829205e-05,-0.00847219378401,0.335108778574,-1.89925186706e-09,-3.13623219913e-05,0.602264312846,-2.76595948694e-06,-0.00282105319402,-0.240273353032,3.42048682546e-06,0.00444316852237,0.23865789958,-4.17993051727e-07,-0.000782138110788,0.224802894091,-2.34310096496e-06,-0.00142146316597,-0.0512233285422,6.06799981371e-07,0.000636945039148,-0.449291401105,5.39749512193e-05,0.0135551504158,-0.495450077582,2.89972185907e-05,0.00977620553219,0.0155116319783,0.00519677983769,0.0457313095956,0.444489629551,-4.1618125845e-05,-0.00963215074815,0.241595160165,-2.88323187102e-08,-0.000157556271549,-0.728210343462,0.0575516026689,0.0606954257927,0.507182705031,-0.000649121170496,-0.0574246162556,0.451748126159,-1.67298638863e-05,-0.00710243186226,-0.120271438532,0.00457493939357,0.0104858857237
gradient,1,0.49,0.5,predicted,Actual proposal support boundary; monitored coordinates are pre-native endpoint forecast,True,50,-0.13390387168,0.434890419097,-0.00413570150376,-0.0662419787431,-0.0794125870132,0.0461647234202,6.87186889163,6.29654857667,0.377589209757,-0.490465538646,1.72601801938,0.182379765993,0.269964300793,0.262366559177,0.257435514853,0.203811320339,4.51100661365,0.205653575176,0.668489654601,9.2622262792,2.90651439609e-07,0.000795931980904,8.74076515846,5.21575707765e-06,0.00356168504963,9.5948878093,2.44310803983e-08,0.000195472182499,8.29298648527,1.21382894507e-05,0.00877233422061,10.2537215331,8.85320078648e-10,2.16288651246e-05,8.94206831309,1.07119196988e-06,0.00174037302944,8.29216277182,2.88804679118e-06,0.00632505558618,9.07654767842,3.61640703199e-07,0.0010706493594,8.84912013225,2.43543191262e-06,0.00257687086875,8.65074704547,2.27183980954e-06,0.00328749571024,8.08008849915,3.09036991503e-05,0.0141065566128,8.29995710811,1.37669064889e-05,0.00859471991541,4.66734968018,0.164294635911,0.3482756206,8.26604279732,2.0743645376e-05,0.0102771381848,9.59090099764,2.21690487388e-08,0.000187409918675,5.20894929662,0.060566297836,0.293861970519,7.29872271841,0.000312476022168,0.0662897119564,8.42937990508,8.26519932517e-06,0.00655777373917,5.14262346556,0.0590263948597,0.173600967501,0.49510457814,-0.702357230925,-0.255729675293,0.508652865886,0.00344282388678,-0.0394602579665,0.163170831877,-0.0621191522475,-0.0671271289288,0.282812164086,-0.235903892713,-0.00356428971611,-0.000279513089263,0.00408739580716,0.0026553463864,-0.00478557135243,0.368951443026,-0.0815258292876,0.0362102824042,-0.515761983051,6.668747912e-07,0.00119026784493,0.163565314634,-2.84520391791e-06,-0.00121312670724,-0.323674135665,4.01464497638e-08,0.000202107831654,0.266744360636,-1.783201182e-05,-0.00570911066691,0.223603943093,-1.18038454447e-09,-2.00678618337e-05,0.421234622038,-1.95387610015e-06,-0.00199556567285,-0.335628931966,4.54968634451e-06,0.00610838642658,0.237907714131,-3.9592985188e-07,-0.000755603032848,0.00803605621993,1.10696940982e-06,0.000240062876253,0.152105194987,-3.20520330192e-06,-0.00176360047304,-0.104600670181,1.49006302815e-05,0.00323443406579,-0.369464194908,2.33689916275e-05,0.0074994297199,-0.137048286768,0.0281766761599,0.0108239633845,0.367108935234,-3.23468886121e-05,-0.00802624388751,0.28389955984,-3.69781347059e-08,-0.000194621515022,-0.693224051234,0.0546916412494,0.052208481015,0.558186932839,-0.000752648289301,-0.0609891499301,0.126996596817,-4.04539944641e-06,-0.00191169694706,-0.13617220313,0.00555788114282,0.0146112113796
