arm,batch,time,state_time,monitored_coordinate_view,state_time_semantics,within_control_state_window,n_available,mean_reward,mean_standardized_residual,global_centroid_x,global_centroid_y,global_centroid_z,shape_xx,shape_yy,shape_zz,shape_xy,shape_xz,shape_yz,pair_kernel_1.5,pair_kernel_2.5,pair_kernel_3.5,pair_kernel_5.0,pair_kernel_7.0,landmark_00_softmin,landmark_00_occupancy3,landmark_00_occupancy5,landmark_01_softmin,landmark_01_occupancy3,landmark_01_occupancy5,landmark_02_softmin,landmark_02_occupancy3,landmark_02_occupancy5,landmark_03_softmin,landmark_03_occupancy3,landmark_03_occupancy5,landmark_04_softmin,landmark_04_occupancy3,landmark_04_occupancy5,landmark_05_softmin,landmark_05_occupancy3,landmark_05_occupancy5,landmark_06_softmin,landmark_06_occupancy3,landmark_06_occupancy5,landmark_07_softmin,landmark_07_occupancy3,landmark_07_occupancy5,landmark_08_softmin,landmark_08_occupancy3,landmark_08_occupancy5,landmark_09_softmin,landmark_09_occupancy3,landmark_09_occupancy5,landmark_10_softmin,landmark_10_occupancy3,landmark_10_occupancy5,landmark_11_softmin,landmark_11_occupancy3,landmark_11_occupancy5,landmark_12_softmin,landmark_12_occupancy3,landmark_12_occupancy5,landmark_13_softmin,landmark_13_occupancy3,landmark_13_occupancy5,landmark_14_softmin,landmark_14_occupancy3,landmark_14_occupancy5,landmark_15_softmin,landmark_15_occupancy3,landmark_15_occupancy5,landmark_16_softmin,landmark_16_occupancy3,landmark_16_occupancy5,landmark_17_softmin,landmark_17_occupancy3,landmark_17_occupancy5,landmark_18_softmin,landmark_18_occupancy3,landmark_18_occupancy5,landmark_19_softmin,landmark_19_occupancy3,landmark_19_occupancy5
unguided,0,0,0.00999999977648,predicted,Actual proposal support boundary; monitored coordinates are pre-native endpoint forecast,True,50,-5.83015947744,0.851918323769,-0.114538376179,-0.0252743298197,0.241921381626,0.0479799387969,6.09461169479,6.4319467951,0.151407869475,-0.50718948568,1.99170087274,0.177738579177,0.259902040295,0.28205869949,0.262445673256,0.218734276407,4.68770080642,0.187562455354,0.719759296581,9.79690654632,1.25119978842e-08,0.000124550727314,9.21591622496,2.16574565103e-07,0.000802571352243,9.33763715448,1.7403762185e-07,0.000555133549237,8.29065560453,1.46433554864e-05,0.00915696259793,9.84295700201,2.17401408814e-08,0.000139395873215,9.25030608422,1.58191204318e-07,0.000653959107578,8.20033516942,4.98225074453e-06,0.00847642881374,9.36545726096,7.18910287929e-08,0.000389052924839,9.02691166594,1.10816168864e-06,0.00159976337035,8.53104194774,3.52994724222e-06,0.00441293286669,8.18708932643,1.45958229784e-05,0.0108661352952,8.54150391399,6.10411707595e-06,0.00474415462639,4.49282952854,0.200679116529,0.372668699915,8.4228997029,1.62304307008e-05,0.00716431998994,9.38569769968,9.59958920739e-08,0.000416634851322,5.23827294463,0.0535977057573,0.28208027266,7.38086114549,0.000242018592613,0.0565843732003,8.77156561211,1.51939479886e-06,0.00258988914267,5.57201629038,0.031151103695,0.194863948854
unguided,0,0.01,0.019999999553,predicted,Actual proposal support boundary; monitored coordinates are pre-native endpoint forecast,True,50,-14.3011930222,0.872071682548,-0.0906355522537,-0.0222573799276,0.169121293697,0.0435306611156,5.78423709106,6.110488716,0.00710234270592,-0.435626495604,1.89801716198,0.186786002141,0.272001143404,0.292625586167,0.269175342694,0.21283313814,4.61713726244,0.202043279897,0.725970934893,9.84145650731,9.90344794251e-09,0.000106939613229,9.37160742203,9.93257959899e-08,0.000486136328639,9.31666912297,2.02825642272e-07,0.00060649700091,8.3089441635,1.18643029097e-05,0.00872778385751,9.82690192102,2.62681677418e-08,0.000156256838411,9.29433461255,1.17203071012e-07,0.000549810502161,8.18998689328,5.24421447008e-06,0.00867080509071,9.39767439596,6.94208586729e-08,0.000361305697001,9.1358686958,5.65154626042e-07,0.00112763952317,8.61925935062,2.55120404441e-06,0.00348925946195,8.27229587688,9.80439453807e-06,0.00878894761479,8.59656019986,4.2383903035e-06,0.00404560705928,4.51713738931,0.192854079115,0.372417974026,8.64308968173,5.64575495072e-06,0.00432779257273,9.31487149018,1.91919853257e-07,0.000589227981373,5.27600470014,0.0540093838495,0.288756902543,7.33312678012,0.000274470790922,0.0624707149009,8.81554745005,9.57820500041e-07,0.00217917108419,5.54169814806,0.0311763372756,0.184116293963
unguided,0,0.02,0.0299999993294,predicted,Actual proposal support boundary; monitored coordinates are pre-native endpoint forecast,True,50,-8.14612510277,0.880653169283,-0.0843490360642,-0.00370263490915,0.106874757681,0.0454958434092,5.78762853216,6.11566403123,-0.0457870779655,-0.429383789595,1.85767103689,0.188286741005,0.270867624383,0.292594630525,0.268431953739,0.213199626912,4.62329327464,0.198625975112,0.724195924102,9.79864438041,1.29466894914e-08,0.000126581025968,9.40423477079,8.70599828386e-08,0.000440844282796,9.27520415032,2.47566974921e-07,0.000693635765949,8.25468692158,1.51781876198e-05,0.00984134141893,9.81874949927,2.79395391968e-08,0.000162571399343,9.28920023758,1.15481587802e-07,0.000552561333035,8.17912881155,5.50250332385e-06,0.00891550810225,9.36834008276,7.75250015757e-08,0.00039402012198,9.16294295741,4.52913692403e-07,0.00102201164451,8.65113145687,2.28102368467e-06,0.00322090483579,8.2939088619,8.84843457142e-06,0.00830434026088,8.60078405808,3.80755061215e-06,0.00394674963077,4.5391318689,0.189085486215,0.367450408753,8.70910144161,3.74830371952e-06,0.00364962455978,9.29361328358,2.32458850497e-07,0.000653707949384,5.28169482968,0.0557529864307,0.297708567331,7.30920080617,0.000295421643186,0.0655097279235,8.80354619515,9.7903868302e-07,0.00224681469322,5.48547860891,0.0343944872476,0.185923488191
unguided,0,0.03,0.0399999991059,predicted,Actual proposal support boundary; monitored coordinates are pre-native endpoint forecast,True,50,-1.20768166087,0.914568221744,-0.079182031002,0.0290351903057,0.0497870668507,0.0463762949898,5.91118531308,6.18179778522,-0.0495614226839,-0.413583268627,1.90107285398,0.188305767674,0.268466613902,0.289086703455,0.266233884173,0.213581669764,4.64047294845,0.191197515731,0.720136090366,9.71884702465,2.20225171667e-08,0.000173732783652,9.3703074864,1.05901055702e-07,0.000495037498434,9.26929181219,2.30794757412e-07,0.000686387624652,8.21862543603,1.8216649368e-05,0.0105933496829,9.80948735323,3.0623161419e-08,0.000171855129634,9.25020347068,1.38550781709e-07,0.000624770814116,8.1758339282,5.3855669187e-06,0.00893544094878,9.32682621718,9.51301302824e-08,0.000455016308265,9.15633460547,4.86344586774e-07,0.00105880357537,8.684514978,2.02802648776e-06,0.0029728544016,8.28885660472,8.83483252296e-06,0.0083742914324,8.58311073822,3.61620795858e-06,0.00406224689152,4.56319524463,0.1846321916,0.364871068425,8.69534198195,3.96921398497e-06,0.00379083845181,9.2797731288,2.61843534909e-07,0.000699697432955,5.26317028861,0.0590967314335,0.30843409283,7.30010092147,0.000301225022521,0.066893257885,8.74437379266,1.34885655096e-06,0.00269522912915,5.42115368121,0.0385697449759,0.184472282327
unguided,0,0.04,0.0499999970198,predicted,Actual proposal support boundary; monitored coordinates are pre-native endpoint forecast,True,50,9.94748828195,0.941145370959,-0.0719111965561,0.0649297469473,0.041535105381,0.0486414481234,6.04057240828,6.20498626849,-0.0547834912789,-0.418257689009,1.92911795098,0.188450967522,0.266010583086,0.287015935566,0.265089674817,0.214058198742,4.64443080977,0.186907723186,0.72085866217,9.65851624538,3.3673707487e-08,0.000220980221614,9.37334537797,1.04242768249e-07,0.000489532548815,9.24013818739,2.53235456309e-07,0.000740681582471,8.23435946146,1.70687604121e-05,0.0101805365879,9.78771141021,3.56306016176e-08,0.000188701617752,9.23802774247,1.45822006165e-07,0.000648498398387,8.18865291631,4.97771774073e-06,0.0085882149139,9.30042633554,1.1078182596e-07,0.000502491739453,9.1415124268,5.25903611655e-07,0.00110966961446,8.69168912708,2.07558574866e-06,0.00295891045567,8.26299251824,1.00579117366e-05,0.00892520666911,8.54520220641,4.0895672018e-06,0.00446670707762,4.58495816532,0.180827323296,0.368147797164,8.6846829464,4.16496032824e-06,0.00389445826208,9.25821767177,3.00140670414e-07,0.000761726528969,5.24829493032,0.0615151268712,0.315901981166,7.29368413908,0.000311727379364,0.0675827582676,8.73193524877,1.50611717956e-06,0.00282134898161,5.38784351259,0.0408308579477,0.180110961503
unguided,0,0.05,0.0599999986589,predicted,Actual proposal support boundary; monitored coordinates are pre-native endpoint forecast,True,50,10.9061590071,0.971729006633,-0.0637710927391,0.0925688933945,0.0366479846573,0.051222965432,6.16051260297,6.23621877093,-0.0658830894195,-0.41832773233,1.96999301026,0.188541051923,0.263056485815,0.283875342132,0.263359447018,0.215653008061,4.64671139029,0.183472850971,0.720696172227,9.62689323053,4.08181196578e-08,0.000247343081178,9.38589053242,9.46226657808e-08,0.000464523718827,9.20298469138,2.88914722013e-07,0.000824385039979,8.2455799993,1.62963371367e-05,0.00989184436802,9.78625766099,3.61083526727e-08,0.00019047401715,9.23837779917,1.41837507218e-07,0.000641015474049,8.1979150901,4.72168248973e-06,0.00835284295081,9.27752709118,1.26586847433e-07,0.0005476442147,9.11644212469,6.04715590074e-07,0.00120253981459,8.69970683712,2.06674420336e-06,0.0029263562688,8.23272823733,1.16193805081e-05,0.00961689625188,8.52195606944,4.31728058431e-06,0.00472154132097,4.60415746053,0.177476812992,0.36857778189,8.66069077126,4.7543271621e-06,0.00414628179266,9.23900004901,3.35668791377e-07,0.000816841013494,5.24270423311,0.0631832693709,0.320763324355,7.28815294443,0.000317809109402,0.0683460041744,8.73830114068,1.51531866111e-06,0.00278164711236,5.3547731893,0.0428158272641,0.176908934855
unguided,0,0.06,0.070000000298,predicted,Actual proposal support boundary; monitored coordinates are pre-native endpoint forecast,True,50,3.76924017171,0.981284680766,-0.0647103904152,0.0993036686993,0.0448590954876,0.0522060710309,6.22367777844,6.32289545519,-0.067106367796,-0.425164580795,2.07577644871,0.188734396855,0.261084841039,0.280878896953,0.260662174655,0.216546614971,4.65806963334,0.180551648514,0.719354724212,9.63808674091,3.83455697299e-08,0.000237495811451,9.36062873473,1.03082287117e-07,0.000499618506645,9.19060601235,2.83019614365e-07,0.000842916365976,8.23641153877,1.75134754696e-05,0.0100842400114,9.77469871558,3.84402276818e-08,0.000198338872556,9.22574695089,1.51997706021e-07,0.000666774474486,8.19849448036,4.72755871044e-06,0.00834726051315,9.26170247085,1.39342940528e-07,0.000583874319838,9.08913435082,7.3970341316e-07,0.00132495645359,8.7087120484,1.98711780645e-06,0.00286108410119,8.20829559702,1.31570203734e-05,0.0102132764588,8.54272840846,3.77624974364e-06,0.00443893892576,4.60111188858,0.178768587892,0.367785051092,8.60986420753,6.41197611903e-06,0.00471544175043,9.23177509275,3.48075451521e-07,0.000838618635519,5.27449147696,0.0610559413999,0.323086036839,7.29102804395,0.00031205136066,0.0681663830699,8.73371143007,1.57541137008e-06,0.00282517329879,5.3303817745,0.0445946312845,0.173451427218
unguided,0,0.07,0.0799999982119,predicted,Actual proposal support boundary; monitored coordinates are pre-native endpoint forecast,True,50,-5.02729458912,0.966827395908,-0.0697406147385,0.0998258781052,0.069828585062,0.0539416631046,6.32004146477,6.37998248591,-0.0612185267094,-0.436382152869,2.18017980074,0.187851785429,0.259181191807,0.277283495522,0.257887613477,0.218055289513,4.66806534595,0.178621471006,0.717587340411,9.65573393455,3.54122995567e-08,0.000224406830159,9.31800301261,1.24499625595e-07,0.000571538666915,9.1689515017,2.98780013358e-07,0.00089179241537,8.22863062992,1.95110434999e-05,0.0102635581441,9.76236882949,4.04801227399e-08,0.000205449087224,9.2077201568,1.66365250495e-07,0.000706752340378,8.20478101017,4.6526247171e-06,0.00823298270824,9.25754425952,1.42664493617e-07,0.000597447392794,9.06574128281,8.70347833055e-07,0.00143279060024,8.70517904247,1.98749368512e-06,0.00288307431791,8.19467622397,1.38644660653e-05,0.0105305804613,8.56416299863,3.31745596546e-06,0.00416470439611,4.58956422529,0.18187874993,0.36761368332,8.5650777049,8.15456418425e-06,0.00523941144606,9.23115617578,3.40897965043e-07,0.000836868925732,5.30455605961,0.0587099983384,0.324596385512,7.30376399126,0.000295151905856,0.0668012427547,8.71247739174,1.85984965936e-06,0.00303610979766,5.3290129131,0.0453518209343,0.169484754406
unguided,0,0.08,0.0899999961257,predicted,Actual proposal support boundary; monitored coordinates are pre-native endpoint forecast,True,50,0.740642313476,0.975056001028,-0.0660301302338,0.0954683959103,0.0843390378094,0.055808888316,6.36089053819,6.51088199534,-0.0360968501001,-0.441309450315,2.28328526369,0.186278005331,0.258793979223,0.274367109511,0.255146988818,0.217957309002,4.67460920667,0.177579967276,0.715904630741,9.66095790417,3.55242583205e-08,0.000223050453605,9.26001237192,1.84611155179e-07,0.000706536027722,9.16373270081,3.01607336861e-07,0.000904620557287,8.19420989392,2.41816163082e-05,0.0110574414055,9.71962484867,5.07718724478e-08,0.000236931672487,9.18669084519,1.95067699373e-07,0.00076800974166,8.21146928345,4.49424802828e-06,0.00808914908563,9.24439730996,1.50616510106e-07,0.000623893775586,9.04858199123,9.5336741791e-07,0.00150685281631,8.69870466453,2.06829401747e-06,0.00295426561405,8.17178512701,1.52785059339e-05,0.0111160319508,8.58139335393,3.05456123746e-06,0.00397239456412,4.59257185841,0.182158069879,0.367358599205,8.53144739095,9.34577337029e-06,0.00564147740722,9.204985705,3.8714065412e-07,0.000908306112033,5.34379483543,0.0552521180053,0.322408711815,7.30077821366,0.000297640585641,0.0672269280033,8.68424151336,2.32930201199e-06,0.00333239054568,5.31615561434,0.0465377042208,0.166651180513
unguided,0,0.09,0.0999999940395,predicted,Actual proposal support boundary; monitored coordinates are pre-native endpoint forecast,True,50,5.60325602537,0.957372076673,-0.0663290666008,0.089649697504,0.106748346064,0.0586067875652,6.40379774202,6.57267674131,-0.0214285722242,-0.440686765959,2.35083286771,0.185556795501,0.259093803219,0.27210396949,0.253426202065,0.217728640607,4.67254523331,0.178487110644,0.714080322375,9.66821725989,3.45095502197e-08,0.000218933681388,9.18686683445,3.46727158061e-07,0.000937536743871,9.15330034645,3.15014184402e-07,0.000934316249622,8.19174341655,2.5257398469e-05,0.0111059298822,9.69589121155,5.71963455466e-08,0.000255548240655,9.1717689253,2.34336262621e-07,0.000822978462429,8.21572288513,4.44508160088e-06,0.00802144637786,9.24534239565,1.49170221702e-07,0.00062268452644,9.02898016506,1.06746566436e-06,0.00159521600025,8.68666565147,2.20277459302e-06,0.00306870168244,8.15922413321,1.60315398627e-05,0.0114401567732,8.59852636902,2.8609530559e-06,0.00379763222884,4.5908125083,0.183421503227,0.368329375126,8.50008617127,1.06498154063e-05,0.00603501824341,9.1877687756,4.19492100398e-07,0.000957647390754,5.37088201596,0.0527885019827,0.320227169967,7.30297448892,0.000296533209751,0.0669155938243,8.65226491193,3.12554584561e-06,0.00370812340385,5.31793625371,0.0465982088343,0.164733540821
unguided,0,0.1,0.109999999404,predicted,Actual proposal support boundary; monitored coordinates are pre-native endpoint forecast,True,50,13.4167117702,0.999162094219,-0.0706526444817,0.0769887792683,0.121194369469,0.0607343361755,6.42207072748,6.58310455407,-0.0120637989402,-0.433385358427,2.37462947576,0.186179776803,0.259332333452,0.270255032934,0.252547646861,0.218318337391,4.67385846031,0.179318656487,0.714377413232,9.68274599491,3.19274319016e-08,0.000208473100695,9.10485394834,6.83474323059e-07,0.00127219039149,9.14830867329,3.23729405634e-07,0.000951604783854,8.19032519492,2.59132791918e-05,0.0111450697956,9.68088664959,6.19381162965e-08,0.000268668731514,9.15943188653,2.89127566349e-07,0.000880593465619,8.21453624227,4.51894242067e-06,0.00807341568542,9.25318602815,1.42730943282e-07,0.000607136292853,9.0227014093,1.10205869822e-06,0.00161863209409,8.67231947685,2.35159922165e-06,0.00319598561031,8.1594233646,1.60003726712e-05,0.0114289928691,8.62247047737,2.59094190366e-06,0.00356034186967,4.58463883978,0.185382896838,0.367828019608,8.48371781772,1.11649285315e-05,0.00624707520413,9.1773988886,4.44205861198e-07,0.000991540030904,5.38976319681,0.0509661495,0.318625272274,7.30639962371,0.000294976169342,0.0663990117481,8.62055414495,4.19108404202e-06,0.00410057687955,5.32056206057,0.0466338411029,0.163452448988
unguided,0,0.11,0.119999997318,predicted,Actual proposal support boundary; monitored coordinates are pre-native endpoint forecast,True,50,28.2352292906,1.05030786219,-0.072557523098,0.0603382157898,0.128101303849,0.0620540003318,6.43073629149,6.58883516524,0.00361187220129,-0.422658603501,2.40895236782,0.186893365458,0.259898259898,0.268745680565,0.252278755215,0.218346510763,4.67146996849,0.181145483068,0.714007627573,9.69555962711,2.99373363282e-08,0.000200127200524,9.00885029976,1.33889575166e-06,0.00175550568694,9.14692918036,3.29915595844e-07,0.000961099860943,8.18388270375,2.69341185033e-05,0.0112928800902,9.68344299919,5.98732982261e-08,0.000264159606873,9.13687765373,3.80056499906e-07,0.000978150664453,8.21264680219,4.61746818686e-06,0.00814300494736,9.25910499274,1.37803132377e-07,0.000595226707907,9.01959238534,1.12591415761e-06,0.00163166691483,8.66081318136,2.49764234749e-06,0.00330465591012,8.15775231767,1.61149727643e-05,0.0114722151946,8.64725962661,2.33677876847e-06,0.0033303063827,4.58144966061,0.186727010729,0.366891054376,8.47040534978,1.13964121566e-05,0.00643905674567,9.17396820111,4.45070984654e-07,0.000999883523013,5.41417249102,0.0487501996901,0.31575428605,7.30570091168,0.000297566132357,0.0663874810994,8.57643355552,5.8288772372e-06,0.00464958669899,5.32268692097,0.0467570239896,0.162243873805
unguided,0,0.12,0.129999995232,predicted,Actual proposal support boundary; monitored coordinates are pre-native endpoint forecast,True,50,29.9961273871,0.997415134366,-0.0707213018799,0.0459782790756,0.139548997555,0.0616021458488,6.41503516289,6.56206352092,0.027835653714,-0.414333455906,2.42305433826,0.188157062603,0.261116163042,0.268003517936,0.252815851894,0.217647635224,4.66322666038,0.184387835156,0.715194261317,9.70609308837,2.84444325112e-08,0.000193792087838,8.954694893,1.92853162426e-06,0.00208837010731,9.15599120283,3.17658426039e-07,0.000936610799743,8.18739789018,2.66703519801e-05,0.0112166551503,9.68457110434,5.98084957517e-08,0.000263859631294,9.12707186034,4.45674996169e-07,0.0010338417156,8.21762922435,4.56440528888e-06,0.00804834504253,9.25938943498,1.38781572977e-07,0.000597565219428,9.01708017093,1.15128697186e-06,0.00164594467459,8.6492672465,2.6247171158e-06,0.00340700695283,8.15063257383,1.66638839866e-05,0.0116665132497,8.65960604342,2.29647641881e-06,0.00323614177323,4.58150338917,0.18728094332,0.367652751997,8.46433427622,1.13502483389e-05,0.00654127780518,9.1696388807,4.60979059675e-07,0.00101673490015,5.44145748542,0.0462596038857,0.312347643491,7.30838467554,0.000295075086898,0.0660107848821,8.56065164329,6.64411091755e-06,0.00486563426288,5.32901949645,0.0465493406249,0.160435934479
unguided,0,0.13,0.140000000596,predicted,Actual proposal support boundary; monitored coordinates are pre-native endpoint forecast,True,50,33.4195960657,1.00694665012,-0.0665512798691,0.0372698711967,0.142807073269,0.0613988259684,6.35512676107,6.51147173742,0.0442332928251,-0.403283535539,2.42081021056,0.189460913485,0.263234718373,0.268857581625,0.254136171644,0.215825773347,4.6512467086,0.188339134192,0.716825440732,9.71581086906,2.73561809632e-08,0.000188591087741,8.94217525282,2.16172066925e-06,0.00219171719218,9.1581680803,3.19854247421e-07,0.000937420626519,8.18797921804,2.66901074789e-05,0.0112087539932,9.664809724,6.81570803422e-08,0.000285321163014,9.13219072494,4.59786128743e-07,0.00103054948438,8.22324814707,4.46777606196e-06,0.00791791885532,9.25790965094,1.39856692589e-07,0.000601469088727,9.03654295595,1.04086561934e-06,0.00155687633008,8.64723573027,2.60166673782e-06,0.00341420774805,8.14292673348,1.75475951796e-05,0.0118906661122,8.6647448,2.3815802961e-06,0.0032170963554,4.59051602002,0.185962985275,0.370936626504,8.4907040148,9.69819219391e-06,0.00617031061544,9.15399388601,5.10636003469e-07,0.00107471503363,5.46649494672,0.0440586350757,0.309783503096,7.30455848007,0.000301390402532,0.0663005797115,8.56667492409,6.58326558662e-06,0.0047970403495,5.34063057771,0.0460807949113,0.159148850273
unguided,0,0.14,0.149999991059,predicted,Actual proposal support boundary; monitored coordinates are pre-native endpoint forecast,True,50,38.4616332434,0.968902086993,-0.0659338973427,0.034535731039,0.135379939947,0.0608990883656,6.34164588898,6.47579051983,0.0516157840767,-0.39321303069,2.43537570564,0.190053271775,0.265111692082,0.269631965474,0.254451760896,0.21414193329,4.63960194948,0.19130387278,0.713888683209,9.71552756413,2.75868322203e-08,0.000189406359556,8.92155595497,2.44123360412e-06,0.00232859750802,9.14786391985,3.45345221724e-07,0.000976149111214,8.18158577332,2.70673989651e-05,0.0113780717423,9.68734474105,6.11471842918e-08,0.000266527580838,9.13132863501,4.71267170485e-07,0.0010365339028,8.22010715143,4.54913267834e-06,0.00799201477551,9.25594419959,1.43179250917e-07,0.000607166491355,9.04090195271,1.02632596611e-06,0.00154228434797,8.65126814563,2.505228267e-06,0.00336686189962,8.13203046341,1.87665667786e-05,0.0122146135468,8.67377542169,2.33038364341e-06,0.0031450091319,4.59854359447,0.185006323058,0.372602315209,8.49588466653,9.27355593575e-06,0.00610452960651,9.16520623471,4.84785044475e-07,0.00104036016281,5.47866217549,0.0429702092911,0.308486681983,7.30333087927,0.000305718318534,0.0662284265626,8.56191501845,6.80047701006e-06,0.00484922201287,5.33526018551,0.0463478987948,0.159157486537
unguided,0,0.15,0.159999996424,predicted,Actual proposal support boundary; monitored coordinates are pre-native endpoint forecast,True,50,65.4905739167,0.994707449218,-0.066038653698,0.0269390785313,0.112756238852,0.0603440423753,6.38832181964,6.41493168729,0.0508146672108,-0.389558729564,2.46095974587,0.190317933719,0.266836261805,0.270083595732,0.253898413712,0.21289455238,4.63027869379,0.193427122983,0.708149531956,9.72094195607,2.67224990761e-08,0.000185916394315,8.88998659518,2.80048127677e-06,0.00251616946187,9.13978018665,3.61562653721e-07,0.00100238293257,8.157292961,3.00827092349e-05,0.0119757243565,9.72912364379,5.04131365926e-08,0.000235615827663,9.11024581279,5.20197053922e-07,0.00110018650811,8.21616117559,4.64283142092e-06,0.00807991231542,9.25229758443,1.46196249094e-07,0.000614563654884,9.01627283694,1.18336895745e-06,0.00166562478655,8.65799073915,2.43940132545e-06,0.00330872899707,8.12659477174,1.9616408099e-05,0.012382463413,8.69072082345,2.14646446076e-06,0.00298791262559,4.60381986439,0.184318124494,0.372761942274,8.46198935093,1.07805889611e-05,0.00660446159423,9.19313374149,4.30407331047e-07,0.000961863670031,5.49259135688,0.0419620516089,0.309360510385,7.29630389334,0.000316093294548,0.0669153824454,8.54197690364,7.38628740833e-06,0.00507059012413,5.3254505195,0.0470348272795,0.159048218517
unguided,0,0.16,0.170000001788,predicted,Actual proposal support boundary; monitored coordinates are pre-native endpoint forecast,True,50,52.9538589876,0.992719863503,-0.0622137950325,0.0547240888691,0.0931184312439,0.0614107673552,6.39927431845,6.34652306502,0.0409179073733,-0.402754391238,2.48047845991,0.190165029118,0.269193285043,0.271757912192,0.254556609387,0.211162436575,4.61725590755,0.195382754257,0.704379508125,9.71947858407,2.70392482104e-08,0.000187004929858,8.90599775622,2.59293030081e-06,0.00241651274404,9.10611522075,4.28508970369e-07,0.0011110949102,8.12566910133,3.55141023338e-05,0.012758337517,9.76992694618,4.35748515909e-08,0.000213388096168,9.12352633907,4.90886488477e-07,0.0010586068805,8.21919238735,4.54013716031e-06,0.00799298131769,9.24216146457,1.52006330089e-07,0.000632083824818,9.02251454645,1.15958315464e-06,0.00164422969906,8.66907175605,2.26355217344e-06,0.00321498798802,8.10606208742,2.18366082296e-05,0.012995192883,8.68371267379,2.1697834945e-06,0.00302623800075,4.61518312874,0.182413760611,0.375224043226,8.48291684445,9.61102186377e-06,0.00629644294262,9.22218086401,4.02854553431e-07,0.000900148511761,5.49184760721,0.0421306636572,0.313043201128,7.28570903823,0.000333059024652,0.067947029754,8.55605905212,6.92181372503e-06,0.00488603753944,5.32249243509,0.0474187536324,0.160030018989
unguided,0,0.17,0.179999992251,predicted,Actual proposal support boundary; monitored coordinates are pre-native endpoint forecast,True,50,43.8321594052,0.979644280232,-0.0552562449837,0.0856559347725,0.0719347366428,0.0597449822886,6.46425583236,6.23998067445,0.0362680486017,-0.40160734018,2.45286633597,0.18910639972,0.271394258277,0.273904592449,0.255648956695,0.20878790468,4.58645019269,0.198439524587,0.69821948148,9.69981809908,2.92600727391e-08,0.000198062613925,8.927443706,2.33852844282e-06,0.00228603261947,9.08024027593,4.86543235755e-07,0.00120213446171,8.14906576792,3.13679914523e-05,0.012156039621,9.83311071875,3.31589605061e-08,0.000178792057621,9.12598842291,4.84575292464e-07,0.001051007527,8.22124674718,4.47201311656e-06,0.00793677755179,9.23281070188,1.57732527876e-07,0.000650467605066,9.01930092807,1.16653551692e-06,0.00165830832959,8.67471576319,2.26530816821e-06,0.00318900113735,8.07151048197,2.63114367103e-05,0.0140974497429,8.65932773804,2.34037638178e-06,0.00320519146683,4.64292969552,0.17714846278,0.379639822391,8.48916550009,9.15856552105e-06,0.00621012135801,9.25874593316,3.65515868614e-07,0.000823579049474,5.46969803475,0.0440136265794,0.319387156748,7.28474861519,0.000336548090909,0.067920537315,8.57399325735,6.19835610795e-06,0.00466767339113,5.30881772415,0.048400231615,0.160502456608
unguided,0,0.18,0.189999997616,predicted,Actual proposal support boundary; monitored coordinates are pre-native endpoint forecast,True,50,45.9898709255,1.00670477099,-0.0557256840134,0.100122484825,0.0486028471327,0.0562530468188,6.6157829003,6.16217142543,0.0481477677879,-0.39691180462,2.44927344945,0.186291282081,0.272990728919,0.274060150755,0.256613145458,0.206129035503,4.57331603954,0.195204125105,0.695755257239,9.6899007233,3.11788140427e-08,0.000205024819728,8.90491825721,2.57541094408e-06,0.00241646692707,9.05695455278,5.42240068001e-07,0.00128152489525,8.15542776316,3.02368043095e-05,0.011979580395,9.77194376712,5.13788735064e-08,0.000233219511675,9.10277745028,5.48668898753e-07,0.00113108878362,8.21836552839,4.46941442837e-06,0.0079874620738,9.23208587285,1.55636705833e-07,0.000649377006479,9.0013441721,1.25915928176e-06,0.00174060912681,8.67551205013,2.25092469559e-06,0.00317913401896,8.03221497968,3.22715669848e-05,0.0154610049853,8.63566812266,2.51359732931e-06,0.00339515471356,4.6660180371,0.171460743998,0.382582726187,8.46698505918,9.78086908397e-06,0.00653990047623,9.24665568228,4.62513256401e-07,0.000908610687287,5.44220695877,0.0461428637961,0.323600128356,7.28994283148,0.00033162478626,0.067190914798,8.56262111479,6.34620051076e-06,0.00478839830787,5.31767817387,0.0481802423095,0.162234244998
unguided,0,0.19,0.199999988079,predicted,Actual proposal support boundary; monitored coordinates are pre-native endpoint forecast,True,50,46.0921387323,1.02827144524,-0.0551681064034,0.0864594317591,0.0228141727781,0.0529198940542,6.74079283825,6.10074004186,0.0697323635569,-0.381704797248,2.40488004135,0.184359118327,0.272103062878,0.275367120424,0.257033037706,0.203643794028,4.57128975625,0.192396570824,0.695307079574,9.66669543111,3.45790828189e-08,0.000220769470293,8.87195065718,2.97040437268e-06,0.00261903290697,9.0834212983,4.50788462391e-07,0.00116281602657,8.1681539541,2.74171431326e-05,0.0116714125936,9.72360418467,6.95201571649e-08,0.000280398862209,9.07040543114,6.42634687489e-07,0.00124317835615,8.22017446092,4.30677821516e-06,0.0079034858519,9.22081004147,1.67202629876e-07,0.00067730219341,8.97307767004,1.43810622506e-06,0.00187954832535,8.67577360596,2.1759855579e-06,0.00315218426701,8.01372195716,3.54053278148e-05,0.0161760050754,8.62386112159,2.59139938169e-06,0.00348679170167,4.68725707006,0.165940901753,0.385518874855,8.43456243304,1.09586916685e-05,0.00704818164584,9.22845427243,5.50409298028e-07,0.000991434513149,5.42220344882,0.047705058538,0.325516624061,7.28836012191,0.000335776997434,0.067236974234,8.53955666758,6.7103269698e-06,0.00504755087943,5.29245754208,0.0493166295903,0.161265245404
unguided,0,0.2,0.209999993443,predicted,Actual proposal support boundary; monitored coordinates are pre-native endpoint forecast,True,50,40.9137747729,1.09632745934,-0.043589587059,0.052727261073,-0.0108919754887,0.0524179593911,6.83168719014,5.9828210339,0.102287495589,-0.359486769107,2.30108823508,0.183209944448,0.272938911536,0.277732044636,0.258179414693,0.200511931622,4.55185440374,0.194907188646,0.693668387914,9.61749105619,4.46884019073e-08,0.000262634588652,8.82726009434,3.6503227922e-06,0.00292676418983,9.12927330292,3.66056954212e-07,0.00101327301674,8.19588270094,2.27408564913e-05,0.0109897937586,9.716449879,7.32641307052e-08,0.000289438824459,9.03506275796,7.38414045153e-07,0.00136128292207,8.23354448546,3.95035064083e-06,0.00756059815827,9.20516612065,1.85035230427e-07,0.000719226045304,8.93597820125,1.70890323615e-06,0.00207497658637,8.67803808266,2.09104343701e-06,0.00311744362913,8.0245615527,3.45573168625e-05,0.0158239659409,8.59490201422,3.15477438168e-06,0.00379239987435,4.71748864861,0.158757655033,0.388798307962,8.39287506459,1.27148047175e-05,0.00775839744402,9.21385237629,6.08594430767e-07,0.00104689363436,5.41581479992,0.0479582731925,0.329568466563,7.27491592901,0.000356509035618,0.0685978071469,8.50681298421,7.12711900631e-06,0.00544020467155,5.26212694212,0.0505086513788,0.157096353375
unguided,0,0.21,0.219999998808,predicted,Actual proposal support boundary; monitored coordinates are pre-native endpoint forecast,True,50,40.1348168417,1.05624821546,-0.0315630648994,0.0305083858585,-0.0637725857162,0.0515821215048,6.93807115016,5.85169471137,0.151175858948,-0.337906104992,2.07475522302,0.182607050096,0.271772129424,0.277053945359,0.261990268752,0.198825715684,4.52969329004,0.197144775656,0.687030042341,9.5418979241,6.12027699206e-08,0.000324477380068,8.7930960634,4.25698048914e-06,0.00317899129717,9.18171307133,2.90075139291e-07,0.000867537875125,8.25819667799,1.56080885874e-05,0.00950963774731,9.74128934553,6.48286235117e-08,0.000268514564354,9.0091146279,8.26156987352e-07,0.00145685768788,8.240586049,3.73218961084e-06,0.00736667805607,9.19651413111,1.9414070575e-07,0.000736089031794,8.90977172562,1.91086301909e-06,0.00221886856739,8.68013153627,2.02480183702e-06,0.00308440187887,8.04945467755,3.19171592396e-05,0.0150135160407,8.48898346093,5.24125638436e-06,0.00516861973218,4.74446576353,0.152540333197,0.380123958026,8.35896204742,1.43897454152e-05,0.00837989116127,9.21940616403,5.96980320722e-07,0.00103403319507,5.30376552792,0.0556957725928,0.326098532733,7.27161367782,0.00036041138431,0.0689412576519,8.4837152624,7.42899654011e-06,0.00573180103038,5.24729609763,0.0507797131672,0.164015053276
unguided,0,0.22,0.229999989271,predicted,Actual proposal support boundary; monitored coordinates are pre-native endpoint forecast,True,50,32.3665899259,1.04613791786,-0.0162269328499,0.013230229578,-0.115986841645,0.0466947555571,7.13601600063,5.68205091651,0.215822044081,-0.300565720643,1.75923022284,0.181568180684,0.270789125229,0.274523348206,0.266456633381,0.197482804383,4.50197514829,0.203573429931,0.673464730103,9.35217193783,1.74441692738e-07,0.000601206620903,8.7517054033,5.06601267913e-06,0.00349697763626,9.25319690488,2.07716664204e-07,0.000697920012902,8.34107518641,9.71213642565e-06,0.00776760940937,9.769407989,5.65620201261e-08,0.000246884452521,8.96002466254,1.04132905772e-06,0.00167214207799,8.25676648446,3.41501968531e-06,0.00700765371163,9.18419532164,2.08211503465e-07,0.000764260973546,8.87644272706,2.19883888022e-06,0.0024129802028,8.68217727799,1.99129902378e-06,0.00304704237482,8.07451846517,2.93265209836e-05,0.0142295245439,8.37049601918,9.24259122925e-06,0.0070555026151,4.78391022987,0.143239454373,0.379555192154,8.31127526258,1.74864915516e-05,0.00930946812664,9.23459734535,5.58415694987e-07,0.000993274194999,5.15965096439,0.0656018856234,0.323433007802,7.28406482224,0.000344106683034,0.0673874601238,8.44667815995,8.42057115062e-06,0.00627479944606,5.2109462526,0.0536883628276,0.168724305875
unguided,0,0.23,0.239999994636,predicted,Actual proposal support boundary; monitored coordinates are pre-native endpoint forecast,True,50,35.2189336134,1.09168002115,-0.00286565288544,0.000562068185804,-0.147593417492,0.043693085674,7.25445366366,5.57021227194,0.256428478768,-0.302936945059,1.69382658762,0.181680590663,0.270723215033,0.27450422978,0.267394664301,0.196791729486,4.48824509368,0.206433913594,0.668411763389,9.31663985599,2.09015705437e-07,0.000668699460279,8.71770177217,5.81996751491e-06,0.0037774559951,9.29267509732,1.69029523988e-07,0.000614315799337,8.35961826009,8.66647771004e-06,0.00739902858078,9.83010842761,4.0974268134e-08,0.000202343482184,8.91332975958,1.33076466347e-06,0.00191724622987,8.26943711459,3.23279880744e-06,0.00675511143419,9.17223407635,2.22079599199e-07,0.000792364618879,8.85546203529,2.42965645381e-06,0.00254936442735,8.69198784534,1.92174864307e-06,0.00295908753636,8.07790374808,2.90710604165e-05,0.0141353555778,8.32195152351,1.14809735561e-05,0.00794504643952,4.80236314654,0.138431431927,0.378795349414,8.27843807943,2.03010528173e-05,0.009984558837,9.29193648867,4.08461162448e-07,0.000829985546609,5.13526095083,0.0673317138871,0.323756429694,7.2794790998,0.000347341292984,0.0680112937714,8.41373869752,9.86791324426e-06,0.00678565517289,5.21552690414,0.0536247654539,0.170594941342
unguided,0,0.24,0.25,predicted,Actual proposal support boundary; monitored coordinates are pre-native endpoint forecast,True,50,23.3622526596,1.11026626228,0.00729340330124,-0.00352883342743,-0.16418584558,0.0450258694339,7.2994585279,5.5544500918,0.2859368718,-0.311303825046,1.69104996178,0.181618157371,0.270346943316,0.273704806974,0.267180001348,0.197271864904,4.48227375832,0.207192763329,0.666214541211,9.31349004574,2.12742659487e-07,0.000674128275034,8.70837243363,6.02983165054e-06,0.00385506985593,9.30071127248,1.62292892881e-07,0.000598938911139,8.34720731471,9.28838852073e-06,0.00762775739322,9.8563795343,3.56102124049e-08,0.000185475326621,8.90072311671,1.41325262003e-06,0.0019852122253,8.27950038948,3.07980696757e-06,0.00655458408957,9.14238820116,2.6114905998e-07,0.000873548052973,8.85095654407,2.47706899315e-06,0.00257817354035,8.69324499115,1.9287329499e-06,0.00295604515688,8.06749471789,3.04882058395e-05,0.0144632163852,8.30323857085,1.24633500304e-05,0.00830915268184,4.81802016052,0.135472359383,0.378481699756,8.26859820509,2.11291562564e-05,0.0101974632584,9.30582543225,3.78864850261e-07,0.000794617479105,5.1571363395,0.0658538740686,0.325539795274,7.27581018484,0.000347107216538,0.0686866698345,8.40459867741,1.02023923477e-05,0.00693033694995,5.20799974446,0.0542751302328,0.171475831229
unguided,0,0.25,0.259999990463,predicted,Actual proposal support boundary; monitored coordinates are pre-native endpoint forecast,True,50,17.1116569808,1.21567467995,0.015093722496,-0.0179288208866,-0.176698632863,0.049015157116,7.32256789129,5.5304737956,0.314882213924,-0.321192329412,1.70854575609,0.181874650895,0.270501061627,0.273558894564,0.266982196852,0.197129240081,4.47550144608,0.208464113002,0.664313507826,9.33943338046,1.86432854641e-07,0.000621116380565,8.69180376927,6.4618250555e-06,0.00400189709161,9.29790634714,1.6658520964e-07,0.000607237378271,8.32975671939,1.0234698252e-05,0.00796483977663,9.87345330138,3.25826617044e-08,0.000175495743048,8.89549531515,1.43159256718e-06,0.00200774444673,8.28976624587,2.91042893801e-06,0.00634998820064,9.11164870387,3.09757338684e-07,0.000966629564394,8.84244325336,2.58944285014e-06,0.00263719815988,8.69016909203,1.94763929757e-06,0.00298259244895,8.07032272973,2.98950005771e-05,0.0143689130895,8.30318099446,1.24048524939e-05,0.00830289389202,4.8311973522,0.133039235541,0.378169796482,8.25460184251,2.23572351754e-05,0.0105030793448,9.305450992,3.83469983097e-07,0.000799304678598,5.20237749842,0.0626968852331,0.327053322151,7.27545319185,0.000338107399394,0.0692077086751,8.39264221927,1.06977006902e-05,0.00713021232708,5.21450482382,0.0539889186062,0.172106668212
unguided,0,0.26,0.269999980927,predicted,Actual proposal support boundary; monitored coordinates are pre-native endpoint forecast,True,50,16.8783491526,1.20777329375,0.0142827726936,-0.0273128927135,-0.187835791435,0.0499804062239,7.35889325961,5.51165533954,0.320785372181,-0.326976358321,1.73085177915,0.181941612857,0.270593477741,0.273237157919,0.266713893154,0.196957958588,4.47754341212,0.207620012437,0.662761589921,9.35552867135,1.7250132392e-07,0.000590462182731,8.67907975494,6.79346405602e-06,0.00411427331887,9.29210713615,1.71808126968e-07,0.000619059145716,8.31083713991,1.12512942145e-05,0.00835088887509,9.90073602667,2.81378466756e-08,0.000160157753964,8.88429027744,1.49756075796e-06,0.00206690395509,8.28895762093,2.93106898175e-06,0.0063661806121,9.10300732896,3.24242236492e-07,0.000993772730669,8.83728480909,2.64511791398e-06,0.00267042164592,8.68500011592,2.01173896787e-06,0.0030297553333,8.07384597681,2.93313871169e-05,0.0142574578786,8.31289762142,1.17870068338e-05,0.00809925299878,4.83451324012,0.132230365546,0.377795575354,8.23879599462,2.39508995989e-05,0.0108541398463,9.32180643696,3.53754014199e-07,0.000762051421297,5.22289369712,0.0613358086437,0.328582812261,7.27393505368,0.00033872691805,0.0694400538745,8.38035835493,1.11750801619e-05,0.0073402189681,5.21278729936,0.054218006832,0.17230218846
unguided,0,0.27,0.280000001192,predicted,Actual proposal support boundary; monitored coordinates are pre-native endpoint forecast,True,50,17.5051588594,1.30732297781,0.0153815652466,-0.036033973136,-0.194183947768,0.0495079294678,7.39802011834,5.49424460006,0.324089898721,-0.329245329564,1.7390061812,0.181900784477,0.270754701635,0.272466527946,0.266541806528,0.197078015685,4.48025540751,0.20737282061,0.661345044456,9.3628732036,1.67689351217e-07,0.00057797751643,8.67751900204,6.7992237343e-06,0.00412022756776,9.29474609335,1.69151993887e-07,0.000613345626842,8.29829535771,1.18886312782e-05,0.0086238113242,9.92046439154,2.52814951862e-08,0.000149788948304,8.87371017335,1.53391501989e-06,0.00211723083852,8.29070910605,2.91645894888e-06,0.00633992407716,9.10118965739,3.25012858409e-07,0.000997392379176,8.83238532954,2.66522660649e-06,0.00269516060818,8.67848314334,2.10833662729e-06,0.00309336391485,8.0728977523,2.94355831403e-05,0.0142889482226,8.3178226637,1.1452432356e-05,0.00799226265586,4.83878602244,0.131386310737,0.377646845363,8.22780754066,2.49028097258e-05,0.0111119051633,9.33535228535,3.2998337022e-07,0.000731412713221,5.2318810873,0.0607277933893,0.32911174718,7.27254598753,0.000339184452646,0.0696792108523,8.37023614368,1.12722575036e-05,0.0075283112464,5.21406748092,0.0542088958409,0.1725999429
unguided,0,0.28,0.289999991655,predicted,Actual proposal support boundary; monitored coordinates are pre-native endpoint forecast,True,50,32.3074822931,1.35767275646,0.0206916333771,-0.0372517967606,-0.200157238569,0.0485379454416,7.42082271824,5.48678967476,0.324964793269,-0.324448686111,1.72376131668,0.181866756231,0.270704947316,0.271762394261,0.266500510896,0.19740248878,4.47395599213,0.208317470591,0.659529161818,9.3587048879,1.71407299382e-07,0.000585452575871,8.68816021581,6.47091955632e-06,0.00401420289675,9.29923779876,1.65053501364e-07,0.000604562374756,8.28919899135,1.23448616266e-05,0.00882633966255,9.93330959494,2.35673263511e-08,0.000143344177241,8.86831019876,1.5521735988e-06,0.00214454264907,8.29333837363,2.89295292096e-06,0.00629963752288,9.09781648607,3.27879411626e-07,0.00100462625206,8.82518315192,2.70970566298e-06,0.00273681641015,8.67925160791,2.10742797393e-06,0.00309141915362,8.0682032525,3.00240525442e-05,0.0144364635607,8.31565127005,1.14731156452e-05,0.00802316646582,4.84777267354,0.129783272651,0.377642130186,8.22581106199,2.48029380035e-05,0.0111709144647,9.34074790741,3.20141796676e-07,0.000718616698822,5.23379480847,0.0606413673263,0.329694155264,7.27222602127,0.000337533832505,0.0698156862681,8.37165899654,1.08614488208e-05,0.00751075995088,5.20704395042,0.0546589488875,0.173105917316
unguided,0,0.29,0.299999982119,predicted,Actual proposal support boundary; monitored coordinates are pre-native endpoint forecast,True,50,38.586321543,1.34360570902,0.0160861803627,-0.0395020270729,-0.207867868271,0.0475120302733,7.42425347471,5.47257381869,0.323382837904,-0.317804382185,1.69661081254,0.181916119514,0.27079252858,0.27165348988,0.266778432882,0.197360887464,4.47698105147,0.207353757029,0.658718880606,9.35577049231,1.73623339011e-07,0.000590214455987,8.69599563694,6.24460390859e-06,0.00393898805102,9.29905159589,1.65656469788e-07,0.000605385175229,8.27790382072,1.29445295537e-05,0.00907429425764,9.94901091429,2.16138901234e-08,0.00013577078729,8.87504696608,1.47665505605e-06,0.00209774950856,8.28538514481,3.01413203335e-06,0.00644939478599,9.10229410598,3.19704426119e-07,0.000989596948905,8.82253937626,2.70336824906e-06,0.00274872231536,8.67060682664,2.19974131747e-06,0.00317041257968,8.07457558583,2.92273343779e-05,0.0142377382969,8.323348868,1.09883629385e-05,0.00786326621062,4.84937931916,0.129353342825,0.377548637844,8.22192749412,2.48689239599e-05,0.0112794903635,9.35002971255,3.05917176108e-07,0.000699423984887,5.22919886013,0.0610822461411,0.330725673625,7.2770353761,0.000332121981709,0.0691793009409,8.37806231043,1.01615232399e-05,0.0073946770005,5.19801056665,0.0552914887449,0.173386791279
unguided,0,0.3,0.310000002384,predicted,Actual proposal support boundary; monitored coordinates are pre-native endpoint forecast,True,50,34.3359598479,1.48703463251,0.0106846524811,-0.0373274904871,-0.214046154943,0.046692772849,7.42681944346,5.45799386851,0.308982681426,-0.322352888538,1.67598066098,0.182043791669,0.271024310256,0.271839265904,0.266927659665,0.197245698279,4.48757881294,0.205498688399,0.659541311725,9.35245526569,1.76933018505e-07,0.00059628874593,8.70313603036,6.06221565677e-06,0.00387435313211,9.29112032833,1.72820690529e-07,0.000621089155305,8.26964412835,1.35000733877e-05,0.00925809480294,9.96671713391,1.96203376519e-08,0.000127758113394,8.87755373312,1.46821505812e-06,0.00208635168078,8.27903179614,3.09547962515e-06,0.006562739664,9.10219486062,3.20698840715e-07,0.000990717866765,8.81437334004,2.81110687407e-06,0.0028086031542,8.67055874268,2.16412286068e-06,0.00316119761587,8.08259976594,2.82316241287e-05,0.0139883868784,8.3311984005,1.05185510739e-05,0.00770195324581,4.84613708591,0.129789819888,0.377413077747,8.22091761685,2.49419391253e-05,0.0113034218155,9.36421180383,2.85928417958e-07,0.000671647456442,5.22438982134,0.0615825157761,0.332178643196,7.27963151133,0.000330267573902,0.0687812557271,8.38368624186,9.9021828687e-06,0.00729933721609,5.18990586327,0.0558978836575,0.17362404429
unguided,0,0.31,0.319999992847,predicted,Actual proposal support boundary; monitored coordinates are pre-native endpoint forecast,True,50,32.3187460586,1.50704728224,0.00490407720565,-0.0313821286345,-0.220516932335,0.0472030838756,7.45777515805,5.4505827941,0.305277061497,-0.327030698767,1.68031082222,0.18184906938,0.270783199068,0.271415664064,0.266807704267,0.197441274354,4.50042642509,0.20285150997,0.659563246173,9.34553769069,1.83663170803e-07,0.000609404544341,8.70102167832,6.13059672966e-06,0.00389319896717,9.27668209946,1.85473160742e-07,0.000649514485712,8.26184923801,1.39876237562e-05,0.00943674741321,9.98720861166,1.75393561655e-08,0.000119046621442,8.88124894235,1.42515183435e-06,0.00205899422186,8.27486584781,3.13528594649e-06,0.00663022627347,9.09746166289,3.29877402507e-07,0.00100709813014,8.80775018481,2.9292009946e-06,0.00286305513737,8.67168216518,2.10009016629e-06,0.00313884521411,8.08258048596,2.82307741519e-05,0.0139903011308,8.33049554436,1.05293980483e-05,0.00770955786179,4.84465442396,0.130139818959,0.377586209106,8.21865554347,2.51998418841e-05,0.0113559774104,9.37561354683,2.7220213154e-07,0.000651746065443,5.22040232149,0.0620859304596,0.334127901557,7.28551823201,0.000323489388556,0.0680414462998,8.38105533861,9.9353735878e-06,0.00734687672157,5.18071084161,0.0564770173445,0.173879546454
unguided,0,0.32,0.329999983311,predicted,Actual proposal support boundary; monitored coordinates are pre-native endpoint forecast,True,50,48.26945067,1.58536953897,0.00218901649475,-0.0246852893019,-0.223148160901,0.0468874411344,7.45620157177,5.44867677327,0.304048129209,-0.326557316221,1.65773592843,0.181779648439,0.270776032524,0.271464050609,0.266966775412,0.197525421869,4.50456878293,0.202291035856,0.659359156401,9.33484803112,1.96176099667e-07,0.0006312828926,8.70567521125,6.02277665939e-06,0.00385364212893,9.27343755705,1.87300424575e-07,0.000654852552777,8.25647634639,1.43329719297e-05,0.00956503755662,10.0012455196,1.62155576656e-08,0.000113295269096,8.8932381278,1.33947213977e-06,0.00198953473811,8.27214963523,3.16245933719e-06,0.0066778989296,9.0956644918,3.33778267797e-07,0.00101305017873,8.80774451904,2.93284595287e-06,0.00286398135069,8.6677639491,2.12419847314e-06,0.00317246951648,8.08072117506,2.84945134292e-05,0.0140501601616,8.33354492946,1.02973555892e-05,0.00764011497393,4.84439843594,0.130106848157,0.377952195478,8.22038884205,2.4956785621e-05,0.011318626412,9.38437545689,2.60710696232e-07,0.00063507892034,5.21203320397,0.0627219230323,0.334991222007,7.28872550123,0.000320192953178,0.0676323119976,8.3896164873,9.5472575078e-06,0.00720145710876,5.1677971715,0.0573391392638,0.173992338902
unguided,0,0.33,0.340000003576,predicted,Actual proposal support boundary; monitored coordinates are pre-native endpoint forecast,True,50,54.9000400109,1.550411763,0.00440181032181,-0.0194361681128,-0.225055187073,0.0471366626571,7.45584826378,5.44246639885,0.314553716024,-0.329860819607,1.64134297003,0.181842156428,0.270903470928,0.271607720497,0.2670259738,0.197442681228,4.50462065682,0.202496142887,0.659694784957,9.32794618608,2.03039992729e-07,0.000645065415241,8.70792643877,5.97695437814e-06,0.00383575228677,9.27737378274,1.82576863764e-07,0.000645678443275,8.25750447465,1.42919144898e-05,0.00954292041461,10.0098010667,1.54557893665e-08,0.000109912306945,8.89894085259,1.30492004666e-06,0.00195851557457,8.27452358093,3.12531091098e-06,0.00662964124253,9.08679677238,3.51245764289e-07,0.00104377367364,8.8076685061,2.94163234087e-06,0.00286600900688,8.66689840276,2.13200511231e-06,0.00318213727482,8.07713158786,2.89309346822e-05,0.0141620184306,8.32525005871,1.06482911384e-05,0.00779122969544,4.84729296667,0.129496992376,0.378312859746,8.22173530771,2.48285211839e-05,0.0112869776719,9.39227770724,2.49271911503e-07,0.000618613651748,5.21360788048,0.0626789290776,0.335946316298,7.29069655951,0.000317025822226,0.0674299288894,8.39455668346,9.36495882272e-06,0.00711793403577,5.16198402967,0.057664286796,0.17392712391
unguided,0,0.34,0.34999999404,predicted,Actual proposal support boundary; monitored coordinates are pre-native endpoint forecast,True,50,57.3043994919,1.61698749498,0.00572617307663,-0.014471126833,-0.228384738889,0.0480615072723,7.45504251357,5.43931358465,0.320221025036,-0.334935316171,1.6274886493,0.181792556046,0.270904841443,0.271625321632,0.267137709901,0.197519021227,4.50567431506,0.202323682579,0.659799155306,9.3216393704,2.1083321903e-07,0.000658595865268,8.71238357038,5.86895720294e-06,0.00379717930576,9.27492308025,1.84888988981e-07,0.000650711979543,8.25456007515,1.44933711463e-05,0.00960994222758,10.0166965005,1.48766121541e-08,0.000107289346107,8.90494402164,1.26955044019e-06,0.00192628949506,8.27695866318,3.07636036409e-06,0.00657509846797,9.07860580089,3.66438725031e-07,0.00107094535673,8.8098194402,2.9088814378e-06,0.0028498784898,8.6641061279,2.1685368679e-06,0.00321182720899,8.07683914652,2.88990841791e-05,0.0141697947365,8.31904882681,1.09261326989e-05,0.00790636304233,4.84953187712,0.129035554185,0.378459586279,8.22392047703,2.45822530162e-05,0.0112373131091,9.39379065727,2.48293030884e-07,0.000616933068286,5.2149354782,0.0626828357517,0.336947331212,7.29035692067,0.000317292321269,0.0674767827726,8.39965984633,9.13399797216e-06,0.00703116143431,5.15708796344,0.0580336198541,0.174073176796
unguided,0,0.35,0.359999984503,predicted,Actual proposal support boundary; monitored coordinates are pre-native endpoint forecast,True,50,34.7930482981,1.6230444788,0.00501270071029,-0.0059980488205,-0.225643247094,0.0482673926815,7.4847480568,5.43486328439,0.309232449568,-0.34444703217,1.6423092709,0.181646327856,0.270729571955,0.271272594511,0.26690891278,0.197638167634,4.51293726092,0.200968200555,0.660744225204,9.31595372974,2.17477716124e-07,0.000670780937099,8.71651199662,5.7546690257e-06,0.00375920633645,9.26081047426,1.9924487177e-07,0.000680764771482,8.26291120003,1.39381879978e-05,0.00942241222697,10.0252582174,1.41892374218e-08,0.000104124339375,8.89552686469,1.34936013651e-06,0.00198601572533,8.27832522254,3.07128784071e-06,0.00655239676926,9.07968636834,3.65036516742e-07,0.00106773397204,8.81121303483,2.8660888169e-06,0.0028353886215,8.66295938053,2.22907708197e-06,0.00323200957352,8.07371352219,2.92007461377e-05,0.0142606924138,8.31105158726,1.13770589911e-05,0.00806636366425,4.84821182636,0.129569400929,0.378611871859,8.22176859423,2.49499308134e-05,0.0112812668154,9.40026426988,2.40573163658e-07,0.000605352558517,5.20886843281,0.063289754135,0.338045160421,7.28767772079,0.000323599188969,0.0676407421298,8.4003151853,9.20246102111e-06,0.00702360348644,5.15956587385,0.057872051302,0.173985796581
unguided,0,0.36,0.370000004768,predicted,Actual proposal support boundary; monitored coordinates are pre-native endpoint forecast,True,50,27.7262604052,1.69693189752,0.0079776908493,0.00378855582237,-0.219274908926,0.0485831012126,7.49741191246,5.43471802702,0.319395079842,-0.358492096125,1.63677165029,0.181480651316,0.270602969901,0.271155437854,0.266924459731,0.197710409203,4.51805762467,0.200849207199,0.662171443431,9.31140734491,2.22509687641e-07,0.000679950966845,8.71955993385,5.6989842606e-06,0.00373668310636,9.2604584406,1.97166072183e-07,0.000678903891309,8.27201376877,1.34150195808e-05,0.00922640138686,10.0317960734,1.36680848054e-08,0.000101685524247,8.90534194529,1.28423702245e-06,0.00193141098007,8.28528962026,2.9745737684e-06,0.00642234416884,9.07118043083,3.8177349137e-07,0.00109732267444,8.81143807764,2.86697807219e-06,0.00283378838816,8.65965246638,2.26866649811e-06,0.00326466561834,8.06150289476,3.07473685733e-05,0.0146518050222,8.29778982149,1.2035769934e-05,0.00832722028076,4.84674316717,0.129635505099,0.3791499654,8.22227204043,2.49294157053e-05,0.0112681572422,9.41413655816,2.22272883971e-07,0.000577803534749,5.21228783944,0.0631007956305,0.338944406616,7.28660707852,0.00032573521801,0.0677381595441,8.41166989251,8.83757788755e-06,0.00683810406061,5.16050096131,0.0578370771779,0.173879601454
unguided,0,0.37,0.379999995232,predicted,Actual proposal support boundary; monitored coordinates are pre-native endpoint forecast,True,50,31.1512747826,1.69859541068,0.00652817264557,0.00831900712013,-0.222678001251,0.0491050718988,7.51783686962,5.42522918732,0.316093477316,-0.36919183282,1.64190016685,0.181517390889,0.270463834382,0.270964931546,0.266737712619,0.197754359264,4.52239492407,0.199548825795,0.662481101748,9.31319614354,2.2013899084e-07,0.00067530528959,8.72035049498,5.66937461776e-06,0.00372808727258,9.25000366278,2.07673014432e-07,0.000701329465457,8.27142033672,1.34635986929e-05,0.00923831285483,10.04725469,1.25455873978e-08,9.63062757905e-05,8.90694575716,1.28003789249e-06,0.00192404207814,8.28648522822,2.9279347959e-06,0.00638800730124,9.06469152528,3.96589811099e-07,0.00112148719681,8.81072686472,2.86814631914e-06,0.0028377931394,8.65707390057,2.31140020213e-06,0.003293309039,8.06085572805,3.07905311362e-05,0.0146717212716,8.3021206439,1.16369350168e-05,0.0082211740886,4.84538572976,0.129672394875,0.378913936182,8.21838154323,2.53303501232e-05,0.0113614710787,9.43137547211,2.02619367008e-07,0.000546862495306,5.21329510733,0.0631763336613,0.340277949752,7.28594780514,0.000325919409237,0.0678641338505,8.41654842855,8.63568371981e-06,0.00675404948111,5.15628084665,0.058132541552,0.173898009842
unguided,0,0.38,0.389999985695,predicted,Actual proposal support boundary; monitored coordinates are pre-native endpoint forecast,True,50,31.086209989,1.7212100362,0.00501178995132,0.0108239811277,-0.219117902991,0.0504968333371,7.51588492151,5.39596673909,0.320914944945,-0.370633665499,1.60905980522,0.181740818285,0.270883536,0.271538792025,0.267022972253,0.197445724899,4.51975124576,0.200588570557,0.662289509616,9.30424581632,2.32266550034e-07,0.000696309844222,8.7159502463,5.80340222119e-06,0.00377152703482,9.25097783282,2.05456687012e-07,0.00069853917545,8.28388063324,1.26703977542e-05,0.00897178837938,10.0598263922,1.16535005087e-08,9.19007470705e-05,8.92502956538,1.13968255696e-06,0.00181664338965,8.28972943429,2.86045241835e-06,0.00631850977805,9.06742171368,3.95645534295e-07,0.00111562784147,8.81400998513,2.81212984958e-06,0.00281047879623,8.64484626783,2.45903036454e-06,0.00341618894802,8.06688110307,2.9960221271e-05,0.0144787001222,8.30066964581,1.17094271988e-05,0.00824473701318,4.84460522772,0.129796712085,0.379211469996,8.21385568814,2.55796151748e-05,0.0114811273643,9.43762013189,1.95468169309e-07,0.000535359800304,5.19676540517,0.0643402498492,0.339955340065,7.28536562546,0.000328198240236,0.0678842243159,8.42772151883,8.12071370048e-06,0.00657200169553,5.16023364134,0.0577952080988,0.173615512959
unguided,0,0.39,0.399999976158,predicted,Actual proposal support boundary; monitored coordinates are pre-native endpoint forecast,True,50,28.5081724805,1.64914430888,0.00177994743347,0.0151481276369,-0.217190555658,0.050347765542,7.52184474994,5.37540152666,0.314508250246,-0.37440397217,1.62043419309,0.181935076732,0.271270980233,0.271988185768,0.267035472913,0.196928118782,4.52433631356,0.199952422793,0.662914519223,9.30699019949,2.28022112229e-07,0.000690155868743,8.7196130132,5.68878513405e-06,0.00373637491976,9.24224233262,2.15591848981e-07,0.000718678149887,8.29235966143,1.21617928223e-05,0.00879036468931,10.0729275039,1.08113230207e-08,8.76202507931e-05,8.92466600629,1.14646265137e-06,0.00182062813317,8.28877989226,2.87416160137e-06,0.00633331958019,9.0767825705,3.75272647902e-07,0.00108193517463,8.81503042967,2.80860569105e-06,0.00280526660114,8.64592835211,2.4397211773e-06,0.00340246177892,8.07196702819,2.92181329226e-05,0.014312135164,8.2982755425,1.18494097888e-05,0.00829329879721,4.83953078215,0.130588228215,0.379134099959,8.21760891695,2.52277763938e-05,0.0113878628359,9.45238694128,1.79958185156e-07,0.00050972906376,5.19217366106,0.0648512961332,0.340608884489,7.2883955346,0.000324778067888,0.0675026387343,8.42645811503,8.18758329885e-06,0.00659409575242,5.1675457608,0.0572586900344,0.173319418226
unguided,0,0.4,0.409999996424,predicted,Actual proposal support boundary; monitored coordinates are pre-native endpoint forecast,True,50,21.2554155679,1.58923160176,-0.00419898256302,0.0161075287676,-0.221711977746,0.0499669190874,7.52453383091,5.37881175846,0.303012704619,-0.373297787887,1.6127712124,0.181786949418,0.271112633197,0.2717962981,0.26713392873,0.197065279472,4.53155727932,0.198187031911,0.662527108759,9.30221433985,2.3399803269e-07,0.000700421358562,8.72498838491,5.55591924975e-06,0.00368881491593,9.23161782307,2.29234278318e-07,0.000744791914943,8.28566555704,1.25027174467e-05,0.00892929363638,10.0799150382,1.03877004511e-08,8.54185335335e-05,8.93113705297,1.0848028188e-06,0.00177809934871,8.27986219038,3.01727087276e-06,0.00650407605712,9.07717816587,3.77063295684e-07,0.00108301209797,8.80745502282,2.92276352642e-06,0.00286401492998,8.64946724809,2.33548460852e-06,0.00335445141382,8.07963905596,2.81823797805e-05,0.0140745486581,8.30120098798,1.17406360066e-05,0.00823843605744,4.83508750232,0.131234067756,0.378743549275,8.22109400616,2.46722613861e-05,0.011312435984,9.45527017771,1.78579991375e-07,0.000507019980125,5.18673770881,0.0653451272103,0.34143236188,7.29458301096,0.000317807323968,0.0667238030319,8.42791778569,7.99407050926e-06,0.00656634032659,5.16274754126,0.0577062288621,0.17375136968
unguided,0,0.41,0.419999986887,predicted,Actual proposal support boundary; monitored coordinates are pre-native endpoint forecast,True,50,-0.41991499665,1.4984287919,0.00218514219284,0.0355010297513,-0.212670254138,0.0488478504633,7.51760309323,5.36965354009,0.299364714967,-0.368805884727,1.60680540393,0.181943251193,0.271372412227,0.272168029941,0.267272668195,0.19684391984,4.52612282534,0.19933740118,0.66424284278,9.2921006799,2.45105775568e-07,0.000721757610843,8.74490477106,5.12107708045e-06,0.00352601028169,9.23082187446,2.29152630974e-07,0.000745258996832,8.30425508877,1.14540544252e-05,0.00854249886216,10.0815447825,1.02842428019e-08,8.48757270868e-05,8.93712000896,1.08167332916e-06,0.00175910286369,8.28550701692,2.94314457726e-06,0.00640142219433,9.0800202479,3.71452534647e-07,0.00107264378722,8.81235853756,2.83917597703e-06,0.00282581856511,8.65693190518,2.25413897105e-06,0.00328902585057,8.06384344311,3.0056895013e-05,0.0145680232987,8.2838141832,1.26736748469e-05,0.00858805162311,4.84116649589,0.130286778561,0.380703139063,8.23856887782,2.28776920582e-05,0.0109082553061,9.45254538153,1.80559550851e-07,0.000510448900249,5.17396929331,0.0663807252952,0.342227303827,7.29349983163,0.000321133743066,0.0667462432284,8.44483119178,7.50279119527e-06,0.00630686837174,5.16862013195,0.0572462519055,0.173849982225
unguided,0,0.42,0.42999997735,predicted,Actual proposal support boundary; monitored coordinates are pre-native endpoint forecast,True,50,-9.2067045966,1.47459031867,0.00118968263626,0.0340009498215,-0.218169559714,0.0484680546555,7.51163220179,5.36068232513,0.297516053093,-0.362782117873,1.60635156133,0.182124527772,0.271601089389,0.272430272058,0.267341732602,0.196662340834,4.5268979683,0.199191754821,0.664014270679,9.29156927749,2.45674568714e-07,0.000722969425035,8.74275870526,5.17446495804e-06,0.00354454320411,9.23295429366,2.27062142734e-07,0.000740648868475,8.30094289313,1.16056691996e-05,0.00860817939193,10.0863409512,1.00166016555e-08,8.34613524893e-05,8.93519639403,1.08854356853e-06,0.00176720548172,8.28204850442,2.99208675052e-06,0.00646497383351,9.08199154798,3.67330440982e-07,0.00106572749943,8.81338070926,2.84460247058e-06,0.00282192207123,8.66125594791,2.19055382113e-06,0.00324431925131,8.06679778731,2.97394247427e-05,0.0144749739453,8.28593814646,1.25452889465e-05,0.00854269681944,4.84332142023,0.129940344537,0.380730893136,8.24250641418,2.25469730151e-05,0.0108157239417,9.45269762512,1.80950495423e-07,0.000511000480466,5.17244180147,0.066559275693,0.342459139719,7.29452902678,0.000319274901112,0.0666477818109,8.43918655813,7.7025708378e-06,0.00639433645009,5.16688783754,0.0573748027992,0.173921832563
unguided,0,0.43,0.439999997616,predicted,Actual proposal support boundary; monitored coordinates are pre-native endpoint forecast,True,50,10.2674054251,1.51465513129,0.000944509658812,0.0363789361334,-0.222544702914,0.0481170366333,7.51652736074,5.35431356372,0.298272003853,-0.354905516053,1.61134719874,0.182172599595,0.271677328046,0.272570577635,0.267311557944,0.196519944388,4.52619076521,0.199116357344,0.663377157954,9.28695388803,2.51560087344e-07,0.000733593641416,8.74027729624,5.23828864e-06,0.00356653518324,9.2327420563,2.26804760334e-07,0.000740815064391,8.29869350937,1.16983162422e-05,0.00865367809023,10.0973649584,9.40252596822e-09,8.01622091616e-05,8.93402515032,1.09350385603e-06,0.00177256110561,8.27941523825,3.03390444936e-06,0.006515389167,9.08326496533,3.64946422887e-07,0.00106131946161,8.81450022491,2.84664632754e-06,0.00281709787645,8.66560695052,2.12825673327e-06,0.00320116419891,8.06383312184,3.01536840855e-05,0.0145704270271,8.28456718065,1.26303386775e-05,0.00856941871064,4.84824889331,0.129271430405,0.381219825503,8.24677551561,2.21573640263e-05,0.0107175655804,9.45569719992,1.77847772597e-07,0.000505862603975,5.16911039605,0.0668828500701,0.342935829538,7.29667730737,0.000316181808413,0.0664132258209,8.43421266719,7.89423775776e-06,0.00647363175315,5.16253845749,0.0575995570834,0.173947199154
unguided,0,0.44,0.449999988079,predicted,Actual proposal support boundary; monitored coordinates are pre-native endpoint forecast,True,50,3.06406898409,1.58334145002,0.00541196123123,0.0494649988031,-0.222800139811,0.0472256797445,7.53134425875,5.34231933935,0.298885486903,-0.35505725535,1.60836328098,0.182204790666,0.271717747557,0.272538353522,0.267328563358,0.196459622219,4.52644870326,0.199015451461,0.664412461971,9.27512314673,2.66164732042e-07,0.000760222348291,8.74790482454,5.08999537128e-06,0.00350757657461,9.23490137821,2.22849572774e-07,0.000733828040376,8.30789723854,1.11925910461e-05,0.00846164375783,10.1088822486,8.80402048247e-09,7.68659436969e-05,8.9386509434,1.06044216933e-06,0.00174628783878,8.28342783104,2.97914842253e-06,0.0064395071123,9.08358935167,3.62900728525e-07,0.00105843897611,8.81487830516,2.84271856061e-06,0.00281517352794,8.67303297505,2.0319569319e-06,0.00313368970301,8.05138350449,3.18751910046e-05,0.0149708604072,8.2689246468,1.3494945094e-05,0.00889040666095,4.85297108297,0.128377898383,0.381709132164,8.25696732107,2.11245342841e-05,0.0104929791663,9.46758725593,1.65831058759e-07,0.000485361405566,5.15785291725,0.0678780023484,0.343873681065,7.29366282489,0.000321323279034,0.0666914816862,8.44123327768,7.64937519107e-06,0.00636448347764,5.16377900814,0.0575002651052,0.174271390473
unguided,0,0.45,0.459999978542,predicted,Actual proposal support boundary; monitored coordinates are pre-native endpoint forecast,True,50,4.98671426328,1.63617575026,0.00829511657714,0.0627010172224,-0.22194046038,0.0467482482671,7.53688088321,5.33746221623,0.300703820268,-0.356462840174,1.61389236763,0.182240502407,0.271770379928,0.272567159132,0.26729553757,0.19642587589,4.52781650752,0.198954986022,0.665064379598,9.26622355556,2.77943291158e-07,0.000780953175688,8.75647786138,4.90866614968e-06,0.00343899433345,9.23343441605,2.22715203133e-07,0.000735107811941,8.31493327323,1.08175673259e-05,0.00831786497163,10.1180475732,8.35719492935e-09,7.4348968115e-05,8.94334783028,1.0420854638e-06,0.0017252717897,8.28691210209,2.92555712216e-06,0.00637223822573,9.08294811828,3.62840705947e-07,0.00105924683978,8.81956668327,2.80023012212e-06,0.00278508811477,8.67745662229,1.99187094151e-06,0.00309782058054,8.03991484843,3.3496038694e-05,0.0153458917839,8.25837821353,1.40629449723e-05,0.00910792496392,4.85561627671,0.127900253817,0.382229930078,8.26835687147,2.02046819824e-05,0.0102377027794,9.47776445514,1.56287877726e-07,0.000468570453752,5.15045047011,0.0685615579897,0.344749463163,7.29267743268,0.000322936047772,0.0667938928217,8.44559352847,7.5672830701e-06,0.00630051807437,5.16305687324,0.0575170699633,0.174376499293
unguided,0,0.46,0.469999998808,predicted,Actual proposal support boundary; monitored coordinates are pre-native endpoint forecast,True,50,4.02025002525,1.64928483002,0.00385334506988,0.0657847955441,-0.227570644941,0.0461522824918,7.54900637133,5.33005919986,0.301563970689,-0.359025157378,1.6255190273,0.182314392204,0.271817060484,0.27261746327,0.267216495143,0.196162669679,4.53418718254,0.197196697473,0.665225365172,9.26425079088,2.80791608743e-07,0.000785605808501,8.75334031297,4.96890982729e-06,0.00346309288866,9.23056301126,2.24240634516e-07,0.000739922937883,8.31309077023,1.085211406e-05,0.00834987310156,10.1336055931,7.65024077896e-09,7.02598878994e-05,8.93879365224,1.0789530313e-06,0.00175333167092,8.28172163693,2.9934973755e-06,0.00646519866548,9.08469492492,3.58742073945e-07,0.00105307827814,8.82338839508,2.75129075087e-06,0.00275859171442,8.67685515979,2.00346997486e-06,0.00310291328893,8.04007637902,3.35543155422e-05,0.0153415808724,8.25959838001,1.39156824351e-05,0.00907581930824,4.85266655659,0.128197429208,0.381988758733,8.26905267031,2.01683121093e-05,0.0102220769105,9.49696503603,1.40299783646e-07,0.000439313617201,5.14778485472,0.06892080213,0.345749159646,7.29622407202,0.00031887903612,0.0663577456843,8.43911378027,7.80635694107e-06,0.00640227771068,5.1613828418,0.0576874846847,0.174618257369
unguided,0,0.47,0.479999989271,predicted,Actual proposal support boundary; monitored coordinates are pre-native endpoint forecast,True,50,-13.3975826744,1.701242334,0.00402269140243,0.0708456539726,-0.227424111989,0.0464407187031,7.54744552319,5.33515444245,0.3079226913,-0.362509940428,1.63354162308,0.182235904678,0.2717526585,0.272616296734,0.267185613282,0.196206871649,4.53657199797,0.196886540443,0.665343653787,9.26196034114,2.86449219643e-07,0.000792248083414,8.7564547072,4.8980241754e-06,0.00343715516014,9.22950366579,2.24489110017e-07,0.000741222079876,8.31154773888,1.08971248996e-05,0.0083820520839,10.1367429226,7.51392209619e-09,6.94554818513e-05,8.94183370665,1.06729201087e-06,0.00174020963869,8.28326556764,2.96226603188e-06,0.0064319205841,9.0821897294,3.62828005887e-07,0.00106076457243,8.82985010099,2.66624444443e-06,0.00271244189358,8.67414864066,2.04851683149e-06,0.00313266038366,8.03546274118,3.42231170977e-05,0.015493900254,8.25562910306,1.41418474592e-05,0.00916139566553,4.85166585849,0.1282958304,0.382062915177,8.27319710499,1.98377869882e-05,0.0101313495264,9.49998573572,1.38230092192e-07,0.000435331211096,5.14733157456,0.0689196565941,0.345966388145,7.29671748374,0.000318037741931,0.0663202263703,8.43917171346,7.80505731275e-06,0.00640340340386,5.16130783835,0.0577346093694,0.174707628426
unguided,0,0.48,0.489999979734,predicted,Actual proposal support boundary; monitored coordinates are pre-native endpoint forecast,True,50,-3.71592317917,1.72105157836,0.002534563694,0.0783470669007,-0.225716593292,0.047145273232,7.54765745806,5.34684463689,0.309943410169,-0.370315193151,1.6383846879,0.182053014918,0.271572141604,0.272435353597,0.267103800359,0.196329949696,4.54150591176,0.195853939856,0.665876247149,9.25700418575,2.94167254921e-07,0.000804409436129,8.76176513394,4.78701357012e-06,0.00339470678134,9.22105032217,2.33964713523e-07,0.000760818065865,8.31203260566,1.08741754372e-05,0.00837286529175,10.1377540605,7.47024108153e-09,6.91964205654e-05,8.94744110703,1.0451528151e-06,0.00171554471617,8.28343951942,2.95647961748e-06,0.00642607752462,9.0779807227,3.70517223985e-07,0.0010750397867,8.83535810022,2.59376680068e-06,0.00267337308266,8.67159920467,2.08188988496e-06,0.0031582161915,8.03363446433,3.43585216345e-05,0.0155539481267,8.2490897139,1.46063359369e-05,0.0093093017317,4.84854593391,0.128810637755,0.381969066865,8.2782453261,1.94158567858e-05,0.0100226416799,9.50369034672,1.35607750671e-07,0.000430292887189,5.14664905972,0.069044983073,0.346610369029,7.29939770815,0.000314762721264,0.0660140800064,8.44380188423,7.65417716708e-06,0.00633246954655,5.1600325985,0.0578644035946,0.174862616441
unguided,0,0.49,0.5,predicted,Actual proposal support boundary; monitored coordinates are pre-native endpoint forecast,True,50,-10.9483031116,1.8575409844,-0.00113543733597,0.0890588324881,-0.232390359517,0.0469154024073,7.54720040923,5.34183611129,0.304895999758,-0.374153476898,1.62494571825,0.182162965853,0.271602446622,0.272445269099,0.267141692138,0.19632728812,4.55009017955,0.194204706467,0.666217944694,9.24503128001,3.09288158003e-07,0.000832290584865,8.7680449551,4.67013253923e-06,0.00334685875141,9.21297713869,2.43414211736e-07,0.000779834510504,8.30988039124,1.09831237273e-05,0.00841369535732,10.1549468683,6.77322541856e-09,6.49827938558e-05,8.95755120529,9.90793923757e-07,0.00166454960916,8.27849109522,3.02665757324e-06,0.00651568127329,9.07568988694,3.75130572102e-07,0.00108279892213,8.83997310432,2.55068984807e-06,0.00264429031153,8.67328550256,2.04997928684e-06,0.00314195886119,8.03520906505,3.41194217847e-05,0.0155026696166,8.24557305193,1.47638535721e-05,0.00937858513903,4.84647890413,0.129011195183,0.381680152677,8.28730940552,1.86916801162e-05,0.0098289831312,9.52028809587,1.24091088475e-07,0.000407801029117,5.13951155393,0.0699024041449,0.348702445979,7.30368015987,0.000309625821754,0.0655194870106,8.44947220844,7.45712269065e-06,0.00624453351662,5.14694591083,0.0586506700581,0.175264492117
unguided,1,0,0.00999999977648,predicted,Actual proposal support boundary; monitored coordinates are pre-native endpoint forecast,True,50,-5.79173390764,0.790126962987,-0.119918269959,-0.0687551069641,0.448000415835,0.0337394622102,4.86437914289,7.24206221573,0.114008700834,-0.484720341226,1.32645049249,0.18134831637,0.261866250688,0.295691611661,0.284187891142,0.195298332286,4.5850130349,0.206547346008,0.74764927255,9.98392147466,5.83298522615e-09,6.71603500742e-05,9.35117803728,2.16719599657e-07,0.000652923585514,9.75252849023,1.26217841415e-08,0.000111138632521,8.25724567497,1.81499708034e-05,0.00963772799144,9.18755514042,4.96491315306e-07,0.0010219502749,9.41989564045,1.20325540605e-07,0.000447114184816,8.16717118333,5.80347318812e-06,0.00941593141105,9.38753120662,9.67730272475e-08,0.000413286502656,9.16101554458,4.95093909059e-07,0.00103126797282,8.56055912979,2.18928665163e-06,0.00384991049725,8.37003788152,7.97672364872e-06,0.00704201377166,8.69569647345,2.22405656706e-06,0.00311119745078,4.51865213536,0.202193579736,0.416310791918,8.66399963387,6.37117390942e-06,0.00415740938125,9.07450648462,4.90049679874e-07,0.00112123472215,5.36069778658,0.0495751547614,0.268574583503,7.36932813976,0.000286503493926,0.0562438917469,8.8364162447,1.93751305768e-06,0.00236182506353,5.49227802631,0.0313303278734,0.16866362834
unguided,1,0.01,0.019999999553,predicted,Actual proposal support boundary; monitored coordinates are pre-native endpoint forecast,True,50,-14.2590903607,0.778820419447,-0.0913983724976,-0.0614951181793,0.320240483556,0.0334237809405,5.06830776349,6.67429916902,0.122004742978,-0.384714073366,1.39871149909,0.187436383937,0.270787297622,0.301509966323,0.276421599836,0.198444406971,4.53506629775,0.218216436094,0.73918212807,9.91262422635,6.3011539868e-09,7.94822031752e-05,9.30718856184,2.78638079289e-07,0.000739784671009,9.67292354927,2.09089472309e-08,0.000156899096171,8.30257520001,1.41691839771e-05,0.00874302403981,9.47018173536,9.54938107315e-08,0.000400702861897,9.4074588626,1.02098931911e-07,0.000425416152064,8.18331960082,5.4176029149e-06,0.00892853153829,9.39527961712,7.57818508206e-08,0.000377297808651,9.23804698879,2.848398578e-07,0.000776514652713,8.60843731387,1.76311564424e-06,0.00339258677706,8.35860821859,7.59457133517e-06,0.00718193540059,8.66329905597,2.44873732211e-06,0.00338177593203,4.55343942083,0.192392488786,0.404012914982,8.76290042513,3.39112436415e-06,0.00316020712392,9.1304192268,3.36930288456e-07,0.000948227876542,5.3377878944,0.0516137120387,0.275210793288,7.35510818389,0.000290822699408,0.0579241178063,8.82438433264,1.96797776296e-06,0.00239867140372,5.48929713403,0.0336586465928,0.169550044167
unguided,1,0.02,0.0299999993294,predicted,Actual proposal support boundary; monitored coordinates are pre-native endpoint forecast,True,50,-8.08092867295,0.803220100777,-0.0907282446289,-0.0168961191559,0.270358032856,0.0409227672653,5.33483047774,6.59220082685,0.0959985313263,-0.381419995962,1.63843109015,0.186709131751,0.270363553869,0.296148478778,0.272176337441,0.200657147357,4.54020640251,0.212987168804,0.730269740372,9.84399705519,9.83832354849e-09,0.00010612255882,9.27254748972,3.32612769868e-07,0.000815377208423,9.50829239628,5.23517137514e-08,0.000285972735006,8.2911268371,1.37054704611e-05,0.00903905479783,9.60409990157,4.50484360521e-08,0.000253652120513,9.39495212672,1.00285575271e-07,0.000428861123282,8.18947504593,5.27027072931e-06,0.00875436477581,9.35517503198,8.95580935315e-08,0.000430099601307,9.27749906584,2.15776076233e-07,0.000672184002635,8.62094066713,1.75715825525e-06,0.00334185955657,8.29998428556,9.63875535293e-06,0.00822892380179,8.6713729498,2.19362525317e-06,0.00324821152647,4.55790644361,0.191303787773,0.396023907525,8.78315238619,2.78077303251e-06,0.00295934103558,9.16040316693,3.04476791939e-07,0.000890154156722,5.34410218764,0.0516084241893,0.284286861921,7.35477350506,0.000280455004324,0.0584895065367,8.82641819578,1.84076112344e-06,0.00234912146266,5.43183908134,0.0378676247462,0.168983865241
unguided,1,0.03,0.0399999991059,predicted,Actual proposal support boundary; monitored coordinates are pre-native endpoint forecast,True,50,-1.1193089272,0.852811099106,-0.106335151043,0.00868846829891,0.275345003877,0.0493697263617,5.58784946015,6.6132369044,0.0473704702111,-0.431645577018,1.96968473627,0.185920432433,0.266812958923,0.28977152805,0.268524518382,0.202686338934,4.57601476581,0.20250420742,0.727585472627,9.85828028801,9.70887240747e-09,0.000103865444291,9.21903115479,4.70713340008e-07,0.000974659253484,9.3459150211,1.2771685176e-07,0.000499891511654,8.27454359542,1.37408762042e-05,0.00945930952523,9.66399160107,3.31428032444e-08,0.000207863982927,9.37296307144,1.13446958039e-07,0.000458774896935,8.19767466191,5.08567716273e-06,0.00855758604509,9.33461944929,9.81193695333e-08,0.000464771211233,9.27783205021,1.91269362146e-07,0.000656347014183,8.61742720217,1.87495955216e-06,0.00342933845954,8.26536748336,1.07940715244e-05,0.00885939031821,8.71072339429,1.74301183778e-06,0.00286425596643,4.53699752434,0.197679320002,0.390243548856,8.77290858955,2.50488820213e-06,0.00299649444381,9.19632101333,2.63869882958e-07,0.000809074916126,5.40020701977,0.0481172660459,0.290244162673,7.35356407749,0.000274700977296,0.0590961786269,8.81000183853,1.89180560483e-06,0.00243504941851,5.43740001117,0.0387701231274,0.165427824989
unguided,1,0.04,0.0499999970198,predicted,Actual proposal support boundary; monitored coordinates are pre-native endpoint forecast,True,50,10.03110293,0.897316429621,-0.10536004528,0.023494928441,0.260424232159,0.0537608527135,5.78684489749,6.58082807724,-0.018612906484,-0.468312378566,2.26178394015,0.186643232093,0.266102657308,0.286507694072,0.26430561132,0.202852079125,4.57949793784,0.200162971128,0.720972982357,9.869229387,9.52334613843e-09,0.000101659971952,9.15912888436,6.98092137832e-07,0.00119100332188,9.23341914396,2.36505581911e-07,0.000727256049149,8.24631773776,1.52807169405e-05,0.0101463010445,9.7474721947,2.24688579453e-08,0.000159390869961,9.31519221238,1.60286161255e-07,0.00055962309299,8.20467713602,4.96799561757e-06,0.00840751589934,9.32994673683,9.90064571145e-08,0.000474390368572,9.25082926122,2.02715348353e-07,0.000714946891941,8.65527280968,1.60049472972e-06,0.00309806878578,8.23434284767,1.19714308833e-05,0.00951407325951,8.73103178219,1.59621482409e-06,0.00268993842546,4.52154475943,0.201360552113,0.383068574482,8.76633679573,2.15608426943e-06,0.00301524685236,9.24805922634,2.10840210363e-07,0.000695058129285,5.43868807941,0.0456048516879,0.290813218558,7.33868513054,0.000281662682495,0.0611800872499,8.76080818353,2.46550471238e-06,0.00280261691528,5.44568925223,0.0390763565362,0.162367294569
unguided,1,0.05,0.0599999986589,predicted,Actual proposal support boundary; monitored coordinates are pre-native endpoint forecast,True,50,10.9447289609,0.968684153109,-0.10656776413,0.0296813338614,0.234264037285,0.0557886100887,5.98497022635,6.59343865658,-0.0438115320354,-0.478550717609,2.48311116077,0.18662434815,0.265684534626,0.281063544554,0.259888493508,0.204692097932,4.60670189315,0.193974246033,0.717792234207,9.8583666262,1.05921487582e-08,0.00010770804575,9.07299732646,1.11014348841e-06,0.00153217013791,9.17194555865,3.27421098944e-07,0.000884195938489,8.20950070509,1.94875144737e-05,0.0109980367965,9.80341726927,1.7006964693e-08,0.000132581894387,9.25171199163,2.29587729665e-07,0.000692484407705,8.20087455572,5.00746497287e-06,0.00848784526422,9.32769447581,9.9271634298e-08,0.000478940685738,9.22339846351,2.28789953512e-07,0.000784928292028,8.68305483398,1.4182487493e-06,0.00286816429615,8.20640827213,1.31692472071e-05,0.0101663777299,8.73693889868,1.55134099724e-06,0.00263817463106,4.51944654766,0.20208200748,0.375503549491,8.73108882386,2.2628444329e-06,0.00329574577692,9.28230045207,1.80617673682e-07,0.000628235676814,5.44499864579,0.0452324317216,0.290333275042,7.32856989208,0.000285651302696,0.0626885549999,8.70298480887,3.53681171785e-06,0.00330211086912,5.4409631297,0.0397363583045,0.160832042112
unguided,1,0.06,0.070000000298,predicted,Actual proposal support boundary; monitored coordinates are pre-native endpoint forecast,True,50,3.75590615089,1.00648387413,-0.108077676144,0.0301680764174,0.220767542396,0.055140677773,6.05649239146,6.6213653839,-0.083388431113,-0.500921190739,2.63434140213,0.187567376993,0.267338327806,0.278155963573,0.257627828025,0.203942001678,4.62162579753,0.191833173523,0.715706899887,9.83189238852,1.28887398549e-08,0.000121170943361,9.01419319276,1.56179489642e-06,0.00182858390854,9.14314484889,3.81801072072e-07,0.000968458957013,8.18416109713,2.37991214236e-05,0.0115374143726,9.8493201673,1.3762735804e-08,0.000114726051857,9.1771315496,3.66338175704e-07,0.000900237100527,8.19634861287,5.09058547983e-06,0.00860116203733,9.32158011831,1.03580089182e-07,0.000491331309021,9.2144294935,2.32419975527e-07,0.000806183147221,8.72027613003,1.19685683411e-06,0.00255833810874,8.19584253313,1.36303633077e-05,0.0104262333574,8.75065590711,1.47961706245e-06,0.00254444707662,4.50727520852,0.205463245834,0.370873938854,8.7334464419,2.1037235549e-06,0.00326702684077,9.32115625235,1.48398551232e-07,0.000554355876021,5.46118332416,0.0440721571669,0.287341385861,7.32484239765,0.000283769547757,0.0634273470193,8.63808882892,5.12923132966e-06,0.00395800396511,5.42481982209,0.0407662852155,0.159783403584
unguided,1,0.07,0.0799999982119,predicted,Actual proposal support boundary; monitored coordinates are pre-native endpoint forecast,True,50,-5.07792793988,1.03577511175,-0.109659626331,0.0386034690952,0.224769920382,0.055841530076,6.11689207405,6.64955503642,-0.0786470794,-0.514193802853,2.67336501818,0.187394486117,0.267344613863,0.275290625426,0.256568073272,0.204847646507,4.62904650004,0.190460024864,0.71422471588,9.80517432149,1.5404734734e-08,0.000135183356503,8.99186063086,1.75586914775e-06,0.00194505766015,9.12794501168,4.07738715069e-07,0.00100933174896,8.17887722408,2.57241980663e-05,0.0115892573218,9.85826323122,1.39805129819e-08,0.000114506212208,9.16450966912,4.11545534325e-07,0.000949079790942,8.19785330387,5.07364720968e-06,0.00857913789319,9.3132216169,1.07499251928e-07,0.000504294430077,9.19320893928,2.58655337786e-07,0.00086304540026,8.70460208445,1.38738120807e-06,0.00271963464254,8.18253451062,1.4243073814e-05,0.0107526327988,8.75477171577,1.47601199744e-06,0.00251338472505,4.50414326451,0.206940628339,0.370242788743,8.69917645019,2.40950984891e-06,0.00357994463832,9.3347285035,1.41937654475e-07,0.000534063061192,5.47611270278,0.0430761421626,0.287379250972,7.32485031615,0.000284416503204,0.063444614307,8.63083289886,5.36465554107e-06,0.00405607675887,5.40652498164,0.0418629615954,0.159511523307
unguided,1,0.08,0.0899999961257,predicted,Actual proposal support boundary; monitored coordinates are pre-native endpoint forecast,True,50,0.726240263813,1.05860512448,-0.109504208412,0.0563642912722,0.224280486379,0.0563246663065,6.18862007408,6.68360265255,-0.052850063329,-0.49803618912,2.66291334349,0.187415529943,0.267058032425,0.271288807246,0.255427731735,0.206658045932,4.63417291586,0.189034459336,0.711261833203,9.77410221633,1.82724145641e-08,0.000151146272141,8.97544672411,1.87329978928e-06,0.00202073966252,9.12253587229,4.11335270297e-07,0.00101971650784,8.17973239204,2.67132117458e-05,0.0115033229288,9.84033413331,1.69455311547e-08,0.000127484040722,9.16647022002,4.13958246597e-07,0.000947034885119,8.19426438215,5.17990580874e-06,0.00867696110719,9.30156618312,1.15210105602e-07,0.000525421417138,9.14929102093,3.79329535074e-07,0.00102168701644,8.68013375661,1.75557493235e-06,0.00299439582073,8.16576633564,1.50612905576e-05,0.0111748762227,8.75055491399,1.50604287795e-06,0.00252833051749,4.51312716337,0.205665722864,0.371209884589,8.63728908349,3.39835826454e-06,0.00423743492251,9.31925071854,1.65284066163e-07,0.000574672336781,5.47395752972,0.0433127929037,0.29097062584,7.33541650456,0.000272105632414,0.0623767620196,8.62995040082,5.38228437691e-06,0.00408600135391,5.37728352275,0.0433819148096,0.160783990646
unguided,1,0.09,0.0999999940395,predicted,Actual proposal support boundary; monitored coordinates are pre-native endpoint forecast,True,50,5.68497635344,1.02868543362,-0.110449006405,0.0755070352173,0.207410161171,0.0577214789482,6.23620224376,6.70107551043,-0.026245855359,-0.502582503572,2.63839499196,0.18804884384,0.26684824849,0.268657224534,0.254090516642,0.208026313207,4.65189325857,0.185569152219,0.709968840546,9.74210462362,2.23674705177e-08,0.000170143195338,8.97795458552,1.82379132637e-06,0.00199637576643,9.1195149871,4.12194169236e-07,0.00102489147059,8.16957908679,2.82078711257e-05,0.0117248101557,9.8286302849,1.97972396073e-08,0.000138676952366,9.17783093723,3.81844838475e-07,0.00090732846833,8.19391457672,5.13744237626e-06,0.0086532482022,9.28680188451,1.23593243169e-07,0.000550289030431,9.10776431449,5.86382170892e-07,0.00121289742677,8.65535156136,2.21636835875e-06,0.00329051739061,8.15921123806,1.54556348483e-05,0.0113412924669,8.72640020961,1.71732188785e-06,0.0027088951782,4.51588552125,0.20507316998,0.369218243175,8.57605743218,5.17123095294e-06,0.00499521389136,9.31520691605,1.82506074215e-07,0.000597733654866,5.45859284531,0.0445661357803,0.294970745526,7.33354425448,0.000276189643132,0.0625389709585,8.637913312,4.7783886305e-06,0.00398082715685,5.35674131387,0.0446908132887,0.162056638082
unguided,1,0.1,0.109999999404,predicted,Actual proposal support boundary; monitored coordinates are pre-native endpoint forecast,True,50,13.5014802992,1.0331994182,-0.110298034992,0.0740642624712,0.179063992176,0.0582062660854,6.29443109829,6.70389174694,-0.0135548107449,-0.504040592837,2.58146550194,0.188099726881,0.266270331327,0.265863464498,0.252995990017,0.210328413256,4.66630166921,0.1826328008,0.708563627839,9.72058052032,2.50795995287e-08,0.000182403821597,8.95091449693,2.06118549432e-06,0.00213768462993,9.13882728905,3.60410148243e-07,0.000955338094237,8.16522479835,2.80267633427e-05,0.0118206409406,9.82614459456,2.06460163058e-08,0.000141990987667,9.15951350267,4.03683741548e-07,0.00094854919427,8.1914741425,5.17281429093e-06,0.00869428906598,9.26900001815,1.35319112618e-07,0.000584708295613,9.05898642829,8.69078151442e-07,0.00144634744191,8.64727757405,2.46397541533e-06,0.00340763352183,8.17030665548,1.47673588306e-05,0.0110419306954,8.7188297053,1.73153603202e-06,0.00274462688532,4.5119164425,0.205155013688,0.364607001,8.51471002421,7.51871071424e-06,0.0058289246149,9.31314501395,1.92959436671e-07,0.000611337024466,5.44908581987,0.0455759026734,0.300057666176,7.32777600992,0.000283602516992,0.0631710206715,8.61313872881,4.9853656495e-06,0.00422398973337,5.3221559561,0.0469678003699,0.16191106423
unguided,1,0.11,0.119999997318,predicted,Actual proposal support boundary; monitored coordinates are pre-native endpoint forecast,True,50,28.5168163309,1.02399387473,-0.104198100414,0.0628101342535,0.159894028578,0.0573450501145,6.29853586921,6.70057087901,0.00741742074706,-0.502289204036,2.53484626218,0.188644917139,0.266466279367,0.264284324655,0.252806728564,0.211581185677,4.66789170128,0.18275584429,0.70919651447,9.71600284452,2.5841192967e-08,0.000185251891846,8.92948425137,2.26858719033e-06,0.00225677363532,9.1732544661,2.92146010136e-07,0.000849719047776,8.14880293151,3.01278440681e-05,0.01222698138,9.82331875641,2.06540115948e-08,0.00014275742277,9.1407357669,4.38652319939e-07,0.00100092685728,8.19481898711,5.08077543093e-06,0.00860386258036,9.25330773872,1.45817403436e-07,0.000615732933095,9.03452055614,1.0411269444e-06,0.00157271308227,8.64722872565,2.53292081705e-06,0.00342453329724,8.17558826186,1.46709315589e-05,0.0109185612811,8.71665619897,1.72177013949e-06,0.00274986872446,4.51298331606,0.204492903362,0.361878953972,8.48464027867,8.88390580591e-06,0.00626832924845,9.31035848966,1.93573274957e-07,0.000615714073518,5.46234591594,0.0447805204443,0.302141764346,7.32099611134,0.000290792210771,0.0639607152677,8.59341284995,5.30733066133e-06,0.00443087442018,5.3031731576,0.0484831503195,0.16065861208
unguided,1,0.12,0.129999995232,predicted,Actual proposal support boundary; monitored coordinates are pre-native endpoint forecast,True,50,30.2835464757,0.944972544751,-0.0994870160484,0.0608399080849,0.154985729728,0.0563399177078,6.25709202665,6.6418742014,0.021360797684,-0.508291325651,2.44436970042,0.189323321674,0.267359584721,0.265382421764,0.254450788883,0.211398925968,4.66383175844,0.184670671544,0.712292812298,9.71090332575,2.76038960058e-08,0.000190472496359,8.94014368085,2.16676523022e-06,0.00219964950019,9.19362662784,2.56969158937e-07,0.000792339037544,8.14327833852,3.16847726393e-05,0.0123657944821,9.824685862,1.98899757246e-08,0.000140500616138,9.14815880437,4.29818597695e-07,0.000984278638823,8.20108516021,4.91873141851e-06,0.00843746377641,9.24737666812,1.49263483325e-07,0.000627955518171,9.03021798203,1.07395320703e-06,0.00159642782196,8.64085418864,2.65289095752e-06,0.00349310421648,8.18037897186,1.4709975422e-05,0.0108199056098,8.70029262694,1.9160332088e-06,0.00289114690621,4.51375831985,0.203882396983,0.361736821669,8.48272756842,8.98197947473e-06,0.00630285980808,9.31681099509,1.80060290646e-07,0.000596489079077,5.46413995155,0.0446675761578,0.303528316306,7.31828166172,0.000295335063324,0.0641615153725,8.6086538861,4.92160557373e-06,0.00425946551644,5.30914383974,0.0486623789749,0.159156482808
unguided,1,0.13,0.140000000596,predicted,Actual proposal support boundary; monitored coordinates are pre-native endpoint forecast,True,50,33.7890160676,0.986776863717,-0.0918996594811,0.0591652410841,0.138147166941,0.0540485575225,6.22261560145,6.58466018505,0.0476282210835,-0.501181553296,2.33387895788,0.190007585944,0.267753758662,0.266359828737,0.255858509105,0.211330185961,4.6628944414,0.185776869218,0.715412566023,9.69804481944,2.98631288401e-08,0.000199284459477,8.94559191503,2.12852988199e-06,0.00217460066437,9.23143801548,2.09934102755e-07,0.000701545749052,8.15113866084,3.01085778509e-05,0.012167909683,9.83852675408,1.74522149213e-08,0.000131014498026,9.15252526514,4.15641918277e-07,0.000968684008825,8.20502995262,4.77812992304e-06,0.00831966082433,9.23733411214,1.5598839856e-07,0.000647601323405,9.03135394725,1.04533455474e-06,0.00158397429054,8.637204241,2.70915966962e-06,0.00353678360255,8.18269489983,1.50460524094e-05,0.0107925325392,8.67829768269,2.12566808435e-06,0.00306984930321,4.5234293627,0.201423694521,0.361905243985,8.48568065245,8.58521879406e-06,0.00626551436838,9.32281302247,1.65184813477e-07,0.000576342457258,5.45656731293,0.0453498124106,0.306451682847,7.31460777351,0.000300780547405,0.0645022663331,8.61967763103,4.46647201193e-06,0.00412791761649,5.30681316141,0.0490616704963,0.159410650934
unguided,1,0.14,0.149999991059,predicted,Actual proposal support boundary; monitored coordinates are pre-native endpoint forecast,True,50,38.7197694718,0.962185269809,-0.0877076600456,0.0506008720016,0.108460521374,0.0521502683157,6.17514752051,6.51510103023,0.0675844829262,-0.495562567429,2.23767674143,0.190652779639,0.268857614034,0.267800488776,0.257868176612,0.210992129406,4.66026551842,0.187101534922,0.716513356393,9.691327412,3.08204881172e-08,0.000203257851859,8.94730442329,2.12329997783e-06,0.00216957034189,9.26150403687,1.80889728123e-07,0.000638960940702,8.13371306949,3.23462708928e-05,0.0126074158426,9.86324959677,1.53007180736e-08,0.00012031077405,9.15261718265,4.14860967507e-07,0.000967788923875,8.20335827062,4.74496653722e-06,0.00832757223108,9.22630843374,1.64197991433e-07,0.000669193381411,9.03935496982,9.92763495154e-07,0.00154519640117,8.63746546798,2.7003169642e-06,0.00353139053592,8.1890378602,1.52085534146e-05,0.0106790449156,8.66631748037,2.24683516525e-06,0.00317315806798,4.52973690226,0.199559304751,0.36071393037,8.49536913054,8.05832457902e-06,0.00612805015828,9.33524908252,1.52177368063e-07,0.00055114308031,5.45348977702,0.04569704417,0.307760343479,7.30885981846,0.000307903083816,0.0651117965919,8.61744343545,4.36120215962e-06,0.00413151980074,5.30062735904,0.0495868207025,0.160801822943
unguided,1,0.15,0.159999996424,predicted,Actual proposal support boundary; monitored coordinates are pre-native endpoint forecast,True,50,65.706779076,0.982593145224,-0.0874809358978,0.0486022066689,0.0805675175524,0.0498360198121,6.14020449309,6.45087508408,0.0809758349289,-0.48476673446,2.13881509766,0.191038092659,0.269742794609,0.270103072846,0.259576357779,0.210222216371,4.65771506179,0.187501819631,0.716657491136,9.67750379547,3.31971819413e-08,0.000212636564368,8.94699328407,2.13155250421e-06,0.00217395701621,9.28245007624,1.63992991833e-07,0.00060045090372,8.13552216983,3.22882219508e-05,0.0125117602883,9.88554819699,1.41312888934e-08,0.000112954115502,9.14813700969,4.34696209167e-07,0.000988950793792,8.19386065793,4.8601737177e-06,0.00852305672155,9.21771820138,1.70352416968e-07,0.00068655872185,9.04596760996,9.4376060066e-07,0.00151152590632,8.6393015328,2.70472560877e-06,0.00351497343581,8.19268315666,1.56540287561e-05,0.0106451662816,8.6525194159,2.39318127806e-06,0.0032967933349,4.53844030925,0.197276609533,0.360176614485,8.50086125795,7.72775292835e-06,0.00605164635861,9.34494963499,1.45420518742e-07,0.00053474378352,5.4346542608,0.0471331989701,0.309280227994,7.31504641558,0.000295721535179,0.0646858615206,8.61917830805,4.33300384238e-06,0.00411449158371,5.29528672953,0.0499505462665,0.163722222452
unguided,1,0.16,0.170000001788,predicted,Actual proposal support boundary; monitored coordinates are pre-native endpoint forecast,True,50,53.06001086,0.997366830454,-0.0793344448471,0.0480564403152,0.0584612652397,0.0483959953862,6.15597454078,6.37370946935,0.0993474673305,-0.481563485378,2.02558095937,0.190314775534,0.269576212538,0.271645578973,0.261550260146,0.209783952375,4.642797954,0.190507892975,0.713921652811,9.63450119076,4.14217994628e-08,0.000245703675821,8.95657830657,2.04568120888e-06,0.00212304316836,9.30689509008,1.43184794297e-07,0.000554201063351,8.14971566602,2.97589358833e-05,0.0121227433517,9.92670514992,1.1056763865e-08,9.66664382131e-05,9.14519550687,4.37086956299e-07,0.000994328299687,8.20220401107,4.62539973393e-06,0.00830192718388,9.20139721822,1.85128564427e-07,0.000722961303678,9.04477407703,9.20368552853e-07,0.00150600301833,8.63975089844,2.68997685313e-06,0.00350565498467,8.19294672047,1.61506047475e-05,0.0106718548887,8.61286079297,2.96214133237e-06,0.00369044488494,4.55260817773,0.194266988123,0.360989761989,8.50406729682,7.43334997384e-06,0.00600778893392,9.36182057071,1.28344636162e-07,0.00050013212912,5.40497745991,0.0492538766347,0.310655776883,7.31193473793,0.000300689550188,0.0649675381033,8.62235485182,4.01550823849e-06,0.00405686318637,5.27911564927,0.0509054505994,0.165018263785
unguided,1,0.17,0.179999992251,predicted,Actual proposal support boundary; monitored coordinates are pre-native endpoint forecast,True,50,43.8774258463,1.01131275223,-0.0734241698647,0.0463219880676,0.0303413189685,0.0471174757477,6.18286206946,6.27962143144,0.118551822011,-0.474311544175,1.92257353224,0.189773541242,0.269864381991,0.273058070052,0.2635864467,0.209005402216,4.63253018482,0.192190842656,0.711832203315,9.60428741515,4.75141880826e-08,0.000270567226617,8.96237725591,1.99808427034e-06,0.00209341983584,9.33329793098,1.23712874325e-07,0.000506667344744,8.15374406864,2.8695914414e-05,0.0120023633101,9.96827921095,8.62154844142e-09,8.25277878062e-05,9.14436183972,4.28022507321e-07,0.000988067268566,8.20731122497,4.46745715157e-06,0.00815647155155,9.19302352315,1.91764841981e-07,0.000740322619334,9.04472733668,8.96674244693e-07,0.00149741743684,8.63587542245,2.72433426527e-06,0.00354260747866,8.19988626856,1.60608052809e-05,0.0105214944326,8.57664637003,3.53678098798e-06,0.00407356358655,4.56720887058,0.190514120022,0.361777417304,8.50546833444,7.23837692679e-06,0.00598932271482,9.38182878757,1.12165128909e-07,0.000464220415236,5.37118106198,0.0518023694646,0.313094757712,7.30709857349,0.000308678628816,0.0654017216239,8.61748053785,3.80103617947e-06,0.00407601729737,5.27116751696,0.0512095623412,0.166708573544
unguided,1,0.18,0.189999997616,predicted,Actual proposal support boundary; monitored coordinates are pre-native endpoint forecast,True,50,46.000901191,1.03138154227,-0.0669508932495,0.0199854671574,-0.00760440486312,0.0429216550962,6.23004212596,6.11757916895,0.148379911839,-0.452739017065,1.6968530739,0.189294985674,0.270709836869,0.275320633729,0.26717055978,0.207042630802,4.61183079359,0.195348222743,0.709854217854,9.54768224202,6.30668904541e-08,0.000326611442024,8.95962544127,2.01471438464e-06,0.00210336879097,9.41023003913,8.2704824604e-08,0.000389952679575,8.1793391294,2.48887557107e-05,0.0113455521189,10.0182539553,5.87765686912e-09,6.55876637992e-05,9.1269132343,4.52161676011e-07,0.00103057982689,8.20920564342,4.44922427738e-06,0.00809840349479,9.19895858737,1.85509231319e-07,0.000723938100385,9.01819116586,9.94789587645e-07,0.00160484723795,8.6337504225,2.6796458393e-06,0.00353088841196,8.23821201743,1.41426003379e-05,0.00964484031466,8.50610558513,5.05367303219e-06,0.00497012696227,4.58410322316,0.185606277243,0.358995483552,8.48122845153,7.9621932818e-06,0.00634644335519,9.40995597585,8.82203717944e-08,0.000410240056378,5.29412039104,0.0574295502698,0.311980462629,7.31038144589,0.000304125906128,0.0650405204457,8.60603933025,3.69022407052e-06,0.00416965065546,5.26244303584,0.0511097412047,0.167915667356
unguided,1,0.19,0.199999988079,predicted,Actual proposal support boundary; monitored coordinates are pre-native endpoint forecast,True,50,46.0101016958,1.06621201359,-0.062642462101,-0.00509917680264,-0.0306542402768,0.0401032336757,6.34220635999,6.00132078328,0.154814442758,-0.445134059558,1.5260959871,0.187553128521,0.270099710025,0.275432791756,0.270304624391,0.206444158417,4.60514011834,0.195738761524,0.708796763083,9.52010848481,6.6277352246e-08,0.00034873482449,8.95716004155,2.02730760358e-06,0.0021102144987,9.46147975713,6.19465088145e-08,0.000322467896342,8.2022541671,2.18021367955e-05,0.0107876009983,10.0696672552,3.62194753813e-09,4.97690050733e-05,9.10720680002,4.6997273998e-07,0.001075187481,8.21784420156,4.22103862604e-06,0.00788515928985,9.18722855824,2.04942440589e-07,0.000762802523424,8.97843309777,1.15395090992e-06,0.00177650036936,8.62118498586,2.79266481111e-06,0.00363312169801,8.26344368741,1.28292696248e-05,0.00909480009639,8.47536986442,5.49248968631e-06,0.00538245968524,4.60115710109,0.180992511152,0.358844929045,8.43935510559,9.44228359511e-06,0.00700244833728,9.43506183695,6.8964696247e-08,0.000364126968529,5.24110944236,0.0617591773558,0.312604883683,7.30261222949,0.000318280067121,0.0656736435311,8.59571345033,3.5720751512e-06,0.0042691514635,5.22976976544,0.0525293538741,0.165586344729
unguided,1,0.2,0.209999993443,predicted,Actual proposal support boundary; monitored coordinates are pre-native endpoint forecast,True,50,40.7600980387,1.10161662812,-0.0549650309944,-0.0231269517922,-0.0266770056152,0.0366102072214,6.40322666323,6.01415385931,0.154152201408,-0.418755275792,1.54062565269,0.186930437271,0.2698982386,0.275008245804,0.268737366459,0.205894860525,4.57976412368,0.19712829457,0.707432358534,9.52284588927,6.31903717392e-08,0.000342751683016,8.963637622,1.94256384249e-06,0.00206445315841,9.4968281115,5.27295267489e-08,0.000285806732547,8.22075874848,1.97233665717e-05,0.0103449618005,10.1075221473,2.14315294667e-09,3.86380549741e-05,9.09085744973,4.93301561719e-07,0.00111929133309,8.21966666689,4.20668520573e-06,0.0078618325254,9.19439200048,1.98271681676e-07,0.000747400282715,8.9473129065,1.27525190076e-06,0.00191814906488,8.61236454584,2.95604213839e-06,0.00373793819518,8.24977853433,1.34479891249e-05,0.00939289928162,8.49211242287,4.82986237998e-06,0.00513106710048,4.62072257048,0.176346862107,0.36137750007,8.40394625593,1.09218833743e-05,0.00759844496369,9.45148997503,5.4996162868e-08,0.00033015054519,5.23588359167,0.0622146080019,0.310531503798,7.29377102371,0.000333251952714,0.0664377375782,8.59814337062,3.37920592037e-06,0.00422785109347,5.22024017145,0.0529321966852,0.163791521557
unguided,1,0.21,0.219999998808,predicted,Actual proposal support boundary; monitored coordinates are pre-native endpoint forecast,True,50,39.9822297948,1.05603641567,-0.0500936411285,-0.0326476605618,-0.0375676176214,0.0371285776116,6.50326593796,6.10113002343,0.145297361592,-0.422536106341,1.68867002679,0.186108763955,0.269573640659,0.272678347067,0.264309052011,0.20481646807,4.55656037478,0.196654522475,0.699849575044,9.51188770151,6.77979951011e-08,0.000356271285086,8.93902116341,2.15711024033e-06,0.00219200910324,9.49252369821,5.31144326512e-08,0.000288930231404,8.20637486587,2.05444094426e-05,0.0106786283499,10.144382179,1.71587875296e-09,3.37019504523e-05,9.06172784059,5.55981444697e-07,0.00121259991014,8.220147545,4.24378834121e-06,0.00787198343921,9.19301657124,1.96863961484e-07,0.00074827471574,8.93536024511,1.30505845626e-06,0.00197026742188,8.6086711509,3.15038869122e-06,0.00381913523091,8.22146149695,1.51199884877e-05,0.0100552960994,8.50609674622,4.48347321258e-06,0.00496424411491,4.62271382215,0.174696399251,0.356824847653,8.37069401874,1.2591725878e-05,0.00819909820902,9.4853408648,4.54990159318e-08,0.000293836684753,5.22832184822,0.0622105696191,0.304940937463,7.2787679407,0.00035099700352,0.068254961298,8.57404063325,3.70373748372e-06,0.00449182074662,5.19664840742,0.054641794293,0.161992113351
unguided,1,0.22,0.229999989271,predicted,Actual proposal support boundary; monitored coordinates are pre-native endpoint forecast,True,50,32.340086669,1.02352608638,-0.0465773580933,-0.0486796912932,-0.057745126214,0.0394642237152,6.5938585409,6.14484992929,0.15246318055,-0.439217892939,1.80609618392,0.185982920371,0.270671192019,0.271277340247,0.260636309754,0.202334476176,4.54455294748,0.195320035442,0.693621033543,9.50662052882,6.89579420314e-08,0.000359762292203,8.90019059562,2.55967117241e-06,0.00241288657769,9.4995700481,4.52513589851e-08,0.000274960491713,8.19594095806,2.10879904433e-05,0.0109449523817,10.2055217692,1.24083563603e-09,2.67636607484e-05,9.02096104418,6.81273493857e-07,0.00136762056515,8.2234195921,4.13320363022e-06,0.00776789799106,9.18401728001,2.07456392607e-07,0.000771164691894,8.9086114091,1.52709154526e-06,0.00213153518416,8.61601811002,3.04420792281e-06,0.00374169976898,8.20814970488,1.5912138117e-05,0.010407660514,8.49484426939,4.91247790672e-06,0.00516122430296,4.62233695121,0.17329814351,0.35047486324,8.33611152493,1.46815494369e-05,0.0088614862943,9.52225082659,3.80636488499e-08,0.000260644872601,5.22153537251,0.0617697772901,0.301906947737,7.27209873161,0.000359456737453,0.0689634754967,8.53396425187,4.45513418846e-06,0.00498620135456,5.18511811824,0.0550845885988,0.161991893926
unguided,1,0.23,0.239999994636,predicted,Actual proposal support boundary; monitored coordinates are pre-native endpoint forecast,True,50,35.1217527956,1.04938693897,-0.044804322567,-0.0575065130377,-0.079359302547,0.0407517517292,6.68197866946,6.11608385859,0.173202833282,-0.452237541405,1.86972005238,0.1862417738,0.271018487598,0.270454120696,0.25911339959,0.20131205679,4.54058330159,0.19402484104,0.690124927052,9.50306478924,7.0391576453e-08,0.000362304753196,8.85134212539,3.18783731614e-06,0.00272516727135,9.49727822732,4.34641744578e-08,0.000275520886249,8.20127408354,2.00152645034e-05,0.0108323960622,10.2610638486,8.81065197204e-10,2.13483696836e-05,8.98709844829,8.23831810207e-07,0.00151719150461,8.22801731697,3.98799738707e-06,0.00764200820207,9.17164862693,2.25318318259e-07,0.000804620038767,8.9001415603,1.66171866382e-06,0.00219730203462,8.6236656543,2.93280257847e-06,0.00365335755579,8.1914197932,1.73126945643e-05,0.0108613553133,8.4872845665,5.10647648298e-06,0.00526087921071,4.62549179362,0.172005655552,0.346781335563,8.31452391461,1.62683231398e-05,0.0092926559596,9.56539168184,2.9605654767e-08,0.000221773013499,5.22457641808,0.0613095475991,0.302488103614,7.27094656668,0.000357707278155,0.0692268903427,8.4959320285,5.41272849891e-06,0.00550526469757,5.18330186075,0.0550343576939,0.164044842359
unguided,1,0.24,0.25,predicted,Actual proposal support boundary; monitored coordinates are pre-native endpoint forecast,True,50,23.3254402589,1.0703292273,-0.0417169974709,-0.0525772518301,-0.0956976141298,0.0416338591202,6.75638239478,6.08486255045,0.182574457289,-0.454600707618,1.91520383411,0.185938748281,0.270408505118,0.270335682715,0.259232403296,0.20049847546,4.53240483655,0.193464261246,0.686767030374,9.50922396221,6.61449194804e-08,0.000350630824427,8.82259379469,3.63052035467e-06,0.00292714743071,9.48486212664,4.63255272111e-08,0.000288485485053,8.19807493058,2.04503167005e-05,0.0109033897502,10.3040714283,6.65388518431e-10,1.77579215046e-05,8.96968722728,9.08953637937e-07,0.0015993918929,8.23180763004,3.89811143544e-06,0.00755114918057,9.16397387446,2.35089526118e-07,0.000823799589987,8.90026075764,1.71551033383e-06,0.00220986945744,8.63363006939,2.78927940736e-06,0.00355020264498,8.17388623454,1.8894192968e-05,0.0113283382111,8.47627361831,5.24632019836e-06,0.00539292250712,4.63477483726,0.169752308431,0.346417995434,8.30988723481,1.67296841918e-05,0.00938603575428,9.59377829778,2.48135239359e-08,0.000198218489899,5.21420574014,0.0622928705119,0.303287297966,7.26745204741,0.000360373458139,0.0697530341388,8.47585768245,6.04001062753e-06,0.00579046684986,5.18570754518,0.0547357995037,0.166609962674
unguided,1,0.25,0.259999990463,predicted,Actual proposal support boundary; monitored coordinates are pre-native endpoint forecast,True,50,17.1228543771,1.13246244326,-0.0305199788475,-0.0659102315092,-0.12095268118,0.0422943314541,6.77840309865,6.04763745584,0.224492312251,-0.452283585097,1.8220300973,0.186253636821,0.272416558454,0.268963036482,0.258999701168,0.199398708751,4.51555944818,0.19724726555,0.68124657604,9.43508917506,1.01097754034e-07,0.000446609121841,8.79896850964,4.02910510751e-06,0.00310023778738,9.50919283575,4.23840495762e-08,0.000272471773876,8.23375329908,1.65272065422e-05,0.0100629127669,10.3377124545,5.27362720553e-10,1.52519835032e-05,8.95287698933,9.92716075281e-07,0.00167961873181,8.241879207,3.63292221522e-06,0.00729314642576,9.14661994596,2.50640680163e-07,0.000862676043881,8.89310822534,1.8108562622e-06,0.00226157159983,8.6394597981,2.6827224172e-06,0.00347983588464,8.15835098918,2.10563647067e-05,0.0118145985874,8.4275211002,7.06890549113e-06,0.00619137027191,4.65598580195,0.165287920411,0.345157201948,8.29873789169,1.76379183974e-05,0.00961605863631,9.60689121389,2.25865689232e-08,0.000186890318155,5.19537192301,0.062731415939,0.302606418341,7.26496619079,0.000363116384064,0.0699923035215,8.46092405004,6.53229434944e-06,0.00601182807411,5.17557477929,0.0559152425265,0.170565079103
unguided,1,0.26,0.269999980927,predicted,Actual proposal support boundary; monitored coordinates are pre-native endpoint forecast,True,50,16.8715857211,1.1549985662,-0.0200166819954,-0.0891722786808,-0.114874406036,0.0453297358392,6.7523668391,6.13092773338,0.287878375332,-0.478465734278,1.78636188827,0.185962144634,0.272605389884,0.26640165567,0.25869800083,0.200050032547,4.50491609631,0.200840352772,0.67885253019,9.3794105458,1.46912516817e-07,0.000545363256556,8.76103349221,4.77781640886e-06,0.0034005272302,9.55101199756,3.34365857132e-08,0.000235155094118,8.25280196374,1.50593295666e-05,0.0096426448191,10.2976761021,6.72203257361e-10,1.8009449404e-05,8.93793040563,1.10689204609e-06,0.00176541392378,8.26040717614,3.33980605594e-06,0.00690631333443,9.10798648567,3.11633851429e-07,0.000977374397331,8.88903364092,1.91871323746e-06,0.00230346998354,8.64531375999,2.55702856966e-06,0.00339293585475,8.14830018365,2.26252977512e-05,0.0121215211529,8.38875401032,8.96943470096e-06,0.0069000880598,4.65746739862,0.165377865134,0.343754214685,8.28531771173,1.89935009474e-05,0.00989200904877,9.59410397233,2.33030983321e-08,0.00019169755425,5.24123251042,0.0589635053342,0.299111989099,7.26935072324,0.000352221616998,0.0696441151141,8.44842705916,7.26005337879e-06,0.00619473331773,5.166096248,0.0568986233637,0.172022040286
unguided,1,0.27,0.280000001192,predicted,Actual proposal support boundary; monitored coordinates are pre-native endpoint forecast,True,50,17.5871776685,1.24543817798,-0.00710372671128,-0.0991837358856,-0.112158873107,0.0480110561885,6.76694134069,6.21297343728,0.337161598581,-0.50362996697,1.72240130554,0.184975409843,0.271543003162,0.263763339961,0.258619842008,0.202002134655,4.49710874184,0.204492391113,0.673788684523,9.31497137018,2.14584990343e-07,0.000671870583753,8.74232227659,5.17340627516e-06,0.00355358059596,9.58299624104,2.77463542127e-08,0.000209982018629,8.26655332664,1.40161302268e-05,0.00934695873895,10.2628433083,8.35006238498e-10,2.08583764352e-05,8.92351298616,1.21542757818e-06,0.0018508184894,8.28178568505,3.01001962777e-06,0.00648767854951,9.0756599355,3.63133352227e-07,0.00107457320055,8.88074729554,2.02935307027e-06,0.0023624202189,8.64790012937,2.51492552721e-06,0.00335298981514,8.14019989766,2.37216824184e-05,0.0123561182991,8.33988866526,1.1579661092e-05,0.0078266234848,4.66046114353,0.164790431155,0.342174750906,8.27291587328,2.0247267943e-05,0.0101501584467,9.5824765001,2.42988431096e-08,0.000197458927536,5.24545011137,0.0580463551695,0.29496521511,7.2693932556,0.00034890768247,0.0697760931301,8.43721826831,7.9345415001e-06,0.00637912579783,5.15139198974,0.0584560004117,0.173862499619
unguided,1,0.28,0.289999991655,predicted,Actual proposal support boundary; monitored coordinates are pre-native endpoint forecast,True,50,32.3389873188,1.32758081504,0.00603637472152,-0.0982454860592,-0.110610084858,0.0495126993833,6.78199820638,6.23070004023,0.366968938461,-0.511462694189,1.69663679297,0.184515799656,0.271093771566,0.263023527968,0.258723295919,0.202605617993,4.48615519926,0.20768968152,0.671400626715,9.29701184603,2.36078214723e-07,0.000709687099847,8.7404421864,5.2208664348e-06,0.00357029550931,9.60351593304,2.45048157637e-08,0.00019473323962,8.27353483727,1.35409616367e-05,0.00919498707371,10.2548224092,8.77966687304e-10,2.15673047382e-05,8.92140696134,1.22557624689e-06,0.00186222956403,8.29863863934,2.76773646143e-06,0.00617439111039,9.05868740524,3.93177841148e-07,0.0011298845819,8.87442761385,2.09473577822e-06,0.00240336892933,8.65015642446,2.48303673763e-06,0.00333233144182,8.12614781806,2.5283137038e-05,0.0127482514646,8.31432717167,1.29500418699e-05,0.00831765396467,4.66925976281,0.162776335271,0.342385534945,8.2695928814,2.050052399e-05,0.0102235912087,9.57988485709,2.4124384241e-08,0.000197175469889,5.24529915501,0.0578486755005,0.2931677156,7.26354273049,0.000355351067349,0.0705536548507,8.43702007466,7.98658755332e-06,0.00639032132463,5.15138036719,0.0586919747737,0.174273646354
unguided,1,0.29,0.299999982119,predicted,Actual proposal support boundary; monitored coordinates are pre-native endpoint forecast,True,50,38.5207380293,1.36257960028,0.0118174912071,-0.0975255501652,-0.108320395675,0.0505604193943,6.786180044,6.23853085381,0.383939259239,-0.518448242614,1.69402187311,0.184268011433,0.270894601561,0.262979852168,0.258842790613,0.202611737069,4.48306071092,0.20862918776,0.671582884066,9.29513252106,2.39758295693e-07,0.000714656610849,8.73747067443,5.30160254466e-06,0.00359830604583,9.61744960102,2.21871287555e-08,0.000183466160929,8.27403443426,1.35338102456e-05,0.0091876622044,10.2529674997,8.86916586096e-10,2.17054335158e-05,8.92376298267,1.20990551934e-06,0.00185035074342,8.30688236651,2.65782662289e-06,0.00602376730756,9.05230109689,4.03463651656e-07,0.00115015588817,8.87016674539,2.13476685553e-06,0.00243107378643,8.64920078259,2.49277707177e-06,0.00334388980055,8.11367722743,2.68947816361e-05,0.0131104032109,8.30180710409,1.37365586337e-05,0.00857050564697,4.67158401071,0.162068416699,0.34235964865,8.26422331508,2.0882951329e-05,0.0103480177422,9.5849238468,2.28189049416e-08,0.000191174471569,5.2517614103,0.0573799469298,0.29254663307,7.2587359147,0.000361800917481,0.0711518916448,8.43946386285,7.89782883123e-06,0.00635858841491,5.15363107501,0.058561363183,0.174137453738
unguided,1,0.3,0.310000002384,predicted,Actual proposal support boundary; monitored coordinates are pre-native endpoint forecast,True,50,34.2665740892,1.49983722989,0.0132523871994,-0.0916779011869,-0.102193735864,0.0509700681182,6.81083147623,6.24343066227,0.387084907676,-0.526027957928,1.70770316316,0.183946645467,0.270694598013,0.262515980099,0.25862662359,0.203013691466,4.48703026573,0.208742221118,0.670897951921,9.29435653587,2.40938875743e-07,0.000716239401965,8.74262073945,5.15058371693e-06,0.00354838786329,9.61063248855,2.3039946886e-08,0.000188081202582,8.2809464643,1.30606804168e-05,0.00903689648849,10.258332505,8.53241299948e-10,2.11694993872e-05,8.92037975723,1.23146988725e-06,0.00186917937957,8.3112275859,2.61983829109e-06,0.00595598525317,9.04898059422,4.11801186967e-07,0.00116339660211,8.8672525134,2.17215715574e-06,0.00245026158291,8.64750336931,2.53155961036e-06,0.0033628199014,8.10624153977,2.76096605071e-05,0.0133228258645,8.29339755313,1.42411276378e-05,0.00873863516918,4.6703423813,0.162411814758,0.342907631592,8.26056439298,2.13949389968e-05,0.0104185077489,9.58923303369,2.22031878931e-08,0.000187751593352,5.25255309111,0.0573438477429,0.2930918077,7.26055212516,0.000360119907798,0.0708882635735,8.43632336801,8.03952333213e-06,0.00641932192406,5.15755270353,0.0583627288877,0.174101704114
unguided,1,0.31,0.319999992847,predicted,Actual proposal support boundary; monitored coordinates are pre-native endpoint forecast,True,50,32.3110468628,1.50799860234,0.014942951355,-0.0864270854378,-0.0997458288336,0.0519603694043,6.82630538321,6.25014177175,0.393150441726,-0.532841760205,1.72474843001,0.183505175156,0.270682128952,0.262559476502,0.25851259413,0.203105965907,4.48807102609,0.208893139,0.670096217728,9.29335314892,2.44815744409e-07,0.000720323012795,8.74577351299,5.06538243372e-06,0.00351922225749,9.60144827914,2.43367722243e-08,0.0001948687853,8.27994648601,1.30457350664e-05,0.0090569881438,10.2653243434,8.15424201538e-10,2.05453660804e-05,8.92087123667,1.22131797304e-06,0.00186563971136,8.3153020481,2.57241889871e-06,0.0058867199315,9.04233418828,4.27623376962e-07,0.0011890091006,8.86828439961,2.15648608506e-06,0.00244177843686,8.6454686628,2.55622080706e-06,0.0033839387519,8.09790994417,2.85329306665e-05,0.013565261185,8.28695193941,1.46672027941e-05,0.00886994981357,4.67167664488,0.162224791214,0.343682872859,8.26115103539,2.13299758208e-05,0.0104036718754,9.59308751302,2.17556219296e-08,0.000185118836059,5.25842021944,0.0569332979041,0.293656856493,7.26116478871,0.000359501656361,0.0707957169645,8.43265959078,8.14887830665e-06,0.00648975757684,5.15765383401,0.0583659314296,0.173877989721
unguided,1,0.32,0.329999983311,predicted,Actual proposal support boundary; monitored coordinates are pre-native endpoint forecast,True,50,48.204934826,1.58209980287,0.0146489407158,-0.0870866287136,-0.0983039087319,0.052646635919,6.85229013356,6.24998612971,0.399903860024,-0.536722190865,1.72805943879,0.183075321888,0.27049447521,0.262342368237,0.258344400163,0.203442652031,4.49071409676,0.208819325634,0.669044244641,9.29029276418,2.49889770123e-07,0.000728324335783,8.74254783497,5.12525350106e-06,0.00354272145941,9.5970205324,2.50179574029e-08,0.000198314218416,8.27721471195,1.32096478737e-05,0.00911675880823,10.2731620168,7.7300187755e-10,1.98361498836e-05,8.92189853162,1.20115524523e-06,0.00185377321619,8.31760884574,2.55118854515e-06,0.00585105897715,9.03935327191,4.35954246745e-07,0.0012011124096,8.86591958741,2.16961025007e-06,0.00245257079651,8.64028755342,2.59898882476e-06,0.00342904409306,8.09322452711,2.91076251822e-05,0.0137062422179,8.28316535527,1.49386278993e-05,0.00895014213999,4.67176041178,0.162213907988,0.344086995823,8.25578096136,2.17291417379e-05,0.0105201493845,9.59787201839,2.11649913339e-08,0.000181732421058,5.25945428511,0.0568329260041,0.293584200094,7.26231030443,0.000359189462661,0.0705853533152,8.43064883764,8.15538558653e-06,0.00652195110151,5.15635522503,0.0584015278252,0.173783269427
unguided,1,0.33,0.340000003576,predicted,Actual proposal support boundary; monitored coordinates are pre-native endpoint forecast,True,50,54.7432214028,1.53564005345,0.0139600206947,-0.0895343757057,-0.101003719893,0.052197754632,6.85624621023,6.2461662339,0.404255924963,-0.531319476949,1.71237442388,0.1829749981,0.270491674641,0.2625609105,0.258255614507,0.203533009985,4.49398352959,0.209242092103,0.667788192944,9.28392036669,2.58494690253e-07,0.000743230612833,8.73957344507,5.18038793952e-06,0.003564261812,9.60214931547,2.45077485901e-08,0.000195243851886,8.27517725711,1.33069973378e-05,0.00915899854341,10.2719865177,7.79591233646e-10,1.99467123269e-05,8.92050639701,1.19943811118e-06,0.00185609181613,8.31600106157,2.57847695474e-06,0.00588289734409,9.0383984338,4.42190437426e-07,0.00120699522777,8.86422100586,2.2035299128e-06,0.00246534680735,8.64127191743,2.55562755284e-06,0.00341106435795,8.09724091723,2.85565673678e-05,0.013587782538,8.28128840052,1.50712621739e-05,0.00898793006073,4.67321868708,0.161988288576,0.344491718242,8.25594034898,2.17670351662e-05,0.0105081442246,9.59481996771,2.17652426388e-08,0.000184718439087,5.25399932766,0.0571711657865,0.293398756277,7.26546197257,0.000355028688733,0.0701871864565,8.42383191325,8.40113227679e-06,0.00663179416182,5.15301509111,0.0585613388656,0.174000348119
unguided,1,0.34,0.34999999404,predicted,Actual proposal support boundary; monitored coordinates are pre-native endpoint forecast,True,50,57.1987102005,1.59482507822,0.0102773334122,-0.0863741177702,-0.100101024833,0.0522277067936,6.87489348525,6.24619633607,0.401708429657,-0.529882826743,1.73141896442,0.182901281381,0.270371185555,0.262395217437,0.257944988324,0.203635691028,4.49774318405,0.208287891937,0.667395460231,9.2811964527,2.61711664423e-07,0.000749366921247,8.7305226659,5.38348573546e-06,0.00363969222982,9.59574768601,2.5219270686e-08,0.000199126321679,8.2793056413,1.30151258057e-05,0.00906654288014,10.2757388422,7.61945557266e-10,1.96445883952e-05,8.91887610024,1.19812488847e-06,0.00185966887383,8.31314042986,2.62153944575e-06,0.00593508324803,9.04309404063,4.33433498236e-07,0.00119047701472,8.86684793035,2.19795780035e-06,0.00245167426547,8.64220075979,2.52555305363e-06,0.00339906093368,8.094773068,2.89154582233e-05,0.0136620484046,8.28098388137,1.51352342201e-05,0.00899807184752,4.67074032633,0.162635222318,0.34487497057,8.25642344426,2.17929654491e-05,0.0104898736346,9.59823737589,2.13769734592e-08,0.00018254402547,5.24752892041,0.057665946886,0.293789201757,7.2673905162,0.000354446297404,0.0698502364347,8.41588976103,8.77416306362e-06,0.00676061008854,5.15368466603,0.0584458077492,0.174061618521
unguided,1,0.35,0.359999984503,predicted,Actual proposal support boundary; monitored coordinates are pre-native endpoint forecast,True,50,34.7548372773,1.60963461504,0.0089986349678,-0.0866302621746,-0.100247433808,0.05241660296,6.8808205156,6.24683633274,0.398940673388,-0.528533137505,1.74132946774,0.182846680378,0.270307764334,0.262464506084,0.257763545289,0.203640334735,4.49697109873,0.208292914735,0.666578021386,9.28036877594,2.62301433086e-07,0.000751215046499,8.72490437015,5.50626960757e-06,0.00368586622583,9.59391354131,2.54554191907e-08,0.000200305686957,8.28199852991,1.27791218485e-05,0.00900200227743,10.274784814,7.67110434909e-10,1.97336633362e-05,8.91720769384,1.19452365719e-06,0.00186259478861,8.31264202289,2.62285005741e-06,0.00594256844919,9.04637811182,4.26475755147e-07,0.00117834968059,8.86807736083,2.20204678306e-06,0.00244631238664,8.64381905293,2.49190690717e-06,0.00338217056931,8.09727628902,2.85905057114e-05,0.0135872219137,8.28240405313,1.50561739288e-05,0.00897022177048,4.66961029036,0.162954158589,0.345007798255,8.2572214259,2.17802705039e-05,0.0104649289789,9.59684154148,2.16156956188e-08,0.000183755742317,5.24315300876,0.057972907225,0.29363234221,7.26662697923,0.000356307590997,0.0699031023254,8.4075099848,9.13843766761e-06,0.00689997488707,5.15538222105,0.0582732920403,0.174092405527
unguided,1,0.36,0.370000004768,predicted,Actual proposal support boundary; monitored coordinates are pre-native endpoint forecast,True,50,27.9212659377,1.60304756996,0.0103713323212,-0.0735484668994,-0.0932080987358,0.05211043789,6.88994613676,6.25539873714,0.397666130268,-0.527736073596,1.73071720496,0.182598870889,0.270101657946,0.262277505194,0.257682608538,0.203892378796,4.49678996166,0.208198514481,0.666916102592,9.26935966034,2.75168256999e-07,0.000775576935054,8.73659009772,5.23324679978e-06,0.00358587813896,9.5890509523,2.62562733058e-08,0.000203913301782,8.29371272309,1.20418361343e-05,0.00875053193699,10.2687301384,7.98470901015e-10,2.02549563425e-05,8.92157144366,1.1716952547e-06,0.00184186952191,8.31346682787,2.63388514824e-06,0.00593561933495,9.04794050459,4.24264716685e-07,0.00117300308885,8.86645082649,2.20070891686e-06,0.00245321549038,8.64590028011,2.4490811761e-06,0.00336344675749,8.09425096754,2.86915737022e-05,0.0136679099229,8.26527637235,1.62660206472e-05,0.00933772481133,4.67145072799,0.162886505241,0.346307182617,8.26293407565,2.10765549933e-05,0.0103447371989,9.59040089249,2.25715076646e-08,0.000188771814372,5.2321371972,0.0588974135099,0.294547833818,7.26889448679,0.000357101740586,0.0694173983198,8.41702052125,8.72453756956e-06,0.00674946292288,5.15735857223,0.0581017150115,0.174258045001
unguided,1,0.37,0.379999995232,predicted,Actual proposal support boundary; monitored coordinates are pre-native endpoint forecast,True,50,31.1831205123,1.63144883982,0.00667611375809,-0.0749029362583,-0.0945388227963,0.0527875472473,6.90782815468,6.24366010057,0.399947050412,-0.520129786622,1.78093776114,0.182694290716,0.270227728417,0.262509927923,0.257285138669,0.203552720856,4.49809265156,0.208202806534,0.665519081811,9.27389801422,2.71475372941e-07,0.000766968776446,8.71079889937,5.85795501756e-06,0.00381050880282,9.58305398031,2.68728951192e-08,0.000207609787818,8.2972401929,1.17706359391e-05,0.00867238078793,10.2816186566,7.33758783744e-10,1.91620298405e-05,8.92012420185,1.16020854759e-06,0.00183979959661,8.31351541615,2.58969805772e-06,0.00592196129955,9.05590239827,4.06953498632e-07,0.00114436326272,8.8718472748,2.22322283354e-06,0.00243414087794,8.6493381253,2.37047260091e-06,0.00332283328392,8.08979283709,2.92265382834e-05,0.0138046542767,8.28256153494,1.4929950562e-05,0.00895507142594,4.66994657562,0.163234451248,0.346635772603,8.26248873924,2.15029098659e-05,0.0103343087789,9.59843696224,2.15229005151e-08,0.000182848453486,5.22609714494,0.0591841438547,0.293738071191,7.26907233184,0.000355254260829,0.0695163795052,8.39420918769,9.91138154292e-06,0.00713242797872,5.16030186463,0.0578410622827,0.173779429663
unguided,1,0.38,0.389999985695,predicted,Actual proposal support boundary; monitored coordinates are pre-native endpoint forecast,True,50,31.2455272638,1.65476777536,0.00514531627655,-0.0746884963298,-0.0926942613983,0.0523367407094,6.92038954167,6.23091841192,0.403834963908,-0.514442801885,1.78275971319,0.182712987199,0.270283895629,0.262683330122,0.257240942344,0.203378141942,4.49836900693,0.20839490984,0.665097582181,9.27383732304,2.72477679684e-07,0.000767619883115,8.70294791392,6.05929013325e-06,0.00388049108752,9.58650377006,2.61264568155e-08,0.000204228975641,8.30347136793,1.1417026047e-05,0.0085424491696,10.2846714763,7.19895042142e-10,1.89136039002e-05,8.91866503498,1.16788709785e-06,0.00184692387093,8.31238466118,2.59873776212e-06,0.00594293839389,9.06038551518,3.97999325848e-07,0.00112922804765,8.86849631095,2.2760275423e-06,0.00245912315013,8.65039502665,2.33945196022e-06,0.0033068480333,8.08648339234,2.97680633455e-05,0.013906010403,8.28425980188,1.47680906548e-05,0.00891446435438,4.66943529892,0.163256076367,0.34727515242,8.25821987336,2.19740563053e-05,0.0104232676398,9.60297543301,2.07295488427e-08,0.000178876497658,5.2205209775,0.0595507430493,0.293636940728,7.27418631332,0.000347466350937,0.0689647433957,8.38935484746,1.0207682291e-05,0.00721791184325,5.16403357282,0.0576343637943,0.173613487749
unguided,1,0.39,0.399999976158,predicted,Actual proposal support boundary; monitored coordinates are pre-native endpoint forecast,True,50,28.7011572501,1.57547075157,0.00344710365295,-0.0820180544639,-0.0880800238514,0.0519244313755,6.9244928491,6.22312049689,0.402209021421,-0.513353669962,1.77603246066,0.18270827112,0.270348670903,0.262890154822,0.257295928533,0.203174034477,4.49920910032,0.208819575045,0.665054593092,9.28118728236,2.6198519544e-07,0.000750486604135,8.69631928486,6.24534356288e-06,0.00394188854453,9.59206651835,2.5124012151e-08,0.000199538362796,8.30506874506,1.13852299035e-05,0.00851252797556,10.2818704343,7.3144891593e-10,1.91212611173e-05,8.92003139584,1.15001208752e-06,0.00183588043387,8.31202205015,2.59980440317e-06,0.00595148878889,9.06590566792,3.86872601165e-07,0.00111028809911,8.85643254332,2.41402669264e-06,0.00253872990156,8.64883895934,2.31999914789e-06,0.00331062572296,8.087609896,2.9792342639e-05,0.0138763832931,8.29295192092,1.419293806e-05,0.0087346198634,4.66642149384,0.163726665467,0.347254319492,8.24729592294,2.29248682718e-05,0.0106690147286,9.60561524253,2.02729097975e-08,0.000176439478423,5.22199281037,0.0593814082308,0.292579864843,7.27645387194,0.000343569292191,0.0687537594158,8.39086065997,1.01050658101e-05,0.00719358431191,5.16790543137,0.0573368039846,0.173251160833
unguided,1,0.4,0.409999996424,predicted,Actual proposal support boundary; monitored coordinates are pre-native endpoint forecast,True,50,21.4037764174,1.52579074389,-5.32196426413e-05,-0.0900373262548,-0.0884893378878,0.0506739110992,6.92400328187,6.22264354158,0.390890783641,-0.509510314902,1.77885598546,0.182704133302,0.270381892182,0.262989319468,0.257313616639,0.203109327318,4.50168363056,0.208336033116,0.665072875548,9.28790742922,2.53413915439e-07,0.000735306717856,8.69179188421,6.37987921241e-06,0.00398413905915,9.59270881062,2.50916693748e-08,0.00019926513325,8.30102802971,1.16158714926e-05,0.00859552533333,10.277990752,7.50633720969e-10,1.94492366674e-05,8.91466550614,1.17555051109e-06,0.0018622814213,8.30683986069,2.67145315671e-06,0.00604769019221,9.0739815506,3.69724173665e-07,0.0010817273702,8.85027778011,2.48304984162e-06,0.00257919574008,8.65125087642,2.26457227983e-06,0.00327719274198,8.09484033168,2.89241334913e-05,0.0136616295128,8.30564143409,1.34089719389e-05,0.00847843101007,4.66317648468,0.164286657757,0.346844756235,8.24363081292,2.3200390782e-05,0.0107543824639,9.60569813896,2.02802295631e-08,0.000176513119726,5.22309377789,0.0592732623986,0.292076833812,7.27765009874,0.000341945350971,0.0686121101496,8.38716106797,1.02183488673e-05,0.00725573546242,5.16777969768,0.0573562934366,0.173025927917
unguided,1,0.41,0.419999986887,predicted,Actual proposal support boundary; monitored coordinates are pre-native endpoint forecast,True,50,-0.176166080299,1.43956782718,0.0041206719017,-0.0845722934985,-0.0780235985184,0.0509431485863,6.90717218302,6.25378241244,0.383440896981,-0.513414889701,1.76754334395,0.182477509734,0.270159822965,0.262650360167,0.257282156179,0.203478949341,4.49524660263,0.209086654038,0.665928718312,9.28749050142,2.54219578863e-07,0.000736134317909,8.70654207116,6.00997790681e-06,0.00385399983284,9.59022742667,2.56223224241e-08,0.000201381948691,8.30414695437,1.15281790017e-05,0.00853768215286,10.2575672382,8.58302654102e-10,2.12416477333e-05,8.92429863409,1.12287763008e-06,0.00181279758728,8.31192992453,2.60594007058e-06,0.00595999272888,9.06993748871,3.78261080824e-07,0.00109595903709,8.84682332584,2.50348870175e-06,0.00259835151993,8.65052584049,2.27841024222e-06,0.0032910459074,8.09333968643,2.89029339516e-05,0.0136982715943,8.3031720311,1.35433659587e-05,0.00852830667117,4.66587314033,0.164143853107,0.347438875105,8.2474209723,2.2695559112e-05,0.0106758421176,9.59020283162,2.22547802576e-08,0.000187480327728,5.22356550183,0.0592729273841,0.291723076125,7.27415025451,0.000347516664451,0.0689840442657,8.40520573972,9.39788455973e-06,0.00695130281475,5.1684238565,0.0573267093072,0.173019805536
unguided,1,0.42,0.42999997735,predicted,Actual proposal support boundary; monitored coordinates are pre-native endpoint forecast,True,50,-9.03699084085,1.44159805817,0.000390796813964,-0.0966177946711,-0.0804382559919,0.0503999083706,6.89387130674,6.27556440358,0.378469918162,-0.513343589345,1.75503687184,0.182316278031,0.269973595816,0.262392805002,0.25735746761,0.203782491621,4.49635495031,0.208706108834,0.665063626471,9.28857253977,2.53399663647e-07,0.000733971668043,8.70050503973,6.17912064848e-06,0.00390868128121,9.59691377969,2.48379403597e-08,0.000197024879187,8.29466686159,1.20136922097e-05,0.00873234861087,10.2439656819,9.3666026558e-10,2.25003465337e-05,8.91843915236,1.1600238036e-06,0.00184477070793,8.30716556281,2.66040726627e-06,0.00604460641277,9.07041974349,3.78151976801e-07,0.00109537249391,8.84592792509,2.49223225872e-06,0.0025996669327,8.64860285283,2.29802691131e-06,0.00330354491989,8.10716480771,2.73106886875e-05,0.0132925332826,8.31442488938,1.29011285725e-05,0.00831030322158,4.66090194299,0.165058237972,0.345936644963,8.24293041569,2.2986826208e-05,0.0107839388767,9.58429617646,2.30292134694e-08,0.000191800223599,5.22327566092,0.0591705539688,0.290271827518,7.27668197646,0.000342233737574,0.068789054739,8.39929778666,9.54147723363e-06,0.00704779821062,5.16382459508,0.0576659182882,0.173103154879
unguided,1,0.43,0.439999997616,predicted,Actual proposal support boundary; monitored coordinates are pre-native endpoint forecast,True,50,10.180304919,1.53979191261,-0.000175549831393,-0.104706202784,-0.0833153388166,0.0497306572448,6.8814790853,6.28799252917,0.380012872607,-0.509872987694,1.74003597888,0.182249064132,0.269932336279,0.262357639233,0.257437061842,0.203908654121,4.49577972358,0.208768828437,0.664733820558,9.2900756124,2.52292500275e-07,0.000731094401019,8.69943346879,6.20302191255e-06,0.00391700661965,9.6078786523,2.32256856132e-08,0.000188840127473,8.28547263138,1.2557168341e-05,0.0089264151334,10.2351897702,9.92589093338e-10,2.3364473942e-05,8.91467552046,1.18516215459e-06,0.00186617954474,8.30427812534,2.70125982715e-06,0.00609855970523,9.06943560969,3.79123752296e-07,0.00109804621196,8.84370928802,2.50531345756e-06,0.00261200987144,8.64647134878,2.32931422504e-06,0.00332233052539,8.11155657793,2.69111838106e-05,0.0131695035364,8.32108479725,1.2540905815e-05,0.0081828026875,4.66145136539,0.16489678746,0.345628561635,8.23821760361,2.3418169035e-05,0.0108932381914,9.57955446789,2.36110884364e-08,0.000195111371018,5.22880159834,0.0587554504821,0.289729447825,7.27713455627,0.000340993681924,0.0687603902633,8.39723580751,9.56853539797e-06,0.00708181398491,5.15830742985,0.0580589633675,0.173128700188
unguided,1,0.44,0.449999988079,predicted,Actual proposal support boundary; monitored coordinates are pre-native endpoint forecast,True,50,3.05173805885,1.59605211668,0.00194900766373,-0.101820539274,-0.0796803432965,0.0497153438565,6.88014415764,6.2926800141,0.386205008523,-0.507762913364,1.73721574607,0.182235852072,0.269870257725,0.262281251459,0.257377641091,0.20395301302,4.49485285273,0.209160378341,0.665107374111,9.28990519268,2.52514082051e-07,0.000731409129921,8.70268526227,6.12012244081e-06,0.00388828640749,9.61085583863,2.27956271157e-08,0.000186566957965,8.28829779774,1.24405291631e-05,0.00886737312171,10.2312596412,1.01825360745e-09,2.37601150049e-05,8.91900514396,1.16242514234e-06,0.00184379664776,8.30610021431,2.68442966814e-06,0.00606916604698,9.06720720478,3.83217514879e-07,0.00110580786273,8.84142992981,2.53088187163e-06,0.00262766588331,8.64666268382,2.32015738747e-06,0.00332028467451,8.1053501368,2.76226905454e-05,0.0133487987808,8.3169951879,1.27601592103e-05,0.00826132865274,4.66426500634,0.16446605814,0.346300263619,8.23800870793,2.34227131832e-05,0.0108988883449,9.57632793007,2.40126825268e-08,0.000197307624783,5.23167264353,0.0585764289215,0.289840184209,7.27864422088,0.000338741366541,0.0685928201508,8.40327357181,9.33261210301e-06,0.00697993989257,5.15939484124,0.0580164248627,0.17305072912
unguided,1,0.45,0.459999978542,predicted,Actual proposal support boundary; monitored coordinates are pre-native endpoint forecast,True,50,4.97986484804,1.67288068899,0.00562553897857,-0.09206684623,-0.0733283469343,0.0487474426482,6.86728845856,6.30355308838,0.3776239184,-0.507901108919,1.72783939007,0.182221971533,0.269845568988,0.262249933,0.257449662778,0.204043623523,4.49482820329,0.209381423067,0.666700930807,9.28669480756,2.56242413811e-07,0.000738282539718,8.72372429482,5.6114470018e-06,0.00370614182648,9.60867857097,2.30030469662e-08,0.000187681845951,8.29205746405,1.22642469605e-05,0.00879126623486,10.2288710361,1.03179582116e-09,2.39687690316e-05,8.92850289976,1.11201917887e-06,0.00179583609025,8.30814963263,2.6675228154e-06,0.00603769680503,9.06601611688,3.84634580384e-07,0.00110903494537,8.83466248187,2.60800633825e-06,0.00267415455411,8.65215260187,2.24154111897e-06,0.00326769445947,8.09686338657,2.85521434272e-05,0.013596467297,8.31028933969,1.31347996076e-05,0.00839186582102,4.66714554272,0.164141596228,0.347097615117,8.24723837753,2.24621158202e-05,0.0106932714195,9.57344470804,2.44028489018e-08,0.000199295135022,5.23096975449,0.0587002634435,0.290357209938,7.2788913313,0.000338231743507,0.0685730230324,8.42078154944,8.58940884817e-06,0.00669286126326,5.158760736,0.0580505927188,0.173098713638
unguided,1,0.46,0.469999998808,predicted,Actual proposal support boundary; monitored coordinates are pre-native endpoint forecast,True,50,4.11945613663,1.67046391364,0.000224857482909,-0.0914329696083,-0.0776590028667,0.0481821767378,6.86994211571,6.30089537098,0.37305780727,-0.508223846458,1.7301090849,0.182271127445,0.269864128995,0.262248017083,0.257414220897,0.204034800232,4.50198805167,0.207839382332,0.666913963562,9.28502313748,2.58858669956e-07,0.000742187511321,8.72245267827,5.63783676939e-06,0.00371588256799,9.60270917799,2.37693029135e-08,0.000191715627706,8.28721953777,1.25149450856e-05,0.00889311110467,10.2370543417,9.80830823467e-10,2.31705469712e-05,8.92752573787,1.12438123237e-06,0.00180341653151,8.30137046413,2.75926361107e-06,0.00615959216143,9.06926351849,3.78131761031e-07,0.00109773953213,8.83787643118,2.56487058362e-06,0.00265123140605,8.65047816934,2.261138194e-06,0.00328163397467,8.10015898569,2.82025701015e-05,0.0135015939175,8.31578581569,1.28124470788e-05,0.00828218303017,4.66210857024,0.164959936398,0.346452441238,8.24752142114,2.24478811359e-05,0.0106862310073,9.58231134682,2.31966505638e-08,0.000192968406699,5.22926442593,0.0588641665607,0.291133083152,7.28362291655,0.000331888789228,0.0680240702669,8.41801377126,8.69377275975e-06,0.00673741247755,5.1529372836,0.0584299541202,0.173223569074
unguided,1,0.47,0.479999989271,predicted,Actual proposal support boundary; monitored coordinates are pre-native endpoint forecast,True,50,-13.328106563,1.74458687201,-0.00130478366852,-0.0812876245761,-0.0740871238971,0.046774005273,6.8661184523,6.30113329193,0.375088066675,-0.495103552984,1.73198875761,0.182422238914,0.269940736619,0.262290066057,0.257389940986,0.203917847145,4.5021553617,0.207347334856,0.667815755349,9.27711254893,2.70155133847e-07,0.000761134764841,8.73239710593,5.38665956032e-06,0.00362848174218,9.60549721479,2.29322067394e-08,0.00018797415935,8.29397584337,1.21264385891e-05,0.00875288948628,10.2368398881,9.83216153776e-10,2.32100004553e-05,8.93108546351,1.12546062925e-06,0.00179329792183,8.29762177323,2.81868363373e-06,0.00622961094004,9.07768440305,3.59663218298e-07,0.00106711021529,8.84377823658,2.49732862824e-06,0.00261187748583,8.65013981448,2.28074031003e-06,0.00328971179734,8.08870074373,2.98156441058e-05,0.0138434602166,8.30990457834,1.31944850111e-05,0.00840077475871,4.6658106246,0.164586304562,0.347894217291,8.25533100701,2.18078343441e-05,0.0105074038954,9.58094483475,2.33292552537e-08,0.000193796390533,5.21986480093,0.0596458723859,0.291963988679,7.29029622134,0.00032410117235,0.0672012718719,8.42276859005,8.56156258328e-06,0.00666270769273,5.15199761018,0.0584495514373,0.173117262665
unguided,1,0.48,0.489999979734,predicted,Actual proposal support boundary; monitored coordinates are pre-native endpoint forecast,True,50,-3.62648324731,1.74019421222,-0.00153243526459,-0.0758523837113,-0.0727078396344,0.0463426571273,6.86514484099,6.30408731619,0.380139394732,-0.488791268777,1.73159990441,0.182406532135,0.269960805151,0.26230961647,0.257387851879,0.203858210133,4.50391644593,0.207267769461,0.667887930977,9.27253098168,2.7647591896e-07,0.000771906112643,8.73516452725,5.32932345873e-06,0.00360638422974,9.60509871762,2.30837071126e-08,0.000188441212112,8.29662710611,1.19633620562e-05,0.00869805647302,10.2370990171,9.8219124894e-10,2.31842436276e-05,8.93567136881,1.10382193936e-06,0.00177180017377,8.29613352489,2.84189112486e-06,0.00625811947049,9.07974862157,3.55705108469e-07,0.00105998999463,8.8475824113,2.44945325089e-06,0.00258562455928,8.64831792506,2.31372433811e-06,0.00331135906147,8.08281625852,3.05416841307e-05,0.0140216652449,8.30599700505,1.34157543191e-05,0.00847703215699,4.66890162622,0.164147647006,0.348599147326,8.25875615672,2.14632223567e-05,0.0104338653213,9.57929956532,2.36141369465e-08,0.000195252712251,5.21510425309,0.0600146266063,0.292208053219,7.29366550556,0.000319774423471,0.066818641669,8.42594107384,8.43305818018e-06,0.00661285509908,5.15080089909,0.0584948912345,0.17316061277
unguided,1,0.49,0.5,predicted,Actual proposal support boundary; monitored coordinates are pre-native endpoint forecast,True,50,-10.8165236812,1.85089386277,-0.00390554174423,-0.0718916976833,-0.0729697162175,0.0458502229698,6.86605630522,6.30569527916,0.380898735584,-0.484347001921,1.72865498843,0.182351678715,0.269941826399,0.262328985518,0.257409604411,0.203829541191,4.50746789924,0.206516975633,0.66815479665,9.26754407922,2.82795313447e-07,0.000783284863343,8.73577402686,5.32387308813e-06,0.00360271492101,9.60395155512,2.31870119115e-08,0.000188931967054,8.29838326092,1.18393293709e-05,0.00866040544252,10.2374550712,9.81404350476e-10,2.31599828329e-05,8.93915617465,1.08782813931e-06,0.00175529448973,8.2925226777,2.89248094419e-06,0.00632450006343,9.08198747624,3.5203823796e-07,0.00105295167909,8.8474184138,2.46376539075e-06,0.00258974986236,8.64993970037,2.27931308069e-06,0.00329216060547,8.08151793819,3.07403211578e-05,0.0140622263309,8.30254465581,1.36387102577e-05,0.00854760833078,4.6683981703,0.164297310925,0.348764954636,8.261841214,2.11870310026e-05,0.0103660590286,9.58047994388,2.34657394323e-08,0.000194518248041,5.20897538936,0.0604978882776,0.292627001052,7.29939713323,0.000311955493574,0.0661967121395,8.42621196145,8.42887201743e-06,0.00660947634022,5.14894510672,0.0585817097437,0.17330216662
gradient_zero,0,0,0.00999999977648,predicted,Actual proposal support boundary; monitored coordinates are pre-native endpoint forecast,True,50,-5.83015947744,0.851918323769,-0.114538376179,-0.0252743298197,0.241921381626,0.0479799387969,6.09461169479,6.4319467951,0.151407869475,-0.50718948568,1.99170087274,0.177738579177,0.259902040295,0.28205869949,0.262445673256,0.218734276407,4.68770080642,0.187562455354,0.719759296581,9.79690654632,1.25119978842e-08,0.000124550727314,9.21591622496,2.16574565103e-07,0.000802571352243,9.33763715448,1.7403762185e-07,0.000555133549237,8.29065560453,1.46433554864e-05,0.00915696259793,9.84295700201,2.17401408814e-08,0.000139395873215,9.25030608422,1.58191204318e-07,0.000653959107578,8.20033516942,4.98225074453e-06,0.00847642881374,9.36545726096,7.18910287929e-08,0.000389052924839,9.02691166594,1.10816168864e-06,0.00159976337035,8.53104194774,3.52994724222e-06,0.00441293286669,8.18708932643,1.45958229784e-05,0.0108661352952,8.54150391399,6.10411707595e-06,0.00474415462639,4.49282952854,0.200679116529,0.372668699915,8.4228997029,1.62304307008e-05,0.00716431998994,9.38569769968,9.59958920739e-08,0.000416634851322,5.23827294463,0.0535977057573,0.28208027266,7.38086114549,0.000242018592613,0.0565843732003,8.77156561211,1.51939479886e-06,0.00258988914267,5.57201629038,0.031151103695,0.194863948854
gradient_zero,0,0.01,0.019999999553,predicted,Actual proposal support boundary; monitored coordinates are pre-native endpoint forecast,True,50,-14.3011930222,0.872071682548,-0.0906355522537,-0.0222573799276,0.169121293697,0.0435306611156,5.78423709106,6.110488716,0.00710234270592,-0.435626495604,1.89801716198,0.186786002141,0.272001143404,0.292625586167,0.269175342694,0.21283313814,4.61713726244,0.202043279897,0.725970934893,9.84145650731,9.90344794251e-09,0.000106939613229,9.37160742203,9.93257959899e-08,0.000486136328639,9.31666912297,2.02825642272e-07,0.00060649700091,8.3089441635,1.18643029097e-05,0.00872778385751,9.82690192102,2.62681677418e-08,0.000156256838411,9.29433461255,1.17203071012e-07,0.000549810502161,8.18998689328,5.24421447008e-06,0.00867080509071,9.39767439596,6.94208586729e-08,0.000361305697001,9.1358686958,5.65154626042e-07,0.00112763952317,8.61925935062,2.55120404441e-06,0.00348925946195,8.27229587688,9.80439453807e-06,0.00878894761479,8.59656019986,4.2383903035e-06,0.00404560705928,4.51713738931,0.192854079115,0.372417974026,8.64308968173,5.64575495072e-06,0.00432779257273,9.31487149018,1.91919853257e-07,0.000589227981373,5.27600470014,0.0540093838495,0.288756902543,7.33312678012,0.000274470790922,0.0624707149009,8.81554745005,9.57820500041e-07,0.00217917108419,5.54169814806,0.0311763372756,0.184116293963
gradient_zero,0,0.02,0.0299999993294,predicted,Actual proposal support boundary; monitored coordinates are pre-native endpoint forecast,True,50,-8.14612510277,0.880653169283,-0.0843490360642,-0.00370263490915,0.106874757681,0.0454958434092,5.78762853216,6.11566403123,-0.0457870779655,-0.429383789595,1.85767103689,0.188286741005,0.270867624383,0.292594630525,0.268431953739,0.213199626912,4.62329327464,0.198625975112,0.724195924102,9.79864438041,1.29466894914e-08,0.000126581025968,9.40423477079,8.70599828386e-08,0.000440844282796,9.27520415032,2.47566974921e-07,0.000693635765949,8.25468692158,1.51781876198e-05,0.00984134141893,9.81874949927,2.79395391968e-08,0.000162571399343,9.28920023758,1.15481587802e-07,0.000552561333035,8.17912881155,5.50250332385e-06,0.00891550810225,9.36834008276,7.75250015757e-08,0.00039402012198,9.16294295741,4.52913692403e-07,0.00102201164451,8.65113145687,2.28102368467e-06,0.00322090483579,8.2939088619,8.84843457142e-06,0.00830434026088,8.60078405808,3.80755061215e-06,0.00394674963077,4.5391318689,0.189085486215,0.367450408753,8.70910144161,3.74830371952e-06,0.00364962455978,9.29361328358,2.32458850497e-07,0.000653707949384,5.28169482968,0.0557529864307,0.297708567331,7.30920080617,0.000295421643186,0.0655097279235,8.80354619515,9.7903868302e-07,0.00224681469322,5.48547860891,0.0343944872476,0.185923488191
gradient_zero,0,0.03,0.0399999991059,predicted,Actual proposal support boundary; monitored coordinates are pre-native endpoint forecast,True,50,-1.20768166087,0.914568221744,-0.079182031002,0.0290351903057,0.0497870668507,0.0463762949898,5.91118531308,6.18179778522,-0.0495614226839,-0.413583268627,1.90107285398,0.188305767674,0.268466613902,0.289086703455,0.266233884173,0.213581669764,4.64047294845,0.191197515731,0.720136090366,9.71884702465,2.20225171667e-08,0.000173732783652,9.3703074864,1.05901055702e-07,0.000495037498434,9.26929181219,2.30794757412e-07,0.000686387624652,8.21862543603,1.8216649368e-05,0.0105933496829,9.80948735323,3.0623161419e-08,0.000171855129634,9.25020347068,1.38550781709e-07,0.000624770814116,8.1758339282,5.3855669187e-06,0.00893544094878,9.32682621718,9.51301302824e-08,0.000455016308265,9.15633460547,4.86344586774e-07,0.00105880357537,8.684514978,2.02802648776e-06,0.0029728544016,8.28885660472,8.83483252296e-06,0.0083742914324,8.58311073822,3.61620795858e-06,0.00406224689152,4.56319524463,0.1846321916,0.364871068425,8.69534198195,3.96921398497e-06,0.00379083845181,9.2797731288,2.61843534909e-07,0.000699697432955,5.26317028861,0.0590967314335,0.30843409283,7.30010092147,0.000301225022521,0.066893257885,8.74437379266,1.34885655096e-06,0.00269522912915,5.42115368121,0.0385697449759,0.184472282327
gradient_zero,0,0.04,0.0499999970198,predicted,Actual proposal support boundary; monitored coordinates are pre-native endpoint forecast,True,50,9.94748828195,0.941145370959,-0.0719111965561,0.0649297469473,0.041535105381,0.0486414481234,6.04057240828,6.20498626849,-0.0547834912789,-0.418257689009,1.92911795098,0.188450967522,0.266010583086,0.287015935566,0.265089674817,0.214058198742,4.64443080977,0.186907723186,0.72085866217,9.65851624538,3.3673707487e-08,0.000220980221614,9.37334537797,1.04242768249e-07,0.000489532548815,9.24013818739,2.53235456309e-07,0.000740681582471,8.23435946146,1.70687604121e-05,0.0101805365879,9.78771141021,3.56306016176e-08,0.000188701617752,9.23802774247,1.45822006165e-07,0.000648498398387,8.18865291631,4.97771774073e-06,0.0085882149139,9.30042633554,1.1078182596e-07,0.000502491739453,9.1415124268,5.25903611655e-07,0.00110966961446,8.69168912708,2.07558574866e-06,0.00295891045567,8.26299251824,1.00579117366e-05,0.00892520666911,8.54520220641,4.0895672018e-06,0.00446670707762,4.58495816532,0.180827323296,0.368147797164,8.6846829464,4.16496032824e-06,0.00389445826208,9.25821767177,3.00140670414e-07,0.000761726528969,5.24829493032,0.0615151268712,0.315901981166,7.29368413908,0.000311727379364,0.0675827582676,8.73193524877,1.50611717956e-06,0.00282134898161,5.38784351259,0.0408308579477,0.180110961503
gradient_zero,0,0.05,0.0599999986589,predicted,Actual proposal support boundary; monitored coordinates are pre-native endpoint forecast,True,50,10.9061590071,0.971729006633,-0.0637710927391,0.0925688933945,0.0366479846573,0.051222965432,6.16051260297,6.23621877093,-0.0658830894195,-0.41832773233,1.96999301026,0.188541051923,0.263056485815,0.283875342132,0.263359447018,0.215653008061,4.64671139029,0.183472850971,0.720696172227,9.62689323053,4.08181196578e-08,0.000247343081178,9.38589053242,9.46226657808e-08,0.000464523718827,9.20298469138,2.88914722013e-07,0.000824385039979,8.2455799993,1.62963371367e-05,0.00989184436802,9.78625766099,3.61083526727e-08,0.00019047401715,9.23837779917,1.41837507218e-07,0.000641015474049,8.1979150901,4.72168248973e-06,0.00835284295081,9.27752709118,1.26586847433e-07,0.0005476442147,9.11644212469,6.04715590074e-07,0.00120253981459,8.69970683712,2.06674420336e-06,0.0029263562688,8.23272823733,1.16193805081e-05,0.00961689625188,8.52195606944,4.31728058431e-06,0.00472154132097,4.60415746053,0.177476812992,0.36857778189,8.66069077126,4.7543271621e-06,0.00414628179266,9.23900004901,3.35668791377e-07,0.000816841013494,5.24270423311,0.0631832693709,0.320763324355,7.28815294443,0.000317809109402,0.0683460041744,8.73830114068,1.51531866111e-06,0.00278164711236,5.3547731893,0.0428158272641,0.176908934855
gradient_zero,0,0.06,0.070000000298,predicted,Actual proposal support boundary; monitored coordinates are pre-native endpoint forecast,True,50,3.76924017171,0.981284680766,-0.0647103904152,0.0993036686993,0.0448590954876,0.0522060710309,6.22367777844,6.32289545519,-0.067106367796,-0.425164580795,2.07577644871,0.188734396855,0.261084841039,0.280878896953,0.260662174655,0.216546614971,4.65806963334,0.180551648514,0.719354724212,9.63808674091,3.83455697299e-08,0.000237495811451,9.36062873473,1.03082287117e-07,0.000499618506645,9.19060601235,2.83019614365e-07,0.000842916365976,8.23641153877,1.75134754696e-05,0.0100842400114,9.77469871558,3.84402276818e-08,0.000198338872556,9.22574695089,1.51997706021e-07,0.000666774474486,8.19849448036,4.72755871044e-06,0.00834726051315,9.26170247085,1.39342940528e-07,0.000583874319838,9.08913435082,7.3970341316e-07,0.00132495645359,8.7087120484,1.98711780645e-06,0.00286108410119,8.20829559702,1.31570203734e-05,0.0102132764588,8.54272840846,3.77624974364e-06,0.00443893892576,4.60111188858,0.178768587892,0.367785051092,8.60986420753,6.41197611903e-06,0.00471544175043,9.23177509275,3.48075451521e-07,0.000838618635519,5.27449147696,0.0610559413999,0.323086036839,7.29102804395,0.00031205136066,0.0681663830699,8.73371143007,1.57541137008e-06,0.00282517329879,5.3303817745,0.0445946312845,0.173451427218
gradient_zero,0,0.07,0.0799999982119,predicted,Actual proposal support boundary; monitored coordinates are pre-native endpoint forecast,True,50,-5.02729458912,0.966827395908,-0.0697406147385,0.0998258781052,0.069828585062,0.0539416631046,6.32004146477,6.37998248591,-0.0612185267094,-0.436382152869,2.18017980074,0.187851785429,0.259181191807,0.277283495522,0.257887613477,0.218055289513,4.66806534595,0.178621471006,0.717587340411,9.65573393455,3.54122995567e-08,0.000224406830159,9.31800301261,1.24499625595e-07,0.000571538666915,9.1689515017,2.98780013358e-07,0.00089179241537,8.22863062992,1.95110434999e-05,0.0102635581441,9.76236882949,4.04801227399e-08,0.000205449087224,9.2077201568,1.66365250495e-07,0.000706752340378,8.20478101017,4.6526247171e-06,0.00823298270824,9.25754425952,1.42664493617e-07,0.000597447392794,9.06574128281,8.70347833055e-07,0.00143279060024,8.70517904247,1.98749368512e-06,0.00288307431791,8.19467622397,1.38644660653e-05,0.0105305804613,8.56416299863,3.31745596546e-06,0.00416470439611,4.58956422529,0.18187874993,0.36761368332,8.5650777049,8.15456418425e-06,0.00523941144606,9.23115617578,3.40897965043e-07,0.000836868925732,5.30455605961,0.0587099983384,0.324596385512,7.30376399126,0.000295151905856,0.0668012427547,8.71247739174,1.85984965936e-06,0.00303610979766,5.3290129131,0.0453518209343,0.169484754406
gradient_zero,0,0.08,0.0899999961257,predicted,Actual proposal support boundary; monitored coordinates are pre-native endpoint forecast,True,50,0.740642313476,0.975056001028,-0.0660301302338,0.0954683959103,0.0843390378094,0.055808888316,6.36089053819,6.51088199534,-0.0360968501001,-0.441309450315,2.28328526369,0.186278005331,0.258793979223,0.274367109511,0.255146988818,0.217957309002,4.67460920667,0.177579967276,0.715904630741,9.66095790417,3.55242583205e-08,0.000223050453605,9.26001237192,1.84611155179e-07,0.000706536027722,9.16373270081,3.01607336861e-07,0.000904620557287,8.19420989392,2.41816163082e-05,0.0110574414055,9.71962484867,5.07718724478e-08,0.000236931672487,9.18669084519,1.95067699373e-07,0.00076800974166,8.21146928345,4.49424802828e-06,0.00808914908563,9.24439730996,1.50616510106e-07,0.000623893775586,9.04858199123,9.5336741791e-07,0.00150685281631,8.69870466453,2.06829401747e-06,0.00295426561405,8.17178512701,1.52785059339e-05,0.0111160319508,8.58139335393,3.05456123746e-06,0.00397239456412,4.59257185841,0.182158069879,0.367358599205,8.53144739095,9.34577337029e-06,0.00564147740722,9.204985705,3.8714065412e-07,0.000908306112033,5.34379483543,0.0552521180053,0.322408711815,7.30077821366,0.000297640585641,0.0672269280033,8.68424151336,2.32930201199e-06,0.00333239054568,5.31615561434,0.0465377042208,0.166651180513
gradient_zero,0,0.09,0.0999999940395,predicted,Actual proposal support boundary; monitored coordinates are pre-native endpoint forecast,True,50,5.60325602537,0.957372076673,-0.0663290666008,0.089649697504,0.106748346064,0.0586067875652,6.40379774202,6.57267674131,-0.0214285722242,-0.440686765959,2.35083286771,0.185556795501,0.259093803219,0.27210396949,0.253426202065,0.217728640607,4.67254523331,0.178487110644,0.714080322375,9.66821725989,3.45095502197e-08,0.000218933681388,9.18686683445,3.46727158061e-07,0.000937536743871,9.15330034645,3.15014184402e-07,0.000934316249622,8.19174341655,2.5257398469e-05,0.0111059298822,9.69589121155,5.71963455466e-08,0.000255548240655,9.1717689253,2.34336262621e-07,0.000822978462429,8.21572288513,4.44508160088e-06,0.00802144637786,9.24534239565,1.49170221702e-07,0.00062268452644,9.02898016506,1.06746566436e-06,0.00159521600025,8.68666565147,2.20277459302e-06,0.00306870168244,8.15922413321,1.60315398627e-05,0.0114401567732,8.59852636902,2.8609530559e-06,0.00379763222884,4.5908125083,0.183421503227,0.368329375126,8.50008617127,1.06498154063e-05,0.00603501824341,9.1877687756,4.19492100398e-07,0.000957647390754,5.37088201596,0.0527885019827,0.320227169967,7.30297448892,0.000296533209751,0.0669155938243,8.65226491193,3.12554584561e-06,0.00370812340385,5.31793625371,0.0465982088343,0.164733540821
gradient_zero,0,0.1,0.109999999404,predicted,Actual proposal support boundary; monitored coordinates are pre-native endpoint forecast,True,50,13.4167117702,0.999162094219,-0.0706526444817,0.0769887792683,0.121194369469,0.0607343361755,6.42207072748,6.58310455407,-0.0120637989402,-0.433385358427,2.37462947576,0.186179776803,0.259332333452,0.270255032934,0.252547646861,0.218318337391,4.67385846031,0.179318656487,0.714377413232,9.68274599491,3.19274319016e-08,0.000208473100695,9.10485394834,6.83474323059e-07,0.00127219039149,9.14830867329,3.23729405634e-07,0.000951604783854,8.19032519492,2.59132791918e-05,0.0111450697956,9.68088664959,6.19381162965e-08,0.000268668731514,9.15943188653,2.89127566349e-07,0.000880593465619,8.21453624227,4.51894242067e-06,0.00807341568542,9.25318602815,1.42730943282e-07,0.000607136292853,9.0227014093,1.10205869822e-06,0.00161863209409,8.67231947685,2.35159922165e-06,0.00319598561031,8.1594233646,1.60003726712e-05,0.0114289928691,8.62247047737,2.59094190366e-06,0.00356034186967,4.58463883978,0.185382896838,0.367828019608,8.48371781772,1.11649285315e-05,0.00624707520413,9.1773988886,4.44205861198e-07,0.000991540030904,5.38976319681,0.0509661495,0.318625272274,7.30639962371,0.000294976169342,0.0663990117481,8.62055414495,4.19108404202e-06,0.00410057687955,5.32056206057,0.0466338411029,0.163452448988
gradient_zero,0,0.11,0.119999997318,predicted,Actual proposal support boundary; monitored coordinates are pre-native endpoint forecast,True,50,28.2352292906,1.05030786219,-0.072557523098,0.0603382157898,0.128101303849,0.0620540003318,6.43073629149,6.58883516524,0.00361187220129,-0.422658603501,2.40895236782,0.186893365458,0.259898259898,0.268745680565,0.252278755215,0.218346510763,4.67146996849,0.181145483068,0.714007627573,9.69555962711,2.99373363282e-08,0.000200127200524,9.00885029976,1.33889575166e-06,0.00175550568694,9.14692918036,3.29915595844e-07,0.000961099860943,8.18388270375,2.69341185033e-05,0.0112928800902,9.68344299919,5.98732982261e-08,0.000264159606873,9.13687765373,3.80056499906e-07,0.000978150664453,8.21264680219,4.61746818686e-06,0.00814300494736,9.25910499274,1.37803132377e-07,0.000595226707907,9.01959238534,1.12591415761e-06,0.00163166691483,8.66081318136,2.49764234749e-06,0.00330465591012,8.15775231767,1.61149727643e-05,0.0114722151946,8.64725962661,2.33677876847e-06,0.0033303063827,4.58144966061,0.186727010729,0.366891054376,8.47040534978,1.13964121566e-05,0.00643905674567,9.17396820111,4.45070984654e-07,0.000999883523013,5.41417249102,0.0487501996901,0.31575428605,7.30570091168,0.000297566132357,0.0663874810994,8.57643355552,5.8288772372e-06,0.00464958669899,5.32268692097,0.0467570239896,0.162243873805
gradient_zero,0,0.12,0.129999995232,predicted,Actual proposal support boundary; monitored coordinates are pre-native endpoint forecast,True,50,29.9961273871,0.997415134366,-0.0707213018799,0.0459782790756,0.139548997555,0.0616021458488,6.41503516289,6.56206352092,0.027835653714,-0.414333455906,2.42305433826,0.188157062603,0.261116163042,0.268003517936,0.252815851894,0.217647635224,4.66322666038,0.184387835156,0.715194261317,9.70609308837,2.84444325112e-08,0.000193792087838,8.954694893,1.92853162426e-06,0.00208837010731,9.15599120283,3.17658426039e-07,0.000936610799743,8.18739789018,2.66703519801e-05,0.0112166551503,9.68457110434,5.98084957517e-08,0.000263859631294,9.12707186034,4.45674996169e-07,0.0010338417156,8.21762922435,4.56440528888e-06,0.00804834504253,9.25938943498,1.38781572977e-07,0.000597565219428,9.01708017093,1.15128697186e-06,0.00164594467459,8.6492672465,2.6247171158e-06,0.00340700695283,8.15063257383,1.66638839866e-05,0.0116665132497,8.65960604342,2.29647641881e-06,0.00323614177323,4.58150338917,0.18728094332,0.367652751997,8.46433427622,1.13502483389e-05,0.00654127780518,9.1696388807,4.60979059675e-07,0.00101673490015,5.44145748542,0.0462596038857,0.312347643491,7.30838467554,0.000295075086898,0.0660107848821,8.56065164329,6.64411091755e-06,0.00486563426288,5.32901949645,0.0465493406249,0.160435934479
gradient_zero,0,0.13,0.140000000596,predicted,Actual proposal support boundary; monitored coordinates are pre-native endpoint forecast,True,50,33.4195960657,1.00694665012,-0.0665512798691,0.0372698711967,0.142807073269,0.0613988259684,6.35512676107,6.51147173742,0.0442332928251,-0.403283535539,2.42081021056,0.189460913485,0.263234718373,0.268857581625,0.254136171644,0.215825773347,4.6512467086,0.188339134192,0.716825440732,9.71581086906,2.73561809632e-08,0.000188591087741,8.94217525282,2.16172066925e-06,0.00219171719218,9.1581680803,3.19854247421e-07,0.000937420626519,8.18797921804,2.66901074789e-05,0.0112087539932,9.664809724,6.81570803422e-08,0.000285321163014,9.13219072494,4.59786128743e-07,0.00103054948438,8.22324814707,4.46777606196e-06,0.00791791885532,9.25790965094,1.39856692589e-07,0.000601469088727,9.03654295595,1.04086561934e-06,0.00155687633008,8.64723573027,2.60166673782e-06,0.00341420774805,8.14292673348,1.75475951796e-05,0.0118906661122,8.6647448,2.3815802961e-06,0.0032170963554,4.59051602002,0.185962985275,0.370936626504,8.4907040148,9.69819219391e-06,0.00617031061544,9.15399388601,5.10636003469e-07,0.00107471503363,5.46649494672,0.0440586350757,0.309783503096,7.30455848007,0.000301390402532,0.0663005797115,8.56667492409,6.58326558662e-06,0.0047970403495,5.34063057771,0.0460807949113,0.159148850273
gradient_zero,0,0.14,0.149999991059,predicted,Actual proposal support boundary; monitored coordinates are pre-native endpoint forecast,True,50,38.4616332434,0.968902086993,-0.0659338973427,0.034535731039,0.135379939947,0.0608990883656,6.34164588898,6.47579051983,0.0516157840767,-0.39321303069,2.43537570564,0.190053271775,0.265111692082,0.269631965474,0.254451760896,0.21414193329,4.63960194948,0.19130387278,0.713888683209,9.71552756413,2.75868322203e-08,0.000189406359556,8.92155595497,2.44123360412e-06,0.00232859750802,9.14786391985,3.45345221724e-07,0.000976149111214,8.18158577332,2.70673989651e-05,0.0113780717423,9.68734474105,6.11471842918e-08,0.000266527580838,9.13132863501,4.71267170485e-07,0.0010365339028,8.22010715143,4.54913267834e-06,0.00799201477551,9.25594419959,1.43179250917e-07,0.000607166491355,9.04090195271,1.02632596611e-06,0.00154228434797,8.65126814563,2.505228267e-06,0.00336686189962,8.13203046341,1.87665667786e-05,0.0122146135468,8.67377542169,2.33038364341e-06,0.0031450091319,4.59854359447,0.185006323058,0.372602315209,8.49588466653,9.27355593575e-06,0.00610452960651,9.16520623471,4.84785044475e-07,0.00104036016281,5.47866217549,0.0429702092911,0.308486681983,7.30333087927,0.000305718318534,0.0662284265626,8.56191501845,6.80047701006e-06,0.00484922201287,5.33526018551,0.0463478987948,0.159157486537
gradient_zero,0,0.15,0.159999996424,predicted,Actual proposal support boundary; monitored coordinates are pre-native endpoint forecast,True,50,65.4905739167,0.994707449218,-0.066038653698,0.0269390785313,0.112756238852,0.0603440423753,6.38832181964,6.41493168729,0.0508146672108,-0.389558729564,2.46095974587,0.190317933719,0.266836261805,0.270083595732,0.253898413712,0.21289455238,4.63027869379,0.193427122983,0.708149531956,9.72094195607,2.67224990761e-08,0.000185916394315,8.88998659518,2.80048127677e-06,0.00251616946187,9.13978018665,3.61562653721e-07,0.00100238293257,8.157292961,3.00827092349e-05,0.0119757243565,9.72912364379,5.04131365926e-08,0.000235615827663,9.11024581279,5.20197053922e-07,0.00110018650811,8.21616117559,4.64283142092e-06,0.00807991231542,9.25229758443,1.46196249094e-07,0.000614563654884,9.01627283694,1.18336895745e-06,0.00166562478655,8.65799073915,2.43940132545e-06,0.00330872899707,8.12659477174,1.9616408099e-05,0.012382463413,8.69072082345,2.14646446076e-06,0.00298791262559,4.60381986439,0.184318124494,0.372761942274,8.46198935093,1.07805889611e-05,0.00660446159423,9.19313374149,4.30407331047e-07,0.000961863670031,5.49259135688,0.0419620516089,0.309360510385,7.29630389334,0.000316093294548,0.0669153824454,8.54197690364,7.38628740833e-06,0.00507059012413,5.3254505195,0.0470348272795,0.159048218517
gradient_zero,0,0.16,0.170000001788,predicted,Actual proposal support boundary; monitored coordinates are pre-native endpoint forecast,True,50,52.9538589876,0.992719863503,-0.0622137950325,0.0547240888691,0.0931184312439,0.0614107673552,6.39927431845,6.34652306502,0.0409179073733,-0.402754391238,2.48047845991,0.190165029118,0.269193285043,0.271757912192,0.254556609387,0.211162436575,4.61725590755,0.195382754257,0.704379508125,9.71947858407,2.70392482104e-08,0.000187004929858,8.90599775622,2.59293030081e-06,0.00241651274404,9.10611522075,4.28508970369e-07,0.0011110949102,8.12566910133,3.55141023338e-05,0.012758337517,9.76992694618,4.35748515909e-08,0.000213388096168,9.12352633907,4.90886488477e-07,0.0010586068805,8.21919238735,4.54013716031e-06,0.00799298131769,9.24216146457,1.52006330089e-07,0.000632083824818,9.02251454645,1.15958315464e-06,0.00164422969906,8.66907175605,2.26355217344e-06,0.00321498798802,8.10606208742,2.18366082296e-05,0.012995192883,8.68371267379,2.1697834945e-06,0.00302623800075,4.61518312874,0.182413760611,0.375224043226,8.48291684445,9.61102186377e-06,0.00629644294262,9.22218086401,4.02854553431e-07,0.000900148511761,5.49184760721,0.0421306636572,0.313043201128,7.28570903823,0.000333059024652,0.067947029754,8.55605905212,6.92181372503e-06,0.00488603753944,5.32249243509,0.0474187536324,0.160030018989
gradient_zero,0,0.17,0.179999992251,predicted,Actual proposal support boundary; monitored coordinates are pre-native endpoint forecast,True,50,43.8321594052,0.979644280232,-0.0552562449837,0.0856559347725,0.0719347366428,0.0597449822886,6.46425583236,6.23998067445,0.0362680486017,-0.40160734018,2.45286633597,0.18910639972,0.271394258277,0.273904592449,0.255648956695,0.20878790468,4.58645019269,0.198439524587,0.69821948148,9.69981809908,2.92600727391e-08,0.000198062613925,8.927443706,2.33852844282e-06,0.00228603261947,9.08024027593,4.86543235755e-07,0.00120213446171,8.14906576792,3.13679914523e-05,0.012156039621,9.83311071875,3.31589605061e-08,0.000178792057621,9.12598842291,4.84575292464e-07,0.001051007527,8.22124674718,4.47201311656e-06,0.00793677755179,9.23281070188,1.57732527876e-07,0.000650467605066,9.01930092807,1.16653551692e-06,0.00165830832959,8.67471576319,2.26530816821e-06,0.00318900113735,8.07151048197,2.63114367103e-05,0.0140974497429,8.65932773804,2.34037638178e-06,0.00320519146683,4.64292969552,0.17714846278,0.379639822391,8.48916550009,9.15856552105e-06,0.00621012135801,9.25874593316,3.65515868614e-07,0.000823579049474,5.46969803475,0.0440136265794,0.319387156748,7.28474861519,0.000336548090909,0.067920537315,8.57399325735,6.19835610795e-06,0.00466767339113,5.30881772415,0.048400231615,0.160502456608
gradient_zero,0,0.18,0.189999997616,predicted,Actual proposal support boundary; monitored coordinates are pre-native endpoint forecast,True,50,45.9898709255,1.00670477099,-0.0557256840134,0.100122484825,0.0486028471327,0.0562530468188,6.6157829003,6.16217142543,0.0481477677879,-0.39691180462,2.44927344945,0.186291282081,0.272990728919,0.274060150755,0.256613145458,0.206129035503,4.57331603954,0.195204125105,0.695755257239,9.6899007233,3.11788140427e-08,0.000205024819728,8.90491825721,2.57541094408e-06,0.00241646692707,9.05695455278,5.42240068001e-07,0.00128152489525,8.15542776316,3.02368043095e-05,0.011979580395,9.77194376712,5.13788735064e-08,0.000233219511675,9.10277745028,5.48668898753e-07,0.00113108878362,8.21836552839,4.46941442837e-06,0.0079874620738,9.23208587285,1.55636705833e-07,0.000649377006479,9.0013441721,1.25915928176e-06,0.00174060912681,8.67551205013,2.25092469559e-06,0.00317913401896,8.03221497968,3.22715669848e-05,0.0154610049853,8.63566812266,2.51359732931e-06,0.00339515471356,4.6660180371,0.171460743998,0.382582726187,8.46698505918,9.78086908397e-06,0.00653990047623,9.24665568228,4.62513256401e-07,0.000908610687287,5.44220695877,0.0461428637961,0.323600128356,7.28994283148,0.00033162478626,0.067190914798,8.56262111479,6.34620051076e-06,0.00478839830787,5.31767817387,0.0481802423095,0.162234244998
gradient_zero,0,0.19,0.199999988079,predicted,Actual proposal support boundary; monitored coordinates are pre-native endpoint forecast,True,50,46.0921387323,1.02827144524,-0.0551681064034,0.0864594317591,0.0228141727781,0.0529198940542,6.74079283825,6.10074004186,0.0697323635569,-0.381704797248,2.40488004135,0.184359118327,0.272103062878,0.275367120424,0.257033037706,0.203643794028,4.57128975625,0.192396570824,0.695307079574,9.66669543111,3.45790828189e-08,0.000220769470293,8.87195065718,2.97040437268e-06,0.00261903290697,9.0834212983,4.50788462391e-07,0.00116281602657,8.1681539541,2.74171431326e-05,0.0116714125936,9.72360418467,6.95201571649e-08,0.000280398862209,9.07040543114,6.42634687489e-07,0.00124317835615,8.22017446092,4.30677821516e-06,0.0079034858519,9.22081004147,1.67202629876e-07,0.00067730219341,8.97307767004,1.43810622506e-06,0.00187954832535,8.67577360596,2.1759855579e-06,0.00315218426701,8.01372195716,3.54053278148e-05,0.0161760050754,8.62386112159,2.59139938169e-06,0.00348679170167,4.68725707006,0.165940901753,0.385518874855,8.43456243304,1.09586916685e-05,0.00704818164584,9.22845427243,5.50409298028e-07,0.000991434513149,5.42220344882,0.047705058538,0.325516624061,7.28836012191,0.000335776997434,0.067236974234,8.53955666758,6.7103269698e-06,0.00504755087943,5.29245754208,0.0493166295903,0.161265245404
gradient_zero,0,0.2,0.209999993443,predicted,Actual proposal support boundary; monitored coordinates are pre-native endpoint forecast,True,50,40.9137747729,1.09632745934,-0.043589587059,0.052727261073,-0.0108919754887,0.0524179593911,6.83168719014,5.9828210339,0.102287495589,-0.359486769107,2.30108823508,0.183209944448,0.272938911536,0.277732044636,0.258179414693,0.200511931622,4.55185440374,0.194907188646,0.693668387914,9.61749105619,4.46884019073e-08,0.000262634588652,8.82726009434,3.6503227922e-06,0.00292676418983,9.12927330292,3.66056954212e-07,0.00101327301674,8.19588270094,2.27408564913e-05,0.0109897937586,9.716449879,7.32641307052e-08,0.000289438824459,9.03506275796,7.38414045153e-07,0.00136128292207,8.23354448546,3.95035064083e-06,0.00756059815827,9.20516612065,1.85035230427e-07,0.000719226045304,8.93597820125,1.70890323615e-06,0.00207497658637,8.67803808266,2.09104343701e-06,0.00311744362913,8.0245615527,3.45573168625e-05,0.0158239659409,8.59490201422,3.15477438168e-06,0.00379239987435,4.71748864861,0.158757655033,0.388798307962,8.39287506459,1.27148047175e-05,0.00775839744402,9.21385237629,6.08594430767e-07,0.00104689363436,5.41581479992,0.0479582731925,0.329568466563,7.27491592901,0.000356509035618,0.0685978071469,8.50681298421,7.12711900631e-06,0.00544020467155,5.26212694212,0.0505086513788,0.157096353375
gradient_zero,0,0.21,0.219999998808,predicted,Actual proposal support boundary; monitored coordinates are pre-native endpoint forecast,True,50,40.1348168417,1.05624821546,-0.0315630648994,0.0305083858585,-0.0637725857162,0.0515821215048,6.93807115016,5.85169471137,0.151175858948,-0.337906104992,2.07475522302,0.182607050096,0.271772129424,0.277053945359,0.261990268752,0.198825715684,4.52969329004,0.197144775656,0.687030042341,9.5418979241,6.12027699206e-08,0.000324477380068,8.7930960634,4.25698048914e-06,0.00317899129717,9.18171307133,2.90075139291e-07,0.000867537875125,8.25819667799,1.56080885874e-05,0.00950963774731,9.74128934553,6.48286235117e-08,0.000268514564354,9.0091146279,8.26156987352e-07,0.00145685768788,8.240586049,3.73218961084e-06,0.00736667805607,9.19651413111,1.9414070575e-07,0.000736089031794,8.90977172562,1.91086301909e-06,0.00221886856739,8.68013153627,2.02480183702e-06,0.00308440187887,8.04945467755,3.19171592396e-05,0.0150135160407,8.48898346093,5.24125638436e-06,0.00516861973218,4.74446576353,0.152540333197,0.380123958026,8.35896204742,1.43897454152e-05,0.00837989116127,9.21940616403,5.96980320722e-07,0.00103403319507,5.30376552792,0.0556957725928,0.326098532733,7.27161367782,0.00036041138431,0.0689412576519,8.4837152624,7.42899654011e-06,0.00573180103038,5.24729609763,0.0507797131672,0.164015053276
gradient_zero,0,0.22,0.229999989271,predicted,Actual proposal support boundary; monitored coordinates are pre-native endpoint forecast,True,50,32.3665899259,1.04613791786,-0.0162269328499,0.013230229578,-0.115986841645,0.0466947555571,7.13601600063,5.68205091651,0.215822044081,-0.300565720643,1.75923022284,0.181568180684,0.270789125229,0.274523348206,0.266456633381,0.197482804383,4.50197514829,0.203573429931,0.673464730103,9.35217193783,1.74441692738e-07,0.000601206620903,8.7517054033,5.06601267913e-06,0.00349697763626,9.25319690488,2.07716664204e-07,0.000697920012902,8.34107518641,9.71213642565e-06,0.00776760940937,9.769407989,5.65620201261e-08,0.000246884452521,8.96002466254,1.04132905772e-06,0.00167214207799,8.25676648446,3.41501968531e-06,0.00700765371163,9.18419532164,2.08211503465e-07,0.000764260973546,8.87644272706,2.19883888022e-06,0.0024129802028,8.68217727799,1.99129902378e-06,0.00304704237482,8.07451846517,2.93265209836e-05,0.0142295245439,8.37049601918,9.24259122925e-06,0.0070555026151,4.78391022987,0.143239454373,0.379555192154,8.31127526258,1.74864915516e-05,0.00930946812664,9.23459734535,5.58415694987e-07,0.000993274194999,5.15965096439,0.0656018856234,0.323433007802,7.28406482224,0.000344106683034,0.0673874601238,8.44667815995,8.42057115062e-06,0.00627479944606,5.2109462526,0.0536883628276,0.168724305875
gradient_zero,0,0.23,0.239999994636,predicted,Actual proposal support boundary; monitored coordinates are pre-native endpoint forecast,True,50,35.2189336134,1.09168002115,-0.00286565288544,0.000562068185804,-0.147593417492,0.043693085674,7.25445366366,5.57021227194,0.256428478768,-0.302936945059,1.69382658762,0.181680590663,0.270723215033,0.27450422978,0.267394664301,0.196791729486,4.48824509368,0.206433913594,0.668411763389,9.31663985599,2.09015705437e-07,0.000668699460279,8.71770177217,5.81996751491e-06,0.0037774559951,9.29267509732,1.69029523988e-07,0.000614315799337,8.35961826009,8.66647771004e-06,0.00739902858078,9.83010842761,4.0974268134e-08,0.000202343482184,8.91332975958,1.33076466347e-06,0.00191724622987,8.26943711459,3.23279880744e-06,0.00675511143419,9.17223407635,2.22079599199e-07,0.000792364618879,8.85546203529,2.42965645381e-06,0.00254936442735,8.69198784534,1.92174864307e-06,0.00295908753636,8.07790374808,2.90710604165e-05,0.0141353555778,8.32195152351,1.14809735561e-05,0.00794504643952,4.80236314654,0.138431431927,0.378795349414,8.27843807943,2.03010528173e-05,0.009984558837,9.29193648867,4.08461162448e-07,0.000829985546609,5.13526095083,0.0673317138871,0.323756429694,7.2794790998,0.000347341292984,0.0680112937714,8.41373869752,9.86791324426e-06,0.00678565517289,5.21552690414,0.0536247654539,0.170594941342
gradient_zero,0,0.24,0.25,predicted,Actual proposal support boundary; monitored coordinates are pre-native endpoint forecast,True,50,23.3622526596,1.11026626228,0.00729340330124,-0.00352883342743,-0.16418584558,0.0450258694339,7.2994585279,5.5544500918,0.2859368718,-0.311303825046,1.69104996178,0.181618157371,0.270346943316,0.273704806974,0.267180001348,0.197271864904,4.48227375832,0.207192763329,0.666214541211,9.31349004574,2.12742659487e-07,0.000674128275034,8.70837243363,6.02983165054e-06,0.00385506985593,9.30071127248,1.62292892881e-07,0.000598938911139,8.34720731471,9.28838852073e-06,0.00762775739322,9.8563795343,3.56102124049e-08,0.000185475326621,8.90072311671,1.41325262003e-06,0.0019852122253,8.27950038948,3.07980696757e-06,0.00655458408957,9.14238820116,2.6114905998e-07,0.000873548052973,8.85095654407,2.47706899315e-06,0.00257817354035,8.69324499115,1.9287329499e-06,0.00295604515688,8.06749471789,3.04882058395e-05,0.0144632163852,8.30323857085,1.24633500304e-05,0.00830915268184,4.81802016052,0.135472359383,0.378481699756,8.26859820509,2.11291562564e-05,0.0101974632584,9.30582543225,3.78864850261e-07,0.000794617479105,5.1571363395,0.0658538740686,0.325539795274,7.27581018484,0.000347107216538,0.0686866698345,8.40459867741,1.02023923477e-05,0.00693033694995,5.20799974446,0.0542751302328,0.171475831229
gradient_zero,0,0.25,0.259999990463,predicted,Actual proposal support boundary; monitored coordinates are pre-native endpoint forecast,True,50,17.1116569808,1.21567467995,0.015093722496,-0.0179288208866,-0.176698632863,0.049015157116,7.32256789129,5.5304737956,0.314882213924,-0.321192329412,1.70854575609,0.181874650895,0.270501061627,0.273558894564,0.266982196852,0.197129240081,4.47550144608,0.208464113002,0.664313507826,9.33943338046,1.86432854641e-07,0.000621116380565,8.69180376927,6.4618250555e-06,0.00400189709161,9.29790634714,1.6658520964e-07,0.000607237378271,8.32975671939,1.0234698252e-05,0.00796483977663,9.87345330138,3.25826617044e-08,0.000175495743048,8.89549531515,1.43159256718e-06,0.00200774444673,8.28976624587,2.91042893801e-06,0.00634998820064,9.11164870387,3.09757338684e-07,0.000966629564394,8.84244325336,2.58944285014e-06,0.00263719815988,8.69016909203,1.94763929757e-06,0.00298259244895,8.07032272973,2.98950005771e-05,0.0143689130895,8.30318099446,1.24048524939e-05,0.00830289389202,4.8311973522,0.133039235541,0.378169796482,8.25460184251,2.23572351754e-05,0.0105030793448,9.305450992,3.83469983097e-07,0.000799304678598,5.20237749842,0.0626968852331,0.327053322151,7.27545319185,0.000338107399394,0.0692077086751,8.39264221927,1.06977006902e-05,0.00713021232708,5.21450482382,0.0539889186062,0.172106668212
gradient_zero,0,0.26,0.269999980927,predicted,Actual proposal support boundary; monitored coordinates are pre-native endpoint forecast,True,50,16.8783491526,1.20777329375,0.0142827726936,-0.0273128927135,-0.187835791435,0.0499804062239,7.35889325961,5.51165533954,0.320785372181,-0.326976358321,1.73085177915,0.181941612857,0.270593477741,0.273237157919,0.266713893154,0.196957958588,4.47754341212,0.207620012437,0.662761589921,9.35552867135,1.7250132392e-07,0.000590462182731,8.67907975494,6.79346405602e-06,0.00411427331887,9.29210713615,1.71808126968e-07,0.000619059145716,8.31083713991,1.12512942145e-05,0.00835088887509,9.90073602667,2.81378466756e-08,0.000160157753964,8.88429027744,1.49756075796e-06,0.00206690395509,8.28895762093,2.93106898175e-06,0.0063661806121,9.10300732896,3.24242236492e-07,0.000993772730669,8.83728480909,2.64511791398e-06,0.00267042164592,8.68500011592,2.01173896787e-06,0.0030297553333,8.07384597681,2.93313871169e-05,0.0142574578786,8.31289762142,1.17870068338e-05,0.00809925299878,4.83451324012,0.132230365546,0.377795575354,8.23879599462,2.39508995989e-05,0.0108541398463,9.32180643696,3.53754014199e-07,0.000762051421297,5.22289369712,0.0613358086437,0.328582812261,7.27393505368,0.00033872691805,0.0694400538745,8.38035835493,1.11750801619e-05,0.0073402189681,5.21278729936,0.054218006832,0.17230218846
gradient_zero,0,0.27,0.280000001192,predicted,Actual proposal support boundary; monitored coordinates are pre-native endpoint forecast,True,50,17.5051588594,1.30732297781,0.0153815652466,-0.036033973136,-0.194183947768,0.0495079294678,7.39802011834,5.49424460006,0.324089898721,-0.329245329564,1.7390061812,0.181900784477,0.270754701635,0.272466527946,0.266541806528,0.197078015685,4.48025540751,0.20737282061,0.661345044456,9.3628732036,1.67689351217e-07,0.00057797751643,8.67751900204,6.7992237343e-06,0.00412022756776,9.29474609335,1.69151993887e-07,0.000613345626842,8.29829535771,1.18886312782e-05,0.0086238113242,9.92046439154,2.52814951862e-08,0.000149788948304,8.87371017335,1.53391501989e-06,0.00211723083852,8.29070910605,2.91645894888e-06,0.00633992407716,9.10118965739,3.25012858409e-07,0.000997392379176,8.83238532954,2.66522660649e-06,0.00269516060818,8.67848314334,2.10833662729e-06,0.00309336391485,8.0728977523,2.94355831403e-05,0.0142889482226,8.3178226637,1.1452432356e-05,0.00799226265586,4.83878602244,0.131386310737,0.377646845363,8.22780754066,2.49028097258e-05,0.0111119051633,9.33535228535,3.2998337022e-07,0.000731412713221,5.2318810873,0.0607277933893,0.32911174718,7.27254598753,0.000339184452646,0.0696792108523,8.37023614368,1.12722575036e-05,0.0075283112464,5.21406748092,0.0542088958409,0.1725999429
gradient_zero,0,0.28,0.289999991655,predicted,Actual proposal support boundary; monitored coordinates are pre-native endpoint forecast,True,50,32.3074822931,1.35767275646,0.0206916333771,-0.0372517967606,-0.200157238569,0.0485379454416,7.42082271824,5.48678967476,0.324964793269,-0.324448686111,1.72376131668,0.181866756231,0.270704947316,0.271762394261,0.266500510896,0.19740248878,4.47395599213,0.208317470591,0.659529161818,9.3587048879,1.71407299382e-07,0.000585452575871,8.68816021581,6.47091955632e-06,0.00401420289675,9.29923779876,1.65053501364e-07,0.000604562374756,8.28919899135,1.23448616266e-05,0.00882633966255,9.93330959494,2.35673263511e-08,0.000143344177241,8.86831019876,1.5521735988e-06,0.00214454264907,8.29333837363,2.89295292096e-06,0.00629963752288,9.09781648607,3.27879411626e-07,0.00100462625206,8.82518315192,2.70970566298e-06,0.00273681641015,8.67925160791,2.10742797393e-06,0.00309141915362,8.0682032525,3.00240525442e-05,0.0144364635607,8.31565127005,1.14731156452e-05,0.00802316646582,4.84777267354,0.129783272651,0.377642130186,8.22581106199,2.48029380035e-05,0.0111709144647,9.34074790741,3.20141796676e-07,0.000718616698822,5.23379480847,0.0606413673263,0.329694155264,7.27222602127,0.000337533832505,0.0698156862681,8.37165899654,1.08614488208e-05,0.00751075995088,5.20704395042,0.0546589488875,0.173105917316
gradient_zero,0,0.29,0.299999982119,predicted,Actual proposal support boundary; monitored coordinates are pre-native endpoint forecast,True,50,38.586321543,1.34360570902,0.0160861803627,-0.0395020270729,-0.207867868271,0.0475120302733,7.42425347471,5.47257381869,0.323382837904,-0.317804382185,1.69661081254,0.181916119514,0.27079252858,0.27165348988,0.266778432882,0.197360887464,4.47698105147,0.207353757029,0.658718880606,9.35577049231,1.73623339011e-07,0.000590214455987,8.69599563694,6.24460390859e-06,0.00393898805102,9.29905159589,1.65656469788e-07,0.000605385175229,8.27790382072,1.29445295537e-05,0.00907429425764,9.94901091429,2.16138901234e-08,0.00013577078729,8.87504696608,1.47665505605e-06,0.00209774950856,8.28538514481,3.01413203335e-06,0.00644939478599,9.10229410598,3.19704426119e-07,0.000989596948905,8.82253937626,2.70336824906e-06,0.00274872231536,8.67060682664,2.19974131747e-06,0.00317041257968,8.07457558583,2.92273343779e-05,0.0142377382969,8.323348868,1.09883629385e-05,0.00786326621062,4.84937931916,0.129353342825,0.377548637844,8.22192749412,2.48689239599e-05,0.0112794903635,9.35002971255,3.05917176108e-07,0.000699423984887,5.22919886013,0.0610822461411,0.330725673625,7.2770353761,0.000332121981709,0.0691793009409,8.37806231043,1.01615232399e-05,0.0073946770005,5.19801056665,0.0552914887449,0.173386791279
gradient_zero,0,0.3,0.310000002384,predicted,Actual proposal support boundary; monitored coordinates are pre-native endpoint forecast,True,50,34.3359598479,1.48703463251,0.0106846524811,-0.0373274904871,-0.214046154943,0.046692772849,7.42681944346,5.45799386851,0.308982681426,-0.322352888538,1.67598066098,0.182043791669,0.271024310256,0.271839265904,0.266927659665,0.197245698279,4.48757881294,0.205498688399,0.659541311725,9.35245526569,1.76933018505e-07,0.00059628874593,8.70313603036,6.06221565677e-06,0.00387435313211,9.29112032833,1.72820690529e-07,0.000621089155305,8.26964412835,1.35000733877e-05,0.00925809480294,9.96671713391,1.96203376519e-08,0.000127758113394,8.87755373312,1.46821505812e-06,0.00208635168078,8.27903179614,3.09547962515e-06,0.006562739664,9.10219486062,3.20698840715e-07,0.000990717866765,8.81437334004,2.81110687407e-06,0.0028086031542,8.67055874268,2.16412286068e-06,0.00316119761587,8.08259976594,2.82316241287e-05,0.0139883868784,8.3311984005,1.05185510739e-05,0.00770195324581,4.84613708591,0.129789819888,0.377413077747,8.22091761685,2.49419391253e-05,0.0113034218155,9.36421180383,2.85928417958e-07,0.000671647456442,5.22438982134,0.0615825157761,0.332178643196,7.27963151133,0.000330267573902,0.0687812557271,8.38368624186,9.9021828687e-06,0.00729933721609,5.18990586327,0.0558978836575,0.17362404429
gradient_zero,0,0.31,0.319999992847,predicted,Actual proposal support boundary; monitored coordinates are pre-native endpoint forecast,True,50,32.3187460586,1.50704728224,0.00490407720565,-0.0313821286345,-0.220516932335,0.0472030838756,7.45777515805,5.4505827941,0.305277061497,-0.327030698767,1.68031082222,0.18184906938,0.270783199068,0.271415664064,0.266807704267,0.197441274354,4.50042642509,0.20285150997,0.659563246173,9.34553769069,1.83663170803e-07,0.000609404544341,8.70102167832,6.13059672966e-06,0.00389319896717,9.27668209946,1.85473160742e-07,0.000649514485712,8.26184923801,1.39876237562e-05,0.00943674741321,9.98720861166,1.75393561655e-08,0.000119046621442,8.88124894235,1.42515183435e-06,0.00205899422186,8.27486584781,3.13528594649e-06,0.00663022627347,9.09746166289,3.29877402507e-07,0.00100709813014,8.80775018481,2.9292009946e-06,0.00286305513737,8.67168216518,2.10009016629e-06,0.00313884521411,8.08258048596,2.82307741519e-05,0.0139903011308,8.33049554436,1.05293980483e-05,0.00770955786179,4.84465442396,0.130139818959,0.377586209106,8.21865554347,2.51998418841e-05,0.0113559774104,9.37561354683,2.7220213154e-07,0.000651746065443,5.22040232149,0.0620859304596,0.334127901557,7.28551823201,0.000323489388556,0.0680414462998,8.38105533861,9.9353735878e-06,0.00734687672157,5.18071084161,0.0564770173445,0.173879546454
gradient_zero,0,0.32,0.329999983311,predicted,Actual proposal support boundary; monitored coordinates are pre-native endpoint forecast,True,50,48.26945067,1.58536953897,0.00218901649475,-0.0246852893019,-0.223148160901,0.0468874411344,7.45620157177,5.44867677327,0.304048129209,-0.326557316221,1.65773592843,0.181779648439,0.270776032524,0.271464050609,0.266966775412,0.197525421869,4.50456878293,0.202291035856,0.659359156401,9.33484803112,1.96176099667e-07,0.0006312828926,8.70567521125,6.02277665939e-06,0.00385364212893,9.27343755705,1.87300424575e-07,0.000654852552777,8.25647634639,1.43329719297e-05,0.00956503755662,10.0012455196,1.62155576656e-08,0.000113295269096,8.8932381278,1.33947213977e-06,0.00198953473811,8.27214963523,3.16245933719e-06,0.0066778989296,9.0956644918,3.33778267797e-07,0.00101305017873,8.80774451904,2.93284595287e-06,0.00286398135069,8.6677639491,2.12419847314e-06,0.00317246951648,8.08072117506,2.84945134292e-05,0.0140501601616,8.33354492946,1.02973555892e-05,0.00764011497393,4.84439843594,0.130106848157,0.377952195478,8.22038884205,2.4956785621e-05,0.011318626412,9.38437545689,2.60710696232e-07,0.00063507892034,5.21203320397,0.0627219230323,0.334991222007,7.28872550123,0.000320192953178,0.0676323119976,8.3896164873,9.5472575078e-06,0.00720145710876,5.1677971715,0.0573391392638,0.173992338902
gradient_zero,0,0.33,0.340000003576,predicted,Actual proposal support boundary; monitored coordinates are pre-native endpoint forecast,True,50,54.9000400109,1.550411763,0.00440181032181,-0.0194361681128,-0.225055187073,0.0471366626571,7.45584826378,5.44246639885,0.314553716024,-0.329860819607,1.64134297003,0.181842156428,0.270903470928,0.271607720497,0.2670259738,0.197442681228,4.50462065682,0.202496142887,0.659694784957,9.32794618608,2.03039992729e-07,0.000645065415241,8.70792643877,5.97695437814e-06,0.00383575228677,9.27737378274,1.82576863764e-07,0.000645678443275,8.25750447465,1.42919144898e-05,0.00954292041461,10.0098010667,1.54557893665e-08,0.000109912306945,8.89894085259,1.30492004666e-06,0.00195851557457,8.27452358093,3.12531091098e-06,0.00662964124253,9.08679677238,3.51245764289e-07,0.00104377367364,8.8076685061,2.94163234087e-06,0.00286600900688,8.66689840276,2.13200511231e-06,0.00318213727482,8.07713158786,2.89309346822e-05,0.0141620184306,8.32525005871,1.06482911384e-05,0.00779122969544,4.84729296667,0.129496992376,0.378312859746,8.22173530771,2.48285211839e-05,0.0112869776719,9.39227770724,2.49271911503e-07,0.000618613651748,5.21360788048,0.0626789290776,0.335946316298,7.29069655951,0.000317025822226,0.0674299288894,8.39455668346,9.36495882272e-06,0.00711793403577,5.16198402967,0.057664286796,0.17392712391
gradient_zero,0,0.34,0.34999999404,predicted,Actual proposal support boundary; monitored coordinates are pre-native endpoint forecast,True,50,57.3043994919,1.61698749498,0.00572617307663,-0.014471126833,-0.228384738889,0.0480615072723,7.45504251357,5.43931358465,0.320221025036,-0.334935316171,1.6274886493,0.181792556046,0.270904841443,0.271625321632,0.267137709901,0.197519021227,4.50567431506,0.202323682579,0.659799155306,9.3216393704,2.1083321903e-07,0.000658595865268,8.71238357038,5.86895720294e-06,0.00379717930576,9.27492308025,1.84888988981e-07,0.000650711979543,8.25456007515,1.44933711463e-05,0.00960994222758,10.0166965005,1.48766121541e-08,0.000107289346107,8.90494402164,1.26955044019e-06,0.00192628949506,8.27695866318,3.07636036409e-06,0.00657509846797,9.07860580089,3.66438725031e-07,0.00107094535673,8.8098194402,2.9088814378e-06,0.0028498784898,8.6641061279,2.1685368679e-06,0.00321182720899,8.07683914652,2.88990841791e-05,0.0141697947365,8.31904882681,1.09261326989e-05,0.00790636304233,4.84953187712,0.129035554185,0.378459586279,8.22392047703,2.45822530162e-05,0.0112373131091,9.39379065727,2.48293030884e-07,0.000616933068286,5.2149354782,0.0626828357517,0.336947331212,7.29035692067,0.000317292321269,0.0674767827726,8.39965984633,9.13399797216e-06,0.00703116143431,5.15708796344,0.0580336198541,0.174073176796
gradient_zero,0,0.35,0.359999984503,predicted,Actual proposal support boundary; monitored coordinates are pre-native endpoint forecast,True,50,34.7930482981,1.6230444788,0.00501270071029,-0.0059980488205,-0.225643247094,0.0482673926815,7.4847480568,5.43486328439,0.309232449568,-0.34444703217,1.6423092709,0.181646327856,0.270729571955,0.271272594511,0.26690891278,0.197638167634,4.51293726092,0.200968200555,0.660744225204,9.31595372974,2.17477716124e-07,0.000670780937099,8.71651199662,5.7546690257e-06,0.00375920633645,9.26081047426,1.9924487177e-07,0.000680764771482,8.26291120003,1.39381879978e-05,0.00942241222697,10.0252582174,1.41892374218e-08,0.000104124339375,8.89552686469,1.34936013651e-06,0.00198601572533,8.27832522254,3.07128784071e-06,0.00655239676926,9.07968636834,3.65036516742e-07,0.00106773397204,8.81121303483,2.8660888169e-06,0.0028353886215,8.66295938053,2.22907708197e-06,0.00323200957352,8.07371352219,2.92007461377e-05,0.0142606924138,8.31105158726,1.13770589911e-05,0.00806636366425,4.84821182636,0.129569400929,0.378611871859,8.22176859423,2.49499308134e-05,0.0112812668154,9.40026426988,2.40573163658e-07,0.000605352558517,5.20886843281,0.063289754135,0.338045160421,7.28767772079,0.000323599188969,0.0676407421298,8.4003151853,9.20246102111e-06,0.00702360348644,5.15956587385,0.057872051302,0.173985796581
gradient_zero,0,0.36,0.370000004768,predicted,Actual proposal support boundary; monitored coordinates are pre-native endpoint forecast,True,50,27.7262604052,1.69693189752,0.0079776908493,0.00378855582237,-0.219274908926,0.0485831012126,7.49741191246,5.43471802702,0.319395079842,-0.358492096125,1.63677165029,0.181480651316,0.270602969901,0.271155437854,0.266924459731,0.197710409203,4.51805762467,0.200849207199,0.662171443431,9.31140734491,2.22509687641e-07,0.000679950966845,8.71955993385,5.6989842606e-06,0.00373668310636,9.2604584406,1.97166072183e-07,0.000678903891309,8.27201376877,1.34150195808e-05,0.00922640138686,10.0317960734,1.36680848054e-08,0.000101685524247,8.90534194529,1.28423702245e-06,0.00193141098007,8.28528962026,2.9745737684e-06,0.00642234416884,9.07118043083,3.8177349137e-07,0.00109732267444,8.81143807764,2.86697807219e-06,0.00283378838816,8.65965246638,2.26866649811e-06,0.00326466561834,8.06150289476,3.07473685733e-05,0.0146518050222,8.29778982149,1.2035769934e-05,0.00832722028076,4.84674316717,0.129635505099,0.3791499654,8.22227204043,2.49294157053e-05,0.0112681572422,9.41413655816,2.22272883971e-07,0.000577803534749,5.21228783944,0.0631007956305,0.338944406616,7.28660707852,0.00032573521801,0.0677381595441,8.41166989251,8.83757788755e-06,0.00683810406061,5.16050096131,0.0578370771779,0.173879601454
gradient_zero,0,0.37,0.379999995232,predicted,Actual proposal support boundary; monitored coordinates are pre-native endpoint forecast,True,50,31.1512747826,1.69859541068,0.00652817264557,0.00831900712013,-0.222678001251,0.0491050718988,7.51783686962,5.42522918732,0.316093477316,-0.36919183282,1.64190016685,0.181517390889,0.270463834382,0.270964931546,0.266737712619,0.197754359264,4.52239492407,0.199548825795,0.662481101748,9.31319614354,2.2013899084e-07,0.00067530528959,8.72035049498,5.66937461776e-06,0.00372808727258,9.25000366278,2.07673014432e-07,0.000701329465457,8.27142033672,1.34635986929e-05,0.00923831285483,10.04725469,1.25455873978e-08,9.63062757905e-05,8.90694575716,1.28003789249e-06,0.00192404207814,8.28648522822,2.9279347959e-06,0.00638800730124,9.06469152528,3.96589811099e-07,0.00112148719681,8.81072686472,2.86814631914e-06,0.0028377931394,8.65707390057,2.31140020213e-06,0.003293309039,8.06085572805,3.07905311362e-05,0.0146717212716,8.3021206439,1.16369350168e-05,0.0082211740886,4.84538572976,0.129672394875,0.378913936182,8.21838154323,2.53303501232e-05,0.0113614710787,9.43137547211,2.02619367008e-07,0.000546862495306,5.21329510733,0.0631763336613,0.340277949752,7.28594780514,0.000325919409237,0.0678641338505,8.41654842855,8.63568371981e-06,0.00675404948111,5.15628084665,0.058132541552,0.173898009842
gradient_zero,0,0.38,0.389999985695,predicted,Actual proposal support boundary; monitored coordinates are pre-native endpoint forecast,True,50,31.086209989,1.7212100362,0.00501178995132,0.0108239811277,-0.219117902991,0.0504968333371,7.51588492151,5.39596673909,0.320914944945,-0.370633665499,1.60905980522,0.181740818285,0.270883536,0.271538792025,0.267022972253,0.197445724899,4.51975124576,0.200588570557,0.662289509616,9.30424581632,2.32266550034e-07,0.000696309844222,8.7159502463,5.80340222119e-06,0.00377152703482,9.25097783282,2.05456687012e-07,0.00069853917545,8.28388063324,1.26703977542e-05,0.00897178837938,10.0598263922,1.16535005087e-08,9.19007470705e-05,8.92502956538,1.13968255696e-06,0.00181664338965,8.28972943429,2.86045241835e-06,0.00631850977805,9.06742171368,3.95645534295e-07,0.00111562784147,8.81400998513,2.81212984958e-06,0.00281047879623,8.64484626783,2.45903036454e-06,0.00341618894802,8.06688110307,2.9960221271e-05,0.0144787001222,8.30066964581,1.17094271988e-05,0.00824473701318,4.84460522772,0.129796712085,0.379211469996,8.21385568814,2.55796151748e-05,0.0114811273643,9.43762013189,1.95468169309e-07,0.000535359800304,5.19676540517,0.0643402498492,0.339955340065,7.28536562546,0.000328198240236,0.0678842243159,8.42772151883,8.12071370048e-06,0.00657200169553,5.16023364134,0.0577952080988,0.173615512959
gradient_zero,0,0.39,0.399999976158,predicted,Actual proposal support boundary; monitored coordinates are pre-native endpoint forecast,True,50,28.5081724805,1.64914430888,0.00177994743347,0.0151481276369,-0.217190555658,0.050347765542,7.52184474994,5.37540152666,0.314508250246,-0.37440397217,1.62043419309,0.181935076732,0.271270980233,0.271988185768,0.267035472913,0.196928118782,4.52433631356,0.199952422793,0.662914519223,9.30699019949,2.28022112229e-07,0.000690155868743,8.7196130132,5.68878513405e-06,0.00373637491976,9.24224233262,2.15591848981e-07,0.000718678149887,8.29235966143,1.21617928223e-05,0.00879036468931,10.0729275039,1.08113230207e-08,8.76202507931e-05,8.92466600629,1.14646265137e-06,0.00182062813317,8.28877989226,2.87416160137e-06,0.00633331958019,9.0767825705,3.75272647902e-07,0.00108193517463,8.81503042967,2.80860569105e-06,0.00280526660114,8.64592835211,2.4397211773e-06,0.00340246177892,8.07196702819,2.92181329226e-05,0.014312135164,8.2982755425,1.18494097888e-05,0.00829329879721,4.83953078215,0.130588228215,0.379134099959,8.21760891695,2.52277763938e-05,0.0113878628359,9.45238694128,1.79958185156e-07,0.00050972906376,5.19217366106,0.0648512961332,0.340608884489,7.2883955346,0.000324778067888,0.0675026387343,8.42645811503,8.18758329885e-06,0.00659409575242,5.1675457608,0.0572586900344,0.173319418226
gradient_zero,0,0.4,0.409999996424,predicted,Actual proposal support boundary; monitored coordinates are pre-native endpoint forecast,True,50,21.2554155679,1.58923160176,-0.00419898256302,0.0161075287676,-0.221711977746,0.0499669190874,7.52453383091,5.37881175846,0.303012704619,-0.373297787887,1.6127712124,0.181786949418,0.271112633197,0.2717962981,0.26713392873,0.197065279472,4.53155727932,0.198187031911,0.662527108759,9.30221433985,2.3399803269e-07,0.000700421358562,8.72498838491,5.55591924975e-06,0.00368881491593,9.23161782307,2.29234278318e-07,0.000744791914943,8.28566555704,1.25027174467e-05,0.00892929363638,10.0799150382,1.03877004511e-08,8.54185335335e-05,8.93113705297,1.0848028188e-06,0.00177809934871,8.27986219038,3.01727087276e-06,0.00650407605712,9.07717816587,3.77063295684e-07,0.00108301209797,8.80745502282,2.92276352642e-06,0.00286401492998,8.64946724809,2.33548460852e-06,0.00335445141382,8.07963905596,2.81823797805e-05,0.0140745486581,8.30120098798,1.17406360066e-05,0.00823843605744,4.83508750232,0.131234067756,0.378743549275,8.22109400616,2.46722613861e-05,0.011312435984,9.45527017771,1.78579991375e-07,0.000507019980125,5.18673770881,0.0653451272103,0.34143236188,7.29458301096,0.000317807323968,0.0667238030319,8.42791778569,7.99407050926e-06,0.00656634032659,5.16274754126,0.0577062288621,0.17375136968
gradient_zero,0,0.41,0.419999986887,predicted,Actual proposal support boundary; monitored coordinates are pre-native endpoint forecast,True,50,-0.41991499665,1.4984287919,0.00218514219284,0.0355010297513,-0.212670254138,0.0488478504633,7.51760309323,5.36965354009,0.299364714967,-0.368805884727,1.60680540393,0.181943251193,0.271372412227,0.272168029941,0.267272668195,0.19684391984,4.52612282534,0.19933740118,0.66424284278,9.2921006799,2.45105775568e-07,0.000721757610843,8.74490477106,5.12107708045e-06,0.00352601028169,9.23082187446,2.29152630974e-07,0.000745258996832,8.30425508877,1.14540544252e-05,0.00854249886216,10.0815447825,1.02842428019e-08,8.48757270868e-05,8.93712000896,1.08167332916e-06,0.00175910286369,8.28550701692,2.94314457726e-06,0.00640142219433,9.0800202479,3.71452534647e-07,0.00107264378722,8.81235853756,2.83917597703e-06,0.00282581856511,8.65693190518,2.25413897105e-06,0.00328902585057,8.06384344311,3.0056895013e-05,0.0145680232987,8.2838141832,1.26736748469e-05,0.00858805162311,4.84116649589,0.130286778561,0.380703139063,8.23856887782,2.28776920582e-05,0.0109082553061,9.45254538153,1.80559550851e-07,0.000510448900249,5.17396929331,0.0663807252952,0.342227303827,7.29349983163,0.000321133743066,0.0667462432284,8.44483119178,7.50279119527e-06,0.00630686837174,5.16862013195,0.0572462519055,0.173849982225
gradient_zero,0,0.42,0.42999997735,predicted,Actual proposal support boundary; monitored coordinates are pre-native endpoint forecast,True,50,-9.2067045966,1.47459031867,0.00118968263626,0.0340009498215,-0.218169559714,0.0484680546555,7.51163220179,5.36068232513,0.297516053093,-0.362782117873,1.60635156133,0.182124527772,0.271601089389,0.272430272058,0.267341732602,0.196662340834,4.5268979683,0.199191754821,0.664014270679,9.29156927749,2.45674568714e-07,0.000722969425035,8.74275870526,5.17446495804e-06,0.00354454320411,9.23295429366,2.27062142734e-07,0.000740648868475,8.30094289313,1.16056691996e-05,0.00860817939193,10.0863409512,1.00166016555e-08,8.34613524893e-05,8.93519639403,1.08854356853e-06,0.00176720548172,8.28204850442,2.99208675052e-06,0.00646497383351,9.08199154798,3.67330440982e-07,0.00106572749943,8.81338070926,2.84460247058e-06,0.00282192207123,8.66125594791,2.19055382113e-06,0.00324431925131,8.06679778731,2.97394247427e-05,0.0144749739453,8.28593814646,1.25452889465e-05,0.00854269681944,4.84332142023,0.129940344537,0.380730893136,8.24250641418,2.25469730151e-05,0.0108157239417,9.45269762512,1.80950495423e-07,0.000511000480466,5.17244180147,0.066559275693,0.342459139719,7.29452902678,0.000319274901112,0.0666477818109,8.43918655813,7.7025708378e-06,0.00639433645009,5.16688783754,0.0573748027992,0.173921832563
gradient_zero,0,0.43,0.439999997616,predicted,Actual proposal support boundary; monitored coordinates are pre-native endpoint forecast,True,50,10.2674054251,1.51465513129,0.000944509658812,0.0363789361334,-0.222544702914,0.0481170366333,7.51652736074,5.35431356372,0.298272003853,-0.354905516053,1.61134719874,0.182172599595,0.271677328046,0.272570577635,0.267311557944,0.196519944388,4.52619076521,0.199116357344,0.663377157954,9.28695388803,2.51560087344e-07,0.000733593641416,8.74027729624,5.23828864e-06,0.00356653518324,9.2327420563,2.26804760334e-07,0.000740815064391,8.29869350937,1.16983162422e-05,0.00865367809023,10.0973649584,9.40252596822e-09,8.01622091616e-05,8.93402515032,1.09350385603e-06,0.00177256110561,8.27941523825,3.03390444936e-06,0.006515389167,9.08326496533,3.64946422887e-07,0.00106131946161,8.81450022491,2.84664632754e-06,0.00281709787645,8.66560695052,2.12825673327e-06,0.00320116419891,8.06383312184,3.01536840855e-05,0.0145704270271,8.28456718065,1.26303386775e-05,0.00856941871064,4.84824889331,0.129271430405,0.381219825503,8.24677551561,2.21573640263e-05,0.0107175655804,9.45569719992,1.77847772597e-07,0.000505862603975,5.16911039605,0.0668828500701,0.342935829538,7.29667730737,0.000316181808413,0.0664132258209,8.43421266719,7.89423775776e-06,0.00647363175315,5.16253845749,0.0575995570834,0.173947199154
gradient_zero,0,0.44,0.449999988079,predicted,Actual proposal support boundary; monitored coordinates are pre-native endpoint forecast,True,50,3.06406898409,1.58334145002,0.00541196123123,0.0494649988031,-0.222800139811,0.0472256797445,7.53134425875,5.34231933935,0.298885486903,-0.35505725535,1.60836328098,0.182204790666,0.271717747557,0.272538353522,0.267328563358,0.196459622219,4.52644870326,0.199015451461,0.664412461971,9.27512314673,2.66164732042e-07,0.000760222348291,8.74790482454,5.08999537128e-06,0.00350757657461,9.23490137821,2.22849572774e-07,0.000733828040376,8.30789723854,1.11925910461e-05,0.00846164375783,10.1088822486,8.80402048247e-09,7.68659436969e-05,8.9386509434,1.06044216933e-06,0.00174628783878,8.28342783104,2.97914842253e-06,0.0064395071123,9.08358935167,3.62900728525e-07,0.00105843897611,8.81487830516,2.84271856061e-06,0.00281517352794,8.67303297505,2.0319569319e-06,0.00313368970301,8.05138350449,3.18751910046e-05,0.0149708604072,8.2689246468,1.3494945094e-05,0.00889040666095,4.85297108297,0.128377898383,0.381709132164,8.25696732107,2.11245342841e-05,0.0104929791663,9.46758725593,1.65831058759e-07,0.000485361405566,5.15785291725,0.0678780023484,0.343873681065,7.29366282489,0.000321323279034,0.0666914816862,8.44123327768,7.64937519107e-06,0.00636448347764,5.16377900814,0.0575002651052,0.174271390473
gradient_zero,0,0.45,0.459999978542,predicted,Actual proposal support boundary; monitored coordinates are pre-native endpoint forecast,True,50,4.98671426328,1.63617575026,0.00829511657714,0.0627010172224,-0.22194046038,0.0467482482671,7.53688088321,5.33746221623,0.300703820268,-0.356462840174,1.61389236763,0.182240502407,0.271770379928,0.272567159132,0.26729553757,0.19642587589,4.52781650752,0.198954986022,0.665064379598,9.26622355556,2.77943291158e-07,0.000780953175688,8.75647786138,4.90866614968e-06,0.00343899433345,9.23343441605,2.22715203133e-07,0.000735107811941,8.31493327323,1.08175673259e-05,0.00831786497163,10.1180475732,8.35719492935e-09,7.4348968115e-05,8.94334783028,1.0420854638e-06,0.0017252717897,8.28691210209,2.92555712216e-06,0.00637223822573,9.08294811828,3.62840705947e-07,0.00105924683978,8.81956668327,2.80023012212e-06,0.00278508811477,8.67745662229,1.99187094151e-06,0.00309782058054,8.03991484843,3.3496038694e-05,0.0153458917839,8.25837821353,1.40629449723e-05,0.00910792496392,4.85561627671,0.127900253817,0.382229930078,8.26835687147,2.02046819824e-05,0.0102377027794,9.47776445514,1.56287877726e-07,0.000468570453752,5.15045047011,0.0685615579897,0.344749463163,7.29267743268,0.000322936047772,0.0667938928217,8.44559352847,7.5672830701e-06,0.00630051807437,5.16305687324,0.0575170699633,0.174376499293
gradient_zero,0,0.46,0.469999998808,predicted,Actual proposal support boundary; monitored coordinates are pre-native endpoint forecast,True,50,4.02025002525,1.64928483002,0.00385334506988,0.0657847955441,-0.227570644941,0.0461522824918,7.54900637133,5.33005919986,0.301563970689,-0.359025157378,1.6255190273,0.182314392204,0.271817060484,0.27261746327,0.267216495143,0.196162669679,4.53418718254,0.197196697473,0.665225365172,9.26425079088,2.80791608743e-07,0.000785605808501,8.75334031297,4.96890982729e-06,0.00346309288866,9.23056301126,2.24240634516e-07,0.000739922937883,8.31309077023,1.085211406e-05,0.00834987310156,10.1336055931,7.65024077896e-09,7.02598878994e-05,8.93879365224,1.0789530313e-06,0.00175333167092,8.28172163693,2.9934973755e-06,0.00646519866548,9.08469492492,3.58742073945e-07,0.00105307827814,8.82338839508,2.75129075087e-06,0.00275859171442,8.67685515979,2.00346997486e-06,0.00310291328893,8.04007637902,3.35543155422e-05,0.0153415808724,8.25959838001,1.39156824351e-05,0.00907581930824,4.85266655659,0.128197429208,0.381988758733,8.26905267031,2.01683121093e-05,0.0102220769105,9.49696503603,1.40299783646e-07,0.000439313617201,5.14778485472,0.06892080213,0.345749159646,7.29622407202,0.00031887903612,0.0663577456843,8.43911378027,7.80635694107e-06,0.00640227771068,5.1613828418,0.0576874846847,0.174618257369
gradient_zero,0,0.47,0.479999989271,predicted,Actual proposal support boundary; monitored coordinates are pre-native endpoint forecast,True,50,-13.3975826744,1.701242334,0.00402269140243,0.0708456539726,-0.227424111989,0.0464407187031,7.54744552319,5.33515444245,0.3079226913,-0.362509940428,1.63354162308,0.182235904678,0.2717526585,0.272616296734,0.267185613282,0.196206871649,4.53657199797,0.196886540443,0.665343653787,9.26196034114,2.86449219643e-07,0.000792248083414,8.7564547072,4.8980241754e-06,0.00343715516014,9.22950366579,2.24489110017e-07,0.000741222079876,8.31154773888,1.08971248996e-05,0.0083820520839,10.1367429226,7.51392209619e-09,6.94554818513e-05,8.94183370665,1.06729201087e-06,0.00174020963869,8.28326556764,2.96226603188e-06,0.0064319205841,9.0821897294,3.62828005887e-07,0.00106076457243,8.82985010099,2.66624444443e-06,0.00271244189358,8.67414864066,2.04851683149e-06,0.00313266038366,8.03546274118,3.42231170977e-05,0.015493900254,8.25562910306,1.41418474592e-05,0.00916139566553,4.85166585849,0.1282958304,0.382062915177,8.27319710499,1.98377869882e-05,0.0101313495264,9.49998573572,1.38230092192e-07,0.000435331211096,5.14733157456,0.0689196565941,0.345966388145,7.29671748374,0.000318037741931,0.0663202263703,8.43917171346,7.80505731275e-06,0.00640340340386,5.16130783835,0.0577346093694,0.174707628426
gradient_zero,0,0.48,0.489999979734,predicted,Actual proposal support boundary; monitored coordinates are pre-native endpoint forecast,True,50,-3.71592317917,1.72105157836,0.002534563694,0.0783470669007,-0.225716593292,0.047145273232,7.54765745806,5.34684463689,0.309943410169,-0.370315193151,1.6383846879,0.182053014918,0.271572141604,0.272435353597,0.267103800359,0.196329949696,4.54150591176,0.195853939856,0.665876247149,9.25700418575,2.94167254921e-07,0.000804409436129,8.76176513394,4.78701357012e-06,0.00339470678134,9.22105032217,2.33964713523e-07,0.000760818065865,8.31203260566,1.08741754372e-05,0.00837286529175,10.1377540605,7.47024108153e-09,6.91964205654e-05,8.94744110703,1.0451528151e-06,0.00171554471617,8.28343951942,2.95647961748e-06,0.00642607752462,9.0779807227,3.70517223985e-07,0.0010750397867,8.83535810022,2.59376680068e-06,0.00267337308266,8.67159920467,2.08188988496e-06,0.0031582161915,8.03363446433,3.43585216345e-05,0.0155539481267,8.2490897139,1.46063359369e-05,0.0093093017317,4.84854593391,0.128810637755,0.381969066865,8.2782453261,1.94158567858e-05,0.0100226416799,9.50369034672,1.35607750671e-07,0.000430292887189,5.14664905972,0.069044983073,0.346610369029,7.29939770815,0.000314762721264,0.0660140800064,8.44380188423,7.65417716708e-06,0.00633246954655,5.1600325985,0.0578644035946,0.174862616441
gradient_zero,0,0.49,0.5,predicted,Actual proposal support boundary; monitored coordinates are pre-native endpoint forecast,True,50,-10.9483031116,1.8575409844,-0.00113543733597,0.0890588324881,-0.232390359517,0.0469154024073,7.54720040923,5.34183611129,0.304895999758,-0.374153476898,1.62494571825,0.182162965853,0.271602446622,0.272445269099,0.267141692138,0.19632728812,4.55009017955,0.194204706467,0.666217944694,9.24503128001,3.09288158003e-07,0.000832290584865,8.7680449551,4.67013253923e-06,0.00334685875141,9.21297713869,2.43414211736e-07,0.000779834510504,8.30988039124,1.09831237273e-05,0.00841369535732,10.1549468683,6.77322541856e-09,6.49827938558e-05,8.95755120529,9.90793923757e-07,0.00166454960916,8.27849109522,3.02665757324e-06,0.00651568127329,9.07568988694,3.75130572102e-07,0.00108279892213,8.83997310432,2.55068984807e-06,0.00264429031153,8.67328550256,2.04997928684e-06,0.00314195886119,8.03520906505,3.41194217847e-05,0.0155026696166,8.24557305193,1.47638535721e-05,0.00937858513903,4.84647890413,0.129011195183,0.381680152677,8.28730940552,1.86916801162e-05,0.0098289831312,9.52028809587,1.24091088475e-07,0.000407801029117,5.13951155393,0.0699024041449,0.348702445979,7.30368015987,0.000309625821754,0.0655194870106,8.44947220844,7.45712269065e-06,0.00624453351662,5.14694591083,0.0586506700581,0.175264492117
gradient_zero,1,0,0.00999999977648,predicted,Actual proposal support boundary; monitored coordinates are pre-native endpoint forecast,True,50,-5.79173390764,0.790126962987,-0.119918269959,-0.0687551069641,0.448000415835,0.0337394622102,4.86437914289,7.24206221573,0.114008700834,-0.484720341226,1.32645049249,0.18134831637,0.261866250688,0.295691611661,0.284187891142,0.195298332286,4.5850130349,0.206547346008,0.74764927255,9.98392147466,5.83298522615e-09,6.71603500742e-05,9.35117803728,2.16719599657e-07,0.000652923585514,9.75252849023,1.26217841415e-08,0.000111138632521,8.25724567497,1.81499708034e-05,0.00963772799144,9.18755514042,4.96491315306e-07,0.0010219502749,9.41989564045,1.20325540605e-07,0.000447114184816,8.16717118333,5.80347318812e-06,0.00941593141105,9.38753120662,9.67730272475e-08,0.000413286502656,9.16101554458,4.95093909059e-07,0.00103126797282,8.56055912979,2.18928665163e-06,0.00384991049725,8.37003788152,7.97672364872e-06,0.00704201377166,8.69569647345,2.22405656706e-06,0.00311119745078,4.51865213536,0.202193579736,0.416310791918,8.66399963387,6.37117390942e-06,0.00415740938125,9.07450648462,4.90049679874e-07,0.00112123472215,5.36069778658,0.0495751547614,0.268574583503,7.36932813976,0.000286503493926,0.0562438917469,8.8364162447,1.93751305768e-06,0.00236182506353,5.49227802631,0.0313303278734,0.16866362834
gradient_zero,1,0.01,0.019999999553,predicted,Actual proposal support boundary; monitored coordinates are pre-native endpoint forecast,True,50,-14.2590903607,0.778820419447,-0.0913983724976,-0.0614951181793,0.320240483556,0.0334237809405,5.06830776349,6.67429916902,0.122004742978,-0.384714073366,1.39871149909,0.187436383937,0.270787297622,0.301509966323,0.276421599836,0.198444406971,4.53506629775,0.218216436094,0.73918212807,9.91262422635,6.3011539868e-09,7.94822031752e-05,9.30718856184,2.78638079289e-07,0.000739784671009,9.67292354927,2.09089472309e-08,0.000156899096171,8.30257520001,1.41691839771e-05,0.00874302403981,9.47018173536,9.54938107315e-08,0.000400702861897,9.4074588626,1.02098931911e-07,0.000425416152064,8.18331960082,5.4176029149e-06,0.00892853153829,9.39527961712,7.57818508206e-08,0.000377297808651,9.23804698879,2.848398578e-07,0.000776514652713,8.60843731387,1.76311564424e-06,0.00339258677706,8.35860821859,7.59457133517e-06,0.00718193540059,8.66329905597,2.44873732211e-06,0.00338177593203,4.55343942083,0.192392488786,0.404012914982,8.76290042513,3.39112436415e-06,0.00316020712392,9.1304192268,3.36930288456e-07,0.000948227876542,5.3377878944,0.0516137120387,0.275210793288,7.35510818389,0.000290822699408,0.0579241178063,8.82438433264,1.96797776296e-06,0.00239867140372,5.48929713403,0.0336586465928,0.169550044167
gradient_zero,1,0.02,0.0299999993294,predicted,Actual proposal support boundary; monitored coordinates are pre-native endpoint forecast,True,50,-8.08092867295,0.803220100777,-0.0907282446289,-0.0168961191559,0.270358032856,0.0409227672653,5.33483047774,6.59220082685,0.0959985313263,-0.381419995962,1.63843109015,0.186709131751,0.270363553869,0.296148478778,0.272176337441,0.200657147357,4.54020640251,0.212987168804,0.730269740372,9.84399705519,9.83832354849e-09,0.00010612255882,9.27254748972,3.32612769868e-07,0.000815377208423,9.50829239628,5.23517137514e-08,0.000285972735006,8.2911268371,1.37054704611e-05,0.00903905479783,9.60409990157,4.50484360521e-08,0.000253652120513,9.39495212672,1.00285575271e-07,0.000428861123282,8.18947504593,5.27027072931e-06,0.00875436477581,9.35517503198,8.95580935315e-08,0.000430099601307,9.27749906584,2.15776076233e-07,0.000672184002635,8.62094066713,1.75715825525e-06,0.00334185955657,8.29998428556,9.63875535293e-06,0.00822892380179,8.6713729498,2.19362525317e-06,0.00324821152647,4.55790644361,0.191303787773,0.396023907525,8.78315238619,2.78077303251e-06,0.00295934103558,9.16040316693,3.04476791939e-07,0.000890154156722,5.34410218764,0.0516084241893,0.284286861921,7.35477350506,0.000280455004324,0.0584895065367,8.82641819578,1.84076112344e-06,0.00234912146266,5.43183908134,0.0378676247462,0.168983865241
gradient_zero,1,0.03,0.0399999991059,predicted,Actual proposal support boundary; monitored coordinates are pre-native endpoint forecast,True,50,-1.1193089272,0.852811099106,-0.106335151043,0.00868846829891,0.275345003877,0.0493697263617,5.58784946015,6.6132369044,0.0473704702111,-0.431645577018,1.96968473627,0.185920432433,0.266812958923,0.28977152805,0.268524518382,0.202686338934,4.57601476581,0.20250420742,0.727585472627,9.85828028801,9.70887240747e-09,0.000103865444291,9.21903115479,4.70713340008e-07,0.000974659253484,9.3459150211,1.2771685176e-07,0.000499891511654,8.27454359542,1.37408762042e-05,0.00945930952523,9.66399160107,3.31428032444e-08,0.000207863982927,9.37296307144,1.13446958039e-07,0.000458774896935,8.19767466191,5.08567716273e-06,0.00855758604509,9.33461944929,9.81193695333e-08,0.000464771211233,9.27783205021,1.91269362146e-07,0.000656347014183,8.61742720217,1.87495955216e-06,0.00342933845954,8.26536748336,1.07940715244e-05,0.00885939031821,8.71072339429,1.74301183778e-06,0.00286425596643,4.53699752434,0.197679320002,0.390243548856,8.77290858955,2.50488820213e-06,0.00299649444381,9.19632101333,2.63869882958e-07,0.000809074916126,5.40020701977,0.0481172660459,0.290244162673,7.35356407749,0.000274700977296,0.0590961786269,8.81000183853,1.89180560483e-06,0.00243504941851,5.43740001117,0.0387701231274,0.165427824989
gradient_zero,1,0.04,0.0499999970198,predicted,Actual proposal support boundary; monitored coordinates are pre-native endpoint forecast,True,50,10.03110293,0.897316429621,-0.10536004528,0.023494928441,0.260424232159,0.0537608527135,5.78684489749,6.58082807724,-0.018612906484,-0.468312378566,2.26178394015,0.186643232093,0.266102657308,0.286507694072,0.26430561132,0.202852079125,4.57949793784,0.200162971128,0.720972982357,9.869229387,9.52334613843e-09,0.000101659971952,9.15912888436,6.98092137832e-07,0.00119100332188,9.23341914396,2.36505581911e-07,0.000727256049149,8.24631773776,1.52807169405e-05,0.0101463010445,9.7474721947,2.24688579453e-08,0.000159390869961,9.31519221238,1.60286161255e-07,0.00055962309299,8.20467713602,4.96799561757e-06,0.00840751589934,9.32994673683,9.90064571145e-08,0.000474390368572,9.25082926122,2.02715348353e-07,0.000714946891941,8.65527280968,1.60049472972e-06,0.00309806878578,8.23434284767,1.19714308833e-05,0.00951407325951,8.73103178219,1.59621482409e-06,0.00268993842546,4.52154475943,0.201360552113,0.383068574482,8.76633679573,2.15608426943e-06,0.00301524685236,9.24805922634,2.10840210363e-07,0.000695058129285,5.43868807941,0.0456048516879,0.290813218558,7.33868513054,0.000281662682495,0.0611800872499,8.76080818353,2.46550471238e-06,0.00280261691528,5.44568925223,0.0390763565362,0.162367294569
gradient_zero,1,0.05,0.0599999986589,predicted,Actual proposal support boundary; monitored coordinates are pre-native endpoint forecast,True,50,10.9447289609,0.968684153109,-0.10656776413,0.0296813338614,0.234264037285,0.0557886100887,5.98497022635,6.59343865658,-0.0438115320354,-0.478550717609,2.48311116077,0.18662434815,0.265684534626,0.281063544554,0.259888493508,0.204692097932,4.60670189315,0.193974246033,0.717792234207,9.8583666262,1.05921487582e-08,0.00010770804575,9.07299732646,1.11014348841e-06,0.00153217013791,9.17194555865,3.27421098944e-07,0.000884195938489,8.20950070509,1.94875144737e-05,0.0109980367965,9.80341726927,1.7006964693e-08,0.000132581894387,9.25171199163,2.29587729665e-07,0.000692484407705,8.20087455572,5.00746497287e-06,0.00848784526422,9.32769447581,9.9271634298e-08,0.000478940685738,9.22339846351,2.28789953512e-07,0.000784928292028,8.68305483398,1.4182487493e-06,0.00286816429615,8.20640827213,1.31692472071e-05,0.0101663777299,8.73693889868,1.55134099724e-06,0.00263817463106,4.51944654766,0.20208200748,0.375503549491,8.73108882386,2.2628444329e-06,0.00329574577692,9.28230045207,1.80617673682e-07,0.000628235676814,5.44499864579,0.0452324317216,0.290333275042,7.32856989208,0.000285651302696,0.0626885549999,8.70298480887,3.53681171785e-06,0.00330211086912,5.4409631297,0.0397363583045,0.160832042112
gradient_zero,1,0.06,0.070000000298,predicted,Actual proposal support boundary; monitored coordinates are pre-native endpoint forecast,True,50,3.75590615089,1.00648387413,-0.108077676144,0.0301680764174,0.220767542396,0.055140677773,6.05649239146,6.6213653839,-0.083388431113,-0.500921190739,2.63434140213,0.187567376993,0.267338327806,0.278155963573,0.257627828025,0.203942001678,4.62162579753,0.191833173523,0.715706899887,9.83189238852,1.28887398549e-08,0.000121170943361,9.01419319276,1.56179489642e-06,0.00182858390854,9.14314484889,3.81801072072e-07,0.000968458957013,8.18416109713,2.37991214236e-05,0.0115374143726,9.8493201673,1.3762735804e-08,0.000114726051857,9.1771315496,3.66338175704e-07,0.000900237100527,8.19634861287,5.09058547983e-06,0.00860116203733,9.32158011831,1.03580089182e-07,0.000491331309021,9.2144294935,2.32419975527e-07,0.000806183147221,8.72027613003,1.19685683411e-06,0.00255833810874,8.19584253313,1.36303633077e-05,0.0104262333574,8.75065590711,1.47961706245e-06,0.00254444707662,4.50727520852,0.205463245834,0.370873938854,8.7334464419,2.1037235549e-06,0.00326702684077,9.32115625235,1.48398551232e-07,0.000554355876021,5.46118332416,0.0440721571669,0.287341385861,7.32484239765,0.000283769547757,0.0634273470193,8.63808882892,5.12923132966e-06,0.00395800396511,5.42481982209,0.0407662852155,0.159783403584
gradient_zero,1,0.07,0.0799999982119,predicted,Actual proposal support boundary; monitored coordinates are pre-native endpoint forecast,True,50,-5.07792793988,1.03577511175,-0.109659626331,0.0386034690952,0.224769920382,0.055841530076,6.11689207405,6.64955503642,-0.0786470794,-0.514193802853,2.67336501818,0.187394486117,0.267344613863,0.275290625426,0.256568073272,0.204847646507,4.62904650004,0.190460024864,0.71422471588,9.80517432149,1.5404734734e-08,0.000135183356503,8.99186063086,1.75586914775e-06,0.00194505766015,9.12794501168,4.07738715069e-07,0.00100933174896,8.17887722408,2.57241980663e-05,0.0115892573218,9.85826323122,1.39805129819e-08,0.000114506212208,9.16450966912,4.11545534325e-07,0.000949079790942,8.19785330387,5.07364720968e-06,0.00857913789319,9.3132216169,1.07499251928e-07,0.000504294430077,9.19320893928,2.58655337786e-07,0.00086304540026,8.70460208445,1.38738120807e-06,0.00271963464254,8.18253451062,1.4243073814e-05,0.0107526327988,8.75477171577,1.47601199744e-06,0.00251338472505,4.50414326451,0.206940628339,0.370242788743,8.69917645019,2.40950984891e-06,0.00357994463832,9.3347285035,1.41937654475e-07,0.000534063061192,5.47611270278,0.0430761421626,0.287379250972,7.32485031615,0.000284416503204,0.063444614307,8.63083289886,5.36465554107e-06,0.00405607675887,5.40652498164,0.0418629615954,0.159511523307
gradient_zero,1,0.08,0.0899999961257,predicted,Actual proposal support boundary; monitored coordinates are pre-native endpoint forecast,True,50,0.726240263813,1.05860512448,-0.109504208412,0.0563642912722,0.224280486379,0.0563246663065,6.18862007408,6.68360265255,-0.052850063329,-0.49803618912,2.66291334349,0.187415529943,0.267058032425,0.271288807246,0.255427731735,0.206658045932,4.63417291586,0.189034459336,0.711261833203,9.77410221633,1.82724145641e-08,0.000151146272141,8.97544672411,1.87329978928e-06,0.00202073966252,9.12253587229,4.11335270297e-07,0.00101971650784,8.17973239204,2.67132117458e-05,0.0115033229288,9.84033413331,1.69455311547e-08,0.000127484040722,9.16647022002,4.13958246597e-07,0.000947034885119,8.19426438215,5.17990580874e-06,0.00867696110719,9.30156618312,1.15210105602e-07,0.000525421417138,9.14929102093,3.79329535074e-07,0.00102168701644,8.68013375661,1.75557493235e-06,0.00299439582073,8.16576633564,1.50612905576e-05,0.0111748762227,8.75055491399,1.50604287795e-06,0.00252833051749,4.51312716337,0.205665722864,0.371209884589,8.63728908349,3.39835826454e-06,0.00423743492251,9.31925071854,1.65284066163e-07,0.000574672336781,5.47395752972,0.0433127929037,0.29097062584,7.33541650456,0.000272105632414,0.0623767620196,8.62995040082,5.38228437691e-06,0.00408600135391,5.37728352275,0.0433819148096,0.160783990646
gradient_zero,1,0.09,0.0999999940395,predicted,Actual proposal support boundary; monitored coordinates are pre-native endpoint forecast,True,50,5.68497635344,1.02868543362,-0.110449006405,0.0755070352173,0.207410161171,0.0577214789482,6.23620224376,6.70107551043,-0.026245855359,-0.502582503572,2.63839499196,0.18804884384,0.26684824849,0.268657224534,0.254090516642,0.208026313207,4.65189325857,0.185569152219,0.709968840546,9.74210462362,2.23674705177e-08,0.000170143195338,8.97795458552,1.82379132637e-06,0.00199637576643,9.1195149871,4.12194169236e-07,0.00102489147059,8.16957908679,2.82078711257e-05,0.0117248101557,9.8286302849,1.97972396073e-08,0.000138676952366,9.17783093723,3.81844838475e-07,0.00090732846833,8.19391457672,5.13744237626e-06,0.0086532482022,9.28680188451,1.23593243169e-07,0.000550289030431,9.10776431449,5.86382170892e-07,0.00121289742677,8.65535156136,2.21636835875e-06,0.00329051739061,8.15921123806,1.54556348483e-05,0.0113412924669,8.72640020961,1.71732188785e-06,0.0027088951782,4.51588552125,0.20507316998,0.369218243175,8.57605743218,5.17123095294e-06,0.00499521389136,9.31520691605,1.82506074215e-07,0.000597733654866,5.45859284531,0.0445661357803,0.294970745526,7.33354425448,0.000276189643132,0.0625389709585,8.637913312,4.7783886305e-06,0.00398082715685,5.35674131387,0.0446908132887,0.162056638082
gradient_zero,1,0.1,0.109999999404,predicted,Actual proposal support boundary; monitored coordinates are pre-native endpoint forecast,True,50,13.5014802992,1.0331994182,-0.110298034992,0.0740642624712,0.179063992176,0.0582062660854,6.29443109829,6.70389174694,-0.0135548107449,-0.504040592837,2.58146550194,0.188099726881,0.266270331327,0.265863464498,0.252995990017,0.210328413256,4.66630166921,0.1826328008,0.708563627839,9.72058052032,2.50795995287e-08,0.000182403821597,8.95091449693,2.06118549432e-06,0.00213768462993,9.13882728905,3.60410148243e-07,0.000955338094237,8.16522479835,2.80267633427e-05,0.0118206409406,9.82614459456,2.06460163058e-08,0.000141990987667,9.15951350267,4.03683741548e-07,0.00094854919427,8.1914741425,5.17281429093e-06,0.00869428906598,9.26900001815,1.35319112618e-07,0.000584708295613,9.05898642829,8.69078151442e-07,0.00144634744191,8.64727757405,2.46397541533e-06,0.00340763352183,8.17030665548,1.47673588306e-05,0.0110419306954,8.7188297053,1.73153603202e-06,0.00274462688532,4.5119164425,0.205155013688,0.364607001,8.51471002421,7.51871071424e-06,0.0058289246149,9.31314501395,1.92959436671e-07,0.000611337024466,5.44908581987,0.0455759026734,0.300057666176,7.32777600992,0.000283602516992,0.0631710206715,8.61313872881,4.9853656495e-06,0.00422398973337,5.3221559561,0.0469678003699,0.16191106423
gradient_zero,1,0.11,0.119999997318,predicted,Actual proposal support boundary; monitored coordinates are pre-native endpoint forecast,True,50,28.5168163309,1.02399387473,-0.104198100414,0.0628101342535,0.159894028578,0.0573450501145,6.29853586921,6.70057087901,0.00741742074706,-0.502289204036,2.53484626218,0.188644917139,0.266466279367,0.264284324655,0.252806728564,0.211581185677,4.66789170128,0.18275584429,0.70919651447,9.71600284452,2.5841192967e-08,0.000185251891846,8.92948425137,2.26858719033e-06,0.00225677363532,9.1732544661,2.92146010136e-07,0.000849719047776,8.14880293151,3.01278440681e-05,0.01222698138,9.82331875641,2.06540115948e-08,0.00014275742277,9.1407357669,4.38652319939e-07,0.00100092685728,8.19481898711,5.08077543093e-06,0.00860386258036,9.25330773872,1.45817403436e-07,0.000615732933095,9.03452055614,1.0411269444e-06,0.00157271308227,8.64722872565,2.53292081705e-06,0.00342453329724,8.17558826186,1.46709315589e-05,0.0109185612811,8.71665619897,1.72177013949e-06,0.00274986872446,4.51298331606,0.204492903362,0.361878953972,8.48464027867,8.88390580591e-06,0.00626832924845,9.31035848966,1.93573274957e-07,0.000615714073518,5.46234591594,0.0447805204443,0.302141764346,7.32099611134,0.000290792210771,0.0639607152677,8.59341284995,5.30733066133e-06,0.00443087442018,5.3031731576,0.0484831503195,0.16065861208
gradient_zero,1,0.12,0.129999995232,predicted,Actual proposal support boundary; monitored coordinates are pre-native endpoint forecast,True,50,30.2835464757,0.944972544751,-0.0994870160484,0.0608399080849,0.154985729728,0.0563399177078,6.25709202665,6.6418742014,0.021360797684,-0.508291325651,2.44436970042,0.189323321674,0.267359584721,0.265382421764,0.254450788883,0.211398925968,4.66383175844,0.184670671544,0.712292812298,9.71090332575,2.76038960058e-08,0.000190472496359,8.94014368085,2.16676523022e-06,0.00219964950019,9.19362662784,2.56969158937e-07,0.000792339037544,8.14327833852,3.16847726393e-05,0.0123657944821,9.824685862,1.98899757246e-08,0.000140500616138,9.14815880437,4.29818597695e-07,0.000984278638823,8.20108516021,4.91873141851e-06,0.00843746377641,9.24737666812,1.49263483325e-07,0.000627955518171,9.03021798203,1.07395320703e-06,0.00159642782196,8.64085418864,2.65289095752e-06,0.00349310421648,8.18037897186,1.4709975422e-05,0.0108199056098,8.70029262694,1.9160332088e-06,0.00289114690621,4.51375831985,0.203882396983,0.361736821669,8.48272756842,8.98197947473e-06,0.00630285980808,9.31681099509,1.80060290646e-07,0.000596489079077,5.46413995155,0.0446675761578,0.303528316306,7.31828166172,0.000295335063324,0.0641615153725,8.6086538861,4.92160557373e-06,0.00425946551644,5.30914383974,0.0486623789749,0.159156482808
gradient_zero,1,0.13,0.140000000596,predicted,Actual proposal support boundary; monitored coordinates are pre-native endpoint forecast,True,50,33.7890160676,0.986776863717,-0.0918996594811,0.0591652410841,0.138147166941,0.0540485575225,6.22261560145,6.58466018505,0.0476282210835,-0.501181553296,2.33387895788,0.190007585944,0.267753758662,0.266359828737,0.255858509105,0.211330185961,4.6628944414,0.185776869218,0.715412566023,9.69804481944,2.98631288401e-08,0.000199284459477,8.94559191503,2.12852988199e-06,0.00217460066437,9.23143801548,2.09934102755e-07,0.000701545749052,8.15113866084,3.01085778509e-05,0.012167909683,9.83852675408,1.74522149213e-08,0.000131014498026,9.15252526514,4.15641918277e-07,0.000968684008825,8.20502995262,4.77812992304e-06,0.00831966082433,9.23733411214,1.5598839856e-07,0.000647601323405,9.03135394725,1.04533455474e-06,0.00158397429054,8.637204241,2.70915966962e-06,0.00353678360255,8.18269489983,1.50460524094e-05,0.0107925325392,8.67829768269,2.12566808435e-06,0.00306984930321,4.5234293627,0.201423694521,0.361905243985,8.48568065245,8.58521879406e-06,0.00626551436838,9.32281302247,1.65184813477e-07,0.000576342457258,5.45656731293,0.0453498124106,0.306451682847,7.31460777351,0.000300780547405,0.0645022663331,8.61967763103,4.46647201193e-06,0.00412791761649,5.30681316141,0.0490616704963,0.159410650934
gradient_zero,1,0.14,0.149999991059,predicted,Actual proposal support boundary; monitored coordinates are pre-native endpoint forecast,True,50,38.7197694718,0.962185269809,-0.0877076600456,0.0506008720016,0.108460521374,0.0521502683157,6.17514752051,6.51510103023,0.0675844829262,-0.495562567429,2.23767674143,0.190652779639,0.268857614034,0.267800488776,0.257868176612,0.210992129406,4.66026551842,0.187101534922,0.716513356393,9.691327412,3.08204881172e-08,0.000203257851859,8.94730442329,2.12329997783e-06,0.00216957034189,9.26150403687,1.80889728123e-07,0.000638960940702,8.13371306949,3.23462708928e-05,0.0126074158426,9.86324959677,1.53007180736e-08,0.00012031077405,9.15261718265,4.14860967507e-07,0.000967788923875,8.20335827062,4.74496653722e-06,0.00832757223108,9.22630843374,1.64197991433e-07,0.000669193381411,9.03935496982,9.92763495154e-07,0.00154519640117,8.63746546798,2.7003169642e-06,0.00353139053592,8.1890378602,1.52085534146e-05,0.0106790449156,8.66631748037,2.24683516525e-06,0.00317315806798,4.52973690226,0.199559304751,0.36071393037,8.49536913054,8.05832457902e-06,0.00612805015828,9.33524908252,1.52177368063e-07,0.00055114308031,5.45348977702,0.04569704417,0.307760343479,7.30885981846,0.000307903083816,0.0651117965919,8.61744343545,4.36120215962e-06,0.00413151980074,5.30062735904,0.0495868207025,0.160801822943
gradient_zero,1,0.15,0.159999996424,predicted,Actual proposal support boundary; monitored coordinates are pre-native endpoint forecast,True,50,65.706779076,0.982593145224,-0.0874809358978,0.0486022066689,0.0805675175524,0.0498360198121,6.14020449309,6.45087508408,0.0809758349289,-0.48476673446,2.13881509766,0.191038092659,0.269742794609,0.270103072846,0.259576357779,0.210222216371,4.65771506179,0.187501819631,0.716657491136,9.67750379547,3.31971819413e-08,0.000212636564368,8.94699328407,2.13155250421e-06,0.00217395701621,9.28245007624,1.63992991833e-07,0.00060045090372,8.13552216983,3.22882219508e-05,0.0125117602883,9.88554819699,1.41312888934e-08,0.000112954115502,9.14813700969,4.34696209167e-07,0.000988950793792,8.19386065793,4.8601737177e-06,0.00852305672155,9.21771820138,1.70352416968e-07,0.00068655872185,9.04596760996,9.4376060066e-07,0.00151152590632,8.6393015328,2.70472560877e-06,0.00351497343581,8.19268315666,1.56540287561e-05,0.0106451662816,8.6525194159,2.39318127806e-06,0.0032967933349,4.53844030925,0.197276609533,0.360176614485,8.50086125795,7.72775292835e-06,0.00605164635861,9.34494963499,1.45420518742e-07,0.00053474378352,5.4346542608,0.0471331989701,0.309280227994,7.31504641558,0.000295721535179,0.0646858615206,8.61917830805,4.33300384238e-06,0.00411449158371,5.29528672953,0.0499505462665,0.163722222452
gradient_zero,1,0.16,0.170000001788,predicted,Actual proposal support boundary; monitored coordinates are pre-native endpoint forecast,True,50,53.06001086,0.997366830454,-0.0793344448471,0.0480564403152,0.0584612652397,0.0483959953862,6.15597454078,6.37370946935,0.0993474673305,-0.481563485378,2.02558095937,0.190314775534,0.269576212538,0.271645578973,0.261550260146,0.209783952375,4.642797954,0.190507892975,0.713921652811,9.63450119076,4.14217994628e-08,0.000245703675821,8.95657830657,2.04568120888e-06,0.00212304316836,9.30689509008,1.43184794297e-07,0.000554201063351,8.14971566602,2.97589358833e-05,0.0121227433517,9.92670514992,1.1056763865e-08,9.66664382131e-05,9.14519550687,4.37086956299e-07,0.000994328299687,8.20220401107,4.62539973393e-06,0.00830192718388,9.20139721822,1.85128564427e-07,0.000722961303678,9.04477407703,9.20368552853e-07,0.00150600301833,8.63975089844,2.68997685313e-06,0.00350565498467,8.19294672047,1.61506047475e-05,0.0106718548887,8.61286079297,2.96214133237e-06,0.00369044488494,4.55260817773,0.194266988123,0.360989761989,8.50406729682,7.43334997384e-06,0.00600778893392,9.36182057071,1.28344636162e-07,0.00050013212912,5.40497745991,0.0492538766347,0.310655776883,7.31193473793,0.000300689550188,0.0649675381033,8.62235485182,4.01550823849e-06,0.00405686318637,5.27911564927,0.0509054505994,0.165018263785
gradient_zero,1,0.17,0.179999992251,predicted,Actual proposal support boundary; monitored coordinates are pre-native endpoint forecast,True,50,43.8774258463,1.01131275223,-0.0734241698647,0.0463219880676,0.0303413189685,0.0471174757477,6.18286206946,6.27962143144,0.118551822011,-0.474311544175,1.92257353224,0.189773541242,0.269864381991,0.273058070052,0.2635864467,0.209005402216,4.63253018482,0.192190842656,0.711832203315,9.60428741515,4.75141880826e-08,0.000270567226617,8.96237725591,1.99808427034e-06,0.00209341983584,9.33329793098,1.23712874325e-07,0.000506667344744,8.15374406864,2.8695914414e-05,0.0120023633101,9.96827921095,8.62154844142e-09,8.25277878062e-05,9.14436183972,4.28022507321e-07,0.000988067268566,8.20731122497,4.46745715157e-06,0.00815647155155,9.19302352315,1.91764841981e-07,0.000740322619334,9.04472733668,8.96674244693e-07,0.00149741743684,8.63587542245,2.72433426527e-06,0.00354260747866,8.19988626856,1.60608052809e-05,0.0105214944326,8.57664637003,3.53678098798e-06,0.00407356358655,4.56720887058,0.190514120022,0.361777417304,8.50546833444,7.23837692679e-06,0.00598932271482,9.38182878757,1.12165128909e-07,0.000464220415236,5.37118106198,0.0518023694646,0.313094757712,7.30709857349,0.000308678628816,0.0654017216239,8.61748053785,3.80103617947e-06,0.00407601729737,5.27116751696,0.0512095623412,0.166708573544
gradient_zero,1,0.18,0.189999997616,predicted,Actual proposal support boundary; monitored coordinates are pre-native endpoint forecast,True,50,46.000901191,1.03138154227,-0.0669508932495,0.0199854671574,-0.00760440486312,0.0429216550962,6.23004212596,6.11757916895,0.148379911839,-0.452739017065,1.6968530739,0.189294985674,0.270709836869,0.275320633729,0.26717055978,0.207042630802,4.61183079359,0.195348222743,0.709854217854,9.54768224202,6.30668904541e-08,0.000326611442024,8.95962544127,2.01471438464e-06,0.00210336879097,9.41023003913,8.2704824604e-08,0.000389952679575,8.1793391294,2.48887557107e-05,0.0113455521189,10.0182539553,5.87765686912e-09,6.55876637992e-05,9.1269132343,4.52161676011e-07,0.00103057982689,8.20920564342,4.44922427738e-06,0.00809840349479,9.19895858737,1.85509231319e-07,0.000723938100385,9.01819116586,9.94789587645e-07,0.00160484723795,8.6337504225,2.6796458393e-06,0.00353088841196,8.23821201743,1.41426003379e-05,0.00964484031466,8.50610558513,5.05367303219e-06,0.00497012696227,4.58410322316,0.185606277243,0.358995483552,8.48122845153,7.9621932818e-06,0.00634644335519,9.40995597585,8.82203717944e-08,0.000410240056378,5.29412039104,0.0574295502698,0.311980462629,7.31038144589,0.000304125906128,0.0650405204457,8.60603933025,3.69022407052e-06,0.00416965065546,5.26244303584,0.0511097412047,0.167915667356
gradient_zero,1,0.19,0.199999988079,predicted,Actual proposal support boundary; monitored coordinates are pre-native endpoint forecast,True,50,46.0101016958,1.06621201359,-0.062642462101,-0.00509917680264,-0.0306542402768,0.0401032336757,6.34220635999,6.00132078328,0.154814442758,-0.445134059558,1.5260959871,0.187553128521,0.270099710025,0.275432791756,0.270304624391,0.206444158417,4.60514011834,0.195738761524,0.708796763083,9.52010848481,6.6277352246e-08,0.00034873482449,8.95716004155,2.02730760358e-06,0.0021102144987,9.46147975713,6.19465088145e-08,0.000322467896342,8.2022541671,2.18021367955e-05,0.0107876009983,10.0696672552,3.62194753813e-09,4.97690050733e-05,9.10720680002,4.6997273998e-07,0.001075187481,8.21784420156,4.22103862604e-06,0.00788515928985,9.18722855824,2.04942440589e-07,0.000762802523424,8.97843309777,1.15395090992e-06,0.00177650036936,8.62118498586,2.79266481111e-06,0.00363312169801,8.26344368741,1.28292696248e-05,0.00909480009639,8.47536986442,5.49248968631e-06,0.00538245968524,4.60115710109,0.180992511152,0.358844929045,8.43935510559,9.44228359511e-06,0.00700244833728,9.43506183695,6.8964696247e-08,0.000364126968529,5.24110944236,0.0617591773558,0.312604883683,7.30261222949,0.000318280067121,0.0656736435311,8.59571345033,3.5720751512e-06,0.0042691514635,5.22976976544,0.0525293538741,0.165586344729
gradient_zero,1,0.2,0.209999993443,predicted,Actual proposal support boundary; monitored coordinates are pre-native endpoint forecast,True,50,40.7600980387,1.10161662812,-0.0549650309944,-0.0231269517922,-0.0266770056152,0.0366102072214,6.40322666323,6.01415385931,0.154152201408,-0.418755275792,1.54062565269,0.186930437271,0.2698982386,0.275008245804,0.268737366459,0.205894860525,4.57976412368,0.19712829457,0.707432358534,9.52284588927,6.31903717392e-08,0.000342751683016,8.963637622,1.94256384249e-06,0.00206445315841,9.4968281115,5.27295267489e-08,0.000285806732547,8.22075874848,1.97233665717e-05,0.0103449618005,10.1075221473,2.14315294667e-09,3.86380549741e-05,9.09085744973,4.93301561719e-07,0.00111929133309,8.21966666689,4.20668520573e-06,0.0078618325254,9.19439200048,1.98271681676e-07,0.000747400282715,8.9473129065,1.27525190076e-06,0.00191814906488,8.61236454584,2.95604213839e-06,0.00373793819518,8.24977853433,1.34479891249e-05,0.00939289928162,8.49211242287,4.82986237998e-06,0.00513106710048,4.62072257048,0.176346862107,0.36137750007,8.40394625593,1.09218833743e-05,0.00759844496369,9.45148997503,5.4996162868e-08,0.00033015054519,5.23588359167,0.0622146080019,0.310531503798,7.29377102371,0.000333251952714,0.0664377375782,8.59814337062,3.37920592037e-06,0.00422785109347,5.22024017145,0.0529321966852,0.163791521557
gradient_zero,1,0.21,0.219999998808,predicted,Actual proposal support boundary; monitored coordinates are pre-native endpoint forecast,True,50,39.9822297948,1.05603641567,-0.0500936411285,-0.0326476605618,-0.0375676176214,0.0371285776116,6.50326593796,6.10113002343,0.145297361592,-0.422536106341,1.68867002679,0.186108763955,0.269573640659,0.272678347067,0.264309052011,0.20481646807,4.55656037478,0.196654522475,0.699849575044,9.51188770151,6.77979951011e-08,0.000356271285086,8.93902116341,2.15711024033e-06,0.00219200910324,9.49252369821,5.31144326512e-08,0.000288930231404,8.20637486587,2.05444094426e-05,0.0106786283499,10.144382179,1.71587875296e-09,3.37019504523e-05,9.06172784059,5.55981444697e-07,0.00121259991014,8.220147545,4.24378834121e-06,0.00787198343921,9.19301657124,1.96863961484e-07,0.00074827471574,8.93536024511,1.30505845626e-06,0.00197026742188,8.6086711509,3.15038869122e-06,0.00381913523091,8.22146149695,1.51199884877e-05,0.0100552960994,8.50609674622,4.48347321258e-06,0.00496424411491,4.62271382215,0.174696399251,0.356824847653,8.37069401874,1.2591725878e-05,0.00819909820902,9.4853408648,4.54990159318e-08,0.000293836684753,5.22832184822,0.0622105696191,0.304940937463,7.2787679407,0.00035099700352,0.068254961298,8.57404063325,3.70373748372e-06,0.00449182074662,5.19664840742,0.054641794293,0.161992113351
gradient_zero,1,0.22,0.229999989271,predicted,Actual proposal support boundary; monitored coordinates are pre-native endpoint forecast,True,50,32.340086669,1.02352608638,-0.0465773580933,-0.0486796912932,-0.057745126214,0.0394642237152,6.5938585409,6.14484992929,0.15246318055,-0.439217892939,1.80609618392,0.185982920371,0.270671192019,0.271277340247,0.260636309754,0.202334476176,4.54455294748,0.195320035442,0.693621033543,9.50662052882,6.89579420314e-08,0.000359762292203,8.90019059562,2.55967117241e-06,0.00241288657769,9.4995700481,4.52513589851e-08,0.000274960491713,8.19594095806,2.10879904433e-05,0.0109449523817,10.2055217692,1.24083563603e-09,2.67636607484e-05,9.02096104418,6.81273493857e-07,0.00136762056515,8.2234195921,4.13320363022e-06,0.00776789799106,9.18401728001,2.07456392607e-07,0.000771164691894,8.9086114091,1.52709154526e-06,0.00213153518416,8.61601811002,3.04420792281e-06,0.00374169976898,8.20814970488,1.5912138117e-05,0.010407660514,8.49484426939,4.91247790672e-06,0.00516122430296,4.62233695121,0.17329814351,0.35047486324,8.33611152493,1.46815494369e-05,0.0088614862943,9.52225082659,3.80636488499e-08,0.000260644872601,5.22153537251,0.0617697772901,0.301906947737,7.27209873161,0.000359456737453,0.0689634754967,8.53396425187,4.45513418846e-06,0.00498620135456,5.18511811824,0.0550845885988,0.161991893926
gradient_zero,1,0.23,0.239999994636,predicted,Actual proposal support boundary; monitored coordinates are pre-native endpoint forecast,True,50,35.1217527956,1.04938693897,-0.044804322567,-0.0575065130377,-0.079359302547,0.0407517517292,6.68197866946,6.11608385859,0.173202833282,-0.452237541405,1.86972005238,0.1862417738,0.271018487598,0.270454120696,0.25911339959,0.20131205679,4.54058330159,0.19402484104,0.690124927052,9.50306478924,7.0391576453e-08,0.000362304753196,8.85134212539,3.18783731614e-06,0.00272516727135,9.49727822732,4.34641744578e-08,0.000275520886249,8.20127408354,2.00152645034e-05,0.0108323960622,10.2610638486,8.81065197204e-10,2.13483696836e-05,8.98709844829,8.23831810207e-07,0.00151719150461,8.22801731697,3.98799738707e-06,0.00764200820207,9.17164862693,2.25318318259e-07,0.000804620038767,8.9001415603,1.66171866382e-06,0.00219730203462,8.6236656543,2.93280257847e-06,0.00365335755579,8.1914197932,1.73126945643e-05,0.0108613553133,8.4872845665,5.10647648298e-06,0.00526087921071,4.62549179362,0.172005655552,0.346781335563,8.31452391461,1.62683231398e-05,0.0092926559596,9.56539168184,2.9605654767e-08,0.000221773013499,5.22457641808,0.0613095475991,0.302488103614,7.27094656668,0.000357707278155,0.0692268903427,8.4959320285,5.41272849891e-06,0.00550526469757,5.18330186075,0.0550343576939,0.164044842359
gradient_zero,1,0.24,0.25,predicted,Actual proposal support boundary; monitored coordinates are pre-native endpoint forecast,True,50,23.3254402589,1.0703292273,-0.0417169974709,-0.0525772518301,-0.0956976141298,0.0416338591202,6.75638239478,6.08486255045,0.182574457289,-0.454600707618,1.91520383411,0.185938748281,0.270408505118,0.270335682715,0.259232403296,0.20049847546,4.53240483655,0.193464261246,0.686767030374,9.50922396221,6.61449194804e-08,0.000350630824427,8.82259379469,3.63052035467e-06,0.00292714743071,9.48486212664,4.63255272111e-08,0.000288485485053,8.19807493058,2.04503167005e-05,0.0109033897502,10.3040714283,6.65388518431e-10,1.77579215046e-05,8.96968722728,9.08953637937e-07,0.0015993918929,8.23180763004,3.89811143544e-06,0.00755114918057,9.16397387446,2.35089526118e-07,0.000823799589987,8.90026075764,1.71551033383e-06,0.00220986945744,8.63363006939,2.78927940736e-06,0.00355020264498,8.17388623454,1.8894192968e-05,0.0113283382111,8.47627361831,5.24632019836e-06,0.00539292250712,4.63477483726,0.169752308431,0.346417995434,8.30988723481,1.67296841918e-05,0.00938603575428,9.59377829778,2.48135239359e-08,0.000198218489899,5.21420574014,0.0622928705119,0.303287297966,7.26745204741,0.000360373458139,0.0697530341388,8.47585768245,6.04001062753e-06,0.00579046684986,5.18570754518,0.0547357995037,0.166609962674
gradient_zero,1,0.25,0.259999990463,predicted,Actual proposal support boundary; monitored coordinates are pre-native endpoint forecast,True,50,17.1228543771,1.13246244326,-0.0305199788475,-0.0659102315092,-0.12095268118,0.0422943314541,6.77840309865,6.04763745584,0.224492312251,-0.452283585097,1.8220300973,0.186253636821,0.272416558454,0.268963036482,0.258999701168,0.199398708751,4.51555944818,0.19724726555,0.68124657604,9.43508917506,1.01097754034e-07,0.000446609121841,8.79896850964,4.02910510751e-06,0.00310023778738,9.50919283575,4.23840495762e-08,0.000272471773876,8.23375329908,1.65272065422e-05,0.0100629127669,10.3377124545,5.27362720553e-10,1.52519835032e-05,8.95287698933,9.92716075281e-07,0.00167961873181,8.241879207,3.63292221522e-06,0.00729314642576,9.14661994596,2.50640680163e-07,0.000862676043881,8.89310822534,1.8108562622e-06,0.00226157159983,8.6394597981,2.6827224172e-06,0.00347983588464,8.15835098918,2.10563647067e-05,0.0118145985874,8.4275211002,7.06890549113e-06,0.00619137027191,4.65598580195,0.165287920411,0.345157201948,8.29873789169,1.76379183974e-05,0.00961605863631,9.60689121389,2.25865689232e-08,0.000186890318155,5.19537192301,0.062731415939,0.302606418341,7.26496619079,0.000363116384064,0.0699923035215,8.46092405004,6.53229434944e-06,0.00601182807411,5.17557477929,0.0559152425265,0.170565079103
gradient_zero,1,0.26,0.269999980927,predicted,Actual proposal support boundary; monitored coordinates are pre-native endpoint forecast,True,50,16.8715857211,1.1549985662,-0.0200166819954,-0.0891722786808,-0.114874406036,0.0453297358392,6.7523668391,6.13092773338,0.287878375332,-0.478465734278,1.78636188827,0.185962144634,0.272605389884,0.26640165567,0.25869800083,0.200050032547,4.50491609631,0.200840352772,0.67885253019,9.3794105458,1.46912516817e-07,0.000545363256556,8.76103349221,4.77781640886e-06,0.0034005272302,9.55101199756,3.34365857132e-08,0.000235155094118,8.25280196374,1.50593295666e-05,0.0096426448191,10.2976761021,6.72203257361e-10,1.8009449404e-05,8.93793040563,1.10689204609e-06,0.00176541392378,8.26040717614,3.33980605594e-06,0.00690631333443,9.10798648567,3.11633851429e-07,0.000977374397331,8.88903364092,1.91871323746e-06,0.00230346998354,8.64531375999,2.55702856966e-06,0.00339293585475,8.14830018365,2.26252977512e-05,0.0121215211529,8.38875401032,8.96943470096e-06,0.0069000880598,4.65746739862,0.165377865134,0.343754214685,8.28531771173,1.89935009474e-05,0.00989200904877,9.59410397233,2.33030983321e-08,0.00019169755425,5.24123251042,0.0589635053342,0.299111989099,7.26935072324,0.000352221616998,0.0696441151141,8.44842705916,7.26005337879e-06,0.00619473331773,5.166096248,0.0568986233637,0.172022040286
gradient_zero,1,0.27,0.280000001192,predicted,Actual proposal support boundary; monitored coordinates are pre-native endpoint forecast,True,50,17.5871776685,1.24543817798,-0.00710372671128,-0.0991837358856,-0.112158873107,0.0480110561885,6.76694134069,6.21297343728,0.337161598581,-0.50362996697,1.72240130554,0.184975409843,0.271543003162,0.263763339961,0.258619842008,0.202002134655,4.49710874184,0.204492391113,0.673788684523,9.31497137018,2.14584990343e-07,0.000671870583753,8.74232227659,5.17340627516e-06,0.00355358059596,9.58299624104,2.77463542127e-08,0.000209982018629,8.26655332664,1.40161302268e-05,0.00934695873895,10.2628433083,8.35006238498e-10,2.08583764352e-05,8.92351298616,1.21542757818e-06,0.0018508184894,8.28178568505,3.01001962777e-06,0.00648767854951,9.0756599355,3.63133352227e-07,0.00107457320055,8.88074729554,2.02935307027e-06,0.0023624202189,8.64790012937,2.51492552721e-06,0.00335298981514,8.14019989766,2.37216824184e-05,0.0123561182991,8.33988866526,1.1579661092e-05,0.0078266234848,4.66046114353,0.164790431155,0.342174750906,8.27291587328,2.0247267943e-05,0.0101501584467,9.5824765001,2.42988431096e-08,0.000197458927536,5.24545011137,0.0580463551695,0.29496521511,7.2693932556,0.00034890768247,0.0697760931301,8.43721826831,7.9345415001e-06,0.00637912579783,5.15139198974,0.0584560004117,0.173862499619
gradient_zero,1,0.28,0.289999991655,predicted,Actual proposal support boundary; monitored coordinates are pre-native endpoint forecast,True,50,32.3389873188,1.32758081504,0.00603637472152,-0.0982454860592,-0.110610084858,0.0495126993833,6.78199820638,6.23070004023,0.366968938461,-0.511462694189,1.69663679297,0.184515799656,0.271093771566,0.263023527968,0.258723295919,0.202605617993,4.48615519926,0.20768968152,0.671400626715,9.29701184603,2.36078214723e-07,0.000709687099847,8.7404421864,5.2208664348e-06,0.00357029550931,9.60351593304,2.45048157637e-08,0.00019473323962,8.27353483727,1.35409616367e-05,0.00919498707371,10.2548224092,8.77966687304e-10,2.15673047382e-05,8.92140696134,1.22557624689e-06,0.00186222956403,8.29863863934,2.76773646143e-06,0.00617439111039,9.05868740524,3.93177841148e-07,0.0011298845819,8.87442761385,2.09473577822e-06,0.00240336892933,8.65015642446,2.48303673763e-06,0.00333233144182,8.12614781806,2.5283137038e-05,0.0127482514646,8.31432717167,1.29500418699e-05,0.00831765396467,4.66925976281,0.162776335271,0.342385534945,8.2695928814,2.050052399e-05,0.0102235912087,9.57988485709,2.4124384241e-08,0.000197175469889,5.24529915501,0.0578486755005,0.2931677156,7.26354273049,0.000355351067349,0.0705536548507,8.43702007466,7.98658755332e-06,0.00639032132463,5.15138036719,0.0586919747737,0.174273646354
gradient_zero,1,0.29,0.299999982119,predicted,Actual proposal support boundary; monitored coordinates are pre-native endpoint forecast,True,50,38.5207380293,1.36257960028,0.0118174912071,-0.0975255501652,-0.108320395675,0.0505604193943,6.786180044,6.23853085381,0.383939259239,-0.518448242614,1.69402187311,0.184268011433,0.270894601561,0.262979852168,0.258842790613,0.202611737069,4.48306071092,0.20862918776,0.671582884066,9.29513252106,2.39758295693e-07,0.000714656610849,8.73747067443,5.30160254466e-06,0.00359830604583,9.61744960102,2.21871287555e-08,0.000183466160929,8.27403443426,1.35338102456e-05,0.0091876622044,10.2529674997,8.86916586096e-10,2.17054335158e-05,8.92376298267,1.20990551934e-06,0.00185035074342,8.30688236651,2.65782662289e-06,0.00602376730756,9.05230109689,4.03463651656e-07,0.00115015588817,8.87016674539,2.13476685553e-06,0.00243107378643,8.64920078259,2.49277707177e-06,0.00334388980055,8.11367722743,2.68947816361e-05,0.0131104032109,8.30180710409,1.37365586337e-05,0.00857050564697,4.67158401071,0.162068416699,0.34235964865,8.26422331508,2.0882951329e-05,0.0103480177422,9.5849238468,2.28189049416e-08,0.000191174471569,5.2517614103,0.0573799469298,0.29254663307,7.2587359147,0.000361800917481,0.0711518916448,8.43946386285,7.89782883123e-06,0.00635858841491,5.15363107501,0.058561363183,0.174137453738
gradient_zero,1,0.3,0.310000002384,predicted,Actual proposal support boundary; monitored coordinates are pre-native endpoint forecast,True,50,34.2665740892,1.49983722989,0.0132523871994,-0.0916779011869,-0.102193735864,0.0509700681182,6.81083147623,6.24343066227,0.387084907676,-0.526027957928,1.70770316316,0.183946645467,0.270694598013,0.262515980099,0.25862662359,0.203013691466,4.48703026573,0.208742221118,0.670897951921,9.29435653587,2.40938875743e-07,0.000716239401965,8.74262073945,5.15058371693e-06,0.00354838786329,9.61063248855,2.3039946886e-08,0.000188081202582,8.2809464643,1.30606804168e-05,0.00903689648849,10.258332505,8.53241299948e-10,2.11694993872e-05,8.92037975723,1.23146988725e-06,0.00186917937957,8.3112275859,2.61983829109e-06,0.00595598525317,9.04898059422,4.11801186967e-07,0.00116339660211,8.8672525134,2.17215715574e-06,0.00245026158291,8.64750336931,2.53155961036e-06,0.0033628199014,8.10624153977,2.76096605071e-05,0.0133228258645,8.29339755313,1.42411276378e-05,0.00873863516918,4.6703423813,0.162411814758,0.342907631592,8.26056439298,2.13949389968e-05,0.0104185077489,9.58923303369,2.22031878931e-08,0.000187751593352,5.25255309111,0.0573438477429,0.2930918077,7.26055212516,0.000360119907798,0.0708882635735,8.43632336801,8.03952333213e-06,0.00641932192406,5.15755270353,0.0583627288877,0.174101704114
gradient_zero,1,0.31,0.319999992847,predicted,Actual proposal support boundary; monitored coordinates are pre-native endpoint forecast,True,50,32.3110468628,1.50799860234,0.014942951355,-0.0864270854378,-0.0997458288336,0.0519603694043,6.82630538321,6.25014177175,0.393150441726,-0.532841760205,1.72474843001,0.183505175156,0.270682128952,0.262559476502,0.25851259413,0.203105965907,4.48807102609,0.208893139,0.670096217728,9.29335314892,2.44815744409e-07,0.000720323012795,8.74577351299,5.06538243372e-06,0.00351922225749,9.60144827914,2.43367722243e-08,0.0001948687853,8.27994648601,1.30457350664e-05,0.0090569881438,10.2653243434,8.15424201538e-10,2.05453660804e-05,8.92087123667,1.22131797304e-06,0.00186563971136,8.3153020481,2.57241889871e-06,0.0058867199315,9.04233418828,4.27623376962e-07,0.0011890091006,8.86828439961,2.15648608506e-06,0.00244177843686,8.6454686628,2.55622080706e-06,0.0033839387519,8.09790994417,2.85329306665e-05,0.013565261185,8.28695193941,1.46672027941e-05,0.00886994981357,4.67167664488,0.162224791214,0.343682872859,8.26115103539,2.13299758208e-05,0.0104036718754,9.59308751302,2.17556219296e-08,0.000185118836059,5.25842021944,0.0569332979041,0.293656856493,7.26116478871,0.000359501656361,0.0707957169645,8.43265959078,8.14887830665e-06,0.00648975757684,5.15765383401,0.0583659314296,0.173877989721
gradient_zero,1,0.32,0.329999983311,predicted,Actual proposal support boundary; monitored coordinates are pre-native endpoint forecast,True,50,48.204934826,1.58209980287,0.0146489407158,-0.0870866287136,-0.0983039087319,0.052646635919,6.85229013356,6.24998612971,0.399903860024,-0.536722190865,1.72805943879,0.183075321888,0.27049447521,0.262342368237,0.258344400163,0.203442652031,4.49071409676,0.208819325634,0.669044244641,9.29029276418,2.49889770123e-07,0.000728324335783,8.74254783497,5.12525350106e-06,0.00354272145941,9.5970205324,2.50179574029e-08,0.000198314218416,8.27721471195,1.32096478737e-05,0.00911675880823,10.2731620168,7.7300187755e-10,1.98361498836e-05,8.92189853162,1.20115524523e-06,0.00185377321619,8.31760884574,2.55118854515e-06,0.00585105897715,9.03935327191,4.35954246745e-07,0.0012011124096,8.86591958741,2.16961025007e-06,0.00245257079651,8.64028755342,2.59898882476e-06,0.00342904409306,8.09322452711,2.91076251822e-05,0.0137062422179,8.28316535527,1.49386278993e-05,0.00895014213999,4.67176041178,0.162213907988,0.344086995823,8.25578096136,2.17291417379e-05,0.0105201493845,9.59787201839,2.11649913339e-08,0.000181732421058,5.25945428511,0.0568329260041,0.293584200094,7.26231030443,0.000359189462661,0.0705853533152,8.43064883764,8.15538558653e-06,0.00652195110151,5.15635522503,0.0584015278252,0.173783269427
gradient_zero,1,0.33,0.340000003576,predicted,Actual proposal support boundary; monitored coordinates are pre-native endpoint forecast,True,50,54.7432214028,1.53564005345,0.0139600206947,-0.0895343757057,-0.101003719893,0.052197754632,6.85624621023,6.2461662339,0.404255924963,-0.531319476949,1.71237442388,0.1829749981,0.270491674641,0.2625609105,0.258255614507,0.203533009985,4.49398352959,0.209242092103,0.667788192944,9.28392036669,2.58494690253e-07,0.000743230612833,8.73957344507,5.18038793952e-06,0.003564261812,9.60214931547,2.45077485901e-08,0.000195243851886,8.27517725711,1.33069973378e-05,0.00915899854341,10.2719865177,7.79591233646e-10,1.99467123269e-05,8.92050639701,1.19943811118e-06,0.00185609181613,8.31600106157,2.57847695474e-06,0.00588289734409,9.0383984338,4.42190437426e-07,0.00120699522777,8.86422100586,2.2035299128e-06,0.00246534680735,8.64127191743,2.55562755284e-06,0.00341106435795,8.09724091723,2.85565673678e-05,0.013587782538,8.28128840052,1.50712621739e-05,0.00898793006073,4.67321868708,0.161988288576,0.344491718242,8.25594034898,2.17670351662e-05,0.0105081442246,9.59481996771,2.17652426388e-08,0.000184718439087,5.25399932766,0.0571711657865,0.293398756277,7.26546197257,0.000355028688733,0.0701871864565,8.42383191325,8.40113227679e-06,0.00663179416182,5.15301509111,0.0585613388656,0.174000348119
gradient_zero,1,0.34,0.34999999404,predicted,Actual proposal support boundary; monitored coordinates are pre-native endpoint forecast,True,50,57.1987102005,1.59482507822,0.0102773334122,-0.0863741177702,-0.100101024833,0.0522277067936,6.87489348525,6.24619633607,0.401708429657,-0.529882826743,1.73141896442,0.182901281381,0.270371185555,0.262395217437,0.257944988324,0.203635691028,4.49774318405,0.208287891937,0.667395460231,9.2811964527,2.61711664423e-07,0.000749366921247,8.7305226659,5.38348573546e-06,0.00363969222982,9.59574768601,2.5219270686e-08,0.000199126321679,8.2793056413,1.30151258057e-05,0.00906654288014,10.2757388422,7.61945557266e-10,1.96445883952e-05,8.91887610024,1.19812488847e-06,0.00185966887383,8.31314042986,2.62153944575e-06,0.00593508324803,9.04309404063,4.33433498236e-07,0.00119047701472,8.86684793035,2.19795780035e-06,0.00245167426547,8.64220075979,2.52555305363e-06,0.00339906093368,8.094773068,2.89154582233e-05,0.0136620484046,8.28098388137,1.51352342201e-05,0.00899807184752,4.67074032633,0.162635222318,0.34487497057,8.25642344426,2.17929654491e-05,0.0104898736346,9.59823737589,2.13769734592e-08,0.00018254402547,5.24752892041,0.057665946886,0.293789201757,7.2673905162,0.000354446297404,0.0698502364347,8.41588976103,8.77416306362e-06,0.00676061008854,5.15368466603,0.0584458077492,0.174061618521
gradient_zero,1,0.35,0.359999984503,predicted,Actual proposal support boundary; monitored coordinates are pre-native endpoint forecast,True,50,34.7548372773,1.60963461504,0.0089986349678,-0.0866302621746,-0.100247433808,0.05241660296,6.8808205156,6.24683633274,0.398940673388,-0.528533137505,1.74132946774,0.182846680378,0.270307764334,0.262464506084,0.257763545289,0.203640334735,4.49697109873,0.208292914735,0.666578021386,9.28036877594,2.62301433086e-07,0.000751215046499,8.72490437015,5.50626960757e-06,0.00368586622583,9.59391354131,2.54554191907e-08,0.000200305686957,8.28199852991,1.27791218485e-05,0.00900200227743,10.274784814,7.67110434909e-10,1.97336633362e-05,8.91720769384,1.19452365719e-06,0.00186259478861,8.31264202289,2.62285005741e-06,0.00594256844919,9.04637811182,4.26475755147e-07,0.00117834968059,8.86807736083,2.20204678306e-06,0.00244631238664,8.64381905293,2.49190690717e-06,0.00338217056931,8.09727628902,2.85905057114e-05,0.0135872219137,8.28240405313,1.50561739288e-05,0.00897022177048,4.66961029036,0.162954158589,0.345007798255,8.2572214259,2.17802705039e-05,0.0104649289789,9.59684154148,2.16156956188e-08,0.000183755742317,5.24315300876,0.057972907225,0.29363234221,7.26662697923,0.000356307590997,0.0699031023254,8.4075099848,9.13843766761e-06,0.00689997488707,5.15538222105,0.0582732920403,0.174092405527
gradient_zero,1,0.36,0.370000004768,predicted,Actual proposal support boundary; monitored coordinates are pre-native endpoint forecast,True,50,27.9212659377,1.60304756996,0.0103713323212,-0.0735484668994,-0.0932080987358,0.05211043789,6.88994613676,6.25539873714,0.397666130268,-0.527736073596,1.73071720496,0.182598870889,0.270101657946,0.262277505194,0.257682608538,0.203892378796,4.49678996166,0.208198514481,0.666916102592,9.26935966034,2.75168256999e-07,0.000775576935054,8.73659009772,5.23324679978e-06,0.00358587813896,9.5890509523,2.62562733058e-08,0.000203913301782,8.29371272309,1.20418361343e-05,0.00875053193699,10.2687301384,7.98470901015e-10,2.02549563425e-05,8.92157144366,1.1716952547e-06,0.00184186952191,8.31346682787,2.63388514824e-06,0.00593561933495,9.04794050459,4.24264716685e-07,0.00117300308885,8.86645082649,2.20070891686e-06,0.00245321549038,8.64590028011,2.4490811761e-06,0.00336344675749,8.09425096754,2.86915737022e-05,0.0136679099229,8.26527637235,1.62660206472e-05,0.00933772481133,4.67145072799,0.162886505241,0.346307182617,8.26293407565,2.10765549933e-05,0.0103447371989,9.59040089249,2.25715076646e-08,0.000188771814372,5.2321371972,0.0588974135099,0.294547833818,7.26889448679,0.000357101740586,0.0694173983198,8.41702052125,8.72453756956e-06,0.00674946292288,5.15735857223,0.0581017150115,0.174258045001
gradient_zero,1,0.37,0.379999995232,predicted,Actual proposal support boundary; monitored coordinates are pre-native endpoint forecast,True,50,31.1831205123,1.63144883982,0.00667611375809,-0.0749029362583,-0.0945388227963,0.0527875472473,6.90782815468,6.24366010057,0.399947050412,-0.520129786622,1.78093776114,0.182694290716,0.270227728417,0.262509927923,0.257285138669,0.203552720856,4.49809265156,0.208202806534,0.665519081811,9.27389801422,2.71475372941e-07,0.000766968776446,8.71079889937,5.85795501756e-06,0.00381050880282,9.58305398031,2.68728951192e-08,0.000207609787818,8.2972401929,1.17706359391e-05,0.00867238078793,10.2816186566,7.33758783744e-10,1.91620298405e-05,8.92012420185,1.16020854759e-06,0.00183979959661,8.31351541615,2.58969805772e-06,0.00592196129955,9.05590239827,4.06953498632e-07,0.00114436326272,8.8718472748,2.22322283354e-06,0.00243414087794,8.6493381253,2.37047260091e-06,0.00332283328392,8.08979283709,2.92265382834e-05,0.0138046542767,8.28256153494,1.4929950562e-05,0.00895507142594,4.66994657562,0.163234451248,0.346635772603,8.26248873924,2.15029098659e-05,0.0103343087789,9.59843696224,2.15229005151e-08,0.000182848453486,5.22609714494,0.0591841438547,0.293738071191,7.26907233184,0.000355254260829,0.0695163795052,8.39420918769,9.91138154292e-06,0.00713242797872,5.16030186463,0.0578410622827,0.173779429663
gradient_zero,1,0.38,0.389999985695,predicted,Actual proposal support boundary; monitored coordinates are pre-native endpoint forecast,True,50,31.2455272638,1.65476777536,0.00514531627655,-0.0746884963298,-0.0926942613983,0.0523367407094,6.92038954167,6.23091841192,0.403834963908,-0.514442801885,1.78275971319,0.182712987199,0.270283895629,0.262683330122,0.257240942344,0.203378141942,4.49836900693,0.20839490984,0.665097582181,9.27383732304,2.72477679684e-07,0.000767619883115,8.70294791392,6.05929013325e-06,0.00388049108752,9.58650377006,2.61264568155e-08,0.000204228975641,8.30347136793,1.1417026047e-05,0.0085424491696,10.2846714763,7.19895042142e-10,1.89136039002e-05,8.91866503498,1.16788709785e-06,0.00184692387093,8.31238466118,2.59873776212e-06,0.00594293839389,9.06038551518,3.97999325848e-07,0.00112922804765,8.86849631095,2.2760275423e-06,0.00245912315013,8.65039502665,2.33945196022e-06,0.0033068480333,8.08648339234,2.97680633455e-05,0.013906010403,8.28425980188,1.47680906548e-05,0.00891446435438,4.66943529892,0.163256076367,0.34727515242,8.25821987336,2.19740563053e-05,0.0104232676398,9.60297543301,2.07295488427e-08,0.000178876497658,5.2205209775,0.0595507430493,0.293636940728,7.27418631332,0.000347466350937,0.0689647433957,8.38935484746,1.0207682291e-05,0.00721791184325,5.16403357282,0.0576343637943,0.173613487749
gradient_zero,1,0.39,0.399999976158,predicted,Actual proposal support boundary; monitored coordinates are pre-native endpoint forecast,True,50,28.7011572501,1.57547075157,0.00344710365295,-0.0820180544639,-0.0880800238514,0.0519244313755,6.9244928491,6.22312049689,0.402209021421,-0.513353669962,1.77603246066,0.18270827112,0.270348670903,0.262890154822,0.257295928533,0.203174034477,4.49920910032,0.208819575045,0.665054593092,9.28118728236,2.6198519544e-07,0.000750486604135,8.69631928486,6.24534356288e-06,0.00394188854453,9.59206651835,2.5124012151e-08,0.000199538362796,8.30506874506,1.13852299035e-05,0.00851252797556,10.2818704343,7.3144891593e-10,1.91212611173e-05,8.92003139584,1.15001208752e-06,0.00183588043387,8.31202205015,2.59980440317e-06,0.00595148878889,9.06590566792,3.86872601165e-07,0.00111028809911,8.85643254332,2.41402669264e-06,0.00253872990156,8.64883895934,2.31999914789e-06,0.00331062572296,8.087609896,2.9792342639e-05,0.0138763832931,8.29295192092,1.419293806e-05,0.0087346198634,4.66642149384,0.163726665467,0.347254319492,8.24729592294,2.29248682718e-05,0.0106690147286,9.60561524253,2.02729097975e-08,0.000176439478423,5.22199281037,0.0593814082308,0.292579864843,7.27645387194,0.000343569292191,0.0687537594158,8.39086065997,1.01050658101e-05,0.00719358431191,5.16790543137,0.0573368039846,0.173251160833
gradient_zero,1,0.4,0.409999996424,predicted,Actual proposal support boundary; monitored coordinates are pre-native endpoint forecast,True,50,21.4037764174,1.52579074389,-5.32196426413e-05,-0.0900373262548,-0.0884893378878,0.0506739110992,6.92400328187,6.22264354158,0.390890783641,-0.509510314902,1.77885598546,0.182704133302,0.270381892182,0.262989319468,0.257313616639,0.203109327318,4.50168363056,0.208336033116,0.665072875548,9.28790742922,2.53413915439e-07,0.000735306717856,8.69179188421,6.37987921241e-06,0.00398413905915,9.59270881062,2.50916693748e-08,0.00019926513325,8.30102802971,1.16158714926e-05,0.00859552533333,10.277990752,7.50633720969e-10,1.94492366674e-05,8.91466550614,1.17555051109e-06,0.0018622814213,8.30683986069,2.67145315671e-06,0.00604769019221,9.0739815506,3.69724173665e-07,0.0010817273702,8.85027778011,2.48304984162e-06,0.00257919574008,8.65125087642,2.26457227983e-06,0.00327719274198,8.09484033168,2.89241334913e-05,0.0136616295128,8.30564143409,1.34089719389e-05,0.00847843101007,4.66317648468,0.164286657757,0.346844756235,8.24363081292,2.3200390782e-05,0.0107543824639,9.60569813896,2.02802295631e-08,0.000176513119726,5.22309377789,0.0592732623986,0.292076833812,7.27765009874,0.000341945350971,0.0686121101496,8.38716106797,1.02183488673e-05,0.00725573546242,5.16777969768,0.0573562934366,0.173025927917
gradient_zero,1,0.41,0.419999986887,predicted,Actual proposal support boundary; monitored coordinates are pre-native endpoint forecast,True,50,-0.176166080299,1.43956782718,0.0041206719017,-0.0845722934985,-0.0780235985184,0.0509431485863,6.90717218302,6.25378241244,0.383440896981,-0.513414889701,1.76754334395,0.182477509734,0.270159822965,0.262650360167,0.257282156179,0.203478949341,4.49524660263,0.209086654038,0.665928718312,9.28749050142,2.54219578863e-07,0.000736134317909,8.70654207116,6.00997790681e-06,0.00385399983284,9.59022742667,2.56223224241e-08,0.000201381948691,8.30414695437,1.15281790017e-05,0.00853768215286,10.2575672382,8.58302654102e-10,2.12416477333e-05,8.92429863409,1.12287763008e-06,0.00181279758728,8.31192992453,2.60594007058e-06,0.00595999272888,9.06993748871,3.78261080824e-07,0.00109595903709,8.84682332584,2.50348870175e-06,0.00259835151993,8.65052584049,2.27841024222e-06,0.0032910459074,8.09333968643,2.89029339516e-05,0.0136982715943,8.3031720311,1.35433659587e-05,0.00852830667117,4.66587314033,0.164143853107,0.347438875105,8.2474209723,2.2695559112e-05,0.0106758421176,9.59020283162,2.22547802576e-08,0.000187480327728,5.22356550183,0.0592729273841,0.291723076125,7.27415025451,0.000347516664451,0.0689840442657,8.40520573972,9.39788455973e-06,0.00695130281475,5.1684238565,0.0573267093072,0.173019805536
gradient_zero,1,0.42,0.42999997735,predicted,Actual proposal support boundary; monitored coordinates are pre-native endpoint forecast,True,50,-9.03699084085,1.44159805817,0.000390796813964,-0.0966177946711,-0.0804382559919,0.0503999083706,6.89387130674,6.27556440358,0.378469918162,-0.513343589345,1.75503687184,0.182316278031,0.269973595816,0.262392805002,0.25735746761,0.203782491621,4.49635495031,0.208706108834,0.665063626471,9.28857253977,2.53399663647e-07,0.000733971668043,8.70050503973,6.17912064848e-06,0.00390868128121,9.59691377969,2.48379403597e-08,0.000197024879187,8.29466686159,1.20136922097e-05,0.00873234861087,10.2439656819,9.3666026558e-10,2.25003465337e-05,8.91843915236,1.1600238036e-06,0.00184477070793,8.30716556281,2.66040726627e-06,0.00604460641277,9.07041974349,3.78151976801e-07,0.00109537249391,8.84592792509,2.49223225872e-06,0.0025996669327,8.64860285283,2.29802691131e-06,0.00330354491989,8.10716480771,2.73106886875e-05,0.0132925332826,8.31442488938,1.29011285725e-05,0.00831030322158,4.66090194299,0.165058237972,0.345936644963,8.24293041569,2.2986826208e-05,0.0107839388767,9.58429617646,2.30292134694e-08,0.000191800223599,5.22327566092,0.0591705539688,0.290271827518,7.27668197646,0.000342233737574,0.068789054739,8.39929778666,9.54147723363e-06,0.00704779821062,5.16382459508,0.0576659182882,0.173103154879
gradient_zero,1,0.43,0.439999997616,predicted,Actual proposal support boundary; monitored coordinates are pre-native endpoint forecast,True,50,10.180304919,1.53979191261,-0.000175549831393,-0.104706202784,-0.0833153388166,0.0497306572448,6.8814790853,6.28799252917,0.380012872607,-0.509872987694,1.74003597888,0.182249064132,0.269932336279,0.262357639233,0.257437061842,0.203908654121,4.49577972358,0.208768828437,0.664733820558,9.2900756124,2.52292500275e-07,0.000731094401019,8.69943346879,6.20302191255e-06,0.00391700661965,9.6078786523,2.32256856132e-08,0.000188840127473,8.28547263138,1.2557168341e-05,0.0089264151334,10.2351897702,9.92589093338e-10,2.3364473942e-05,8.91467552046,1.18516215459e-06,0.00186617954474,8.30427812534,2.70125982715e-06,0.00609855970523,9.06943560969,3.79123752296e-07,0.00109804621196,8.84370928802,2.50531345756e-06,0.00261200987144,8.64647134878,2.32931422504e-06,0.00332233052539,8.11155657793,2.69111838106e-05,0.0131695035364,8.32108479725,1.2540905815e-05,0.0081828026875,4.66145136539,0.16489678746,0.345628561635,8.23821760361,2.3418169035e-05,0.0108932381914,9.57955446789,2.36110884364e-08,0.000195111371018,5.22880159834,0.0587554504821,0.289729447825,7.27713455627,0.000340993681924,0.0687603902633,8.39723580751,9.56853539797e-06,0.00708181398491,5.15830742985,0.0580589633675,0.173128700188
gradient_zero,1,0.44,0.449999988079,predicted,Actual proposal support boundary; monitored coordinates are pre-native endpoint forecast,True,50,3.05173805885,1.59605211668,0.00194900766373,-0.101820539274,-0.0796803432965,0.0497153438565,6.88014415764,6.2926800141,0.386205008523,-0.507762913364,1.73721574607,0.182235852072,0.269870257725,0.262281251459,0.257377641091,0.20395301302,4.49485285273,0.209160378341,0.665107374111,9.28990519268,2.52514082051e-07,0.000731409129921,8.70268526227,6.12012244081e-06,0.00388828640749,9.61085583863,2.27956271157e-08,0.000186566957965,8.28829779774,1.24405291631e-05,0.00886737312171,10.2312596412,1.01825360745e-09,2.37601150049e-05,8.91900514396,1.16242514234e-06,0.00184379664776,8.30610021431,2.68442966814e-06,0.00606916604698,9.06720720478,3.83217514879e-07,0.00110580786273,8.84142992981,2.53088187163e-06,0.00262766588331,8.64666268382,2.32015738747e-06,0.00332028467451,8.1053501368,2.76226905454e-05,0.0133487987808,8.3169951879,1.27601592103e-05,0.00826132865274,4.66426500634,0.16446605814,0.346300263619,8.23800870793,2.34227131832e-05,0.0108988883449,9.57632793007,2.40126825268e-08,0.000197307624783,5.23167264353,0.0585764289215,0.289840184209,7.27864422088,0.000338741366541,0.0685928201508,8.40327357181,9.33261210301e-06,0.00697993989257,5.15939484124,0.0580164248627,0.17305072912
gradient_zero,1,0.45,0.459999978542,predicted,Actual proposal support boundary; monitored coordinates are pre-native endpoint forecast,True,50,4.97986484804,1.67288068899,0.00562553897857,-0.09206684623,-0.0733283469343,0.0487474426482,6.86728845856,6.30355308838,0.3776239184,-0.507901108919,1.72783939007,0.182221971533,0.269845568988,0.262249933,0.257449662778,0.204043623523,4.49482820329,0.209381423067,0.666700930807,9.28669480756,2.56242413811e-07,0.000738282539718,8.72372429482,5.6114470018e-06,0.00370614182648,9.60867857097,2.30030469662e-08,0.000187681845951,8.29205746405,1.22642469605e-05,0.00879126623486,10.2288710361,1.03179582116e-09,2.39687690316e-05,8.92850289976,1.11201917887e-06,0.00179583609025,8.30814963263,2.6675228154e-06,0.00603769680503,9.06601611688,3.84634580384e-07,0.00110903494537,8.83466248187,2.60800633825e-06,0.00267415455411,8.65215260187,2.24154111897e-06,0.00326769445947,8.09686338657,2.85521434272e-05,0.013596467297,8.31028933969,1.31347996076e-05,0.00839186582102,4.66714554272,0.164141596228,0.347097615117,8.24723837753,2.24621158202e-05,0.0106932714195,9.57344470804,2.44028489018e-08,0.000199295135022,5.23096975449,0.0587002634435,0.290357209938,7.2788913313,0.000338231743507,0.0685730230324,8.42078154944,8.58940884817e-06,0.00669286126326,5.158760736,0.0580505927188,0.173098713638
gradient_zero,1,0.46,0.469999998808,predicted,Actual proposal support boundary; monitored coordinates are pre-native endpoint forecast,True,50,4.11945613663,1.67046391364,0.000224857482909,-0.0914329696083,-0.0776590028667,0.0481821767378,6.86994211571,6.30089537098,0.37305780727,-0.508223846458,1.7301090849,0.182271127445,0.269864128995,0.262248017083,0.257414220897,0.204034800232,4.50198805167,0.207839382332,0.666913963562,9.28502313748,2.58858669956e-07,0.000742187511321,8.72245267827,5.63783676939e-06,0.00371588256799,9.60270917799,2.37693029135e-08,0.000191715627706,8.28721953777,1.25149450856e-05,0.00889311110467,10.2370543417,9.80830823467e-10,2.31705469712e-05,8.92752573787,1.12438123237e-06,0.00180341653151,8.30137046413,2.75926361107e-06,0.00615959216143,9.06926351849,3.78131761031e-07,0.00109773953213,8.83787643118,2.56487058362e-06,0.00265123140605,8.65047816934,2.261138194e-06,0.00328163397467,8.10015898569,2.82025701015e-05,0.0135015939175,8.31578581569,1.28124470788e-05,0.00828218303017,4.66210857024,0.164959936398,0.346452441238,8.24752142114,2.24478811359e-05,0.0106862310073,9.58231134682,2.31966505638e-08,0.000192968406699,5.22926442593,0.0588641665607,0.291133083152,7.28362291655,0.000331888789228,0.0680240702669,8.41801377126,8.69377275975e-06,0.00673741247755,5.1529372836,0.0584299541202,0.173223569074
gradient_zero,1,0.47,0.479999989271,predicted,Actual proposal support boundary; monitored coordinates are pre-native endpoint forecast,True,50,-13.328106563,1.74458687201,-0.00130478366852,-0.0812876245761,-0.0740871238971,0.046774005273,6.8661184523,6.30113329193,0.375088066675,-0.495103552984,1.73198875761,0.182422238914,0.269940736619,0.262290066057,0.257389940986,0.203917847145,4.5021553617,0.207347334856,0.667815755349,9.27711254893,2.70155133847e-07,0.000761134764841,8.73239710593,5.38665956032e-06,0.00362848174218,9.60549721479,2.29322067394e-08,0.00018797415935,8.29397584337,1.21264385891e-05,0.00875288948628,10.2368398881,9.83216153776e-10,2.32100004553e-05,8.93108546351,1.12546062925e-06,0.00179329792183,8.29762177323,2.81868363373e-06,0.00622961094004,9.07768440305,3.59663218298e-07,0.00106711021529,8.84377823658,2.49732862824e-06,0.00261187748583,8.65013981448,2.28074031003e-06,0.00328971179734,8.08870074373,2.98156441058e-05,0.0138434602166,8.30990457834,1.31944850111e-05,0.00840077475871,4.6658106246,0.164586304562,0.347894217291,8.25533100701,2.18078343441e-05,0.0105074038954,9.58094483475,2.33292552537e-08,0.000193796390533,5.21986480093,0.0596458723859,0.291963988679,7.29029622134,0.00032410117235,0.0672012718719,8.42276859005,8.56156258328e-06,0.00666270769273,5.15199761018,0.0584495514373,0.173117262665
gradient_zero,1,0.48,0.489999979734,predicted,Actual proposal support boundary; monitored coordinates are pre-native endpoint forecast,True,50,-3.62648324731,1.74019421222,-0.00153243526459,-0.0758523837113,-0.0727078396344,0.0463426571273,6.86514484099,6.30408731619,0.380139394732,-0.488791268777,1.73159990441,0.182406532135,0.269960805151,0.26230961647,0.257387851879,0.203858210133,4.50391644593,0.207267769461,0.667887930977,9.27253098168,2.7647591896e-07,0.000771906112643,8.73516452725,5.32932345873e-06,0.00360638422974,9.60509871762,2.30837071126e-08,0.000188441212112,8.29662710611,1.19633620562e-05,0.00869805647302,10.2370990171,9.8219124894e-10,2.31842436276e-05,8.93567136881,1.10382193936e-06,0.00177180017377,8.29613352489,2.84189112486e-06,0.00625811947049,9.07974862157,3.55705108469e-07,0.00105998999463,8.8475824113,2.44945325089e-06,0.00258562455928,8.64831792506,2.31372433811e-06,0.00331135906147,8.08281625852,3.05416841307e-05,0.0140216652449,8.30599700505,1.34157543191e-05,0.00847703215699,4.66890162622,0.164147647006,0.348599147326,8.25875615672,2.14632223567e-05,0.0104338653213,9.57929956532,2.36141369465e-08,0.000195252712251,5.21510425309,0.0600146266063,0.292208053219,7.29366550556,0.000319774423471,0.066818641669,8.42594107384,8.43305818018e-06,0.00661285509908,5.15080089909,0.0584948912345,0.17316061277
gradient_zero,1,0.49,0.5,predicted,Actual proposal support boundary; monitored coordinates are pre-native endpoint forecast,True,50,-10.8165236812,1.85089386277,-0.00390554174423,-0.0718916976833,-0.0729697162175,0.0458502229698,6.86605630522,6.30569527916,0.380898735584,-0.484347001921,1.72865498843,0.182351678715,0.269941826399,0.262328985518,0.257409604411,0.203829541191,4.50746789924,0.206516975633,0.66815479665,9.26754407922,2.82795313447e-07,0.000783284863343,8.73577402686,5.32387308813e-06,0.00360271492101,9.60395155512,2.31870119115e-08,0.000188931967054,8.29838326092,1.18393293709e-05,0.00866040544252,10.2374550712,9.81404350476e-10,2.31599828329e-05,8.93915617465,1.08782813931e-06,0.00175529448973,8.2925226777,2.89248094419e-06,0.00632450006343,9.08198747624,3.5203823796e-07,0.00105295167909,8.8474184138,2.46376539075e-06,0.00258974986236,8.64993970037,2.27931308069e-06,0.00329216060547,8.08151793819,3.07403211578e-05,0.0140622263309,8.30254465581,1.36387102577e-05,0.00854760833078,4.6683981703,0.164297310925,0.348764954636,8.261841214,2.11870310026e-05,0.0103660590286,9.58047994388,2.34657394323e-08,0.000194518248041,5.20897538936,0.0604978882776,0.292627001052,7.29939713323,0.000311955493574,0.0661967121395,8.42621196145,8.42887201743e-06,0.00660947634022,5.14894510672,0.0585817097437,0.17330216662
gradient,0,0,0.00999999977648,predicted,Actual proposal support boundary; monitored coordinates are pre-native endpoint forecast,True,50,-5.83015947744,0.851918323769,-0.114538376179,-0.0252743298197,0.241921381626,0.0479799387969,6.09461169479,6.4319467951,0.151407869475,-0.50718948568,1.99170087274,0.177738579177,0.259902040295,0.28205869949,0.262445673256,0.218734276407,4.68770080642,0.187562455354,0.719759296581,9.79690654632,1.25119978842e-08,0.000124550727314,9.21591622496,2.16574565103e-07,0.000802571352243,9.33763715448,1.7403762185e-07,0.000555133549237,8.29065560453,1.46433554864e-05,0.00915696259793,9.84295700201,2.17401408814e-08,0.000139395873215,9.25030608422,1.58191204318e-07,0.000653959107578,8.20033516942,4.98225074453e-06,0.00847642881374,9.36545726096,7.18910287929e-08,0.000389052924839,9.02691166594,1.10816168864e-06,0.00159976337035,8.53104194774,3.52994724222e-06,0.00441293286669,8.18708932643,1.45958229784e-05,0.0108661352952,8.54150391399,6.10411707595e-06,0.00474415462639,4.49282952854,0.200679116529,0.372668699915,8.4228997029,1.62304307008e-05,0.00716431998994,9.38569769968,9.59958920739e-08,0.000416634851322,5.23827294463,0.0535977057573,0.28208027266,7.38086114549,0.000242018592613,0.0565843732003,8.77156561211,1.51939479886e-06,0.00258988914267,5.57201629038,0.031151103695,0.194863948854
gradient,0,0.01,0.019999999553,predicted,Actual proposal support boundary; monitored coordinates are pre-native endpoint forecast,True,50,-14.3014827244,0.872670123383,-0.0898087070847,-0.021352093854,0.166735020552,0.043795723236,5.79645424946,6.10378622436,0.00822862630659,-0.437547557139,1.88817213905,0.186678937541,0.271750727506,0.292446282412,0.269044212995,0.213179059419,4.61764617423,0.201885625077,0.725865275698,9.83464873774,1.0309383635e-08,0.000109686097259,9.36971736093,1.00405575397e-07,0.00048935791699,9.3160580373,2.03330575638e-07,0.00060771454895,8.31397450263,1.15316935831e-05,0.00861509051717,9.83160711587,2.55948350529e-08,0.000153734036636,9.29434793767,1.1697503609e-07,0.000549225196169,8.19117628458,5.21244756997e-06,0.00864049163823,9.39561683064,6.99581971701e-08,0.00036356386709,9.13355530124,5.69569516898e-07,0.00113405551218,8.61846682414,2.56268547704e-06,0.00349864193554,8.27212766407,9.81474319096e-06,0.00879365496865,8.59233924201,4.29590451297e-06,0.00408738825639,4.51707629753,0.192680734013,0.371864028115,8.63991706815,5.70667337078e-06,0.00435972930356,9.31716634898,1.90028692042e-07,0.000585340249835,5.27416228637,0.0542870832495,0.289150992897,7.33211908646,0.000275876833114,0.0625665767086,8.81674166955,9.49857513917e-07,0.00217058780248,5.53798084363,0.0313649106221,0.184083133462
gradient,0,0.02,0.0299999993294,predicted,Actual proposal support boundary; monitored coordinates are pre-native endpoint forecast,True,50,-8.10132686363,0.876590593379,-0.0837166117096,-0.0054954874897,0.103653628502,0.0447131446423,5.78293907717,6.11842168163,-0.039744996254,-0.428986356177,1.83450950463,0.188393459069,0.271014890594,0.292373904804,0.26834874137,0.213104199402,4.62545169219,0.198316523544,0.724851591636,9.7903662501,1.35210958127e-08,0.000130367649166,9.39948439405,8.98059372849e-08,0.000448766556069,9.29438450033,2.19036305848e-07,0.000647920766479,8.26033258131,1.46539964387e-05,0.00970257873992,9.81418971682,2.85972798352e-08,0.000165023254394,9.28567011499,1.18149714336e-07,0.000559596755925,8.17954752307,5.46987279703e-06,0.00889702945569,9.36470926801,7.96826652134e-08,0.000400443635275,9.16225723295,4.55096392527e-07,0.00102426983981,8.65168324173,2.27048821158e-06,0.00321400256598,8.2971219567,8.78562154106e-06,0.00824389536227,8.59605408748,3.8961534858e-06,0.00399648483977,4.53876977019,0.188970383677,0.366799430561,8.70844180265,3.74666824889e-06,0.00365399400041,9.29458260818,2.29941366558e-07,0.000650315409086,5.27299327467,0.0562483641676,0.297718656948,7.30842925695,0.000297418523635,0.0655361209654,8.80032966966,9.92453511445e-07,0.00226973488388,5.4758547405,0.0347692238314,0.185564003283
gradient,0,0.03,0.0399999991059,predicted,Actual proposal support boundary; monitored coordinates are pre-native endpoint forecast,True,50,-1.07284019704,0.896956007644,-0.0778414057159,0.0182196342564,0.0518517353868,0.043872037637,5.86660793845,6.19879643867,-0.0345006227728,-0.412410735917,1.86178304552,0.188710809297,0.269017342325,0.289605510906,0.266275014326,0.212697398509,4.63989883986,0.192147866595,0.7216258264,9.7192078641,2.15888092346e-08,0.000172901078856,9.36714277974,1.08729895682e-07,0.000501786581131,9.31717999896,1.71725180033e-07,0.000579798896735,8.22186620544,1.78745113535e-05,0.010508239553,9.79987833338,3.1708407741e-08,0.00017592105207,9.24732383581,1.41147695584e-07,0.000631676786448,8.17589774377,5.39366629645e-06,0.00893439410545,9.32542469769,9.70345644528e-08,0.000459279596702,9.15934646774,4.75180695344e-07,0.00104650398725,8.68260437648,2.02978462485e-06,0.00298056741156,8.29473732952,8.84553940955e-06,0.00826831637923,8.58300842056,3.66075297502e-06,0.00406941583988,4.56099343717,0.184839699884,0.364525213224,8.70009501101,3.84177733427e-06,0.00374152114435,9.28371897551,2.4862151733e-07,0.000682549452508,5.26237164754,0.0588349340183,0.306954243478,7.30015966895,0.000302516768401,0.0667976123502,8.74086433403,1.36659446738e-06,0.00272448596405,5.41392604439,0.0387076728456,0.184147977991
gradient,0,0.04,0.0499999970198,predicted,Actual proposal support boundary; monitored coordinates are pre-native endpoint forecast,True,50,10.272136513,0.910656228544,-0.0705393551254,0.0403572058296,0.0442016109562,0.0444686836446,5.9368247128,6.25347483869,-0.0323940525972,-0.415779523738,1.88759544795,0.189400012427,0.267048334785,0.288068502908,0.265322119136,0.212365945935,4.64012218102,0.189228335636,0.722459860628,9.66793329935,3.13390565151e-08,0.000213440155794,9.36859049529,1.08601533084e-07,0.000499871985611,9.31688831214,1.58674317464e-07,0.0005663900118,8.22218481954,1.81529337397e-05,0.0104559193876,9.77691875377,3.64638723946e-08,0.000191987817446,9.23477518605,1.49018278208e-07,0.000657007142874,8.18607991197,5.06539791737e-06,0.00865593758431,9.29624953195,1.14363981528e-07,0.00051165298153,9.15246802193,4.87937706191e-07,0.00106795905188,8.69087659708,2.03950493307e-06,0.00294750318037,8.27409770929,9.95258683684e-06,0.00870581384929,8.5615698225,3.88490758542e-06,0.00428613078636,4.57938956282,0.181614124148,0.367686448879,8.69803189957,3.83415799173e-06,0.00375957418286,9.26655737397,2.72386500682e-07,0.000726360461147,5.26703446111,0.0594272967233,0.312770275771,7.29365008327,0.000311874640058,0.0675349781499,8.72507126258,1.5453091445e-06,0.00287698459317,5.37747582451,0.0412510144867,0.179822001865
gradient,0,0.05,0.0599999986589,predicted,Actual proposal support boundary; monitored coordinates are pre-native endpoint forecast,True,50,11.3656322898,0.912774316268,-0.0640957020187,0.0568267970896,0.0431417116261,0.0472447229963,6.02265991422,6.31434130127,-0.044624040625,-0.418081359568,1.96288815798,0.189745610504,0.26485722453,0.285086688579,0.263822854201,0.212859545721,4.63716876532,0.186944278208,0.721338804821,9.64428926697,3.69262713923e-08,0.000234380760113,9.37822636898,1.01024742192e-07,0.000479174986259,9.27651396983,1.84922556402e-07,0.000641289544124,8.21811118432,1.88644605733e-05,0.0105206481732,9.76842205183,3.82560141364e-08,0.000198071060551,9.23266040106,1.46376858448e-07,0.000654163279309,8.19505821494,4.79421172622e-06,0.00842155107186,9.26834923823,1.34993071843e-07,0.000569248469004,9.13152469031,5.50130138521e-07,0.00114562292779,8.70166584659,1.97873334786e-06,0.00288386930233,8.2473200568,1.12687504e-05,0.00929773288331,8.55754339049,3.82269336003e-06,0.00431086081123,4.59374874853,0.179079011481,0.369099504728,8.67573821455,4.33798237934e-06,0.00399494652839,9.2435553107,3.1013591985e-07,0.000788238004751,5.28579920921,0.0587365747002,0.31643678671,7.28890779625,0.000315674986307,0.068240856776,8.72413852697,1.60949942646e-06,0.00289472574087,5.33970671971,0.0436469588596,0.175066419438
gradient,0,0.06,0.070000000298,predicted,Actual proposal support boundary; monitored coordinates are pre-native endpoint forecast,True,50,4.27915931694,0.923260952941,-0.0652909801865,0.0555623042202,0.0554539963341,0.0483952764125,6.04227176747,6.41088039756,-0.043682697152,-0.420245851102,2.08230250884,0.190161403175,0.264315277092,0.283267766875,0.262046907547,0.211933792656,4.63519759792,0.186329249053,0.718842257347,9.6603770764,3.40650123481e-08,0.000222520464911,9.35817346692,1.08042772316e-07,0.000507207294206,9.25857700432,1.90669080545e-07,0.00067432334883,8.20002937721,2.14215980967e-05,0.0109316888878,9.73451028454,4.69241815349e-08,0.00022471014124,9.2230434374,1.55452036724e-07,0.000675151618748,8.19527770908,4.79553376593e-06,0.00841913960303,9.25183096053,1.50489359761e-07,0.000610427312203,9.10984124246,6.62974465123e-07,0.00124803097391,8.71102522604,1.89651835008e-06,0.00281314552946,8.22557140511,1.25877954958e-05,0.00981474329918,8.58857658843,3.25072421727e-06,0.00395097411929,4.59317079016,0.179614683743,0.371172053029,8.63239332701,5.70033877359e-06,0.00447623030282,9.22416158494,3.48757120202e-07,0.000845261390174,5.33533476851,0.0550413508034,0.316967345001,7.29274446166,0.000308456726011,0.0679226037949,8.71962399895,1.66196776006e-06,0.0029351275549,5.31476791588,0.0454355562524,0.170173643376
gradient,0,0.07,0.0799999982119,predicted,Actual proposal support boundary; monitored coordinates are pre-native endpoint forecast,True,50,-4.47667679987,0.893515040171,-0.0696066473389,0.0555296790218,0.0798476347065,0.0501057855986,6.10379040492,6.46753372818,-0.0421258552357,-0.4244089175,2.19845967138,0.188891744424,0.263823552946,0.282216660977,0.260594874363,0.211373162497,4.63199406911,0.187254034862,0.713879700086,9.68069344748,3.09560964279e-08,0.000208643010103,9.32155995576,1.25239557506e-07,0.00056801393431,9.22460086467,2.20801642076e-07,0.00075081766998,8.1818302524,2.49088752265e-05,0.0113710298855,9.71081878214,5.38778120992e-08,0.00024481524428,9.20622107495,1.71318517498e-07,0.000717104851953,8.19807227313,4.8150174291e-06,0.00838563096199,9.24994128607,1.53393873683e-07,0.000621132572816,9.08823585435,7.77081525685e-07,0.00134677194891,8.71023636539,1.90173687552e-06,0.00282004174124,8.20840529404,1.34734105485e-05,0.0102216019946,8.61685252559,2.8031931039e-06,0.0036435295985,4.58799740683,0.181212107717,0.374211746143,8.58781313476,7.28968858712e-06,0.00498825564482,9.21522376261,3.66193965502e-07,0.000873131642394,5.37578882045,0.0518608875919,0.317161071949,7.30623040383,0.000289930006739,0.0664863377508,8.70228537019,1.89481564814e-06,0.00311406502659,5.30978167269,0.0463257486412,0.165275351306
gradient,0,0.08,0.0899999961257,predicted,Actual proposal support boundary; monitored coordinates are pre-native endpoint forecast,True,50,1.50996537024,0.943800253409,-0.0627700327301,0.049352018795,0.0933278384542,0.0520206434747,6.13399320733,6.60137125818,-0.0147591244558,-0.421297974508,2.32462316221,0.187077119689,0.263699212246,0.280423087391,0.25810026295,0.210650460363,4.62514795016,0.189054581086,0.70795367481,9.68961911618,3.02277081359e-08,0.000204233589463,9.28231449951,1.52558749863e-07,0.00064710486602,9.20568767851,2.45477268834e-07,0.000804657806497,8.14384048442,3.05626854652e-05,0.0123159186001,9.66061107225,7.17652252126e-08,0.00029185234845,9.18805849104,1.91096960495e-07,0.000766423636233,8.20634092558,4.64307219948e-06,0.00820608304636,9.23934079631,1.58695721488e-07,0.000641490255613,9.07156872813,8.74476772442e-07,0.00142571170665,8.70473967086,2.00724288275e-06,0.00288782573503,8.17658507733,1.54867142069e-05,0.011041029896,8.63536964835,2.58402715766e-06,0.00347118267046,4.59854293453,0.180020019447,0.375282868101,8.54963829835,8.83601760196e-06,0.00544575884434,9.17881007647,4.50071928945e-07,0.000985020757302,5.42193144124,0.047997941555,0.313155581834,7.3024740799,0.000292314246483,0.0670225031745,8.67602837807,2.23812098541e-06,0.0033756562879,5.29668946305,0.0475402907156,0.161993150733
gradient,0,0.09,0.0999999940395,predicted,Actual proposal support boundary; monitored coordinates are pre-native endpoint forecast,True,50,6.64552679063,0.937030144487,-0.0618006180191,0.0415700208759,0.116864478264,0.0538765569093,6.16407227159,6.65650607337,-0.00404712830655,-0.421575551091,2.39670972297,0.186449729417,0.264178767599,0.278530815017,0.256407258312,0.210377780555,4.62003452232,0.190908007712,0.705299780092,9.69905827601,2.91978117114e-08,0.000199435277553,9.24860570363,1.92276587824e-07,0.000730752849676,9.18924167628,2.68756986219e-07,0.000852151803249,8.13949122097,3.19341586269e-05,0.0124121588157,9.62444509995,8.82716464587e-08,0.000330948308177,9.1790808965,2.03549514171e-07,0.00079217692527,8.21120482561,4.61932772389e-06,0.00813225835652,9.24278802464,1.53904333877e-07,0.0006336778858,9.04605378494,1.01858067576e-06,0.0015407317741,8.69525560716,2.10549605598e-06,0.00297128886775,8.16150665959,1.64331130265e-05,0.011439145058,8.65464276748,2.43411788533e-06,0.0033064634051,4.59711191447,0.181343605569,0.376727350184,8.51526753752,1.04428866376e-05,0.00587107580849,9.15622814701,5.16053023241e-07,0.00106335882509,5.45776707299,0.044967982867,0.310267556689,7.30452307489,0.000291908757184,0.0666677102997,8.66379889694,2.51789989444e-06,0.00352130843828,5.30198891789,0.047545316302,0.159709586027
gradient,0,0.1,0.109999999404,predicted,Actual proposal support boundary; monitored coordinates are pre-native endpoint forecast,True,50,14.4395801621,0.938176365646,-0.0676042102242,0.0309815060711,0.133997858438,0.0547533960997,6.14407620808,6.65220734854,-0.00681845375663,-0.420942623511,2.39642699102,0.186797786389,0.265415287789,0.278023237648,0.256199718437,0.210383783431,4.61841184243,0.192231131306,0.70596333123,9.71825587136,2.63355297632e-08,0.000186882591845,9.22609994698,2.55825967772e-07,0.000811710636506,9.17563892499,2.90776339714e-07,0.00089400727876,8.13493456504,3.33401159674e-05,0.0125286519481,9.59646626713,1.05156832212e-07,0.000367120223671,9.18994670454,2.03487362977e-07,0.000772086115905,8.20686430752,4.77591731073e-06,0.00826129253266,9.25318400535,1.45312190993e-07,0.000612811888279,9.03594150987,1.07797631771e-06,0.00158408761706,8.67960171796,2.23614427081e-06,0.00309646952961,8.16096643732,1.65796584093e-05,0.011465994399,8.68318093625,2.16046955752e-06,0.00306086504589,4.58931816982,0.183387530242,0.377206655479,8.50625712871,1.08302813415e-05,0.00597025214682,9.14463407026,5.69816892739e-07,0.00111412809434,5.48023925277,0.0430678112979,0.307778406059,7.309969445,0.00028866316888,0.0658459437904,8.67148576466,2.62972960633e-06,0.00347712789959,5.30979712471,0.0473228439566,0.158650113502
gradient,0,0.11,0.119999997318,predicted,Actual proposal support boundary; monitored coordinates are pre-native endpoint forecast,True,50,29.4896163386,0.975044740568,-0.0719794128799,0.0305108213043,0.145446815166,0.056370387052,6.13684859792,6.65123587628,-0.00732341977429,-0.423699069539,2.41429382223,0.187203805779,0.266386692681,0.277225289488,0.256158122507,0.21020773662,4.62029040644,0.192716122799,0.706788267793,9.73596132799,2.38644701252e-08,0.000175664254099,9.18060224096,4.20942325769e-07,0.000991539886853,9.15706719801,3.22770736401e-07,0.000950450458295,8.12464103526,3.54451222912e-05,0.0127912040322,9.6010576531,1.02970902569e-07,0.000362475259694,9.19513063475,2.26270742183e-07,0.000779739331461,8.20442079979,4.85057964507e-06,0.00833418466634,9.25956614148,1.39132675354e-07,0.000598206411292,9.03365558351,1.09003590102e-06,0.00159134535931,8.6621411505,2.44668465987e-06,0.00326063740627,8.15417808664,1.70891922192e-05,0.0116530000092,8.70716100066,1.93818979392e-06,0.00285968601463,4.58616183258,0.185031509155,0.377661062443,8.50271353677,1.07372123505e-05,0.00600474473707,9.14777077668,5.66186633142e-07,0.0011072912379,5.49603178192,0.0417939079651,0.306240432525,7.30871910176,0.000294139712554,0.065785171195,8.66805121868,2.99374438967e-06,0.00355461408618,5.31831652669,0.047007740066,0.158782253321
gradient,0,0.12,0.129999995232,predicted,Actual proposal support boundary; monitored coordinates are pre-native endpoint forecast,True,50,31.0713927255,0.957397112757,-0.0733563326263,0.0337585413074,0.156046520743,0.0576861153053,6.16240895971,6.60253129767,0.0129755856989,-0.420562054247,2.42999275793,0.188588470882,0.26751871367,0.275979384558,0.256337198166,0.20965500675,4.62111827698,0.19372982683,0.708632608319,9.74602033091,2.26795670492e-08,0.000169767666392,9.1161847491,7.38781345314e-07,0.00127488818231,9.14772898448,3.3937288872e-07,0.000976616308992,8.12706973208,3.55098191189e-05,0.0127461162834,9.62738820962,9.03991700666e-08,0.000334552700289,9.193527048,2.71696058638e-07,0.000813910736741,8.20895866971,4.77229393074e-06,0.00823772031386,9.2608044225,1.38921973254e-07,0.000597265750694,9.02996859876,1.12049995961e-06,0.00160989242839,8.64107008685,2.73600438166e-06,0.00346868474002,8.13933346243,1.81753013459e-05,0.0120562027943,8.71221565385,1.93556154684e-06,0.00282396234101,4.58806379744,0.185681753433,0.378572824727,8.49215275178,1.08691297992e-05,0.00615321283865,9.15760406558,5.4726931128e-07,0.00108035421069,5.50642150109,0.0408727904691,0.305543952542,7.31279619145,0.000291709642565,0.0652023633114,8.65727537208,3.53632250961e-06,0.00371196647226,5.32745418205,0.0465839596331,0.158207211953
gradient,0,0.13,0.140000000596,predicted,Actual proposal support boundary; monitored coordinates are pre-native endpoint forecast,True,50,34.6908270841,0.932722659204,-0.0690023253822,0.0374874150372,0.154772112641,0.0595627407879,6.17695031345,6.51666326116,0.0301300664623,-0.407015814789,2.39954627981,0.189624552937,0.269030952846,0.276499848477,0.2575256091,0.207823932358,4.61044647104,0.196644976901,0.709678177209,9.74994017627,2.2245249662e-08,0.000167505858649,9.06394902748,1.11093765037e-06,0.00154331464246,9.13460336288,3.66482573588e-07,0.00102169685272,8.13082701863,3.5238326432e-05,0.012662394376,9.63162314349,9.0606935981e-08,0.000334392699777,9.19213769704,3.13180602614e-07,0.000843709749728,8.21535331683,4.63833077899e-06,0.00808721251417,9.25659241761,1.41435309795e-07,0.000605575658452,9.03764670883,1.06414484893e-06,0.00156849867336,8.62844839475,2.90781482666e-06,0.00359655527802,8.12446680935,1.96396999337e-05,0.0124872154253,8.70739213554,2.03720434704e-06,0.00286765053881,4.60443456966,0.182691736389,0.382774780918,8.49934463941,9.94250144121e-06,0.00606253737727,9.14906661876,5.88912874203e-07,0.0011204821665,5.51413732331,0.0402452833711,0.306884555542,7.31154025916,0.000296673295477,0.0651281831408,8.65433203858,3.90572253591e-06,0.00378119110366,5.3348185688,0.0463524688049,0.157924251303
gradient,0,0.14,0.149999991059,predicted,Actual proposal support boundary; monitored coordinates are pre-native endpoint forecast,True,50,40.0310807751,0.917530583972,-0.0676217697525,0.0348723846292,0.13761811522,0.0604198430407,6.23037777049,6.4199982808,0.0370713662143,-0.391829105876,2.40174799688,0.19022778436,0.270493105143,0.276637181153,0.258039409183,0.206701803629,4.59987972332,0.198511863582,0.707831290969,9.7536439428,2.18037647958e-08,0.00016509815817,9.00452593699,1.59641905044e-06,0.00185643460198,9.11848700256,4.03837298171e-07,0.00107797287631,8.12690414336,3.55773535641e-05,0.0127853911003,9.67151531331,7.52010005739e-08,0.000297766302893,9.17576967313,3.64473229553e-07,0.000901145981425,8.21465649661,4.64973340665e-06,0.00810323077623,9.25455456878,1.43558224333e-07,0.000610118810813,9.04480482656,1.00725046976e-06,0.00152754542982,8.62972256313,2.81642772117e-06,0.00357225347803,8.11083867789,2.13694518481e-05,0.012898215999,8.7114250938,1.98220264483e-06,0.00282558224852,4.61980934836,0.180122933713,0.384237509454,8.50627656939,9.10778702011e-06,0.00596631996072,9.16477131058,5.59145087021e-07,0.00107854709774,5.51795863622,0.040055886116,0.308321935611,7.30869508667,0.000303068726936,0.065244589467,8.62839517753,4.69225321037e-06,0.0040679166139,5.33497066118,0.0464139549704,0.158350133995
gradient,0,0.15,0.159999996424,predicted,Actual proposal support boundary; monitored coordinates are pre-native endpoint forecast,True,50,67.7223796363,0.92311137581,-0.0674220655823,0.0297645526743,0.106916938696,0.0604667617772,6.33585295068,6.31446930687,0.0349652490854,-0.38423636669,2.41455337254,0.190140408619,0.271938778029,0.276072678605,0.257689995745,0.20611656196,4.59156156087,0.199373457517,0.702624676002,9.7526733157,2.17287751025e-08,0.000165016784098,8.95203034904,2.07230485382e-06,0.00213861980346,9.1061105645,4.27591679065e-07,0.00111672840053,8.11847039742,3.63945104989e-05,0.0130130990136,9.73056562304,5.64429411093e-08,0.000249098757216,9.14440256988,4.30462080349e-07,0.000990022073267,8.21153631208,4.71249449084e-06,0.00817213517946,9.25114625767,1.46181175622e-07,0.000616989805174,9.01984646329,1.14852759312e-06,0.00164306766644,8.63710193266,2.70341159153e-06,0.0035016484195,8.1019047442,2.29597353891e-05,0.0131755860348,8.71810983455,1.87118460872e-06,0.00274993549293,4.63126501357,0.178312833612,0.383600517123,8.47498913591,1.02869596251e-05,0.00641039934618,9.19584692515,4.96335963328e-07,0.00099510859657,5.51913632994,0.0401547860005,0.311629917737,7.30283310857,0.000312009000414,0.0657923894849,8.59208461817,5.61444061001e-06,0.00445653333915,5.32569044519,0.047066007227,0.158508816121
gradient,0,0.16,0.170000001788,predicted,Actual proposal support boundary; monitored coordinates are pre-native endpoint forecast,True,50,54.9819483641,0.915021006609,-0.063513104763,0.0609386071181,0.0896847191191,0.0600749053655,6.38576436168,6.23756795582,0.0318563531102,-0.389859984988,2.44732682329,0.188783952875,0.274699462263,0.276047545298,0.258227430638,0.205017498452,4.57240496121,0.200729594631,0.698964796914,9.75439422438,2.14341346594e-08,0.000163531780325,8.95595417521,2.04998661352e-06,0.00212370191367,9.07150216618,5.04845043131e-07,0.00123451058137,8.08904002885,4.31665097924e-05,0.013730739285,9.77185888546,4.78736362478e-08,0.000224081383519,9.1549553688,4.21673067605e-07,0.000966372336546,8.21340324278,4.64780921223e-06,0.00812563135648,9.24468305439,1.49490639519e-07,0.000627853099793,9.02801872653,1.10376809513e-06,0.00160828438922,8.64816360287,2.51550423133e-06,0.00340358118555,8.06832338075,2.72000307497e-05,0.0142351170074,8.70523893974,1.91245343001e-06,0.00282357882493,4.64844760678,0.175666403996,0.386020147371,8.49647625995,9.03189700065e-06,0.0060990055415,9.2262261013,4.59481420725e-07,0.000929735396576,5.51067496909,0.0409463509486,0.315004569419,7.29905843717,0.000316244173529,0.0662720595176,8.60198890588,5.46796224155e-06,0.00434354426239,5.33256653883,0.0469303366409,0.160044726339
gradient,0,0.17,0.179999992251,predicted,Actual proposal support boundary; monitored coordinates are pre-native endpoint forecast,True,50,45.4667904595,0.951072995588,-0.0614775155449,0.095618546865,0.0793606504536,0.057279698494,6.56618763466,6.15209207211,0.0336558033095,-0.40030680661,2.46496631405,0.186636834831,0.274486969116,0.274920474101,0.257397413982,0.204712462804,4.56909989714,0.196991980858,0.698368568782,9.7220881885,2.54423327476e-08,0.000182655183894,8.94815408563,2.12110820217e-06,0.00216526885361,9.0438654846,5.62877678696e-07,0.00132489300853,8.14200558938,3.29667349304e-05,0.0123648142068,9.78493508041,4.71846131076e-08,0.000221408789538,9.14298461248,4.48446848633e-07,0.00100121251369,8.22027669206,4.485437954e-06,0.00796454354191,9.24036442739,1.53468974499e-07,0.000639276569072,9.01377370276,1.16848857942e-06,0.00167112349494,8.64712021808,2.60215372667e-06,0.00343961800266,8.02705421589,3.27379251446e-05,0.0156368861921,8.67252560346,2.1387239863e-06,0.00304844959521,4.6631553096,0.172056570059,0.388245795084,8.47824820691,9.53523448959e-06,0.00636666770824,9.2545465519,4.35853048313e-07,0.000880862794799,5.4753294201,0.043592137392,0.32336897415,7.29720270637,0.000323651910045,0.0662527157412,8.60433683719,5.23473570061e-06,0.00431026981577,5.32121579108,0.0477451492308,0.158545928094
gradient,0,0.18,0.189999997616,predicted,Actual proposal support boundary; monitored coordinates are pre-native endpoint forecast,True,50,47.5623430189,0.987352446863,-0.0615963815117,0.0992550509787,0.0516823014355,0.0527792698245,6.67408440361,6.11801744561,0.0528424378198,-0.394908134044,2.43653931245,0.185080181581,0.27368928014,0.274903027311,0.257445127029,0.20370097213,4.57182009658,0.193128238408,0.697639695409,9.69888299561,2.98485943967e-08,0.000199287395017,8.91561779325,2.45789673574e-06,0.00235178321231,9.0583710313,5.09575715025e-07,0.00125485699412,8.13919755974,3.31859426581e-05,0.0124050836713,9.75640844958,5.74339877853e-08,0.000249515123191,9.1119061089,5.33572895734e-07,0.00110581670108,8.21478794355,4.52336170793e-06,0.00806869503549,9.23749207035,1.51857473325e-07,0.000640237145745,8.99288557226,1.28513472634e-06,0.00177045646864,8.65203373872,2.54570508677e-06,0.00339118278158,8.00848935961,3.58290064669e-05,0.0163486727451,8.64762258913,2.31111198124e-06,0.00325810368732,4.67426094026,0.168839528783,0.386912813907,8.45050748632,1.04744223785e-05,0.00679302766779,9.25932179531,4.54351340828e-07,0.000890881199118,5.43891802122,0.0462902944479,0.324330025474,7.29706495362,0.000325234102706,0.0662076166001,8.58685924752,5.54933707289e-06,0.0044880560013,5.32025494372,0.0481358807222,0.160986145517
gradient,0,0.19,0.199999988079,predicted,Actual proposal support boundary; monitored coordinates are pre-native endpoint forecast,True,50,47.7244711236,1.03390311782,-0.0539835928345,0.0748982926822,0.0287675931787,0.0509169347215,6.72744361019,6.07734672117,0.0843994120163,-0.369606305202,2.34300127453,0.184499577471,0.272460210182,0.27575109578,0.258355243988,0.20272979505,4.55588824924,0.194499495871,0.695394967746,9.68669214772,3.09637353786e-08,0.000205153811509,8.88479787077,2.80361752367e-06,0.00253495624711,9.09752410815,4.26225671054e-07,0.00111459083521,8.1602891663,2.88345467872e-05,0.0118893869566,9.70194179302,7.84578879438e-08,0.000301839271933,9.08179227227,6.19459422865e-07,0.00120891251891,8.21784896577,4.39448829271e-06,0.00797854412821,9.22632144372,1.61183495016e-07,0.000663307499601,8.96453322954,1.46636367765e-06,0.00191216596839,8.65420245485,2.46654706202e-06,0.00335353703939,8.01331595753,3.55080212227e-05,0.0162039342334,8.63173453801,2.42330683083e-06,0.00340092339592,4.69567036816,0.163808980334,0.387228515584,8.41715537489,1.18820955988e-05,0.00733030587256,9.22304953259,5.68279537073e-07,0.00100852854166,5.42797334379,0.0473352406659,0.323731223911,7.29602577259,0.000324917949689,0.0663796342171,8.56593709474,5.95961164716e-06,0.00472086814271,5.30295616088,0.0488614046056,0.162325046972
gradient,0,0.2,0.209999993443,predicted,Actual proposal support boundary; monitored coordinates are pre-native endpoint forecast,True,50,42.5024244595,1.07669990281,-0.0405714176559,0.0439757935321,0.000410090956688,0.0505971406934,6.82554694555,5.92978303183,0.128929683223,-0.34547327656,2.21575242981,0.183611330174,0.273509861913,0.278445463014,0.259941482653,0.199573615459,4.53480330392,0.198054547288,0.694188059826,9.63523807304,4.13168251577e-08,0.000246914600332,8.83700979825,3.47869815158e-06,0.00285265930685,9.15638428505,3.26650200683e-07,0.000932489173949,8.20673207517,2.19213543544e-05,0.0107642490595,9.70313564158,7.87901174834e-08,0.00030254612574,9.04402803964,7.22441194891e-07,0.00133524946771,8.23728795744,3.92357606822e-06,0.00750034085944,9.21072571226,1.80024662086e-07,0.000706656369684,8.92735534475,1.74736682206e-06,0.00211278749005,8.65479235432,2.40144634214e-06,0.00333469419679,8.02587165462,3.46561106441e-05,0.0157681483349,8.58420506951,3.20890266534e-06,0.00391033531503,4.72728485971,0.156850175194,0.39086843197,8.37147226824,1.41043151865e-05,0.0081315751417,9.2134683743,6.04228306618e-07,0.0010430450869,5.40537279953,0.0488124359039,0.327086533119,7.28499580114,0.000342323435414,0.0674562853938,8.52939174115,6.55539266026e-06,0.0051528651891,5.28395636143,0.0494587946175,0.158020162505
gradient,0,0.21,0.219999998808,predicted,Actual proposal support boundary; monitored coordinates are pre-native endpoint forecast,True,50,41.7033845734,1.05400584811,-0.0280749700928,0.0273376112795,-0.055395947125,0.0495020140311,6.9503357159,5.78822766302,0.182634860069,-0.322614049475,2.00730563817,0.183128454875,0.272130165492,0.277366071585,0.263642129688,0.19766493561,4.5151657122,0.200495968095,0.685938092493,9.54611082068,5.8694794421e-08,0.00031539426027,8.7954156724,4.18277233513e-06,0.0031549360154,9.20262313251,2.61761881876e-07,0.000811991004925,8.28791648655,1.36253005117e-05,0.00888618375721,9.7450485092,6.36393645291e-08,0.000265467730051,9.01509171284,8.1844935412e-07,0.00144116412525,8.24338376876,3.74408856222e-06,0.00733204445057,9.21295325583,1.76927300958e-07,0.000693768403067,8.90531058502,1.93929817474e-06,0.00224074454486,8.66170286441,2.25637994583e-06,0.00325375661589,8.04582712279,3.24112814857e-05,0.0151316682352,8.46743548062,5.70702525103e-06,0.00548358647435,4.75531720483,0.150246532089,0.381881017946,8.34161622571,1.5721354283e-05,0.00869670335633,9.23028678084,5.58327843836e-07,0.000995696552277,5.28324349738,0.0570558010956,0.323809278886,7.2791815159,0.000351578232436,0.067948518517,8.49647982073,7.24159307166e-06,0.00556898395551,5.27399955098,0.0492743925199,0.166519265244
gradient,0,0.22,0.229999989271,predicted,Actual proposal support boundary; monitored coordinates are pre-native endpoint forecast,True,50,33.793006465,1.01561161792,-0.0135409425163,0.0178529607868,-0.10893137547,0.0469086082424,7.10874089934,5.65224554017,0.22979097164,-0.301305265463,1.78024222189,0.182131861607,0.271755164494,0.276054489765,0.266893251877,0.19635046524,4.49602314205,0.20531898032,0.674809799201,9.37566066502,1.53993840956e-07,0.000556936857908,8.74819457959,5.14452614351e-06,0.00352769197987,9.25746755589,2.02909079031e-07,0.000687810285342,8.3523974436,9.14135061787e-06,0.00755756163416,9.77781199161,5.40559350389e-08,0.000240098175442,8.96581270831,1.02653687386e-06,0.00165245978265,8.25993861527,3.38879909646e-06,0.00695072147555,9.19310961759,1.9750312728e-07,0.000739811906122,8.88629294609,2.12932858471e-06,0.00235796662747,8.67955048713,2.03393297741e-06,0.00307305174553,8.06862083058,2.99764994016e-05,0.0144123695921,8.36726253552,9.34682052058e-06,0.00711175531666,4.78660597169,0.142634389611,0.381559754974,8.31555908394,1.75055010886e-05,0.00920976216207,9.24658677566,5.20068532313e-07,0.000954130020217,5.16963873898,0.0648940431156,0.323261399494,7.27967420374,0.000352369196175,0.0677472059391,8.44689037612,8.86454958517e-06,0.00628281261823,5.23497563754,0.0522142464284,0.168706244227
gradient,0,0.23,0.239999994636,predicted,Actual proposal support boundary; monitored coordinates are pre-native endpoint forecast,True,50,36.8685440172,1.03155780927,-0.00290685161591,0.00775504466057,-0.143147076693,0.0452701058644,7.21130493872,5.57726508341,0.265512714703,-0.307594978466,1.72001757076,0.181837570036,0.27108070777,0.275663221417,0.267640559562,0.196287794481,4.487329499,0.206916943079,0.669773994498,9.33081935754,1.94027288618e-07,0.000639547026074,8.71139676992,6.0093948597e-06,0.00384001297176,9.28936574258,1.71637156296e-07,0.000620401366207,8.3604559638,8.58475175403e-06,0.0073792959111,9.82932539241,4.11267035015e-08,0.000202810450111,8.92767290816,1.25207584979e-06,0.00184654100053,8.2700899742,3.2217722884e-06,0.00674059454752,9.17476238228,2.17489595049e-07,0.000783509382674,8.8706570617,2.30517613341e-06,0.00245948078247,8.69070693475,1.9447911173e-06,0.00297474738796,8.07376774906,2.95827626249e-05,0.0142619459012,8.32084586286,1.15826351878e-05,0.00797193120951,4.7995123638,0.139026817928,0.379157708817,8.288681717,1.97887928472e-05,0.00975387154153,9.29446906771,4.0149076611e-07,0.000821964171829,5.14575635282,0.0666116237758,0.323577021041,7.27557511906,0.000353443933014,0.0684246873685,8.41343905491,1.04177380073e-05,0.00679302926191,5.2254917163,0.0529639093496,0.170493306772
gradient,0,0.24,0.25,predicted,Actual proposal support boundary; monitored coordinates are pre-native endpoint forecast,True,50,24.5346380719,1.05780568216,0.00671261802673,0.00274503644466,-0.161292235878,0.046666204906,7.24826562043,5.56483458131,0.292543496627,-0.313811063064,1.71666731448,0.181688027577,0.270574328093,0.275132080975,0.267510168562,0.19672229587,4.48126699516,0.207634307697,0.667665806932,9.32548189628,1.99815529447e-07,0.000649425271719,8.69963056029,6.30113814016e-06,0.00394299367517,9.29804636934,1.64309242493e-07,0.000603794783202,8.34733236456,9.21821310543e-06,0.00761503478328,9.85296240032,3.62582973199e-08,0.000187566255277,8.91523757955,1.33773188531e-06,0.00191377071029,8.27909849022,3.07076224846e-06,0.00655534545269,9.14628695001,2.53693521385e-07,0.000859914320158,8.86623784202,2.35748779251e-06,0.00248888185646,8.69415667526,1.9204575628e-06,0.00295046806918,8.06571316328,3.07207650513e-05,0.0145176757121,8.30439968316,1.24480567936e-05,0.00829188566528,4.81454117748,0.136143771835,0.378611906183,8.28002353639,2.05018035067e-05,0.00993718462634,9.30465796216,3.80323209298e-07,0.000796536307062,5.16513271297,0.0652788043775,0.325024768932,7.27038077477,0.000355521765075,0.0692758145856,8.40347965538,1.08811694101e-05,0.00694492650258,5.21561296796,0.0537123493809,0.171306797593
gradient,0,0.25,0.259999990463,predicted,Actual proposal support boundary; monitored coordinates are pre-native endpoint forecast,True,50,18.0679972035,1.12534332717,0.0143972636795,-0.0156651801252,-0.174399681118,0.0503453448636,7.28067410204,5.53844565471,0.319292672363,-0.319201147114,1.7418764795,0.181781326615,0.270561276247,0.275077328592,0.267317879084,0.196454773958,4.47334264662,0.20909584309,0.665203708693,9.35323403507,1.73482179039e-07,0.000594742580912,8.67691713108,6.93172848587e-06,0.00415080383448,9.29731949524,1.67017877706e-07,0.000608262265703,8.33039219223,1.013425056e-05,0.00793837708299,9.86972099494,3.32350974559e-08,0.00017767604078,8.90588030783,1.38381627312e-06,0.00195632378794,8.28882051403,2.9083059899e-06,0.00636057142228,9.11725839509,3.00502510403e-07,0.000948903702489,8.85395987703,2.51400705437e-06,0.0025724908095,8.69234233138,1.91872485704e-06,0.00296385948771,8.06803023287,3.02045472958e-05,0.0144405050014,8.31019548148,1.202727271e-05,0.00816405410013,4.82918156811,0.133439747689,0.378510383019,8.26097037157,2.21841047433e-05,0.010344879551,9.3023999014,3.88746181678e-07,0.000805853262882,5.20792386341,0.0622497641749,0.326043851776,7.26713465303,0.000351783667947,0.07007092212,8.38681254712,1.16265209261e-05,0.00721724839094,5.22429859682,0.0533323166507,0.171807623625
gradient,0,0.26,0.269999980927,predicted,Actual proposal support boundary; monitored coordinates are pre-native endpoint forecast,True,50,17.7309750343,1.13841981363,0.0136515094376,-0.0306294060135,-0.187973665621,0.0513178115262,7.31673249993,5.51704791859,0.324983255734,-0.324189890724,1.76698671004,0.181676505515,0.270565876862,0.275100754911,0.267139715531,0.196082756678,4.47464391134,0.208413391106,0.663433423858,9.3732911756,1.57365052538e-07,0.000558386136306,8.65888145359,7.46229508347e-06,0.00432005605562,9.29382197229,1.70632675278e-07,0.000616095898685,8.30803019689,1.13358608284e-05,0.008386480796,9.89791845056,2.85637041979e-08,0.000161668131211,8.89237419633,1.46745762292e-06,0.00202606666264,8.28806222987,2.91867437403e-06,0.00637151045361,9.10845846031,3.15097436701e-07,0.000976662312543,8.84592160612,2.6007988549e-06,0.00262405258983,8.68689256177,1.9842658719e-06,0.00301279186209,8.07385154556,2.93957433047e-05,0.0142577775991,8.32508289895,1.114790301e-05,0.00786189291378,4.83349865481,0.132447449046,0.377962350878,8.23985140247,2.4290752565e-05,0.0108112021032,9.3190549278,3.57899835958e-07,0.000767470755254,5.23213719723,0.0605915541372,0.327184840727,7.2625576007,0.000356631908208,0.0706748818798,8.37124877153,1.22604928943e-05,0.00748070445173,5.22246074773,0.0535692757536,0.171696625745
gradient,0,0.27,0.280000001192,predicted,Actual proposal support boundary; monitored coordinates are pre-native endpoint forecast,True,50,18.2083382964,1.22267173858,0.0154040385818,-0.0363742101574,-0.194266170588,0.0518525761809,7.33056724091,5.49920719511,0.327428734553,-0.327876777072,1.78063319729,0.181478579703,0.270639027509,0.275608449534,0.267237277316,0.195657563051,4.47634368257,0.208451832976,0.66328153862,9.3848927786,1.50098048994e-07,0.000539512291324,8.64980996662,7.76820749039e-06,0.00441191853776,9.29351325711,1.70854556461e-07,0.000616597312401,8.29645540286,1.19893750707e-05,0.00862403859404,9.91911852567,2.5466247085e-08,0.000150474294988,8.89185095056,1.46775064326e-06,0.00202572268446,8.29069633334,2.86328886279e-06,0.00631526848432,9.1056021744,3.1747658568e-07,0.000983749450994,8.840809797,2.65999984879e-06,0.00265775224213,8.68243481368,2.03811509898e-06,0.00305608140433,8.07156184044,2.96625713992e-05,0.0143305242485,8.33469104422,1.05692564568e-05,0.00766528923281,4.8386037945,0.13149436485,0.378078332203,8.22820726211,2.55260143137e-05,0.0110754245915,9.33137498786,3.36324050312e-07,0.000739750768091,5.2439291444,0.0597670143208,0.327346997131,7.25324775521,0.000370188342418,0.071780578442,8.36880590549,1.23836801645e-05,0.00751907192266,5.22485856632,0.0535129606665,0.171517260165
gradient,0,0.28,0.289999991655,predicted,Actual proposal support boundary; monitored coordinates are pre-native endpoint forecast,True,50,33.2080185164,1.25247121545,0.0227202703094,-0.0366885757828,-0.198675992813,0.0541348727731,7.32463633826,5.48379127138,0.334338093415,-0.334546383774,1.80111065772,0.181219174293,0.270608366403,0.276784592725,0.267453089064,0.195244848101,4.46935151521,0.209796386618,0.663914651515,9.40050061288,1.39071878706e-07,0.000513530268083,8.6408465107,8.08559780538e-06,0.00450677902192,9.29083914709,1.73501132279e-07,0.000622574163078,8.28842930951,1.25502722995e-05,0.00878866414845,9.9363692228,2.31890489109e-08,0.000141898343614,8.89386321399,1.48695787671e-06,0.00202379745968,8.30050307923,2.69195272461e-06,0.00611699716242,9.09662078066,3.29128061151e-07,0.0010088282221,8.83781393683,2.727795035e-06,0.0026846438269,8.68449559316,2.00686864084e-06,0.00303992973729,8.06554650807,3.0344509084e-05,0.0145161755016,8.33812401832,1.02965531584e-05,0.00758953463016,4.84812306255,0.129901507994,0.378749629448,8.22258762088,2.64366111873e-05,0.0111904885618,9.33675469375,3.26612139838e-07,0.000727168789085,5.26309196014,0.0584734262577,0.327321478681,7.23648412748,0.000395942476302,0.0737741480251,8.37072342097,1.28601781978e-05,0.00746956756008,5.22803243603,0.0532998449839,0.170976332531
gradient,0,0.29,0.299999982119,predicted,Actual proposal support boundary; monitored coordinates are pre-native endpoint forecast,True,50,39.6844568535,1.22031150318,0.0182855130768,-0.0453732127333,-0.205432631698,0.0551482846516,7.34477537252,5.45361756155,0.350251269127,-0.335511424219,1.80442718155,0.181071198206,0.270498293183,0.277401687834,0.267675661866,0.194962249738,4.47436932842,0.209047264009,0.663529518563,9.41384181026,1.30173517606e-07,0.000492177132366,8.62173572521,8.76455014699e-06,0.00470426840666,9.29017143038,1.73773876239e-07,0.000623617341989,8.27853867346,1.32040864098e-05,0.0090044519586,9.96081749387,2.02720355987e-08,0.000130412797586,8.89681655141,1.47196072228e-06,0.00200858365246,8.2985838116,2.68774659541e-06,0.00613817227066,9.09539758073,3.31047381633e-07,0.00101355266117,8.83469227768,2.76417021787e-06,0.00270515430677,8.67295257499,2.13708506691e-06,0.00314358188142,8.07142036164,2.95675657907e-05,0.0143318615938,8.34760671385,9.75046171667e-06,0.00740172312005,4.84817762367,0.129663023791,0.378396197417,8.20323079967,2.86063947338e-05,0.0116485749252,9.3539138196,2.99151059555e-07,0.000690365933113,5.27471762797,0.0577466330121,0.32790129662,7.24089512897,0.0003856331976,0.0734407860746,8.36731375998,1.29879852741e-05,0.00752249709878,5.22839553684,0.0532974396603,0.170395740287
gradient,0,0.3,0.310000002384,predicted,Actual proposal support boundary; monitored coordinates are pre-native endpoint forecast,True,50,35.2168356725,1.31321413991,0.0122859765625,-0.0432721537733,-0.210230537977,0.0534556235821,7.35891425576,5.4297847063,0.341148018688,-0.338827006455,1.77737781567,0.18134594781,0.270321529044,0.277577926251,0.267731190475,0.195077502872,4.48936582292,0.206824969089,0.665234736913,9.40618423519,1.35230073156e-07,0.000504045198002,8.62513682356,8.67767616124e-06,0.00467221512184,9.286046459,1.76894686774e-07,0.000631010985276,8.27694518127,1.35538017614e-05,0.00904239379318,9.98075171397,1.81668101565e-08,0.000121716087977,8.89984642804,1.46022878932e-06,0.00199406591439,8.29144302839,2.79302013058e-06,0.00626840518107,9.09711211498,3.2734105456e-07,0.00100820791617,8.82650813904,2.86041973372e-06,0.00276114682397,8.67394706119,2.09858004697e-06,0.00312489556083,8.07771403995,2.88245976633e-05,0.0141377330444,8.34701045114,9.74580517564e-06,0.00740785130983,4.84333939097,0.130337372458,0.377780840959,8.2015270936,2.85849902563e-05,0.0117008678588,9.37305222541,2.72138418435e-07,0.000652482815406,5.27081165249,0.0582289212072,0.329906191937,7.25055207577,0.000369522993095,0.0723644678957,8.37645974994,1.24531708011e-05,0.00736195866652,5.21887208587,0.053943399688,0.170519272076
gradient,0,0.31,0.319999992847,predicted,Actual proposal support boundary; monitored coordinates are pre-native endpoint forecast,True,50,33.0176767043,1.3275834575,0.0105237723923,-0.0319459122801,-0.209624178138,0.0519947597405,7.37498450443,5.41070696736,0.328163586881,-0.340009273226,1.73751392881,0.181525908547,0.269846447146,0.277605004191,0.267836700691,0.195428444302,4.49609950626,0.205350591086,0.667186670786,9.39023460695,1.46390397989e-07,0.000529787447534,8.64419755798,8.06929482676e-06,0.00448420158182,9.27805052607,1.82576661672e-07,0.000645226598975,8.27933709271,1.3629727817e-05,0.00900115946733,10.0046603999,1.58865080321e-08,0.000111840524886,8.91696593767,1.33676743095e-06,0.00189708665304,8.28816172689,2.85731268837e-06,0.00633267439624,9.09469671446,3.34947836694e-07,0.00101895309991,8.81161931734,3.04497172413e-06,0.00286615131864,8.67441145555,2.04368296158e-06,0.0031127809616,8.07222933093,2.95165763391e-05,0.0143111697456,8.34048540662,9.98991577914e-06,0.00752086761282,4.8439946065,0.130138357312,0.378281350042,8.2040136936,2.78003808858e-05,0.0116672104729,9.38752037316,2.53154310321e-07,0.000624818599029,5.25984293887,0.0592146972833,0.331785962608,7.25617238597,0.000362052802163,0.071656487229,8.40478209948,1.07818604647e-05,0.00689227807665,5.20469412474,0.0547668768509,0.170556226575
gradient,0,0.32,0.329999983311,predicted,Actual proposal support boundary; monitored coordinates are pre-native endpoint forecast,True,50,49.2326874909,1.44060785145,0.0060363628006,-0.0233414751673,-0.189732256856,0.0488431895692,7.36330541294,5.39278951858,0.279748364864,-0.341894523585,1.78030755441,0.181898902197,0.270828078813,0.278160762979,0.267373395822,0.195185077796,4.50430591381,0.205037338484,0.670528869772,9.41313054106,1.32790728053e-07,0.00049428053751,8.68359693999,6.74063092247e-06,0.00409066334594,9.25156629464,2.08639064356e-07,0.000701195981579,8.28010680373,1.42677238371e-05,0.00903415845823,10.0229381725,1.43243302579e-08,0.000104754450985,8.91450135295,1.37548146977e-06,0.00191825045538,8.28189055103,3.08336697388e-06,0.00649491513483,9.11194011515,3.11897176729e-07,0.000969487915994,8.80426336987,3.22110363464e-06,0.00293233007006,8.68459648789,1.90888931359e-06,0.00300074146397,8.06484431055,3.01511419096e-05,0.0145377496821,8.36232321281,8.96315746793e-06,0.00711660192532,4.83624375528,0.131745376991,0.381426615211,8.21804138647,2.75433081819e-05,0.0112667744054,9.40249891211,2.3322246743e-07,0.000595139620042,5.27157726654,0.058417417016,0.333177720164,7.25568363001,0.000370985462055,0.0712172063754,8.42021262501,1.08380577429e-05,0.0066375132381,5.20994808387,0.0545706015298,0.169272328607
gradient,0,0.33,0.340000003576,predicted,Actual proposal support boundary; monitored coordinates are pre-native endpoint forecast,True,50,56.1229796824,1.45963440159,0.00184353366852,-0.0104837191486,-0.195103192952,0.0498962261396,7.47339035376,5.39168211468,0.317008398243,-0.346016863296,1.73006427275,0.180269245952,0.269746477598,0.2757366241,0.267011653856,0.195296603294,4.5076153178,0.203270828384,0.664931386074,9.36886924909,1.6661994284e-07,0.000568877265187,8.68523908454,6.66844862876e-06,0.00406782823268,9.24552541095,2.12486393958e-07,0.000711826457665,8.29025630617,1.33936547341e-05,0.00880075074613,10.0451854542,1.26197676768e-08,9.66722661829e-05,8.92280028363,1.32083502446e-06,0.00186702367255,8.28993123368,2.83236346093e-06,0.0063042483072,9.10076330059,3.26208300351e-07,0.00100276041862,8.81192462217,2.92268625213e-06,0.00284183293356,8.64529371734,2.523778613e-06,0.00341593652478,8.05905441188,3.08487463753e-05,0.0147207061944,8.34175805122,9.68713161772e-06,0.00745850411734,4.83949676188,0.130958471274,0.380319912659,8.1915379186,2.92646525918e-05,0.0119716206396,9.4208207237,2.11883191931e-07,0.000562096489629,5.23471841238,0.0612818713131,0.335403765004,7.28064143197,0.000327565627666,0.0688444108316,8.43111186699,8.7805527189e-06,0.00645642711857,5.18619293545,0.0559587041019,0.169534899416
gradient,0,0.34,0.34999999404,predicted,Actual proposal support boundary; monitored coordinates are pre-native endpoint forecast,True,50,58.2531027799,1.50738311138,0.010341186676,0.00480079945087,-0.209773442622,0.0498801144655,7.47530196115,5.38780915577,0.315645631973,-0.361881066164,1.62269329567,0.180544637669,0.269321049029,0.274866913722,0.267666314542,0.195846782087,4.50447364263,0.202671617875,0.665246109735,9.32567462526,2.05538941364e-07,0.000649869013849,8.72315534474,5.68806576906e-06,0.00372904118903,9.25388822764,2.03728174829e-07,0.000693284810351,8.29200862071,1.28774122782e-05,0.00874255719747,10.0545528571,1.19622693149e-08,9.34428300412e-05,8.93743107586,1.2041577347e-06,0.00178157434343,8.29448449449,2.78264720261e-06,0.00621532231184,9.07661530925,3.7528337541e-07,0.0010849888789,8.80551809603,2.87063069017e-06,0.00286780585927,8.63949549893,2.62477358431e-06,0.00349284242459,8.06209967022,3.04841690912e-05,0.0146244377362,8.30842935006,1.12936866163e-05,0.00809288161526,4.84811053417,0.129041907589,0.379227566478,8.19757845606,2.7366649283e-05,0.011889787701,9.42362737187,2.09920971095e-07,0.000558697226038,5.21026858886,0.0632812389086,0.337769356649,7.26933224587,0.000349410625522,0.0697970103481,8.46701585453,6.70868733551e-06,0.00590010827052,5.1689407327,0.0571664263166,0.171333492356
gradient,0,0.35,0.359999984503,predicted,Actual proposal support boundary; monitored coordinates are pre-native endpoint forecast,True,50,35.2230748884,1.51090074048,0.0118434597588,0.00568056221962,-0.214559216526,0.0485319037742,7.52592623368,5.37656963932,0.296488772397,-0.364078264148,1.60511648679,0.181202401399,0.269646197785,0.273001972097,0.26705332929,0.196895143079,4.50847802917,0.201552922796,0.664816101837,9.31242773002,2.21555806419e-07,0.000678386553217,8.73547808853,5.33837778172e-06,0.00360933308556,9.24724234405,2.11994877092e-07,0.000709099500388,8.29140313146,1.30030253706e-05,0.00877129612618,10.0615386457,1.15282905007e-08,9.1272217552e-05,8.91338303107,1.3273185432e-06,0.00190421445534,8.29280227846,2.85840446339e-06,0.00626674241572,9.07360479427,3.81160116407e-07,0.00109429019678,8.7914450483,3.03626856796e-06,0.00296815862906,8.64950662424,2.46987906686e-06,0.00338563603484,8.0637699794,3.02638675161e-05,0.0145682956465,8.30089868711,1.17500994118e-05,0.00824681276081,4.85247193979,0.128494231401,0.379393190009,8.19689365371,2.73778684761e-05,0.0119025966247,9.42757934178,2.06483328625e-07,0.000553034677774,5.20589174171,0.0638035622243,0.33957500514,7.27151904861,0.00034889194877,0.0693645436286,8.45871991511,6.9856771313e-06,0.00604778999138,5.16075384152,0.057765931422,0.171999099697
gradient,0,0.36,0.370000004768,predicted,Actual proposal support boundary; monitored coordinates are pre-native endpoint forecast,True,50,27.790616991,1.59850521496,0.0146946074104,0.00453008618116,-0.21618286806,0.0484542193334,7.55280438383,5.38156984605,0.30065351794,-0.375773474716,1.58666498684,0.181369586213,0.270078199039,0.271618794278,0.267096563834,0.197470575891,4.51382135499,0.201542162069,0.663708225133,9.314733494,2.18953901845e-07,0.000672934656157,8.7368245269,5.2809814242e-06,0.00358981904758,9.25052603235,2.06471313742e-07,0.000700110635618,8.28081953094,1.33700769626e-05,0.00902279385498,10.0681850771,1.11035604769e-08,8.91183574479e-05,8.90986304959,1.29720756642e-06,0.00191548274356,8.29632577987,2.81771118691e-06,0.00621380415649,9.06417224491,3.98735147135e-07,0.00112458918803,8.78222200258,3.14081590179e-06,0.00303255415658,8.64463960763,2.52415635693e-06,0.00343161552697,8.05981204072,3.07490257371e-05,0.0147017785237,8.30057032445,1.16329722408e-05,0.00824156874545,4.85388400957,0.128094783462,0.379391376872,8.187553736,2.82910523192e-05,0.0121375180355,9.43822427262,1.9497475526e-07,0.000534421992978,5.21402239369,0.0632370608869,0.340214876244,7.26991481966,0.000351498046609,0.069534968933,8.45562139695,7.08360854457e-06,0.00612074839187,5.15865629171,0.0579794190132,0.172891805447
gradient,0,0.37,0.379999995232,predicted,Actual proposal support boundary; monitored coordinates are pre-native endpoint forecast,True,50,31.5239966593,1.62092933951,0.0152636314964,0.00205815430641,-0.223017106231,0.0486201594285,7.57475100187,5.37266475925,0.301801426338,-0.380868471499,1.58363944951,0.181475136553,0.270335356885,0.27098763589,0.266865513099,0.197830230328,4.51507693263,0.200919045582,0.662914586738,9.3215586633,2.11037753007e-07,0.000657810906997,8.73727304955,5.24928109059e-06,0.00357922125952,9.24972869136,2.06001386647e-07,0.000700522707131,8.26711070082,1.41496223944e-05,0.00933833980231,10.0859020932,1.0048021561e-08,8.36261873044e-05,8.90602756723,1.29132770062e-06,0.00193156905073,8.29718075087,2.78279330821e-06,0.00619374758121,9.05578353745,4.15446610649e-07,0.00115347273166,8.77835371873,3.17122875447e-06,0.00305775044887,8.64249701963,2.54693745141e-06,0.00345106075262,8.05842672636,3.0980204021e-05,0.0147504655783,8.30781610104,1.10826125224e-05,0.00807842545312,4.8565503731,0.127413025159,0.379341071626,8.18260213479,2.87784724872e-05,0.0122637218552,9.45101887436,1.82223491085e-07,0.000513182225498,5.22164242015,0.0627674855996,0.341128639744,7.27124148949,0.000346932762675,0.0695277091672,8.45184744278,7.16760437232e-06,0.00618637373031,5.15407842861,0.0583186324063,0.173396571601
gradient,0,0.38,0.389999985695,predicted,Actual proposal support boundary; monitored coordinates are pre-native endpoint forecast,True,50,31.2624341861,1.64166316802,0.0107237173653,-0.001991146245,-0.221762791079,0.0495853248257,7.55719552363,5.35458062828,0.301831682303,-0.381181469351,1.55780100855,0.181783407382,0.270845877181,0.271469439158,0.267121759458,0.197575795222,4.5158830222,0.201377858644,0.662694173254,9.32090779699,2.13727288418e-07,0.00066096333767,8.73182727464,5.38982366977e-06,0.00362804741236,9.25068576977,2.05353120196e-07,0.000699237412601,8.26960250919,1.39378569544e-05,0.0092917403929,10.0932837845,9.60472642442e-09,8.12567546198e-05,8.91921130199,1.17981166092e-06,0.00184969798128,8.29503306124,2.80031510484e-06,0.00622800957638,9.05867782264,4.14196736229e-07,0.00114708125396,8.7802379403,3.14795136428e-06,0.00304236488174,8.63464988258,2.62326371839e-06,0.00352361037503,8.07125581576,2.93162527167e-05,0.0143413685813,8.3144283164,1.079430238e-05,0.0079494445325,4.8525801044,0.128206088463,0.379174024929,8.18017536435,2.8937622931e-05,0.0123303357278,9.45573725736,1.76990097472e-07,0.000504508654818,5.21350783992,0.0632809757572,0.340748922716,7.27463295826,0.000342962807358,0.0691043152245,8.4558951187,6.96005782033e-06,0.00612135069157,5.15725342062,0.05811256693,0.173269615144
gradient,0,0.39,0.399999976158,predicted,Actual proposal support boundary; monitored coordinates are pre-native endpoint forecast,True,50,28.7604536056,1.58734735725,0.00763648286819,0.000664915404318,-0.223535835769,0.0499384900219,7.56298422938,5.33671769921,0.298721657966,-0.384636235428,1.5807683599,0.181982395725,0.271252983612,0.271927523156,0.267059411864,0.196982750113,4.52067297712,0.200731363002,0.662703078163,9.32508005582,2.08560352028e-07,0.000652235399264,8.72808226768,5.45840674516e-06,0.00365733732767,9.24302228412,2.14485068563e-07,0.00071716248803,8.27426523655,1.35722186267e-05,0.00918790386035,10.1077467949,8.84455210265e-09,7.70910951207e-05,8.91577937308,1.20101871452e-06,0.00186809959007,8.29426751186,2.80510657682e-06,0.00623582349231,9.06559016295,3.98033227027e-07,0.00112105827342,8.78474977029,3.12052386571e-06,0.00301330273512,8.63760851005,2.57676651184e-06,0.0034906268128,8.07645235992,2.86027329265e-05,0.0141741196201,8.31366368654,1.0831427669e-05,0.00796364197731,4.84805405295,0.128865053208,0.378892432426,8.18557122819,2.84506736854e-05,0.012184621115,9.46962593037,1.64082068975e-07,0.000482188285127,5.21145728804,0.0635933347419,0.341389368137,7.27625642821,0.000340863132064,0.0689025965045,8.44577320262,7.33468126613e-06,0.00627973069823,5.163773371,0.0576595511554,0.173070271725
gradient,0,0.4,0.409999996424,predicted,Actual proposal support boundary; monitored coordinates are pre-native endpoint forecast,True,50,21.6354836812,1.55383343786,0.000935938510892,0.00280018564224,-0.230256356772,0.0498715420875,7.55261745861,5.3463756732,0.295231127085,-0.38265267395,1.58663335783,0.181859448008,0.271234619151,0.271952941875,0.267170896177,0.196875021362,4.52738125372,0.198901547106,0.662093502777,9.31961756664,2.15735300852e-07,0.000664297710622,8.73023392078,5.41559710208e-06,0.00363973750353,9.23374591133,2.2629842369e-07,0.000740080542486,8.2660585274,1.39113863464e-05,0.00936284526808,10.1137079273,8.54795182117e-09,7.542900654e-05,8.92547661596,1.10866955229e-06,0.00180466011697,8.28470824982,2.94101501289e-06,0.00641181811889,9.06662036741,3.97646053835e-07,0.00111898644487,8.78716522454,3.1143478538e-06,0.00300053510627,8.64108986521,2.4678375592e-06,0.00344389106884,8.08422130439,2.7569590679e-05,0.0139349229682,8.31588108579,1.07619699609e-05,0.00792358821823,4.84278567001,0.129541543545,0.378289933273,8.196492578,2.70085902775e-05,0.0119216429954,9.47522888979,1.59987121902e-07,0.000474736264367,5.20677609424,0.0639975729506,0.342040284948,7.28441496748,0.000329165588658,0.0679832865591,8.43976788507,7.40358331479e-06,0.00637016581101,5.15849122542,0.0580734758165,0.173494627506
gradient,0,0.41,0.419999986887,predicted,Actual proposal support boundary; monitored coordinates are pre-native endpoint forecast,True,50,-0.545034289311,1.47963346404,0.00875527635574,0.0133650588608,-0.226742182102,0.0489729503315,7.54794042402,5.3302619038,0.300344625603,-0.375135662318,1.57815034824,0.182110996824,0.271558323314,0.272341039026,0.267301576036,0.196656751316,4.51968997792,0.200562152562,0.663091545225,9.31425764021,2.20823193979e-07,0.000674738264518,8.74171078641,5.17011372093e-06,0.00354661971146,9.24223787452,2.15593304806e-07,0.000719134103126,8.27845985497,1.31491050212e-05,0.00909372815426,10.1168941427,8.39225078308e-09,7.45476396932e-05,8.92632038774,1.12448657594e-06,0.0018079011288,8.29107986085,2.85336228225e-06,0.00629446423557,9.06555048771,3.99465383267e-07,0.001122016691,8.78914249442,3.0813427757e-06,0.00298512189819,8.6482442172,2.38063970252e-06,0.0033773278857,8.07056936012,2.92221696543e-05,0.0143601811531,8.30207186991,1.14068299392e-05,0.00818908478986,4.85235754531,0.12792821743,0.379929771066,8.20857562114,2.56751400092e-05,0.0116261408114,9.47098991892,1.63299199237e-07,0.00048064175145,5.20118713011,0.0644362715763,0.342464439121,7.28191111306,0.000333049079663,0.0682338766194,8.44826297024,7.19951862396e-06,0.00624355477151,5.16355315845,0.0577112474892,0.173566935478
gradient,0,0.42,0.42999997735,predicted,Actual proposal support boundary; monitored coordinates are pre-native endpoint forecast,True,50,-9.36736964871,1.46560267609,0.00797287002563,0.00632477935314,-0.233556887161,0.0483929386555,7.54113831147,5.32171195005,0.299252094065,-0.366511173736,1.57795023389,0.182286327149,0.271781337357,0.272606344679,0.267378408273,0.196472455359,4.51905105583,0.200682184388,0.662507292956,9.31824938892,2.16694083747e-07,0.000666724242112,8.73661013729,5.28794545538e-06,0.00358917727088,9.24806370021,2.09680087713e-07,0.000706513377916,8.27081257339,1.35998772603e-05,0.00925757301334,10.1201280633,8.24574013054e-09,7.3712443983e-05,8.92133014525,1.14640851111e-06,0.00183118910928,8.28691962026,2.91270163201e-06,0.00637196115325,9.06758768719,3.94906526505e-07,0.00111466057663,8.78823574264,3.10754755746e-06,0.00299408162813,8.65191878821,2.32172428141e-06,0.00333699754589,8.07477150627,2.88023732276e-05,0.0142304221353,8.30920219197,1.10206941811e-05,0.00804495993369,4.8559172314,0.127366225754,0.379875411672,8.20882028587,2.56665063042e-05,0.0116187463569,9.46889846687,1.65635160635e-07,0.000484657052448,5.20387943075,0.0642530124189,0.342274638506,7.28221665079,0.000331543343554,0.0682434950099,8.43991244284,7.45771031587e-06,0.0063713654876,5.16166470512,0.0578667370347,0.173555450456
gradient,0,0.43,0.439999997616,predicted,Actual proposal support boundary; monitored coordinates are pre-native endpoint forecast,True,50,10.6247880828,1.44519827323,0.00805451408386,0.00460040029049,-0.238954714563,0.0479958126892,7.5463302285,5.3155398358,0.299567354364,-0.358318312361,1.58137624881,0.18231882677,0.271841588,0.272726127854,0.267349801671,0.196355399583,4.51732312137,0.200775442424,0.661643911699,9.31696294629,2.18444333905e-07,0.000669804425528,8.73281246753,5.37935190983e-06,0.00362159782374,9.24985787447,2.07537930632e-07,0.000702470193145,8.26511805541,1.39380858358e-05,0.00938216790375,10.1305968813,7.76050981329e-09,7.09070651684e-05,8.91807391545,1.16117904947e-06,0.00184679430861,8.28421672097,2.95434070585e-06,0.00642386798637,9.06812103185,3.94011323902e-07,0.00111279481972,8.78734506963,3.12910654228e-06,0.00300241198323,8.65513169646,2.2732065997e-06,0.00330409272728,8.07324661164,2.90461321935e-05,0.0142801682647,8.31173455693,1.08817088755e-05,0.00799206579016,4.86147741823,0.126572451269,0.380208917231,8.20922143267,2.56151853532e-05,0.0116090274212,9.47061378774,1.63978115831e-07,0.000481837238105,5.20370107808,0.0643075375842,0.342443156698,7.28305242746,0.000329707277264,0.0681759213104,8.43427993453,7.64042569276e-06,0.00645943040331,5.15699530396,0.0581254757416,0.173545890596
gradient,0,0.44,0.449999988079,predicted,Actual proposal support boundary; monitored coordinates are pre-native endpoint forecast,True,50,3.27994952528,1.52683668668,0.013434503231,0.0168230652428,-0.239838524711,0.0470714798703,7.55107060117,5.30672062092,0.302053494363,-0.357756186128,1.57867731181,0.182378751343,0.271957960347,0.272843569058,0.267442960725,0.196181425053,4.51587420465,0.201033362002,0.662608469733,9.30662293332,2.29674869017e-07,0.000691336713581,8.74194650835,5.19536058472e-06,0.00354959408227,9.25421111738,2.01867342954e-07,0.000691314076953,8.27245674593,1.34089742285e-05,0.00921815012276,10.1399550389,7.35233961036e-09,6.84949839627e-05,8.92294692758,1.12716881609e-06,0.00181923028573,8.28831669246,2.90208824949e-06,0.0063477006308,9.06808146421,3.92059532234e-07,0.00111029811583,8.79006382825,3.08155409045e-06,0.00298099403975,8.66271790175,2.17669122193e-06,0.00323533341873,8.06095465694,3.07126463982e-05,0.0146690744672,8.2954505356,1.16946694077e-05,0.00831267687266,4.86695392328,0.12557089951,0.380622633277,8.22098752976,2.4267540959e-05,0.0113343948251,9.48074866588,1.54134324387e-07,0.00046455343238,5.19566129674,0.0650234982129,0.343329743737,7.27959379495,0.000335095747229,0.068534310883,8.44075086983,7.40448090234e-06,0.00635856779627,5.15855613472,0.0579928409866,0.173927589289
gradient,0,0.45,0.459999978542,predicted,Actual proposal support boundary; monitored coordinates are pre-native endpoint forecast,True,50,5.33423892187,1.60352054001,0.0159291817284,0.0277742361641,-0.241871728029,0.0462834245734,7.55145807459,5.29962763148,0.304278955271,-0.35395555227,1.58259343073,0.182498848858,0.272092915338,0.272965179017,0.267460370492,0.196081347334,4.51635346362,0.201038323524,0.662996837193,9.29880409709,2.38458930517e-07,0.000707863544679,8.74939745243,5.03757912313e-06,0.00348969766876,9.25526155731,1.9940145819e-07,0.00068729800612,8.27632666606,1.31377747712e-05,0.0091320453809,10.1492766527,6.9728078548e-09,6.62059447974e-05,8.926661734,1.11050797674e-06,0.00180133718689,8.28930150857,2.8889314124e-06,0.00632885782128,9.06860720756,3.89136174832e-07,0.0011066480363,8.79431386524,3.04673896328e-06,0.00295334060065,8.66950260624,2.09530846265e-06,0.00317323884702,8.05127668527,3.20739657046e-05,0.0149800303614,8.2866016758,1.21004753645e-05,0.00848459986182,4.87116547656,0.124841346642,0.381114178078,8.23399954521,2.30304402215e-05,0.0110257153863,9.48873617958,1.47194735409e-07,0.000451970994729,5.18942949734,0.0656151307281,0.344287736239,7.28031237502,0.000333812936609,0.0684650253675,8.44235234597,7.39166115205e-06,0.0063362787651,5.15645467241,0.0581121641589,0.174097152705
gradient,0,0.46,0.469999998808,predicted,Actual proposal support boundary; monitored coordinates are pre-native endpoint forecast,True,50,3.98368155853,1.60215248821,0.0121842505074,0.0286384975529,-0.248060862374,0.0455979831024,7.56062255863,5.29041782642,0.306259152928,-0.352939210858,1.59217938485,0.182617384516,0.272189099387,0.273076242856,0.267423223505,0.19579003829,4.52076217841,0.199652444949,0.662981810426,9.29807359233,2.39303610366e-07,0.000709389138084,8.74529928677,5.12102140775e-06,0.0035220045564,9.25536118328,1.97872478856e-07,0.000685517269385,8.27414217432,1.31934409478e-05,0.00917394525004,10.1631307156,6.44153119846e-09,6.29214340592e-05,8.92098889386,1.15492507487e-06,0.00183570495353,8.28396648959,2.95895389065e-06,0.00642459358263,9.07082392816,3.83681695145e-07,0.00109853872351,8.79714853732,3.00944335126e-06,0.00293315988307,8.66999442157,2.09068965855e-06,0.00316691338299,8.05189810337,3.20766231128e-05,0.0149616122461,8.28845317932,1.19431946167e-05,0.00844146816275,4.8700617624,0.124867131852,0.380993518919,8.23457080347,2.29912919306e-05,0.0110120573426,9.50405107585,1.34982150745e-07,0.000429170119082,5.1876613792,0.0658737189845,0.345059962019,7.28392084641,0.000329189144733,0.0680266278466,8.43442570223,7.67056132688e-06,0.00646163349517,5.15538340692,0.058240633614,0.17431661861
gradient,0,0.47,0.479999989271,predicted,Actual proposal support boundary; monitored coordinates are pre-native endpoint forecast,True,50,-13.7306773926,1.64136884456,0.0133341862297,0.033710439167,-0.246876742121,0.0458263935947,7.5573970573,5.29545196035,0.313764212612,-0.353906871303,1.59877337634,0.18257352169,0.272138610478,0.273065452418,0.267391851722,0.195867032988,4.52149402232,0.199752287497,0.663044951124,9.29528194949,2.44674037709e-07,0.000716592827574,8.74801936831,5.05890263708e-06,0.0034994248066,9.25617936934,1.96188736636e-07,0.000682633512359,8.27438031314,1.31434540845e-05,0.00917051328645,10.1630667597,6.44460274384e-09,6.29409022873e-05,8.92458469702,1.13814133386e-06,0.00181855858418,8.28617805442,2.92058764622e-06,0.00638053163275,9.06917425676,3.86013102189e-07,0.00110323882009,8.80315021166,2.92696157252e-06,0.00288846004775,8.66820102957,2.12464276526e-06,0.00318865004029,8.04612934158,3.28738630556e-05,0.0151486939508,8.28350812921,1.21987561366e-05,0.0085435992738,4.87020056687,0.124815592781,0.381189164906,8.2390586726,2.25836403095e-05,0.0109076798559,9.50335716695,1.35731283575e-07,0.000430528272465,5.18662853735,0.0658906768853,0.345080453926,7.28432781073,0.000328228950988,0.0680108822625,8.43513993729,7.65688626191e-06,0.00645233827341,5.15616602273,0.0582262671226,0.174391186154
gradient,0,0.48,0.489999979734,predicted,Actual proposal support boundary; monitored coordinates are pre-native endpoint forecast,True,50,-3.97229553134,1.67037817307,0.0122274209595,0.0422980790949,-0.243342495289,0.0463102564573,7.55987948448,5.30811164956,0.314550086577,-0.358583637237,1.60543881838,0.18236495608,0.271930620187,0.272847251898,0.267288077999,0.196020520437,4.52530812959,0.198934315234,0.663524594565,9.2895374209,2.52164410584e-07,0.000729427179575,8.75354105009,4.93962181115e-06,0.00345466303333,9.2472089172,2.05171916606e-07,0.000702053413089,8.27743251553,1.29659600469e-05,0.00910528305761,10.1611338156,6.51735973176e-09,6.33963453376e-05,8.92968159214,1.11916458581e-06,0.00179615050194,8.28638628894,2.91801691837e-06,0.00637652496493,9.06709310863,3.8975198722e-07,0.00111048593266,8.80784498457,2.86289244856e-06,0.00285389677341,8.66654563812,2.15046408612e-06,0.00320662112319,8.04241470531,3.32445968041e-05,0.0152691342529,8.27675876667,1.26211105752e-05,0.00868857063042,4.86806322384,0.125231161398,0.381398164001,8.24403687018,2.21418089461e-05,0.0107927510093,9.50332155631,1.3597869077e-07,0.00043092874677,5.18373261903,0.0661672041782,0.345617640659,7.28728647339,0.000324729332352,0.0676553014908,8.44029539547,7.50978169971e-06,0.00637323516459,5.15550415668,0.0582979000007,0.174493146763
gradient,0,0.49,0.5,predicted,Actual proposal support boundary; monitored coordinates are pre-native endpoint forecast,True,50,-11.2821451616,1.82939631234,0.00771185651779,0.0539432051396,-0.24898303124,0.045993682257,7.56052793889,5.30522727763,0.307663092529,-0.361671271433,1.59274511505,0.182443442523,0.271933844852,0.272813688359,0.267305651951,0.196052054574,4.53462834004,0.197135385705,0.663897391797,9.27583711176,2.67491032291e-07,0.000758946133358,8.75925569604,4.83151461515e-06,0.00341079321133,9.23758638504,2.1533932245e-07,0.000723367180333,8.27692426557,1.29878302824e-05,0.0091131384526,10.1763208568,5.97520150911e-09,5.99534288255e-05,8.93972015809,1.06225440602e-06,0.00174374458492,8.28067003817,2.99973885788e-06,0.00648071212959,9.0665381492,3.91005115779e-07,0.00111239300686,8.81247171794,2.82102593705e-06,0.00282378729272,8.66847299804,2.11417150864e-06,0.00318752010235,8.04415536056,3.29924556587e-05,0.0152127251067,8.27312796193,1.2782438129e-05,0.0087576351113,4.8651608789,0.125625353952,0.381170955082,8.25319011202,2.13381001642e-05,0.0105841730927,9.51870786902,1.253137227e-07,0.000410140886963,5.17402435045,0.0671999801927,0.347716042601,7.29237733043,0.000318785289177,0.0670390508589,8.44563050676,7.34065912361e-06,0.00629049089366,5.14198071149,0.05909610992,0.174859532254
gradient,1,0,0.00999999977648,predicted,Actual proposal support boundary; monitored coordinates are pre-native endpoint forecast,True,50,-5.79173390764,0.790126962987,-0.119918269959,-0.0687551069641,0.448000415835,0.0337394622102,4.86437914289,7.24206221573,0.114008700834,-0.484720341226,1.32645049249,0.18134831637,0.261866250688,0.295691611661,0.284187891142,0.195298332286,4.5850130349,0.206547346008,0.74764927255,9.98392147466,5.83298522615e-09,6.71603500742e-05,9.35117803728,2.16719599657e-07,0.000652923585514,9.75252849023,1.26217841415e-08,0.000111138632521,8.25724567497,1.81499708034e-05,0.00963772799144,9.18755514042,4.96491315306e-07,0.0010219502749,9.41989564045,1.20325540605e-07,0.000447114184816,8.16717118333,5.80347318812e-06,0.00941593141105,9.38753120662,9.67730272475e-08,0.000413286502656,9.16101554458,4.95093909059e-07,0.00103126797282,8.56055912979,2.18928665163e-06,0.00384991049725,8.37003788152,7.97672364872e-06,0.00704201377166,8.69569647345,2.22405656706e-06,0.00311119745078,4.51865213536,0.202193579736,0.416310791918,8.66399963387,6.37117390942e-06,0.00415740938125,9.07450648462,4.90049679874e-07,0.00112123472215,5.36069778658,0.0495751547614,0.268574583503,7.36932813976,0.000286503493926,0.0562438917469,8.8364162447,1.93751305768e-06,0.00236182506353,5.49227802631,0.0313303278734,0.16866362834
gradient,1,0.01,0.019999999553,predicted,Actual proposal support boundary; monitored coordinates are pre-native endpoint forecast,True,50,-14.2597289898,0.77989506725,-0.0917113564873,-0.0621538103008,0.323159922037,0.0333630643622,5.06557716444,6.67515373011,0.121827006269,-0.384398102105,1.39849556219,0.187427799007,0.270855173795,0.301488388974,0.2765265024,0.198348223753,4.53490628852,0.218347693227,0.739365841943,9.9135643738,6.30098475905e-09,7.93912185113e-05,9.30944779931,2.74621015997e-07,0.000734009646104,9.67208174338,2.10675768069e-08,0.00015754598361,8.30374762196,1.41188348826e-05,0.00872122720973,9.46659364126,9.76861027976e-08,0.000405955983347,9.40908432222,1.01380773511e-07,0.000423344814964,8.18350136256,5.42085481576e-06,0.00892742494091,9.39581467126,7.59158867839e-08,0.000377210664701,9.23810997001,2.85228789309e-07,0.000776313475759,8.60752748903,1.76808109207e-06,0.00339973887115,8.35838375395,7.60679053228e-06,0.00718575143661,8.66488596299,2.43214406559e-06,0.00336819100395,4.5532183714,0.192537698025,0.404267473433,8.76254008657,3.40855176196e-06,0.00316462462216,9.12891102222,3.39905189351e-07,0.000952936274367,5.34038193667,0.0514286227223,0.275063258593,7.3564030089,0.000289292787088,0.0577986479739,8.82654118304,1.94882444735e-06,0.00238502985592,5.48844999621,0.0336484762484,0.169279013787
gradient,1,0.02,0.0299999993294,predicted,Actual proposal support boundary; monitored coordinates are pre-native endpoint forecast,True,50,-8.03161453566,0.801097915932,-0.0916588614845,-0.0170476711178,0.276103431854,0.040737823383,5.31927517759,6.6025202749,0.0953367077464,-0.381546432085,1.63489721306,0.186784516927,0.270530814705,0.295980631185,0.272261563309,0.20052956929,4.54047001574,0.213119467742,0.730687799255,9.84628568055,9.70989515012e-09,0.000105255994258,9.28058506293,3.17318567957e-07,0.000794211980476,9.51198177645,5.07587078884e-08,0.000281205410008,8.29265348452,1.36461744319e-05,0.00901086778884,9.60026672835,4.53592927587e-08,0.000255771976966,9.40086612616,9.70202126527e-08,0.00042023468441,8.18889131909,5.29819489637e-06,0.00877343995243,9.35661916831,8.88998517854e-08,0.000428064694102,9.27971174969,2.1364276972e-07,0.000667118386057,8.61917485336,1.76834111934e-06,0.00335558912879,8.30059750294,9.61673950682e-06,0.00821507404552,8.6745390362,2.16399429247e-06,0.00322177472566,4.55682206415,0.191738960989,0.396478509347,8.78573038317,2.75977673836e-06,0.0029410575298,9.15852484743,3.05468251783e-07,0.000893682413485,5.34576340503,0.0514617501105,0.283835785774,7.35689129771,0.000278377837998,0.0582614605188,8.83412894663,1.76650309935e-06,0.00229821300141,5.43307266506,0.0377934999895,0.168972438164
gradient,1,0.03,0.0399999991059,predicted,Actual proposal support boundary; monitored coordinates are pre-native endpoint forecast,True,50,-0.984000634857,0.836281797018,-0.10600333437,0.00130061324596,0.282910598192,0.0487000355881,5.54503133066,6.63675668953,0.0608064734421,-0.431990199008,1.94451076334,0.185980877247,0.267514577627,0.289702254416,0.268833156842,0.202211224071,4.57212179492,0.203671111422,0.728072204282,9.86054680306,9.61296560794e-09,0.000103243064534,9.23075886091,4.36832804719e-07,0.000936648538454,9.36952931905,1.09776190681e-07,0.000458403633774,8.27185240017,1.39296869107e-05,0.00952969599137,9.64979484486,3.52382540913e-08,0.000217115790979,9.38355037154,1.07378454871e-07,0.000442959025729,8.19896364744,5.06274769181e-06,0.0085283041546,9.33252108394,9.9127742929e-08,0.00046804239502,9.27852618287,1.92762809785e-07,0.000656110023834,8.60820580243,1.97307157379e-06,0.00352213941165,8.26928926054,1.06704284692e-05,0.00877540326286,8.7146411531,1.72374640779e-06,0.00283976553931,4.53727912896,0.197624565811,0.391440272514,8.76802821066,2.59728788348e-06,0.00303965215772,9.19054061922,2.68272549461e-07,0.000820725367812,5.40910701289,0.04739971793,0.288531326856,7.35650811591,0.000271249530022,0.0587992140836,8.82502913029,1.74027034731e-06,0.00232931874544,5.43575858614,0.0388308113714,0.16540048208
gradient,1,0.04,0.0499999970198,predicted,Actual proposal support boundary; monitored coordinates are pre-native endpoint forecast,True,50,10.3503928684,0.870493318133,-0.103509256687,0.00492393847465,0.270242090497,0.0525522279055,5.69353125809,6.62023891601,0.00866507833101,-0.466463607461,2.19086565028,0.186923186857,0.267151534502,0.287435957236,0.265140825574,0.201906488243,4.5658662936,0.203272976047,0.721534305638,9.87492356342,9.1773711899e-09,9.96014816206e-05,9.1649346323,6.67938887002e-07,0.00116648648128,9.28535421811,1.74089189492e-07,0.000608811296384,8.23953650134,1.57926161285e-05,0.0103188182061,9.71313664498,2.65611012178e-08,0.000178382465704,9.32397277721,1.54920071594e-07,0.000546432973532,8.20677387126,4.93475352006e-06,0.00836369089932,9.32404986548,1.02463581778e-07,0.000484385950292,9.25322484092,2.04908662161e-07,0.000711369279634,8.64140758953,1.71699485513e-06,0.00322251734279,8.25012041838,1.12560577758e-05,0.00915802962614,8.74043928709,1.53870351303e-06,0.00262644377523,4.51920553838,0.20134500271,0.384738799006,8.75784003071,2.33892237957e-06,0.00309499792872,9.23281881871,2.23079722217e-07,0.000724410245592,5.45950579656,0.044071756256,0.288333951303,7.3438733268,0.000275614314823,0.0606168200249,8.769248655,2.37468410897e-06,0.00274248711609,5.43875390038,0.0393497464432,0.162237270391
gradient,1,0.05,0.0599999986589,predicted,Actual proposal support boundary; monitored coordinates are pre-native endpoint forecast,True,50,11.4289026325,0.924287410647,-0.104390358772,0.00476893421173,0.256183383737,0.0551001363941,5.81591731607,6.64800529765,-0.0139582663418,-0.483228967209,2.39154732226,0.187266693012,0.267335685402,0.283978271231,0.261288402846,0.2023089129,4.57304794193,0.200986852089,0.716545131612,9.8792768434,9.33088024687e-09,9.97485126346e-05,9.09514976204,9.85287812299e-07,0.0014362954114,9.2357807912,2.25446176007e-07,0.000714393777455,8.19437022538,2.09381244843e-05,0.0114041766293,9.76017860103,2.0669025067e-08,0.000151948895243,9.27972311891,2.02219952156e-07,0.000635545356122,8.20543928008,4.9507981208e-06,0.00839797685884,9.32091652371,1.02466880731e-07,0.000490105629389,9.23394672222,2.17928843615e-07,0.000758568796541,8.66023383796,1.6084095349e-06,0.00307154707593,8.22815999701,1.21169671974e-05,0.00965553072305,8.76278689755,1.39330138282e-06,0.00246099434677,4.51192634237,0.203253035891,0.378812807782,8.72917021017,2.36723225763e-06,0.00332175581338,9.26499989341,1.89525126982e-07,0.000654580620458,5.48492786335,0.0423155025726,0.285537520481,7.33384442877,0.000279594625251,0.0620935244452,8.72848199712,3.09457582125e-06,0.00308317383784,5.43882155941,0.0398619685467,0.160461085511
gradient,1,0.06,0.070000000298,predicted,Actual proposal support boundary; monitored coordinates are pre-native endpoint forecast,True,50,4.27954028864,0.96987407155,-0.107168681469,-0.0110420674467,0.245731829081,0.054018133172,5.89698804216,6.65736430035,-0.046577843189,-0.506285500915,2.52370990265,0.188535271791,0.268578694498,0.280815036064,0.259213026542,0.201881001886,4.58542230228,0.199077303356,0.714156185005,9.85884571895,1.09803422359e-08,0.000109885927209,9.0645075396,1.15807493641e-06,0.00156519502719,9.21394337387,2.53773543717e-07,0.000767405942639,8.1643144163,2.62853875721e-05,0.0120859983395,9.81152839295,1.56081133969e-08,0.000127056982554,9.2329555742,2.55586534152e-07,0.000736236928704,8.20294392298,4.97857087678e-06,0.00845502651491,9.3152025269,1.06833637511e-07,0.000503184060375,9.19588132767,2.71624945756e-07,0.000864329796394,8.69010015385,1.3283805743e-06,0.0027746267542,8.2189330279,1.25766650325e-05,0.00989157161776,8.78055889191,1.33260143266e-06,0.00235471787523,4.49969857874,0.206420635653,0.372826722159,8.70319324691,2.54765504822e-06,0.00355857141833,9.3085883765,1.48093399619e-07,0.000564494953855,5.50908617675,0.0406000086805,0.280378734801,7.33311495649,0.000273179976936,0.0625345870245,8.70732324885,3.43929695513e-06,0.00325648853482,5.42413061103,0.040754936459,0.158733599259
gradient,1,0.07,0.0799999982119,predicted,Actual proposal support boundary; monitored coordinates are pre-native endpoint forecast,True,50,-4.53644976005,0.974599144314,-0.106986696568,-0.00638483498335,0.255460439,0.0529996244879,5.89061801648,6.69994970023,-0.0571984198276,-0.521124845719,2.57889367938,0.189346935124,0.269850038591,0.279013528765,0.258770484002,0.20144207294,4.58884386526,0.199468392417,0.714015835693,9.84202263108,1.23260372598e-08,0.000118237520401,9.05813848096,1.22618081233e-06,0.00160661332693,9.20517822761,2.64243800635e-07,0.000787075832192,8.14660977045,3.00482847282e-05,0.0124825345521,9.82965544148,1.4047699842e-08,0.000119342923286,9.21946467765,2.87849650975e-07,0.000782178459181,8.20313108129,5.0007094877e-06,0.00846775151044,9.30595015774,1.12095229898e-07,0.000519678139457,9.18663544118,2.82276542731e-07,0.000888063875138,8.69868355627,1.26202015431e-06,0.00269597234425,8.20455101783,1.33157896627e-05,0.0102421789496,8.7947575881,1.29341534924e-06,0.00226900221626,4.49553045855,0.208466495105,0.37336906105,8.70232183696,2.51142045203e-06,0.00356600081725,9.32879356182,1.30794447356e-07,0.000524460132748,5.54236254473,0.0383041099338,0.27856593399,7.33788464338,0.000265681139098,0.062131841122,8.70914474074,3.54805561847e-06,0.00327050725275,5.40283269577,0.0419122031791,0.157836843273
gradient,1,0.08,0.0899999961257,predicted,Actual proposal support boundary; monitored coordinates are pre-native endpoint forecast,True,50,1.51734561158,1.02430663008,-0.104554476585,0.0100107997274,0.274757103,0.0521291317839,5.90789752949,6.77012226683,-0.050128077559,-0.517504366089,2.59643902303,0.189388361315,0.270156062505,0.276339290355,0.257995526475,0.201982401991,4.5927263598,0.199529150525,0.713143702743,9.81448552772,1.46964407006e-08,0.000131943901839,9.0558129017,1.25236629197e-06,0.00162296058974,9.19892004207,2.70715519921e-07,0.000800528297859,8.15148814474,3.01179035825e-05,0.0123180111029,9.81805688572,1.53503849025e-08,0.00012632489982,9.21623476265,3.13239048466e-07,0.000809307692218,8.20278782577,5.00954977522e-06,0.00849263579677,9.29735833623,1.18033708338e-07,0.000535472907913,9.15615406425,3.27277355503e-07,0.000978596876947,8.68943385626,1.38756250104e-06,0.00280266588729,8.18008295233,1.46526948973e-05,0.010857507706,8.79666902766,1.33776325256e-06,0.00226595063413,4.50265293101,0.208429724181,0.376406059539,8.67611959193,2.78582438442e-06,0.00382045077927,9.31940114494,1.40702772608e-07,0.00054430638612,5.55628566211,0.0372026419833,0.278229797996,7.34720286979,0.000256932226806,0.0610858395419,8.71586125919,3.62854320556e-06,0.00325998260624,5.38323352041,0.0428412043538,0.15787907194
gradient,1,0.09,0.0999999940395,predicted,Actual proposal support boundary; monitored coordinates are pre-native endpoint forecast,True,50,6.78271207455,0.995515258576,-0.105807540264,0.0291862940407,0.286069759402,0.0529785371924,5.91167324609,6.82242909462,-0.0421213380115,-0.531183340421,2.61237885128,0.189491857624,0.270127220782,0.274066633459,0.257853059796,0.202661842095,4.60314334602,0.197754987259,0.713588116812,9.79552148717,1.6588503267e-08,0.000142034905177,9.06634651644,1.19509704885e-06,0.00157917623476,9.18872687882,2.83393596204e-07,0.000823435549379,8.15631242182,2.94401562539e-05,0.0121827291217,9.80465563907,1.72133865719e-08,0.000135430907543,9.22510681605,3.09525044854e-07,0.000796126487139,8.20559902158,4.92621182928e-06,0.00842281498022,9.28608813074,1.25072717852e-07,0.000554789055973,9.15206521665,3.26641945288e-07,0.000990572081044,8.6756885655,1.56838739081e-06,0.00295321789329,8.16496260809,1.56559671477e-05,0.0112482260665,8.78857795065,1.45344916726e-06,0.00233357273705,4.50338799743,0.209771996744,0.377533014868,8.67174617506,2.78100221701e-06,0.00386260299133,9.31710056878,1.4789625246e-07,0.000554644383408,5.56125419874,0.0368077034239,0.279086603178,7.34923871734,0.00025716210857,0.0607970598545,8.72242373959,3.54915033869e-06,0.00322418596245,5.37550450862,0.0432018633706,0.159207606408
gradient,1,0.1,0.109999999404,predicted,Actual proposal support boundary; monitored coordinates are pre-native endpoint forecast,True,50,14.6408006767,0.964595640858,-0.112751073685,0.0320245185113,0.285397167478,0.0535043271601,5.89004527318,6.84554966901,-0.0304730410041,-0.54682097947,2.59975005668,0.18983876346,0.270636142468,0.272344127498,0.258028301069,0.203532198789,4.61708476048,0.195560631411,0.714350683492,9.79920792316,1.63066132357e-08,0.000139993311245,9.05788972882,1.22994012466e-06,0.00160957415319,9.19551730597,2.65822798598e-07,0.000797238287565,8.14790159168,3.0237467498e-05,0.0124159479209,9.79525514601,1.80942334334e-08,0.000140503201217,9.22340645775,3.18123997044e-07,0.000805301102703,8.20250072346,4.96614806916e-06,0.00848737507355,9.2770780564,1.31304516136e-07,0.000571225857288,9.15598746437,3.30010441127e-07,0.000986160194216,8.66354359128,1.75178062629e-06,0.00308065603239,8.16951856074,1.55208533191e-05,0.0111359632549,8.79534157084,1.41114189115e-06,0.00228944807182,4.49130597662,0.213139401097,0.375756197339,8.66259396897,2.90856947107e-06,0.00396180906023,9.31943895618,1.49288992538e-07,0.000554055476984,5.57309662187,0.0361688478943,0.280110544577,7.35296874044,0.000253786542542,0.0604154050777,8.70891673671,3.84843525265e-06,0.00335475494357,5.37069991269,0.0434330760137,0.160973332515
gradient,1,0.11,0.119999997318,predicted,Actual proposal support boundary; monitored coordinates are pre-native endpoint forecast,True,50,29.8579202816,0.933582224295,-0.116024374809,0.0247083454943,0.290259077225,0.0530619954045,5.84430625978,6.8695140463,-0.00369241125267,-0.555882298744,2.5770751173,0.190743956,0.271508726208,0.270815548472,0.258050589996,0.2041497158,4.61832524709,0.195921812071,0.714276700255,9.81661665645,1.48091795611e-08,0.00013116208658,9.05198326272,1.24588875976e-06,0.00162693851045,9.21670538111,2.30466354136e-07,0.000737578785331,8.14367264886,3.0229542441e-05,0.0125618650047,9.78800914366,1.78801310932e-08,0.000141881683695,9.22781975394,3.16204356734e-07,0.000798809756879,8.20174260995,4.98699036479e-06,0.00850839190558,9.26840407957,1.37821970995e-07,0.000587584050906,9.13887443613,4.34509712966e-07,0.00107583935577,8.64556169283,2.04123801236e-06,0.00326769063204,8.16781854825,1.59945100481e-05,0.0112081181784,8.81002421934,1.31460076088e-06,0.00219705330207,4.48337503453,0.215706903571,0.374187805257,8.63332304907,3.69338416347e-06,0.00430125685936,9.32319381602,1.41058578987e-07,0.000541224797201,5.59864543487,0.0346153649756,0.278748008155,7.35735781232,0.000247980396009,0.0600426785242,8.70001571499,4.08012994745e-06,0.00344560529145,5.37098257194,0.0433586695758,0.162795752781
gradient,1,0.12,0.129999995232,predicted,Actual proposal support boundary; monitored coordinates are pre-native endpoint forecast,True,50,31.3388386719,0.932280887016,-0.117135886993,0.021230868063,0.302847330246,0.0512464175893,5.79294041171,6.82366293425,0.0277962127737,-0.556979794507,2.45240842569,0.191897680721,0.272936011482,0.270939829367,0.258703517187,0.203906973078,4.61542504962,0.198424864936,0.715674974642,9.82531804537,1.43476038298e-08,0.000127478105618,9.07529248123,1.10088636257e-06,0.00152037221411,9.24405909097,1.91521763953e-07,0.000668629042775,8.14307925817,3.03304706811e-05,0.0126314432945,9.80078115891,1.50362099507e-08,0.000130927006477,9.25585931605,2.82516455573e-07,0.000741137782046,8.20376587896,4.94389471839e-06,0.00845994325032,9.26575904534,1.38442001459e-07,0.000590721537336,9.08841950639,6.81178918177e-07,0.00130048488322,8.61397231011,2.54181157868e-06,0.00359431367268,8.16572198596,1.65066341012e-05,0.011299858504,8.80749624316,1.35467272373e-06,0.00222269670442,4.48283551778,0.216554394876,0.375563376395,8.57825814246,5.60720685712e-06,0.00497661174988,9.33755263586,1.18167552048e-07,0.000500715090182,5.60598523393,0.0340074511266,0.278838809799,7.37178726515,0.000233587299762,0.0585351351676,8.73259051368,3.56831374629e-06,0.00318132870388,5.37829347874,0.0429681701166,0.164536278585
gradient,1,0.13,0.140000000596,predicted,Actual proposal support boundary; monitored coordinates are pre-native endpoint forecast,True,50,35.0389424505,0.892419629372,-0.115760862675,0.0140908509111,0.314251942906,0.049157887696,5.73761796528,6.77154610643,0.0706330727464,-0.543628726243,2.31245935486,0.192849900582,0.274776795251,0.271752073671,0.259805916255,0.202865488508,4.60465920916,0.20237787269,0.716423623969,9.8288335381,1.38768392099e-08,0.000125094568888,9.09101283186,1.01733263373e-06,0.00145491159131,9.28556650594,1.44822859785e-07,0.000575626087059,8.14829496541,2.957805762e-05,0.0125492546069,9.80768090765,1.32995979659e-08,0.000124425628042,9.28272123721,2.55272812444e-07,0.000691905735896,8.2062903917,4.93247874419e-06,0.00840739475413,9.25945702556,1.44573023746e-07,0.000604798257433,9.04476452494,9.61362304814e-07,0.00151686437174,8.58419908746,3.05154779821e-06,0.0039125862423,8.16465448902,1.68968771149e-05,0.0113584450872,8.79849543425,1.42510839353e-06,0.00229074079868,4.49069984917,0.215686468698,0.378325836562,8.52730723402,7.95433253419e-06,0.00565235538078,9.34140227911,1.07757093739e-07,0.000483844468906,5.61448604244,0.0334491750716,0.278867269377,7.39106953851,0.000214567072208,0.0565845544151,8.76562876757,3.14350818151e-06,0.00293457399408,5.37344126134,0.0430549692313,0.165370009467
gradient,1,0.14,0.149999991059,predicted,Actual proposal support boundary; monitored coordinates are pre-native endpoint forecast,True,50,40.4692480003,0.883855533826,-0.117004465904,0.00214274044991,0.309441304181,0.0470903964499,5.6951618681,6.71099834045,0.102935956509,-0.52871364939,2.18818931214,0.193508797902,0.27635881315,0.272816771277,0.26101799677,0.201904358453,4.59384591279,0.205840019036,0.715243986847,9.8208931055,1.451798617e-08,0.000128525147249,9.0925009532,1.00619808242e-06,0.00144799379954,9.31240056635,1.21290400079e-07,0.000524081231234,8.14414202517,2.97538010665e-05,0.0127000997518,9.8202456772,1.20481549234e-08,0.000117929893857,9.29630920103,2.46770953e-07,0.000672940962582,8.20195254916,5.04886191515e-06,0.00851701378041,9.2550109157,1.49350687385e-07,0.000614509319436,9.02411793979,1.12449198032e-06,0.00162857178423,8.56328283478,3.40671853886e-06,0.00413652892253,8.16502629905,1.73290035889e-05,0.0113943705563,8.79786527357,1.43263695228e-06,0.00230227422624,4.49602999293,0.214846822739,0.379318821261,8.49697133334,9.58489027913e-06,0.00607686705154,9.34958454895,9.91236457533e-08,0.000464795870394,5.61646145601,0.0332285067636,0.277854992201,7.40452231181,0.000202325851522,0.0552179233296,8.77905483412,3.03186657374e-06,0.00284661968459,5.3591667148,0.0437518647652,0.166252448234
gradient,1,0.15,0.159999996424,predicted,Actual proposal support boundary; monitored coordinates are pre-native endpoint forecast,True,50,68.4770261307,0.870952608788,-0.122180406895,-0.0118859279537,0.312896299336,0.0443458390741,5.64213659963,6.6499997119,0.103820879881,-0.512963649116,2.11922361499,0.194613425759,0.277820154622,0.274587654291,0.262046200495,0.201128150187,4.59399041706,0.206583096612,0.719174319318,9.82925856365,1.42563920682e-08,0.000125320851472,9.10733404619,9.33959863711e-07,0.00138839095767,9.3298169406,1.09347981597e-07,0.000495136418549,8.16011163379,2.87440473987e-05,0.0122398593321,9.79724330268,1.46696949375e-08,0.000131097311885,9.30812227998,2.32094846117e-07,0.000648481994076,8.19388917705,5.19538935917e-06,0.00870865009412,9.27101783654,1.41455535371e-07,0.000588580550044,9.02722880141,1.09839826064e-06,0.00161187858359,8.55218806213,3.58401395495e-06,0.00425035386559,8.16666752661,1.78356168007e-05,0.0113948528976,8.81995449137,1.25252036847e-06,0.00215387548626,4.4971465852,0.215064401055,0.379728319262,8.50042950155,9.43569274611e-06,0.00602826577375,9.34576650986,1.02104566806e-07,0.000471117582132,5.6076792225,0.0336804473663,0.275430242986,7.40529727717,0.000202645911809,0.0551168737655,8.79174049928,2.83518507836e-06,0.00275402827729,5.36534482288,0.0433670910683,0.164425228365
gradient,1,0.16,0.170000001788,predicted,Actual proposal support boundary; monitored coordinates are pre-native endpoint forecast,True,50,55.6855023616,0.862448802146,-0.11958106741,-0.00561861697674,0.320130612526,0.0436795674448,5.60541945407,6.58576134203,0.103161248411,-0.50784591917,2.0282572213,0.195583368807,0.27831058669,0.27548376574,0.263786632504,0.20076548621,4.59361070314,0.208035853621,0.723258053079,9.82187759157,1.52080981355e-08,0.000128699220289,9.14361955131,7.80411184409e-07,0.00125255311232,9.34255849297,9.85059392001e-08,0.000471212633535,8.17842304409,2.73514949934e-05,0.0117826300165,9.78211957356,1.62056099984e-08,0.000139430935408,9.32787300587,2.0832023623e-07,0.000607912039649,8.20046712953,4.96971762657e-06,0.00853534314343,9.26807800911,1.46067036707e-07,0.00059849183961,9.04063869741,1.0038683487e-06,0.00154218177023,8.54704725671,3.68475980631e-06,0.00430856170151,8.16544257965,1.82729659685e-05,0.0114354584391,8.81556778094,1.22480703336e-06,0.00216863444968,4.50265598566,0.214371339772,0.38199411891,8.52328763322,8.46301709237e-06,0.00571295450096,9.33712203619,1.05819284579e-07,0.000484623789711,5.58810497469,0.0348595281232,0.276685180207,7.40753245215,0.000202171472801,0.054831958561,8.82121861352,2.44643547256e-06,0.00255090915274,5.3678702904,0.0434623297906,0.163467965301
gradient,1,0.17,0.179999992251,predicted,Actual proposal support boundary; monitored coordinates are pre-native endpoint forecast,True,50,46.0465139642,0.911405582448,-0.114761829224,0.00997554775238,0.339625843439,0.0455519777923,5.55604460738,6.55075288881,0.0934538939099,-0.524093725102,1.99426638769,0.196117390306,0.279415457035,0.277217001544,0.264862113407,0.199805060364,4.59068960495,0.209715845825,0.727855615534,9.82922562505,1.50535660009e-08,0.00012584506196,9.17557874204,6.65239971668e-07,0.0011433233327,9.34812194716,9.11943740506e-08,0.000456942626279,8.20762794899,2.46627728999e-05,0.0110940391048,9.76737036608,1.69244117383e-08,0.000145192257869,9.34311728039,1.92130729163e-07,0.000579280759387,8.21676124021,4.53466057448e-06,0.00812857427674,9.26367597077,1.52263292652e-07,0.000612204821637,9.06049634015,9.04078313837e-07,0.00145541171967,8.55229638371,3.60502404499e-06,0.00425061667963,8.16993156583,1.7836714409e-05,0.0112976529846,8.80445126766,1.25123004317e-06,0.00223174351967,4.49995929213,0.215100937793,0.385330203372,8.55512956594,7.37332930969e-06,0.00530071940583,9.32979677321,1.0725172272e-07,0.000492743926923,5.58221967534,0.0353749734419,0.278725739084,7.40247201893,0.000208049086922,0.0552926849576,8.84061919549,2.28054561127e-06,0.00243895360155,5.38788615605,0.0426670216706,0.161069870995
gradient,1,0.18,0.189999997616,predicted,Actual proposal support boundary; monitored coordinates are pre-native endpoint forecast,True,50,48.0757671842,0.952211033405,-0.108062245693,0.024653174839,0.355434301171,0.0474691545006,5.52507598747,6.57846625015,0.0874200012379,-0.526192194305,1.98278568394,0.195108939948,0.279733020993,0.277517152675,0.266025134993,0.199879949934,4.58123459282,0.211762615051,0.728445976395,9.82366464287,1.58244687721e-08,0.000128371792978,9.19119519672,6.10105557031e-07,0.00109023002218,9.36000267234,7.99191135596e-08,0.000430281746934,8.2271671318,2.30087567101e-05,0.0106555922499,9.73520733597,1.84126825913e-08,0.000158769085987,9.35275502558,1.76779252869e-07,0.000555231337662,8.23084700105,4.24909811773e-06,0.00780665205315,9.25903146606,1.59041327791e-07,0.000626510003403,9.09076677893,7.70683940068e-07,0.00133159090866,8.5659735404,3.40470752358e-06,0.00410476077798,8.18560185156,1.611588112e-05,0.0108407367414,8.78176795929,1.36115954133e-06,0.00237957465106,4.49989853069,0.214816769829,0.387679158773,8.59162135408,6.24156197383e-06,0.0048566280185,9.30772393436,1.15343034471e-07,0.00052466419134,5.56763259878,0.036484001736,0.281348101934,7.40003582804,0.000210133269013,0.0555476095352,8.84155782499,2.30047671595e-06,0.00244265964387,5.39332607333,0.0425879376494,0.158933628264
gradient,1,0.19,0.199999988079,predicted,Actual proposal support boundary; monitored coordinates are pre-native endpoint forecast,True,50,48.1739388992,0.992785086355,-0.100054190006,0.0423534237957,0.358775210652,0.0486147754295,5.48791779095,6.58268063821,0.0816964067514,-0.524719453936,1.97658164577,0.194616382112,0.280673750264,0.278777949069,0.267254648879,0.198814411212,4.57216401456,0.214425494318,0.72773603367,9.81406901981,1.6933980461e-08,0.000132746974153,9.22086141603,5.17376960587e-07,0.000994880465659,9.37362778194,7.10862208931e-08,0.000403769590382,8.23394761744,2.26443454698e-05,0.0105131090163,9.73097453896,1.93655830207e-08,0.000161853911949,9.3641960517,1.60542552296e-07,0.000528531185436,8.24071641371,4.04884440197e-06,0.00757942290739,9.25156020338,1.65616377355e-07,0.000643835581067,9.12214383954,6.45924463988e-07,0.00121045859857,8.57824383508,3.28298631898e-06,0.00398836473342,8.19434388159,1.49906448693e-05,0.0105708955698,8.75838939603,1.50653797963e-06,0.00254337636939,4.50579163718,0.212940320205,0.391606402348,8.62964111942,5.28978155977e-06,0.00442841398995,9.30138745778,1.15379411341e-07,0.000531039562328,5.55431977515,0.0374441694644,0.284173609875,7.39437263311,0.000216169733919,0.0560627266132,8.84753213223,2.25409153716e-06,0.00240981450029,5.39770277175,0.042676774124,0.158094305782
gradient,1,0.2,0.209999993443,predicted,Actual proposal support boundary; monitored coordinates are pre-native endpoint forecast,True,50,42.7770596494,1.01545182521,-0.0888393138313,0.0561301254845,0.360392753158,0.0498373551301,5.47687887214,6.59787052198,0.08071890666,-0.540908271487,1.97246736689,0.194204008051,0.280994450205,0.279430941134,0.267447278555,0.197596012879,4.56275756139,0.217033275703,0.726166092068,9.79824965236,1.88070291146e-08,0.000140806745914,9.25966222285,4.1645978554e-07,0.000880633388696,9.3859300479,6.40392922603e-08,0.000381265635588,8.23140519906,2.31612752331e-05,0.0105877502114,9.73180131943,2.09442417422e-08,0.0001647141147,9.37923858664,1.43985444264e-07,0.00049827880516,8.25684505478,3.72166299608e-06,0.00721757537519,9.23451001281,1.80387975088e-07,0.000681383510472,9.1279805339,6.16848932922e-07,0.00118621932199,8.58219162684,3.33178453429e-06,0.00397093306071,8.187759731,1.52386552012e-05,0.0107239413758,8.73308503698,1.70066296673e-06,0.00273577767068,4.51404721199,0.210401459476,0.393641274752,8.64397233035,5.01207489312e-06,0.00427807740784,9.3063481568,1.1137645805e-07,0.000520573121819,5.54637160003,0.0379710700543,0.284954154787,7.38543039588,0.00022346340499,0.057009765463,8.87312481064,1.96256524787e-06,0.00224113171892,5.39519802128,0.0431138483027,0.1573094252
gradient,1,0.21,0.219999998808,predicted,Actual proposal support boundary; monitored coordinates are pre-native endpoint forecast,True,50,41.8696222373,1.02111460546,-0.0742456744576,0.0575704478836,0.336787269387,0.0494843577263,5.45925145125,6.58242778441,0.0715473053233,-0.534832194034,1.91217838724,0.19315510298,0.281466359226,0.280984914374,0.269392914259,0.196437204521,4.53412601269,0.222170658485,0.721238358823,9.80466481786,1.80065434012e-08,0.000136669091055,9.28902345481,3.58204655771e-07,0.000805761960903,9.40594176336,5.5704158218e-08,0.0003520548447,8.20223282,2.63151539856e-05,0.0112646605223,9.74359730087,2.11380176525e-08,0.000160812042324,9.38669288681,1.38470093489e-07,0.00048549878631,8.26115388461,3.66916824707e-06,0.00714109064202,9.22929732702,1.81951856503e-07,0.000688282232383,9.1341802417,5.84106340923e-07,0.00115580423661,8.5789676971,3.58800033744e-06,0.00405546018979,8.19491899431,1.48786271866e-05,0.0105337073186,8.73634064048,1.54108460488e-06,0.00265075100494,4.52956029306,0.204347677843,0.394245450697,8.65435591252,4.73818781157e-06,0.0041676687539,9.31119260115,1.07987821548e-07,0.000510152862861,5.53652790618,0.0390232596124,0.287420633902,7.36709495531,0.000238877365131,0.0589999145534,8.89349932076,1.68796120959e-06,0.00209448374215,5.38545884681,0.043897925562,0.15803454603
gradient,1,0.22,0.229999989271,predicted,Actual proposal support boundary; monitored coordinates are pre-native endpoint forecast,True,50,34.0624031514,0.966097812415,-0.0768072412872,0.0597176885223,0.295102842126,0.0433339576221,5.45306188962,6.33891383045,0.129209732874,-0.490656597595,1.65202948161,0.194878484683,0.28486490747,0.286962454311,0.274290151474,0.191095472355,4.53885244943,0.222503344834,0.726970218132,9.77888980956,2.08735613326e-08,0.000149284521205,9.27884158424,3.88572731444e-07,0.000839747041245,9.49514002755,3.08984436023e-08,0.000245926944834,8.22635214995,2.40776293197e-05,0.0107094158282,9.78979919965,1.75734732036e-08,0.000139257057883,9.39589390823,1.39575166746e-07,0.000481902391127,8.24936878773,3.78167213152e-06,0.0073284518521,9.2294375951,1.85129588406e-07,0.000693585381724,9.11806343337,6.50648018283e-07,0.00122033355199,8.55828560105,3.94499583064e-06,0.00427459473332,8.21663168002,1.39762441817e-05,0.0100460056857,8.69121641129,1.74297863819e-06,0.00295727149961,4.55488660143,0.195942787283,0.403357121561,8.63180530766,5.31135816519e-06,0.00441162186674,9.34230153824,9.35105740481e-08,0.000462107278658,5.48197508171,0.0432487506877,0.296490407354,7.39371146405,0.00021529048439,0.0561184556919,8.90686776084,1.64216712554e-06,0.00204311406235,5.38778340909,0.0441003363306,0.158273354285
gradient,1,0.23,0.239999994636,predicted,Actual proposal support boundary; monitored coordinates are pre-native endpoint forecast,True,50,37.2866241457,0.978316320957,-0.0818271850014,0.0701980554676,0.235750960383,0.0388059193979,5.47431161651,6.06231866532,0.17121961412,-0.437732220048,1.33718583947,0.195129076982,0.289012329891,0.29393748329,0.280284050943,0.185788901693,4.53056385754,0.224706194102,0.726419458211,9.73645394804,2.52567669611e-08,0.000169604812934,9.26607903777,4.27401002356e-07,0.000882202749237,9.55415116663,2.13085596059e-08,0.000193928481371,8.22673053805,2.42010125144e-05,0.0107098772772,9.86054109972,1.27166197362e-08,0.000110461037516,9.40912189558,1.37848831912e-07,0.00047203973868,8.23123067226,4.09260528885e-06,0.00767726778889,9.23358800294,1.79591697498e-07,0.000682744968617,9.10844747172,6.98205257387e-07,0.0012609346343,8.53769925098,4.33024810137e-06,0.00450799196755,8.24414964726,1.3132559224e-05,0.00945733296209,8.63447704371,2.13174378144e-06,0.00343355341816,4.58683984297,0.186965686479,0.412693334521,8.61390558541,5.78639170055e-06,0.00461306792437,9.38029892443,7.98514151922e-08,0.000411003439053,5.40087969977,0.049947923338,0.305435135306,7.42441526058,0.000190854869833,0.0529293659405,8.92056010239,1.59000532476e-06,0.0019847532211,5.36492257529,0.0456517869436,0.160063367015
gradient,1,0.24,0.25,predicted,Actual proposal support boundary; monitored coordinates are pre-native endpoint forecast,True,50,24.9791089309,0.99040304567,-0.0839599679375,0.0707385199881,0.179870716605,0.0357832620904,5.5833288009,5.85520031012,0.215559488166,-0.3914321604,1.15360060848,0.194570802394,0.290415131965,0.295892601621,0.283153842207,0.183997699818,4.53612944846,0.222788338959,0.726092642964,9.69923422546,3.02166755732e-08,0.000190748278797,9.23979408058,4.94679304169e-07,0.000957571995868,9.5864961074,1.71716937393e-08,0.000169318077867,8.23419944126,2.31710713246e-05,0.0105363023232,9.9373013896,8.53161711733e-09,8.41989910115e-05,9.41382812902,1.38275116684e-07,0.000469279395753,8.21495983114,4.37439193921e-06,0.00801570328635,9.24075705518,1.68220758068e-07,0.000661287711087,9.0911777113,7.66078278666e-07,0.00132498472858,8.51869789267,4.5887264591e-06,0.00473118448169,8.24990038464,1.32015977952e-05,0.00936339038783,8.58108009303,2.63370629698e-06,0.00397131009423,4.61866700867,0.17837953665,0.413075883215,8.58668215917,6.44013344775e-06,0.00492028554013,9.41607922977,6.78621646475e-08,0.000366922652125,5.33126660565,0.0559878034851,0.309158339368,7.44232790995,0.000175783916013,0.051215542203,8.92387555069,1.58045300125e-06,0.00196805796587,5.35640593919,0.0463606388268,0.162472767616
gradient,1,0.25,0.259999990463,predicted,Actual proposal support boundary; monitored coordinates are pre-native endpoint forecast,True,50,18.4602938427,1.08185123871,-0.0821754334831,0.0530573528624,0.131411682341,0.0355955078937,5.73666913122,5.71160790423,0.254080694911,-0.377375462697,1.05392759394,0.193810800484,0.290352611861,0.295838227317,0.284382298288,0.182981205114,4.54039715357,0.221633080367,0.722044539028,9.67952179385,3.32785245076e-08,0.000202924368012,9.17403231068,6.95056836651e-07,0.00116300526685,9.6046870902,1.47701726904e-08,0.000155780263691,8.22898438177,2.3475697291e-05,0.0106469615749,9.99722558174,6.39496540371e-09,6.86194859891e-05,9.37987968325,1.72100086882e-07,0.000531716469777,8.21094087007,4.40285949153e-06,0.0080859147957,9.23665230575,1.69271440718e-07,0.000666218123666,9.04659924343,9.63864336203e-07,0.00150633821827,8.50094947398,4.8773930977e-06,0.00495243918391,8.26589459467,1.23143566294e-05,0.00900874134001,8.54470915064,3.031561705e-06,0.00438729695997,4.63754025971,0.171888329912,0.40953800408,8.518646311,8.5873301138e-06,0.00577954492417,9.4457185164,6.05756603976e-08,0.000336735413969,5.2929737989,0.0595890795712,0.308283120402,7.44361689385,0.000173265255271,0.0511228509087,8.89852242599,1.79391014466e-06,0.00211196844495,5.34817993124,0.0469047312006,0.164008747943
gradient,1,0.26,0.269999980927,predicted,Actual proposal support boundary; monitored coordinates are pre-native endpoint forecast,True,50,18.1045076401,1.10831576654,-0.0876059459114,0.0360308053708,0.0975473484135,0.0344132195126,5.9071506048,5.6251198222,0.287627814521,-0.368116943734,0.955517758145,0.192690414605,0.289199603507,0.293601184681,0.28435935138,0.183103300809,4.55821424735,0.216853505796,0.720463319606,9.65398344857,3.80251606229e-08,0.000220882930275,9.10521839456,9.64577282201e-07,0.00140674185109,9.61778484207,1.31592854105e-08,0.000146105248116,8.23243582995,2.30367526613e-05,0.0105484318393,10.0374611577,5.1597597349e-09,5.92653512872e-05,9.32998127454,2.37513693232e-07,0.000638859343586,8.20080578291,4.56660204518e-06,0.00830733371156,9.23743790585,1.66409553981e-07,0.00065987738934,8.9709982008,1.41164893907e-06,0.00186744966367,8.48799057179,4.9045360858e-06,0.00509241310916,8.2825020508,1.13843368756e-05,0.00864975144341,8.52252889408,3.31937819473e-06,0.0046545256955,4.64432407144,0.169105376015,0.404328059708,8.42501474266,1.26770341122e-05,0.00716077761122,9.46990135864,5.42908031588e-08,0.000312377645024,5.2637356987,0.0622432162812,0.309446174978,7.45851910132,0.000161016660473,0.0497620247636,8.87649318273,2.03012474593e-06,0.00225204660311,5.3300572721,0.047922531888,0.165747585321
gradient,1,0.27,0.280000001192,predicted,Actual proposal support boundary; monitored coordinates are pre-native endpoint forecast,True,50,18.6310884534,1.19346268185,-0.0849596784973,0.0310479333615,0.0804006713367,0.0345210428882,5.96863881503,5.57618811387,0.307850341999,-0.362047364177,0.902708076512,0.192523103888,0.288936231799,0.292439887493,0.284360514752,0.183272117808,4.56056447527,0.21578312313,0.720133342193,9.63821429259,4.14770426236e-08,0.0002332594379,9.08624572052,1.03743148073e-06,0.00147365113747,9.62730250109,1.24871231367e-08,0.000141059929866,8.2565571496,2.07215927194e-05,0.00997087819879,10.0515998307,4.7909722125e-09,5.63302434853e-05,9.31475517379,2.58501505882e-07,0.00067184290567,8.19796920686,4.64778052062e-06,0.00837491170633,9.23606475411,1.67526687429e-07,0.000660472420284,8.94548033651,1.59459067383e-06,0.00200317840814,8.48321755874,5.0117499799e-06,0.00516175769106,8.28803588549,1.10969316977e-05,0.00853362445241,8.50359476915,3.64640106525e-06,0.00490323370212,4.65332008294,0.166953451198,0.401490342867,8.38816522056,1.4796670722e-05,0.00777297529545,9.47371212997,5.37434373068e-08,0.000309513798549,5.25484083169,0.0630781369911,0.311305430739,7.46068934551,0.000157699234261,0.0496439815378,8.87150359524,2.07540416308e-06,0.00228388320831,5.32888001704,0.0478730595918,0.167532876805
gradient,1,0.28,0.289999991655,predicted,Actual proposal support boundary; monitored coordinates are pre-native endpoint forecast,True,50,33.7523287537,1.20497622233,-0.0778394316101,0.0342800128078,0.0819214516616,0.0356004698727,6.00933605338,5.5577418804,0.310896570283,-0.361949830102,0.878920374187,0.19183431144,0.288623995897,0.291758314145,0.284144125469,0.183557220031,4.5544793432,0.216753235459,0.719861564301,9.62830092778,4.36527167055e-08,0.000241349889578,9.07715185278,1.08052645317e-06,0.00151065706791,9.62232710597,1.33053847906e-08,0.000145530937701,8.28005800534,1.86642566663e-05,0.00945173742137,10.0478041235,4.91354604708e-09,5.71958459983e-05,9.31502515892,2.56804468778e-07,0.000670447760893,8.20476430005,4.52801061438e-06,0.0082242755686,9.23545249462,1.69917835649e-07,0.000661737235133,8.92609864554,1.74867975015e-06,0.00211088087516,8.48103451603,5.13845555468e-06,0.00521024789803,8.2849198155,1.11694985709e-05,0.00859019334514,8.49012260118,3.90620418831e-06,0.00508214786564,4.66073876597,0.165585335242,0.400814754049,8.36316258349,1.63639308294e-05,0.00821767297772,9.463773125,5.71697169585e-08,0.00032110928281,5.24643607765,0.0637755202862,0.311972188503,7.45191442043,0.000163768900158,0.0505284365223,8.88361209759,1.94935076918e-06,0.00220736154859,5.33634435821,0.0470946910758,0.168514544436
gradient,1,0.29,0.299999982119,predicted,Actual proposal support boundary; monitored coordinates are pre-native endpoint forecast,True,50,40.3137273352,1.15059339501,-0.0743253157997,0.0367640304184,0.0757322971261,0.0370021983363,5.99228594248,5.55053423771,0.295539722043,-0.373692262768,0.92187117882,0.192298985183,0.288693686188,0.292318119773,0.283656257984,0.183283736911,4.55693634303,0.216327869886,0.721969097378,9.62169734096,4.59314535523e-08,0.000248606646109,9.06901698159,1.14081589406e-06,0.00155324530728,9.61017786414,1.50400504417e-08,0.000155222457192,8.29651325114,1.73929682947e-05,0.00908999630671,10.0452355107,5.01818747337e-09,5.79130908579e-05,9.30977350562,2.58445536306e-07,0.000675560494536,8.21038163377,4.37100242437e-06,0.00806962176891,9.23625342387,1.71778350276e-07,0.000660693866485,8.93475734357,1.68632547601e-06,0.00206777747199,8.4960292653,4.81225015128e-06,0.00501704668468,8.28863274805,1.09738941241e-05,0.00850966531535,8.48771977341,4.01251979679e-06,0.00512723418384,4.65873826604,0.166373497563,0.39914250622,8.37866893107,1.50470460304e-05,0.00795906219103,9.46039137247,5.88340765404e-08,0.000326227070492,5.24944248842,0.0634733216785,0.312228779173,7.42875025034,0.000181988023324,0.0527730915781,8.87433254618,1.98462978582e-06,0.00224885096855,5.34494507323,0.046365873815,0.168148991861
gradient,1,0.3,0.310000002384,predicted,Actual proposal support boundary; monitored coordinates are pre-native endpoint forecast,True,50,35.735269019,1.22383239727,-0.0744518016243,0.0485839956617,0.067072368834,0.036269309287,5.99410394491,5.5916809057,0.284464025892,-0.369947466105,0.927008261496,0.190393217872,0.288319689685,0.29240279096,0.28398014761,0.183990071446,4.5564358027,0.215447455411,0.720107058476,9.60158717293,4.91255679316e-08,0.000262468318278,9.0594991733,1.21264752422e-06,0.00160226658823,9.60989610314,1.54158675583e-08,0.00015614158171,8.28599517696,1.7766448185e-05,0.00929676274772,10.0451924941,4.95143613068e-09,5.75227636415e-05,9.30701708503,2.55636915888e-07,0.000674563551069,8.2068874899,4.42713219914e-06,0.00815487639554,9.24128891674,1.64658058933e-07,0.000646202878938,8.9515467892,1.54473521113e-06,0.00197386740071,8.50365647546,4.73207416441e-06,0.00493270714345,8.28866782832,1.0879176729e-05,0.00850674556563,8.4829420917,4.07538654979e-06,0.00517212980443,4.65657443395,0.166949480455,0.398515928775,8.39220295994,1.40158408449e-05,0.00773718471645,9.46239064018,5.69553068831e-08,0.00032101551275,5.22407681884,0.0655203410416,0.312840770221,7.41651227002,0.000195272906662,0.0538792308106,8.86010644994,2.02710064652e-06,0.0023171974793,5.32985512873,0.0471463203081,0.169081416258
gradient,1,0.31,0.319999992847,predicted,Actual proposal support boundary; monitored coordinates are pre-native endpoint forecast,True,50,33.4364087458,1.22784293999,-0.0778953860664,0.048473240099,0.0550754238403,0.0351869715581,5.98195136273,5.58966917519,0.282394765075,-0.364515529492,0.908953222207,0.190361691836,0.2883374301,0.292565844795,0.284298813709,0.183869035362,4.55920025312,0.214252560511,0.720242666236,9.57576691032,5.66629846104e-08,0.000287213231425,9.06415476826,1.18348045754e-06,0.00158128907641,9.61268357311,1.54133002488e-08,0.000155413116846,8.27698293907,1.85386484864e-05,0.00949139132015,10.0428151028,5.06427096568e-09,5.82962572734e-05,9.30597572002,2.58861467297e-07,0.00067891102555,8.19867110997,4.60909617909e-06,0.00834310637461,9.24025334105,1.67661928333e-07,0.000650171536673,8.96115181839,1.48674513856e-06,0.00192646655252,8.51395498705,4.44558988103e-06,0.00478365424818,8.29891376825,1.04368492466e-05,0.00830107902946,8.47126548696,4.38853950211e-06,0.00535599260424,4.65552818323,0.166795139878,0.397004798547,8.4126882475,1.2800405968e-05,0.00738830301373,9.46519345075,5.63391415966e-08,0.000318576291574,5.2092363358,0.0667997717426,0.312049265954,7.42414861592,0.000187044784514,0.0531993169599,8.85433581837,2.12286291069e-06,0.00235348638944,5.31763843999,0.0475488496722,0.169925291391
gradient,1,0.32,0.329999983311,predicted,Actual proposal support boundary; monitored coordinates are pre-native endpoint forecast,True,50,49.7922409812,1.27447535169,-0.078676078167,0.049585520587,0.0424945607519,0.035683267388,5.98739601218,5.59427669217,0.291564805082,-0.368873532627,0.902747097009,0.190627849982,0.2877732052,0.292852904379,0.28391200205,0.183495426277,4.56611795728,0.213036668812,0.7194627251,9.55424283333,6.29520895365e-08,0.000308189035267,9.05119513636,1.25860642931e-06,0.00163814688901,9.61564540389,1.53873862614e-08,0.000154521251125,8.25685814322,2.05507179938e-05,0.00992869147797,10.0431241943,5.08524705132e-09,5.8403544851e-05,9.29784792381,2.71877211241e-07,0.000698739250514,8.19767652414,4.60176414923e-06,0.00834482098627,9.23785249338,1.68235642023e-07,0.000650998644967,8.96289129727,1.49873684455e-06,0.00192568710397,8.52329829924,4.18295251489e-06,0.00465093076369,8.30407836443,1.02588014021e-05,0.00820512660541,8.44905073318,5.03682456389e-06,0.00571411252846,4.65557277245,0.166700167461,0.395784001105,8.41629751503,1.26591097554e-05,0.007328748413,9.46838726082,5.54893944558e-08,0.000315511812635,5.19838686723,0.0676439867647,0.311572900834,7.42528605416,0.000185238641897,0.0531208781038,8.8379205902,2.33756892425e-06,0.00246070642923,5.31547303619,0.0473142342756,0.172266415805
gradient,1,0.33,0.340000003576,predicted,Actual proposal support boundary; monitored coordinates are pre-native endpoint forecast,True,50,56.6944102714,1.31153585684,-0.0755577443504,0.0504545402145,0.0331874966359,0.0357263267518,6.00540485571,5.63533794833,0.308799035687,-0.364633346093,0.833455431431,0.189968517111,0.286376151595,0.291783570845,0.283737899166,0.184452248666,4.56437607445,0.213211986691,0.716276486525,9.50461999465,8.29609905784e-08,0.000366014167457,9.03956475261,1.32251788087e-06,0.00168719115742,9.63143619419,1.42828966221e-08,0.000146528453932,8.25565494927,2.07242525196e-05,0.00990386893997,10.0299642502,5.44791820428e-09,6.11730556251e-05,9.29044077526,2.82737303868e-07,0.000716025204849,8.19687032698,4.68225914831e-06,0.00837982744652,9.23975901288,1.5720798353e-07,0.000631113005928,8.95544021879,1.58211101909e-06,0.00197245102838,8.52541403797,4.0777847299e-06,0.00460688031314,8.3072148169,1.01917481504e-05,0.00815116955312,8.42546029021,5.75607536725e-06,0.00608984811522,4.66193509013,0.165558903704,0.395065897283,8.40637210328,1.35207345275e-05,0.00748489702671,9.46051592165,5.69840399387e-08,0.0003224009547,5.18455412107,0.0688363630766,0.31273893423,7.42956896212,0.000182673894333,0.0526429544001,8.82248784081,2.58590598904e-06,0.00257647963394,5.29640929017,0.0481193416709,0.176971659935
gradient,1,0.34,0.34999999404,predicted,Actual proposal support boundary; monitored coordinates are pre-native endpoint forecast,True,50,58.8248796361,1.3836364126,-0.0730836127663,0.0531863516188,0.0323117208219,0.0374307703209,6.02683198193,5.65813734196,0.326348404553,-0.379473781755,0.748851503476,0.189908537156,0.284778680606,0.29035638269,0.283982464243,0.185331113279,4.56425035543,0.214150343754,0.712780674225,9.48820993832,8.86400016648e-08,0.000383370546547,9.0322349944,1.35470072735e-06,0.00171513637167,9.64089941616,1.34829128506e-08,0.000141152785723,8.24520165618,2.15656277229e-05,0.0101605599986,10.0206209832,5.81702411952e-09,6.36999251099e-05,9.28567740244,2.94440422293e-07,0.000732447809358,8.20512412812,4.52908038611e-06,0.00818656291401,9.21198817735,1.78660030899e-07,0.000687737446924,8.9469893696,1.6771001406e-06,0.00202419794146,8.52087383436,4.13531270189e-06,0.00464510580032,8.31253282829,9.94681748847e-06,0.00804604679895,8.41009475404,6.18130219147e-06,0.00632911484275,4.6629196223,0.165348805282,0.395303626145,8.39150351123,1.48915448185e-05,0.00772004535044,9.4570642143,5.85122571233e-08,0.000326745221045,5.18274548842,0.0690680099783,0.315316214656,7.44377474297,0.000171150623109,0.0512670194077,8.81557595106,2.86367465165e-06,0.0026696651963,5.27775707482,0.0494878623914,0.180624282881
gradient,1,0.35,0.359999984503,predicted,Actual proposal support boundary; monitored coordinates are pre-native endpoint forecast,True,50,35.4858411625,1.41919226667,-0.066056644764,0.0611089726901,0.030732514534,0.0400502350967,6.04274279462,5.71422507188,0.335792172104,-0.408028709302,0.686402430351,0.188091052131,0.283020894514,0.289910112601,0.284362128754,0.185214371408,4.56033795384,0.215874040076,0.706942797189,9.44417024668,1.19889156905e-07,0.000453262115015,9.04030932644,1.2919372626e-06,0.00167402533549,9.64414584057,1.32750197373e-08,0.000139481020899,8.19060593698,2.72815246123e-05,0.0114553431728,10.0014527268,6.60218728522e-09,6.89693544704e-05,9.28676651523,2.9794096553e-07,0.000735770066461,8.22294648194,4.11226041428e-06,0.00776174914574,9.18861838255,1.89181264174e-07,0.00072577603788,8.93335132731,1.82647556774e-06,0.0021092622484,8.52179952047,4.10955559203e-06,0.00462504179249,8.32124455008,9.44005516071e-06,0.00786215923685,8.37468746124,7.50177878404e-06,0.00694987326121,4.66255248541,0.165198740358,0.396591436007,8.37880671346,1.62761536209e-05,0.00792559152434,9.4481502907,6.18968667201e-08,0.000337605226938,5.1714686764,0.0701725102704,0.31488713222,7.44033450682,0.000175984388796,0.0514924035961,8.81250003166,2.95131120244e-06,0.00269679486131,5.28085306734,0.0496581739269,0.185141661082
gradient,1,0.36,0.370000004768,predicted,Actual proposal support boundary; monitored coordinates are pre-native endpoint forecast,True,50,27.9715484091,1.46060336019,-0.0626626180077,0.0758883440113,0.0109673243499,0.0405723937457,5.96270658832,5.80399476478,0.346188578444,-0.428175407687,0.648346683526,0.187152620937,0.282630531444,0.288641304757,0.284602136885,0.186350758787,4.56732689854,0.213793864338,0.707114541373,9.45084632525,1.20933251075e-07,0.000448617272223,9.07730640275,1.0886377571e-06,0.00151713899392,9.65478557273,1.19471934827e-08,0.000132040792782,8.10020921317,4.04351085404e-05,0.0137828561123,9.99048223854,7.19319908984e-09,7.26122842335e-05,9.31106033215,2.6846083162e-07,0.000688411659393,8.2164039493,4.25760308954e-06,0.00791402012434,9.15806010663,2.18911815314e-07,0.000794847819661,8.94294471416,1.7656176486e-06,0.00206356324492,8.52571745656,4.01000792455e-06,0.00457474579713,8.33027865333,8.7602827034e-06,0.00766521005473,8.36997162508,7.44279063093e-06,0.00701339027674,4.65918315004,0.165045023314,0.394857439136,8.40770540443,1.44562085277e-05,0.0074426430322,9.44619341284,6.38730370951e-08,0.000342136681795,5.18573863029,0.0688451716446,0.319456627047,7.44318757527,0.000171757141524,0.051293332712,8.83151586621,2.63392129953e-06,0.00254694794869,5.28326931829,0.050460378862,0.192072170129
gradient,1,0.37,0.379999995232,predicted,Actual proposal support boundary; monitored coordinates are pre-native endpoint forecast,True,50,31.7185036711,1.48218053271,-0.0508836649323,0.087762775383,0.0084724640584,0.0458106298883,5.9657104377,5.77990364557,0.370812957125,-0.462406552748,0.603134822429,0.187753764684,0.282484938705,0.287913978065,0.284107758615,0.187122735615,4.56425086657,0.214236111657,0.709632846231,9.44776181718,1.24826219853e-07,0.000454599336747,9.07220507775,1.12680121577e-06,0.00154378828467,9.66556042619,1.10734340613e-08,0.000126063829582,8.15412500089,3.10149882275e-05,0.0123514566056,9.98776937781,7.39858801148e-09,7.37889384307e-05,9.32446403195,2.46772372069e-07,0.000656129757383,8.23496729815,3.82708955412e-06,0.00747971097511,9.12745306215,2.55686516869e-07,0.000875835919165,8.95217986071,1.66957925893e-06,0.00200693488245,8.51773291569,4.26680266998e-06,0.00470096695068,8.32499130986,8.888936959e-06,0.00776554491614,8.34779887723,8.25468219386e-06,0.00739771282366,4.66506096248,0.163675671664,0.394362531082,8.4088428378,1.41555540905e-05,0.00743013751826,9.44670502605,6.39120941588e-08,0.000341718107976,5.18600502315,0.0684741658718,0.324207060747,7.42410681008,0.000189518073505,0.0530152538812,8.84574630696,2.4803282391e-06,0.00246297542479,5.30549082,0.0493688856655,0.195989084365
gradient,1,0.38,0.389999985695,predicted,Actual proposal support boundary; monitored coordinates are pre-native endpoint forecast,True,50,31.4657701785,1.50394695033,-0.0445777390862,0.0945878374195,0.00431640562773,0.0471713683439,5.97368299469,5.75780259708,0.373724387981,-0.467648706192,0.584338708577,0.188153554508,0.282605650526,0.288141778025,0.28403094183,0.187165925877,4.55825649902,0.21540964412,0.709192067666,9.43954809995,1.28656958615e-07,0.000464637703542,9.07499272799,1.11477368143e-06,0.0015334636978,9.668798571,1.10214665517e-08,0.00012505797315,8.15926509996,3.08810141427e-05,0.0121942417608,9.9918677836,7.26392473181e-09,7.28522453168e-05,9.32641994196,2.41474434967e-07,0.000648807463952,8.24421486565,3.64358317652e-06,0.00726845406298,9.12111823814,2.64661082295e-07,0.000892857666414,8.95339599341,1.6601465234e-06,0.00200060391576,8.52227955593,4.16730999586e-06,0.00465015662672,8.32573811532,8.92894237026e-06,0.00774999929677,8.3296342011,9.06799042868e-06,0.00773922993044,4.67134636492,0.162440507158,0.394832222533,8.41522995566,1.36971682485e-05,0.00732718212379,9.44495982221,6.48336833633e-08,0.000344307752609,5.17479284313,0.0694949704863,0.325351541236,7.41617701572,0.000198076588458,0.0536847909003,8.84645009119,2.43788546233e-06,0.00245069211708,5.31284740586,0.0488267357854,0.196956155243
gradient,1,0.39,0.399999976158,predicted,Actual proposal support boundary; monitored coordinates are pre-native endpoint forecast,True,50,28.9174977496,1.45560183547,-0.0383074735069,0.0916463803864,-0.0175066411757,0.0493839974848,5.97810175351,5.77412390593,0.361253067444,-0.483407738757,0.645850517426,0.187902506415,0.28169954579,0.288164752641,0.284701238151,0.187552624047,4.55784908577,0.215094862439,0.70651577931,9.46029248917,1.13614899042e-07,0.000431459770579,9.07734026225,1.10102787884e-06,0.00152319034928,9.66759082037,1.1080301632e-08,0.000125638198329,8.07617184777,4.63132668548e-05,0.0143379676993,10.0107518919,6.48172476046e-09,6.77487661528e-05,9.32019055209,2.446621915e-07,0.000655182690843,8.25466363339,3.35184578539e-06,0.00700348031271,9.10592966176,2.78159718818e-07,0.000930092132646,8.95942087876,1.62932852192e-06,0.00197407105851,8.53293765163,3.93878864788e-06,0.00452077332166,8.32429800614,9.11030655824e-06,0.00778282803572,8.33299616067,8.69697572873e-06,0.00766161406838,4.67829938411,0.160771275274,0.394137404217,8.42834561799,1.29973003287e-05,0.00711632379393,9.45112674557,6.2996343479e-08,0.000338263446628,5.17130645389,0.0701559842174,0.323654235432,7.37794891153,0.00024273465983,0.0569755958905,8.82270456447,2.55452194266e-06,0.00256543919607,5.32510514548,0.0482902532377,0.198197626102
gradient,1,0.4,0.409999996424,predicted,Actual proposal support boundary; monitored coordinates are pre-native endpoint forecast,True,50,21.795490345,1.43156695557,-0.0393664525414,0.0908128660536,-0.0408917185926,0.051770079536,5.97306283797,5.76682269882,0.340825958897,-0.493836686966,0.714552464113,0.18802840316,0.281590152234,0.288506603784,0.285200761997,0.187459592868,4.56394861727,0.213030150977,0.705875992922,9.4794865959,1.01694627441e-07,0.000403282951921,9.07599349564,1.10619233753e-06,0.00152785781083,9.65620430832,1.18519283256e-08,0.000131304359754,8.03676643161,5.41830749611e-05,0.0154759147211,10.0387864516,5.53472997513e-09,6.11108791116e-05,9.3164586371,2.44907183512e-07,0.000656600716351,8.2549620067,3.2566450595e-06,0.00695172116486,9.0994167838,2.83564087331e-07,0.000945679649484,8.97510213097,1.52837415469e-06,0.00189826360813,8.53966033781,3.82583003807e-06,0.00444615383306,8.32493079305,9.28019043745e-06,0.00778166165329,8.35260529027,7.72493795322e-06,0.00726244628111,4.68063934838,0.160057490111,0.393080653365,8.44397759648,1.22502465537e-05,0.00687132121842,9.46536095512,5.90404316005e-08,0.000323909772181,5.16544645375,0.0710537643001,0.323350590508,7.34261305909,0.000293620379072,0.0598765087836,8.79590370603,2.75587867798e-06,0.00272540485732,5.32885469844,0.0481745085605,0.198233576964
gradient,1,0.41,0.419999986887,predicted,Actual proposal support boundary; monitored coordinates are pre-native endpoint forecast,True,50,-0.497660646689,1.38862312407,-0.0387315319443,0.0933807354784,-0.054938375082,0.0552143678159,5.95354881324,5.7775422893,0.323383595146,-0.499765518287,0.743278007643,0.187961020378,0.28146262964,0.288555198041,0.285548379611,0.187548485329,4.56300062588,0.212519958152,0.704686831513,9.48266508983,1.00260180989e-07,0.000399109433315,9.08198338676,1.07739593794e-06,0.00150443903205,9.63744526878,1.36365255632e-08,0.000142802349709,8.01712537593,5.6984527322e-05,0.0161441893069,10.0485836556,5.29365039421e-09,5.92578814872e-05,9.32584727958,2.30346511941e-07,0.000633166376344,8.256110623,3.18762701391e-06,0.00689723485115,9.08454821573,3.06466740616e-07,0.000992122671548,8.98580203618,1.45885836884e-06,0.00184690856287,8.54033573313,3.8342291176e-06,0.00445423351493,8.3270503077,9.27900078875e-06,0.00774011254427,8.37047466537,7.07193402253e-06,0.00691228958262,4.68758915985,0.158858052369,0.394234996609,8.45724141645,1.15447666038e-05,0.00666978423366,9.45875270414,6.319571008e-08,0.000335757759807,5.16566925961,0.0712296046547,0.324063927181,7.31521979603,0.000341276416151,0.0619508658243,8.78844796378,2.73686046121e-06,0.00276153294533,5.32046338796,0.0488467630292,0.197617058285
gradient,1,0.42,0.42999997735,predicted,Actual proposal support boundary; monitored coordinates are pre-native endpoint forecast,True,50,-9.43058360166,1.40277280746,-0.0365327523613,0.0960090328372,-0.0619395330811,0.0596186037845,5.91216022988,5.87837739639,0.313414981102,-0.5272665146,0.806184161595,0.186743908169,0.280470297959,0.287035558265,0.28552906103,0.188615968438,4.56579670426,0.211750798999,0.702701380655,9.49748623859,9.330853824e-08,0.000381086844549,9.08918150322,1.02871975418e-06,0.00146955410016,9.63107278977,1.3536847087e-08,0.000144354645004,7.90795727455,9.3307413862e-05,0.0195019807373,10.0516727972,5.19904578502e-09,5.85821886326e-05,9.3235480237,2.33266100886e-07,0.000637901458323,8.26089664418,3.11352970403e-06,0.0067925961478,9.05359070094,3.28865955306e-07,0.00107721793638,8.99108784069,1.45702315997e-06,0.00183269716725,8.54833916446,3.63710987303e-06,0.00434860049798,8.31929277376,9.5627141338e-06,0.00788354742592,8.39667898592,6.21793351046e-06,0.00643043505494,4.68509928507,0.159655842264,0.395951100504,8.46735273101,1.13955084979e-05,0.00651570174674,9.45657641967,6.4705421899e-08,0.000339792068673,5.19167429858,0.0687879552114,0.325295982311,7.29161191655,0.000390272794155,0.0634900241981,8.76908725626,3.02134264362e-06,0.00291476539347,5.3130436141,0.0498985905355,0.20028836361
gradient,1,0.43,0.439999997616,predicted,Actual proposal support boundary; monitored coordinates are pre-native endpoint forecast,True,50,10.6707506091,1.40212125351,-0.034910936203,0.100565415434,-0.0535362458491,0.05949994061,5.81560868135,6.05224031184,0.29207741582,-0.538710847459,0.91082747948,0.185906304667,0.278843910676,0.285194379804,0.283775212857,0.190494793371,4.56967445225,0.210841196653,0.703909000402,9.50927883077,8.81991751645e-08,0.00036803838719,9.10737004417,9.47515407649e-07,0.00140063807755,9.627727244,1.25210572321e-08,0.000141602396478,7.79796471947,0.000147831915647,0.0231673270278,10.0361149068,5.64834494278e-09,6.1915505968e-05,9.32825675512,2.28955082938e-07,0.000630545670125,8.25920852353,3.1633986613e-06,0.00684352910139,9.035474201,3.49495426306e-07,0.00113525092765,8.99995975398,1.41935677959e-06,0.00179779850728,8.56104306558,3.45300714821e-06,0.00420801694586,8.3025030367,1.0045754223e-05,0.00819401806081,8.43843462003,5.29828809057e-06,0.00574080013449,4.67355166279,0.162871017734,0.396339584226,8.48972064126,1.05788361389e-05,0.00619531651092,9.43855302567,7.20282415025e-08,0.00036260648373,5.23675949749,0.0635257170811,0.328476351377,7.29304309731,0.000381540303039,0.0637223144735,8.75689051252,3.1680701581e-06,0.0030139991156,5.29925252232,0.0512928356002,0.202806299904
gradient,1,0.44,0.449999988079,predicted,Actual proposal support boundary; monitored coordinates are pre-native endpoint forecast,True,50,3.25621019588,1.47083413008,-0.0402142427826,0.120506872646,-0.0324669337535,0.0619718183443,5.78082075983,6.16471560663,0.255848981521,-0.547665987003,0.917199299417,0.183535870638,0.277933458818,0.283375999993,0.285164690967,0.190975580149,4.57053646206,0.208933273558,0.70384234127,9.51595575657,8.53493939871e-08,0.000360165531155,9.14565994671,7.88342590478e-07,0.0012599278651,9.58874497671,1.54173035153e-08,0.000163605766659,7.78453331249,0.000155773601392,0.0236581804544,9.99192334776,6.88682004706e-09,7.13459149376e-05,9.36162748826,1.92850078501e-07,0.000567836090639,8.26079632734,3.08380472676e-06,0.00678944220407,9.0382195636,3.47980499197e-07,0.00112588870208,9.00855955436,1.36587330956e-06,0.00175842536172,8.55604795889,3.57542211743e-06,0.00428583157096,8.31106720731,9.64139531172e-06,0.00799292812,8.44345594545,5.09886222622e-06,0.00564793040055,4.66428853386,0.164506365493,0.397938047233,8.50762656376,9.8748376872e-06,0.00594989377845,9.40152087251,8.82583672637e-08,0.000412295998621,5.22785953319,0.0654989765953,0.328087375077,7.29877233809,0.000370126003131,0.0633557058778,8.78312342791,2.70464113204e-06,0.0028086525214,5.30041031184,0.0512545132881,0.202738819604
gradient,1,0.45,0.459999978542,predicted,Actual proposal support boundary; monitored coordinates are pre-native endpoint forecast,True,50,5.42564019359,1.51368772758,-0.038866526928,0.122916623465,-0.0119253510499,0.0632309535728,5.74697184022,6.24530768105,0.248857608196,-0.541943412946,0.873786515886,0.183006996916,0.277041862816,0.282151375927,0.285133895881,0.192239671525,4.56618950371,0.209524184767,0.704374544255,9.51309952211,8.63636312762e-08,0.000363254821932,9.1714441515,7.01342145647e-07,0.00117508535872,9.58142646172,1.66829604954e-08,0.000170326132013,7.77973252919,0.000158709396838,0.0238423831021,9.95060411336,8.39682194037e-09,8.19706135064e-05,9.38733152765,1.70292650272e-07,0.000525101456064,8.26318769148,3.0310756054e-06,0.00674042875797,9.03401338372,3.56037318271e-07,0.0011408119369,8.99671705469,1.42073799706e-06,0.00180728619933,8.54154172518,3.87157268433e-06,0.0044744347559,8.30639326336,9.82024393884e-06,0.00808827554354,8.44884365254,5.11364089163e-06,0.00558342891999,4.67086130566,0.164268600467,0.400451346825,8.50038002228,1.00403242032e-05,0.00604952346683,9.36259143698,1.08751225136e-07,0.00047032470096,5.23111575688,0.065145447485,0.327841952906,7.30252425321,0.000366052703708,0.0629280774487,8.82207928756,2.15590900673e-06,0.00251706701167,5.29655841652,0.0515236532922,0.20298349965
gradient,1,0.46,0.469999998808,predicted,Actual proposal support boundary; monitored coordinates are pre-native endpoint forecast,True,50,4.07114772438,1.52151750248,-0.0410276685619,0.12582199905,-0.00115725728512,0.063243981174,5.7155409495,6.30805116491,0.24776017035,-0.538497910766,0.86452738926,0.183108008038,0.276380326996,0.28154188605,0.284834631153,0.19306391935,4.56912997415,0.208802562715,0.705120290393,9.50940976711,8.79155576223e-08,0.000367574388111,9.18537927396,6.57061868337e-07,0.00113085081721,9.57653174768,1.78654620069e-08,0.000175643981192,7.77792474795,0.000158686271744,0.023973568713,9.92373778962,9.51442469062e-09,8.96741324762e-05,9.40206605339,1.58644018356e-07,0.000502270417341,8.25958631371,3.08146602879e-06,0.00681578386828,9.03262685317,3.61186610998e-07,0.00114729059419,8.99765167941,1.41163611536e-06,0.00180209091512,8.53609877946,3.97579931891e-06,0.00454376116664,8.30158814244,9.95902588062e-06,0.00819013762892,8.45482243558,5.02603568873e-06,0.00550499833202,4.67059381335,0.16506192168,0.401032037017,8.50434429483,9.83728800334e-06,0.00599593414047,9.34303076938,1.20716245157e-07,0.000502382814283,5.23139490413,0.064816368956,0.327534250071,7.30672837171,0.000362120535499,0.0623970004232,8.83660610281,1.97474396253e-06,0.00241592791437,5.29032374177,0.0519388648264,0.203257484475
gradient,1,0.47,0.479999989271,predicted,Actual proposal support boundary; monitored coordinates are pre-native endpoint forecast,True,50,-13.7509693621,1.59610080464,-0.0315815113449,0.134029038436,0.00637139645577,0.0610177474506,5.71040661391,6.39820428998,0.266584589925,-0.544623521442,0.827062770069,0.18260292439,0.275200566519,0.279661704186,0.284080006034,0.195339686462,4.55968453492,0.210604526664,0.702845263384,9.48243389097,1.01406852084e-07,0.000401648865957,9.20815101372,5.91030537555e-07,0.00106187622141,9.58440670143,1.84544068011e-08,0.000174579755573,7.76964931431,0.000162573138809,0.0243277081788,9.90458156472,1.03896152535e-08,9.54788080242e-05,9.41680453611,1.48538575962e-07,0.000480856161983,8.26473891371,3.05955123387e-06,0.00675466577331,9.02022658063,3.82719997847e-07,0.00119030665255,8.99609171051,1.38663531904e-06,0.00179718013024,8.52603348997,4.28429627457e-06,0.00469680914469,8.29221680129,9.72971891662e-06,0.0083618846148,8.44278903997,5.16481520329e-06,0.00566809405356,4.66857007394,0.164799002192,0.399272687368,8.50536918189,9.56289148009e-06,0.00598193455129,9.33100137647,1.28031319285e-07,0.000521364717042,5.23074612987,0.0641394586877,0.327097232296,7.3057894836,0.000364556608218,0.0624392600551,8.86485319121,1.63655940202e-06,0.00221318837072,5.26480370647,0.0536658701103,0.204178176708
gradient,1,0.48,0.489999979734,predicted,Actual proposal support boundary; monitored coordinates are pre-native endpoint forecast,True,50,-3.86184382002,1.6651254796,-0.0216475819016,0.139400972388,0.0169660711026,0.0581538350374,5.73085957735,6.46785844369,0.303940145637,-0.543013067883,0.750089120739,0.181562188165,0.274324677473,0.277883460998,0.28324056073,0.197380811069,4.55326979612,0.212103710265,0.701879622661,9.4522333082,1.18888259648e-07,0.000442868972581,9.21697509222,5.75864190308e-07,0.00104179381506,9.61933118049,1.42635312029e-08,0.000150302070419,7.76038548206,0.000170068558703,0.0245697923309,9.880488916,1.1516521626e-08,0.00010304960376,9.43174743768,1.3742901614e-07,0.000458135882353,8.27180167953,2.99932052239e-06,0.00665036302897,9.01251084782,3.94291226075e-07,0.0012161974252,8.979983394,1.45029489891e-06,0.00186161258559,8.50967757376,4.66905141679e-06,0.00492569549601,8.27552755926,1.00780387089e-05,0.00871970520383,8.41721571834,5.75436596485e-06,0.00605904019916,4.67501284392,0.163299047662,0.399224179263,8.49066459268,9.76931579027e-06,0.00618878310601,9.32177904364,1.31206288437e-07,0.000532748905228,5.22251560843,0.0642065382272,0.326678598162,7.31311109863,0.000353621315239,0.0617626893748,8.89767214167,1.3004616074e-06,0.00199087163714,5.24485943361,0.0550349918235,0.204888966211
gradient,1,0.49,0.5,predicted,Actual proposal support boundary; monitored coordinates are pre-native endpoint forecast,True,50,-11.2640185218,1.82725895742,-0.0203858159447,0.146871566734,0.0141828927135,0.057617365001,5.7515407438,6.46012122472,0.301300963665,-0.543472489695,0.700248401364,0.180660247562,0.274269526116,0.277814428219,0.283679848976,0.197463758989,4.55293569942,0.211981894741,0.701258088845,9.43569991607,1.2946514503e-07,0.000466677476323,9.22586436704,5.55760827304e-07,0.0010185632675,9.61181086438,1.54174456255e-08,0.000156256075398,7.75699339925,0.000174117831524,0.0245849899405,9.88065390833,1.14501612282e-08,0.000102782985985,9.43714588504,1.32618588537e-07,0.000448889151625,8.27488637514,2.95389019224e-06,0.00658576889623,9.01125030397,3.94617653286e-07,0.00121858737332,8.97440677311,1.46477942192e-06,0.00188236027016,8.50819218379,4.69489303022e-06,0.00495042527402,8.28006290952,1.00774417399e-05,0.00861317501912,8.39770089371,6.39770560025e-06,0.00638210091024,4.67963209009,0.162489640033,0.399873651051,8.49207710948,9.48633064354e-06,0.00616905635445,9.32118889596,1.3094534734e-07,0.000533029269822,5.21314037238,0.0654217620548,0.328720556904,7.32090609649,0.000339219625165,0.0611939148872,8.91083323548,1.17092316619e-06,0.00190256570697,5.23928004196,0.055454338848,0.205283437152
