arm,batch,time,state_time,monitored_coordinate_view,state_time_semantics,within_control_state_window,n_available,mean_reward,mean_standardized_residual,global_centroid_x,global_centroid_y,global_centroid_z,shape_xx,shape_yy,shape_zz,shape_xy,shape_xz,shape_yz,pair_kernel_1.5,pair_kernel_2.5,pair_kernel_3.5,pair_kernel_5.0,pair_kernel_7.0,landmark_00_softmin,landmark_00_occupancy3,landmark_00_occupancy5,landmark_01_softmin,landmark_01_occupancy3,landmark_01_occupancy5,landmark_02_softmin,landmark_02_occupancy3,landmark_02_occupancy5,landmark_03_softmin,landmark_03_occupancy3,landmark_03_occupancy5,landmark_04_softmin,landmark_04_occupancy3,landmark_04_occupancy5,landmark_05_softmin,landmark_05_occupancy3,landmark_05_occupancy5,landmark_06_softmin,landmark_06_occupancy3,landmark_06_occupancy5,landmark_07_softmin,landmark_07_occupancy3,landmark_07_occupancy5,landmark_08_softmin,landmark_08_occupancy3,landmark_08_occupancy5,landmark_09_softmin,landmark_09_occupancy3,landmark_09_occupancy5,landmark_10_softmin,landmark_10_occupancy3,landmark_10_occupancy5,landmark_11_softmin,landmark_11_occupancy3,landmark_11_occupancy5,landmark_12_softmin,landmark_12_occupancy3,landmark_12_occupancy5,landmark_13_softmin,landmark_13_occupancy3,landmark_13_occupancy5,landmark_14_softmin,landmark_14_occupancy3,landmark_14_occupancy5,landmark_15_softmin,landmark_15_occupancy3,landmark_15_occupancy5,landmark_16_softmin,landmark_16_occupancy3,landmark_16_occupancy5,landmark_17_softmin,landmark_17_occupancy3,landmark_17_occupancy5,landmark_18_softmin,landmark_18_occupancy3,landmark_18_occupancy5,landmark_19_softmin,landmark_19_occupancy3,landmark_19_occupancy5
gradient,0,0,0.00999999977648,predicted,Actual proposal support boundary; monitored coordinates are pre-native endpoint forecast,True,50,-0.290207926624,0.758463455338,-0.114538376179,-0.0252743298197,0.241921381626,0.0479799387969,6.09461169479,6.4319467951,0.151407869475,-0.50718948568,1.99170087274,0.177738579177,0.259902040295,0.28205869949,0.262445673256,0.218734276407,4.68770080642,0.187562455354,0.719759296581,9.79690654632,1.25119978842e-08,0.000124550727314,9.21591622496,2.16574565103e-07,0.000802571352243,9.33763715448,1.7403762185e-07,0.000555133549237,8.29065560453,1.46433554864e-05,0.00915696259793,9.84295700201,2.17401408814e-08,0.000139395873215,9.25030608422,1.58191204318e-07,0.000653959107578,8.20033516942,4.98225074453e-06,0.00847642881374,9.36545726096,7.18910287929e-08,0.000389052924839,9.02691166594,1.10816168864e-06,0.00159976337035,8.53104194774,3.52994724222e-06,0.00441293286669,8.18708932643,1.45958229784e-05,0.0108661352952,8.54150391399,6.10411707595e-06,0.00474415462639,4.49282952854,0.200679116529,0.372668699915,8.4228997029,1.62304307008e-05,0.00716431998994,9.38569769968,9.59958920739e-08,0.000416634851322,5.23827294463,0.0535977057573,0.28208027266,7.38086114549,0.000242018592613,0.0565843732003,8.77156561211,1.51939479886e-06,0.00258988914267,5.57201629038,0.031151103695,0.194863948854
gradient,0,0.01,0.019999999553,predicted,Actual proposal support boundary; monitored coordinates are pre-native endpoint forecast,True,50,-0.244901244044,0.687118484259,-0.090305514183,-0.0226014078045,0.167426008854,0.0436691652169,5.78870359137,6.10688891876,0.00700714447517,-0.437584219752,1.88803889484,0.18675394171,0.271784624578,0.292597331864,0.269086665741,0.213073964198,4.61760842057,0.201972019035,0.725918995007,9.83730655094,1.01501473428e-08,0.000108618749764,9.37025542882,1.00245912246e-07,0.000488610310477,9.31728598992,2.01896840294e-07,0.000605268568204,8.3128133259,1.15909150354e-05,0.00864035186603,9.82924894414,2.58942358996e-08,0.000154870805224,9.29320201566,1.17871636015e-07,0.00055182644447,8.19044024149,5.22988464362e-06,0.00865860229673,9.39601568462,6.98827758714e-08,0.000363217589579,9.13459777503,5.67690436985e-07,0.00113113870864,8.61917251519,2.54994321295e-06,0.00348949015481,8.27351997293,9.77741733663e-06,0.00876490763229,8.59453379199,4.25754912301e-06,0.00406503962026,4.51629220887,0.192836223027,0.372012167674,8.64215583038,5.65241216267e-06,0.00433619201912,9.31572461378,1.91332043278e-07,0.000587863051302,5.27514718207,0.0541803063651,0.28892125249,7.3326423311,0.000275069349642,0.0625204145059,8.81564968905,9.5710239068e-07,0.00217905204806,5.53919822633,0.0313195879192,0.184096756249
gradient,0,0.02,0.0299999993294,predicted,Actual proposal support boundary; monitored coordinates are pre-native endpoint forecast,True,50,-0.21416837783,0.635169216605,-0.0856036470795,-0.00571885231972,0.101919479046,0.0449867809901,5.78558074371,6.10853680211,-0.0441374543838,-0.427056387309,1.84811055364,0.188539012142,0.270923667406,0.292984671908,0.268350101601,0.212903873511,4.62436066266,0.198320790837,0.724084391909,9.79677713432,1.31101075517e-08,0.000127549472892,9.39930449035,8.94165369478e-08,0.000448391902695,9.2857559428,2.30597039266e-07,0.000667167569387,8.25793930065,1.4817861151e-05,0.00975769826347,9.82207342849,2.74264296229e-08,0.000160709726976,9.28543762303,1.18040613084e-07,0.00055987781586,8.17696017006,5.53680913977e-06,0.00896115613481,9.36724818527,7.82157090235e-08,0.000396406164603,9.16239128212,4.58535950933e-07,0.00102612701261,8.65093572412,2.28789655407e-06,0.00322219336419,8.29638848535,8.82331034073e-06,0.00826124963972,8.60395810289,3.70438139625e-06,0.00390665895176,4.54002810158,0.188811173399,0.367443207034,8.70716497405,3.79604570165e-06,0.00366739596797,9.29681770264,2.28263681277e-07,0.000646926866073,5.27729479448,0.0561376554555,0.298027195731,7.30892639752,0.000296549745434,0.0654936409207,8.79778057086,1.00799114122e-06,0.0022884391587,5.48283962264,0.0346014449984,0.185673135888
gradient,0,0.03,0.0399999991059,predicted,Actual proposal support boundary; monitored coordinates are pre-native endpoint forecast,True,50,-0.197315418093,0.612215953983,-0.0796400617027,0.0314019381618,0.0510599067545,0.0459073774516,5.9047949113,6.18932201463,-0.0515744781795,-0.414182862864,1.91194300845,0.188629772559,0.268227645909,0.289488557295,0.265801903576,0.2134968979,4.64154622739,0.190990920588,0.720479384177,9.71832809494,2.22681970191e-08,0.000174640590165,9.38254276161,9.82892170199e-08,0.000473377393731,9.2710688421,2.2391075979e-07,0.000678738631108,8.21889536825,1.82161757688e-05,0.0105807576885,9.8100551982,3.07457732136e-08,0.000172181771959,9.25625904002,1.32336190807e-07,0.000609395267059,8.17580300644,5.38001954198e-06,0.0089309329169,9.32467075447,9.58057703738e-08,0.000459051147109,9.15614737769,4.90476813918e-07,0.00106218283527,8.68469438589,2.02655435768e-06,0.00297093332942,8.28195135157,9.22105647155e-06,0.00853075126204,8.58699374492,3.53026863263e-06,0.00401884587129,4.56493406421,0.184339177441,0.365959984528,8.70115880561,3.90579662271e-06,0.00374018382548,9.28136257845,2.61239492987e-07,0.000697983505064,5.26164197637,0.059090757452,0.308235753933,7.2991232863,0.000304105718638,0.0669096054205,8.74502139728,1.35029823112e-06,0.00269379633136,5.41877829106,0.0388970676995,0.183637990136
gradient,0,0.04,0.0499999970198,predicted,Actual proposal support boundary; monitored coordinates are pre-native endpoint forecast,True,50,-0.184963298114,0.593845929695,-0.0718049810791,0.0647275614357,0.0458725717402,0.0484707586007,6.02647696131,6.21895231302,-0.0587679676114,-0.416471076789,1.93288701945,0.188832733381,0.265492928211,0.287153884021,0.264648624531,0.21443542198,4.64339700862,0.18723369183,0.721228663867,9.66031675402,3.35399250781e-08,0.000220231645492,9.38934924766,9.45680040933e-08,0.000461564841732,9.24008888134,2.46257629522e-07,0.000737369913202,8.23135997984,1.75619107446e-05,0.0102465567019,9.77553739441,3.84783977497e-08,0.00019776520683,9.24621463911,1.37672368399e-07,0.000627729038621,8.18910717258,4.97946525965e-06,0.00857746489168,9.29718142508,1.12669915165e-07,0.000509394579919,9.14106444714,5.27828591762e-07,0.00111242663557,8.69054567871,2.09647357203e-06,0.00296965178418,8.25796975527,1.04012995414e-05,0.00904581898454,8.55423308711,3.94286829513e-06,0.00435793057196,4.58798998084,0.18037840825,0.369927983999,8.69117679209,4.08797949064e-06,0.00383648224584,9.25045828834,3.15923386886e-07,0.000783235397112,5.25307430865,0.060875102741,0.316382759296,7.29320997248,0.000313826897284,0.067552136087,8.73666648763,1.47185892562e-06,0.00278435330203,5.38315411019,0.0412680950147,0.179248568921
gradient,0,0.05,0.0599999986589,predicted,Actual proposal support boundary; monitored coordinates are pre-native endpoint forecast,True,50,-0.169354977933,0.557522715488,-0.0644103406334,0.0806698923922,0.0454685368872,0.0510623387262,6.12007688912,6.26065055532,-0.0723334614969,-0.414551027246,1.97414726771,0.188912297254,0.262775456019,0.284408984608,0.263118329122,0.215787208231,4.63998145485,0.18516671639,0.72075604672,9.62981864692,4.08108567999e-08,0.000247136638088,9.4047224539,8.46606200171e-08,0.000433200947313,9.19997659793,2.8812853982e-07,0.000833769009498,8.23832743784,1.72644412134e-05,0.0100551217032,9.75715930015,4.28733921298e-08,0.00021165443207,9.24532384641,1.34599655534e-07,0.000622899466502,8.1973133707,4.77311391568e-06,0.00837731133666,9.27495358265,1.29326855402e-07,0.000555750746597,9.11634292692,6.07872171484e-07,0.00120556370931,8.69649512476,2.10392268959e-06,0.0029479679409,8.23339139276,1.16997296249e-05,0.00961047273649,8.54433339443,3.9974138635e-06,0.0044528710422,4.60563271176,0.177155071878,0.371352455894,8.66791857538,4.66776513138e-06,0.00408040934012,9.21992234154,3.7614158242e-07,0.00087047045202,5.26375788816,0.0607811237589,0.32063494768,7.2884129078,0.000317737964411,0.0682855797498,8.74200275057,1.4817611435e-06,0.00275191195163,5.34558842255,0.0435063429086,0.175019003047
gradient,0,0.06,0.070000000298,predicted,Actual proposal support boundary; monitored coordinates are pre-native endpoint forecast,True,50,-0.158872109692,0.538386235195,-0.0633085940743,0.0785489737606,0.0616619989014,0.0511456237473,6.14565560785,6.35968734009,-0.0688191236121,-0.411969666034,2.1044549823,0.189225342488,0.262290906065,0.282438066827,0.261105468446,0.215253160881,4.63716292706,0.184854884848,0.718673533348,9.65069660922,3.65328962011e-08,0.000230550760837,9.38518690836,8.84203528365e-08,0.00045581579115,9.19131113074,2.84470951112e-07,0.00084942664531,8.22402507642,1.92093996851e-05,0.0103773242016,9.73060495767,5.01343435651e-08,0.000233179822566,9.23708904959,1.40766377208e-07,0.000638452456965,8.1971522544,4.82378302979e-06,0.00839893010252,9.26473200262,1.39683997108e-07,0.000583480708262,9.08267940442,7.89350997067e-07,0.0013628583796,8.70410823814,2.04843185369e-06,0.00289402825519,8.20100416204,1.38514852945e-05,0.0104148426876,8.57705828838,3.35368058357e-06,0.00406347917605,4.60908569733,0.177355553824,0.372851287594,8.60489234147,6.87028183893e-06,0.00479148572354,9.2034032688,4.11968017615e-07,0.000920466384885,5.31175560948,0.0570041539178,0.320192840853,7.29048678841,0.000312129507852,0.0682207044231,8.74308922406,1.49088072808e-06,0.00274555414431,5.32442474347,0.0449796341002,0.170198896947
gradient,0,0.07,0.0799999982119,predicted,Actual proposal support boundary; monitored coordinates are pre-native endpoint forecast,True,50,-0.148360888956,0.521590387946,-0.0652669428253,0.076559576354,0.0958088656998,0.0530215775101,6.19243873932,6.43282457315,-0.064907737169,-0.420125384923,2.24305130657,0.188484250639,0.262366116937,0.280410939936,0.25957016282,0.215137167409,4.63018362262,0.186569558213,0.714566280961,9.67834145521,3.15773319908e-08,0.000210483879033,9.35287391227,1.00182664413e-07,0.00050354026116,9.15915291141,3.26600460667e-07,0.00093707920071,8.20887401727,2.22606866498e-05,0.0107337689538,9.70975827943,5.60265429575e-08,0.000249999404473,9.22577893004,1.49923048037e-07,0.000664675536082,8.20376756603,4.7701232547e-06,0.00828732086221,9.26520929773,1.39706326704e-07,0.000587602328079,9.05799308789,9.45167968876e-07,0.00148421519911,8.70309477837,2.06093414464e-06,0.00290335329026,8.1783601716,1.51626935746e-05,0.0109755893216,8.60933825101,2.8539697475e-06,0.00371407036494,4.60237486093,0.180244867834,0.374257702683,8.55183968888,9.23404204162e-06,0.00543650901877,9.19510173028,4.2334231016e-07,0.000941687832641,5.364159616,0.0526708632472,0.318640663379,7.30087703285,0.000296862989243,0.0671637652641,8.73146386236,1.65071244569e-06,0.00286649007724,5.32574002733,0.0454273381343,0.165362504687
gradient,0,0.08,0.0899999961257,predicted,Actual proposal support boundary; monitored coordinates are pre-native endpoint forecast,True,50,-0.147003141648,0.520511842241,-0.0597470472717,0.0722001486635,0.115957173381,0.0540330477506,6.17994674692,6.56248768737,-0.0474839415772,-0.42257366811,2.35963218918,0.187688822218,0.26303972488,0.278427888029,0.257625765764,0.214920138738,4.62534069031,0.187505585672,0.713035184098,9.69650575806,2.91786284812e-08,0.000199484200452,9.33917721028,1.05523290195e-07,0.000526141143226,9.14844034362,3.39938619983e-07,0.000969627874271,8.16998109275,2.76994770091e-05,0.0116633525951,9.65370229589,7.6955572267e-08,0.000303452204656,9.22225107447,1.53611729615e-07,0.000674922018358,8.21150316289,4.58108721665e-06,0.00811908973458,9.2574241343,1.42968957601e-07,0.000601817753227,9.03968732845,1.078889586e-06,0.00158004939593,8.69665671468,2.21912831721e-06,0.00298403317669,8.15032012592,1.71012436786e-05,0.0117247375559,8.63759063474,2.49742091835e-06,0.00343706584563,4.60868631196,0.180648802616,0.375290836106,8.51527130907,1.12970332406e-05,0.00590476141136,9.16352049375,5.0210921459e-07,0.0010401837245,5.41692695422,0.0482944924628,0.314528825546,7.29420496143,0.00030369404365,0.0680186127823,8.72234158213,1.77651395413e-06,0.00295519432661,5.3199557748,0.0461092151406,0.162201302312
gradient,0,0.09,0.0999999940395,predicted,Actual proposal support boundary; monitored coordinates are pre-native endpoint forecast,True,50,-0.139559300843,0.501356543025,-0.0592807076836,0.0682138633347,0.140306044791,0.0555668458336,6.1768179431,6.61555012284,-0.0462729138136,-0.431222411481,2.41699218721,0.187601099945,0.264160212275,0.276829034383,0.256568289107,0.214894031098,4.61841874985,0.188959646326,0.712233312897,9.70874715089,2.77993954844e-08,0.000192968304581,9.32511629367,1.1748956626e-07,0.000556335033356,9.13503793488,3.60830279624e-07,0.0010111517214,8.16634926832,2.86676617533e-05,0.0117488825289,9.61668234552,9.4955311413e-08,0.000344532971167,9.22372280632,1.54558237094e-07,0.000674367399051,8.21668507076,4.48941001441e-06,0.00802491232498,9.26036989503,1.39594170123e-07,0.000595736545789,9.02106407861,1.21148525414e-06,0.00167138094472,8.68693422263,2.34985968563e-06,0.0030768511996,8.13901074643,1.79346863393e-05,0.0120308621048,8.66017607237,2.29819218938e-06,0.00323682860372,4.60547395488,0.182711215584,0.376232025688,8.49017208862,1.28658393379e-05,0.00622184780191,9.1481434859,5.48095565368e-07,0.00109201236601,5.4474531693,0.0456873636387,0.311207035166,7.2909845209,0.000310475313254,0.0682503425311,8.72612656274,1.80075753579e-06,0.00293743287272,5.33039186585,0.0456938103391,0.16047178263
gradient,0,0.1,0.109999999404,predicted,Actual proposal support boundary; monitored coordinates are pre-native endpoint forecast,True,50,-0.135267479563,0.49406728643,-0.0623197172546,0.0547036617613,0.147832030032,0.0565673638517,6.17179414984,6.62546631021,-0.0416020077072,-0.42851502043,2.42352213649,0.187795944105,0.265167561018,0.275414072884,0.256067818678,0.215535190308,4.6190970792,0.188950159392,0.713148745929,9.71865803055,2.64546972192e-08,0.000186960803753,9.30465026943,1.47216582362e-07,0.000609253411942,9.12951537426,3.73844826275e-07,0.00103298884093,8.16239247084,2.94537086025e-05,0.0118440967737,9.57730012041,1.20518050006e-07,0.000396925389059,9.22653021007,1.55955515246e-07,0.000670039660174,8.2151957579,4.53328064397e-06,0.00806967043671,9.2652184687,1.35636761872e-07,0.000586162687187,9.0149812487,1.26241819602e-06,0.00170009300573,8.67250844972,2.50048420158e-06,0.00319991660144,8.13865858803,1.80857078061e-05,0.0120447102797,8.6820843518,2.10208644273e-06,0.00304839239024,4.60349097479,0.183553945884,0.375921540664,8.47995488372,1.35145604294e-05,0.00634032782547,9.1306937933,6.24247821734e-07,0.00116399293334,5.46576573885,0.0441417208649,0.309134492727,7.2884414123,0.000317041436743,0.068352274462,8.72446732325,1.89060268897e-06,0.00296344418829,5.33289134775,0.0456645020472,0.159628201209
gradient,0,0.11,0.119999997318,predicted,Actual proposal support boundary; monitored coordinates are pre-native endpoint forecast,True,50,-0.127337894137,0.470902136498,-0.0617099259758,0.0433123004055,0.134806222591,0.0580770491486,6.21862075205,6.62452937426,-0.0137425577163,-0.406785596971,2.43526910396,0.187020030997,0.266183912737,0.274031517805,0.255659643439,0.215168986771,4.61888825439,0.188721482684,0.71076784832,9.71813024788,2.6336905409e-08,0.000186774751697,9.23798584094,2.6739973561e-07,0.000797046628058,9.12822292852,3.8378922128e-07,0.00104393048177,8.15268082364,3.06882496737e-05,0.0120671153248,9.56558055772,1.31628986153e-07,0.000417725315189,9.20971427986,1.85721444629e-07,0.000720775049878,8.21196171061,4.57824508944e-06,0.00814003693022,9.26505224117,1.34180259186e-07,0.000583692381928,9.00805008486,1.31537605324e-06,0.00173348418693,8.6550270983,2.7295643387e-06,0.00336775177905,8.12764594998,1.90943846332e-05,0.0123675952656,8.68986470466,2.00176738429e-06,0.00297690518482,4.61768294163,0.180630612264,0.376217843424,8.46268288264,1.42175485413e-05,0.00656698875215,9.11420478079,7.0903466798e-07,0.00123912562703,5.46713530915,0.0439896728163,0.307628894835,7.28337985828,0.000326988673314,0.0687459990034,8.69078564493,2.40199649276e-06,0.00328674653514,5.33032341194,0.045939010457,0.160616506404
gradient,0,0.12,0.129999995232,predicted,Actual proposal support boundary; monitored coordinates are pre-native endpoint forecast,True,50,-0.119330721825,0.453943662417,-0.0570836447144,0.0514924943066,0.114693491731,0.0607468642554,6.34382059093,6.58854201468,0.0183550812097,-0.382046645898,2.46739530564,0.186232955006,0.267030639464,0.272341593693,0.254808523061,0.213811092256,4.62281915188,0.187453884106,0.707812507457,9.70926902449,2.75123746376e-08,0.000191677567231,9.15493537837,5.32598413381e-07,0.0010953235758,9.09826849951,4.65829823552e-07,0.00115449482998,8.14993108522,3.1137436714e-05,0.0121324367208,9.5650718246,1.38048375482e-07,0.000428506545609,9.18778432378,2.38423939787e-07,0.000796217474519,8.21242900776,4.52956205245e-06,0.00811590267749,9.25673841814,1.39116791913e-07,0.000598699727168,8.9929438397,1.43956597988e-06,0.00181264084787,8.6392731625,3.01494619327e-06,0.00354034626627,8.09613794203,2.17122047465e-05,0.0133148272984,8.67530471218,2.10716147673e-06,0.00308862973538,4.64723258274,0.174252950942,0.378273078072,8.43454082449,1.56926789431e-05,0.00698206197692,9.09970614564,8.22362044279e-07,0.00132612762018,5.4559913092,0.0448017203151,0.309519471443,7.28488198644,0.000325424744167,0.068515316968,8.65457754603,3.16086145924e-06,0.00367611675599,5.32665904241,0.0465064312164,0.161703866949
gradient,0,0.13,0.140000000596,predicted,Actual proposal support boundary; monitored coordinates are pre-native endpoint forecast,True,50,-0.123531137055,0.473477938411,-0.0532059715652,0.067865475378,0.0871909722424,0.0628060796976,6.47531226177,6.50211085826,0.0457515464698,-0.362074817212,2.46398383779,0.185884191189,0.2682516074,0.27197150008,0.254935829576,0.21134947691,4.62998856953,0.186266252773,0.70530755867,9.69920104872,2.86226927298e-08,0.000196289310225,9.07735125565,9.40003145215e-07,0.00144078452537,9.06723898804,5.58179800598e-07,0.00127111826775,8.14955660794,3.16293024098e-05,0.0121379463631,9.58286365515,1.32359412318e-07,0.000416432539097,9.17396102069,2.94695569835e-07,0.000858958082835,8.21023853185,4.55038459814e-06,0.00814667533416,9.24890768644,1.42400751856e-07,0.000611141590999,8.97697601576,1.5795577989e-06,0.00189976042173,8.62637023639,3.26734888147e-06,0.00368470304019,8.06209270765,2.51043356388e-05,0.0144231789567,8.64885523349,2.32813373384e-06,0.00331242794263,4.68040721824,0.166724951826,0.38064353237,8.40468151779,1.74329643497e-05,0.00746459821025,9.10030265512,8.98890492891e-07,0.00136593513413,5.43682551236,0.0464557528897,0.313282148905,7.29088739505,0.00031742323951,0.0677524490645,8.63410009792,3.85959240434e-06,0.00393230261396,5.32360178192,0.0472330733632,0.163469822764
gradient,0,0.14,0.149999991059,predicted,Actual proposal support boundary; monitored coordinates are pre-native endpoint forecast,True,50,-0.125282646525,0.461385741891,-0.0510231541061,0.0763794254875,0.0591752597427,0.0646090701659,6.59130875447,6.42011343511,0.0475148690297,-0.349201652806,2.4240479515,0.185633804921,0.26855851399,0.271252620943,0.255300758422,0.209982658083,4.62957758666,0.185656779186,0.70136407246,9.67334085427,3.25082767978e-08,0.000212583076618,9.0625605155,1.02659931368e-06,0.00150815264966,9.03421959497,6.7207976508e-07,0.00140619404814,8.15073350603,3.16318955537e-05,0.0121224350595,9.59136536603,1.32362783265e-07,0.00041543170855,9.17454828955,3.01466773702e-07,0.000860436765524,8.20660630214,4.62068566342e-06,0.00822162195783,9.24028969698,1.49805818713e-07,0.000629848896486,8.95469002638,1.79598707639e-06,0.00202729177407,8.62059626393,3.40359161368e-06,0.0037497820399,8.04768352997,2.64777446683e-05,0.0149307252231,8.62560735789,2.50316036884e-06,0.00352321749373,4.70203598611,0.160979646085,0.379750325762,8.36655879931,2.10108006348e-05,0.00808947507968,9.10209845201,9.64848955817e-07,0.00139712551239,5.4093692253,0.0487854630604,0.315956524101,7.29792481839,0.000306180219075,0.0669680194205,8.6387814241,3.87466875521e-06,0.00389060911433,5.29912906099,0.0488741626046,0.164144661949
gradient,0,0.15,0.159999996424,predicted,Actual proposal support boundary; monitored coordinates are pre-native endpoint forecast,True,50,-0.121930602082,0.457961295258,-0.0501402591133,0.0737737953281,0.0375785207486,0.0681205190843,6.72233472648,6.36020374742,0.0488859798708,-0.343783193438,2.41586375348,0.184360256794,0.268443457097,0.270273068513,0.255782927036,0.208629210303,4.6292335631,0.186058560058,0.694850796856,9.66049348929,3.45016508002e-08,0.000220904615313,9.0288740747,1.20884549127e-06,0.00165504533486,9.00337498794,7.90352115477e-07,0.00154256928309,8.12998310891,3.49907950253e-05,0.0126685509046,9.61136093478,1.22237048487e-07,0.000395561420729,9.15725339648,3.33186995596e-07,0.000908357334297,8.20740646333,4.63678028512e-06,0.00820847913611,9.23193576159,1.59009610723e-07,0.000650386454595,8.92548843718,2.07580323852e-06,0.00219323646482,8.61082902723,3.61551897431e-06,0.00386019168735,8.04467482632,2.64733535412e-05,0.0150418438549,8.61639305748,2.54429398621e-06,0.00360282232732,4.71516484173,0.157670095368,0.378967912506,8.31392081467,2.64274097313e-05,0.00899982170681,9.10355384864,1.00636407715e-06,0.00141721860269,5.39802277997,0.0498542109057,0.317879613566,7.29852885592,0.000305441795563,0.06686214493,8.62280592475,4.20587134943e-06,0.00404679073935,5.27667621257,0.0502169380597,0.163808619296
gradient,0,0.16,0.170000001788,predicted,Actual proposal support boundary; monitored coordinates are pre-native endpoint forecast,True,50,-0.122790294873,0.454513645571,-0.0500909088516,0.0867064404106,0.0280722799635,0.0701117707249,6.80139513859,6.30540823206,0.0515581257532,-0.336762109108,2.47934906885,0.18461214212,0.268051658543,0.269503972316,0.255738947218,0.208358930765,4.62939124475,0.18626669214,0.691468360258,9.66218709305,3.3519385265e-08,0.000217595298464,9.02736922931,1.21207060681e-06,0.00165968347865,8.96412189505,9.61516122578e-07,0.00172720273614,8.10402416321,4.0619102236e-05,0.0133674094577,9.66099706365,9.5738029461e-08,0.00034100491467,9.16801395761,3.22605945511e-07,0.000879549474227,8.21235520277,4.49444580811e-06,0.00808214837466,9.22231527756,1.7142876998e-07,0.000678273167309,8.9463104054,1.91764456336e-06,0.00208167086529,8.6263295488,3.14949311521e-06,0.00365966164227,8.02579657972,2.80974823786e-05,0.0157154606541,8.6068367969,2.54886566748e-06,0.00367703723579,4.73066621885,0.154373227595,0.379148266518,8.34844448111,2.33128328332e-05,0.00837795122755,9.12867208184,9.14408257787e-07,0.00133435300838,5.390486991,0.0506928224402,0.319382158868,7.31216765904,0.000284379249553,0.0654708794235,8.60876354898,4.72185534621e-06,0.00419915746249,5.26544982702,0.0508328268602,0.162437358356
gradient,0,0.17,0.179999992251,predicted,Actual proposal support boundary; monitored coordinates are pre-native endpoint forecast,True,50,-0.125616178859,0.453557677266,-0.0503614471817,0.0881075095749,0.0271568366623,0.0736594379685,6.95871240622,6.29574551964,0.0574560735076,-0.338738001334,2.52309036475,0.183951248271,0.265146500086,0.266985524547,0.254238114925,0.208980192568,4.63903522516,0.184159320615,0.688973329396,9.65766511328,3.33868107749e-08,0.000218508191685,8.96794419029,1.70967265109e-06,0.00198247865072,8.92682291981,1.15761425263e-06,0.00191898590908,8.09160409913,4.36912865066e-05,0.0137208615292,9.68483890506,8.53937929953e-08,0.00031798115203,9.15254303162,3.82036798252e-07,0.000942726472277,8.22113624783,4.30134443851e-06,0.00789200119233,9.21253054377,1.81977842877e-07,0.000703483360644,8.93698598903,2.0503415413e-06,0.00214160245056,8.6227008598,3.09180700473e-06,0.00366096318247,8.00822926803,2.97260580206e-05,0.0163632069757,8.59658223002,2.57212005603e-06,0.00376083939559,4.74349419493,0.151596962393,0.377348498901,8.32766329709,2.59963800797e-05,0.00872769278519,9.14627133561,8.54071013973e-07,0.00127808342958,5.38202884642,0.051639981655,0.321249915279,7.31953331932,0.000273453913395,0.0647545311936,8.56553335838,6.54446224568e-06,0.00473151975126,5.25177736713,0.0515155255939,0.161930571085
gradient,0,0.18,0.189999997616,predicted,Actual proposal support boundary; monitored coordinates are pre-native endpoint forecast,True,50,-0.127327285845,0.469442738506,-0.0495370052719,0.0736895155525,0.0160675278044,0.0752947665394,7.00560078735,6.31292634246,0.0599234980797,-0.331759456262,2.50168712768,0.183393398154,0.263291224089,0.265395043488,0.254155923138,0.210078840676,4.64112881297,0.184050717866,0.686385146998,9.66128768725,3.17950542633e-08,0.000213716332624,8.93711883113,2.02447561964e-06,0.0021661099026,8.91689298146,1.23462701839e-06,0.00198021336394,8.0601991468,4.94668937421e-05,0.0146293325388,9.68098426364,8.77017296166e-08,0.000323103644505,9.1403441977,4.27543621086e-07,0.000992124025143,8.22107536863,4.31115058674e-06,0.00791013736647,9.20515886191,1.87388425314e-07,0.000718215373883,8.92468412762,2.23345130751e-06,0.00222627245538,8.62033031929,3.03093119287e-06,0.00365284074169,8.01104650166,2.93578812988e-05,0.0162691248453,8.60607631035,2.38655581467e-06,0.00364017971003,4.75066034076,0.149622721412,0.374607008788,8.30306508409,2.99184078005e-05,0.00914532781744,9.14528912767,8.67115232399e-07,0.00128581756463,5.38742824855,0.0513373031218,0.322102431649,7.32244243501,0.000265533945183,0.0646783802747,8.525976152,8.46352941638e-06,0.00524406356736,5.23165951918,0.0526358397329,0.162779783601
gradient,0,0.19,0.199999988079,predicted,Actual proposal support boundary; monitored coordinates are pre-native endpoint forecast,True,50,-0.126407268571,0.46757933358,-0.0491487954521,0.0693388688183,0.0133910342789,0.076215031944,7.03295429869,6.32249554802,0.0556950890082,-0.326827007449,2.45765895736,0.182902122741,0.261746272202,0.263116778051,0.254594761536,0.211152647118,4.64165866958,0.184551525729,0.684231872155,9.65565828358,3.21648480413e-08,0.00021650971426,8.92754295531,2.14024410273e-06,0.00223035652883,8.90775693135,1.30447445166e-06,0.00203573032577,8.04374356764,5.19709556066e-05,0.0151896672445,9.68026644488,8.83379621247e-08,0.000324473048765,9.13695300543,4.5522386773e-07,0.00101569198424,8.22111137548,4.32415732444e-06,0.00792888390041,9.19265305487,2.01305310208e-07,0.000749471118721,8.91502410871,2.40423188466e-06,0.00229899980281,8.61846448221,3.00915607521e-06,0.00364560306843,8.01155121787,2.92220168294e-05,0.0162598948613,8.61525349707,2.21823938672e-06,0.00351926469803,4.75595581422,0.148205253216,0.37392175368,8.28094060489,3.4020980402e-05,0.00953270053388,9.14241755389,8.86163676182e-07,0.00129918144277,5.38783926257,0.0514118172309,0.323846910233,7.33269961413,0.000250419964153,0.0637210327781,8.50899603329,9.70918760119e-06,0.00549234472917,5.21072954376,0.053827230064,0.164126249977
gradient,0,0.2,0.209999993443,predicted,Actual proposal support boundary; monitored coordinates are pre-native endpoint forecast,True,50,-0.132237387669,0.460248090255,-0.0477918623352,0.0656894874191,0.010573402319,0.0770262334225,7.13057085147,6.33441789476,0.0810838816049,-0.321077363521,2.43289220805,0.181305726233,0.259216454746,0.259003878633,0.254553251425,0.212522516152,4.6570897323,0.182654271348,0.68362828428,9.65060833472,3.28100629592e-08,0.00021938441365,8.863170359,3.01671766986e-06,0.00266318157123,8.90716250427,1.30711065102e-06,0.00203760850642,8.03027519879,5.32206342987e-05,0.0157173115497,9.69011503426,8.39770735559e-08,0.000314602385,9.1124890309,5.5447347298e-07,0.00111895913374,8.22496202249,4.27694230652e-06,0.00786445730431,9.17591239825,2.18282818397e-07,0.000788659119422,8.9041840637,2.56961617543e-06,0.00237162954309,8.61097108161,3.01104712538e-06,0.00368460937818,7.99994067539,3.05639301159e-05,0.016694106888,8.61168581775,2.20787960665e-06,0.00353082709558,4.76895112073,0.145714715927,0.374254540832,8.25283174996,3.82603049442e-05,0.0100636276994,9.14360187964,8.83725573434e-07,0.00129601185377,5.38755521915,0.0515209567554,0.326454117579,7.34428175692,0.000237739698275,0.0624549018088,8.46939942105,1.25587043374e-05,0.00606991068252,5.19862558603,0.0546539588673,0.167036724574
gradient,0,0.21,0.219999998808,predicted,Actual proposal support boundary; monitored coordinates are pre-native endpoint forecast,True,50,-0.124151164818,0.429597163227,-0.0393125484848,0.0593719195938,-0.0130900356436,0.0789741197247,7.17359144722,6.33108982652,0.0711401817024,-0.319411205995,2.48657149011,0.180871925479,0.258403351719,0.257429768976,0.253679061249,0.212691157255,4.64821219663,0.18186196658,0.682819297471,9.65752382869,3.16137350967e-08,0.000214142838976,8.84221652834,3.35550644074e-06,0.0028162220344,8.90556264918,1.32121432043e-06,0.00204677223084,8.02656577196,5.21762293182e-05,0.0158955395013,9.7029997976,7.88960174519e-08,0.000302831232272,9.09312818509,6.15308248243e-07,0.00118494053025,8.22798775799,4.22261974128e-06,0.00780113321304,9.17028949671,2.21662391202e-07,0.00079691043729,8.88939853632,2.84473217348e-06,0.00249082784606,8.62549960686,2.95465074084e-06,0.00356132417247,7.99523999002,3.12240697266e-05,0.0168744400553,8.61603872346,2.11568419233e-06,0.00346453035089,4.77808258728,0.143701181901,0.369352864281,8.22530985876,4.40265359876e-05,0.0105792226864,9.14601225066,8.83022837593e-07,0.00129337144238,5.38861767667,0.0514829838309,0.326864526684,7.32495184762,0.000250758401972,0.0650629962086,8.42834454192,1.52664161255e-05,0.00666427787389,5.20074426995,0.0543234863647,0.169924689682
gradient,0,0.22,0.229999989271,predicted,Actual proposal support boundary; monitored coordinates are pre-native endpoint forecast,True,50,-0.123530456775,0.429663022741,-0.0391995356941,0.0608615040398,-0.0285844108725,0.081654952081,7.24129810872,6.30393023853,0.0669334506652,-0.316736835925,2.51084886469,0.18102200988,0.257923625812,0.254647476731,0.251972140981,0.212777016533,4.65576342836,0.179537355333,0.683673689697,9.66469505707,3.00824731927e-08,0.000207759274372,8.79178324377,4.35075143667e-06,0.00321326444489,8.89421055512,1.39037198199e-06,0.00211178461002,8.01299156171,5.49892706095e-05,0.016353324942,9.70874176395,7.71078254803e-08,0.0002985982183,9.06952250636,7.33403621243e-07,0.0012877600164,8.22653661686,4.25760447035e-06,0.00783552404804,9.16747805161,2.21320983489e-07,0.000798859103422,8.88634678632,2.89658385589e-06,0.00251263814242,8.63948613718,2.7221799094e-06,0.00341217026969,7.99797681772,3.07713775272e-05,0.016769076826,8.61288671323,2.11457019963e-06,0.00348431185075,4.77947619146,0.143032763741,0.365577062666,8.22219518372,4.48114363997e-05,0.0106336535723,9.14275633182,9.15776054326e-07,0.0013177680778,5.38263742034,0.0520966885831,0.329366446128,7.32952880592,0.000243396032371,0.0646103057076,8.371460559,2.07958257494e-05,0.00757798120393,5.2006936341,0.0542512140967,0.172396030303
gradient,0,0.23,0.239999994636,predicted,Actual proposal support boundary; monitored coordinates are pre-native endpoint forecast,True,50,-0.120992202775,0.397973597125,-0.0386714743042,0.0586548328018,-0.0233892128134,0.0821572853241,7.24603705281,6.22771318039,0.0501808689911,-0.322025777863,2.5220063988,0.180675770461,0.259969386403,0.256105784167,0.251687247734,0.211262720429,4.65034552202,0.180168424194,0.687360235594,9.68311362093,2.70558675349e-08,0.000193766327191,8.78192439905,4.65548707776e-06,0.00331105540913,8.89046468539,1.41529727946e-06,0.00213450158339,8.04015951095,4.88865202487e-05,0.0155468595229,9.71784287673,7.34068938246e-08,0.000289773892965,9.06399094488,7.47937541251e-07,0.00130211135207,8.2345723288,4.0641567705e-06,0.00764031957963,9.18187013794,2.06277488229e-07,0.000764508200471,8.90063372528,2.70021228389e-06,0.00241870364651,8.64635424341,2.5960574828e-06,0.00333807192352,8.00526704872,2.99120889651e-05,0.0164958201679,8.60665497497,2.17575441739e-06,0.00355244035336,4.77649080379,0.143332054146,0.366838636735,8.24520474614,4.05543222948e-05,0.0102220989869,9.14164463209,9.22911865379e-07,0.00132327287634,5.37240595646,0.0529539475264,0.329464729927,7.31662213413,0.000264203200733,0.0657202791577,8.36697427983,2.10617357743e-05,0.00765180186801,5.21829723832,0.0528283594369,0.169353375236
gradient,0,0.24,0.25,predicted,Actual proposal support boundary; monitored coordinates are pre-native endpoint forecast,True,50,-0.12773412858,0.400698340411,-0.0414069531822,0.0683638953781,-0.0164515272045,0.0806508598265,7.16100391159,6.2068408405,0.0749356981255,-0.307551500588,2.43715679983,0.178935116869,0.263171797052,0.258990910037,0.252696962363,0.208602445673,4.64763342003,0.184150971809,0.685911224819,9.69398206084,2.51161199532e-08,0.000185047383248,8.79161937021,4.45799611681e-06,0.00323431308788,8.90383229034,1.33564677832e-06,0.00206182693351,8.00692053433,5.88300890447e-05,0.0165099424368,9.71503404184,7.43874524724e-08,0.000292136903797,9.0665565362,7.32720750347e-07,0.00129162810732,8.23067411066,4.15285006398e-06,0.00772204482467,9.1735646953,2.12389845992e-07,0.000785082605445,8.90590004034,2.6556556582e-06,0.00239204850974,8.64388729876,2.49038040562e-06,0.00333750529638,8.01023544761,2.94179700311e-05,0.0163100802682,8.60656377669,2.18813179962e-06,0.0035600386287,4.78056426675,0.142867402096,0.375777073569,8.2605845785,3.83030090153e-05,0.00992720056939,9.12562792746,9.97806746704e-07,0.00138374987113,5.38314481503,0.0520866943244,0.330973388555,7.35014461997,0.000226431167648,0.0620021095969,8.36923860664,2.13721440587e-05,0.00764254534045,5.21282034633,0.0538522302815,0.169395638528
gradient,0,0.25,0.259999990463,predicted,Actual proposal support boundary; monitored coordinates are pre-native endpoint forecast,True,50,-0.135388658804,0.446495863273,-0.0420353840256,0.0550975966072,0.0097213694191,0.0776263631318,7.1633970752,6.17946762825,0.108038885594,-0.297016517495,2.32059081202,0.180449552662,0.261937474885,0.25584477764,0.253106377537,0.211252188381,4.66004111167,0.184518295783,0.69155701162,9.71456197173,2.15592138551e-08,0.000169816090561,8.80794708532,4.06225731646e-06,0.00309463483574,8.92868048618,1.17610814676e-06,0.00192073183406,7.98669680486,6.80577596481e-05,0.0170296762536,9.71170031133,7.5283174448e-08,0.00029429187578,9.08170749639,6.97456888449e-07,0.0012450472675,8.23378052187,4.08239123543e-06,0.00766208393153,9.15571280613,2.35079890105e-07,0.000838652861341,8.88867746283,2.77731516293e-06,0.00246323334808,8.62682223462,2.39748439793e-06,0.00342907802943,7.99915700751,3.11880853132e-05,0.0167270649252,8.61528290125,2.07687814182e-06,0.00346428697066,4.7884837655,0.141728682026,0.380326145292,8.24944580151,3.9635374019e-05,0.0101012065308,9.11248511653,1.05895900365e-06,0.00143142053609,5.4118042006,0.0498844042186,0.331767910423,7.38594104558,0.000192862141046,0.058019826504,8.41127108425,1.89318116574e-05,0.00702477312046,5.20907822865,0.054357250271,0.168932272665
gradient,0,0.26,0.269999980927,predicted,Actual proposal support boundary; monitored coordinates are pre-native endpoint forecast,True,50,-0.141662165639,0.45342948132,-0.0506050167942,0.0433916854477,0.00207742062569,0.0758854761393,7.09821149273,6.28650545014,0.144578238249,-0.282950177304,2.15058154223,0.179680113201,0.259218653626,0.251273052078,0.256241528012,0.213279839312,4.64954330617,0.186091548613,0.68419397569,9.70117102661,2.25237949097e-08,0.000177252998031,8.82988507619,3.53888458398e-06,0.00290177725991,8.95326121382,1.05368762184e-06,0.00179625907812,7.89650545395,9.58534919044e-05,0.0200861631408,9.7089838238,7.60454608139e-08,0.000296118118963,9.09291294197,6.79235263954e-07,0.00121822496331,8.21539056634,4.51536227643e-06,0.00810132132942,9.12143205497,2.66658713049e-07,0.000919727439699,8.86796683535,3.03713795526e-06,0.00258608008785,8.60393289622,2.50953258237e-06,0.00361123310455,8.0090086517,3.03374735889e-05,0.0163779499509,8.64558119199,1.7877130014e-06,0.00316339877722,4.78796925287,0.141953543318,0.384403546186,8.21909291517,4.52450380829e-05,0.0106235834376,9.10594373622,1.08347029605e-06,0.00145116825992,5.44808009283,0.0470994600069,0.335175840941,7.43509967875,0.000154493553341,0.0527386934966,8.42625013549,1.83039971041e-05,0.00683222828723,5.15348120569,0.058587883839,0.176495679699
gradient,0,0.27,0.280000001192,predicted,Actual proposal support boundary; monitored coordinates are pre-native endpoint forecast,True,50,-0.144670513369,0.468476736128,-0.0565680502319,0.0317682718849,0.00383103308439,0.0768419680681,7.0041731852,6.3654630315,0.159410927606,-0.282355976609,2.14443109279,0.180328863862,0.257657105091,0.249620754834,0.25865091098,0.21451000872,4.65664306023,0.185188137639,0.684951056997,9.70835675453,2.1319439508e-08,0.000172913925627,8.88114764486,2.7352749157e-06,0.00253693969456,8.96002047717,1.02115460933e-06,0.00176173345881,7.85100822246,0.000114143518566,0.0217048390108,9.69346648936,8.23919617029e-08,0.000310945273409,9.13628304056,5.40202340369e-07,0.00106755616287,8.21276243947,4.53023704846e-06,0.00813814220073,9.10650566774,2.85003605201e-07,0.000963629778094,8.88073158869,2.86874357153e-06,0.00250803889422,8.58529148349,2.74127846501e-06,0.00379461501937,8.00716125925,3.09028809603e-05,0.0164494329113,8.6756628196,1.53370397773e-06,0.00289114189996,4.7858773724,0.14276188056,0.384149532641,8.23662361983,4.3272475369e-05,0.0102647170533,9.10296182393,1.09411197471e-06,0.00145962753302,5.48149982846,0.0446404021859,0.33354410279,7.4380738492,0.000153090184307,0.0523746981285,8.4422516983,1.68293476537e-05,0.00659621241135,5.13190255442,0.0598837074347,0.176900216158
gradient,0,0.28,0.289999991655,predicted,Actual proposal support boundary; monitored coordinates are pre-native endpoint forecast,True,50,-0.13772966088,0.422683377043,-0.0506423233414,0.024458503685,0.0142747068143,0.0759899547839,6.91317885361,6.41015097652,0.165921866069,-0.29221932678,2.13890571757,0.180596469808,0.257571352881,0.250219186078,0.260865786068,0.214260694345,4.6482312382,0.18761743752,0.686794770518,9.72196245308,1.96713590438e-08,0.000165023656774,8.92583329971,2.20380289087e-06,0.00225883878317,8.9763759821,9.42023671932e-07,0.00168056733652,7.83148679692,0.000123047597926,0.0224227676856,9.67896244098,8.86074725858e-08,0.000325029839513,9.16188854109,4.75727288397e-07,0.000990353906463,8.22328834692,4.26449042082e-06,0.00788150850017,9.0920116074,3.07599714592e-07,0.00101064980507,8.88441129528,2.8337787028e-06,0.00249014807367,8.57899905063,2.85237701344e-06,0.00386005977582,7.99790206638,3.25484695748e-05,0.0167937909068,8.69277432598,1.4034233125e-06,0.00274337954058,4.79007842898,0.142425506694,0.385804572583,8.25056477598,4.15368911381e-05,0.0100062827063,9.10366797865,1.07510253979e-06,0.00144739633758,5.51130490642,0.0424191782443,0.330486739433,7.42710177926,0.000161930934302,0.0534199106832,8.46669255944,1.4984756142e-05,0.00625681683435,5.12877873256,0.0599629381112,0.175921044004
gradient,0,0.29,0.299999982119,predicted,Actual proposal support boundary; monitored coordinates are pre-native endpoint forecast,True,50,-0.141652519954,0.425371488497,-0.0550344990158,0.0281051897621,0.0284499352908,0.0771454968891,6.69692410791,6.44473896261,0.18224540047,-0.320785403081,2.11740518922,0.181442283328,0.262069343778,0.257440660072,0.26340485436,0.21011168981,4.63017025599,0.191787050025,0.687697142047,9.74637064153,1.72015657765e-08,0.000151820844778,8.96930512003,1.86312878868e-06,0.00203301121467,8.98964611697,8.94584052609e-07,0.00162320051807,7.82152178019,0.000127421903723,0.0227928216738,9.6490287951,1.03590549649e-07,0.000357356255403,9.20755538698,3.64367294378e-07,0.000855811894894,8.22441304602,4.16904247885e-06,0.00781794913798,9.08577024617,3.20775131299e-07,0.00103396813103,8.90436141154,2.66462852037e-06,0.00239444214639,8.54555808498,3.73325141262e-06,0.00430469387864,8.00785917722,3.15700707948e-05,0.0164291884701,8.71655674629,1.26971859162e-06,0.00256782490024,4.78181677701,0.144839299226,0.394365111274,8.26835981011,3.80955820705e-05,0.00973046456057,9.09598977878,1.10731688204e-06,0.00147362776582,5.54696289651,0.0398554858621,0.326419037036,7.41220917346,0.000176228524581,0.0548987149694,8.54203316149,9.80304823757e-06,0.0052499630472,5.14138935658,0.0590113107157,0.175306625218
gradient,0,0.3,0.310000002384,predicted,Actual proposal support boundary; monitored coordinates are pre-native endpoint forecast,True,50,-0.155324230862,0.50260535727,-0.0520543502235,0.00717759724617,0.0188084991014,0.0789867114793,6.5243903957,6.48921195413,0.150073079437,-0.354900036301,2.10383063214,0.183340567566,0.265199606859,0.261148665969,0.264062381793,0.209494121124,4.63807153181,0.191164063289,0.694114698461,9.76907617184,1.51701025572e-08,0.000140441023397,9.04945543529,1.27335952459e-06,0.00163735322431,9.00806701227,8.36068008733e-07,0.00154929098413,7.79356420764,0.000140685120877,0.0238388514586,9.62961850743,1.14431482728e-07,0.000379557201887,9.21892994813,2.97269800509e-07,0.000794882093369,8.22138096973,4.19667948862e-06,0.00787069078143,9.07510550113,3.42249261191e-07,0.00107262015404,8.91933591149,2.43287662504e-06,0.00228837155188,8.52519780713,4.34251710489e-06,0.0046138209242,8.02605744238,2.96262902473e-05,0.0157855060981,8.74635186203,1.12720481463e-06,0.00236640748303,4.77393052255,0.146889809859,0.395046456874,8.30696239959,3.18917640632e-05,0.00905716165322,9.07973152923,1.19593958842e-06,0.00154116350469,5.58950191587,0.0369273845986,0.322427749719,7.36638414442,0.000218906456702,0.0596934708402,8.60566036219,6.23712160276e-06,0.00444000191315,5.14350544176,0.0587535566956,0.17487295325
gradient,0,0.31,0.319999992847,predicted,Actual proposal support boundary; monitored coordinates are pre-native endpoint forecast,True,50,-0.153876805972,0.496588492602,-0.0398464368248,-0.0167609310532,0.0270663283503,0.0812273823776,6.37719983026,6.54611721398,0.149329033644,-0.3664135404,2.07416664985,0.182928515164,0.268856833946,0.264287482533,0.266013541879,0.207194880852,4.58779642786,0.199964654055,0.69055997053,9.77928159522,1.44922024987e-08,0.000136375622597,9.0446834805,1.4006730458e-06,0.00169756042557,9.03911721028,7.26029994388e-07,0.00142118299533,7.78269733751,0.000145441924902,0.0242545766152,9.59066039909,1.39665238925e-07,0.000428001485793,9.22281288205,2.77490978189e-07,0.00078278324047,8.23310039442,4.0308855524e-06,0.00763257630693,9.06713381106,3.5641090095e-07,0.00109966215305,8.93180108941,2.23078472219e-06,0.00219727525624,8.51269187265,4.71890442273e-06,0.00480863370768,8.03668206365,2.88227481269e-05,0.0154219371548,8.76766044361,1.0551591868e-06,0.00223971341667,4.77020141397,0.147719484168,0.395903336947,8.34444770626,2.55863763121e-05,0.00846236321298,9.05494992387,1.33387081338e-06,0.00164071258982,5.63150041098,0.0341760059015,0.314879443338,7.33110803877,0.000260783117871,0.0632491035013,8.62413607241,5.04103201833e-06,0.00422476814633,5.1429228395,0.0586286171156,0.173665339338
gradient,0,0.32,0.329999983311,predicted,Actual proposal support boundary; monitored coordinates are pre-native endpoint forecast,True,50,-0.158709349959,0.514471699595,-0.0393615041637,-0.0413014707351,0.0530067332572,0.0822389023732,6.28382379337,6.61481809834,0.15196466004,-0.366706966935,2.05192955614,0.18233610851,0.270061538396,0.265457343929,0.266619367366,0.207103353575,4.56061212281,0.205138871927,0.688931309041,9.79905310943,1.32702517521e-08,0.000128069224271,9.0566790655,1.33749974581e-06,0.00164985185516,9.05935411165,6.59344730657e-07,0.00134112516615,7.75391834586,0.00016233891401,0.0253874312133,9.56090995511,1.61615329912e-07,0.000467232182105,9.25705774928,2.22251622098e-07,0.000692048888857,8.23687123563,4.03996964576e-06,0.00758751037475,9.06984306805,3.56985127906e-07,0.00109679745893,8.91612319081,2.3669814282e-06,0.0022782900005,8.49814564512,4.83500755722e-06,0.00498001205397,8.04613013898,2.78259853402e-05,0.0151015424781,8.80154155979,8.99844555645e-07,0.00203043228115,4.75639568912,0.150458320149,0.396778064445,8.33922609833,2.54134300716e-05,0.00855285195733,9.03825569425,1.42476747433e-06,0.00170499952852,5.67317494503,0.0316001356316,0.308240013902,7.3228147663,0.000276252922818,0.0638389369575,8.66399614129,3.96612129411e-06,0.0037808045536,5.13354682468,0.0587819195788,0.170794684942
gradient,0,0.33,0.340000003576,predicted,Actual proposal support boundary; monitored coordinates are pre-native endpoint forecast,True,50,-0.154108345502,0.491142874738,-0.0389457248116,-0.0701649415874,0.0631837578414,0.0805140668019,6.26613505007,6.61724422009,0.16171714957,-0.357829503545,2.01420467847,0.182815408062,0.270029042496,0.26588872017,0.265378278971,0.207822107329,4.55463090653,0.207559429884,0.688778673097,9.81987374536,1.18886837935e-08,0.000119031176642,9.03363821139,1.5058062811e-06,0.00175741588124,9.08751665517,5.73079578763e-07,0.00123455594821,7.74187573191,0.000169896045523,0.0258978708993,9.53777686775,1.81283488322e-07,0.000500483158345,9.25784155317,2.20449297947e-07,0.000684892400858,8.23447333162,4.18655905509e-06,0.0076786994737,9.07837992428,3.42824073416e-07,0.00106851289212,8.90392090914,2.39711541541e-06,0.00231568644,8.49063558455,4.91292027184e-06,0.0050651823893,8.05821448175,2.67550599067e-05,0.0147008706536,8.81728070417,8.50468074558e-07,0.00194873410034,4.74747437788,0.151953814602,0.39451316976,8.33390040292,2.47877354063e-05,0.00863362266934,9.02362554916,1.52557829339e-06,0.00177178442088,5.70217213447,0.0298821532699,0.304182637421,7.33014759024,0.000265212885102,0.0631445055301,8.68114800112,3.67826897522e-06,0.0035906854301,5.14424538913,0.0582175888589,0.17036077038
gradient,0,0.34,0.34999999404,predicted,Actual proposal support boundary; monitored coordinates are pre-native endpoint forecast,True,50,-0.157746076878,0.488558840579,-0.0395576558971,-0.0854591507101,0.0822910401708,0.0810530244557,6.27726439031,6.63203777945,0.18572207442,-0.349555299038,2.01094242183,0.182048270755,0.269981025234,0.266735142025,0.263914592504,0.208288585854,4.54535257066,0.209744558228,0.68677177899,9.84116882482,1.05700476736e-08,0.000110254972337,9.00458943736,1.70163159717e-06,0.0018864460011,9.10375102052,5.26718574459e-07,0.00117625743058,7.74731184931,0.00016679284471,0.0256762504434,9.49825525174,2.2130497082e-07,0.000563593708315,9.25445584434,2.31579440879e-07,0.000696275208072,8.23845451045,4.09372097038e-06,0.00760030591552,9.08542244691,3.30377208254e-07,0.00104563355567,8.89663798067,2.39744149445e-06,0.00233510504093,8.47652060806,5.14301822749e-06,0.00525167723247,8.05783777814,2.6910833677e-05,0.0147115223249,8.83094323377,7.92221757496e-07,0.00187017991152,4.74593310938,0.152426713888,0.39645274566,8.30990395473,2.67000432661e-05,0.00903562962074,9.00060663753,1.69436278126e-06,0.00187973547925,5.71628939385,0.0290909683139,0.300635357169,7.33182362179,0.000266452356245,0.0628184826531,8.67999426726,3.81703673788e-06,0.00360477068174,5.16028694044,0.0570477869114,0.169365227947
gradient,0,0.35,0.359999984503,predicted,Actual proposal support boundary; monitored coordinates are pre-native endpoint forecast,True,50,-0.150829702744,0.474476928205,-0.0284135411644,-0.0929812184358,0.106581468705,0.0788850165468,6.16116846109,6.68767055713,0.183139570997,-0.341845211522,1.96471643718,0.180668581794,0.271586245864,0.269650935712,0.26456419388,0.208839390735,4.51998408675,0.21505361414,0.685824177714,9.86345858017,9.3162816039e-09,0.000101634510578,9.1062347577,9.56489811686e-07,0.00138987875558,9.13653453531,4.46630786398e-07,0.00106692638749,7.75931956592,0.000158115722938,0.0252110666309,9.42498502616,3.19448620802e-07,0.000699936988773,9.2823985463,1.9505761707e-07,0.0006362231504,8.24715757152,3.90895697547e-06,0.00741711672191,9.09197783743,3.18508073574e-07,0.0010231749398,8.87409965614,2.5982999645e-06,0.00246941506387,8.47414141738,4.77121427883e-06,0.00528175022988,8.05281626964,2.78219852362e-05,0.0148780834328,8.84193641343,7.52954513661e-07,0.00181166860144,4.75160088444,0.151427700534,0.399866569858,8.32258694751,2.49782744585e-05,0.00877458252771,8.95132132102,2.13293083485e-06,0.00213479651257,5.72840210243,0.0283908977392,0.295231991217,7.30203646408,0.000314809990627,0.0654559157277,8.71703630938,2.90863522138e-06,0.00325582427392,5.18317111515,0.0554849288016,0.168458091863
gradient,0,0.36,0.370000004768,predicted,Actual proposal support boundary; monitored coordinates are pre-native endpoint forecast,True,50,-0.151433261738,0.474916398549,-0.0206834565067,-0.0910906863594,0.134348365638,0.0802615629328,6.14070008978,6.67695960483,0.203998136113,-0.33198612749,1.96367903949,0.181230275907,0.272442707215,0.272520696245,0.261887022609,0.207358083201,4.48955651471,0.222966596512,0.680185462198,9.8915802103,7.94724378209e-09,9.17415811913e-05,9.06439777313,1.16745443149e-06,0.00156134709586,9.14226899858,4.33432439187e-07,0.00105038907568,7.76579687359,0.000155785645833,0.024947673221,9.40225542425,3.55869879262e-07,0.000745801518791,9.29155645973,1.99153209818e-07,0.000628293248125,8.25529926396,3.80272450812e-06,0.00727189608564,9.09861473687,3.10866864785e-07,0.00100369709598,8.86304166651,2.59673237592e-06,0.00251723359979,8.47248370846,4.93617532819e-06,0.00533944876987,8.04903748665,2.81522512871e-05,0.0150005498167,8.84551497787,7.45494392139e-07,0.0017974811402,4.75157332647,0.152007827088,0.402133712679,8.30896336548,2.42298356827e-05,0.00906864488812,8.93007020022,2.3341101364e-06,0.00224637866979,5.75432435717,0.0269764822957,0.291353632724,7.31246818507,0.00029588471883,0.0646626779477,8.75150308274,2.68329633008e-06,0.00296449425288,5.20753151999,0.0539049080435,0.167277252731
gradient,0,0.37,0.379999995232,predicted,Actual proposal support boundary; monitored coordinates are pre-native endpoint forecast,True,50,-0.153663027686,0.475659026815,-0.0232388184929,-0.0977135527515,0.141812783751,0.0736142639128,6.08927826726,6.60048920364,0.232029835695,-0.308075189154,1.85793028635,0.184804599339,0.272208293904,0.273154618957,0.261354068706,0.208758922989,4.49724739022,0.2234900483,0.687260201482,9.89339717795,7.8274601791e-09,9.089550235e-05,9.0356947224,1.33133811537e-06,0.00169380262547,9.19069531957,3.31276915215e-07,0.000899601639549,7.76143208328,0.000160329153944,0.0251333815459,9.39300083019,3.72229719383e-07,0.000765711483305,9.31073490148,2.25026968035e-07,0.000634720634092,8.24942947098,3.80359688095e-06,0.00736350968249,9.09068607496,3.2609488311e-07,0.00103382817439,8.87158980005,2.38979495458e-06,0.00244422111963,8.47593803528,4.98644310911e-06,0.00527165593879,8.04415312163,2.94188760759e-05,0.0151832403501,8.84923967649,7.31404593857e-07,0.00177299044404,4.75763557752,0.151291746629,0.402984804974,8.3054191762,2.29786230945e-05,0.00920211105373,8.92870572531,2.33810664224e-06,0.00225018345493,5.75637423602,0.0268998306528,0.290424089391,7.34605607454,0.000246479575216,0.0615580491985,8.81235217079,2.55491213943e-06,0.00256532359282,5.20654382262,0.0541134669638,0.167217679142
gradient,0,0.38,0.389999985695,predicted,Actual proposal support boundary; monitored coordinates are pre-native endpoint forecast,True,50,-0.156054524129,0.474819444867,-0.0278690193558,-0.0949451357508,0.133903664622,0.0710400001882,6.03843572001,6.64516275939,0.227309158377,-0.318676315702,1.8470518871,0.182372391818,0.27426781253,0.275580246561,0.262897690532,0.204889899283,4.50447817207,0.223121009066,0.684795073217,9.88742408423,8.12086426907e-09,9.30039410991e-05,9.05957156907,1.17097267712e-06,0.00157839826184,9.21193857492,2.92957329321e-07,0.000839549653882,7.76096492499,0.000159854629841,0.025073810721,9.38535286915,3.85550064784e-07,0.000781656750887,9.29557822458,2.07382814437e-07,0.000635720015403,8.2462584579,3.7979921257e-06,0.00740541559448,9.09659335754,3.09801081753e-07,0.00100832799771,8.86905148303,2.46066012071e-06,0.00247834373772,8.47551209776,4.78705458443e-06,0.00526442652571,8.04529356995,3.00601552436e-05,0.0151615999968,8.85715450937,7.02316538162e-07,0.001725854062,4.75822935586,0.151946866216,0.408702664945,8.31819467241,2.19911629634e-05,0.00895749319856,8.93524145481,2.2495829876e-06,0.00220637665086,5.7441380053,0.0275373734393,0.290645414314,7.32292026618,0.000288111738254,0.0632796154768,8.76528902238,2.57005212236e-06,0.00286823371255,5.20022027882,0.0543881433193,0.167303404386
gradient,0,0.39,0.399999976158,predicted,Actual proposal support boundary; monitored coordinates are pre-native endpoint forecast,True,50,-0.154864244529,0.495881442213,-0.030550539341,-0.0926820612335,0.132165806565,0.0680686741542,6.06127268318,6.57299350326,0.227026622557,-0.319796798554,1.79522559106,0.184196732806,0.274164537662,0.274349320585,0.262521453068,0.206272811601,4.50526517047,0.222934583483,0.687122794182,9.87136084193,8.93267784326e-09,9.88605039343e-05,9.03002907353,1.33547633758e-06,0.0017080548717,9.22133372351,2.74985643165e-07,0.000810395360925,7.76822350086,0.00015654454981,0.0248254717235,9.40335270354,3.52136669101e-07,0.000741330278726,9.3024879687,2.17771319629e-07,0.000636060132067,8.24305269571,3.82006471821e-06,0.00747092427268,9.08984675698,3.24064726058e-07,0.00103550671272,8.88391503592,2.22158161414e-06,0.00236507448818,8.48314587905,4.8683019264e-06,0.00517288430934,8.0485795831,3.0127626726e-05,0.0150571288034,8.85199212614,7.1809937149e-07,0.00175085093275,4.74899409847,0.15366658812,0.404756889731,8.3162353708,2.13858262849e-05,0.00901885062861,8.95681153962,2.02194527777e-06,0.0020804218335,5.73193602721,0.0281621058922,0.291607550691,7.34426672786,0.000255467540327,0.0614009900072,8.79553089574,2.60639478767e-06,0.00266740574903,5.19066548446,0.0550328263892,0.166668644818
gradient,0,0.4,0.409999996424,predicted,Actual proposal support boundary; monitored coordinates are pre-native endpoint forecast,True,50,-0.148861419739,0.392254041161,-0.0423461602592,-0.0801514706397,0.126180777225,0.0628959043062,5.99947905473,6.57011539303,0.230698637219,-0.275863995275,1.8411844988,0.186892031864,0.275593751898,0.273879803355,0.264978781825,0.20152458106,4.50763545173,0.223517676128,0.684629760692,9.88623391061,8.28094716824e-09,9.3741096077e-05,9.05455730955,1.13929316999e-06,0.00157908584669,9.21445013473,2.85966005601e-07,0.00082980966682,7.74206912918,0.000173798001468,0.0258228003739,9.37877003327,4.02175101501e-07,0.000800964599797,9.29009709827,2.60967700081e-07,0.000692020650086,8.2129782098,4.3008752827e-06,0.00810830051945,9.10537091513,3.01932391058e-07,0.000988759232982,8.88130963818,2.36730932431e-06,0.00241478992582,8.50775320145,4.26441636543e-06,0.00479630491319,8.04270340329,3.01539271314e-05,0.0152615104818,8.87494560297,6.18937399391e-07,0.00161494982545,4.76753071918,0.149385643361,0.41561939023,8.31357329669,2.34726806919e-05,0.00902668915606,8.97703820522,1.81676171406e-06,0.00196733151721,5.7411099832,0.0277277435496,0.292071860885,7.38555695816,0.000216537772535,0.0566180463948,8.7772514468,3.15727320654e-06,0.00285458514598,5.18625973674,0.0551602553021,0.166675824438
gradient,0,0.41,0.419999986887,predicted,Actual proposal support boundary; monitored coordinates are pre-native endpoint forecast,True,50,-0.149764535149,0.44685540616,-0.0388269971275,-0.0757795787239,0.150849890981,0.0639117499934,5.98003867896,6.58621082869,0.229690987488,-0.266714965142,1.83658230797,0.18703063373,0.273469473569,0.275217613125,0.267542272536,0.201391112073,4.4654764413,0.23253297775,0.674105494179,9.89522578825,7.86506442907e-09,9.05314364995e-05,9.04194437747,1.17488888021e-06,0.00162132479153,9.21277815233,2.90161017471e-07,0.00083627928578,7.72510661652,0.000184448366434,0.0265492451559,9.38943950649,3.78138497965e-07,0.000772841165318,9.28004950277,2.75355876236e-07,0.000716246615233,8.22774284957,4.25472547227e-06,0.00783707890186,9.10617711634,2.9861837235e-07,0.000984279289893,8.87801276196,2.48844761347e-06,0.00245844050521,8.51870646146,3.89661964588e-06,0.00463434587761,8.045847324,3.02932711752e-05,0.0151322161389,8.88172140832,5.96474829666e-07,0.00157991673133,4.75658222111,0.153318667113,0.420554238904,8.30361476198,2.53258847601e-05,0.00918848567018,8.95234485901,2.02474928281e-06,0.00208870588613,5.75185798083,0.0271623913091,0.292309313768,7.3953239196,0.000209006911176,0.0556433293306,8.7504940376,3.76283049532e-06,0.00309335816467,5.18549824177,0.0553801054524,0.167712883468
gradient,0,0.42,0.42999997735,predicted,Actual proposal support boundary; monitored coordinates are pre-native endpoint forecast,True,50,-0.154314487201,0.453080473338,-0.0449777077103,-0.0934272390985,0.122799008462,0.0531224427317,6.01046250577,6.63499176313,0.255259809672,-0.269169381042,1.84761144724,0.185632258137,0.273965696342,0.27346286297,0.265773703193,0.205031406158,4.48483423805,0.225039722058,0.679477457922,9.89708076489,7.87090285371e-09,9.00232927476e-05,9.0253633151,1.26457290493e-06,0.00169187781101,9.27050944835,2.01607140098e-07,0.000681602483231,7.68831223956,0.000210337995091,0.0280515536303,9.39346398357,3.71064465624e-07,0.000764296289176,9.24257302305,3.47878273352e-07,0.000815472626175,8.21043030654,4.59899723458e-06,0.0082422818453,9.10662192314,2.97796735471e-07,0.00098219855081,8.88383018343,2.39407338389e-06,0.00241181930714,8.51258265822,3.98183084883e-06,0.00471193559611,8.03164178467,3.34078991584e-05,0.0156378390842,8.89634090411,5.34189885328e-07,0.00148718715225,4.75602781369,0.152958289112,0.414892967512,8.30474184033,2.48774628985e-05,0.00916749082919,9.0093840071,1.51255999377e-06,0.00178012452457,5.76076566703,0.0267005239874,0.292004529727,7.39676640926,0.000201289355641,0.0558829047811,8.71412667793,4.3438834752e-06,0.00336998349191,5.17265219124,0.0565818076094,0.168310669275
gradient,0,0.43,0.439999997616,predicted,Actual proposal support boundary; monitored coordinates are pre-native endpoint forecast,True,50,-0.158941444232,0.453490812423,-0.0442128680611,-0.103385704496,0.115851979229,0.0506427911051,6.01658375366,6.60580150087,0.275669825682,-0.254780678543,1.84925670432,0.186103166703,0.275333910989,0.272888745027,0.266962740887,0.203574169204,4.47975716837,0.226463819175,0.678541428014,9.90840561499,7.48561009294e-09,8.6583037581e-05,8.99519135112,1.46779917197e-06,0.00183764032844,9.29995333447,1.71194881762e-07,0.000617973799441,7.67880931254,0.000217950809913,0.0284471357284,9.39651269624,3.65186016377e-07,0.000757244063267,9.22500525629,3.74638312655e-07,0.000855030200625,8.20806230456,4.64623399213e-06,0.00829890937919,9.11158201585,2.89944299235e-07,0.000967303475408,8.88652112592,2.36815636905e-06,0.00239445261727,8.51534739544,3.9393015541e-06,0.00467423175699,8.02454015161,3.51398429686e-05,0.0158904893476,8.90545840782,4.95508829432e-07,0.00143247969347,4.76481041869,0.151394004981,0.417484105413,8.29757786464,2.55079834433e-05,0.00930413035225,9.02427902663,1.38605939499e-06,0.00169960895759,5.77308125796,0.0260781311435,0.29225662328,7.39887626562,0.000200955976753,0.0555445505217,8.68722118677,4.88480612841e-06,0.00360278643823,5.17434027799,0.0564380602889,0.167479850744
gradient,0,0.44,0.449999988079,predicted,Actual proposal support boundary; monitored coordinates are pre-native endpoint forecast,True,50,-0.159190415091,0.466689170136,-0.0431083439255,-0.0873086840296,0.118355134997,0.047346775266,6.00689393285,6.63318417115,0.281710426689,-0.249322150391,1.8928007575,0.186595061118,0.275337591899,0.272353454766,0.265415017472,0.205307775632,4.46225613703,0.227235899279,0.677195015562,9.91464472331,7.30565428905e-09,8.4799137428e-05,8.98924037544,1.51574705532e-06,0.00186973570542,9.31423301206,1.54060401271e-07,0.000582878395288,7.66698192607,0.000225431558999,0.0290420048601,9.40392812028,3.51730127072e-07,0.000740765746941,9.22071177147,3.8339142132e-07,0.000867202621579,8.20533638347,4.77946018262e-06,0.00839757142443,9.116687894,2.78423379909e-07,0.000946733874266,8.88662928451,2.3736976874e-06,0.00239927681358,8.52796554517,3.77706105076e-06,0.00454465331381,8.00711163059,3.88805583519e-05,0.0164754737731,8.90787860031,4.77390096832e-07,0.00140975498661,4.75517872357,0.154859922111,0.416317525009,8.30165676662,2.48105091839e-05,0.00923757584665,9.03525133749,1.30211592055e-06,0.00164140125797,5.78058506045,0.0256682610217,0.292490041648,7.39901143072,0.00020068119718,0.0556303944108,8.68486739356,4.9033694523e-06,0.00361218064403,5.17511558443,0.0565159556169,0.168520598507
gradient,0,0.45,0.459999978542,predicted,Actual proposal support boundary; monitored coordinates are pre-native endpoint forecast,True,50,-0.159235783529,0.470249945088,-0.0500267146492,-0.0674969175839,0.120613115702,0.0422256491411,6.01201536703,6.6036636742,0.296993764211,-0.247307352845,1.92238406126,0.187562473095,0.27624119146,0.271082695228,0.266239758182,0.204577673493,4.4740540976,0.224849011517,0.679951424323,9.91828295527,7.13790221205e-09,8.35688034505e-05,8.99670658613,1.45118694395e-06,0.00182887183086,9.33838705546,1.26442422182e-07,0.000523575256266,7.66608940247,0.000226567536755,0.0290719543427,9.43209407467,3.06967708314e-07,0.00068376065911,9.22413936546,3.79565825164e-07,0.000861854869502,8.1959940249,5.01962999496e-06,0.0086252404888,9.11862566004,2.7975845769e-07,0.000945943939265,8.89539276624,2.30723147043e-06,0.00235440381257,8.53539814022,3.64501321253e-06,0.00444640590721,7.97367541187,4.60144397709e-05,0.0176696354726,8.90557589619,4.63120778842e-07,0.00140119398079,4.74667178964,0.156313438894,0.418808908924,8.31205343572,2.41815802498e-05,0.00903469020944,9.08007962171,1.03914587538e-06,0.00144411327033,5.78062644901,0.0256345937822,0.295438772118,7.41914479488,0.000184147607833,0.0535491819593,8.67797698415,5.17652972892e-06,0.00369503446088,5.17854007219,0.0563814910164,0.169152742321
gradient,0,0.46,0.469999998808,predicted,Actual proposal support boundary; monitored coordinates are pre-native endpoint forecast,True,50,-0.164930979233,0.466049019246,-0.0612411545181,-0.0462410495067,0.114140945647,0.0389328063074,6.02518973047,6.56332214346,0.297972696873,-0.250991291427,1.98465733295,0.188377079846,0.277319802035,0.271258953591,0.266609425966,0.203417871242,4.4881346683,0.221271028738,0.681613050439,9.92896974234,6.56414613813e-09,7.97088311675e-05,9.00197810334,1.38438263852e-06,0.00179309032948,9.33240316602,1.25821530543e-07,0.0005257703379,7.67139175943,0.000221851230392,0.0288763571037,9.47068859753,2.53981970966e-07,0.000611432702261,9.21991933803,3.9549737487e-07,0.000881190190895,8.18197458234,5.32885800215e-06,0.00895282462167,9.12917900503,2.67515790486e-07,0.000918264400645,8.9107669635,2.19196839373e-06,0.00227494065528,8.54408291737,3.51627139199e-06,0.00434022153673,7.95516291483,5.03437876298e-05,0.0183529130039,8.90478327555,4.49066839957e-07,0.00139135390142,4.73675503691,0.157526656633,0.420236919873,8.31935619313,2.43833027744e-05,0.00888102523086,9.13917925659,7.6446488521e-07,0.00121399640208,5.77105073807,0.0261599610595,0.298797729854,7.43608704445,0.000170219978178,0.0518660221199,8.65400029397,6.00045805667e-06,0.0039517526609,5.18764642117,0.0558292723114,0.169233259089
gradient,0,0.47,0.479999989271,predicted,Actual proposal support boundary; monitored coordinates are pre-native endpoint forecast,True,50,-0.165029226845,0.472027389786,-0.070843238678,-0.0189396304274,0.113063546095,0.0369532391897,6.02258229677,6.53820694997,0.302449394384,-0.240464041867,1.98011388843,0.188546788927,0.277900517892,0.271829729764,0.267126939952,0.203169124308,4.49602877918,0.219168107691,0.682116851907,9.91638366782,6.9661783221e-09,8.32254464568e-05,9.01885316527,1.25788628235e-06,0.00170673871331,9.32222696752,1.31510979745e-07,0.000540842819077,7.67790782661,0.000216746467958,0.0286042558727,9.49960247929,2.19819711021e-07,0.000561245414457,9.2316645884,3.8073135202e-07,0.000859316321372,8.1683222316,5.66821584676e-06,0.00929392501943,9.14202562472,2.47974145503e-07,0.00087892835961,8.92273537763,2.10536065501e-06,0.00221530356015,8.54524852157,3.44348636842e-06,0.00432112276785,7.94563466915,5.24875106328e-05,0.0187055242041,8.89436310379,4.65655800551e-07,0.00143014203291,4.73428995262,0.157893287182,0.423624790576,8.33320471238,2.34720924165e-05,0.00862602795381,9.17257273933,6.37726606935e-07,0.00109555549465,5.74634185255,0.0274825639739,0.303244452081,7.45805729948,0.000155793463491,0.04965459475,8.65581282411,6.11342494674e-06,0.00395933161594,5.18181241407,0.056210733167,0.169883194419
gradient,0,0.48,0.489999979734,predicted,Actual proposal support boundary; monitored coordinates are pre-native endpoint forecast,True,50,-0.168251207169,0.516260650551,-0.0794173525238,-0.000742391088011,0.111889812622,0.0365385229287,6.04067771852,6.53287955447,0.300869680729,-0.245119815792,1.99390908058,0.188214382747,0.277879734666,0.271718217157,0.267376789564,0.203381452892,4.50957809879,0.216115583562,0.682730045062,9.91098541567,7.13171356067e-09,8.46885137452e-05,9.02840164394,1.19801329098e-06,0.00166195918917,9.29877510063,1.48659941342e-07,0.000583176083313,7.67526178189,0.000218932334476,0.0287128966562,9.52308345507,1.95532530725e-07,0.000523462454461,9.24363559427,3.63001184398e-07,0.000833615761815,8.15927326818,5.91084498785e-06,0.00952716095689,9.14423022109,2.46726960091e-07,0.000874659195467,8.93148915463,2.02582409085e-06,0.00216713120131,8.53927036427,3.53591830401e-06,0.00439360007367,7.94126577161,5.30059160068e-05,0.0188787460029,8.8896905692,4.67149755099e-07,0.00144360566682,4.72961512867,0.158582427829,0.424814613004,8.34051928731,2.2847928313e-05,0.00849734958099,9.1934749268,5.77049870888e-07,0.00103292009014,5.73251601188,0.0282518192285,0.306134645692,7.4695670282,0.000148995267068,0.0485169331456,8.66444168275,5.91805399952e-06,0.00388326608039,5.17848284346,0.0564866687266,0.170405139062
gradient,0,0.49,0.5,predicted,Actual proposal support boundary; monitored coordinates are pre-native endpoint forecast,True,50,-0.163853173015,0.526398206642,-0.0794215153122,0.0252090036488,0.109374560986,0.0356048924023,6.06679314993,6.52552529405,0.300953967345,-0.245775874741,1.99034964042,0.188255318025,0.277226896948,0.271791547068,0.267002524302,0.203579817128,4.51140403521,0.214943272238,0.682622187065,9.89134649064,7.93518937537e-09,9.09448633133e-05,9.04753644687,1.0913655845e-06,0.00157671856256,9.28546074249,1.57192322505e-07,0.000605603975891,7.67317891016,0.000220622429998,0.0288092951167,9.55381117728,1.67630305469e-07,0.000477467597129,9.25534144734,3.45228568939e-07,0.000808130505793,8.15654037346,6.03236806738e-06,0.00960763441551,9.13582612779,2.6154287459e-07,0.00090228621618,8.93479087875,2.00064815788e-06,0.0021509802893,8.53978565713,3.5691138513e-06,0.00439932780818,7.92431365546,5.64522321677e-05,0.0195400609764,8.87383077785,4.95279772088e-07,0.00150842279941,4.73441571544,0.157524942844,0.426966573349,8.34926262956,2.21907731292e-05,0.00834556635043,9.21687663585,5.11510078494e-07,0.000963068514934,5.71626544504,0.0291553976784,0.310220985082,7.47916602149,0.000142876363477,0.0476126198792,8.67963447039,5.58243034183e-06,0.00375387469477,5.15981501758,0.0576351202124,0.170617241668
gradient,1,0,0.00999999977648,predicted,Actual proposal support boundary; monitored coordinates are pre-native endpoint forecast,True,50,-0.276740181436,0.731762596573,-0.119918269959,-0.0687551069641,0.448000415835,0.0337394622102,4.86437914289,7.24206221573,0.114008700834,-0.484720341226,1.32645049249,0.18134831637,0.261866250688,0.295691611661,0.284187891142,0.195298332286,4.5850130349,0.206547346008,0.74764927255,9.98392147466,5.83298522615e-09,6.71603500742e-05,9.35117803728,2.16719599657e-07,0.000652923585514,9.75252849023,1.26217841415e-08,0.000111138632521,8.25724567497,1.81499708034e-05,0.00963772799144,9.18755514042,4.96491315306e-07,0.0010219502749,9.41989564045,1.20325540605e-07,0.000447114184816,8.16717118333,5.80347318812e-06,0.00941593141105,9.38753120662,9.67730272475e-08,0.000413286502656,9.16101554458,4.95093909059e-07,0.00103126797282,8.56055912979,2.18928665163e-06,0.00384991049725,8.37003788152,7.97672364872e-06,0.00704201377166,8.69569647345,2.22405656706e-06,0.00311119745078,4.51865213536,0.202193579736,0.416310791918,8.66399963387,6.37117390942e-06,0.00415740938125,9.07450648462,4.90049679874e-07,0.00112123472215,5.36069778658,0.0495751547614,0.268574583503,7.36932813976,0.000286503493926,0.0562438917469,8.8364162447,1.93751305768e-06,0.00236182506353,5.49227802631,0.0313303278734,0.16866362834
gradient,1,0.01,0.019999999553,predicted,Actual proposal support boundary; monitored coordinates are pre-native endpoint forecast,True,50,-0.238578475357,0.669403346059,-0.0906892941856,-0.061825169363,0.319346978936,0.0335033271813,5.07259302783,6.67781772568,0.123295105306,-0.385772540874,1.40799563605,0.187432145197,0.270796010102,0.301286095327,0.276255573157,0.198444171394,4.53449368971,0.218306862724,0.738820955453,9.91257010201,6.30726389228e-09,7.95342628317e-05,9.3018457906,2.87602978745e-07,0.000752841465788,9.6733412141,2.08136753432e-08,0.000156618388821,8.3025319526,1.41415503031e-05,0.00874270077974,9.47596813899,9.0926227082e-08,0.000390801154762,9.40405813032,1.04265473869e-07,0.000430641353402,8.18399406059,5.3988741538e-06,0.0089113171853,9.39418813231,7.61668272435e-08,0.000378538675821,9.23709757626,2.85679760568e-07,0.000778572038977,8.60946435912,1.75699766378e-06,0.00338428551773,8.35659670649,7.689122305e-06,0.00721938983508,8.66302569357,2.4541957218e-06,0.00338516966894,4.5539246129,0.192412979223,0.403643364174,8.76094553975,3.40861224341e-06,0.0031742373585,9.13343665853,3.26853613571e-07,0.000935869326856,5.33943930266,0.0515017456139,0.275007453206,7.35376789734,0.000292226731757,0.0580608500706,8.82076079765,2.01310736968e-06,0.00242534519547,5.48888811405,0.0336797730182,0.169591294586
gradient,1,0.02,0.0299999993294,predicted,Actual proposal support boundary; monitored coordinates are pre-native endpoint forecast,True,50,-0.209473519476,0.625062248791,-0.0906387041473,-0.0172300708675,0.269010687742,0.0411278480989,5.33198266774,6.58551859793,0.0959559717088,-0.383657580709,1.63125686454,0.187149531514,0.270470328831,0.296045650017,0.272160786373,0.200625505079,4.5407009154,0.21304210997,0.73046155551,9.84468034385,9.81181982059e-09,0.000105871567398,9.27296468,3.33711138187e-07,0.000815307444728,9.50792375528,5.26907747437e-08,0.000286896807985,8.29215096913,1.35938604922e-05,0.00902192437052,9.60907211548,4.35583529267e-08,0.000248773886494,9.39714464585,9.89330436074e-08,0.000425412441326,8.18942873449,5.26395372635e-06,0.00875279788097,9.3540924486,8.98431440781e-08,0.00043130469823,9.27575437575,2.18290296005e-07,0.00067612633305,8.61926808961,1.77365982219e-06,0.00335968819423,8.30055503967,9.64264025849e-06,0.00821911594509,8.67269055323,2.17470002179e-06,0.00323446585916,4.55797923007,0.191245292341,0.395636645834,8.78170761975,2.79258452669e-06,0.00296990143339,9.16426526431,2.95965215288e-07,0.000877461165952,5.34538741766,0.0515401547842,0.284364235976,7.35446953928,0.000280568509956,0.0585279833408,8.82932705113,1.81181049661e-06,0.00233250117421,5.43244478447,0.0378943174861,0.169122414094
gradient,1,0.03,0.0399999991059,predicted,Actual proposal support boundary; monitored coordinates are pre-native endpoint forecast,True,50,-0.188945188406,0.604051064362,-0.107000853863,0.0119599789,0.267231995735,0.0496557975843,5.59690798209,6.59631038549,0.0480752626954,-0.435741439578,1.95874916443,0.186358730576,0.266721083953,0.290119588691,0.268101617925,0.202799244201,4.58004272725,0.201777716556,0.727581209891,9.84968776945,1.02688295448e-08,0.00010726554151,9.21961604251,4.70006659531e-07,0.000972747599445,9.34287661206,1.30625267711e-07,0.000506693345583,8.27804008359,1.34162986021e-05,0.00937725228077,9.67960301258,3.04215785642e-08,0.000196819849569,9.37377075998,1.12177194524e-07,0.000456067300658,8.19631298998,5.08863247822e-06,0.00857872478339,9.33569700266,9.70789241489e-08,0.000462242077711,9.27972608662,1.87657885626e-07,0.00065069585523,8.61453908267,1.91167244861e-06,0.00346585998342,8.26625564185,1.07961540839e-05,0.00884588597442,8.70279405363,1.81823145778e-06,0.00293198181751,4.53600112145,0.197633868827,0.388600257714,8.77302195708,2.4793790452e-06,0.00299255461999,9.20658852269,2.49625327016e-07,0.000782564092556,5.38865947418,0.0489300916743,0.290888307217,7.35052194127,0.000279380423223,0.0593380177605,8.80994072528,1.85355257678e-06,0.00242941729968,5.43801343326,0.038868528288,0.165492185418
gradient,1,0.04,0.0499999970198,predicted,Actual proposal support boundary; monitored coordinates are pre-native endpoint forecast,True,50,-0.176861150644,0.566980722639,-0.106517891731,0.0334416406965,0.236436285648,0.0528936352036,5.82331979517,6.54468227767,-0.0158318664671,-0.461030486752,2.24765854319,0.187153926522,0.265936934028,0.286704874384,0.263877988176,0.203113915635,4.59254408295,0.197342505025,0.721642939605,9.8460420333,1.11210398754e-08,0.000111117862445,9.15279979157,7.22181436189e-07,0.00121357586841,9.23422820182,2.36082051474e-07,0.000726056535657,8.24901867672,1.49738610029e-05,0.0100606067159,9.77544070493,1.95531572626e-08,0.000145261526911,9.30767533505,1.65412070262e-07,0.000571968164962,8.19856202149,5.04421437839e-06,0.00852478451305,9.33260862808,9.70035035234e-08,0.00046885588784,9.25526619021,1.98626841553e-07,0.000706090833474,8.65802003753,1.59040823849e-06,0.0030838701566,8.23306090793,1.21120316547e-05,0.00955149858485,8.70787932613,1.79472979443e-06,0.00287780584561,4.5255534161,0.199885943208,0.380674103257,8.76867331902,2.12332080925e-06,0.0029974445522,9.26365062024,1.96847827459e-07,0.000663913090254,5.4008919599,0.0482908918123,0.292779696565,7.33484194466,0.00028732641447,0.0615232003637,8.74628855993,2.59161357021e-06,0.00291139073072,5.44197576851,0.0394409425256,0.16254842381
gradient,1,0.05,0.0599999986589,predicted,Actual proposal support boundary; monitored coordinates are pre-native endpoint forecast,True,50,-0.166828165095,0.56044360729,-0.104763057079,0.0437265327191,0.205987676654,0.0555651073488,6.03660776616,6.56803187644,-0.0394017972553,-0.476654906963,2.46267151061,0.18746238308,0.265086062527,0.280406471877,0.258825887601,0.205423494235,4.62395133736,0.190007077947,0.719452031221,9.82731248444,1.28280973914e-08,0.000120709139849,9.05796057859,1.19858304851e-06,0.00159895988588,9.17361474602,3.27166978689e-07,0.000881510164594,8.22017222068,1.85483113079e-05,0.0106932736594,9.82176346934,1.57500932028e-08,0.000125508039208,9.2325377575,2.52483084335e-07,0.000736655621839,8.19755650463,4.97535706868e-06,0.00852975034062,9.32411520712,1.00913688936e-07,0.000483382562088,9.22231669896,2.31592192824e-07,0.000791661905144,8.69242323247,1.37546397574e-06,0.00280277915224,8.20686390367,1.31382892809e-05,0.0101544864654,8.7006506056,1.84091343835e-06,0.00293180902205,4.52354496707,0.200503874716,0.3712095003,8.73164820279,2.23083897722e-06,0.00329120682826,9.29210444003,1.75489012009e-07,0.000613531357729,5.3991061107,0.0486019044869,0.292823204327,7.32108490359,0.000295843952964,0.0634361426061,8.67756004444,3.97612913358e-06,0.00353638777553,5.4375973098,0.0400439778803,0.161739367394
gradient,1,0.06,0.070000000298,predicted,Actual proposal support boundary; monitored coordinates are pre-native endpoint forecast,True,50,-0.155253426659,0.525884603942,-0.105831572857,0.0335665684557,0.2016264042,0.0563410331389,6.0932405709,6.61353245529,-0.0756459106628,-0.509042394724,2.59980749225,0.188238898117,0.26683619402,0.277216958244,0.256432599345,0.204647321485,4.63246237516,0.189249788936,0.716878859069,9.81360616463,1.44128569481e-08,0.0001295590799,8.99157696696,1.72608983568e-06,0.00193785462357,9.15123756591,3.66539914875e-07,0.00094483003239,8.18956686408,2.36363530392e-05,0.0113531884188,9.84754538074,1.4102772682e-08,0.00011618818901,9.15962187912,4.02337086985e-07,0.000952010127,8.19710920139,4.98960871727e-06,0.00855656932105,9.3143595321,1.07748752239e-07,0.000503096288166,9.20503223717,2.4504505925e-07,0.000834382063382,8.71803315573,1.27444562081e-06,0.00260446384044,8.2042241468,1.31576889197e-05,0.0102158354345,8.72615295435,1.68331741966e-06,0.00273779714796,4.50692456217,0.204999083419,0.365997813511,8.7146457449,2.25938909212e-06,0.00343716460446,9.32210304768,1.49238111926e-07,0.000555380872875,5.43366565499,0.0460552980795,0.289094926038,7.3153380947,0.000295301020087,0.0644932218061,8.61477049168,5.75192110547e-06,0.00420785109408,5.42275920746,0.0409130146027,0.16030297152
gradient,1,0.07,0.0799999982119,predicted,Actual proposal support boundary; monitored coordinates are pre-native endpoint forecast,True,50,-0.150473383127,0.507058121491,-0.105415472832,0.0341451644516,0.21126157609,0.0572569366453,6.1307904269,6.63810834157,-0.0619346934772,-0.517683937161,2.61580781523,0.188693297299,0.267715105407,0.274383243835,0.255518248121,0.204872693052,4.62769904431,0.190862060195,0.71360917993,9.79032234105,1.67902036152e-08,0.000142719697633,8.9671452998,1.93767217859e-06,0.00206386403383,9.14781234634,3.66993417594e-07,0.000949890927943,8.18295161351,2.61481844456e-05,0.0114452017683,9.85269488098,1.43939450977e-08,0.000116753830921,9.14928280419,4.42260408471e-07,0.000993669052246,8.20021480254,4.97991970244e-06,0.00850961517463,9.30512805214,1.12201984112e-07,0.00051825426561,9.16764788994,3.29889124206e-07,0.000957236082173,8.69982148025,1.52050283487e-06,0.00279031597227,8.19618943698,1.34005612323e-05,0.0104022637807,8.73696869777,1.64435111036e-06,0.00265522567732,4.50369874706,0.20654496768,0.365760628514,8.66472505375,2.91320774644e-06,0.00393607354037,9.33242276392,1.4280602394e-07,0.000537699854549,5.46340053314,0.0439175967284,0.288663843197,7.32283220205,0.000284171640034,0.0638267723313,8.60640234128,6.18731370281e-06,0.0043342490408,5.40014155988,0.0422344219921,0.1596687792
gradient,1,0.08,0.0899999961257,predicted,Actual proposal support boundary; monitored coordinates are pre-native endpoint forecast,True,50,-0.147481315879,0.51005869864,-0.103026492443,0.0507165848827,0.220892511282,0.0581218617553,6.14412612743,6.69678679229,-0.0349167630294,-0.510368440143,2.61791901827,0.189268785663,0.268216060389,0.271429421992,0.254510498817,0.205547195257,4.626892992,0.191466332972,0.710562393509,9.76672002343,1.94970936368e-08,0.000156475617088,8.97273718171,1.8600141298e-06,0.00202279027781,9.14364580684,3.71576463583e-07,0.0009593641216,8.18242259467,2.69385651301e-05,0.0114248104766,9.83118983499,1.73502716897e-08,0.000130269689723,9.16430034326,4.1732322622e-07,0.000953495952249,8.20148254682,4.95887782091e-06,0.00848536149482,9.29214249335,1.19227505799e-07,0.000539458863067,9.11842577634,5.43894623491e-07,0.001169724115,8.67827297931,1.86294624825e-06,0.00302910260577,8.17593534476,1.44635856912e-05,0.010911071523,8.74046445894,1.63414410073e-06,0.0026198066208,4.51295097025,0.205716230642,0.368263645586,8.60576572625,4.48892152619e-06,0.00462537405472,9.31583597266,1.64051870817e-07,0.000576424881967,5.48070088987,0.0427299826778,0.290052142305,7.33080685188,0.000274616009538,0.0630244718485,8.61584292335,5.99950749938e-06,0.00425605794899,5.38053130532,0.0433906188944,0.160893216565
gradient,1,0.09,0.0999999940395,predicted,Actual proposal support boundary; monitored coordinates are pre-native endpoint forecast,True,50,-0.14088130106,0.486882697594,-0.10366954073,0.0672588884449,0.225449126039,0.0597146662609,6.15385616592,6.7257163988,-0.0134035397949,-0.523876509956,2.61280322429,0.189838212239,0.268333172584,0.269434865132,0.253841160834,0.206587775503,4.63902385212,0.189336286096,0.711180310384,9.75756004104,2.10085666847e-08,0.000162737606237,8.99110583721,1.68999160629e-06,0.00192060825622,9.1386929736,3.69627445327e-07,0.000964820136823,8.17914083997,2.73328098576e-05,0.0115035707911,9.8121457567,2.05365486423e-08,0.000143661672323,9.18715974756,3.71802689312e-07,0.0008885522425,8.20604603292,4.82034325917e-06,0.00836019377196,9.2807690118,1.24939186152e-07,0.000557544925907,9.07841086788,7.86107009921e-07,0.00136587893852,8.65211271385,2.3050124643e-06,0.0033197172003,8.16499542471,1.50994134832e-05,0.0111893610837,8.72965822645,1.76141178875e-06,0.00270524639654,4.51350618985,0.206462115614,0.368393616787,8.55248545257,6.55395860928e-06,0.00531385493791,9.30933689974,1.79923344462e-07,0.000599469115278,5.49154378765,0.0421637072624,0.292114605059,7.33037970035,0.00027643408104,0.0630621446865,8.64229601346,5.04713619038e-06,0.0039650949109,5.37927318723,0.0435711782748,0.161896424497
gradient,1,0.1,0.109999999404,predicted,Actual proposal support boundary; monitored coordinates are pre-native endpoint forecast,True,50,-0.13915612337,0.493389681199,-0.107842886295,0.0664389586067,0.209127922926,0.0593799529853,6.18600849029,6.70026781322,0.000376887912529,-0.524974857551,2.58054840918,0.189946610305,0.268533285161,0.268300336379,0.253829456943,0.207758767109,4.65586960073,0.186202850306,0.712654456762,9.75161864741,2.22874288314e-08,0.000166917742962,8.97041476053,1.86966753035e-06,0.00202903433053,9.15338474469,3.29208706348e-07,0.000910166852115,8.16327803276,2.96231836734e-05,0.01189102426,9.80685434541,2.15194419547e-08,0.000147831578742,9.17704011149,3.79528017173e-07,0.000907852244559,8.20318144048,4.83523511813e-06,0.0084043963182,9.27380140401,1.30725877895e-07,0.000573587482814,9.05490058018,9.48868135971e-07,0.00148714409544,8.64211409453,2.53005605906e-06,0.00344190896353,8.17306637646,1.47181935047e-05,0.0109795179303,8.72137833168,1.82976258515e-06,0.00276290159815,4.50821072086,0.207231139324,0.366506645627,8.51534469885,8.07263716438e-06,0.00582588689903,9.30942217538,1.86659265743e-07,0.000607355428903,5.48523577001,0.0428136282429,0.295288835821,7.33033658869,0.000278274802056,0.0629992614217,8.62794564445,5.01993939316e-06,0.0040914160099,5.37326984627,0.0441802973765,0.161250007351
gradient,1,0.11,0.119999997318,predicted,Actual proposal support boundary; monitored coordinates are pre-native endpoint forecast,True,50,-0.132456956191,0.489589405971,-0.106139275875,0.0571081500864,0.184441846285,0.0574241927056,6.19390785839,6.69610861443,0.018436654058,-0.516224210997,2.51843078844,0.189770220624,0.268311916523,0.267385455221,0.253775374984,0.209348262257,4.66324661178,0.184509934461,0.713803421257,9.73641718521,2.43631392956e-08,0.000175542767728,8.94715437097,2.08990800183e-06,0.00215669854125,9.18788845308,2.67727962922e-07,0.000810113101114,8.15799658435,2.99903575974e-05,0.0120071346721,9.7947551798,2.28731164733e-08,0.000154191629908,9.15951090795,4.03914789071e-07,0.00095004391786,8.19988607497,4.87328291099e-06,0.00846216609331,9.2655748104,1.36538764763e-07,0.000590092278506,9.04584324981,1.01686766645e-06,0.00153552899096,8.64195740592,2.59425632668e-06,0.00345913012185,8.18016794538,1.4643256304e-05,0.0108246908117,8.71458971587,1.83049761876e-06,0.00280018500388,4.50865675768,0.206355883269,0.363273114747,8.4981195885,8.71074962206e-06,0.00607542229001,9.30452297891,1.90659052981e-07,0.000617809338818,5.47400716759,0.0438332336126,0.297216866921,7.32457801827,0.00028570730299,0.0635980858738,8.60604987395,5.23868178107e-06,0.00430936539977,5.35310564795,0.0455327037511,0.161227124531
gradient,1,0.12,0.129999995232,predicted,Actual proposal support boundary; monitored coordinates are pre-native endpoint forecast,True,50,-0.125577582565,0.46848238244,-0.100587518063,0.0495626556492,0.166425284419,0.0557482942798,6.16472818202,6.64525730423,0.0342577753866,-0.518514811163,2.39129434596,0.189876246281,0.268587537493,0.268184626693,0.255225605414,0.209715352412,4.6620752669,0.185737795924,0.716073492083,9.71149198985,2.84337073099e-08,0.000192057362926,8.94902186377,2.08522489843e-06,0.00215117654776,9.22259366984,2.20965225862e-07,0.000723944112219,8.16625817041,2.86422490747e-05,0.0117968613013,9.79867414959,2.15026880698e-08,0.000149941596009,9.15754744635,4.0701081581e-07,0.000955937205314,8.20425894463,4.7327527665e-06,0.00833250632987,9.25466360293,1.42785417125e-07,0.000610502358492,9.04261242528,1.02497299629e-06,0.00154683449849,8.63813558196,2.67279421548e-06,0.00350154674229,8.18995930141,1.45347100463e-05,0.0106119183251,8.69301871576,2.05870694248e-06,0.00297962801586,4.51219012057,0.204907513565,0.361595417254,8.49625868027,8.61535257698e-06,0.00610697533724,9.31208239115,1.74399766966e-07,0.00059494888405,5.45919662253,0.0448931324492,0.29888332763,7.31860282031,0.000293667266378,0.0642023960093,8.61189879107,4.95117054846e-06,0.00424490481556,5.33799630897,0.0467108933369,0.160885864464
gradient,1,0.13,0.140000000596,predicted,Actual proposal support boundary; monitored coordinates are pre-native endpoint forecast,True,50,-0.127996009725,0.479345064669,-0.0896822999382,0.0410326462603,0.13931269345,0.0539569353872,6.12739263406,6.61070945157,0.0587978529862,-0.52045296521,2.26635706495,0.19024602764,0.269010397688,0.268740457887,0.256453990605,0.209668361661,4.65435799795,0.187694335806,0.717257278633,9.68313124671,3.2849006868e-08,0.000210807631441,8.94853479455,2.11313362681e-06,0.00216167663159,9.27366069542,1.68414896741e-07,0.000613524770692,8.17490817828,2.65575919777e-05,0.0115736606478,9.82100923603,1.7582711272e-08,0.000134706312006,9.15259759197,4.08839239054e-07,0.000965139247261,8.21086258228,4.5299245528e-06,0.00814830163377,9.23302747264,1.59286689316e-07,0.00065484754069,9.042131059,9.91790850595e-07,0.00153646715324,8.64010047541,2.64922912193e-06,0.00349027295643,8.19937837895,1.45025030627e-05,0.0104120756666,8.66783188569,2.34096720597e-06,0.00319506641938,4.52129660184,0.20225773734,0.359822696606,8.49964315144,8.07723102912e-06,0.00606340915777,9.32495400853,1.51974467923e-07,0.000559701262577,5.44995877488,0.0455445499015,0.301424642304,7.30861624367,0.000305612955924,0.0653096732187,8.6169776927,4.55226465361e-06,0.0041716533517,5.31441552601,0.0482822468493,0.161123466693
gradient,1,0.14,0.149999991059,predicted,Actual proposal support boundary; monitored coordinates are pre-native endpoint forecast,True,50,-0.132601855694,0.477664042593,-0.0818550799751,0.0248160576439,0.104166663561,0.0522497079299,6.08644921268,6.57834038802,0.0819492514496,-0.517459783612,2.17705350772,0.190501355364,0.269870231591,0.269825823422,0.257890962393,0.209132059421,4.64158885735,0.190013062567,0.715654179026,9.6642710894,3.57874941823e-08,0.000223764712712,8.94391489822,2.16378308328e-06,0.00218976286254,9.31416960927,1.37572871531e-07,0.000539376789389,8.15671300301,2.80572488375e-05,0.012013764284,9.84881835095,1.46265980744e-08,0.000120793074991,9.14434819234,4.21116455131e-07,0.000985881360519,8.21055730698,4.48419388562e-06,0.00812907772991,9.21488009598,1.74130734308e-07,0.00069229841951,9.04414805056,9.59979383629e-07,0.00152059879748,8.6426763002,2.61031833257e-06,0.00346593205569,8.20619564239,1.46904022186e-05,0.0102967108368,8.65672570758,2.48769692838e-06,0.00329728997022,4.53039492583,0.199398368358,0.358008986623,8.50196973219,7.74947635258e-06,0.00603270700319,9.33914740665,1.35785950792e-07,0.000528681094375,5.45368120595,0.045266058811,0.302187029845,7.29898186761,0.000315994584147,0.0664542741294,8.60892971927,4.48626737331e-06,0.00422905250306,5.2915320537,0.0496929527502,0.162330897304
gradient,1,0.15,0.159999996424,predicted,Actual proposal support boundary; monitored coordinates are pre-native endpoint forecast,True,50,-0.129184254587,0.473980083985,-0.0769984649086,0.0110763692474,0.0814130323863,0.0493817502859,6.07946618662,6.55012766936,0.105387181286,-0.50310812885,2.11803212703,0.190213691925,0.270599397809,0.271304327452,0.258553206862,0.20828912215,4.62016719474,0.192740384233,0.711902227677,9.65018805298,3.8102703552e-08,0.000233657299832,8.93010265054,2.3002322173e-06,0.00226687082879,9.34667417516,1.16834631993e-07,0.000486100287174,8.15505837659,2.82300122352e-05,0.0120096224359,9.87916366656,1.21102004111e-08,0.000107509649337,9.12148738199,4.80079338041e-07,0.00106144238656,8.20620685012,4.53928085559e-06,0.00821940709601,9.19782096298,1.89362632619e-07,0.000732937115712,9.03639208515,9.81960286201e-07,0.00154978264208,8.64961613549,2.52889408015e-06,0.00339115972049,8.20225930444,1.55409593067e-05,0.0104511522723,8.64820901958,2.62164100591e-06,0.00337828838049,4.54215331719,0.196124954215,0.359509123267,8.49187653405,7.98688070415e-06,0.0061813459001,9.35274733667,1.21830422408e-07,0.000499338896141,5.45651735966,0.0449779967935,0.303012492709,7.30754281577,0.000301492357488,0.0656523022892,8.59314650306,4.73517636031e-06,0.00439667931467,5.27846408184,0.0506912338703,0.163836234464
gradient,1,0.16,0.170000001788,predicted,Actual proposal support boundary; monitored coordinates are pre-native endpoint forecast,True,50,-0.12687383773,0.463330666338,-0.0663705323601,-0.00781745318413,0.0721994167304,0.0471919171308,6.13201126435,6.5466078666,0.130373423121,-0.494668047412,2.11336809445,0.18884461752,0.270169929225,0.270508714905,0.258624926426,0.208510408442,4.59408401148,0.196026214156,0.707481061326,9.6164823543,4.54430212857e-08,0.000262959519988,8.91795751449,2.42289322034e-06,0.00233389630586,9.38234088058,9.29138615918e-08,0.000426055098658,8.15432689878,2.78783920652e-05,0.012020727012,9.90554256105,9.99236128164e-09,9.62108544874e-05,9.0956539057,5.35257778712e-07,0.00113813027371,8.2183971558,4.31210686369e-06,0.00794545014241,9.18146216921,2.0881070243e-07,0.000776486522719,9.02460067997,1.02391832741e-06,0.00159570032132,8.6542018334,2.44556132308e-06,0.00333170009505,8.18447487875,1.71936280524e-05,0.0109339985048,8.63133829445,2.95390618958e-06,0.00355140446371,4.55584748226,0.192871972843,0.361555752673,8.47952758627,8.32438492351e-06,0.00636497198526,9.36479738488,1.08634233185e-07,0.000471757803939,5.45944591257,0.0444129017693,0.301755712183,7.30087945466,0.000311793504786,0.0662536042744,8.56949227422,4.95967009092e-06,0.0046378171114,5.25759821128,0.0518161205256,0.162663282412
gradient,1,0.17,0.179999992251,predicted,Actual proposal support boundary; monitored coordinates are pre-native endpoint forecast,True,50,-0.132524572152,0.475409823647,-0.0585191319847,-0.0288956630611,0.0536695131397,0.045947634454,6.21344215326,6.54506751175,0.156130412777,-0.486710428539,2.10128506745,0.186916361732,0.26946177899,0.269440882404,0.258531035954,0.20855447078,4.57247468018,0.196859002357,0.703567150935,9.58171415215,5.44720512891e-08,0.000296705377253,8.89173344106,2.72227668299e-06,0.00248981578455,9.42367626587,7.14801873654e-08,0.000363972149246,8.14750255366,2.82610557695e-05,0.0121873620024,9.93575731957,7.82810199012e-09,8.40746525866e-05,9.07132540438,5.83063056537e-07,0.00120814897866,8.22679402573,4.19335507733e-06,0.00776374637908,9.17349726017,2.15945055524e-07,0.000794720233153,9.00704569528,1.11398667373e-06,0.00167502627461,8.65203377337,2.44375732854e-06,0.00334236737692,8.17565883102,1.81918993219e-05,0.0111890289713,8.6099532404,3.29430572001e-06,0.00377002412798,4.56516331161,0.189582329925,0.360367521841,8.4540840415,9.25278999525e-06,0.00675784590896,9.38185147194,9.54726773232e-08,0.000440527589436,5.44935083147,0.0451869810965,0.30073601611,7.2910167075,0.000326607967717,0.0672322497919,8.5377191651,5.37921459056e-06,0.00499524087196,5.23477601861,0.0529029383683,0.162299742144
gradient,1,0.18,0.189999997616,predicted,Actual proposal support boundary; monitored coordinates are pre-native endpoint forecast,True,50,-0.135240641242,0.491718397895,-0.0498915050888,-0.0603222793722,0.0168518477416,0.0444327214621,6.34447022752,6.40909712505,0.182349770658,-0.464844831733,1.96110253681,0.18544211095,0.271238620702,0.271286807829,0.258818604973,0.203636727763,4.53895232182,0.198947148177,0.699632825099,9.50864488725,8.04117852416e-08,0.000379686746673,8.85289199915,3.21177655265e-06,0.0027316692469,9.51258945474,4.07040771843e-08,0.000259163711613,8.20546106308,2.05018160763e-05,0.0107409480967,10.0155696352,3.80552339174e-09,5.70458627643e-05,9.03021088597,6.89832836636e-07,0.00134839547207,8.23316375529,4.04837221262e-06,0.00759075341578,9.18203408451,2.06454197612e-07,0.000775847104069,8.9606677621,1.38312606471e-06,0.00189992347759,8.64709470326,2.5076984535e-06,0.00338702991697,8.20438957077,1.66240608209e-05,0.0104967304621,8.53600641361,4.81458874148e-06,0.00466195429811,4.58504694697,0.182778936453,0.356755951307,8.39417777352,1.19509139822e-05,0.0077580739391,9.42080231851,6.82821776504e-08,0.000373463621835,5.37267064807,0.0508187060713,0.300777824818,7.28512624933,0.000337177257717,0.0676950448576,8.50515126864,5.88054737028e-06,0.00540949121179,5.21538344207,0.0538202121551,0.157410780414
gradient,1,0.19,0.199999988079,predicted,Actual proposal support boundary; monitored coordinates are pre-native endpoint forecast,True,50,-0.129631701598,0.474033349986,-0.0424981830978,-0.0916485068584,-0.0180454838538,0.0469754484688,6.51445018349,6.30379698665,0.209043829458,-0.482011222791,1.87561957753,0.185193878089,0.271020012269,0.270631069608,0.258480852916,0.201702580497,4.51392265251,0.200554920404,0.690570396209,9.49315061625,8.10378121326e-08,0.000388090572362,8.80872201936,3.86033703177e-06,0.00302830150087,9.54834867099,3.29328550595e-08,0.000229489412554,8.23620627572,1.70820344685e-05,0.0100206565375,10.0819746283,2.6503847669e-09,4.44187760196e-05,8.98763297756,8.14154464932e-07,0.00150914587098,8.24979300135,3.63257852681e-06,0.00718987509842,9.16599167868,2.31628771504e-07,0.000822017336246,8.91953149957,1.64540055818e-06,0.00211296350841,8.63369658351,2.66464546576e-06,0.00350681446547,8.22919466989,1.49962866874e-05,0.00993164305668,8.48301223714,5.82926458691e-06,0.00539406707426,4.59691844555,0.178077447525,0.350437259016,8.32960360552,1.55890700622e-05,0.00896750347599,9.46684830844,5.08429711787e-08,0.000313443200311,5.3044808746,0.0556010332363,0.29713289574,7.27519813898,0.000353200235307,0.0686458787141,8.47148442142,6.49691485447e-06,0.00587662275177,5.21240624371,0.0534869370742,0.15969140967
gradient,1,0.2,0.209999993443,predicted,Actual proposal support boundary; monitored coordinates are pre-native endpoint forecast,True,50,-0.129622871966,0.464135086354,-0.0333690427208,-0.0900326335812,-0.0366696727538,0.0454015153569,6.66617440095,6.16954732374,0.234691299017,-0.480604515656,1.90584847395,0.185776236467,0.270851278754,0.270880094484,0.258401903132,0.200497188756,4.51361579388,0.201101323842,0.688359278826,9.50304025049,7.36606864197e-08,0.000369779232401,8.77978677457,4.35535472293e-06,0.00324013375466,9.54982739614,3.15476001774e-08,0.000227197482232,8.26746452659,1.44096847616e-05,0.0093155718455,10.1662085008,1.59168753338e-09,3.17319742639e-05,8.95362775781,9.77214902069e-07,0.00167074993028,8.26200412462,3.41646205766e-06,0.00693770224396,9.16298424124,2.39233637144e-07,0.000831948595827,8.89784197494,1.84087306284e-06,0.00224312512661,8.63763772181,2.63286718757e-06,0.00346316004699,8.19851441951,1.71989182363e-05,0.0106939944061,8.45905586641,6.14860034233e-06,0.00570443601927,4.61491412772,0.174082786728,0.349995763474,8.29811462879,1.80325641699e-05,0.00960032336519,9.5239564058,3.59140972382e-08,0.000252041044021,5.28481075456,0.0571188703508,0.298196726483,7.27133051562,0.000357946701028,0.0691020117326,8.44847468459,7.29855707413e-06,0.00622745885951,5.22669367681,0.0522248667148,0.161404776877
gradient,1,0.21,0.219999998808,predicted,Actual proposal support boundary; monitored coordinates are pre-native endpoint forecast,True,50,-0.120779904927,0.429661625151,-0.0277789019012,-0.0784665459776,-0.0684540102148,0.0459069151627,6.75656633452,6.06551700653,0.247179906505,-0.474791598578,1.89077636908,0.186193151537,0.271355366448,0.270897022254,0.258752634966,0.199477926815,4.50647222917,0.201625149927,0.684524621189,9.47484231888,8.4982810224e-08,0.000402364070965,8.76022116261,4.77054503456e-06,0.00340067601824,9.53577200074,3.46699681346e-08,0.000241982751769,8.27389900624,1.36518009188e-05,0.00917616578974,10.2433320554,9.73574478185e-10,2.30032598174e-05,8.9431995282,1.04089284532e-06,0.00172590146889,8.26473872431,3.37344082944e-06,0.00687480645213,9.15699175668,2.45952689785e-07,0.000846706481561,8.90712687345,1.75135881956e-06,0.00218516962514,8.63787790438,2.7509398153e-06,0.00349179058176,8.18487745967,1.83804165237e-05,0.0110586167719,8.41856016216,7.47128991863e-06,0.00634940301525,4.62882714499,0.170586093141,0.34778792704,8.29078002326,1.87059659319e-05,0.00975842864566,9.56587240053,2.82098864507e-08,0.000215840557736,5.24180984237,0.0599258210327,0.299810359419,7.26759704291,0.000358764303858,0.0697899520496,8.43603506758,7.77477929326e-06,0.00642208281374,5.21577172016,0.052838640208,0.162709828792
gradient,1,0.22,0.229999989271,predicted,Actual proposal support boundary; monitored coordinates are pre-native endpoint forecast,True,50,-0.119703434881,0.414863945993,-0.0195715139771,-0.0857161188507,-0.0988643402123,0.0457021898418,6.75762345876,6.11864207834,0.265649543475,-0.488334275637,1.76845208568,0.185900209058,0.272570795176,0.265849910966,0.258842607027,0.201349221762,4.49544841321,0.203467905948,0.676329819408,9.3838553875,1.35545826759e-07,0.000528419228956,8.76443516417,4.67108280909e-06,0.00336485605034,9.54767357159,3.37235613151e-08,0.000237843663131,8.28121214319,1.30843010349e-05,0.00901247720152,10.2694556065,8.10532930524e-10,2.04267048324e-05,8.92810812585,1.14837519793e-06,0.00181347156717,8.26637537935,3.27931339207e-06,0.00681340971081,9.12973623347,2.77252700906e-07,0.000909470152529,8.89084195737,1.93303181497e-06,0.00229483675368,8.65181497998,2.48972567103e-06,0.00332797707437,8.17413078355,1.97513902848e-05,0.0114023457876,8.37751697383,9.36181561347e-06,0.00709897811748,4.63805868201,0.168468592936,0.34207320761,8.29106306499,1.88738731428e-05,0.00974738279435,9.58454289879,2.46264745602e-08,0.000198279947965,5.20492373762,0.06140733522,0.296440888789,7.2674631534,0.000358895846557,0.0696649707188,8.43183974556,8.03338695552e-06,0.00648994515556,5.19181630856,0.0551951422589,0.17320415886
gradient,1,0.23,0.239999994636,predicted,Actual proposal support boundary; monitored coordinates are pre-native endpoint forecast,True,50,-0.10697821907,0.379007156347,-0.00771496280671,-0.101436384358,-0.108011464801,0.0481533918596,6.75892697633,6.20593168989,0.316479056174,-0.510753576259,1.70233211645,0.184861906153,0.271842023883,0.263932845331,0.258663098815,0.202619387641,4.49148388279,0.206472547736,0.671546666926,9.30844402894,2.22140540325e-07,0.000685436593054,8.74217670203,5.16039726087e-06,0.00355045660217,9.58033693032,2.81329420151e-08,0.000212394431004,8.27273076256,1.34903311968e-05,0.00920939185295,10.2487847251,9.17452425505e-10,2.22222551086e-05,8.91551901606,1.24603031459e-06,0.00188828950341,8.28411541319,2.99356270103e-06,0.00645986631109,9.08712135786,3.3901646563e-07,0.00103346600191,8.88377806123,2.02923661274e-06,0.00234624425603,8.65291217201,2.46013431727e-06,0.00330162681565,8.1643775856,2.10536031427e-05,0.011682376055,8.34145836908,1.14785386269e-05,0.00779854879188,4.647320278,0.166862215722,0.341010115284,8.27828242982,2.01154898712e-05,0.0100141217055,9.57792523579,2.51220798881e-08,0.000201253084324,5.2274008322,0.0591576092145,0.293419112595,7.26610390185,0.000355185015396,0.0700854327688,8.42165030258,8.65679336578e-06,0.00664960507398,5.15498364476,0.0582495747188,0.173854501553
gradient,1,0.24,0.25,predicted,Actual proposal support boundary; monitored coordinates are pre-native endpoint forecast,True,50,-0.113947418073,0.369983200463,-0.00016131147385,-0.110776002445,-0.111154507127,0.0497267716713,6.78000959754,6.22116305412,0.347225848216,-0.518321632025,1.70551742668,0.184506332767,0.27139661463,0.263385164269,0.25847577164,0.20273196214,4.48873393578,0.208002913966,0.669584510683,9.30559533391,2.27784172278e-07,0.000692720021262,8.72385040345,5.59335274642e-06,0.00370731183128,9.59838495539,2.5368977894e-08,0.000199115862837,8.26956014622,1.37233603499e-05,0.00927981907494,10.2469700549,9.24605302003e-10,2.23385260952e-05,8.90817099954,1.28264533249e-06,0.00192310512041,8.29496021789,2.82904767122e-06,0.00625252059813,9.07139391612,3.66819894348e-07,0.00108498327568,8.87717685268,2.09753959591e-06,0.00238967351575,8.6513504488,2.47683437452e-06,0.00331460103992,8.15351277913,2.22410124163e-05,0.0119815723459,8.33155948297,1.20060900465e-05,0.00798497048218,4.65387601295,0.165350734075,0.340817114464,8.26482232164,2.12080528395e-05,0.0103111743281,9.580198092,2.4296863669e-08,0.000197673955339,5.24031172017,0.0580493455966,0.291827392342,7.26073820438,0.000360366053387,0.0708480043711,8.41486886811,8.90180371719e-06,0.00674567535987,5.15608897643,0.0583437026692,0.174082746032
gradient,1,0.25,0.259999990463,predicted,Actual proposal support boundary; monitored coordinates are pre-native endpoint forecast,True,50,-0.1186549482,0.39274860935,0.00544294372558,-0.125979512968,-0.1154889411,0.0500332427432,6.7908181676,6.22488734612,0.376517450208,-0.511237007397,1.70138465452,0.184405477647,0.271239914742,0.263178007323,0.258429185189,0.202581256095,4.48453529918,0.209379455465,0.668361560848,9.31341073039,2.19725152756e-07,0.000676566155734,8.70766224387,5.98969879243e-06,0.00384778969311,9.62542385424,2.15561083734e-08,0.000179650469401,8.26093454779,1.43467187822e-05,0.00947445301333,10.2435529397,9.44058609468e-10,2.26319642329e-05,8.90022031924,1.32574562709e-06,0.00196252555029,8.30018767389,2.75057054412e-06,0.00615330583965,9.0600461215,3.89506333056e-07,0.00112481191825,8.87004183333,2.15624054531e-06,0.00243264629814,8.64707049753,2.5235195506e-06,0.00335157706118,8.14092579903,2.38889818119e-05,0.0123428193123,8.33187076683,1.20149970176e-05,0.00798189982504,4.66574626466,0.163112966181,0.341686674848,8.249090206,2.25046131989e-05,0.0106672091438,9.57614899536,2.44594387594e-08,0.000199274761569,5.25883888614,0.056659924225,0.290526263936,7.25861345304,0.000360894956672,0.0712211242372,8.40973920022,9.0197374318e-06,0.00681485468206,5.15483354927,0.058440557785,0.173924551041
gradient,1,0.26,0.269999980927,predicted,Actual proposal support boundary; monitored coordinates are pre-native endpoint forecast,True,50,-0.116621905766,0.390978137986,0.00477606073379,-0.137537894883,-0.117437840726,0.0494251178964,6.78587841471,6.2259141379,0.389301407194,-0.503033520254,1.69824059013,0.18457332207,0.271113653609,0.263265822028,0.258444759469,0.202238523603,4.48462637019,0.209480230448,0.668520035314,9.32058991372,2.12919096482e-07,0.000662527085902,8.69723136151,6.27977559298e-06,0.00394406165613,9.64005159622,1.97162286622e-08,0.000169826932837,8.25416515168,1.49463974816e-05,0.00963149152369,10.2390759018,9.71378270294e-10,2.30553226927e-05,8.89838446601,1.35056286376e-06,0.0019755607459,8.29714676388,2.79486178689e-06,0.00620900191173,9.05946384583,3.91727967768e-07,0.00112794157574,8.86586386127,2.18611976806e-06,0.00245803883777,8.64307270879,2.57670343576e-06,0.00338615514621,8.13712559378,2.4516385336e-05,0.0124599341516,8.3400831032,1.16094281213e-05,0.00783045220655,4.66950682814,0.162291950491,0.341708963461,8.23765375948,2.35096710384e-05,0.0109361467663,9.57540622391,2.43176719601e-08,0.000198982500717,5.27007870553,0.0557995552414,0.289498705674,7.26137110066,0.000354604674263,0.0710104836122,8.41296771756,8.86192084353e-06,0.00674500836153,5.1527822185,0.0585768115131,0.173617201495
gradient,1,0.27,0.280000001192,predicted,Actual proposal support boundary; monitored coordinates are pre-native endpoint forecast,True,50,-0.117372483995,0.401232534126,0.00825934663772,-0.133868383803,-0.11395657989,0.0493812296356,6.79928032385,6.23849560262,0.392103802966,-0.506751240011,1.70814637833,0.184293428244,0.270917151068,0.262900931408,0.258411752958,0.202459135456,4.48464317607,0.209660035839,0.668411681172,9.32017173575,2.13394189799e-07,0.000663192572723,8.70334395254,6.0966223599e-06,0.00388580348816,9.64011920488,1.95853442735e-08,0.000169368966596,8.25556042314,1.48243303136e-05,0.0096026233756,10.2386181944,9.71695716941e-10,2.30717539896e-05,8.89354702189,1.39883602147e-06,0.00200937715588,8.30121553981,2.74872602335e-06,0.00613838824841,9.05506652419,4.00876031977e-07,0.00114358457271,8.86138310962,2.22619321412e-06,0.00248581052774,8.64416315036,2.58449699701e-06,0.00338012101503,8.12715023175,2.55973595413e-05,0.0127395424225,8.33183230654,1.20681614232e-05,0.00798862332055,4.67234005117,0.161869885709,0.342097457721,8.2352076498,2.38136215685e-05,0.0109896016183,9.57527862893,2.42409604614e-08,0.000198619034192,5.27336967133,0.0555931356146,0.289679403334,7.26030052002,0.000356362410495,0.0711211110292,8.41271771782,8.88401459009e-06,0.00676002301916,5.15515005007,0.0584748937858,0.17359418207
gradient,1,0.28,0.289999991655,predicted,Actual proposal support boundary; monitored coordinates are pre-native endpoint forecast,True,50,-0.110155062225,0.348025120786,0.0155089022255,-0.123252831736,-0.110036484029,0.0501430657697,6.80980084576,6.24677549796,0.394203703004,-0.514250375033,1.70904032847,0.18399237797,0.270805707255,0.262576443401,0.258408532807,0.202878224194,4.47900286343,0.210715046948,0.668067185822,9.31431922613,2.19773950304e-07,0.000675090922095,8.7195133735,5.67683052957e-06,0.00374059098052,9.63501466932,2.0196295578e-08,0.000172738034047,8.25943227397,1.45067934521e-05,0.00951306957157,10.2436396416,9.3961417596e-10,2.2562200014e-05,8.8964359166,1.37182164214e-06,0.00199239350847,8.31000766157,2.64176264442e-06,0.00598501363669,9.04605349535,4.19672393814e-07,0.00117555396445,8.85765064135,2.25589399518e-06,0.00250786995083,8.647636308,2.53058053536e-06,0.0033512030096,8.11646208008,2.6641063079e-05,0.0130358799447,8.31633219012,1.29082208341e-05,0.00828479376421,4.67644331742,0.161116785968,0.342784846379,8.24189159868,2.30768558607e-05,0.0108369730447,9.5756795483,2.40616756857e-08,0.000197746214111,5.27495259371,0.0555346871552,0.290384112642,7.25640293801,0.000363090951622,0.0715125597307,8.41789700426,8.60710280529e-06,0.00669163747677,5.15593217699,0.0584634904783,0.173662609245
gradient,1,0.29,0.299999982119,predicted,Actual proposal support boundary; monitored coordinates are pre-native endpoint forecast,True,50,-0.112169847326,0.335128529111,0.0171678401566,-0.11425980989,-0.109818457093,0.0509229159416,6.82372183229,6.24558818528,0.397731224248,-0.521121779983,1.7152411947,0.183737743142,0.270736372826,0.26254567126,0.258364175166,0.203090480034,4.47999012686,0.210547719092,0.667896173181,9.30817399374,2.26712450122e-07,0.000688017620979,8.72431228746,5.5486713344e-06,0.0036971047862,9.63005890752,2.05667319953e-08,0.000175098682343,8.26202080967,1.42295348193e-05,0.00944846095888,10.2555018953,8.69157127046e-10,2.14269766604e-05,8.89951975704,1.34117649128e-06,0.0019728537881,8.31343688153,2.60604520251e-06,0.00592637918913,9.04313461685,4.24145136756e-07,0.00118455119511,8.85980847149,2.23632940719e-06,0.0024933035448,8.6473844158,2.52865832661e-06,0.00335706482221,8.10762537321,2.76965309627e-05,0.0132919882979,8.30493577532,1.35958779746e-05,0.00851085107517,4.6756166361,0.16117625852,0.343023633429,8.24563562886,2.2724985182e-05,0.0107480809249,9.58506757268,2.25487584355e-08,0.000189972931488,5.27445860534,0.0556637236988,0.291533526856,7.25497327853,0.000366885858682,0.0715880577645,8.41459291953,8.73490654724e-06,0.00676220940352,5.15463285543,0.0585333519646,0.17368927695
gradient,1,0.3,0.310000002384,predicted,Actual proposal support boundary; monitored coordinates are pre-native endpoint forecast,True,50,-0.118671198251,0.414943426272,0.0156936647034,-0.106925779619,-0.103994412746,0.0511045938221,6.8646388385,6.2399183434,0.395546377699,-0.527410832913,1.72832610931,0.1833628163,0.270453171952,0.262220356554,0.258010296893,0.203490889515,4.486265055,0.209994071254,0.667098474271,9.30371556797,2.31681857094e-07,0.000697421143951,8.72502848803,5.4957925422e-06,0.00368421612864,9.6164808704,2.22419587657e-08,0.000184137328222,8.27237788344,1.34849081949e-05,0.00921388330853,10.2663704246,8.0825015499e-10,2.04276356534e-05,8.89649990202,1.35892868507e-06,0.0019887688509,8.31481555375,2.60938666712e-06,0.00591265023701,9.04553314624,4.20734196002e-07,0.00117688205451,8.85512561219,2.28465910272e-06,0.00252146284908,8.64470553256,2.55859313093e-06,0.0033827166661,8.10225576487,2.81550224929e-05,0.0134454863025,8.29726183522,1.40605824412e-05,0.00866412695426,4.67217365218,0.161922713228,0.343507660584,8.2392659629,2.34018828798e-05,0.010883293745,9.59313869084,2.1575936378e-08,0.000184399546645,5.26836416729,0.0561428630177,0.292464705822,7.25777471896,0.000365888771671,0.0710915616568,8.41098543568,8.90017676984e-06,0.00683393996231,5.15868155271,0.0582618522807,0.173685729752
gradient,1,0.31,0.319999992847,predicted,Actual proposal support boundary; monitored coordinates are pre-native endpoint forecast,True,50,-0.117905364573,0.405305457505,0.0145691849327,-0.0986772346878,-0.099568936553,0.0521884449692,6.88588371796,6.23714063206,0.399346783704,-0.532881278184,1.74843277939,0.183055835553,0.27041350392,0.262388402568,0.25779356181,0.203447859797,4.48892016106,0.209651876492,0.666593549027,9.30264311004,2.34472219472e-07,0.000700804744312,8.72481273308,5.48918266486e-06,0.00368372384881,9.60173145157,2.42345592399e-08,0.000194593987824,8.27712506897,1.31350896915e-05,0.00911127617883,10.2761403089,7.59108534899e-10,1.95951421454e-05,8.90137207397,1.31509759331e-06,0.00195796473463,8.31661809018,2.59187893174e-06,0.00588332801075,9.04333354823,4.28356666714e-07,0.0011870889362,8.85686940003,2.27488713488e-06,0.00251036554164,8.64201803774,2.57543542131e-06,0.00340799717079,8.09450381065,2.90211395108e-05,0.0136714785858,8.29070132724,1.45051468721e-05,0.00879882574025,4.67164105707,0.162175521343,0.344621300511,8.2402573998,2.33250013016e-05,0.0108546618522,9.5991102866,2.0935298834e-08,0.000180573321712,5.26858214728,0.0561559767764,0.293368161025,7.26075898088,0.000363088135796,0.070656000066,8.40994647404,8.97355512728e-06,0.00685817633229,5.16221491401,0.0580158929674,0.173563773038
gradient,1,0.32,0.329999983311,predicted,Actual proposal support boundary; monitored coordinates are pre-native endpoint forecast,True,50,-0.119130221617,0.412175573175,0.0128423143959,-0.0993114072466,-0.100363198843,0.053136285586,6.90060571592,6.23319652415,0.409777886573,-0.533134916778,1.75624398445,0.182825013069,0.270310473397,0.262541931311,0.257660145467,0.203438847305,4.49189621761,0.209436974294,0.665729318301,9.30052770954,2.38036464256e-07,0.000706449889899,8.71549468816,5.71441291399e-06,0.0037638053423,9.59959717489,2.45664074575e-08,0.000196250225854,8.27534069872,1.32251281095e-05,0.00914920145175,10.2830273868,7.25491677639e-10,1.90158725908e-05,8.90535793947,1.26837406951e-06,0.00192734714041,8.31707892538,2.58020542372e-06,0.00587285414165,9.04186380053,4.33541990002e-07,0.00119373895397,8.85925697512,2.2592197076e-06,0.00249510816165,8.63750852305,2.6051064352e-06,0.00344720771211,8.09112674742,2.95007940866e-05,0.0137749192604,8.28907645409,1.46283350567e-05,0.00883360166476,4.67203392787,0.162139437778,0.34512324964,8.23775758848,2.35431260402e-05,0.0109075476248,9.60313440772,2.04871062856e-08,0.000177959426095,5.26812304214,0.0561533178906,0.29320947043,7.26233507977,0.000361524180392,0.0704361062492,8.40451319107,9.17527865165e-06,0.00694717882504,5.16231297571,0.0579598932147,0.173519249502
gradient,1,0.33,0.340000003576,predicted,Actual proposal support boundary; monitored coordinates are pre-native endpoint forecast,True,50,-0.118318684508,0.395361452541,0.011197981987,-0.105476208367,-0.106822248425,0.0528686757641,6.89313410436,6.23259494472,0.411398589314,-0.527895214154,1.74439617159,0.182801688804,0.27033465406,0.262797172661,0.257713416511,0.20340763317,4.49409252512,0.209585484443,0.664570194805,9.29625332542,2.4328053566e-07,0.000716060120641,8.70855072111,5.89143248173e-06,0.00382471297436,9.60618156442,2.38890396308e-08,0.00019229497277,8.26961457768,1.35175452095e-05,0.0092702766581,10.2798600267,7.41745083348e-10,1.92949225434e-05,8.90405210948,1.25650866516e-06,0.0019265433876,8.31423059388,2.60811070919e-06,0.00591903724723,9.04122158689,4.38167858397e-07,0.001197928135,8.85934036062,2.28277472161e-06,0.00249906095339,8.64040292399,2.52960508633e-06,0.00340946243623,8.10009082421,2.83966377855e-05,0.0135110918044,8.29263379815,1.43981098507e-05,0.00875954791193,4.67223247484,0.162079401696,0.344746179777,8.24001650715,2.33423409786e-05,0.0108514001863,9.5995573959,2.11168543567e-08,0.000181254328599,5.26329453246,0.056423388804,0.292609574824,7.26328991373,0.000359448347473,0.0703578749891,8.39363659852,9.59364850489e-06,0.00713032776307,5.1581960003,0.058190327384,0.173770814749
gradient,1,0.34,0.34999999404,predicted,Actual proposal support boundary; monitored coordinates are pre-native endpoint forecast,True,50,-0.124616118141,0.395786183075,0.00775839344024,-0.105493658223,-0.106891826119,0.0524721368564,6.9028746605,6.23548726476,0.408773563033,-0.523184504294,1.75422418697,0.182699737619,0.270280231699,0.262726783552,0.257589784011,0.203428362388,4.49504937795,0.20901473137,0.663945884947,9.29380618155,2.46185618697e-07,0.000721605474851,8.7004247498,6.09736937087e-06,0.00389705497219,9.60425871691,2.39907851395e-08,0.000193060066807,8.27087918328,1.33989646715e-05,0.00924001573926,10.2789054559,7.47581824177e-10,1.93946540537e-05,8.90142335318,1.27216053475e-06,0.00194052698832,8.31071836464,2.65085708512e-06,0.00598032206585,9.0465039862,4.27276892726e-07,0.00117886501144,8.85999127462,2.29195518368e-06,0.00249786991966,8.64101067,2.50940122051e-06,0.00340092448461,8.10004771957,2.85068123419e-05,0.013514071474,8.29652286292,1.41693755569e-05,0.00868172080749,4.67073208434,0.162475985596,0.344906987038,8.23830963088,2.356101463e-05,0.0108866786062,9.60011934665,2.10555213838e-08,0.00018093899901,5.25683517265,0.0568799661427,0.292544360829,7.26606123777,0.000356107562147,0.0700075584789,8.38597624256,9.98161987195e-06,0.00726440918083,5.15674802804,0.0582113211097,0.173773381023
gradient,1,0.35,0.359999984503,predicted,Actual proposal support boundary; monitored coordinates are pre-native endpoint forecast,True,50,-0.118915512478,0.38184238661,0.00708849445343,-0.107646982708,-0.107412273016,0.0521723627054,6.90481316315,6.23391270001,0.40442127729,-0.520051325073,1.76048715594,0.182702386716,0.270292373369,0.262798267869,0.257518634844,0.203399543454,4.49408323018,0.209119284987,0.66350315181,9.29501275275,2.44417859823e-07,0.000719000396803,8.69800524453,6.14912458564e-06,0.00391705223515,9.60405797729,2.40068907461e-08,0.000193170178775,8.27151248823,1.3315265587e-05,0.00922204621001,10.2780861063,7.51808736452e-10,1.9469606078e-05,8.89889722256,1.28297681954e-06,0.00195229244104,8.31017936223,2.64712739709e-06,0.00598694552116,9.04990803505,4.19511300692e-07,0.00116603835118,8.85840007153,2.31973039081e-06,0.00251023915859,8.64309895977,2.46990182284e-06,0.00337802604558,8.10230414235,2.82155100753e-05,0.013448115059,8.30166221992,1.38344858873e-05,0.00857623470699,4.67080772953,0.162543891679,0.344936919688,8.23762737272,2.36786932636e-05,0.0108978951782,9.59814088753,2.13851096195e-08,0.000182606601175,5.25410957094,0.0570463261526,0.292154947315,7.26516054641,0.000357246528548,0.0701268991759,8.38067117071,1.02361119935e-05,0.00735824542598,5.15780716089,0.0580928234321,0.17376057818
gradient,1,0.36,0.370000004768,predicted,Actual proposal support boundary; monitored coordinates are pre-native endpoint forecast,True,50,-0.117485649689,0.386924560384,0.00885900512695,-0.0951745164776,-0.0983955279255,0.0512903547642,6.904618199,6.24260882985,0.401463720097,-0.518271627499,1.74185575073,0.18252567528,0.270149990879,0.26264881564,0.257577907882,0.203611681961,4.49398490732,0.209072827002,0.664746618545,9.28584814482,2.54303272318e-07,0.000738269238742,8.71576353812,5.70289469205e-06,0.00375976439963,9.60217553665,2.42758986776e-08,0.000194298721575,8.28282275168,1.26388041745e-05,0.00897826292764,10.2700638506,7.91377092478e-10,2.01369835221e-05,8.90577176058,1.25119821257e-06,0.00192000195094,8.31087755434,2.65899340561e-06,0.00598227003976,9.05161283112,4.16709477177e-07,0.00116037104354,8.854375827,2.33682660336e-06,0.0025323349738,8.64481435361,2.42810495034e-06,0.00336025760474,8.09737472906,2.86075984291e-05,0.013585453562,8.28746526003,1.47314435444e-05,0.0088675479502,4.67313290406,0.162366115627,0.346352980865,8.2440043955,2.28172766143e-05,0.0107635953725,9.59142869412,2.22773196662e-08,0.000187430633117,5.24407322215,0.0578658558394,0.292855643074,7.26794984842,0.000356945432842,0.0695967006998,8.3977758729,9.43822287786e-06,0.00706772264792,5.15941133796,0.0579786548869,0.173832504462
gradient,1,0.37,0.379999995232,predicted,Actual proposal support boundary; monitored coordinates are pre-native endpoint forecast,True,50,-0.119431601875,0.379348796982,0.00577071205139,-0.0979391128206,-0.0956238568091,0.0515670258794,6.91798111249,6.23718247254,0.403137109026,-0.511027707848,1.78418773573,0.182604471162,0.270238112575,0.262740750531,0.257241576839,0.203371208065,4.49634925433,0.209153029962,0.664030852646,9.29404858977,2.46439206593e-07,0.000721899743878,8.6951120579,6.24717209431e-06,0.00394706697669,9.59844544886,2.45360455881e-08,0.000196166482736,8.28578740691,1.24512619685e-05,0.00891593957904,10.2775057344,7.51922532073e-10,1.94791984206e-05,8.90694377015,1.22922230095e-06,0.00190635339951,8.31093078488,2.6252361246e-06,0.00597424226701,9.05990232462,3.98494744708e-07,0.00113058011804,8.85349296148,2.41797714078e-06,0.0025516837744,8.64664813641,2.37254809272e-06,0.00333430717257,8.09200031479,2.92410812526e-05,0.0137487522942,8.30487409754,1.35214782241e-05,0.00849939657355,4.67152055118,0.162792099666,0.346611068662,8.2392258723,2.36616555375e-05,0.0108532265248,9.59681257865,2.15463281108e-08,0.000183263081302,5.24260078331,0.0578411982892,0.291846500828,7.26984968923,0.000351947385701,0.0695328404138,8.3832668311,1.0283247482e-05,0.00731903893104,5.16344612904,0.0576581809072,0.173266521775
gradient,1,0.38,0.389999985695,predicted,Actual proposal support boundary; monitored coordinates are pre-native endpoint forecast,True,50,-0.122640921711,0.381813470287,0.00429466739654,-0.0992157739782,-0.092025575366,0.0511314434311,6.92350279092,6.2298413523,0.402924362327,-0.510102378301,1.77604090119,0.182625592871,0.270263041639,0.262804912057,0.257285895403,0.203300395344,4.49691330935,0.209317322842,0.664070548637,9.29411013194,2.46886210051e-07,0.00072208108991,8.69134361076,6.35351819812e-06,0.00398216053597,9.60244246323,2.38142808202e-08,0.000192685425611,8.29201411411,1.21046054833e-05,0.00878454139541,10.2755412074,7.61047786387e-10,1.9630049499e-05,8.90552306773,1.24242789541e-06,0.00191574808193,8.31020424838,2.63510414651e-06,0.00598991561491,9.0639300422,3.9032130145e-07,0.00111692768291,8.8486884393,2.47467641804e-06,0.00258406694945,8.64677928401,2.36170049207e-06,0.00332793625842,8.09335902512,2.9163165493e-05,0.0137088796768,8.30500259567,1.3505359423e-05,0.00849722133792,4.66865462785,0.163262664268,0.346716571161,8.23407246835,2.41865575886e-05,0.010970738091,9.59932895378,2.10006350202e-08,0.00018065953254,5.23858336534,0.0581104214047,0.291572732586,7.27422788456,0.000345258809913,0.069063463265,8.38342095693,1.03152479731e-05,0.00731796942238,5.16697809767,0.0574559918097,0.173087187836
gradient,1,0.39,0.399999976158,predicted,Actual proposal support boundary; monitored coordinates are pre-native endpoint forecast,True,50,-0.121276169753,0.389401142233,0.00309020772934,-0.109364616313,-0.0873742905521,0.0506451541633,6.91532865112,6.225111267,0.400891212673,-0.509671509202,1.75703164898,0.182673652356,0.270360120404,0.263025218984,0.257474535576,0.203176570691,4.49605773573,0.210027617573,0.664169232274,9.30161320476,2.37028143282e-07,0.000705457184033,8.68782650036,6.46176901658e-06,0.00401566568581,9.61340345187,2.2235433518e-08,0.000184609095448,8.29336114857,1.20690791579e-05,0.00875875538156,10.2654026926,8.10237117468e-10,2.04713361688e-05,8.90620345271,1.22831466881e-06,0.00190876372924,8.30978851152,2.64146875289e-06,0.00600099475164,9.06905607617,3.8034291251e-07,0.00109960372364,8.83950828278,2.56824527829e-06,0.00264313517622,8.64389247834,2.37231977651e-06,0.00334687143016,8.0993379274,2.86142750267e-05,0.0135358878656,8.31260234815,1.30710729417e-05,0.00834988806526,4.66554206109,0.163765939638,0.346457115959,8.2246769081,2.49791487541e-05,0.0111959769378,9.59719818051,2.10967618694e-08,0.000181410240791,5.24053282766,0.0579078516617,0.290230056572,7.27551001207,0.000342733463623,0.0689630383799,8.38656484775,1.00846449931e-05,0.00726399637493,5.17171967105,0.0571085880296,0.172816974667
gradient,1,0.4,0.409999996424,predicted,Actual proposal support boundary; monitored coordinates are pre-native endpoint forecast,True,50,-0.117455015676,0.27614067696,0.00017287269592,-0.116483383217,-0.0879416635895,0.0495109182641,6.90962688739,6.22705458473,0.391656954902,-0.504105255456,1.75858957373,0.182709730586,0.270409508227,0.263110804986,0.257498066357,0.203141985206,4.49744162586,0.209769092805,0.66408771636,9.30635207055,2.31377228151e-07,0.000695265356245,8.68331617101,6.59817723936e-06,0.00405840100883,9.61594635538,2.19883439942e-08,0.000183135322132,8.29046846079,1.22387652481e-05,0.00881858142211,10.2583530139,8.49034977009e-10,2.11121739416e-05,8.90159746013,1.25025422652e-06,0.00193162606455,8.30490412494,2.7118152788e-06,0.0060926099132,9.07696605743,3.63912658518e-07,0.00107183940973,8.83707800334,2.59968071159e-06,0.00266002611527,8.64673891612,2.31550471731e-06,0.00331085615363,8.10708365772,2.76941991254e-05,0.0133095708708,8.32299602266,1.24807647213e-05,0.0081483541901,4.66344503674,0.164174974861,0.34614456183,8.22410944658,2.49835070035e-05,0.0112109449365,9.59404045649,2.15446839188e-08,0.000183870221806,5.24006232034,0.0579157500884,0.289672264809,7.27629651156,0.000341828916985,0.0688598105049,8.38185304773,1.02725828746e-05,0.00734418411877,5.17147307613,0.0571268013013,0.172629346491
gradient,1,0.41,0.419999986887,predicted,Actual proposal support boundary; monitored coordinates are pre-native endpoint forecast,True,50,-0.119137978663,0.312580324461,0.00391216531753,-0.11029204134,-0.0794604739809,0.0497225143794,6.89264793692,6.256845668,0.384074160782,-0.506933694822,1.74809081669,0.182506049768,0.270204031498,0.262789592193,0.257474161581,0.203495923941,4.49166541076,0.210319264794,0.664910163392,9.30395300612,2.34313364966e-07,0.000700256509205,8.69739303822,6.23322509993e-06,0.00393222261165,9.61288722736,2.25400150268e-08,0.000185532818077,8.29295498355,1.2164759071e-05,0.00877112242633,10.2392810059,9.63472158406e-10,2.2932177633e-05,8.91060977544,1.19754892371e-06,0.00188363203502,8.30916157859,2.65369135936e-06,0.00601736177659,9.07288420107,3.72358643548e-07,0.00108602500737,8.83556422634,2.6018412869e-06,0.00266743166521,8.64719068886,2.31412494084e-06,0.00331326447689,8.10628317935,2.75899268392e-05,0.0133245061601,8.31989440693,1.26422312225e-05,0.00820876584311,4.66631316951,0.163999732699,0.346694645304,8.2300552567,2.42432211154e-05,0.0110791849464,9.5788101995,2.36712366671e-08,0.000195327142845,5.23873433133,0.0580495700767,0.289491177066,7.27288369445,0.000347379546699,0.0692172099572,8.39759166657,9.55487384462e-06,0.00707471531302,5.17088941896,0.0571749575707,0.172695746282
gradient,1,0.42,0.42999997735,predicted,Actual proposal support boundary; monitored coordinates are pre-native endpoint forecast,True,50,-0.131543788443,0.37539658163,0.00127147212982,-0.117748086491,-0.0830316123629,0.0493343732303,6.88015179901,6.27803768932,0.381452330795,-0.505057495148,1.73825423068,0.182362487666,0.270032894522,0.262537610528,0.257520451538,0.203778447504,4.49214789802,0.209960105173,0.664077109565,9.30132276083,2.37972386837e-07,0.000706175076876,8.69235473618,6.38464784795e-06,0.003979558758,9.61835078369,2.19682599714e-08,0.000182187443273,8.28429440887,1.26235732642e-05,0.00895205156218,10.2287036453,1.03241934541e-09,2.39932750049e-05,8.90719749598,1.22038231817e-06,0.00190266378611,8.30518409339,2.69631537892e-06,0.0060867113447,9.07228267313,3.73812466321e-07,0.00108853377874,8.8375803392,2.56655284889e-06,0.00265117661047,8.64674311148,2.3153120601e-06,0.00331368020983,8.1160517044,2.65028278346e-05,0.0130434200327,8.32780709495,1.22033596978e-05,0.00805826592324,4.66367369503,0.164488935451,0.345582338965,8.22994367299,2.41565066603e-05,0.011086527427,9.57338120102,2.44630473666e-08,0.000199585109249,5.2362485017,0.0581347552083,0.28846367429,7.27472182842,0.00034347504763,0.0690779260526,8.39192322965,9.73452663365e-06,0.00716932549219,5.1644643743,0.0576281663867,0.172856302112
gradient,1,0.43,0.439999997616,predicted,Actual proposal support boundary; monitored coordinates are pre-native endpoint forecast,True,50,-0.129418368626,0.358437740479,0.00123705640793,-0.123738966026,-0.0881156721973,0.0489197296164,6.86850353215,6.28995192408,0.383884943879,-0.502651735403,1.72605404278,0.182318998317,0.269987857251,0.262467991643,0.257575396729,0.203918623864,4.49244461988,0.209823929973,0.663815132049,9.30114934427,2.38798629806e-07,0.000706875239452,8.69149416626,6.40666524754e-06,0.00398663520185,9.62773513074,2.07236903439e-08,0.000175588260364,8.27397120237,1.32437785638e-05,0.00917318028213,10.2233907046,1.07132598416e-09,2.4564453989e-05,8.90406799775,1.2408317058e-06,0.00192035954609,8.30286332293,2.72548464794e-06,0.00612769369258,9.06904611564,3.7893363036e-07,0.00109864238257,8.83721404829,2.56295080814e-06,0.00265211875912,8.64589158025,2.33061650449e-06,0.00332122538528,8.11907122202,2.62591626326e-05,0.0129617532533,8.33243975816,1.19630315465e-05,0.0079713735321,4.66490511976,0.164197540133,0.345185705386,8.22799587042,2.43365044252e-05,0.0111332821423,9.57006597825,2.49322315453e-08,0.000202174559855,5.24188088646,0.0577364903086,0.288243959853,7.27431035578,0.000343261787707,0.0691574891189,8.38882502448,9.81329268905e-06,0.0072216490853,5.15775719906,0.0581077621107,0.173014023092
gradient,1,0.44,0.449999988079,predicted,Actual proposal support boundary; monitored coordinates are pre-native endpoint forecast,True,50,-0.129949276175,0.361587204036,0.00364074483871,-0.117249494829,-0.0869333616161,0.0491135072467,6.86916726576,6.29314440576,0.389896706863,-0.502230824997,1.72355880274,0.182302737604,0.269921617981,0.262381989043,0.257509230196,0.203963238086,4.49248086186,0.20993630667,0.664259550295,9.29717029394,2.43645472639e-07,0.00071542810218,8.69622597617,6.28493128738e-06,0.00394468285446,9.62741398403,2.07369228805e-08,0.000175629584836,8.27582651274,1.31672006809e-05,0.00913275292556,10.2246622401,1.06409959785e-09,2.44498589097e-05,8.90967137167,1.20936062337e-06,0.00189047297463,8.30497493605,2.70004695077e-06,0.00608989077152,9.06441787682,3.87620018445e-07,0.0011145257043,8.83700559145,2.56710549133e-06,0.00265445972047,8.64727184619,2.30860602447e-06,0.0033095179914,8.11145511117,2.70999484132e-05,0.0131788673991,8.32554160683,1.2314345492e-05,0.00810006821769,4.66793077591,0.163693200842,0.345769991849,8.2311047256,2.40077228696e-05,0.011062044477,9.56972266654,2.49845868837e-08,0.000202455394712,5.24313965983,0.0576991035365,0.288862357583,7.27539368552,0.00034156504511,0.069039756754,8.395083233,9.56672643943e-06,0.00711437727211,5.15626052143,0.0582433932321,0.173077373044
gradient,1,0.45,0.459999978542,predicted,Actual proposal support boundary; monitored coordinates are pre-native endpoint forecast,True,50,-0.129311041868,0.360492615306,0.00729864612579,-0.103742759564,-0.0827986020112,0.0483821972011,6.85893074493,6.30170008047,0.380327221019,-0.50458356519,1.71498967337,0.182282922694,0.269897123669,0.262354828864,0.257575333583,0.204045115923,4.49349636551,0.209829255278,0.665949985099,9.29035558827,2.51830590711e-07,0.000730154175171,8.71870776653,5.73135395351e-06,0.00374848713945,9.62084502946,2.14724214271e-08,0.000179633547166,8.27879431695,1.30179949073e-05,0.00907104285167,10.228204197,1.03888592001e-09,2.40642322369e-05,8.92093431049,1.14586494134e-06,0.00183175076588,8.30713587172,2.67737201302e-06,0.00605357057102,9.06122148921,3.92997149256e-07,0.00112465557303,8.83197379023,2.62744155564e-06,0.00269014150952,8.65384507382,2.21728998306e-06,0.00324820834556,8.10198688318,2.81016345925e-05,0.0134517665558,8.31641764119,1.28003882481e-05,0.00827344185473,4.67036661997,0.163393282312,0.346430828308,8.24345050557,2.27242725666e-05,0.0107831230742,9.57058015876,2.48824663622e-08,0.000201802004743,5.24064038977,0.0579747901156,0.289918104165,7.27540881212,0.00034138101247,0.0690473317897,8.41310290459,8.79064344156e-06,0.00681416799718,5.1531749985,0.0584451577403,0.173249440528
gradient,1,0.46,0.469999998808,predicted,Actual proposal support boundary; monitored coordinates are pre-native endpoint forecast,True,50,-0.136945709547,0.352720784447,0.0016024495697,-0.0970582884932,-0.086916536417,0.0481503929024,6.86587576307,6.29777956249,0.374984638164,-0.507603047325,1.72114401819,0.182312315985,0.269900035389,0.262323911808,0.257498333199,0.204030234874,4.50200144387,0.207889008246,0.66642545315,9.28480979781,2.59357970075e-07,0.000742692802276,8.71987473084,5.70169379166e-06,0.00373795289396,9.60827910035,2.30505849864e-08,0.000188034141562,8.27611350398,1.31530098117e-05,0.00912873364767,10.2417053548,9.54600292317e-10,2.27480902902e-05,8.9233335873,1.14083637537e-06,0.00182235005744,8.30081334446,2.76040695077e-06,0.00616538427999,9.06336215966,3.88769843607e-07,0.00111722619104,8.83737168501,2.56431690118e-06,0.00265348364479,8.65255014013,2.23362230194e-06,0.00326071567466,8.10291471393,2.79727476823e-05,0.0134250935886,8.31803230178,1.26899382087e-05,0.00823825561121,4.66456652663,0.164351749673,0.345872019381,8.24724098956,2.240334933e-05,0.0106956013416,9.58306878081,2.31942234028e-08,0.000192881115678,5.2357301879,0.0584031278301,0.291292868149,7.28079167666,0.000334472922221,0.0684039644194,8.41269323308,8.83119317441e-06,0.00682158043497,5.14650060866,0.0588833621004,0.173453116703
gradient,1,0.47,0.479999989271,predicted,Actual proposal support boundary; monitored coordinates are pre-native endpoint forecast,True,50,-0.137222913437,0.366782851184,-0.000663356628422,-0.0815014040852,-0.0822207942867,0.0469408297996,6.86630310327,6.29715884172,0.376062823545,-0.496622334934,1.72706071611,0.182443529438,0.269958803564,0.262328341321,0.257431285846,0.203916646981,4.50384677784,0.206978261782,0.667630501443,9.27366890631,2.75006988126e-07,0.000769105520947,8.73186339706,5.40334622735e-06,0.00363351356432,9.60531996206,2.29666627645e-08,0.000188219769096,8.28592344687,1.25649022805e-05,0.00892055460862,10.2454034462,9.33085513306e-10,2.2411294834e-05,8.92997774665,1.12711285475e-06,0.0017971451881,8.29707658452,2.81835703692e-06,0.00623423472223,9.07204594657,3.69537256085e-07,0.00108539634832,8.84522075716,2.47859314544e-06,0.00260190862855,8.65220960127,2.25393797445e-06,0.00327034243292,8.08921703847,2.98026750059e-05,0.0138308641834,8.30897700266,1.32428556215e-05,0.00841743840975,4.66700184238,0.164218360902,0.347390747756,8.25788646283,2.15249664961e-05,0.0104528219969,9.58516536048,2.28618494482e-08,0.000191197189723,5.22269194669,0.0594757233544,0.292598765607,7.28873416556,0.000325315919214,0.067417523641,8.41973487988,8.63512109322e-06,0.00671009411,5.14543229091,0.0589032788407,0.173394675329
gradient,1,0.48,0.489999979734,predicted,Actual proposal support boundary; monitored coordinates are pre-native endpoint forecast,True,50,-0.144751753559,0.460527326816,-0.00168266519547,-0.0711918080235,-0.0785216030741,0.0465860596077,6.86988086572,6.29919318173,0.378873204267,-0.492923433393,1.73001678899,0.1824031727,0.269955675659,0.262305394515,0.257393384406,0.20386508547,4.50718965778,0.206509366031,0.668086812458,9.26709823077,2.84240175609e-07,0.000784670574882,8.73812061101,5.26644856562e-06,0.00358225584076,9.59885479862,2.39253999122e-08,0.000192891518246,8.29199166729,1.22117546638e-05,0.00879373746847,10.2490042946,9.11585821434e-10,2.2062220594e-05,8.93737868138,1.09393931217e-06,0.00176296003755,8.29562928472,2.84171381834e-06,0.00626226789497,9.07495255016,3.64238678267e-07,0.00107564495582,8.84967839555,2.42183278979e-06,0.00257112377702,8.64966317267,2.29810511859e-06,0.00330043921326,8.08134862519,3.07231936523e-05,0.0140672957734,8.30277579712,1.35919468218e-05,0.00853828764391,4.66850980281,0.164085045612,0.348210246076,8.26280273627,2.10552659323e-05,0.0103467390752,9.58679772275,2.26949189473e-08,0.000190218367941,5.21481047106,0.0600948488336,0.293219942207,7.29341574066,0.000319765932389,0.066862794933,8.42689986485,8.36926735828e-06,0.00659679900798,5.14502276516,0.0588946658299,0.173438528164
gradient,1,0.49,0.5,predicted,Actual proposal support boundary; monitored coordinates are pre-native endpoint forecast,True,50,-0.141591662616,0.462117231217,-0.00427394374848,-0.0660998133206,-0.0782096854115,0.0461910265182,6.87133967848,6.29876987706,0.378281456821,-0.490015360366,1.72782570087,0.18236769437,0.269952565159,0.262345198558,0.257419238443,0.203818446762,4.51088924873,0.20570191818,0.668465801889,9.26197371773,2.90823087128e-07,0.000796489575223,8.73962310988,5.24115419563e-06,0.00357126608359,9.59581423272,2.42934339673e-08,0.000194745537546,8.29506723027,1.2010789942e-05,0.00872821236998,10.2507317455,9.02496270933e-10,2.190642243e-05,8.94161426504,1.07420122132e-06,0.00174285511397,8.29230239985,2.88692011363e-06,0.00632286749291,9.07755263293,3.59916901414e-07,0.00106739909514,8.84983253098,2.43256053314e-06,0.00257313281037,8.65121931348,2.26523039632e-06,0.00328230637234,8.08033327863,3.08687238659e-05,0.0140986172044,8.29894392773,1.38362723391e-05,0.00861640166331,4.66707288445,0.164387506806,0.348331309137,8.26655372795,2.07265640505e-05,0.0102647304497,9.58938984602,2.23520501237e-08,0.000188427358581,5.20764522007,0.0606578696503,0.293709833097,7.29906601585,0.000312185337972,0.0662443475317,8.42808670478,8.3339807487e-06,0.00657906312297,5.14397915173,0.0589274261236,0.173577632627
