arm,batch,time,state_time,monitored_coordinate_view,state_time_semantics,within_control_state_window,n_available,mean_reward,mean_standardized_residual,global_centroid_x,global_centroid_y,global_centroid_z,shape_xx,shape_yy,shape_zz,shape_xy,shape_xz,shape_yz,pair_kernel_1.5,pair_kernel_2.5,pair_kernel_3.5,pair_kernel_5.0,pair_kernel_7.0,landmark_00_softmin,landmark_00_occupancy3,landmark_00_occupancy5,landmark_01_softmin,landmark_01_occupancy3,landmark_01_occupancy5,landmark_02_softmin,landmark_02_occupancy3,landmark_02_occupancy5,landmark_03_softmin,landmark_03_occupancy3,landmark_03_occupancy5,landmark_04_softmin,landmark_04_occupancy3,landmark_04_occupancy5,landmark_05_softmin,landmark_05_occupancy3,landmark_05_occupancy5,landmark_06_softmin,landmark_06_occupancy3,landmark_06_occupancy5,landmark_07_softmin,landmark_07_occupancy3,landmark_07_occupancy5,landmark_08_softmin,landmark_08_occupancy3,landmark_08_occupancy5,landmark_09_softmin,landmark_09_occupancy3,landmark_09_occupancy5,landmark_10_softmin,landmark_10_occupancy3,landmark_10_occupancy5,landmark_11_softmin,landmark_11_occupancy3,landmark_11_occupancy5,landmark_12_softmin,landmark_12_occupancy3,landmark_12_occupancy5,landmark_13_softmin,landmark_13_occupancy3,landmark_13_occupancy5,landmark_14_softmin,landmark_14_occupancy3,landmark_14_occupancy5,landmark_15_softmin,landmark_15_occupancy3,landmark_15_occupancy5,landmark_16_softmin,landmark_16_occupancy3,landmark_16_occupancy5,landmark_17_softmin,landmark_17_occupancy3,landmark_17_occupancy5,landmark_18_softmin,landmark_18_occupancy3,landmark_18_occupancy5,landmark_19_softmin,landmark_19_occupancy3,landmark_19_occupancy5,d_dt_mean_reward,d_dt_mean_standardized_residual,d_dt_global_centroid_x,d_dt_global_centroid_y,d_dt_global_centroid_z,d_dt_shape_xx,d_dt_shape_yy,d_dt_shape_zz,d_dt_shape_xy,d_dt_shape_xz,d_dt_shape_yz,d_dt_pair_kernel_1.5,d_dt_pair_kernel_2.5,d_dt_pair_kernel_3.5,d_dt_pair_kernel_5.0,d_dt_pair_kernel_7.0,d_dt_landmark_00_softmin,d_dt_landmark_00_occupancy3,d_dt_landmark_00_occupancy5,d_dt_landmark_01_softmin,d_dt_landmark_01_occupancy3,d_dt_landmark_01_occupancy5,d_dt_landmark_02_softmin,d_dt_landmark_02_occupancy3,d_dt_landmark_02_occupancy5,d_dt_landmark_03_softmin,d_dt_landmark_03_occupancy3,d_dt_landmark_03_occupancy5,d_dt_landmark_04_softmin,d_dt_landmark_04_occupancy3,d_dt_landmark_04_occupancy5,d_dt_landmark_05_softmin,d_dt_landmark_05_occupancy3,d_dt_landmark_05_occupancy5,d_dt_landmark_06_softmin,d_dt_landmark_06_occupancy3,d_dt_landmark_06_occupancy5,d_dt_landmark_07_softmin,d_dt_landmark_07_occupancy3,d_dt_landmark_07_occupancy5,d_dt_landmark_08_softmin,d_dt_landmark_08_occupancy3,d_dt_landmark_08_occupancy5,d_dt_landmark_09_softmin,d_dt_landmark_09_occupancy3,d_dt_landmark_09_occupancy5,d_dt_landmark_10_softmin,d_dt_landmark_10_occupancy3,d_dt_landmark_10_occupancy5,d_dt_landmark_11_softmin,d_dt_landmark_11_occupancy3,d_dt_landmark_11_occupancy5,d_dt_landmark_12_softmin,d_dt_landmark_12_occupancy3,d_dt_landmark_12_occupancy5,d_dt_landmark_13_softmin,d_dt_landmark_13_occupancy3,d_dt_landmark_13_occupancy5,d_dt_landmark_14_softmin,d_dt_landmark_14_occupancy3,d_dt_landmark_14_occupancy5,d_dt_landmark_15_softmin,d_dt_landmark_15_occupancy3,d_dt_landmark_15_occupancy5,d_dt_landmark_16_softmin,d_dt_landmark_16_occupancy3,d_dt_landmark_16_occupancy5,d_dt_landmark_17_softmin,d_dt_landmark_17_occupancy3,d_dt_landmark_17_occupancy5,d_dt_landmark_18_softmin,d_dt_landmark_18_occupancy3,d_dt_landmark_18_occupancy5,d_dt_landmark_19_softmin,d_dt_landmark_19_occupancy3,d_dt_landmark_19_occupancy5
unguided,26,0,0.00999999977648,predicted,Actual proposal support boundary; monitored coordinates are pre-native endpoint forecast,True,50,-0.286987323533,0.773134575698,-0.137972743359,-0.031237435379,0.328960712824,0.0367487129427,5.72395573332,6.57190080708,0.189287050006,-0.43491396932,1.68470295083,0.182529090135,0.269790163637,0.285346206999,0.275097412792,0.206441386124,4.62245157423,0.194203173955,0.73726098547,9.7596914471,1.91441374203e-08,0.000158955251907,9.30807186122,2.19583318804e-07,0.000684646235233,9.4983129088,2.73392439075e-08,0.000237959437048,8.28098732203,1.81500946262e-05,0.00918896559123,9.74242319054,1.97630923889e-08,0.000151975721647,9.36372749952,1.50344773501e-07,0.000510890322325,8.17996949614,5.72511954693e-06,0.00905661846454,9.36552623501,8.1900210547e-08,0.000422943025007,9.05092549479,8.78860618006e-07,0.00145049822003,8.45596731596,4.57034398492e-06,0.00543584698126,8.22810304299,1.3113892385e-05,0.00970778005449,8.67649459448,2.03007893987e-06,0.00318328615414,4.51551510561,0.200406023066,0.39665017014,8.47395547063,1.53466288759e-05,0.00634485800527,9.35140244471,7.89670444467e-08,0.000421732253223,5.39500316519,0.0487295675035,0.285931272386,7.42499448411,0.000219390883744,0.0513329308334,8.72810237722,3.35618118705e-06,0.00322991910478,5.39242007825,0.0393024498646,0.165641170337,4.66654917776,-7.7605497548,3.21926426887,0.228374242782,-5.25114804506,0.350573995822,-31.9545941201,-19.018268589,-15.4262968307,-0.13224895893,11.7997926364,1.07793887846,0.315536321635,0.475970076033,-0.0398979869689,-0.122188764373,-3.72387605021,1.25442031968,0.646202510527,11.1308703806,-9.61319971465e-07,-0.00554269855854,10.4691657648,-7.18797545403e-06,-0.0178840207331,-7.86847885512,2.01973451588e-06,0.00934462241559,-3.62839974417,0.000151548383986,0.0857109285288,-5.20962355359,1.05277226929e-06,0.00431212959255,4.02387789743,-5.31716925247e-06,-0.0100637774992,1.75075179325,-3.90919111549e-05,-0.0461865980066,-1.63039000696,9.1899327434e-07,0.00214573593412,16.6541180794,-5.65674365047e-05,-0.0616280485661,14.3045294003,-0.00023579469069,-0.182448878316,6.31456918832,-0.000291928382636,-0.144614253873,7.73708765201,-5.0686899455e-05,-0.0663380455414,-0.0986228167508,0.171554713449,-1.01214341293,31.6792906989,-0.00122086283591,-0.339941569567,-9.14879998707,9.20404778509e-06,0.0214556278449,11.5599703161,-0.819491385967,0.867472967076,-4.69020603525,0.00212103323039,0.551404133295,7.28394656297,-0.000149328526718,-0.0706530202323,4.26958993109,-0.153283631383,-0.000933881569268
unguided,26,0.01,0.019999999553,predicted,Actual proposal support boundary; monitored coordinates are pre-native endpoint forecast,True,50,-0.240321831756,0.69552907815,-0.10578010067,-0.0289536929512,0.276449232373,0.040254452901,5.40440979212,6.38171812119,0.0350240816987,-0.436236458909,1.80270087719,0.19330847892,0.272945526854,0.290105907759,0.274698432922,0.20521949848,4.58521281373,0.206747377152,0.743723010575,9.8710001509,9.53093770568e-09,0.000103528266321,9.41276351887,1.47703564263e-07,0.000505806027902,9.41962812025,4.75365890663e-08,0.000331405661204,8.24470332459,1.96655784661e-05,0.0100460748765,9.690326955,3.02908150819e-08,0.000195097017572,9.40396627849,9.71730809763e-08,0.000410252547333,8.19747701407,5.33420043538e-06,0.00859475248447,9.34922233494,9.10901432904e-08,0.000444400384349,9.21746667559,3.13186252959e-07,0.000834217734365,8.59901260996,2.21239707802e-06,0.00361135819811,8.29124873487,1.01946085586e-05,0.00826163751576,8.753865471,1.52320994532e-06,0.00251990569873,4.51452887744,0.202121570201,0.386528736011,8.79074837762,3.1380005168e-06,0.0029454423096,9.25991444484,1.71007522298e-07,0.000636288531672,5.51060286835,0.0405346536439,0.294606002057,7.37809242376,0.000240601216048,0.0568469721664,8.80094184285,1.86289591987e-06,0.00252338890246,5.43511597756,0.0377696135507,0.165631831522,3.42771387347,-5.37158657405,1.91376245022,2.48684477806,-4.35838755965,0.623122861312,-6.2725192327,0.85429641048,-8.9553579232,-2.67056200968,18.0311347001,0.464043631544,-0.188361542515,-0.157155043373,-0.435364213007,0.272455745864,-0.453818956588,0.14947050371,-0.0842199302523,3.58511689849,-3.44927873685e-07,-0.00199140210445,-0.66240615295,5.30334698953e-06,0.00449531142544,-9.16361162922,3.36788546719e-06,0.0126597203998,-3.91905423382,0.000193315749055,0.0924856365897,-3.90474578027,9.54804583336e-07,0.00356143615433,-0.490532843055,-1.42344132263e-06,-0.00161353402048,1.1866136522,-2.98343575816e-05,-0.0310859780413,-2.97946560066,1.46708562123e-06,0.00420768974468,9.66197324452,-3.12872709452e-05,-0.0349188208845,9.34241356212,-0.000138158211169,-0.10990536075,1.57284291624,-0.000100918729728,-0.0398584445378,2.035523572,-7.0543741017e-06,-0.0176333544303,-0.451089001924,0.248432228706,-1.18853618891,16.2803611013,-0.000643994146992,-0.176247007541,-5.55660870732,6.98881968815e-06,0.014468070562,5.52995709359,-0.398753753708,0.718976030384,-3.6689914973,0.00212158421349,0.432836540605,1.75597203262,-6.5034131821e-05,-0.0234919464999,0.160077614568,0.0517658036972,0.196916797805
unguided,26,0.02,0.0299999993294,predicted,Actual proposal support boundary; monitored coordinates are pre-native endpoint forecast,True,50,-0.218433046064,0.665702844217,-0.0996974943542,0.0184994601822,0.241792961631,0.049211170169,5.59850534867,6.58898673529,0.0101798915419,-0.488325209514,2.04532564483,0.191809962766,0.266022932787,0.282203106131,0.266390128532,0.211890501041,4.6133751951,0.197192584029,0.735576586865,9.83139378507,1.22455799466e-08,0.000119127209818,9.29482373816,3.25650258594e-07,0.000774552463742,9.31504067622,9.46969532514e-08,0.000491153845044,8.20260623735,2.20164096073e-05,0.011038678323,9.66432827493,3.88591840556e-08,0.000223204444733,9.35391684266,1.21875947048e-07,0.000478619641915,8.20370176919,5.1284323953e-06,0.00843489890371,9.305936923,1.11241922972e-07,0.000507096819901,9.24416495969,2.53115199102e-07,0.000752121802336,8.6428155872,1.80717976155e-06,0.00323773976626,8.25955990131,1.10955177904e-05,0.00891061116374,8.71720506592,1.88899145783e-06,0.00283061906554,4.50649332557,0.20537466764,0.372879446362,8.79956269265,2.46674593608e-06,0.00281991785446,9.24027027056,2.1874343821e-07,0.000711093664464,5.50560230706,0.0407544924294,0.300310792994,7.35161465416,0.000261822568014,0.0599896616455,8.76322181787,2.05549855063e-06,0.00276008017478,5.39562163054,0.0403377659385,0.169579506293,2.06031507495,-3.38357110166,0.0423109531404,4.20483994484,-2.3952434659,0.734852152284,20.1161011907,19.4943319039,-1.26149520601,-4.50901206298,19.8146613618,-0.218609848009,-0.52865221348,-0.833864096358,-0.739706172685,0.513337637109,2.63595159206,-0.892926038313,-0.864491704121,-5.98809261717,5.04275296589e-07,0.00271264250721,-12.2599333814,2.69955939054e-05,0.0331366394588,-8.66812401329,5.1737282658e-06,0.0149660634312,-2.55438699694,0.000149114424658,0.0595750545658,-3.02430164105,1.15567120427e-06,0.00347287283498,-5.50822844052,3.81345551615e-06,0.00905562724399,0.453979745635,-1.66210389868e-05,-0.0118358096299,-3.45888519861,1.5787407418e-06,0.0051026850831,2.23542405022,-5.43670850924e-06,-0.00711003774919,3.0785507012,-2.73460521609e-05,-0.0249984153756,-2.7137541764,7.31205049682e-05,0.0579822327318,-4.34118465552,5.01616277147e-05,0.0402524191185,-0.793400173058,0.359780332762,-1.10010554547,-0.650678513752,-4.43587071787e-05,0.000129626744804,-1.42730937591,4.23087249704e-06,0.00600797258255,-2.62871452624,0.147208909961,0.394463301445,-1.41702041701,0.00120046808176,0.170758522098,-4.00789954851,3.42687409668e-05,0.028967974138,-4.1863540688,0.275673447789,0.371702035267
unguided,26,0.03,0.0399999991059,predicted,Actual proposal support boundary; monitored coordinates are pre-native endpoint forecast,True,50,-0.199115530257,0.627857656117,-0.104933881607,0.0551431059456,0.228544363055,0.0549514959466,5.80673181593,6.77160475926,0.00979417757844,-0.526416700169,2.19899410443,0.18893628196,0.262372482584,0.273428625832,0.259904309469,0.215486251222,4.63793184557,0.188888856385,0.726433176493,9.75123829856,1.96164436375e-08,0.000157781116465,9.16756485124,6.8761544237e-07,0.00116853881708,9.24626563999,1.51011154382e-07,0.000630726929828,8.19361558465,2.26478669592e-05,0.0112375759678,9.62984092218,5.34042391674e-08,0.000264554474272,9.29380170968,1.73442191299e-07,0.000591365092212,8.20655660899,5.00177965565e-06,0.00835803629187,9.28004463097,1.22664958126e-07,0.000546454086011,9.26217515659,2.04452082774e-07,0.000692016979381,8.66058362399,1.6654760348e-06,0.00311138989059,8.23697365134,1.1657018658e-05,0.0094212821704,8.66704177789,2.52644249961e-06,0.0033249540811,4.49866087398,0.209317176856,0.364526625101,8.77773480734,2.25082637323e-06,0.0029480348445,9.23136825732,2.55624972239e-07,0.000756447983323,5.45802857783,0.0434788318431,0.302495268086,7.34975201542,0.000264610577683,0.0602621426084,8.72078385188,2.54827073921e-06,0.00310274838522,5.35138889618,0.0432830825065,0.173065872227,1.58884978567,-3.20200423337,0.00352931022629,2.05818986893,-1.02411019802,0.496154526106,17.5622431467,16.9027017914,-0.0573347509764,-4.38737373954,13.33688739,-0.269141544452,-0.303845913685,-0.770636786922,-0.561025889452,0.312116413239,1.73248650211,-0.623609688045,-0.752944667971,-7.62197639687,9.48323715146e-07,0.00434977091974,-9.22541439063,3.0810961838e-05,0.030447949045,-4.88955232639,5.01353383387e-06,0.0109405858852,-0.854278331835,6.8729055395e-05,0.0181896525612,-2.12044970313,9.14123245159e-07,0.00257306969743,-5.27980216421,4.70677759701e-06,0.0100423650207,0.974228170183,-2.96721980581e-05,-0.0237463087065,-3.02474609679,1.67959660019e-06,0.00528202497052,0.497736604041,-3.85811968678e-06,-0.00320871793236,1.4188908084,-8.2210778134e-06,-0.00954047136438,-1.91683862391,5.32887422698e-05,0.0446108486977,-4.38519383442,6.3933770224e-05,0.0457256833026,-0.786113236208,0.352342172315,-0.818303982071,-2.25350098036,-1.90171508083e-05,0.0132183896255,-0.395685266981,2.11999237802e-06,0.00244399643539,-3.39025666058,0.175277811748,-0.0992401704804,-1.10252847813,0.0012107967724,0.130382172377,-3.1120176045,3.04572351135e-05,0.024420175351,-3.77571159007,0.28380359679,0.133227238385
unguided,26,0.04,0.0499999970198,predicted,Actual proposal support boundary; monitored coordinates are pre-native endpoint forecast,True,50,-0.18665605035,0.60166275955,-0.0996269081497,0.0596632575607,0.22131075767,0.0591342606911,5.9497502116,6.92704077111,0.00903319652242,-0.576072684305,2.31206339263,0.186427131877,0.259946014513,0.266790370393,0.255169610743,0.218132829306,4.64802492514,0.184720390268,0.720517693505,9.67895425713,3.12120542495e-08,0.000206122628212,9.11031545035,9.41869495355e-07,0.00138351144464,9.21724962969,1.94967629929e-07,0.000709965562748,8.18552067072,2.33909907152e-05,0.0114024713742,9.62191928087,5.71416489588e-08,0.000274665838682,9.24832079937,2.16011498989e-07,0.000679466942328,8.22318633259,4.53498843414e-06,0.00795997272958,9.24544200106,1.44833854975e-07,0.000612737319311,9.25411969177,1.75952805367e-07,0.000687947443689,8.67119340337,1.64275820528e-06,0.00304693033898,8.22122312883,1.21612926358e-05,0.00980282813769,8.62950118923,3.16766686231e-06,0.00374513273159,4.49077106085,0.212421511087,0.35651336672,8.75449267305,2.08640291992e-06,0.00308428564697,9.23235656522,2.6114328577e-07,0.000759973593172,5.43779717385,0.0442600486643,0.298325989584,7.3295640846,0.000286038503462,0.0625973050931,8.70098146578,2.66464325289e-06,0.0032484836818,5.32010739874,0.0460138378743,0.172244051061,1.20307520627,-2.32534509023,1.07537090778,0.0143444538116,-0.330419868231,0.308062528463,12.3137515636,14.1745437963,-1.66802043395,-5.23775761652,8.8775683559,-0.193443532491,-0.155596432573,-0.52103750032,-0.431765172004,0.151883659873,0.935471853889,-0.282467781851,-0.380304051779,-5.89284211268,1.0605206515e-06,0.00417138451652,-5.28124226776,2.86900391262e-05,0.0220282400262,-1.66188189315,2.90881662345e-06,0.00489617414913,-0.14476058578,2.38232804699e-05,4.00276409751e-06,-0.604835051942,1.92395307139e-07,0.000612267252295,-5.95800890071,8.21116493409e-06,0.0142097994477,1.76704022579,-4.44712524792e-05,-0.0404727174686,-3.25871824691,2.29182958181e-06,0.00660503129983,-3.97676305524,2.58233928621e-06,0.0093513374653,2.09356854647,-4.7845071546e-06,-0.0150611243602,-1.5120780225,6.19417723962e-05,0.0373091166687,-4.00005899859,7.38691400431e-05,0.0467709373383,-0.782593916795,0.2685298463,-0.755483030737,-3.55849645588,6.12649567445e-06,0.0277499111413,0.367312086061,-3.63780422914e-07,-0.000841305425894,-1.10011352517,0.0339005065948,-0.478816079909,-2.35888432392,0.0025469719428,0.275875518911,-2.84699890194,4.15992779359e-05,0.0265209115163,-2.48398299359,0.225416384993,-0.135409022736
unguided,26,0.05,0.0599999986589,predicted,Actual proposal support boundary; monitored coordinates are pre-native endpoint forecast,True,50,-0.175054026131,0.581350754313,-0.0834264634514,0.0554299950218,0.221935965691,0.0611127465159,6.0530068472,7.05509563519,-0.0235662311006,-0.631171852499,2.37654547155,0.18506741131,0.259260553933,0.263007875826,0.251269006029,0.21852392442,4.65664128265,0.183239500748,0.718827095457,9.63338145631,4.08268566674e-08,0.000241208806796,9.06194000589,1.2614162249e-06,0.0016091036176,9.21302800212,2.09187486851e-07,0.00072865041281,8.19072037293,2.31243325686e-05,0.0112376560231,9.61774422114,5.72521453101e-08,0.000276799819318,9.17464153167,3.37665489981e-07,0.000875561081167,8.2418974135,4.11235460606e-06,0.0075485819425,9.21487026603,1.68501549763e-07,0.000678554712007,9.18263989549,2.56098868499e-07,0.000879043728687,8.70245499492,1.56978589171e-06,0.00281016740339,8.20673209089,1.28958541059e-05,0.0101674645038,8.58704059792,4.00382530047e-06,0.00426037282787,4.48300899565,0.214687773782,0.349416964486,8.70656487822,2.37335628672e-06,0.00350303306732,9.23871449904,2.4834936378e-07,0.000739621874805,5.43602630733,0.044156841975,0.292918946488,7.30257432894,0.000315550016539,0.0657796529866,8.66384387384,3.38025629792e-06,0.00363316661554,5.30170923631,0.0477914102064,0.170357691772,1.09865653899,-1.75848862103,0.990936517715,-0.527413010597,-0.215653419495,0.233606759206,9.53082417386,8.82897486891,-1.20440895222,-3.85387987969,5.12589862421,-0.0650160214018,-0.00389120132976,-0.27534103761,-0.31353778154,-0.0907849736635,0.479521759223,-0.0256793510744,-0.3796025922,-3.52551055987,8.11012470583e-07,0.00281569463807,-8.23870505299,6.39334781283e-05,0.0409675751395,0.311335746272,2.77499344346e-07,-0.000102211471784,0.346842824283,4.11290457858e-05,-0.0112124868272,-0.688272562541,1.6456569314e-07,0.000590608399306,-7.49862135965,1.69068043021e-05,0.0231402147597,1.29932128253,-2.97568863661e-05,-0.0286172174703,-2.39955534265,2.01509213237e-06,0.00548372619899,-5.57842809772,1.08930412246e-05,0.0176950699329,2.5396806464,-5.98368074054e-06,-0.0188186082468,-0.584007315974,3.28967711069e-05,0.0150187281918,-3.23040018513,6.7113653961e-05,0.0402547180026,-0.721211927992,0.179511192997,-0.48502890597,-5.77988888713,6.51541046288e-05,0.0570288051611,0.630940390604,-1.11873701177e-06,-0.00184167221456,-0.779220154991,0.0327812032511,-0.447412367519,-1.67048760344,0.00173962087381,0.206195164847,-5.3419309911,0.000150245574263,0.0591362239174,-1.34061801977,0.146048859224,-0.166678828377
unguided,26,0.06,0.070000000298,predicted,Actual proposal support boundary; monitored coordinates are pre-native endpoint forecast,True,50,-0.164682919571,0.566492987129,-0.0798081777954,0.0491149973488,0.216997689281,0.0638063958752,6.14036669508,7.10362026849,-0.0150549825221,-0.653150281899,2.41458136512,0.185126811449,0.259868190487,0.261283549641,0.248898855112,0.216317129833,4.65761536033,0.184206803247,0.712925641661,9.60844404593,4.74323036612e-08,0.000262436520974,8.94554134929,2.22053905792e-06,0.00220286294743,9.22347634462,2.00517616816e-07,0.000707921333312,8.1924575272,2.4213571631e-05,0.0111782216377,9.60815382962,6.04329628216e-08,0.000286478006668,9.09834837218,5.54147585032e-07,0.00114227123752,8.24917275824,3.93985070682e-06,0.00738762838017,9.19745089421,1.85135697623e-07,0.000722411843291,9.14255112981,3.93813629858e-07,0.00104184884235,8.7219870163,1.52308459047e-06,0.00267055817404,8.20954298252,1.28192280579e-05,0.0101032027015,8.56489318553,4.50993994153e-06,0.00455022709164,4.47634682229,0.216011734947,0.346812788601,8.6388948953,3.38948501249e-06,0.00422486175019,9.24497537303,2.38768545535e-07,0.000723140148881,5.42221277075,0.0449156727294,0.289377742234,7.29615433253,0.000320830920938,0.06672120839,8.59414284596,5.66955473816e-06,0.00443120816015,5.29329503834,0.0489348150588,0.168910474493,0.85273643349,-1.58291091716,-0.0133185386657,-0.18488329649,0.757172226906,0.145606612438,5.11671084562,2.44206067072,2.367854874,-0.23757024242,2.23728644321,0.0763798253374,0.0677747776286,-0.11470575525,-0.166733656221,-0.162145368209,-0.814048976658,0.247166604633,-0.576096918333,-1.47154887851,3.94814677451e-07,0.00123322276027,-7.73968033624,6.73566000855e-05,0.0403735893772,0.784716618317,-7.71249637232e-07,-0.0016194951611,0.111987234084,0.000118198987513,-0.00142292532616,0.0750793524651,-7.62252067277e-09,-4.7681968757e-05,-3.46044104838,1.06353631116e-05,0.0126819518264,0.351157026918,-5.53991743226e-06,-0.00644009255824,-0.787786499967,1.04659104614e-06,0.00237503212762,-4.42108858851,2.12768600798e-05,0.0203444369678,0.345788161402,5.89683623421e-06,-0.00160523265561,-0.376911809876,2.32624410135e-05,0.00944213791341,-1.05509338583,2.43393643031e-05,0.0145434442073,-0.549975682048,0.149533434829,-0.0890021477007,-6.47077263304,0.00014871915383,0.0743809215416,0.789621147224,-1.34181204084e-06,-0.00228331771768,-0.882154247977,0.0394553532182,-0.391541766491,0.92568926843,-0.00140912120842,-0.0837717706713,-4.82358373468,0.000200247274631,0.0582522837053,-0.747288088133,0.0804067043997,-0.159206915234
unguided,26,0.07,0.0799999982119,predicted,Actual proposal support boundary; monitored coordinates are pre-native endpoint forecast,True,50,-0.157999297461,0.549692535969,-0.0836928342247,0.051732329092,0.237079410229,0.0640248787647,6.15534106412,7.1039368486,0.0237908663794,-0.635923257348,2.42129120041,0.186595007817,0.260616049485,0.260713760721,0.247934332904,0.215281017056,4.64036030311,0.188182832841,0.70730515709,9.60395047874,4.87231502164e-08,0.000265873262001,8.90714639916,2.6085482266e-06,0.00241657540515,9.22872233449,1.93762494107e-07,0.000696260509588,8.19296011761,2.54883123189e-05,0.0112091975166,9.61924580819,5.70996948967e-08,0.000275846179943,9.1054327107,5.50372752214e-07,0.0011292001177,8.24892055404,4.00155625742e-06,0.00741978009134,9.19911453603,1.89433370685e-07,0.00072605535456,9.09421812372,6.81636070095e-07,0.00128593246804,8.70937075814,1.68772261639e-06,0.00277806275028,8.1991938547,1.33611029262e-05,0.010356307262,8.5659387302,4.49061258654e-06,0.00455124171201,4.47200948201,0.217678442479,0.347636921532,8.57714942556,5.34773936331e-06,0.00499065149815,9.25450692199,2.21513122963e-07,0.000693955520451,5.41838322237,0.0449459490393,0.285088111158,7.32108811431,0.000287367592371,0.0641042175731,8.56737219914,7.38520179054e-06,0.00479821228965,5.28676347455,0.0493995442944,0.167173553467,0.418419570146,-1.19253127771,-0.137071967125,-0.14401447773,1.99751114845,0.0801441027408,0.966626814405,2.0491160147,3.74267793666,1.49307336586,0.791020134282,0.101656976819,0.0520898249404,-0.0572928617431,-0.0915940884742,-0.0809147567797,-1.43724699622,0.357882619102,-0.502622917033,0.155400035327,-7.62205025424e-09,-0.000133849072384,-2.48496677915,2.36232402583e-05,0.0134309593736,0.569221009784,-5.04414180171e-07,-0.00108615539031,-0.544509161798,0.000166727326123,0.0177355980788,0.396855919012,-1.31520496742e-07,-0.000438064354653,1.00308166612,-1.71783071694e-06,-0.00262510102311,0.150988231748,2.0940580705e-06,-0.000966425469375,-0.290038704551,6.95997109799e-07,0.00125809276354,-4.7500724965,3.01353769338e-05,0.0240815596227,-1.61278985925,1.91723587306e-05,0.0139365391513,-1.09024446202,5.62096370811e-05,0.0270697571247,0.215050013559,-1.95077437239e-06,-0.00101355130881,0.0362805398309,0.0404276166928,0.150648902971,-6.22625668559,0.00024342934792,0.0803366932322,-0.123224801867,-1.66330914334e-07,-0.000174763483368,0.893226426973,-0.0738330245064,-0.383224837195,2.16339662924,-0.00284276556343,-0.225643029828,-1.76793210478,0.000125866458066,0.0253022813949,-0.556471113455,0.0382768817245,-0.150037956918
unguided,26,0.08,0.0899999961257,predicted,Actual proposal support boundary; monitored coordinates are pre-native endpoint forecast,True,50,-0.156314528168,0.542642361575,-0.0825496171379,0.0462347077942,0.25694791225,0.06540927793,6.15969923137,7.14460258879,0.0597985762112,-0.623288814581,2.4304017678,0.187159950985,0.260909986986,0.260137692406,0.247066973342,0.214698834697,4.6288704204,0.191364455629,0.702873183321,9.61155204664,4.72798626561e-08,0.000259759539526,8.89584201371,2.69300386309e-06,0.0024714821349,9.23486076481,1.90429333212e-07,0.000686198225506,8.18156734397,2.75481181534e-05,0.0115329335993,9.616090948,5.78025528868e-08,0.000277716719575,9.1184100055,5.19790970693e-07,0.00108976921706,8.25219252287,3.98173186823e-06,0.00736829987079,9.19165012012,1.99055639819e-07,0.000747573698562,9.04754967988,9.96521168533e-07,0.0015234800348,8.68973121911,1.90653176508e-06,0.00294928895706,8.18773809327,1.39434207996e-05,0.010644597844,8.5691941858,4.47092445408e-06,0.00452995606546,4.47707243309,0.216820287281,0.34982576666,8.51436976159,8.25807197089e-06,0.00583159561483,9.242510877,2.35441927248e-07,0.000719644879213,5.44007729929,0.0434390122392,0.28171324549,7.33942226512,0.00026397560967,0.0622083477935,8.55878420386,8.18688389949e-06,0.00493725378805,5.28216561607,0.0497003526933,0.165909715355,0.261490794219,-1.19789184715,-0.150104165077,-0.392895489931,1.71520200372,0.0601281828396,-1.69303692369,3.85869744455,2.73493113366,1.11731013135,1.9274715157,0.0649451823243,0.0236748260449,-0.0232336275955,-0.0427718601131,-0.0642332209508,-0.823188998542,0.240453900634,-0.337274470472,1.0568013269,-1.89293535413e-07,-0.000795881028165,-0.212966325499,-1.13605457261e-06,0.000320827559657,0.203605826653,1.32258235021e-08,-0.0002256763125,-1.44064254348,0.000221147032403,0.0390372357768,-0.212261979712,5.44658177374e-08,0.000139274973173,1.51536895954,-3.12033331093e-06,-0.00429241093509,-0.0276509259286,4.01740412634e-06,0.00205487108046,-0.620654623802,7.97816426742e-07,0.00183936963864,-2.45931657522,1.8775544605e-05,0.0133478934482,-1.69268869925,1.85344610983e-05,0.0146748964847,-1.08204763418,5.78916785512e-05,0.0276545500333,1.12882863764,-1.90607837253e-05,-0.0119378251737,0.251397724823,-0.0156529158543,0.196927192387,-3.66963922285,0.000187826441682,0.0497263354654,-0.836356922696,1.04859465496e-06,0.00186008681072,2.37275185118,-0.158702038261,-0.314983994807,1.72080839645,-0.00211738178361,-0.178466596224,-0.24147019362,4.29834960131e-05,0.00551358153894,-0.29770472901,0.0262239216184,-0.0776402759138
unguided,26,0.09,0.0999999940395,predicted,Actual proposal support boundary; monitored coordinates are pre-native endpoint forecast,True,50,-0.152769481577,0.525734699026,-0.0866949175262,0.0438744192934,0.271383450303,0.0652274424215,6.12148032564,7.18111079749,0.0784894890527,-0.613577054721,2.45984063073,0.187893911463,0.261089546006,0.260249088169,0.247078895702,0.213996352637,4.62389652314,0.192991910854,0.700559667681,9.62508650527,4.49372795082e-08,0.000249955641438,8.90288707265,2.58582713515e-06,0.00242299195634,9.23279445102,1.94027010577e-07,0.000691746983338,8.16414726674,2.9911252967e-05,0.0119899422321,9.6150005686,5.81890112514e-08,0.000278631679406,9.13574008989,4.87966085995e-07,0.00104335189899,8.24836753552,4.08190433994e-06,0.00746087751295,9.18670144356,2.0538969922e-07,0.000762842747332,9.04503179221,1.05714696219e-06,0.00155289033701,8.67551698416,2.05841183836e-06,0.00307156067997,8.17755290201,1.45189364972e-05,0.0109093982627,8.58851530295,4.10939691203e-06,0.00431248520854,4.4770374365,0.217365384162,0.35157546538,8.5037566411,9.10426819696e-06,0.00598517820746,9.23777978353,2.42485016063e-07,0.000731157256666,5.46583825939,0.0417719082741,0.278788431262,7.35550428223,0.000245019956699,0.0605348856487,8.56254279527,8.2448717108e-06,0.00490848392043,5.28080937997,0.0499240227268,0.165620747949,0.349378420623,-0.735529533248,-0.700595378876,-0.915315061808,1.21828219295,-0.0887529868294,-3.6536757163,4.61957480118,0.923838543888,0.659466685294,4.43571662363,0.0473530692077,0.00911907470633,0.00805625007173,-0.0230077274399,-0.0648428527282,-0.0675929332979,0.075318513083,-0.221611282416,2.05456936749,-4.07650926118e-07,-0.00156192824727,0.0890829017915,-3.85090326177e-06,-0.00122548812304,-0.127826037923,1.75013388766e-07,0.000311977211831,-2.27960441424,0.000303789686819,0.0597554032425,-0.270360688765,-1.55223899691e-08,8.67604903987e-05,0.626793569727,-7.27544386479e-07,-0.00133741399879,-0.68417651534,1.55185819198e-05,0.0159007465035,-0.219734102947,3.36274710435e-07,0.000844396822261,-0.0629326116282,3.8438175737e-06,0.0016324947879,-0.969809141088,9.03741718977e-06,0.00740235231911,-0.621317543047,4.33923994002e-05,0.0170454664875,3.22232916657,-5.72114371923e-05,-0.0351434109271,-0.445092314015,0.166584052467,0.102018283422,-0.796362188947,6.51621751633e-05,0.0113608245457,-0.131018081457,7.25112335989e-08,0.000206159078353,3.1239501278,-0.197683991191,-0.335745027442,1.32631602457,-0.00146687698818,-0.141543899055,-0.62972442463,3.90787237784e-05,0.0082717272751,-0.3211110782,0.0331036888875,-0.0416866810875
unguided,26,0.1,0.109999999404,predicted,Actual proposal support boundary; monitored coordinates are pre-native endpoint forecast,True,50,-0.149326959755,0.52793177091,-0.0965615247154,0.027928406558,0.281313556108,0.0636342181935,6.08662571704,7.23699408481,0.0782753470889,-0.610099480876,2.51911610028,0.18810701237,0.26109236848,0.260298817407,0.246606818794,0.213401977643,4.62751856173,0.19287082589,0.698440957672,9.65264343399,3.91268441338e-08,0.000228520974581,8.89762367174,2.61598579785e-06,0.00244697237244,9.23230424405,1.93929600988e-07,0.000692437769743,8.13597525568,3.36239118898e-05,0.0127280416641,9.61068373422,5.74921050874e-08,0.000279451929383,9.1309458769,5.05240082963e-07,0.00106302093708,8.23850899257,4.29210350662e-06,0.00768631480086,9.18725543806,2.05781134027e-07,0.000764461635007,9.04629102765,1.07339752001e-06,0.00155612993056,8.67033503629,2.08728010888e-06,0.00309733600345,8.17531174241,1.48112687876e-05,0.0109855071738,8.63364076913,3.32669571024e-06,0.00382708784692,4.46817058681,0.22015196833,0.351866132329,8.49844251781,9.56131547416e-06,0.00605881210575,9.23989051537,2.3689215192e-07,0.00072376806078,5.50255630185,0.0394853324154,0.274998344941,7.36594858561,0.000234638069906,0.0593774698124,8.54618971537,8.96845837505e-06,0.00510268833355,5.27574339451,0.050362426471,0.165075981733,0.356033538751,-0.149827649945,-0.68879032135,-1.46731695533,1.0966129601,-0.145372772525,-3.12465148223,3.63434648049,0.185085376848,0.226782548498,3.77436713456,0.00887893955455,0.00381402641447,0.0282253185248,-0.0157579006964,-0.0459474689673,0.21646184684,0.0164486777213,-0.0662674524327,2.76017030805,-5.53224890455e-07,-0.00208443996719,-0.693193897768,6.07068196032e-06,0.00373864881902,0.563041232166,-7.71829834717e-07,-0.00148384649591,-2.00849442408,0.000272308182062,0.0536467175075,-1.32929463317,2.58753567196e-07,0.00103453380815,-0.476019068138,1.75760290591e-06,0.00198529030163,-0.526815753688,1.10824266412e-05,0.0123879777852,0.0754352263777,8.95928240353e-08,0.000149061948139,-0.0299460903116,1.55979110041e-06,0.000671405357295,-0.535680774642,3.60447560847e-06,0.00306482128472,-0.245259366055,3.58886695446e-05,0.00850828022244,3.88757429492,-6.41317807177e-05,-0.0408005274472,-0.660293969703,0.224271698112,0.0726346159882,-0.64781754921,4.20150625995e-05,0.00902664975517,-0.254434494793,1.12775678291e-07,0.000440660595708,3.17506844808,-0.194802428916,-0.317732242032,0.646169616965,-0.000625135887411,-0.0713873627308,-1.26308977957,5.94024110675e-05,0.015372076438,0.0918381757867,0.00506536145649,-0.0738071133568
unguided,26,0.11,0.119999997318,predicted,Actual proposal support boundary; monitored coordinates are pre-native endpoint forecast,True,50,-0.145648810802,0.522738146028,-0.100470723953,0.0145280801868,0.293315709505,0.0623199869709,6.058987296,7.2537977271,0.0821911965896,-0.609041403751,2.53532797342,0.188071490254,0.261165826534,0.260813594539,0.246763737688,0.213077403257,4.62822576008,0.193320884408,0.699234318632,9.68028991144,3.38727816991e-08,0.000208266842094,8.8890231947,2.70724077436e-06,0.00249776493272,9.24405527567,1.78590413882e-07,0.00066207005342,8.12397737826,3.53574166082e-05,0.0130628765823,9.58841467593,6.33640825953e-08,0.000299322355569,9.12621970853,5.23118144113e-07,0.00108305770503,8.23783122045,4.30355287277e-06,0.00770863706865,9.18821014809,2.07181555701e-07,0.000765823986295,9.04443287041,1.0883427842e-06,0.00156631844415,8.66480336867,2.13050135053e-06,0.00313285710566,8.17264771469,1.52367098881e-05,0.0110795638672,8.66626678885,2.82676129767e-06,0.00349647465959,4.46383155711,0.221850818124,0.3530281577,8.49080029012,9.94456944895e-06,0.00616571120257,9.23269109364,2.44740529628e-07,0.00073997046858,5.52933962835,0.0378758596958,0.272433786421,7.36842767457,0.000232517238951,0.0591071383941,8.53728099968,9.43291993216e-06,0.00521592544919,5.28264614348,0.0500253299559,0.164144605682,0.341819152438,-0.679502613646,-0.0366554260253,-1.02450630069,0.897384107113,-0.0990562539998,-4.30344693202,-0.794904123334,1.07983766567,-0.0399630009143,-2.13625494462,0.0153632315268,0.0466497607368,0.0900803253455,0.0821472464089,-0.0341431467394,-0.276280593331,0.141563227779,0.156675241698,2.10224708888,-3.77595402519e-07,-0.00149841165403,0.540385148462,-8.68053478337e-06,-0.00389143930253,1.75296007491,-1.91243528015e-06,-0.00404582524889,-0.51037136355,7.10263387935e-05,0.0151663424736,-1.83978343211,4.30326610206e-07,0.00159719295108,0.235528853129,6.0451693208e-09,-0.000261918697889,0.330012822052,-7.45172652993e-06,-0.00705487659932,-0.304322586386,5.62212817439e-07,0.00107688679741,0.136774408207,-4.27965969487e-07,-0.000468335596726,-0.84080167188,9.69854011744e-06,0.00689082841013,-0.0903914370897,3.37451296027e-05,0.00460996679174,1.9894460306,-3.08342554293e-05,-0.0203513005819,-0.108302006143,0.0750727487227,0.167215688959,-0.348615920241,2.55540392382e-05,0.00483154653103,-0.645529627215,4.99686886572e-07,0.00129978178189,2.24572029517,-0.132218847169,-0.146420220867,0.0781407129921,-3.97944263668e-05,-0.0101074728408,0.0485755945811,4.46516000436e-06,4.83476579735e-05,0.806196257033,-0.0395787320626,-0.0708958788017
unguided,26,0.12,0.129999995232,predicted,Actual proposal support boundary; monitored coordinates are pre-native endpoint forecast,True,50,-0.142490576707,0.514341718637,-0.0972946332359,0.00743828054428,0.299261238251,0.0616530931135,6.0005567784,7.22109600234,0.0998721004024,-0.610898740894,2.47639100138,0.188414277,0.262025363694,0.262100423914,0.248249763722,0.212719114708,4.62199294987,0.195702090446,0.701574462506,9.69468837577,3.15749360834e-08,0.0001985527415,8.90843137471,2.44237510219e-06,0.00236914358639,9.26736344555,1.55680895385e-07,0.000611521264765,8.12576782841,3.50444386656e-05,0.0130313685136,9.57388806558,6.60986372915e-08,0.000311395788405,9.13565645396,5.0536098635e-07,0.00105778256313,8.24510924901,4.14306897602e-06,0.00754521726887,9.18116898633,2.17025390376e-07,0.000785999370955,9.04902651581,1.06483820062e-06,0.00154676321862,8.65351900285,2.28125091123e-06,0.00323515257165,8.17350391367,1.54861713796e-05,0.0110777065096,8.67342968974,2.71001060165e-06,0.00342006183528,4.46600454668,0.221653423304,0.355210446108,8.49147019941,1.00723962589e-05,0.00615544303637,9.22697992282,2.46885889652e-07,0.000749763696418,5.54747070775,0.036840955472,0.272069940524,7.36751139987,0.000233842181379,0.0591753203556,8.54716122726,9.05776157514e-06,0.00510365528671,5.29186731965,0.0495708518298,0.163658064157,0.0896195637655,-0.306483999,0.266754984856,-0.551631450653,-0.040656387806,-0.0609704242212,-3.7771790116,-6.36040579595,1.73721579332,-0.110806105278,-7.2632660624,0.0368099219461,0.0921524232563,0.0970651854321,0.182720831367,0.0101546080655,-0.346385301284,0.187069431881,0.269900762252,1.07981434793,-1.72162934971e-07,-0.000741833490693,1.49769876162,-2.00569103935e-05,-0.00985995855265,1.76716704939,-1.64702198229e-06,-0.0036934296093,0.158944296339,-2.52611024141e-05,-0.00245745599064,0.0568291905597,-2.3043380257e-07,-0.000296479593536,0.815366385736,-1.63196687303e-06,-0.00223660930091,0.636382501097,-1.4179697562e-05,-0.0144273526234,-0.835813958684,1.11723820947e-06,0.0023384618374,0.144835671558,-7.18689773409e-07,-0.000630998029878,-1.11048425252,1.42528426841e-05,0.00987085012704,0.0453134186249,2.91996312488e-05,0.00104283680853,0.28097246263,-6.68838240316e-06,-0.0039300536424,0.244421111185,-0.0330185270833,0.172929292872,-0.221848191082,2.23854048042e-05,0.00304909247915,0.247672283512,-9.06369469562e-07,-0.000994535261167,1.38317966556,-0.0754841702448,0.109443633395,0.0542241930555,-2.6073117162e-05,-0.00807974633129,0.992476948754,-3.83485497954e-05,-0.0112144586443,0.689410036811,-0.0296139023053,-0.013877655144
unguided,26,0.13,0.140000000596,predicted,Actual proposal support boundary; monitored coordinates are pre-native endpoint forecast,True,50,-0.143856419527,0.516608466048,-0.0951356242561,0.00349545117378,0.292502581749,0.0611005784865,5.98344371577,7.12658961119,0.116935512456,-0.611257525856,2.39006265217,0.188807688693,0.263008875,0.262754898248,0.250418154315,0.213280495419,4.62129805405,0.197062273046,0.704632333877,9.70188619839,3.04295229997e-08,0.00019343017228,8.91897716993,2.30610256649e-06,0.00230056576167,9.27939861665,1.45649974237e-07,0.000588201461234,8.12715626419,3.48521945599e-05,0.0130137274625,9.58955125974,5.87554065439e-08,0.000293392763698,9.14252703624,4.90478806653e-07,0.00103832551901,8.25055887047,4.01995892153e-06,0.00742009001618,9.17149386891,2.2952631989e-07,0.000812593223043,9.04732958384,1.07396898873e-06,0.00155369848356,8.64259368362,2.41555820421e-06,0.00333027410821,8.17355398306,1.58207025131e-05,0.0111004206033,8.6718862381,2.69299364961e-06,0.00341787358675,4.46871997933,0.221190447582,0.356486743557,8.4863633263,1.0392277545e-05,0.00622669305215,9.23764453931,2.26613140237e-07,0.000720079763356,5.55700322166,0.0363661762909,0.274622659089,7.36951215843,0.000231995776607,0.0589455434674,8.55713053865,8.66594893625e-06,0.0049916362763,5.29643434422,0.0494330519098,0.163867052579,-0.412733713187,0.675123201372,-0.0656768083573,-0.64336964488,-1.69040352106,-0.118520202239,0.081727698411,-10.8521479851,1.51209444928,0.819968313924,-7.95537319451,0.0326869344533,0.131293122348,0.0826508069794,0.239146540472,0.017602806555,0.126305988605,0.067256020792,0.211617210586,0.456878450439,-6.46469413511e-08,-0.000318670643153,-0.35136422872,2.38711055399e-06,0.00173093696942,1.22552422038,-1.06812004871e-06,-0.00242205157194,-0.569560678864,8.22118246109e-05,0.0168834651076,2.63340025566,-8.44956591968e-07,-0.00247716622742,-0.0351920182364,2.30256445715e-07,0.000278835224481,-0.050905629135,-1.73684403923e-06,-0.000257473624975,-0.716707755187,9.71538849382e-07,0.00202796361283,-0.463241699216,2.88085234482e-06,0.00217330025748,-0.891002010783,1.02465006483e-05,0.00738696736878,0.192782611537,2.35410601576e-05,-0.00215257118255,0.404113163505,-9.74664131058e-06,-0.00589532565122,0.4971250912,-0.105125058397,0.119291650085,-1.1800990948,6.52333017106e-05,0.0169635203021,1.70336727152,-2.47139088841e-06,-0.00411382007081,0.522626170617,-0.0213692083724,0.349800536555,0.346681954816,-0.000348999503096,-0.0369230275183,-0.183297006069,9.29589883742e-06,0.00276182240522,-0.100816635783,0.0200472741088,0.0380588145781
unguided,26,0.14,0.149999991059,predicted,Actual proposal support boundary; monitored coordinates are pre-native endpoint forecast,True,50,-0.15074525097,0.527844182665,-0.0986081694031,-0.00542911235333,0.26545316783,0.0592826890687,6.00219133237,7.00405304264,0.130113989388,-0.594499374615,2.31728353749,0.189068015689,0.264651226141,0.263753440054,0.253032694531,0.213071170839,4.62451906964,0.197047210862,0.705806806718,9.70382594478,3.02819972563e-08,0.000192179328637,8.90140409014,2.49011731326e-06,0.00240376232578,9.29187392996,1.34318494411e-07,0.000563080233326,8.11437661483,3.66886751579e-05,0.0133690378158,9.62655607069,4.91995054522e-08,0.000261852463856,9.1349526136,5.09966115264e-07,0.00106335926762,8.24409113643,4.10833209524e-06,0.00754006779637,9.16683483123,2.36456167364e-07,0.000826558643212,9.03976168183,1.12245524751e-06,0.00159022922377,8.63569896264,2.48618092419e-06,0.00338289191902,8.1773595659,1.59569925828e-05,0.011034655086,8.68151195301,2.51507777544e-06,0.00330215532226,4.47594704851,0.219550922136,0.35759627911,8.46786821751,1.13770622931e-05,0.00649471344241,9.26104726825,1.97458071883e-07,0.000667487295002,5.55792323116,0.0364135713046,0.279065951255,7.37444503896,0.000226862191317,0.0584368598052,8.54349528714,9.24367955189e-06,0.00515889173482,5.28985098693,0.0499717973119,0.164419240449,-0.131939333966,-0.0295194496325,-0.243816614151,-1.22152906656,-3.33229148388,-0.143683448638,4.27596488904,-12.6361266315,1.66728241503,2.99997948494,-5.46901453972,0.0205293445641,0.148012599276,0.0893983345218,0.202931893612,-0.00543293727351,-0.361216356886,0.11482676199,-0.234868146242,-0.270378708272,6.08090064845e-08,0.000178987229485,-2.72957915489,2.95874917082e-05,0.0163569565355,0.236862432305,-1.20427373309e-07,-8.94609961147e-05,-1.50862119819,0.000219617061654,0.0418853690545,4.96180804989,-1.10979098847e-06,-0.00390827205917,-1.50253393155,3.93426540362e-06,0.00492094714288,-0.846325084717,1.35102852788e-05,0.016662501629,-0.433719201027,5.42661059354e-07,0.00120786577479,-0.869829877363,6.44541815418e-06,0.00447863876878,-0.543184048311,4.30672208271e-06,0.0039406371434,-0.0324269525041,4.87780242996e-05,0.00443232594034,0.920879802437,-1.56890682894e-05,-0.0105418433896,1.34161469911,-0.31162809912,0.132951753185,-2.34580865148,0.000132965989393,0.0346292947757,1.53340177504,-1.47084767614e-06,-0.00291756455201,-0.0968472712487,0.0115841481492,0.373633974731,0.596864018012,-0.000657675847265,-0.0599238169086,-2.47931352608,0.000109179446729,0.0306551801202,-1.13178918072,0.0861404339115,0.0641945792356
unguided,26,0.15,0.159999996424,predicted,Actual proposal support boundary; monitored coordinates are pre-native endpoint forecast,True,50,-0.146495206206,0.516018077055,-0.100011956539,-0.0209351301575,0.225856752071,0.0582269095138,6.06896301355,6.87386707856,0.150281160757,-0.551257936157,2.28068236138,0.189218275584,0.265969126985,0.264542864938,0.254476792187,0.213171836673,4.61407372692,0.199358808286,0.699934970953,9.69647862423,3.16457031293e-08,0.00019700991687,8.86438558683,2.89785240065e-06,0.00262770489238,9.2841358653,1.4324142677e-07,0.000586412241312,8.09698384023,3.9244535793e-05,0.0138514348436,9.68878742074,3.65595867746e-08,0.000215227322515,9.11247635761,5.69164114725e-07,0.00113674446187,8.23363236878,4.2901646271e-06,0.00775334004876,9.16281948489,2.40379541077e-07,0.000836750538539,9.02993298629,1.20287735182e-06,0.00164327125893,8.63173000265,2.50169264587e-06,0.00340908685107,8.17290544401,1.6796262999e-05,0.0111890671221,8.69030383415,2.37921228382e-06,0.00320703671895,4.49555227331,0.2149578856,0.359145778621,8.43944715327,1.30515973329e-05,0.00691927894766,9.26831257481,1.97196186714e-07,0.000661728472316,5.55506627624,0.0365978592539,0.282095338584,7.3814494388,0.000218842259662,0.0577470671293,8.50754426813,1.08495378708e-05,0.00560473987871,5.27379856061,0.051155860588,0.165150944164,0.16597836003,-0.426965713336,0.379157304764,-0.66651622951,-3.34168165922,0.0638966789427,9.79823296517,-11.7757524962,0.918300922806,3.11058782042,2.26964960703,0.0132111578271,0.110741275876,-0.0102002543231,0.0206057680822,0.0184384309882,-1.62068197915,0.335977650688,-0.814145646724,-0.735467125028,1.49689011217e-07,0.000518211818386,-2.87295060347,3.07412052949e-05,0.0172919939339,-3.33045951523,3.6950375298e-06,0.0085735329176,-1.25126921401,0.000186178347594,0.0352240482239,8.0815843318,-1.32603520577e-06,-0.00530283591399,-2.18752975075,5.25505558253e-06,0.00683927268587,-0.208161340081,2.88712236991e-06,0.00378060799825,-0.739400495689,8.52444133661e-07,0.00193149250328,-1.52955829958,1.22103031485e-05,0.0081264422192,0.380979680358,-7.95020359939e-06,-0.00434950642612,-1.78276401472,0.000171401539978,0.0506680300415,0.448274265346,-7.84299873587e-06,-0.00545307105274,2.07525882255,-0.474164778166,0.131281192654,-2.7712587542,0.000189855078635,0.0419924452337,1.53801915115,-6.80631873105e-07,-0.00220009794387,0.0631170138475,-0.00691541405452,0.200624008106,0.0441292908515,-0.00019848941395,-0.000247637159106,-3.47154569735,0.000171323079335,0.044745410221,-1.27193311248,0.0967414335299,0.0524169021118
unguided,26,0.16,0.170000001788,predicted,Actual proposal support boundary; monitored coordinates are pre-native endpoint forecast,True,50,-0.14742568377,0.519304868398,-0.0910250233078,-0.0187594369435,0.198619534645,0.0605606226475,6.19815599167,6.76853799272,0.148480007844,-0.532287618207,2.36267652963,0.189332238846,0.266866051659,0.263549434967,0.253444809893,0.213439939459,4.59210543006,0.203766763876,0.689523893784,9.68911660227,3.32757774807e-08,0.000202543565005,8.84394507807,3.10494141916e-06,0.00274960220446,9.22526473965,2.08219245007e-07,0.000734550891678,8.08935123055,4.04122421098e-05,0.0140735187802,9.78818775733,2.26788013368e-08,0.000155795745576,9.09120201858,6.15067226914e-07,0.00120014472133,8.23992790962,4.16607454264e-06,0.00761567995634,9.15204682132,2.53505050037e-07,0.000865188493278,9.00917051584,1.36666131048e-06,0.00175275806816,8.64331855625,2.32717685221e-06,0.0032959017905,8.14170428561,1.93850233823e-05,0.0120480156868,8.69047743832,2.35821780072e-06,0.0031930939012,4.51745222496,0.210067626573,0.360221902963,8.41244304243,1.51741638658e-05,0.00733456234709,9.29180765128,1.83845434421e-07,0.000623485336125,5.55918557144,0.0362752630235,0.283078431417,7.37532762478,0.000222892403038,0.058431907062,8.47406437319,1.26701411386e-05,0.00605379993923,5.26441232469,0.0519066259825,0.165467578491,-0.140558785928,0.0583066178289,0.770065069199,1.11326417327,-2.51063215733,0.337735571338,15.2575118853,-8.028249828,-0.700256597942,1.38983946415,10.6736088173,-0.0387107523567,0.0761485515907,-0.141637884261,-0.116243126762,-0.0508384545717,-2.0483520167,0.220343044246,-0.957734385183,-0.958189333648,1.91209066229e-07,0.000685290536071,-2.00006925151,2.2043299422e-05,0.0123852184498,-6.963359848,9.19392776901e-06,0.0191767562067,-0.233200150283,3.02590057549e-05,0.00702408207637,6.13869139003,-5.02606451542e-07,-0.00267877620113,-2.23857701629,5.47360213431e-06,0.00712782506782,0.651969728323,-1.498304645e-05,-0.0152262819433,-1.02224551947,1.25896835106e-06,0.00269727926601,-1.67764032293,1.38527844765e-05,0.00900418360213,1.1911694124,-1.62275962042e-05,-0.0108972042851,-3.64968644965,0.00031706344362,0.104530647789,-0.370955100228,9.09151808596e-07,0.00147353942306,2.35582852777,-0.593129859861,0.259269186466,-2.17607428075,0.000179201041678,0.0336481267629,1.00875747246,1.91820620447e-06,0.000716938674014,-0.152755894051,0.0073512571145,0.241567233108,-0.520734680007,0.000403912608367,0.0545042317019,-3.27877953418,0.000191399057888,0.0451992652192,-0.969063289439,0.0697120684685,0.0382529420137
unguided,26,0.17,0.179999992251,predicted,Actual proposal support boundary; monitored coordinates are pre-native endpoint forecast,True,50,-0.149306381925,0.517184209411,-0.0846106551552,0.00133015330791,0.175644108925,0.0649816209405,6.37411325125,6.713302082,0.136276028798,-0.523461146874,2.49415453772,0.188444060537,0.267492098017,0.261710107253,0.252151929652,0.212155067582,4.57310668658,0.203765669171,0.680780283249,9.67731483756,3.54698844539e-08,0.000210715727591,8.8243842018,3.33871838909e-06,0.00287540926137,9.14486866834,3.27119982151e-07,0.000969947365446,8.09231983722,3.98497159081e-05,0.0139919164851,9.81156124854,2.65074577438e-08,0.000161651798492,9.06770481729,6.78636157412e-07,0.00127930096322,8.24667176334,3.9905036981e-06,0.0074488144099,9.1423745745,2.65558908099e-07,0.000890696123859,8.99638017983,1.47993304135e-06,0.00182335493097,8.6555533909,2.17714072178e-06,0.00319114276537,8.09991171502,2.31375318714e-05,0.0132796800779,8.68288473215,2.39739532e-06,0.00323650750742,4.54266884387,0.203095288402,0.36433116235,8.39592566765,1.66356181665e-05,0.00759224148292,9.28848772426,2.35560310804e-07,0.000676067245796,5.55201115836,0.0367448843962,0.286926683246,7.37103474519,0.000226920511829,0.0588371517633,8.44196867745,1.46775190286e-05,0.00650872518309,5.25441729482,0.0525501019574,0.165916003004,-0.173454677412,0.488257165674,0.644658327103,1.27921573818,-1.81508415937,0.271732938204,12.8922669017,-3.17955774325,-1.28517507802,0.913519914075,8.64243561674,-0.10220115941,0.0459172498382,-0.140799069721,-0.0441485580632,-0.129353581003,-1.48327503281,-0.0507246378009,-0.559468323808,-1.2177554866,2.26968546435e-07,0.000852354007338,-0.486153394296,1.25265011358e-06,0.00199293437358,-5.26130292492,8.50224482013e-06,0.0162509880827,0.863493223726,-0.000150575667675,-0.0243118833554,-3.11363727516,1.48923630741e-06,0.00421777220727,-1.91309046242,4.5261592213e-06,0.00605762117859,0.583294382431,-1.51023116786e-05,-0.014722033571,-0.597368771441,7.77245775082e-07,0.00159051138015,-0.857474011533,8.08530281961e-06,0.00486985142932,1.29409572114,-1.4460961023e-05,-0.0114309063302,-3.42876824671,0.000369052177488,0.104786789776,-0.871690156692,5.57281964822e-06,0.00577316900804,2.18219102758,-0.648786695715,0.386439607364,-0.933839681699,0.000114834058592,0.0138642069973,-2.38780101612,8.98959177201e-06,0.0103903260756,-1.11086294635,0.0760942158909,0.29692852275,-0.55822379679,0.000579112183775,0.0513949865356,-2.78283788069,0.000178499045407,0.0402006328191,-0.856335503355,0.0485139472575,0.0158778652788
unguided,26,0.18,0.189999997616,predicted,Actual proposal support boundary; monitored coordinates are pre-native endpoint forecast,True,50,-0.150894777318,0.529070011712,-0.0781318567658,0.00682487782001,0.162317851458,0.0659952814116,6.45600132971,6.70494683785,0.122776506284,-0.514017219926,2.53552524197,0.187288215658,0.267784396656,0.260733453573,0.252561838732,0.210852867839,4.5624399294,0.20275227112,0.678334527308,9.66476149254,3.78151484094e-08,0.000219590645151,8.83422201018,3.12999442143e-06,0.00278946089193,9.12003868116,3.78264141409e-07,0.00105957065333,8.10662109503,3.74007287563e-05,0.0135872811131,9.72591501183,5.24635274849e-08,0.000240151189722,9.05294020933,7.05590411341e-07,0.00132129714491,8.25159379727,3.86402830907e-06,0.00732123928491,9.14009944589,2.69049965539e-07,0.000896998720881,8.99202103561,1.52836736688e-06,0.00185015509674,8.66920047067,2.03795763175e-06,0.0030672836639,8.07312892067,2.67660669321e-05,0.0141437514823,8.67304363519,2.46967419369e-06,0.00330855728136,4.56109604551,0.197091892659,0.36795069511,8.39376624879,1.74708450377e-05,0.00761184648703,9.24405163095,3.63637269862e-07,0.000831291857637,5.53696831251,0.0377971473413,0.289017001872,7.36416314884,0.000234474646713,0.0594598067927,8.41840761558,1.62401220467e-05,0.00685781259562,5.24728561462,0.0528769049277,0.165785135797,-0.183366206608,0.844005778043,0.793406844139,0.736354261637,-0.967214286327,-0.120244833004,2.81677434297,-3.40332528442,-0.383736543643,1.58747169176,-3.57640056602,-0.100679076274,0.056280715394,0.0634964739213,0.167564437932,-0.164642067335,-1.08494173699,0.00987540802812,-0.00382619069337,-0.881581729755,1.56839591017e-07,0.000590946051132,4.82161547289,-7.13438591332e-05,-0.0346927072412,-0.00556851141818,3.55261259911e-07,0.000679271616155,2.23821762587,-0.000349468295163,-0.0616219941278,-13.0550152655,6.35009328262e-06,0.0147011726295,0.25303359651,-3.35760099459e-06,-0.00246622548126,0.52430790798,-1.27690470742e-05,-0.013577804887,-0.0214454871206,1.33569217799e-08,3.40029788204e-05,-0.291778177348,4.51167532432e-06,0.00222807739805,0.674650016628,-3.1663209639e-06,-0.00557064361391,-2.16059934178,0.000352659614482,0.071496652923,-1.57897977144,1.26968448329e-05,0.0119615890837,2.31284663986,-0.691864321896,0.616000656073,-0.250493135949,0.000136767582485,0.00217640575896,-6.10736267871,2.02674162286e-05,0.0219610695867,-1.81798398095,0.134299984951,0.354291189305,-0.292793699792,0.000432966405042,0.0172453198601,-0.447616846501,2.92139751373e-05,0.00716937705136,0.227228616683,-0.0165275659316,0.011543777832
unguided,26,0.19,0.199999988079,predicted,Actual proposal support boundary; monitored coordinates are pre-native endpoint forecast,True,50,-0.152973706057,0.534064324972,-0.0687425182724,0.0160572385406,0.156299823198,0.0625767242804,6.43044873811,6.64523557631,0.128601297925,-0.491711713039,2.4226265264,0.186430479012,0.268617712325,0.262980036731,0.255503218411,0.208862226235,4.55140785184,0.203963177331,0.680703759435,9.65968320296,3.86066762743e-08,0.000222534648614,8.92081651126,1.91184120643e-06,0.00218155511655,9.14475729811,3.34225207349e-07,0.000983532797769,8.13708418974,3.28603500048e-05,0.0127594766025,9.55046094323,1.53509323396e-07,0.000455675251082,9.07276548922,6.1148413752e-07,0.0012299764536,8.2571579215,3.73512275662e-06,0.00717725831216,9.14194566476,2.65826046534e-07,0.000891376183436,8.99054461629,1.57016654784e-06,0.00186791647894,8.66904639123,2.1138143025e-06,0.00307972989309,8.05669972818,3.01907241611e-05,0.0147096131364,8.65130513672,2.65133221665e-06,0.00347573928909,4.58892577667,0.189258001965,0.376651175472,8.39091580494,1.93709698162e-05,0.0076357695981,9.16634047068,6.40908635375e-07,0.00111528863753,5.51565147874,0.0394308840952,0.294012507032,7.3651788712,0.00023557983993,0.0591820581605,8.43301634052,1.52617985313e-05,0.00665211272412,5.25896186715,0.0522195506387,0.166146878561,-0.130364861508,-0.180452518475,1.05671036243,1.74052664638,0.438145339489,-0.482723069488,-4.87866196132,-5.15329140811,1.88771491924,3.1694994107,-11.4896682104,-0.0225651418561,0.0852155092339,0.158016424717,0.268549347567,-0.121002713422,-1.52223160741,0.275524568574,0.225780202826,-1.00311366724,2.44011618401e-07,0.000796978731746,9.73729243996,-0.000105961380905,-0.0606009886956,3.11975932284,-5.28370927063e-06,-0.00949379895071,2.50410622247,-0.000336727952369,-0.0660487542532,-13.7416157825,1.07048487453e-05,0.0195355275546,3.37417080101,-1.19975146678e-05,-0.0131662658102,0.537488297112,-8.70305019777e-06,-0.0118813142646,0.107684983759,-6.90700819909e-08,-0.00015133746979,0.409999239401,4.86464312416e-07,-0.000832440394831,-0.582812758664,1.5956912286e-05,0.00708735268993,-2.37128691169,0.000397177384615,0.0800772491266,-2.18979153036,1.93126192398e-05,0.0173140580141,2.83982047863,-0.707611290303,0.960651377085,0.446309687546,0.000113792216577,-0.00794866835641,-6.02332469976,2.328702174e-05,0.0224503615703,-2.03482379785,0.147082211752,0.385235642167,0.874176425903,-0.000729009823025,-0.101743093173,3.4577929635,-0.000216213406679,-0.048186603342,0.782465948705,-0.0347893875678,0.00522849484022
unguided,26,0.2,0.209999993443,predicted,Actual proposal support boundary; monitored coordinates are pre-native endpoint forecast,True,50,-0.153502074548,0.525460961342,-0.0569976495171,0.0416354107475,0.171080758247,0.0563408200219,6.35842809048,6.60188100969,0.160530804669,-0.450627231711,2.30573187776,0.18683691282,0.26948870684,0.263893782067,0.257932825683,0.20843281357,4.53199529725,0.208262762491,0.682850131364,9.6446992192,4.26953807774e-08,0.000235530219786,9.02896785898,1.01076680333e-06,0.00157744111802,9.18243386761,2.72589955997e-07,0.000869694674317,8.15670321948,3.06661697089e-05,0.0122663060281,9.45108269618,2.6656050239e-07,0.000630861740814,9.12042362535,4.65640117984e-07,0.0010579718287,8.26234356322,3.68996730511e-06,0.00708361299962,9.14225314556,2.67668563899e-07,0.000893971971485,9.00022102039,1.53809665312e-06,0.00183350628885,8.6575442155,2.35709587747e-06,0.0032090307177,8.02570318244,3.47096146244e-05,0.0157452964648,8.62924780458,2.85592657848e-06,0.00365483844165,4.61789245508,0.182939666853,0.387163722652,8.40269244254,1.97466893692e-05,0.0074528731199,9.12358513696,8.29377704661e-07,0.00128029908904,5.49627183656,0.0407387915764,0.296721714715,7.38164667736,0.000219894450253,0.0574249449293,8.48756347485,1.19158539132e-05,0.00589408052878,5.26293493359,0.0521811171763,0.165889705694,0.0238474321458,-0.98822539757,0.803226947784,2.35329702497,1.04705095291,-0.486563209602,-3.44348041264,-3.09085197443,2.44255023124,2.57359889335,-6.57047585018,0.0125536269471,0.0564484721911,0.0292992379011,0.175151867063,-0.0133792143298,-0.783598560038,0.187201130049,0.248272439844,-0.95678413964,2.57781278826e-07,0.000819869942352,7.71661794284,-5.68373414302e-05,-0.0406106650526,2.32608209703,-4.0221795485e-06,-0.00738826709312,1.14312351446,-0.00011836445236,-0.0280962256804,-5.03086139936,5.82915732484e-06,0.00899098149311,3.53918093201,-1.00361071762e-05,-0.0122689068056,0.381535546225,-3.30273450974e-06,-0.00691459756342,-0.0861841832033,2.30885544102e-07,0.00044592294347,0.748192853523,-2.14950320701e-06,-0.00259659894696,-0.766675924038,1.55813989708e-05,0.00835556283848,-3.10996394875,0.000472000717404,0.106587059047,-1.72526139012,1.50306792527e-05,0.0136276415941,2.14514180968,-0.473709637043,0.767637579644,1.19510523567,-5.88603961774e-06,-0.018274831076,-1.9502833118,8.99122959119e-06,0.00771377576719,-1.22816081923,0.0850182757676,0.302685485721,1.27209597431,-0.00121860325532,-0.133524155439,4.46792093395,-0.000259013866403,-0.0607034662048,0.199855794063,0.0017849874565,-0.00591070316065
unguided,26,0.21,0.219999998808,predicted,Actual proposal support boundary; monitored coordinates are pre-native endpoint forecast,True,50,-0.152496757414,0.514299817021,-0.0526779793167,0.06312317904,0.177240842257,0.0528454600884,6.36157912986,6.58341853682,0.17745230255,-0.440239735172,2.2912170094,0.186681551551,0.269746681769,0.263566021489,0.259006255752,0.208594641948,4.53573588064,0.207707199932,0.685669208232,9.64054752017,4.37623018508e-08,0.000238932047461,9.07514887012,7.75094377826e-07,0.0013693418155,9.19127894005,2.53781616379e-07,0.000835767455907,8.15994666003,3.04930609576e-05,0.0121975520889,9.44984371524,2.70092469893e-07,0.000635494880944,9.14354910786,4.10761993995e-07,0.000984598317487,8.26478863243,3.66906806643e-06,0.00703896636089,9.1402219811,2.70443757416e-07,0.000900294642305,9.00550847336,1.52717648369e-06,0.0018159845,8.65371287275,2.42544228192e-06,0.00324684114986,7.99450044921,3.96307385092e-05,0.0168413543173,8.61679990892,2.95194580171e-06,0.00374829212097,4.63182861286,0.179783809224,0.392003927065,8.41481790965,1.92532490238e-05,0.00727027297658,9.12733480445,8.20733227199e-07,0.00126956415288,5.49108826235,0.0411312496106,0.300066216746,7.39062079069,0.000211207774824,0.0565115750517,8.5223747592,1.00815212033e-05,0.00543804340002,5.26295898303,0.0522552503879,0.166028664498,0.0723203929582,-1.0272889988,0.00665962696065,1.07065211236,0.408379495144,-0.208541242479,3.94675527842,-0.701358286124,2.08694022309,0.630278706904,-0.297776316216,-0.0583913851069,-0.0173613553392,-0.0485166403614,0.0361328225034,0.00310458996865,0.577939427958,-0.126577448806,0.125514966441,-0.0736533457285,2.78745953738e-08,6.77590120027e-05,-1.04910662389,7.92046099537e-06,0.0057363490588,0.694257394922,-1.56459096128e-06,-0.00280894157693,-0.437890479981,8.24902484157e-05,0.012777695132,0.39222796328,-4.14972317034e-07,-0.000602697170891,0.160796378169,8.04257917971e-07,0.000383801931548,-0.0163232636228,2.79172022439e-06,0.00125068765407,-0.210114392925,2.62956943951e-07,0.00064093827898,0.0544990241114,3.60991555081e-09,-0.000283247776616,-0.635152656056,5.01099327e-06,0.00534438456187,-2.3512366999,0.000397481529053,0.083744702802,-0.540760169838,1.33760028359e-06,0.00279331536829,0.765252002897,-0.194642013049,0.327854157952,0.157779379419,-3.63431365754e-05,-0.0026100342815,1.10623154367,-4.36076181697e-06,-0.00407505135111,-0.0465894582892,0.0101761850046,0.283177462781,0.945551868427,-0.000815667184261,-0.0989292288514,0.869094649334,-4.00348855721e-05,-0.0109109065266,-0.220447776945,0.0225022796069,0.0182696257628
unguided,26,0.22,0.229999989271,predicted,Actual proposal support boundary; monitored coordinates are pre-native endpoint forecast,True,50,-0.152055666689,0.504915181366,-0.0568644569778,0.0630484529948,0.17924834815,0.0521699951723,6.43736319605,6.58785384397,0.20226960913,-0.438021657573,2.29977635144,0.185669085118,0.269141479734,0.26292344926,0.258655482133,0.208494905369,4.54355408581,0.205731213515,0.685360430693,9.64322615228,4.32528726849e-08,0.000236885400026,9.00798572651,1.16917602324e-06,0.00169216809919,9.19631901551,2.41298136771e-07,0.000813515842779,8.14794540988,3.23159746772e-05,0.0125218599307,9.45892725544,2.5826105605e-07,0.000618807797396,9.12363955292,4.81725276343e-07,0.00106564786733,8.26201709794,3.7458017096e-06,0.0071086267527,9.1380508577,2.72927702778e-07,0.000906790737064,9.00131100088,1.53816885144e-06,0.00182784133332,8.64484116237,2.45731574287e-06,0.00331591840893,7.97867844844,4.26592452055e-05,0.0174201905209,8.61843260118,2.88267858416e-06,0.00371070474901,4.63319749514,0.179046826592,0.393720805811,8.40584803013,1.90198266377e-05,0.00740067243427,9.14570976783,7.42162468322e-07,0.00119879806202,5.49534004739,0.0409423152765,0.302385263971,7.40055771473,0.000203581106568,0.0554463603522,8.50494536783,1.11151562017e-05,0.00567586239825,5.25852597805,0.0526311627685,0.166255098209,-0.0914097629835,-0.207477356514,-0.0350601673125,-0.215392425656,0.279237687588,-0.113212441797,3.34880956134,-0.671397774081,1.67518599505,0.320331719153,-2.23064263273,-0.0651197046935,-0.0189290790028,0.0117723123141,0.0222492926975,-0.0356380794571,0.262615487053,-0.0268234500001,0.0514732461671,0.274824498874,-3.32935479726e-08,-0.00016651991116,-3.37327541678,1.99939762415e-05,0.0163583651679,1.63495558418,-2.4972079461e-06,-0.00494784419667,-0.904281648927,0.000144953023186,0.024540695687,0.122294519197,-1.99681553404e-07,-0.000278888983147,-0.722601706188,3.22911639066e-06,0.00336856566202,0.014472146421,2.54606330053e-06,0.00078751744538,0.04468454619,-1.7320433687e-07,-0.0001949403359,-0.806723797497,5.18310936558e-06,0.00359482549017,-0.820987159801,7.24721085479e-06,0.00724316498917,-1.20017383464,0.000257321136276,0.0443424619689,0.10406601679,-4.55703502556e-06,-0.00263074477478,0.373014437038,-0.108895050314,0.193150007354,-1.37072248533,7.26912823623e-05,0.0210380776877,1.27549990763,-5.92476867538e-06,-0.00523957594019,0.317312670761,-0.0124422090399,0.156146981393,0.302889524339,-0.000143845679944,-0.0360661949084,-0.656289455262,5.11936534077e-05,0.00985356862527,-0.20712065486,0.0194622715969,-0.00723696696481
unguided,26,0.23,0.239999994636,predicted,Actual proposal support boundary; monitored coordinates are pre-native endpoint forecast,True,50,-0.154324952674,0.510150269891,-0.053379182663,0.0588153305268,0.182825596008,0.0505812112525,6.42855532109,6.56999058134,0.210956022451,-0.433833100789,2.24660415674,0.185379157457,0.269368100189,0.263801467736,0.259451241606,0.207881880359,4.54098819038,0.207170730932,0.686698673155,9.64604401014,4.30964308913e-08,0.000235601649238,9.00768336178,1.17497390266e-06,0.00169650911886,9.22397805174,2.03837457457e-07,0.000736810571974,8.14186102705,3.33921214214e-05,0.0126883660027,9.45228960563,2.66098838825e-07,0.000629917101281,9.12909707373,4.75344321809e-07,0.00105196963073,8.26507807535,3.71998933244e-06,0.00705471670979,9.14111567202,2.66979670679e-07,0.000896395835587,8.98937399741,1.63083867101e-06,0.0018878810098,8.63729312955,2.57038649902e-06,0.00339170444965,7.97049697252,4.47771612347e-05,0.0177282035567,8.61888122925,2.8608051012e-06,0.00369567722548,4.6392889016,0.177605908217,0.395866927212,8.38740345994,2.07070746711e-05,0.00769103453033,9.1528448026,7.02237853691e-07,0.00116477263407,5.49743451577,0.0408824054298,0.303189156374,7.39667858117,0.000208330861225,0.0557902511536,8.50924897009,1.11053942714e-05,0.00563511477253,5.25881656994,0.0526444958198,0.165883925158,-0.615011554321,0.478037937873,0.190138220787,-0.183170691133,0.473800301552,-0.101589311188,1.85588272903,-0.960139223402,1.18596549356,0.365864497046,-2.66797587201,-0.0483078099248,-0.0174511412316,0.0165899446455,0.0320876022982,-0.016998322233,0.0798311123875,0.0324410398289,0.0940551508596,0.0698308306414,1.4273886753e-08,3.77907684128e-06,-0.972889472039,6.98502716217e-06,0.00513409507021,1.63510754081,-2.28005023528e-06,-0.00464656517907,0.0251254434581,1.70636572382e-05,-5.80500453018e-05,-0.372532705168,4.14544632854e-07,0.000589453534032,-0.0920381466999,9.80738665442e-07,0.000726461426373,0.305022596017,-3.97720288024e-06,-0.00560003326018,0.0979123530896,-1.53831163236e-07,-0.000297877902236,-1.13661742396,8.76635708074e-06,0.005698918928,-0.520392200769,5.40433478951e-06,0.0047197161143,-0.936052943921,0.000206856727263,0.035351715286,-0.24682030646,1.18716662658e-06,0.00139861073686,0.512151315284,-0.110727132767,0.168490399602,-1.49770540281,0.000123506438622,0.023630239572,0.536486147543,-3.01538848826e-06,-0.00258474394997,-0.0248549657266,0.00598609167884,0.0849674061552,0.127305388381,-6.34152589494e-05,-0.0135860175928,-0.210088412434,2.89427482527e-05,0.0039630707282,0.145378772108,-0.00824699415859,-0.0217663088084
unguided,26,0.24,0.25,predicted,Actual proposal support boundary; monitored coordinates are pre-native endpoint forecast,True,50,-0.164355897775,0.514475940124,-0.0530616925621,0.0593850391722,0.188724354181,0.0501382089485,6.47448085063,6.5686510595,0.225988919002,-0.430704367632,2.246416834,0.18470292892,0.268792456909,0.263255248153,0.259297234179,0.208154938925,4.54515070806,0.206380034312,0.68724153371,9.6446227689,4.353835042e-08,0.000236960981563,8.98852793706,1.30887656648e-06,0.0017948500006,9.22902116633,1.95697132065e-07,0.000720584539197,8.14844791875,3.2657247822e-05,0.0125206989298,9.45147660134,2.66551948707e-07,0.000630596868077,9.12179878998,5.01340049652e-07,0.00108017709586,8.26811754986,3.66625765199e-06,0.0069966260875,9.14000910477,2.69851079513e-07,0.00090083317902,8.9785786524,1.71349599305e-06,0.00194181971188,8.63443331836,2.56540243866e-06,0.00341031273122,7.95995738956,4.67963797507e-05,0.0181272248266,8.61349619505,2.90642191669e-06,0.00373867696375,4.64344052145,0.176832283936,0.397090613803,8.37589392208,2.14899554102e-05,0.00787327722571,9.15643949078,6.81854698557e-07,0.00114710318302,5.49484294808,0.04106203711,0.304084612094,7.4031038225,0.000202312801389,0.0551746400004,8.50074359959,1.16940111668e-05,0.00575512381281,5.2614335535,0.0524662228853,0.165819772033,-0.737426233272,0.84969950291,0.038116812706,0.0366504043342,0.606147646904,0.00550643022203,6.78092756073,-0.00699626585947,2.06188574431,0.574920582746,-1.50944047826,-0.110322316694,-0.0674729424772,-0.0493526015669,-0.0435733011886,-0.0081587382041,0.22050659847,-0.0370614865401,-0.0484477828888,-0.729305600149,1.85042311151e-07,0.000612913565275,-5.44761179103,5.28267495676e-05,0.0323946953652,0.673158088797,-9.84309279282e-07,-0.00201858312794,0.579091720545,-6.72074459165e-05,-0.0142715418458,-0.0823114574295,5.09882777655e-08,7.46052740766e-05,-1.3568645152,5.47511521929e-06,0.00563935744184,0.236834378859,-2.35453902437e-06,-0.00354561110866,0.0306107875502,-1.52708234277e-08,-9.20112768995e-05,-1.17940894349,6.56518043259e-06,0.00504267873698,-0.734795365113,4.23480971734e-06,0.00662958142882,-1.13440222815,0.000222653743402,0.0434326956829,-0.713886356182,6.95539878964e-06,0.00609790586869,0.508415878546,-0.101516567847,0.144791466389,-1.51627944012,3.52730973497e-05,0.025571777702,0.299592210041,-1.8249587334e-06,-0.00157750136474,-0.681662674958,0.0457369121851,0.112952176394,0.493796523762,-0.000200841161945,-0.0596545840193,-0.968765599048,6.56243445497e-05,0.0141715835386,-0.249050656094,0.0145933153575,-0.00010260270348
unguided,26,0.25,0.259999990463,predicted,Actual proposal support boundary; monitored coordinates are pre-native endpoint forecast,True,50,-0.169073477339,0.527144259949,-0.0526168464088,0.0595483386135,0.194948548946,0.0506913398569,6.5641738723,6.56985065602,0.252193737337,-0.422334689134,2.21641534718,0.183172711123,0.268018641339,0.262814415704,0.258579775582,0.207718705595,4.54539832235,0.206429501201,0.685729717498,9.63145789814,4.67972771144e-08,0.000247859920543,8.89873112596,2.23150889401e-06,0.00234440302616,9.23744121351,1.84151271871e-07,0.000696438909415,8.15344286146,3.2047972503e-05,0.0124029351657,9.45064337648,2.6711860438e-07,0.000631409206763,9.10195978343,5.84846626194e-07,0.00116475677956,8.26981476293,3.67289855195e-06,0.00698380448762,9.14172788777,2.6667425421e-07,0.000894555610049,8.96578581854,1.76214227966e-06,0.00198873458454,8.62259722225,2.65508269336e-06,0.00352429607822,7.94780892795,4.92302361027e-05,0.0185968574703,8.60460350213,2.99991307699e-06,0.00381763534285,4.64945721917,0.175575576861,0.39876275654,8.35707787114,2.14125366181e-05,0.00820247008437,9.1588366468,6.65738679023e-07,0.00113322260678,5.48380126227,0.0417971436735,0.305448199902,7.40655451165,0.000204314037986,0.0545971594732,8.48987365811,1.24178811624e-05,0.0059185464433,5.25383555681,0.052936362127,0.165881873104,-0.664101189704,1.4977146948,0.0283520221711,0.533860117197,0.362688720226,0.089733145398,10.3772455122,0.61886359422,1.52723580946,-0.0345500129285,-2.49189534701,-0.16934277812,-0.0974332164133,-0.0585460872352,-0.0888992662146,-0.0467380067353,0.332241597192,-0.0775304932471,-0.17797694911,-2.13595599039,5.64003935684e-07,0.00183868108886,-8.62075598072,0.000109289830531,0.0574305567514,0.0292445373198,-3.09106230115e-07,-0.000508014480163,0.68819676401,-9.30926774692e-05,-0.0167906558008,0.230703405858,-3.47148266143e-07,-0.000485371124373,-2.09035639043,8.19296678396e-06,0.00851736594421,0.234411348521,-1.04585802322e-06,-0.0029779874236,0.0528788815529,-1.97196323855e-07,-0.000352116155918,-1.62387933321,8.01208273702e-06,0.00678925597911,-0.737326418562,3.9096917587e-06,0.00753630661231,-1.06432742051,0.000209237962818,0.0415440852394,-1.43420020784,1.92241766502e-05,0.0143277998792,0.340270960102,-0.0708486584516,0.0821838186781,-2.26605938885,1.16541489081e-05,0.0424407924493,0.61149480931,-2.61819133286e-06,-0.00242590581867,-1.88296012266,0.125941926631,0.193061274424,-0.162694957705,0.000793804433994,-0.0135563223257,-0.432787558025,1.90159583965e-05,0.00698425145396,-1.1027299143,0.0680817421193,0.0204430208582
unguided,26,0.26,0.269999980927,predicted,Actual proposal support boundary; monitored coordinates are pre-native endpoint forecast,True,50,-0.17763792157,0.54443023402,-0.0524946521187,0.0700622415161,0.195978128586,0.0519328718565,6.68202576087,6.58102833138,0.256533635191,-0.431395367891,2.19657892706,0.181316073357,0.266843792581,0.262084326408,0.257519248855,0.20722017879,4.55179554,0.204829424447,0.683681994728,9.60190364909,5.48184291336e-08,0.00027373460334,8.81611281745,3.49467317711e-06,0.00294346113563,9.22960605707,1.89515007463e-07,0.000710424249594,8.16221185403,3.07953942726e-05,0.0121848858138,9.45609066946,2.59608983384e-07,0.000620889445589,9.07999166217,6.65199385332e-07,0.00125052441474,8.27280577683,3.64534049153e-06,0.00693706633903,9.1410666824,2.65907153036e-07,0.000893790855901,8.94610106573,1.87373764779e-06,0.00207760483146,8.61968678999,2.64359627383e-06,0.00356103886347,7.93867084115,5.09811390071e-05,0.0189581065314,8.5848121909,3.29090544969e-06,0.00402523296133,4.65024594065,0.175415310767,0.398734290176,8.3305727343,2.17230383883e-05,0.0087220930747,9.16866938697,6.29490871899e-07,0.00109858506665,5.45718374562,0.0435808756427,0.307945837583,7.39984992334,0.000218188890069,0.0549035135539,8.49208784842,1.20743303347e-05,0.00589480884189,5.23937895521,0.0538278577277,0.16622863245,-0.600715926205,1.50990812799,0.078600525856,1.15909291804,-0.107280433178,0.101222466063,7.24777740899,0.240754398288,0.64738102074,-0.867773090932,-1.15514050436,-0.101407175747,-0.0776459673651,-0.0341557875965,-0.0690095986194,-0.0385040374895,0.450997086606,-0.112404404561,-0.113529682899,-2.46615073402,7.02086763059e-07,0.00222357782751,-4.44516746101,6.80285224611e-05,0.0323488891322,-0.760136535578,6.03442974027e-07,0.001493780771,0.963660632371,-0.000125418830596,-0.0238853779117,0.920760492611,-1.1976332604e-06,-0.00170437799568,-0.968685217356,3.85590557487e-06,0.00403849972096,0.375466098981,-7.13265933844e-06,-0.00766562794251,-0.529725955838,7.38886194949e-07,0.00145672346831,-1.09134186991,7.05306127216e-06,0.00532807611931,0.229430587059,-7.5611354901e-06,-0.00214913787984,-0.756201803819,0.000138854801343,0.0299776586967,-1.95110800542,3.02213554658e-05,0.0211252712824,0.086854338619,-0.0330173951869,-0.0148913428305,-1.15064231278,-1.09539558726e-05,0.0232889308736,1.04517193191,-3.55846344065e-06,-0.00350562576317,-1.97007748916,0.131378647032,0.185119221719,-0.0451690803962,0.000272572770597,-0.00431379899282,0.10522232936,-4.63178967776e-06,-0.000806231073883,-1.05159912923,0.0636575454954,0.0284043929439
unguided,26,0.27,0.280000001192,predicted,Actual proposal support boundary; monitored coordinates are pre-native endpoint forecast,True,50,-0.181087795863,0.557342422509,-0.0510448358917,0.0827301969743,0.192802940283,0.0527157891782,6.70912942048,6.57466574399,0.265141357752,-0.439690150953,2.19331253709,0.181144567608,0.266465721992,0.262131299952,0.25719958361,0.206948624845,4.55441826408,0.20418141311,0.68345912384,9.58213488346,6.08390123755e-08,0.000292331477094,8.80982777674,3.59207934323e-06,0.0029913808088,9.2222384828,1.96220131352e-07,0.000726314524835,8.17271607411,2.95395958911e-05,0.0119252276075,9.46905858633,2.43165939172e-07,0.000597321646849,9.08258607908,6.61964737692e-07,0.00124552677398,8.27732408491,3.53024536518e-06,0.00683049192877,9.13113336865,2.81451978109e-07,0.000923690079415,8.94395898114,1.9032035051e-06,0.00209529610693,8.62718583399,2.50385998356e-06,0.00348131332063,7.93268489188,5.20073321296e-05,0.0191964106443,8.56558134202,3.60434018631e-06,0.0042401407685,4.65119430594,0.174915228957,0.398464929683,8.33406502488,2.11934575006e-05,0.00866824870185,9.17974008544,5.9456941021e-07,0.00106311009151,5.44439971249,0.0444247166141,0.309150584336,7.40565113004,0.000209765493398,0.0545108834933,8.4919781047,1.23252453689e-05,0.00590242182182,5.23280357423,0.0542095130369,0.166449960963,-0.146484820513,-0.4942964889,0.293359637261,1.14359098673,-0.356554031372,0.0376776956104,-0.902836392996,-0.607794125055,1.35251553215,0.210632336771,-0.704591471456,0.0163593057879,0.00231450379817,0.0351362144179,0.00868190784369,-0.0315535261523,-0.0904373446015,0.0277309264695,0.022422977071,-1.38998149343,4.29353736345e-07,0.00131901866041,0.737937959609,-1.25989429115e-05,-0.00541420527569,0.091893360024,-1.56277941984e-07,-0.000308523727007,0.80251492166,-9.75102892848e-05,-0.0200652578602,0.501710025465,-6.19351527613e-07,-0.000887314754343,0.948841707276,-2.75172395516e-06,-0.00316196290424,0.253612844404,-5.70890901724e-06,-0.00620424565731,-0.817492760737,1.27129768417e-06,0.002472566764,0.827048656884,-5.62341917277e-06,-0.00381488686487,0.745223773009,-1.28541346591e-05,-0.00777154840234,-0.808818900422,0.000169639838045,0.0319442880153,-1.74313918823,3.07354687692e-05,0.020145585119,0.510493585471,-0.117932482928,0.0609301800587,1.70296822592,-0.000144680335726,-0.0299727433455,0.225019406181,-6.8465384461e-07,-0.000699076601012,-0.570565656926,0.0381956082006,0.108340791081,0.62764087428,-0.00085760743807,-0.0472766102397,0.00533932321281,2.14442728564e-05,0.000532001791447,-0.463315597165,0.0257423740114,0.0188678669858
unguided,26,0.28,0.289999991655,predicted,Actual proposal support boundary; monitored coordinates are pre-native endpoint forecast,True,50,-0.18056761798,0.534544304242,-0.0466274593735,0.0929340612507,0.188847047958,0.0526864257687,6.66396903301,6.56887244888,0.283583945834,-0.427182721156,2.18248709763,0.181643259473,0.266890082657,0.262787050697,0.257692887012,0.206589108267,4.54998679311,0.205384042976,0.684130454269,9.57410401922,6.34055038605e-08,0.000300114976549,8.83087157664,3.24269431887e-06,0.00283517703011,9.23144392427,1.86389448623e-07,0.000704253775054,8.17826215246,2.88451884869e-05,0.0117835806566,9.46612486997,2.47221952832e-07,0.000603143150502,9.09896849632,6.10164906228e-07,0.00118728515666,8.27787803372,3.53116231118e-06,0.00681298142588,9.12471682718,2.9133310672e-07,0.000943242191181,8.96264203887,1.76126926434e-06,0.00200130709416,8.63459126545,2.38651358065e-06,0.00340560789542,7.92249446315,5.4373935768e-05,0.0195969922917,8.54994940713,3.90561482508e-06,0.00442814466371,4.66045581236,0.173056661109,0.399952893777,8.36463209882,1.88294316738e-05,0.00812263820779,9.17316977509,6.15797795007e-07,0.00108460353463,5.44577243248,0.0443447878067,0.310112653404,7.41240274083,0.000201036741307,0.0539579813491,8.49219463489,1.25032157918e-05,0.00590544887772,5.23011264327,0.0543427052079,0.16660598979,-0.106308319113,-1.13435536482,0.0400882959365,1.0101852417,-0.552317202091,0.0749804633392,0.175111744478,2.20607195638,1.25617912497,0.514982743226,4.3751682455,-0.0029682910739,-0.016140232692,-0.0232279315755,-0.0337859048034,0.0125870461945,0.459462243999,-0.137433083469,0.0237249583115,-0.746357950943,2.47876196458e-07,0.000737926858451,-0.722986694265,1.29429427191e-05,0.00565694328907,-0.453920705506,4.26675706415e-07,0.000988946882264,0.0778022889612,-1.58935711786e-05,-0.0026243816823,-0.317669079641,5.04584406482e-07,0.000715255539568,-0.00737165766975,-4.46360694864e-07,-0.000154626559301,-0.0911896445289,2.93805852321e-07,0.000581556956054,-0.736771942907,1.24749899131e-06,0.00232433782944,1.55045737233,-1.07615057785e-05,-0.00740752380578,1.23100169236,-1.93601062279e-05,-0.0127563303169,-0.9957058643,0.00020598030078,0.0397197975813,-1.12438146407,2.22723836117e-05,0.0137227640651,0.381997099382,-0.0755848953595,0.0414999961505,2.21926302823,-0.00018081200458,-0.0387142069464,-0.385815158145,1.80655060778e-06,0.00166524945828,0.0334136867295,0.000351897175311,0.0894988927188,0.396011474108,-0.000498318016963,-0.0328463387232,-1.80439221147,0.000117468577243,0.024678063186,-0.357499771948,0.0220019607956,0.0257938819902
unguided,26,0.29,0.299999982119,predicted,Actual proposal support boundary; monitored coordinates are pre-native endpoint forecast,True,50,-0.183213962245,0.534655315212,-0.050243069973,0.102933901808,0.181756596241,0.054215398445,6.71263165537,6.61878718311,0.290264940251,-0.429390496088,2.280815902,0.181085201787,0.266142917338,0.261666741321,0.256523865514,0.207200365769,4.56360750896,0.201432751441,0.683933623006,9.56720772444,6.57965363047e-08,0.000307090014263,8.79536804285,3.85093819761e-06,0.00310451967459,9.21316006869,2.0475364548e-07,0.00074609346248,8.17427211989,2.92217244675e-05,0.0118727399739,9.46270520474,2.53257627302e-07,0.000611626757641,9.08243864593,6.53037523794e-07,0.0012424342428,8.27550029202,3.53612148223e-06,0.00684212306789,9.1163979298,3.06401957935e-07,0.000970176836004,8.97496812859,1.68797338953e-06,0.00194714563081,8.65180586784,2.116657859e-06,0.00322618671429,7.91277077459,5.61269381452e-05,0.0199908065959,8.54309371274,4.04978785854e-06,0.0045145960498,4.65883424793,0.17340353105,0.399294929606,8.37845028545,1.7577217409e-05,0.00789396456292,9.17202378227,6.30700422366e-07,0.00109641508068,5.44506798622,0.0444317545576,0.310940562191,7.41357135952,0.000199799133059,0.0538539567188,8.45589026047,1.46746169137e-05,0.00639598308554,5.22565357879,0.0546495522528,0.166965838603,-0.451570457168,2.62128074826,-0.140495896339,1.03792338073,-0.682793259621,0.135097102752,8.13157240172,4.05204848081,-0.419559281946,-0.960558139099,9.00904791056,-0.127055470915,-0.0678037156183,-0.114428309579,-0.107644418699,0.0361034065429,1.21697413445,-0.338415094399,-0.186708481454,-1.10754350966,4.11699824294e-07,0.00116926367466,-2.97920681101,5.14458653146e-05,0.0227221565528,-2.2145515744,2.43569173158e-06,0.00533741885867,0.0163465639026,-3.81904319483e-05,-0.00216836747021,0.245081727009,-1.25747908971e-07,-0.000200357770534,-2.32702584327,5.84790897316e-06,0.00762001709465,0.239847910748,-7.43188671881e-06,-0.00597667995866,-0.511402847614,8.13990038689e-07,0.0015067516686,-0.084865589465,2.23483498362e-06,0.00106041901462,1.34131557416,-1.9507780985e-05,-0.0132708977426,-1.04707384922,0.000202473267367,0.042753459907,-0.776802732811,1.37523725164e-05,0.00895803425363,-0.111462495305,0.0156868131059,-0.0377411865905,-0.0661548630083,-1.18433032008e-05,0.00160772436527,0.251669005163,4.36411459132e-07,8.91630391294e-05,-0.829449053557,0.0583887492964,0.130358716791,-0.91461836839,0.00127524002095,0.0674096502784,-3.49900983621,0.000180048171978,0.0490601122408,-0.465180754045,0.0296118648368,0.0141417361123
unguided,26,0.3,0.310000002384,predicted,Actual proposal support boundary; monitored coordinates are pre-native endpoint forecast,True,50,-0.189599027123,0.586969919207,-0.0494373773003,0.113692528865,0.175191182766,0.0553883678237,6.82660048105,6.6499134185,0.275192760195,-0.446393883938,2.36266805584,0.179102150055,0.265534008344,0.260498484505,0.255539998638,0.207311176398,4.5743262758,0.198615741088,0.68039628464,9.55195314903,7.16395003464e-08,0.000323500250042,8.77128744042,4.27161162517e-06,0.00328962016117,9.18715289279,2.35103283255e-07,0.000811002152227,8.17858908374,2.80813798479e-05,0.0117402133072,9.47102650451,2.44706994652e-07,0.000599135995092,9.05242797945,7.27123085691e-07,0.00133968549855,8.28267499194,3.38252457681e-06,0.00669344782671,9.11448877023,3.07612907493e-07,0.000973377224553,8.96094472708,1.80596596401e-06,0.00202251547445,8.66141757693,1.99635796095e-06,0.00314018994057,7.90155298616,5.84234011153e-05,0.0204520614898,8.53441335247,4.1806622754e-06,0.00460730534878,4.65822656245,0.173370397371,0.399198070046,8.36330900156,1.85925656098e-05,0.00815479269509,9.1782031552,6.2452602419e-07,0.00108638679541,5.42918345141,0.0455125627926,0.31271982774,7.39411037346,0.000226541541726,0.0553061743546,8.42221443816,1.61041792314e-05,0.00688665112253,5.22080902819,0.0549349425047,0.166888824512,-0.35607555377,2.28111761646,0.192106842995,0.994711339474,-0.77241140604,0.0555370365011,10.9159893778,1.05083638877,-1.64255731686,-1.38746532423,4.86000726541,-0.151895666974,-0.0672225869238,-0.112059103451,-0.0891922409205,0.0209333656983,0.839282636463,-0.222810382709,-0.294718259893,-1.88902098335,7.29410833245e-07,0.00204190002147,-1.72286099003,2.8235859201e-05,0.0129699426189,-2.0256970273,2.38995776686e-06,0.00507780470725,0.667112093123,-0.000123774480724,-0.0181377745,1.51355749031,-1.67247822381e-06,-0.00247485453557,-3.00037990805,9.28809829503e-06,0.010860722477,0.737909198506,-1.65178450335e-05,-0.0153913751922,-0.416143823052,5.4303426784e-07,0.001074684156,-2.0216048368,1.80913884805e-05,0.0111435352169,0.93924645191,-9.51703464834e-06,-0.00803842542115,-0.909818632978,0.000190080318438,0.0377971458665,-0.982431796248,1.49365919883e-05,0.0106183075222,0.0944559715925,-0.0286710526914,-0.0303289774035,-2.22662630915,0.000184644198262,0.0388449004877,0.724648202654,-1.24541520082e-06,-0.00153981933415,-1.97918039505,0.138233091687,0.194312231599,-1.43037598633,0.0018963921471,0.113865629406,-2.67025686983,0.000127956606231,0.0400418224873,-0.706041719413,0.043590056873,0.00894561236293
unguided,26,0.31,0.319999992847,predicted,Actual proposal support boundary; monitored coordinates are pre-native endpoint forecast,True,50,-0.190335473321,0.580277667542,-0.0464009331131,0.122828128598,0.16630836812,0.055326139175,6.93095144292,6.63980391089,0.257413793914,-0.457139802573,2.37801604731,0.178047288447,0.264798465599,0.259425559252,0.254740020695,0.207619033083,4.58039316169,0.196976543786,0.678039257808,9.52942730478,8.03847529696e-08,0.000347928014692,8.76091082305,4.41565538163e-06,0.00336391852696,9.17264612814,2.52552800817e-07,0.000847649556625,8.18761436175,2.67462348531e-05,0.0115099844839,9.49297635455,2.19808062826e-07,0.000562129666929,9.02243104777,8.38799489695e-07,0.00145964869234,8.29025847599,3.20576458156e-06,0.00653429556405,9.10807505333,3.17262643292e-07,0.000991670519124,8.93453603185,2.04980115914e-06,0.00217001633515,8.67059079688,1.92631716604e-06,0.00306541820587,7.89457440193,5.99285445139e-05,0.0207467495132,8.52344507681,4.3485196983e-06,0.00472696220025,4.66072336736,0.172830109996,0.398688350058,8.33391775927,2.12701013742e-05,0.00867086257267,9.18651674633,6.05792118349e-07,0.001065618694,5.40548437832,0.0471964163913,0.314826806823,7.38496383979,0.000237726976001,0.056131269307,8.40248512307,1.72337490383e-05,0.00719681953529,5.2115327444,0.0555213533902,0.16714475085,-0.139885081997,-0.282917607829,0.0888531208039,0.66489957273,-0.684931218624,0.00505969404755,6.64484737898,-0.275543885423,-0.985308326005,-0.522287240172,1.82772664224,-0.0620668928062,-0.05048894829,-0.0741675835909,-0.0593276141607,0.0203636462942,0.467244767143,-0.134638851804,-0.165977402295,-1.43419597809,5.55972487776e-07,0.00155412327702,-0.909402570708,1.39875535794e-05,0.00676716113531,-1.12026627714,1.38766940504e-06,0.00288796017562,0.427404125578,-6.58189169499e-05,-0.011123172422,1.47494841506,-1.63760622033e-06,-0.0024532888579,-1.88139130451,7.03401520018e-06,0.00757882098508,0.321718290881,-8.63406932307e-06,-0.00713914723415,-0.385162391433,5.61257150241e-07,0.00108336816864,-1.44177912337,1.40685149644e-05,0.00830294906641,0.752648115003,-6.85639148264e-06,-0.00645843605748,-0.419239034472,8.50088374486e-05,0.017711461683,-0.694402941744,1.1275993998e-05,0.00773153303712,0.113177070623,-0.026786915477,-0.0434716904114,-1.66299300603,0.000158749095201,0.0291545374446,0.559682144272,-1.19005563688e-06,-0.00134893061169,-1.45153573768,0.103525228517,0.147595827843,-0.349512635885,0.000410775586088,0.0330139598493,-1.61995386189,0.000107266059927,0.0253703665458,-0.709179534964,0.0448472692151,0.0228249876143
unguided,26,0.32,0.329999983311,predicted,Actual proposal support boundary; monitored coordinates are pre-native endpoint forecast,True,50,-0.192396728763,0.58131156705,-0.0476603148842,0.12699052032,0.161492558393,0.0554895617047,6.95949742863,6.64440254079,0.255486593675,-0.456839628741,2.39922258868,0.177860812199,0.264524229379,0.259015132833,0.254353446354,0.207718449324,4.58367117114,0.195922964052,0.677076736594,9.52326922946,8.2758950102e-08,0.000354582715582,8.75309938901,4.55136269675e-06,0.00342496338387,9.16474756724,2.62856671356e-07,0.00086876135574,8.18713716625,2.67650015089e-05,0.0115177498587,9.50052547281,2.11954870246e-07,0.000550070217934,9.01480015336,8.67803389695e-07,0.00149126191825,8.28910935775,3.20984319035e-06,0.00655066488203,9.1067855224,3.18838050498e-07,0.000995044587926,8.93210914461,2.0873362633e-06,0.00218857445578,8.67647053923,1.8592301313e-06,0.00301102121942,7.89316820547,6.01235778643e-05,0.0208062907235,8.52052529364,4.40618215536e-06,0.00476193600953,4.66049010386,0.172834659061,0.398328636237,8.33004914144,2.17675475138e-05,0.00873788344399,9.18939679808,6.00724911452e-07,0.00105940818318,5.40015273666,0.0475830673629,0.315671744297,7.38712012074,0.000234757053448,0.0559664535516,8.38981536093,1.82495004299e-05,0.00739405845345,5.20662543749,0.055831887889,0.167345324264,-0.0434764684326,-0.502150022089,-0.320008397102,0.518547356129,-0.206102728844,0.046732733641,1.00422301905,1.66540660742,-0.750414922514,-1.50271838424,1.79215794749,-0.0136362402783,-0.0240524565765,-0.0407057953697,-0.038191826512,0.0219933988799,0.635399866422,-0.166751245,-0.00344259089081,-0.415803092746,1.61851082481e-07,0.000447326156069,-0.0831145385323,1.01129187031e-06,0.000595371415335,-0.875246910243,1.06670760301e-06,0.00222461403354,-0.350117789658,3.90879688037e-05,0.00833423099641,1.66441193105,-1.77756912315e-06,-0.0027931872443,-0.268866431772,1.13904020809e-06,0.00118781898025,-0.0997195956247,3.3342929668e-07,0.00133149543356,-0.380706757858,6.23624715804e-07,0.00118716813171,-0.132332759042,2.48491826699e-06,0.00116015483788,0.408649651371,-4.90832412476e-06,-0.00392416563695,0.335474306867,-9.82706317418e-05,-0.0137740321954,-0.189778254463,4.16509314089e-06,0.00247746563939,-0.834719514215,0.154931354217,-0.155844336818,0.0782700461085,2.77354977853e-06,-0.00156933511722,1.70421550556,-5.18573253512e-06,-0.00538389040047,-0.160315859524,0.016872093592,0.0618592506124,0.150870134961,-0.000198781610949,-0.0118939715899,-0.513039423344,4.22289713534e-05,0.00804000880584,-0.496359720741,0.0342365139132,0.0249733801943
unguided,26,0.33,0.340000003576,predicted,Actual proposal support boundary; monitored coordinates are pre-native endpoint forecast,True,50,-0.191205002689,0.5702346671,-0.0528011010551,0.13319907572,0.162186313543,0.0562607938478,6.95103590331,6.67311204304,0.242405495464,-0.487194170258,2.41385920626,0.177774563642,0.264317416468,0.258611443345,0.253976184165,0.208058901061,4.59310115902,0.193641518886,0.67797040599,9.52111124292,8.36217746192e-08,0.000356874537814,8.75924853228,4.43588121904e-06,0.00337582595527,9.15514118994,2.73886952877e-07,0.000892141837296,8.18061200596,2.75279942291e-05,0.0116766691038,9.52626459317,1.84256680363e-07,0.000506265922043,9.01705371913,8.61580293857e-07,0.00148340507194,8.28826408408,3.21243316749e-06,0.00656092547272,9.10046091818,3.29735137608e-07,0.00101541388176,8.93188937667,2.09949952448e-06,0.00219321943191,8.67876378991,1.82815068354e-06,0.00298693489313,7.90128388807,5.79631318791e-05,0.0204712688693,8.51964951173,4.43182156112e-06,0.00477651151303,4.64402897708,0.17592873708,0.395571463322,8.33548316019,2.13255723698e-05,0.00863947587033,9.22060105644,5.02077467647e-07,0.000957940885986,5.40227806113,0.0475338582632,0.316063991835,7.38798124249,0.000233751343782,0.0558933898752,8.39222433461,1.80783284654e-05,0.00735761971141,5.20160554999,0.0562060836685,0.167644218454,-0.09411260602,-0.364760512044,-0.192000985146,0.636622458696,-0.194203615189,0.0168971475435,-0.245564237882,1.82667853899,-0.680356347061,-1.89097735016,1.04992101026,-0.00885510718852,-0.0171050239978,-0.0314621698213,-0.0211482150066,0.0262123340501,0.613975669074,-0.150632812694,0.0474087205585,0.0471019740908,-8.86990090141e-08,-0.000168344105232,0.675611890452,-1.23924700827e-05,-0.00534915773249,-0.617500645662,6.97113176871e-07,0.00149378109738,-0.859109982004,0.000103290837252,0.0210912400879,1.9111676031,-1.94003149054e-06,-0.00311421452889,0.308729457153,-9.65835811186e-07,-0.00115498675688,-0.0503793517643,-5.54962685668e-07,0.000634835692404,-0.770848438641,1.57736988647e-06,0.00264715078563,0.0368080650356,-5.07238497317e-08,-8.80269729171e-05,0.0605973565598,-4.8712160226e-07,-0.000457689147748,-0.0105705498202,-8.23702045261e-06,0.000609300144777,0.2931417908,-1.15526056686e-05,-0.00508312360334,-0.764069304377,0.123707148982,-0.138849928087,0.457598032139,-4.10321958986e-05,-0.00816680410452,2.30774102331,-6.84462666213e-06,-0.00722184294226,0.0619342138849,-0.00137212365843,0.0465179530023,-0.175506744096,0.000188076656827,0.017087743345,0.539620125897,-4.09668293217e-05,-0.0084209094392,-0.541131828266,0.0397301748806,0.0465130999405
unguided,26,0.34,0.34999999404,predicted,Actual proposal support boundary; monitored coordinates are pre-native endpoint forecast,True,50,-0.194278980883,0.57401635681,-0.0515003345871,0.139722969494,0.15760848609,0.0558275046556,6.95458614387,6.68093611157,0.241879466733,-0.494659175744,2.42022100889,0.177683710055,0.264182128899,0.258385889437,0.253930482054,0.208242696005,4.59595068452,0.192910307798,0.678024911005,9.52421126895,8.09849699217e-08,0.000351215833478,8.76661162682,4.3035132951e-06,0.00331798022922,9.15239755433,2.76798934893e-07,0.000898636977687,8.16995496661,2.8830818254e-05,0.0119395746605,9.53874882487,1.73154240435e-07,0.000487785927356,9.02097474251,8.48486673471e-07,0.00146816218312,8.28810177072,3.19874393663e-06,0.00656336159587,9.09136855363,3.50385448228e-07,0.00104798760364,8.93284530592,2.0863217863e-06,0.00218681391632,8.67768248636,1.84948769925e-06,0.00300186743646,7.89295679447,5.99588374552e-05,0.0208184767264,8.52638812946,4.17513004199e-06,0.00466027353746,4.64520871778,0.175308802041,0.395551637676,8.33920110208,2.09469035958e-05,0.0085745473619,9.23555161855,4.6383237821e-07,0.000914971324332,5.40139142094,0.0475556248898,0.316602103357,7.38360998586,0.000238518586585,0.0563082084185,8.40060776344,1.74301638435e-05,0.00722564026466,5.19580280092,0.0566264913866,0.168275586263,-0.0687044067351,0.190649239783,0.211578011513,-0.0320860743523,-0.928205728531,0.0084798951947,0.00306744118637,-0.434050213239,0.523064292915,-0.271181407136,-0.93091611289,-0.00595183533049,-0.0011390291584,0.00227458166426,0.0120196089957,0.00991196376704,-0.129392043218,0.00188607715787,-0.0304060618173,0.28309956246,-1.92088722996e-07,-0.000442728427454,-0.226765504599,7.56509143968e-06,0.00231852077288,0.395254130203,-6.30595257066e-07,-0.0012054466538,-1.42631021336,0.00017264003344,0.035853830531,1.05475286399,-9.12647658013e-07,-0.0015333789882,0.3252213964,-1.42074236861e-06,-0.00147370137669,0.00948649369724,-1.07519110575e-06,-0.000435943636922,-0.847339803399,1.65424109056e-06,0.0028412815972,0.345681319132,-4.7365255138e-06,-0.00240621642826,-0.426983599234,7.26928576928e-06,0.00490063032245,-0.454663132532,0.000139500143487,0.0187786204426,0.426076067862,-1.51004658239e-05,-0.00719673163631,0.379108935669,-0.104048636118,-0.0332265675799,0.0889530745215,-3.01663944615e-05,-0.000979628620902,1.09335417965,-2.85350495032e-06,-0.00319894035406,0.431659426855,-0.0249404539519,0.0725066367759,-0.542260611817,0.000480208425584,0.057887619083,0.523793292064,-5.62133909844e-05,-0.00843356418015,-0.613807827319,0.0439454119202,0.0505271828974
unguided,26,0.35,0.359999984503,predicted,Actual proposal support boundary; monitored coordinates are pre-native endpoint forecast,True,50,-0.192579090824,0.574047651895,-0.0485695408249,0.132557354233,0.143622198973,0.0564303917517,6.95109725213,6.66443103877,0.252866781322,-0.4926177984,2.395240884,0.177655526935,0.264294635885,0.258656934978,0.254216576345,0.208257140336,4.59051331816,0.19367924043,0.677362284754,9.52677323417,7.97800001593e-08,0.000348019969265,8.75471322219,4.58718304783e-06,0.00342219637073,9.16304627254,2.61275047736e-07,0.00086803290422,8.15208580169,3.09807948979e-05,0.0123937457144,9.54735965045,1.66003727202e-07,0.000475598342279,9.02355814706,8.33165446485e-07,0.00145393104441,8.28845381395,3.19092934537e-06,0.00655220659998,9.08351412211,3.6281995942e-07,0.0010722395137,8.93880300305,2.00476901421e-06,0.00214509510334,8.67022411792,1.97353639893e-06,0.00308494749958,7.89219062542,6.07531347488e-05,0.0208468412782,8.52817103308,4.12981224465e-06,0.00463257688031,4.65161115579,0.173847764358,0.39490693197,8.33726222168,2.07222444806e-05,0.00861988329791,9.24246814003,4.45007368641e-07,0.000893962078905,5.41091124967,0.0470350491841,0.317514124571,7.37713603026,0.000243355512294,0.0570511422568,8.40270020045,1.69540606457e-05,0.0071889484278,5.18932939344,0.0570849919069,0.168654762112,-0.0678032958002,0.00540433951756,0.488154292107,-0.0835770368576,-1.08046424389,0.00869072271036,0.224694665738,-3.17969397931,1.1446208401,0.503176542372,-1.95204771428,0.0156779159098,0.0269265770098,0.0509961223219,0.0308601320787,-0.0258094744838,-0.704098776806,0.122549650373,-0.0381822077626,-0.0400016856978,2.30360145065e-08,5.17777475134e-05,-0.31412609035,8.71742751237e-06,0.0029415991284,0.797472091268,-1.13268151e-06,-0.00229273529438,-0.655816024168,7.41822942584e-05,0.0165659249374,0.564302305259,-3.80161753797e-07,-0.000658996792667,0.245328179256,-1.3914747388e-06,-0.00126610173308,0.262816026404,-3.98874149118e-06,-0.00534717912393,-0.553365699128,7.86275466592e-07,0.00165394663104,0.418194552682,-5.32853359436e-06,-0.00278438248995,-0.178027123708,4.45268981026e-06,0.00261655468992,-0.591464018545,0.000188042358849,0.0247675290771,-0.488329160787,8.40502962336e-06,0.00535250583535,0.871069727588,-0.209242950968,0.0652442327022,0.268850226333,-4.45371536389e-05,-0.00427126270298,0.45368746189,-8.7632178871e-07,-0.00109889670117,0.591366494197,-0.0319429875029,0.13168963737,-0.417447102579,0.000281623164427,0.048558072685,0.246158046061,-3.43399445895e-05,-0.00401962140032,-0.293011872411,0.0202638334695,0.0121251016902
unguided,26,0.36,0.370000004768,predicted,Actual proposal support boundary; monitored coordinates are pre-native endpoint forecast,True,50,-0.195635046799,0.5741244436,-0.041737248745,0.138051428757,0.135999201212,0.0560013191098,6.95908003718,6.61734223198,0.264771883536,-0.484595644897,2.3811800546,0.177997268373,0.264720660439,0.259405811883,0.254547684696,0.207726506515,4.58186870899,0.195361300805,0.67726126685,9.52341123523,8.14456902118e-08,0.000352251388428,8.76032910501,4.47786184535e-06,0.00337681221179,9.16834699616,2.54145304693e-07,0.0008527822718,8.15683864612,3.03144641391e-05,0.0122708931592,9.55003487097,1.65551005359e-07,0.000474605991502,9.02588130609,8.20657178695e-07,0.00144284014845,8.29335809125,3.11896910681e-06,0.00645641801339,9.08030123965,3.66110957559e-07,0.00108106653626,8.94120919697,1.97975111441e-06,0.00213112626652,8.67412194389,1.93854149546e-06,0.00305419853026,7.8811275141,6.37196846322e-05,0.0213138273079,8.51662154624,4.34323063446e-06,0.00476732365417,4.66263011233,0.171123943022,0.39685652233,8.34457810661,2.00561605231e-05,0.00848912210784,9.24462536779,4.46305942436e-07,0.000892993390308,5.41321875082,0.0469167651397,0.319235896104,7.37526104381,0.000244151049873,0.0572793698722,8.40553092437,1.67433649517e-05,0.00714524783666,5.18994256347,0.057031768056,0.168518088297,-0.17378377665,-0.518338293085,0.448838353157,0.881819501519,-0.348857820034,-0.0765459646202,1.70800331081,-3.07476620903,0.594252007966,0.78241705446,0.523540483418,0.0150543911042,0.0219612348327,0.0396524880052,0.0163853123299,-0.0418293736347,-0.194523263536,0.0572259411611,0.0110359807819,-0.266979538574,1.34824162601e-07,0.000339193690028,0.896363554504,-1.86051955739e-05,-0.00742007218974,-0.274106014313,4.11839129835e-07,0.0007418988309,0.407024302294,-5.0267711692e-05,-0.0104211685002,0.536362159589,-3.12667373156e-07,-0.000555726446063,0.0576125689853,-1.36533692397e-07,-0.000151000668793,0.28918889849,-4.55622686791e-06,-0.00567413619273,-0.148772857511,1.38532098566e-07,0.000400902286114,-0.19310010637,2.63961577876e-06,0.00138508785455,0.572687381382,-7.30415450325e-06,-0.00532761364275,-1.27937406821,0.000322248523744,0.0548227248657,-0.791758137782,1.18606228876e-05,0.00856152892797,0.92157532269,-0.21775200809,0.217927534164,0.577597309551,-3.97038195104e-05,-0.0105989366161,-0.0343622483064,8.31683854754e-07,0.000706107459632,0.000422760635956,0.00196040027929,0.152015738617,0.0792269491283,-0.000122539282754,-0.00739248306693,0.21304107485,-5.68819830156e-06,-0.00318738960749,0.022018584296,-0.00188458520644,-0.015522891949
unguided,26,0.37,0.379999995232,predicted,Actual proposal support boundary; monitored coordinates are pre-native endpoint forecast,True,50,-0.196054766357,0.563680886034,-0.0395927737618,0.150193744264,0.136645042572,0.0548994724593,6.98525731835,6.60293571459,0.264751821481,-0.476969457311,2.40571169367,0.177956614757,0.264733860581,0.259449984738,0.254544282592,0.207420552863,4.58662285289,0.194823759253,0.677583004369,9.5214336434,8.24764834113e-08,0.000354803843065,8.77264049328,4.21507913635e-06,0.00327379492693,9.15756415226,2.69511830333e-07,0.000882870880838,8.16022628773,2.99754406641e-05,0.0121853223444,9.55808689364,1.59750379739e-07,0.000464483813358,9.02471039844,8.30434772637e-07,0.00145091103103,8.29423759192,3.09980480802e-06,0.00643872387613,9.08053866496,3.65590601391e-07,0.00108025755942,8.93494100092,2.05756132978e-06,0.00217279686043,8.68167786555,1.82745330886e-06,0.00297839522672,7.86660314405,6.71981052237e-05,0.0219432957755,8.51233587033,4.3670247024e-06,0.00480380745887,4.67004266225,0.169492724196,0.399265482653,8.34881416787,1.99281680904e-05,0.00840790456559,9.24178089507,4.61641045736e-07,0.000908084228098,5.41091970488,0.0470742571897,0.320554439343,7.37872056924,0.000240904726638,0.0569032925955,8.40696102194,1.68402966797e-05,0.00712520063565,5.18976976513,0.0570473002028,0.168344304273,-0.125580996098,-0.274846475545,0.194052815437,1.04820695519,0.207243323326,-0.0719572932603,1.769153507,-1.43837592074,0.300740170608,0.705078759678,1.14366733501,-0.00196020368787,0.00250371156103,0.00778702426855,0.00525311675689,-0.0195032345363,0.124153873178,-0.00895988959809,0.0214192214821,-0.183665525708,7.54004667232e-08,0.000205606281099,0.930317635712,-1.83743102928e-05,-0.00753099648603,-0.666296042897,8.95212937668e-07,0.00178667197462,0.50828653571,-5.72797148889e-05,-0.012701582939,0.735395157661,-5.46863551661e-07,-0.000957866320733,0.361671016136,-1.02410926306e-06,-0.00124944902796,0.10857375896,-1.4933873638e-06,-0.00193676970549,0.1031331446,-2.34758357588e-07,-0.000375409759197,-0.260497331287,3.2162976269e-06,0.00173506078939,0.218349088261,-3.55573119833e-06,-0.0021007134832,-1.29903820197,0.000330236334625,0.0567262241637,-0.516449366678,6.88026858495e-06,0.00544348815065,0.664229119726,-0.136786864406,0.201265712104,0.324525276264,-1.79215305414e-05,-0.00597566645211,-0.0499394954533,5.63906452022e-07,0.000509252265922,-0.291523107026,0.0216419297208,0.112850810088,0.313113651726,-0.000280896578544,-0.0339720359702,0.599955714408,-3.10661858364e-05,-0.00893015639789,0.117908428235,-0.00709129013407,-0.00849125163554
unguided,26,0.38,0.389999985695,predicted,Actual proposal support boundary; monitored coordinates are pre-native endpoint forecast,True,50,-0.198146666721,0.568627514089,-0.0378561924362,0.159015567861,0.140144067678,0.0545621732446,6.99446310732,6.58857471357,0.270786686948,-0.470494069703,2.4040534013,0.177958064299,0.26477073467,0.259561552369,0.254652747031,0.207336441824,4.58435178645,0.195182103014,0.67768965128,9.51973792472,8.29536995463e-08,0.00035636351405,8.77893545772,4.11037563949e-06,0.00322619228207,9.1550210753,2.72049563447e-07,0.000888515711292,8.16700437684,2.91688698413e-05,0.0120168615005,9.56474277413,1.54613734326e-07,0.000455448665088,9.03311472641,8.00174993434e-07,0.00141785116789,8.29552956643,3.08910135953e-06,0.00641768261928,9.08236390254,3.61415790408e-07,0.00107355834108,8.93599925034,2.04407706695e-06,0.00216582748231,8.67848892565,1.86742687149e-06,0.0030121842606,7.85514675006,7.03244113247e-05,0.0224483517912,8.50629255891,4.48083600616e-06,0.00487619341718,4.67591469472,0.168388205733,0.400881836572,8.35106861213,1.96977299122e-05,0.00836960877879,9.24362657788,4.57584071476e-07,0.000903178435627,5.40738828868,0.0473496037341,0.321492912306,7.38152331685,0.000238533118302,0.0565999291528,8.41753003865,1.6122041235e-05,0.0069666447087,5.19230073204,0.0568899422533,0.168348263264,-0.177716444334,1.54034848936,-0.132573962212,0.706014245749,0.923795640469,-0.0196488049427,0.574550570358,-0.711880319563,-0.0447402827822,0.282410592028,0.171991767843,-0.00153560645058,0.00401146033676,0.00744715532671,0.00318794474306,-0.00709378798936,0.0308954520608,-0.00863560994069,0.0567774590153,-0.205155706858,1.35438518325e-07,0.000310301981402,0.482002069524,-7.61224420399e-06,-0.00357124984372,-0.505813188879,5.75104266963e-07,0.00122824054707,1.28332637666,-0.000148967542071,-0.0316630363466,-0.108397654762,8.52520192804e-08,0.000148328766404,0.75636386517,-2.63688380887e-06,-0.00291135822221,-0.00597230360256,2.10354714971e-06,0.000717254096293,0.747846699509,-1.55349733716e-06,-0.0025752220731,0.0203662036811,-4.49025720559e-07,-0.000204495386077,-0.278500390059,2.83171088445e-06,0.00258733064742,-0.545248104565,0.000142706734734,0.0240801421974,-0.655390185701,1.88403949985e-05,0.00952889448233,-0.016773562763,0.0227448519407,0.106338770717,0.166751481133,-1.76962999327e-05,-0.00282680374937,-0.0665710711506,1.64283270185e-07,0.000174378117548,-0.369343358448,0.0290394769624,0.0591072509907,0.58941032528,-0.000522028481414,-0.0616387242389,0.940184169966,-5.98726608178e-05,-0.0138725758194,0.56510460138,-0.0385230023552,-0.0382632383072
unguided,26,0.39,0.399999976158,predicted,Actual proposal support boundary; monitored coordinates are pre-native endpoint forecast,True,50,-0.199609095244,0.594487855821,-0.042244253006,0.164314029179,0.155120955381,0.0545064963604,6.99674832975,6.5886981082,0.263857015826,-0.471321245471,2.40915152903,0.177925902628,0.264814089788,0.259598927844,0.254608041487,0.207278677104,4.58724076193,0.194651047054,0.67871855355,9.51733052926,8.51852537778e-08,0.000361009882693,8.78228053467,4.06283425227e-06,0.00320236993006,9.14744788848,2.81013915672e-07,0.000907435691779,8.18589281527,2.69960898227e-05,0.0115520616175,9.55591894054,1.61455420125e-07,0.000467450388686,9.03983767575,7.77697096459e-07,0.00139268386659,8.29411814585,3.14187575101e-06,0.00645306895805,9.09549559895,3.34520654648e-07,0.00102875311796,8.935348325,2.04858081537e-06,0.00216870695271,8.67610785775,1.88408752655e-06,0.00303014183967,7.85569818196,7.00522399184e-05,0.0224248986194,8.49922806661,4.74383260237e-06,0.00499438534851,4.66970719099,0.169947621235,0.401392258068,8.35214919749,1.95742420917e-05,0.0083513684906,9.24044947364,4.64926711139e-07,0.000911571790449,5.40353283771,0.047655046729,0.321736584363,7.39050877575,0.00023046415701,0.0556705181107,8.42576470534,1.56428434633e-05,0.00684774911927,5.20107185715,0.0562768401557,0.167579039507,-0.00413538642681,-2.14095232243,-0.336641788483,0.0869707167148,0.962668895721,-0.0277123885105,0.236313830832,-0.314807533862,-0.860691930235,0.458916098612,-0.292761202907,-0.00531014435496,0.00618548496005,0.00419083207076,0.00470909558751,-0.00353756601521,0.172329771719,-0.0182658908227,0.0419725070565,-0.110770553104,1.23577882511e-07,0.000247015820108,0.305165430313,-5.89091969818e-06,-0.00246082930588,-0.635795929968,9.47747226087e-07,0.00185960170229,1.18278336341,-0.000135734758048,-0.0289657946199,-0.904149397812,7.38747221154e-07,0.00127980091025,0.183132215154,-4.39362879905e-07,-0.000597952385254,-0.228253579073,5.32810813187e-06,0.00499171986155,1.0180471534,-1.92113577458e-06,-0.003357335091,-0.362894284482,3.23400841013e-06,0.00196508123042,-0.190546259322,1.07493445009e-06,0.00133172732667,0.340230498048,-0.000108241087584,-0.0148972822115,-0.0659640929114,7.66382944164e-06,0.00241658108249,-0.244633874823,0.0920004498406,0.0607873159673,-0.330188743724,3.13933773038e-05,0.00570205577633,-0.966944360912,2.58941722431e-06,0.0028516224391,-0.449975954897,0.03201047865,0.00136540933677,0.587613637837,-0.000464656656257,-0.0638534232985,0.391751946511,-2.17532722116e-05,-0.00545270405389,0.564484955107,-0.0392851309276,-0.0484913529887
unguided,26,0.4,0.409999996424,predicted,Actual proposal support boundary; monitored coordinates are pre-native endpoint forecast,True,50,-0.19822937445,0.52580846764,-0.0445890282059,0.160754982195,0.159397445593,0.0540079254743,6.99918938394,6.58227856289,0.253572848343,-0.461315747731,2.39819817724,0.177851861412,0.264894444369,0.25964536901,0.254746928943,0.207265690504,4.58779838189,0.194816785197,0.678529101421,9.51752251366,8.54252571965e-08,0.000361303830452,8.78503876633,3.99255724553e-06,0.00317697569595,9.1423051567,2.91004507968e-07,0.000925707745338,8.19066004411,2.64541746804e-05,0.0114375456081,9.54665978617,1.69388678749e-07,0.000481044683293,9.03677737072,7.91387735836e-07,0.00140589212019,8.29096449484,3.19566352217e-06,0.00651751701652,9.10272484561,3.22993074916e-07,0.00100641163926,8.92874136465,2.10875723515e-06,0.00220512910692,8.67467800047,1.88892556049e-06,0.00303881880713,7.86195136003,6.8159589573e-05,0.022150406147,8.50497327705,4.63411259499e-06,0.00492452503883,4.67102201723,0.17022821473,0.402097582891,8.34446483726,2.03255974583e-05,0.00848364989432,9.22428769066,5.09372415962e-07,0.000960210884409,5.39838876958,0.0479898133071,0.321520220493,7.3932755896,0.000229239985177,0.0553228606869,8.42536507758,1.56869757907e-05,0.00685759062762,5.20359043114,0.0561042396347,0.167378436204,0.179553040932,-2.46331094715,0.0495125055313,0.289338231087,0.524576425552,-0.0136081280688,0.256201535198,-0.15522245827,-0.675525641344,0.692221181592,-0.368813101276,-0.00139244858706,0.000228861774394,-0.00209448092001,0.000520116963903,-0.00205396329627,-0.491182681558,0.0604655635961,-0.0470063696105,-0.322616515159,1.44166586736e-07,0.000383104559056,0.475262996943,-9.08505075364e-06,-0.00379855419137,-0.613715820859,1.12643207908e-06,0.00206338452143,1.03689161694,-0.000116842389322,-0.0249130367277,-0.765771740227,6.72837423823e-07,0.00114428010806,-0.0461209051761,3.89687287528e-07,0.000303138433482,0.0142769771272,4.66817911759e-07,0.000130969506719,0.406762483758,-6.11466431513e-07,-0.00123561570479,-0.323026072094,3.15752191155e-06,0.00186749600971,0.173990589556,-2.31769652767e-06,-0.00156140641415,0.197012454071,-9.54439739584e-05,-0.00810035651374,-0.19626444511,6.43166001227e-06,0.00314574417493,0.337674978922,-0.0255698851049,0.100757202255,-0.06942386024,1.22061758611e-05,0.0010446821225,-1.1043915805,2.91649568633e-06,0.00320073892639,-0.687841852542,0.047145301832,0.00493964098735,0.216659689807,-0.000111058025522,-0.0267698566222,0.186238167927,-7.61265215204e-06,-0.00236175716059,0.321141769406,-0.0217037236411,-0.00872480728171
unguided,26,0.41,0.419999986887,predicted,Actual proposal support boundary; monitored coordinates are pre-native endpoint forecast,True,50,-0.196018034425,0.545221636878,-0.0412540028954,0.1701007938,0.165612483892,0.0542343337991,7.00187236046,6.58559365903,0.250346502999,-0.457476821839,2.401775267,0.177898053656,0.264818667024,0.259557038226,0.254618443826,0.207237597838,4.5774171083,0.195860358326,0.677778426157,9.51087819896,8.80685855125e-08,0.000368671973874,8.79178579461,3.8811332372e-06,0.00312639884623,9.13517357206,3.03542557254e-07,0.000948703382208,8.20663064761,2.46592420362e-05,0.0110538008829,9.54060350574,1.74912168601e-07,0.000490335990847,9.03891525764,7.8549084221e-07,0.00139874663526,8.29440368539,3.15121210925e-06,0.00645568834819,9.10363084862,3.22291326018e-07,0.00100404080387,8.92888780356,2.1117312536e-06,0.0022060568729,8.67958766954,1.837733596e-06,0.00299891371139,7.85963843104,6.81433604392e-05,0.0222628914892,8.49530277771,4.87246580261e-06,0.00505730023201,4.67646069057,0.169436223533,0.403407402113,8.35076072029,1.98183656089e-05,0.00837226213305,9.21836164203,5.23256624866e-07,0.000975586568977,5.38977600066,0.0485979527656,0.321835377182,7.39484196954,0.0002282429965,0.0551351209783,8.4294894687,1.54905904203e-05,0.00680051397605,5.20749469254,0.0558427656829,0.167404543361,-0.290397830871,2.41586605479,0.0839275121688,0.0514616668225,0.171213746071,-0.00227502457842,-0.313816459549,0.143087030713,-0.135268729496,0.503378030279,0.301248244217,0.00635480503603,0.000810452288597,0.00352896898035,-0.000396152220125,-0.00583112222177,-0.597842942812,0.0703260833334,-0.0633516260195,-0.0685608945522,1.63317874569e-08,6.14962216083e-05,-0.0127346146624,1.65368280987e-07,7.9906793836e-05,-0.148135015334,3.49611115724e-07,0.000594664351615,0.534008479601,-6.24694446978e-05,-0.012987670654,-0.458478283632,4.10737570201e-07,0.00068989765086,-0.0990865981567,4.06785889183e-07,0.000415548310165,-0.00977224511979,9.30062690158e-07,0.000522112651842,0.236868044964,-3.5829150854e-07,-0.000726724301058,0.163820152943,-1.28400555463e-06,-0.000839768770454,0.212749277707,-2.04029686005e-06,-0.00179373045717,0.162095452999,-7.21938224546e-05,-0.00653464768652,-0.0599173815644,2.35456040921e-06,0.0010712326386,0.239307865589,-0.0326698566234,0.0472706500464,0.172436198499,-8.54257830687e-06,-0.00317892603499,-0.473489645362,1.16783634609e-06,0.00128274157914,-0.242892879815,0.0157555587969,-0.0211494155347,0.0752736192908,-6.79317255461e-05,-0.00816986602819,-0.265673746754,2.26565008827e-05,0.00407424134926,0.174534384134,-0.0122090737431,-0.00268231602478
unguided,26,0.42,0.42999997735,predicted,Actual proposal support boundary; monitored coordinates are pre-native endpoint forecast,True,50,-0.204037331067,0.574125788736,-0.0429104779625,0.161784215531,0.162821720514,0.0539624249828,6.99291305475,6.58514030351,0.250867473753,-0.451248187125,2.40422314213,0.177978957513,0.264910653415,0.25971594839,0.254739005898,0.20714906806,4.57584152303,0.196223306864,0.677262068901,9.51615129577,8.57518929456e-08,0.000362533754884,8.78478407404,3.99586461115e-06,0.00317857383183,9.13934245639,2.97996730283e-07,0.00093760103237,8.2013402137,2.52047857864e-05,0.011177792195,9.5374902205,1.77603430153e-07,0.00049484263631,9.03479563875,7.9952345362e-07,0.00141420308639,8.29076904994,3.21426477597e-06,0.00652795926955,9.10746220651,3.15827244745e-07,0.000991877153234,8.93201776771,2.08307712406e-06,0.00218833373151,8.67893298602,1.84811962329e-06,0.00300294419799,7.86519326909,6.67157131239e-05,0.0220197131932,8.50377492942,4.68120380318e-06,0.0049459496916,4.67580817454,0.169574817598,0.403042995892,8.34791356123,2.01547458922e-05,0.00842007137362,9.21481789775,5.32729142884e-07,0.000985865715991,5.39353091199,0.0483049244831,0.321097232182,7.39478106199,0.000227881350666,0.0551594633663,8.42005160265,1.61401058084e-05,0.00693907545461,5.20708111882,0.0558600581599,0.167324789884,-0.36168662904,0.368109526002,-0.0604736804963,-0.385352417827,-0.235017955303,-0.0285662166253,-0.64436890028,-0.174095033136,0.0326390553304,0.447030070337,-0.107253043136,0.00743727877924,0.0075598642277,0.011223692481,0.00919045865278,-0.00538072991377,-0.131502892271,0.0262631163364,-0.0264228521168,0.185384083094,-7.69915949724e-08,-0.000209234965238,-0.285931095026,4.83736291332e-06,0.0021496535445,0.296108927426,-4.22477996975e-07,-0.000823234072781,-0.351689667444,3.66341540175e-05,0.00829699085704,0.0116051547412,-1.8220278693e-08,-2.9643965533e-05,-0.122742922272,2.02361855113e-07,0.000345725546849,-0.232483893596,4.22537141092e-06,0.00464929689947,0.200718516393,-3.57985790358e-07,-0.000657785317279,0.125758349303,-8.74483665164e-07,-0.000629317411244,0.0609506318407,-6.28248472483e-07,-0.000679900943192,0.234315683139,-5.65309523448e-05,-0.0102659976621,0.403658118717,-9.26351582314e-06,-0.00536355265232,0.0352301310341,-0.0062587476782,-0.0111946637789,-0.0461495155894,1.00061329997e-05,0.000675325111748,-0.0748273986767,1.31775596062e-07,0.000163557446113,0.183774660307,-0.0132533016836,-0.0240736197357,0.0138840472905,-3.7918744888e-05,-0.000501449445728,-0.43967370389,3.02165504686e-05,0.00641904726869,-0.135711046814,0.00829355700401,-0.00243922182517
unguided,26,0.43,0.439999997616,predicted,Actual proposal support boundary; monitored coordinates are pre-native endpoint forecast,True,50,-0.203251767006,0.552583827398,-0.0424634765053,0.162393745444,0.160912124786,0.0536630094666,6.98898498245,6.58211175837,0.250999284106,-0.448536220432,2.39963020614,0.178046799232,0.264969864308,0.259781512076,0.254802252999,0.20712998324,4.57478705045,0.196385620653,0.677249969115,9.51458588062,8.65287536131e-08,0.000364487274569,8.78606717271,3.97788049547e-06,0.00316939191712,9.14109575061,2.95092997314e-07,0.000932238700752,8.19959685426,2.53919251166e-05,0.0112197407001,9.54083560883,1.74547763027e-07,0.000489743111537,9.0364603992,7.89538079312e-07,0.00140566114619,8.28975400752,3.23571953746e-06,0.00654867428618,9.10764521895,3.1513161021e-07,0.000990885097521,8.93140297054,2.0942415803e-06,0.00219347052468,8.68080668218,1.82516862655e-06,0.00298531569252,7.86432474471,6.70127413923e-05,0.0220575715359,8.50337594008,4.68719548615e-06,0.00495002917896,4.67716529319,0.169311048579,0.403183508837,8.34983772998,2.00184882689e-05,0.00838576863529,9.21686509406,5.25892136787e-07,0.000978857717899,5.39345149386,0.0483328867319,0.321353904788,7.39511965049,0.000227484621602,0.0551250919893,8.42069599462,1.60949214297e-05,0.00692889492143,5.20478047161,0.0560086368229,0.167355758925,0.157516027507,-0.745352505864,0.168381929398,0.518292099237,-0.0395176410676,0.0109236573911,-0.771821223578,-0.208382430002,-0.0700059726822,0.0399203572983,-0.505960926628,0.00495793353056,0.0100423155268,0.0109502153854,0.0125096743262,-0.00388214535563,-0.205192051091,0.0523928745803,-0.0200533328539,-0.367076989462,1.76766372902e-07,0.000450774953275,0.624623238605,-1.01223364326e-05,-0.00463618620028,-0.0978094213444,1.30191970654e-07,0.000257958530324,-0.0478784382654,7.54162411439e-06,0.00130247362829,0.452769956662,-4.04102131234e-07,-0.000679040841998,0.702410021117,-3.03505150676e-06,-0.00300407598142,0.132921325472,-1.9692729738e-06,-0.00254183563301,-0.117308678357,1.44156086516e-07,0.000303543268176,0.259025885,-2.05601833907e-06,-0.00133615250771,0.155255167911,-6.37581230665e-07,-0.000954282868985,-0.272970373328,6.77725205534e-05,0.0121598046752,-0.354906206558,7.31703652777e-06,0.0044491684897,0.192082579164,-0.0375860541412,0.0304145776966,0.62567523769,-4.76251425113e-05,-0.0109800876065,0.18984603599,-5.79981070184e-07,-0.00061094519371,-0.192682808377,0.0170798314436,0.042674129937,-0.0260912718765,-3.29665064907e-05,0.00594827089017,0.48048481938,-3.15959035729e-05,-0.00703242846276,-0.255313925094,0.0145635393336,0.00177925901097
unguided,26,0.44,0.449999988079,predicted,Actual proposal support boundary; monitored coordinates are pre-native endpoint forecast,True,50,-0.200887010517,0.559218738619,-0.0395428393745,0.172150057516,0.162031367693,0.0541808981306,6.97747663028,6.58097265491,0.249467354299,-0.450449779979,2.3941039236,0.178078116184,0.265111499726,0.259934952697,0.254989199385,0.207071425153,4.57173768201,0.197271164355,0.676861002243,9.50880975598,8.92872204037e-08,0.00037154925395,8.79727653881,3.7934178825e-06,0.00308585010783,9.13738626797,3.00600569696e-07,0.000942760202977,8.20038264493,2.53556182687e-05,0.0112038416675,9.54654561963,1.69521387528e-07,0.00048126181947,9.04884383918,7.38822423484e-07,0.00135412156676,8.29342747645,3.1748793165e-06,0.00647712255689,9.10511603294,3.18710366475e-07,0.000997948018598,8.93719828541,2.04195675728e-06,0.00216161068136,8.68203808938,1.83536799868e-06,0.00298385854061,7.85973386162,6.8071163535e-05,0.0222629092868,8.49667680529,4.82754453373e-06,0.0050349330614,4.67964982612,0.168823096515,0.403651287446,8.36042706598,1.92022430419e-05,0.00820046962149,9.21861481847,5.2112952148e-07,0.000973646812117,5.38967725582,0.0486465211119,0.321950714781,7.39425923655,0.000227222020536,0.0552784287841,8.42966129904,1.55081877369e-05,0.00679842688535,5.20197484032,0.0561513289465,0.167360375064,0.0860563210735,0.327968905798,0.296087622643,1.11068448424,0.154961824417,-0.009316570621,-0.0555348253018,-0.10060903479,-0.418154069603,-0.18405100111,-0.0642214631395,-0.00405823600934,0.0064213479673,0.00620431914703,0.00617223265454,-0.00428491350908,-0.217212493343,0.0539480206899,-0.030354907673,-0.720466021555,3.64096090328e-07,0.000909047382905,1.1979976631,-1.96782462083e-05,-0.00890231397152,-0.556207630314,8.48091094907e-07,0.00161192805601,0.215084147224,-1.75791787218e-05,-0.00487128815677,0.739413028023,-6.31310268007e-07,-0.00107618003299,0.62247727964,-2.10373795457e-06,-0.00233507649792,0.312308876188,-4.56617737396e-06,-0.00579786770959,-0.170198727903,2.55319639662e-07,0.000471388758617,0.209860788864,-1.91191381682e-06,-0.00112943982385,0.342438606007,-1.85099753554e-06,-0.00231059052468,-0.627216570916,0.000148412114847,0.0281601814016,-0.734147993249,1.47610190433e-05,0.00919899695131,0.288158520029,-0.0573273711026,0.0706502142648,0.914799424534,-7.11228307394e-05,-0.0158851952748,0.351053548094,-9.36238248428e-07,-0.00102760222994,-0.510823480207,0.0410524596781,0.0808553863254,-0.0364235646384,-3.33858161521e-06,0.00615106410742,0.7605706107,-4.44198475353e-05,-0.0109059080632,-0.286121585987,0.0157983128693,0.000209386273285
unguided,26,0.45,0.459999978542,predicted,Actual proposal support boundary; monitored coordinates are pre-native endpoint forecast,True,50,-0.201530640584,0.559143205514,-0.0365417240524,0.184607435129,0.164011361275,0.0534766780541,6.98787428595,6.58009957768,0.242636202713,-0.452217240454,2.39834577688,0.177965634512,0.265098291267,0.259905598459,0.254925697652,0.207044284969,4.57044280058,0.197464581066,0.676642870962,9.50017656019,9.38106754197e-08,0.000382668222228,8.81002712597,3.5843155713e-06,0.00299134563769,9.129971598,3.12054819212e-07,0.000964477261872,8.2038985372,2.50403415422e-05,0.0111223149369,9.55562386939,1.61921557667e-07,0.000468219510877,9.04890994479,7.47463320221e-07,0.00135895961624,8.29600018504,3.14439598999e-06,0.00643271693199,9.10424124439,3.20238003004e-07,0.00100031287269,8.93560018632,2.05600330396e-06,0.0021708817282,8.6876554543,1.78814867584e-06,0.00293910388203,7.85178041329,6.99809836893e-05,0.022620775164,8.48869298022,4.98241586701e-06,0.00513400911799,4.68292846359,0.168164501157,0.404596513122,8.36813371847,1.85960316541e-05,0.00806806472979,9.22388616502,5.07167371819e-07,0.0009583056733,5.38323502426,0.0491539359255,0.322971012514,7.3943911792,0.00022741784997,0.0552481132715,8.43590740684,1.5206524479e-05,0.00671077676016,5.19905803989,0.0563246030803,0.16735994665,-0.278279397467,-0.383722125971,-0.0271412134172,0.689324513078,-0.142353117466,-0.0468038198923,1.15312922164,-0.295794095016,-0.796870194066,-0.325188831486,0.537870836048,-0.00959486896945,-0.00247183443013,-0.00250118414928,-0.00654436753881,-0.0028796954438,0.242804224649,-0.0620833418122,-0.00147334992278,-0.494486829297,2.54523609496e-07,0.000629817224238,0.593509934382,-9.72039791965e-06,-0.0044120399241,-0.800923582523,1.27628052395e-06,0.00238964520841,-0.113475532633,1.52488768433e-05,0.00278002612695,0.884722041925,-7.15439131843e-07,-0.0012396270213,-0.242448932002,1.64159184369e-06,0.00135667965222,-0.0482007940286,5.57695902364e-07,0.00087469151689,-0.0186314032898,4.81321276838e-08,4.81102362933e-05,-0.00757717173906,-4.11969876049e-07,-7.01961896335e-05,0.273337144312,-1.94046272357e-06,-0.00213408806508,-0.214105562791,4.31231140022e-05,0.00975582763678,-0.220393527683,2.8988917153e-06,0.00234357681181,-0.00119804109582,-0.00512529278891,0.0192401342134,0.341300026681,-2.88906173501e-05,-0.00581339372674,0.613844819497,-1.44081587517e-06,-0.00163009271826,-0.460524228539,0.0373483374524,0.0935467409304,0.00524572538973,2.69912638179e-05,-0.00192020928041,0.247182504383,-1.25442655166e-05,-0.00352112884498,-0.350244142807,0.0211889425603,0.00485326979634
unguided,26,0.46,0.469999998808,predicted,Actual proposal support boundary; monitored coordinates are pre-native endpoint forecast,True,50,-0.206452598467,0.551544296099,-0.0400856636429,0.185936547778,0.159184305344,0.0532448217328,7.00053921471,6.57505677301,0.233529950418,-0.456953556609,2.40486134032,0.177886218804,0.265062063037,0.259884929014,0.254858312034,0.207013831244,4.5765937665,0.196029497519,0.676831535245,9.49892001939,9.43776925936e-08,0.000384145598435,8.8091467375,3.5990099241e-06,0.00299760930934,9.12136779631,3.26126180175e-07,0.000990553107145,8.19811313428,2.56605958056e-05,0.0112594421901,9.56424006047,1.55212604891e-07,0.000456469279044,9.04399486054,7.71654260358e-07,0.00138125515981,8.29246346057,3.18603323455e-06,0.00649461638723,9.10474340487,3.19673009029e-07,0.000998910223324,8.93704674198,2.03371735976e-06,0.00216020675756,8.68750483227,1.79655874421e-06,0.00294117677931,7.85545175036,6.89336258151e-05,0.0224580258395,8.49226893473,4.88552236804e-06,0.00508180459763,4.6796258653,0.168720590659,0.40403609013,8.36725306651,1.86244306949e-05,0.00808420174696,9.23089171486,4.92313203977e-07,0.000941044957752,5.38046677125,0.049393487861,0.323821649599,7.39436415106,0.000227761845813,0.0552400245985,8.43460494912,1.52573024266e-05,0.00672800430845,5.19496995746,0.0565751077977,0.16745744046,-0.360892918541,-0.202980017505,-0.314418435097,0.429901778698,-0.194036245346,-0.0023558925924,0.883908767256,-0.493998248331,-0.685456819559,-0.475325430771,0.180436790648,-0.0047694467824,-0.000896001234514,-0.000838759281772,-0.00204714891047,-0.00195488759703,0.497265911497,-0.11549700008,0.0208064507898,-0.270921904166,1.39356364859e-07,0.000343240250149,0.172547754112,-2.38430212102e-06,-0.00119977822498,-0.880811953993,1.44924489666e-06,0.00267614301695,-0.21106852643,2.49280508381e-05,0.00510011568137,0.825880246352,-6.37844448305e-07,-0.00112588279351,0.0849263419827,1.52780784462e-07,-0.000104960715375,-0.251349839867,2.85023094514e-06,0.00436677354581,0.0867769807475,-1.13000770825e-07,-0.000254695254385,0.0801200062147,-1.00206771461e-06,-0.000518387557498,-0.16568944128,2.13390852299e-06,0.00163174806489,0.193637759497,-6.26150434666e-05,-0.0084876814882,0.138987730742,-4.9555818081e-06,-0.0023429372723,-0.299964330368,0.051555193413,-0.0248631653154,0.00256878275587,-2.06520074778e-06,4.92654160068e-05,0.748940123088,-1.68445810498e-06,-0.00193409301917,-0.465210858908,0.0370258864243,0.086575170756,0.110893150522,-5.59286672364e-05,-0.0126931423901,0.302285435493,-1.92803815938e-05,-0.00440080999135,-0.280320778265,0.0178483684597,0.0114884297668
unguided,26,0.47,0.479999989271,predicted,Actual proposal support boundary; monitored coordinates are pre-native endpoint forecast,True,50,-0.208748498955,0.555083605164,-0.0428300927544,0.193205470703,0.160130636368,0.0534295602023,7.00555246129,6.57021961271,0.228927066322,-0.46172374907,2.40195451269,0.177870245576,0.265080371243,0.259888823273,0.254884754674,0.207005187217,4.58038811881,0.195154641065,0.677058999977,9.49475812211,9.65978027168e-08,0.000389533027231,8.81347808105,3.53662952888e-06,0.00296735007319,9.11235535892,3.41039717145e-07,0.00101800012221,8.19967716667,2.55389025589e-05,0.0112243172506,9.57214147432,1.49164668701e-07,0.000445701855006,9.05060847163,7.5051893591e-07,0.00135686040193,8.29097318825,3.20140060889e-06,0.0065200524029,9.10597678401,3.17977987587e-07,0.000995218967606,8.93720258644,2.03596194967e-06,0.00216051397705,8.68434166547,1.8308268463e-06,0.00297173884333,7.85565316848,6.87286828199e-05,0.0224510215342,8.49147273483,4.88330423085e-06,0.00508715037254,4.67692917698,0.169195605025,0.404099249816,8.36818509412,1.85547276392e-05,0.00806905003811,9.23886496748,4.73478209719e-07,0.000919623812917,5.37393080708,0.049894453654,0.324702515929,7.39660904221,0.000226299276625,0.0549942504237,8.44195311555,1.48209168471e-05,0.00662276056034,5.19345162432,0.0566815704495,0.167589715246,-0.392022586607,2.63444313391,-0.227585315704,0.684305660427,0.152582168579,0.0310698725835,0.576779564964,0.366828556173,-0.335405311359,-0.343954479506,0.518323485146,-0.00879556016445,-0.00577612085045,-0.0119141353215,-0.00577227842182,0.00393817557372,0.437653842175,-0.0916202118158,0.0102747423256,-0.371955391312,1.9614473215e-07,0.000478824083404,0.300915413066,-4.43977254623e-06,-0.00211565157346,-0.913560210777,1.60932779525e-06,0.00289600793221,0.186169861711,-1.79135640763e-05,-0.00438183482245,0.337809080506,-2.54372971212e-07,-0.000452718057363,0.541965440859,-1.92387663607e-06,-0.00207841099197,-0.113758055901,1.06096215525e-06,0.0018864275399,0.0655572134925,-7.71461831601e-08,-0.000180281996677,0.0845108155761,-3.31886373505e-07,-0.000306441559137,-0.133049781292,1.25315489601e-06,0.00131515973491,-0.0322750304354,-1.61984494299e-05,0.00188735097268,-0.151031306421,2.16389920987e-06,0.00172150743972,-0.198089811216,0.040351241907,0.00482585658378,0.204746993412,-1.41170546545e-05,-0.0034816289754,0.338543302952,-6.82020730988e-07,-0.000803888609305,-0.520869845483,0.0398765243684,0.0659793767173,0.239387931303,-0.000186743880659,-0.0248084279184,0.380103701251,-2.04261096699e-05,-0.00536036892891,-0.12797064376,0.00852572177446,0.0082450061167
unguided,26,0.48,0.489999979734,predicted,Actual proposal support boundary; monitored coordinates are pre-native endpoint forecast,True,50,-0.214293050199,0.604233158778,-0.044637369957,0.199622660986,0.162235948715,0.0538662191844,7.01207480601,6.58239334413,0.226821844191,-0.463832646199,2.41522781002,0.177710307601,0.26494654062,0.259646646308,0.254742866466,0.207092594755,4.58534684335,0.194197093283,0.677037030092,9.49148091156,9.83005872366e-08,0.000393722080103,8.81516504576,3.51021447318e-06,0.00295529627787,9.1030965921,3.5831273608e-07,0.00104847326579,8.20183653152,2.53023245241e-05,0.0111718054936,9.57099624208,1.50125145467e-07,0.000447414917897,9.05483416935,7.33176727637e-07,0.00133968693997,8.29018829945,3.20725247765e-06,0.00653234493803,9.10605454914,3.18130085366e-07,0.00099530458339,8.93873695829,2.02707963229e-06,0.00215407792638,8.68484383664,1.82162184213e-06,0.002967479974,7.85480624975,6.86096568265e-05,0.0224957728589,8.4892483086,4.92880035224e-06,0.00511623474643,4.67566406907,0.169527615497,0.404132607262,8.37134800638,1.83420896019e-05,0.00801456916745,9.23766258092,4.78672789357e-07,0.000924967185566,5.37004937434,0.0501910183484,0.325141237134,7.39915190968,0.000224026968199,0.0547438560401,8.44220702315,1.48487802332e-05,0.00662079692988,5.19241054459,0.0567456222332,0.167622340582,-0.168651077111,2.80130895809,-0.231791853905,0.595629617572,0.11906516552,0.025585213924,0.821808547439,1.16181453374,-0.157505460187,-0.0646297772191,1.5793108693,-0.0141084709421,-0.015307325352,-0.0252470217959,-0.0160827488055,0.00827078196343,0.479997806099,-0.1073326513,-0.00951713185304,-0.277075187328,1.22978103513e-07,0.000324579615011,0.0485739881578,-9.93275174253e-07,-0.000397103930794,-0.830957484385,1.51376223328e-06,0.00268627057157,0.0940606451842,-1.04235379717e-05,-0.00237306585187,0.0176723057049,2.17556218304e-09,2.42248919451e-06,0.329631146335,-1.57887691688e-06,-0.00144736951806,-0.174476314252,2.2716001129e-06,0.00308349959227,0.0531077235195,-7.38469581824e-08,-0.000146998261006,0.181578715252,-1.16365210212e-06,-0.000786230666055,0.115383817654,-2.30390331464e-06,-0.00123702868196,-0.201795475181,3.70256633509e-05,0.00925232530563,-0.103686356579,2.07625239643e-06,0.00129794708335,-0.117369681281,0.0293883748508,0.0194903921325,0.273055151614,-1.52261523896e-05,-0.00477686118609,0.0260846116575,1.65080407013e-07,0.000127953091133,-0.338229939939,0.0259833367135,0.0536543619925,0.298827844886,-0.000240348784435,-0.0311941251391,-0.186269579154,1.78024942044e-05,0.00285981836118,-0.21860303277,0.0138550604693,0.00353368440761
unguided,26,0.49,0.5,predicted,Actual proposal support boundary; monitored coordinates are pre-native endpoint forecast,True,50,-0.212121520497,0.611109784326,-0.0474659298325,0.205118063054,0.162511939678,0.0539412644808,7.02198863224,6.59345590338,0.225776957119,-0.463016344614,2.43354073007,0.177588076157,0.264774224736,0.259383882837,0.254563099698,0.207170602857,4.58998807494,0.193007988039,0.67686865734,9.48921661836,9.90573647871e-08,0.000396024619531,8.81444956082,3.5167640254e-06,0.00295940799458,9.09573620924,3.71314961811e-07,0.00107172553364,8.20155837958,2.53304317995e-05,0.0111768559335,9.57249492043,1.49208179945e-07,0.00044575030479,9.05720109456,7.18941397572e-07,0.00132791301157,8.28748366196,3.24683261115e-06,0.00658172239475,9.10703893848,3.16501048423e-07,0.000992279002386,8.94083416075,2.01268890763e-06,0.00214478936373,8.68664934182,1.78474878e-06,0.00294699826969,7.85161725898,6.94691960869e-05,0.0226360680403,8.4893990077,4.92482927878e-06,0.00511310931421,4.67458178336,0.169783372522,0.404489057659,8.37364619715,1.82502045914e-05,0.00797351281439,9.23938665972,4.76779817859e-07,0.000922182874739,5.36716620828,0.0504141203883,0.325775603169,7.4025855991,0.000221492300936,0.0543703679209,8.43822772397,1.51769667312e-05,0.00667995692756,5.18907956367,0.0569586716589,0.167660388934,0.217152970128,0.687662554799,-0.282855987549,0.54954020679,0.0275990962983,0.0075045296345,0.991382622843,1.10625592554,-0.104488707231,0.0816301585156,1.83129200547,-0.0122231443797,-0.0172315884135,-0.0262763470802,-0.0179766767998,0.00780081014981,0.464123159145,-0.11891052439,-0.0168372751133,-0.226429320485,7.56777550539e-08,0.000230253942811,-0.0715484940599,6.54955221746e-07,0.000411171670188,-0.736038286216,1.30022257311e-06,0.00232522678535,-0.0278151938973,2.81072754315e-06,0.000505043988539,0.149867835486,-9.16965522238e-08,-0.000166461310633,0.236692520126,-1.42353300641e-06,-0.00117739284024,-0.270463749079,3.95801334959e-06,0.00493774567186,0.0984389337237,-1.62903694251e-07,-0.000302558100471,0.209720245896,-1.43907246626e-06,-0.000928856264952,0.180550518352,-3.68730621227e-06,-0.00204817043172,-0.318899077905,8.59539260491e-05,0.0140295181361,0.01506990994,-3.97107345462e-07,-0.000312543221465,-0.108228571594,0.0255757024947,0.0356450396858,0.229819077074,-9.1885010472e-06,-0.00410563530602,0.17240787952,-1.89297149787e-07,-0.000278431082655,-0.288316605548,0.02231020399,0.0634366035428,0.343368941904,-0.00025346672632,-0.0373488119205,-0.397929918429,3.28186497954e-05,0.00591599976855,-0.333098092362,0.0213049425672,0.00380483515623
unguided,27,0,0.00999999977648,predicted,Actual proposal support boundary; monitored coordinates are pre-native endpoint forecast,True,50,-0.28682652772,0.771879881883,-0.0943943284416,-0.148877289929,0.242364369158,0.0272683615579,4.67063690488,6.89572773379,0.115802326306,-0.423506615354,1.02552658415,0.179557963303,0.273415368731,0.310214869191,0.287204592364,0.186832051561,4.61293160005,0.215470794431,0.745533006356,9.79771992599,1.83923855666e-08,0.000140145049552,9.4608841677,2.34476852766e-07,0.000584629016174,9.75359495937,1.32526422763e-08,0.000121444509746,8.0308051248,4.79015434466e-05,0.015821843806,9.60519502582,3.46893155631e-08,0.000225426254504,9.49839032538,7.64728997403e-08,0.000338055988357,8.15801436756,6.19606026285e-06,0.00948593208711,9.29772411411,1.03024423697e-07,0.000515873122516,9.39576500152,7.05440611193e-08,0.000387736468802,8.52060297524,3.05235710854e-06,0.00438669981923,8.36702780928,8.04347886029e-06,0.00727637327351,8.72841593129,1.68695688623e-06,0.00279222106633,4.58409070987,0.180856822836,0.397165239326,8.90985313902,2.49412065393e-06,0.00235057365907,9.25138049844,1.14154618051e-07,0.000545641906853,5.46138516681,0.0430309311736,0.277635615593,7.35741791783,0.000250166132527,0.0597485370001,8.91692423531,9.70542872234e-07,0.00177943718951,5.3766155208,0.0465102810545,0.167892004542,3.88567773977,-5.54297810452,2.20274066925,-1.19455981255,7.29832221568,0.0774052892363,7.66335888553,-22.057924931,-7.87881886239,-5.60548823188,15.1258051929,0.692089696718,0.223687212001,-0.337863219041,0.119843417728,-0.0231085717975,-4.69600313917,1.19358918494,0.505582349269,8.69589938866,-8.99632068058e-07,-0.00422987377029,7.80666457435,-8.96956401855e-06,-0.0144182576711,-8.6704104885,6.11063911336e-07,0.00405421905004,3.26988366603,-0.000334399853972,-0.0968324535733,0.91784809664,3.78166161024e-07,0.000724324607807,2.04668595024,-1.8581919346e-06,-0.00440636441489,5.78556018884,-0.00012541116596,-0.132079761673,-0.505694411027,1.26231453082e-06,0.00259355334287,-8.51663889525,2.78472901809e-06,0.0113630080419,2.70463966091,-7.22927865971e-05,-0.0339466272529,-0.534822837242,4.68444851131e-06,-0.00204634025118,4.49040142305,-1.71116773451e-05,-0.0275158685612,-3.08608940696,0.992726245974,-0.400769979076,-2.01096580772,-6.4088130336e-06,0.00395334181253,0.0443078903995,1.48829495113e-06,0.00242121125501,9.92871412591,-0.65891978953,-0.826319908432,-1.20689762659,0.000437035231735,0.18278752216,9.32425089898,-4.13561824085e-05,-0.0475324882859,0.238422555517,-0.250533007953,-1.08484144866
unguided,27,0.01,0.019999999553,predicted,Actual proposal support boundary; monitored coordinates are pre-native endpoint forecast,True,50,-0.247969750322,0.716450100838,-0.0723669217491,-0.160822888055,0.315347591314,0.0280424144503,4.74727049373,6.67514848449,0.0370141376821,-0.479561497672,1.17678463608,0.18647886027,0.275652240851,0.306836237,0.288403026541,0.186600965843,4.56597156866,0.22740668628,0.750588829849,9.88467891987,9.39606488604e-09,9.78463118489e-05,9.53895081344,1.4478121258e-07,0.000440446439463,9.66689085448,1.93632813897e-08,0.000161986700247,8.06350396146,4.45575449069e-05,0.0148535192703,9.61437350679,3.84709771733e-08,0.000232669500582,9.51885718488,5.78909803943e-08,0.000293992344208,8.21586996945,4.94194860325e-06,0.00816513447038,9.29266717,1.15647569005e-07,0.000541808655945,9.31059861257,9.83913513002e-08,0.00050136654922,8.54764937185,2.32942924257e-06,0.00404723354671,8.3616795809,8.0903233454e-06,0.007255909871,8.77331994552,1.51584011278e-06,0.00251706238072,4.5532298158,0.190784085296,0.393157539535,8.88974348094,2.43003252359e-06,0.00239010707719,9.25182357734,1.29037567563e-07,0.000569854019403,5.56067230807,0.0364417332783,0.269372416508,7.34534894156,0.000254536484845,0.0615764122217,9.0101667443,5.56981048149e-07,0.00130411230665,5.37899974636,0.044004950975,0.157043590056,3.33411745214,-5.16602464019,0.687390208244,4.18517877161,2.87996745855,0.24764995503,10.2911530864,-7.97300576889,-5.06705266029,-3.05100508331,25.6811512996,0.4534491359,0.162155612121,-0.337141013779,-0.167752727698,0.189352430929,-0.922865436726,0.0999582089559,0.233404348544,3.8587154029,-4.48033401725e-07,-0.00197670445438,0.641997703954,-1.643572522e-06,-0.00231197949274,-11.6864059347,1.47612187631e-06,0.00762015803295,2.71297912674,-0.00040319723898,-0.0809098437486,0.200673448961,6.9412253038e-07,0.00159689136689,-1.52001851339,1.54821511169e-07,0.000897390051046,2.54028873734,-6.47458844465e-05,-0.0604657507641,-0.36752214085,1.0467867982e-06,0.00194204894853,-0.451321732464,-1.09667525111e-07,0.000761213490119,2.99115193278,-4.73864530408e-05,-0.0296588003661,-3.48078215644,0.000112574191966,0.0559181620597,2.15579601009,-1.13337048163e-05,-0.0153707104709,-1.70491105261,0.674120646299,0.063945680413,0.9450582713,-3.01928704562e-05,-0.010033149805,-0.922368177443,2.92519288805e-06,0.00554300780451,3.91716683267,-0.261155537134,0.0304697628314,-1.56150223251,0.00143411205867,0.197598987805,2.16516193106,-1.54268239908e-05,-0.0133664346529,-1.04890104105,-0.114223636864,-0.676324867406
unguided,27,0.02,0.0299999993294,predicted,Actual proposal support boundary; monitored coordinates are pre-native endpoint forecast,True,50,-0.220144178677,0.668559389079,-0.0806465242767,-0.0651737144971,0.299963718328,0.0322213606585,4.87645996661,6.73626761842,0.0144612731002,-0.48452671702,1.53914961015,0.188626946021,0.276658480973,0.303472048915,0.28384953781,0.19061910018,4.59447429132,0.21746995861,0.750201093327,9.87489423404,9.43171753212e-09,0.000100610960464,9.47372412178,2.01605402325e-07,0.000538389426319,9.51986684067,4.27750798025e-08,0.000273847670405,8.08506470734,3.9837598667e-05,0.014203646931,9.6092084948,4.85717661707e-08,0.000257364081842,9.46798995511,7.95693299637e-08,0.000356003789378,8.20882014231,4.90114257392e-06,0.00827661707182,9.2903736713,1.23960159661e-07,0.000554714101487,9.38673856687,6.83507106171e-08,0.000402960738604,8.5804260139,2.10462804772e-06,0.00379352381191,8.29741216615,1.02949626996e-05,0.0083947365147,8.7715318515,1.46028278991e-06,0.00248480685691,4.54999248882,0.194339235762,0.398444152934,8.92875430445,1.89026324481e-06,0.00214991066297,9.23293313489,1.72658475812e-07,0.000656502062943,5.53972850346,0.0378078204309,0.278245010849,7.32618787318,0.000278848373701,0.0637005167562,8.96022747393,6.62006392419e-07,0.00151210849645,5.35563749998,0.0442258083172,0.154365507194,2.32114371385,-4.41741024417,-0.913155674934,7.40258556604,-1.3444929719,0.539379403024,21.6931102077,4.29065667179,-1.59878175761,-0.644911887752,33.8060585684,0.0373680823294,-0.0390018958749,-0.497017932168,-0.57247041129,0.532479475996,2.79250704601,-1.06435959115,-0.209194014888,-1.54703086052,7.46276087778e-08,0.000616286894262,-9.82824683321,1.14803430786e-05,0.0170488275592,-13.5159336391,3.14049505975e-06,0.012759410204,2.4118693148,-0.000470344374088,-0.0712991285419,0.170995952255,7.48088391172e-07,0.00162543434747,-6.15753812473,2.95329108586e-06,0.00776002949358,-0.440206899365,-4.14850477657e-06,0.00692959882612,-0.401874301456,8.34379179548e-07,0.00151652957556,1.95709560256,-7.72985601e-07,-0.00128591625916,2.74271675785,-1.61953348138e-05,-0.0212595581797,-5.55727394089,0.000199221746242,0.103187585442,-0.606884534903,-5.67630777326e-07,0.0006779910667,-0.523687389885,0.393024795253,0.0791507207026,-1.48876600984,-1.61487733747e-05,0.00528942491176,-1.31134367462,3.7029728815e-06,0.00689258508219,-1.83189112893,0.123074635953,0.809778240017,-1.06172847513,0.0014658724885,0.11614419585,-5.52353381212,1.40889738955e-05,0.0250201174623,-1.60373837019,0.0249557905162,-0.248530587808
unguided,27,0.03,0.0399999991059,predicted,Actual proposal support boundary; monitored coordinates are pre-native endpoint forecast,True,50,-0.201546876045,0.628101895954,-0.0906300352478,-0.012771176734,0.288457731876,0.0388300025108,5.18113269789,6.76096161792,0.00503850252982,-0.492459735428,1.85290580745,0.187226221917,0.274872202933,0.296895878357,0.276953618315,0.197250555363,4.62182170958,0.206119494457,0.746404949551,9.85373830266,1.08886170616e-08,0.000110172049734,9.34238587678,3.74388074153e-07,0.000781422990648,9.3965721817,8.21731825846e-08,0.000417174904326,8.11174134776,3.51506574252e-05,0.0134275366994,9.61779342583,5.34327449968e-08,0.000265178187531,9.39570642238,1.16956802112e-07,0.00044919293408,8.20706583146,4.85897850772e-06,0.0083037264469,9.28462968398,1.32335152596e-07,0.000572139247456,9.34974052462,8.29316392802e-08,0.000475648224037,8.60250370701,2.00552254629e-06,0.00362204238311,8.25053410209,1.20747582702e-05,0.00931966157984,8.76118225483,1.50448749723e-06,0.00253062220205,4.542756068,0.198644581201,0.394740553949,8.85996816075,2.1070570561e-06,0.00249589557543,9.22559670385,2.03097025193e-07,0.000707705721047,5.52403448549,0.0389032259973,0.285567981309,7.32411437206,0.000283853934615,0.0638992961386,8.89969606805,8.3876052606e-07,0.00180451465589,5.34692497895,0.0445040667853,0.1520729783,1.3929259514,-2.69983750258,-0.590076684952,3.99931216985,-1.30742689967,0.531694844473,30.292582809,-0.868468125155,-0.240091833598,1.12638700064,24.5074150582,-0.21112372293,-0.209568316838,-0.499887586233,-0.676736982373,0.480375374877,1.60067568259,-0.843257780626,-0.51164654389,-1.79322885859,1.31127142932e-07,0.000844847068308,-12.275744551,2.14854210393e-05,0.026398520123,-10.1083035058,4.16872398077e-06,0.0134679613547,1.97785739047,-0.000331867496918,-0.0570921934074,-0.725975914623,1.28750018475e-06,0.00275497873816,-6.60690281198,4.53711335279e-06,0.00993034538758,-0.0147147000404,-4.62637037889e-06,-0.000452581052643,-0.459836094403,5.72500095396e-07,0.00125667823894,-6.03562289896,3.97746398615e-06,0.0127852978866,1.53073156213,4.35793188457e-06,-0.00988841231175,-4.10378467127,0.000169881143549,0.0841155469523,-1.08035445805,3.11105600701e-06,0.00416882140461,0.239806576222,0.113252619227,-0.0971093845002,-7.15871933783,1.25543527824e-05,0.0390379535299,-1.65858869667,5.0531912415e-06,0.00779773261314,-1.20995344473,0.101860227747,0.764804460195,0.226562948581,-0.000101998215903,-0.0247957323617,-5.6568764733,2.59147153426e-05,0.0310381689904,-0.663868955621,0.0303480777721,-0.178612715544
unguided,27,0.04,0.0499999970198,predicted,Actual proposal support boundary; monitored coordinates are pre-native endpoint forecast,True,50,-0.192285659649,0.614562639027,-0.0924480579758,0.0148125288999,0.273815180335,0.042855257548,5.48231162279,6.71889825591,0.0096594364282,-0.461998977007,2.02929791131,0.184404471563,0.272467114637,0.293474297191,0.270314798162,0.200226607677,4.62648780497,0.200604802997,0.739968162449,9.83902965687,1.20542603908e-08,0.00011750790183,9.22820923076,6.31313823111e-07,0.00106635982878,9.31770077056,1.26149559418e-07,0.000543206897499,8.12462185515,3.32002487287e-05,0.0130618030629,9.59468897651,7.43217698657e-08,0.000312463656605,9.33585189887,1.7031159702e-07,0.000554610697129,8.20852584831,4.80861516634e-06,0.00826756545077,9.28117694941,1.35410161569e-07,0.000579847666266,9.2660261089,1.4789999034e-07,0.000658666696337,8.61104064514,2.19178668541e-06,0.00359575556568,8.21533647272,1.36925855706e-05,0.0100770474537,8.74992476233,1.52250391005e-06,0.00256818328501,4.55478862034,0.196604288147,0.396501965244,8.78557991769,2.14135030045e-06,0.00293066973356,9.19976136095,2.73722300642e-07,0.000812456715206,5.51552943457,0.0398450249858,0.293541100053,7.33071913215,0.000276808409382,0.0632046021089,8.84708994446,1.18030069927e-06,0.00213287187625,5.34236012087,0.0448327698727,0.150793252883,1.19772066147,-2.03163976492,0.0551686286926,2.78693053126,-2.79422366619,0.418187892202,29.4761275439,-1.71373564249,0.642064537907,2.66714139948,15.3283407176,-0.218331362511,-0.334001603798,-0.327441586202,-0.725680770951,0.238408781752,0.180401454214,-0.548328834625,-0.877422212633,-2.66376597292,1.98808442469e-07,0.00118761242196,-10.82702163,3.11060902372e-05,0.0306539062829,-6.85446557515,4.43192531366e-06,0.0119924088601,1.22971202308,-0.000185794404309,-0.0360740965653,-2.71453998514,2.42306497352e-06,0.00526543798908,-5.63292817241,5.47472536037e-06,0.010401409385,-0.127379739298,-1.61713153005e-07,0.00192410742497,-0.237188054058,-4.3641607127e-08,9.32654779206e-05,-7.83300458627,9.96591069356e-06,0.0205616106058,1.04445954851,2.30115328221e-05,-0.00339646101524,-2.989353149,0.000134411737868,0.0664192248134,-3.0121347191,1.81380612898e-05,0.0203480109554,1.39174678946,-0.366520954736,-0.132246369675,-7.76320957769,2.51662398633e-05,0.0553400003665,-2.15207665486,6.91798969643e-06,0.00957519863185,-3.60962959973,0.277129637221,0.660018560568,0.0946420072284,-1.7645845199e-05,-0.0142494576226,-6.20475679967,5.8512412759e-05,0.0432868602725,-0.555100355316,0.0520250114924,0.0877344549856
unguided,27,0.05,0.0599999986589,predicted,Actual proposal support boundary; monitored coordinates are pre-native endpoint forecast,True,50,-0.177592462816,0.587469100656,-0.089526662674,0.0429674338913,0.232573258553,0.0471937603548,5.77065524877,6.72668690507,0.017879793288,-0.439116907438,2.1594726218,0.182859594667,0.268192170857,0.290347046633,0.262440002896,0.202018730998,4.62542973866,0.195152917765,0.728856505298,9.8004629832,1.4864785911e-08,0.000133924298173,9.12584544418,9.96509878896e-07,0.00139450111631,9.2594828702,1.70811688858e-07,0.000657023081528,8.13633558822,3.1434769339e-05,0.0127060547681,9.56350262613,1.01894044467e-07,0.000370486947313,9.28304785893,2.26451309319e-07,0.000657221121779,8.20451823668,4.85574424466e-06,0.0083422085954,9.27988592289,1.31462320454e-07,0.000574004557014,9.1930804329,2.82249853151e-07,0.000886880436154,8.62339289798,2.46575320273e-06,0.00355411316281,8.19074703911,1.47629930276e-05,0.0106480460761,8.70093956044,1.86724872303e-06,0.00293758242116,4.57059100379,0.191314162106,0.392095626556,8.70470396919,2.61038185337e-06,0.00360269558276,9.18255517075,3.41456819121e-07,0.000899209693684,5.4518418935,0.0444458187417,0.29876835252,7.32600721221,0.000283501017711,0.0636143069862,8.77560093206,2.00900878124e-06,0.00267025186134,5.33582297185,0.0455445670152,0.153827667399,1.20524038932,-2.30394343822,0.302109360695,2.30421099812,-3.86315137148,0.440651441678,27.3230949139,-1.35068748138,0.283644998646,2.54461695812,12.8419360532,-0.0788706274951,-0.393153609282,-0.370436318128,-0.661847795376,0.141300248512,0.107063847701,-0.514594342243,-0.942649428983,-3.19148264002,2.52396695535e-07,0.00144300190246,-9.44441246976,4.05544034958e-05,0.0332759755741,-5.16409695247,4.4615975727e-06,0.0107520060798,1.68220728887,-0.000243861634524,-0.0488236275675,-2.20986658633,2.1340046847e-06,0.00435123437017,-5.31539909863,5.96546152716e-06,0.0106719799161,-0.328976046358,5.24139189908e-06,0.00648129030306,-0.0251356707319,-3.58281216802e-07,-0.000603350357146,-6.45620040819,1.58673257284e-05,0.0222668035209,1.77324791636,1.08096891407e-05,-0.0110778890711,-1.93953669245,7.37217810954e-05,0.0443530154347,-3.59163970497,2.41180234401e-05,0.0265633307752,1.61284413652,-0.498957287427,-0.304458214855,-8.24473475077,9.92570889896e-05,0.0784807499214,-1.85594160572,6.96523949934e-06,0.00886242142709,-5.02816099901,0.378528957881,0.61075833364,-0.517235344227,0.00064850113619,0.0508671391781,-7.1099377683,0.000101368693218,0.0572436945,-0.489596323795,0.0595816409712,0.20515228776
unguided,27,0.06,0.070000000298,predicted,Actual proposal support boundary; monitored coordinates are pre-native endpoint forecast,True,50,-0.168180851863,0.568483770263,-0.0864058707619,0.0608967488623,0.196552152905,0.0516682863816,6.02877352106,6.69188450629,0.0153323364011,-0.411106637845,2.28613663237,0.182827059013,0.264604042451,0.286065570828,0.257077842255,0.203052612648,4.62862908192,0.190312916153,0.721115173869,9.77520000407,1.71021943015e-08,0.00014636793988,9.03932098136,1.44240189303e-06,0.00173187934026,9.21441883151,2.15381510872e-07,0.000758247019096,8.15826600093,2.83230160382e-05,0.0120853305115,9.55049164478,1.1700186356e-07,0.000399488344008,9.2295439169,2.89620827563e-07,0.000768050295451,8.20194632738,4.91344300432e-06,0.00839719125683,9.28067423599,1.28244537233e-07,0.000567780659123,9.13690210073,4.65246504908e-07,0.00110400276675,8.64650560347,2.40798046823e-06,0.00337419778426,8.17654573887,1.51670211925e-05,0.0109641077624,8.67809196824,2.00486437885e-06,0.00309944990051,4.58704550307,0.186625142398,0.390412800947,8.62068522267,4.12649208025e-06,0.00450028473199,9.16264252884,4.13027090629e-07,0.000989705143748,5.41496621459,0.0474156041434,0.305756266726,7.32037442527,0.000289778432106,0.0642219448925,8.7048911891,3.20767456364e-06,0.00327774576625,5.33256819439,0.0460244026921,0.154896298639,0.985948071711,-2.05342919009,0.379891395569,1.94030424953,-1.5377022028,0.436819087388,19.8780598834,-6.77240722777,-0.337379005902,1.97185815392,9.2328273036,0.0464583824559,-0.227160713611,-0.319850329997,-0.360956643103,0.101899238641,-0.335469850647,-0.2559140677,-0.486505243847,0.362866697392,-3.62945596548e-08,-0.000258730683283,-5.49185001414,2.83082114717e-05,0.0214507366621,-3.8312550024,3.88441570152e-06,0.00873915600592,3.5554572779,-0.000424580550935,-0.093099452278,-0.28838294187,7.67227611138e-07,0.00135706085766,-2.89996563907,3.06601667524e-06,0.00573911392601,0.234976630847,-3.73252085911e-06,-0.00506359802435,0.70694070608,-7.33227412735e-07,-0.00175089890013,-4.86394100062,1.7952103372e-05,0.0195311110833,1.1992600592,3.58996576725e-06,-0.00761265747372,-1.49669393341,5.4018613334e-05,0.0347035281348,-2.01872824257,1.24496812472e-05,0.0149240463824,1.2367658881,-0.32884897095,-0.00917483645322,-7.0902787462,0.000165140731511,0.0803485906227,-1.63848531137,6.39592098194e-06,0.00747121527798,-2.92640369889,0.241039152251,0.521116061661,-0.363571061696,0.000479444641345,0.0363148273935,-3.82387414076,7.70834022365e-05,0.0343770588795,2.56825058578,-0.105538227829,0.129470369571
unguided,27,0.07,0.0799999982119,predicted,Actual proposal support boundary; monitored coordinates are pre-native endpoint forecast,True,50,-0.157873501382,0.546400516854,-0.0819288347626,0.0817735188818,0.201819214497,0.0559301421026,6.16821644643,6.59123876052,0.0111322131699,-0.39967974436,2.34412916787,0.183788762316,0.263648956585,0.283950040033,0.255220870034,0.204056715771,4.61872034165,0.190034636411,0.719126400421,9.80772031715,1.41388947179e-08,0.000128749684508,9.01600844389,1.56267410833e-06,0.00182351584955,9.18285777015,2.48500002888e-07,0.000831806201646,8.20744473378,2.29431583203e-05,0.0108440657226,9.55773496729,1.1723859669e-07,0.000397628164466,9.22504854615,2.87771642824e-07,0.0007720034003,8.2092177693,4.78109382748e-06,0.00824093663492,9.29402473702,1.16797772199e-07,0.000538986579012,9.09580161288,6.41291920592e-07,0.00127750265782,8.64737809916,2.53755251808e-06,0.00340186001333,8.16081316044,1.58433652943e-05,0.0113421166388,8.66056499559,2.11624234797e-06,0.00323606334881,4.59532632155,0.184737182687,0.391912129827,8.56289839427,5.91319648358e-06,0.00520966739521,9.14978546452,4.6937523876e-07,0.00104863399924,5.39331381952,0.0492666017867,0.309190673753,7.31873579097,0.000293089910537,0.0643406035341,8.69912344924,3.55067682597e-06,0.00335779303893,5.38718798356,0.0434338024586,0.156417074791,0.631770710829,-1.50635393155,0.737005829811,2.25477516651,-2.34152600169,0.374434227898,16.268214878,-6.12495596109,0.373846782304,1.4803959048,0.193332791509,0.0174816005119,-0.121341008251,-0.361039923897,-0.192206525244,0.154088396485,0.302611448003,-0.259574407706,-0.338658609609,-1.30997807982,8.24077492922e-08,0.000455197770696,-1.89808462149,1.06428709275e-05,0.00776277580033,-2.97067569857,3.72778017246e-06,0.00777866706798,1.85917673467,-0.000203360537719,-0.0491744502793,-0.250030113956,1.08653276323e-06,0.00172900072465,-0.278814231015,-3.82370894978e-07,-9.08389843904e-05,0.277625479674,-1.01993816149e-05,-0.00756336095465,-0.412793021794,1.11231862647e-07,0.000362430680408,-4.34370787118,2.17449602974e-05,0.0193043809561,-0.261167903018,1.65408740851e-05,0.00665314081135,-2.00327824321,0.000124700610708,0.0534084115179,-3.98105666029,4.24978240451e-05,0.0371245619533,1.9675702611,-0.501769565435,-0.244067274985,-5.91784347842,0.000219893889875,0.0767680800263,-1.82117235144,1.01508413491e-05,0.00927611276231,-5.00555058881,0.387187217229,0.392582791697,-0.5415187809,0.000656153450763,0.0583982387136,-0.271552480346,1.40279245851e-05,0.0030506462071,0.477173579418,-0.0215930517076,0.265351992358
unguided,27,0.08,0.0899999961257,predicted,Actual proposal support boundary; monitored coordinates are pre-native endpoint forecast,True,50,-0.155545437646,0.538356691632,-0.0716657541657,0.105992252192,0.149721632872,0.0591569709395,6.35413781862,6.56938538706,0.0228092720472,-0.381498719749,2.29000328821,0.183176691023,0.262177222286,0.27884477235,0.25323371175,0.206134380577,4.63468131088,0.185121427998,0.714342001677,9.74900044247,1.87503492873e-08,0.000155471895293,9.00135928893,1.65525931158e-06,0.00188713485627,9.15500531753,2.89937114321e-07,0.000913820360456,8.19544953562,2.42558052838e-05,0.0111018415059,9.5454910425,1.38732518824e-07,0.000434068358501,9.22396763228,2.81973409663e-07,0.000766233515763,8.20749883698,4.70945537203e-06,0.00824592403774,9.27241837556,1.30469174486e-07,0.000575029272731,9.05002794331,9.00145710856e-07,0.00149009038588,8.64128224541,2.73879794993e-06,0.00350726060048,8.13648017401,1.76610334067e-05,0.0120322759928,8.59847083503,2.85482085975e-06,0.00384194113958,4.62639690829,0.17658975109,0.385531455448,8.5023283531,8.52436987775e-06,0.00603564633252,9.12621908181,6.1604391761e-07,0.00117522739899,5.31485520281,0.055159348488,0.31360792256,7.30954404965,0.000302901501122,0.0653899096668,8.69946013949,3.48823305534e-06,0.0033387586904,5.34211166598,0.045592541658,0.160203338486,0.202819895765,-0.624874925988,0.878951311111,2.02568891644,-5.35701259971,0.389418930581,25.0599784629,-4.60741752698,0.756629567057,0.954480117857,-1.51456066188,-0.0146459788496,-0.125143342357,-0.718254699685,-0.277254196854,0.271837437224,3.24680663139,-0.692853164457,-0.447935334608,-5.05958207033,4.50191268669e-07,0.00244031141179,-2.44660362049,1.81388138624e-05,0.0115723688883,-4.71366059295,9.18254132684e-06,0.0155240589786,-0.576579005447,7.07946986115e-05,0.0101907942609,-0.650438188184,1.9418610394e-06,0.00315808171494,-1.46278151117,1.48606388438e-06,0.00285515708826,-0.103105275937,-6.89633782402e-06,-0.000928928213476,-1.80559332766,1.0151464679e-06,0.00283266916584,-5.74228335112,3.44948282962e-05,0.0272531900059,-1.34629625348,3.43239648505e-05,0.0183224128499,-3.33761048372,0.000285752384096,0.0988377664389,-5.69576227129,7.98482757234e-05,0.0590675112007,3.34600378855,-0.82517023659,-0.824005723009,-7.40686681862,0.000358841243166,0.107842410974,-1.84416717776,1.68080675759e-05,0.0125590005395,-6.82592187822,0.510204737862,0.566073705196,-0.929288681734,0.000923841526612,0.110735061475,-0.541319285054,-2.06799028701e-06,0.00286141767736,-3.20032769537,0.170128064027,0.409455977546
unguided,27,0.09,0.0999999940395,predicted,Actual proposal support boundary; monitored coordinates are pre-native endpoint forecast,True,50,-0.153817103466,0.533903018334,-0.0643498085403,0.122287297211,0.0946789625025,0.0637185207142,6.66941601569,6.49909040998,0.0262648045111,-0.380590142002,2.31383795464,0.183495842739,0.261146089738,0.269584946039,0.249675786097,0.209493464516,4.68365647428,0.176177573121,0.710167693729,9.70652867574,2.31427200913e-08,0.000177555912743,8.96707637148,1.92545038558e-06,0.00205496322731,9.08858455829,4.32150829425e-07,0.00114228738122,8.19591315367,2.43590522925e-05,0.0110478816078,9.54472620353,1.56075817478e-07,0.000460789798765,9.19579291593,3.17492920511e-07,0.000829106542065,8.20715566378,4.643167071e-06,0.00822235807065,9.25791287046,1.37100701557e-07,0.000595639962329,8.98095594586,1.33118848652e-06,0.00182256645794,8.62045217409,3.22403181509e-06,0.00376830827033,8.09406095076,2.15584129762e-05,0.0133188719676,8.54664975017,3.71320786244e-06,0.00441741357282,4.66224639732,0.168233777956,0.375432015367,8.41476105789,1.30900213469e-05,0.00736651561468,9.11290212097,8.05536590278e-07,0.00129981401003,5.25679538195,0.059470696544,0.320512147857,7.30015001734,0.00031156674107,0.0665553047636,8.68829706354,3.50931702023e-06,0.00341502139248,5.32318142965,0.0468363637391,0.164606194342,0.131430109839,0.0420183023641,0.720468521118,0.75557950139,-5.06315076351,0.547812469416,27.4750715002,-1.2506938809,-1.36064088021,-1.84333646054,9.23866154429,0.039375385406,-0.129398034867,-0.845508633731,-0.3945571051,0.374359070013,4.43984038751,-0.855823326912,-0.453425283618,-3.55620062016,4.35584131939e-07,0.00207700248919,-3.52798996667,3.15748359867e-05,0.0183505578063,-7.36126964996,2.06483010634e-05,0.0287796408798,-1.18465005218,0.000111987381265,0.0253044588937,2.03225942277,-3.36334425092e-07,-0.000938604753662,-4.82121619306,7.82102345116e-06,0.0124690809653,0.0814167047222,-9.23141723173e-06,-0.00458682984511,-1.88667635951,1.21889576558e-06,0.00325123586343,-4.98551281873,2.97108014088e-05,0.0235247070127,-0.579274046302,2.47606445241e-05,0.0103816142225,-3.03682777212,0.000225845759705,0.0946524625105,-3.32168337454,5.75238917098e-05,0.0378582690579,1.96439418353,-0.529738756287,-1.15624423681,-5.8962892485,0.00028067523982,0.0928503571742,-0.526509330266,1.36292798229e-05,0.00822022798804,-2.62906863235,0.187889433817,0.536356760238,-1.32394332407,0.00116978497274,0.173313449982,-2.87084228597,1.2741163886e-05,0.0232394619671,-2.24077650608,0.13412996854,0.359432827199
unguided,27,0.1,0.109999999404,predicted,Actual proposal support boundary; monitored coordinates are pre-native endpoint forecast,True,50,-0.152916835449,0.539197057679,-0.0572563837433,0.12110384222,0.0484586176014,0.0701132203278,6.90363924863,6.54437150945,-0.00440354555703,-0.418365448959,2.47477651909,0.183964198731,0.259589261589,0.261934599676,0.245342569648,0.213621561978,4.72347811863,0.16800496146,0.705273496005,9.67787643007,2.74620319261e-08,0.000197011945077,8.9307994896,2.28675603131e-06,0.00225414601239,9.00777992454,7.02903135589e-07,0.00148941317805,8.17175653458,2.64955529091e-05,0.0116079306838,9.58613623096,1.32005830323e-07,0.000415296263428,9.12754330841,4.38393878686e-07,0.00101561513507,8.20912717107,4.52482702739e-06,0.00815418744084,9.23468484837,1.54847089798e-07,0.00064005399,8.95031768693,1.49436173903e-06,0.00196058452613,8.62969676448,3.23401084041e-06,0.00371489288493,8.07574361857,2.21779486008e-05,0.013925325243,8.53203716754,4.00529869394e-06,0.00459910652073,4.66568479196,0.165994975964,0.362406570711,8.38440256813,1.41378746742e-05,0.007892653476,9.11568889521,8.88629514069e-07,0.00133963195875,5.26227383017,0.0589171371644,0.324335057765,7.28306518317,0.000326297200576,0.0688561786664,8.64204329377,3.74305633306e-06,0.00380354792974,5.29729613586,0.0482751410287,0.16739199503,0.254188605851,-0.371314661175,0.840581893921,-1.34633553028,-3.49672038853,0.770383024102,25.4690362584,8.29194135248,-2.05530119101,-3.59919781767,13.3142729104,-0.101003222321,-0.278453746093,-0.795523437374,-0.413176926149,0.413925535645,3.49831012636,-0.69669166632,-0.717351015341,-4.18645389832,6.60194187574e-07,0.00293784932515,-3.9497954243,4.18156965451e-05,0.0222579977777,-7.47040023603,2.94257861772e-05,0.0352612386004,-1.05458385105,-1.51646703934e-05,0.0252748153014,-1.0910115567,1.70317158232e-06,0.00274593865822,-7.0351180745,1.39748149463e-05,0.0206560969691,1.09929806402,-3.16224611626e-05,-0.0276202069294,-3.23145795122,2.78449893172e-06,0.00705389123453,-3.65575006678,1.79741994566e-05,0.0169704486969,0.791709844973,-9.50279862576e-06,-0.00642458047977,-1.33274851739,1.58213385847e-06,0.0457952916365,-2.04334411251,4.91969879664e-05,0.0276294764689,0.198311908629,-0.226669375032,-1.14971556954,-3.85806976731,0.000133550080265,0.0710582091661,-3.53944467192,3.00098844678e-05,0.0201293366952,0.110763062191,-0.0710260308247,0.184965477197,-1.48054220624,0.00142877971654,0.193669928281,-5.36848191796,2.44468369027e-05,0.0502221634597,-3.68110822383,0.215615909138,0.117247758571
unguided,27,0.11,0.119999997318,predicted,Actual proposal support boundary; monitored coordinates are pre-native endpoint forecast,True,50,-0.148733331349,0.526476725111,-0.0475381706619,0.0953605866051,0.0247445547318,0.0791261811962,7.17879674086,6.66492923703,-0.0148412193091,-0.452574098356,2.58012341285,0.181475778292,0.255577014816,0.253674477292,0.241412247574,0.217771975229,4.7536226768,0.162243739795,0.695820673422,9.62279959778,3.63466038427e-08,0.000236312899246,8.888080463,2.76176431648e-06,0.00250012318287,8.93917655357,1.02066655297e-06,0.00184751215323,8.17482147665,2.40557588846e-05,0.0115533779138,9.52290597239,1.90139249124e-07,0.000515708571929,9.05509055444,5.96989219437e-07,0.00124222848145,8.22914162506,4.01071784775e-06,0.00766995393206,9.19328371144,1.92790680191e-07,0.000736717787019,8.90784094453,1.69067247565e-06,0.00216197543188,8.63628637099,3.03397584257e-06,0.00363981666073,8.06740598042,2.15900556534e-05,0.0142347778003,8.50578286792,4.69714762177e-06,0.0049700031022,4.6662126355,0.163700390455,0.352437703976,8.33759966255,1.57610229522e-05,0.00878767979801,9.04211322753,1.40573427963e-06,0.00170240074394,5.2590106432,0.0580501759275,0.324211457401,7.27053917321,0.000340142335401,0.0704287033292,8.58092742518,3.99825375828e-06,0.00441946466167,5.24955926518,0.0511486819219,0.166951149513,0.486490578193,-1.17638173445,1.5077214241,-3.36699929833,-2.92237350345,0.637608332282,18.7282993904,16.2779321924,2.24320462491,-2.55902030634,-5.13982886577,-0.325908350418,-0.310690975123,-0.90252117465,-0.254978753345,0.400858358716,0.792386871127,-0.188902825986,-1.19583320498,-11.1361301442,3.1375151256e-06,0.0106842264803,-2.33728381258,2.42963220113e-05,0.0127425390729,-2.69388501658,1.40326061002e-05,0.0155883155563,0.556424381805,-0.00024113425487,-0.0135714402974,-8.19551409481,9.38526366318e-06,0.0142846959919,-5.8727652079,1.36067685598e-05,0.0194232265419,1.85887001999,-4.31355716453e-05,-0.0430871798633,-5.40641378309,5.46481524684e-06,0.0129462361742,-4.14719875154,1.88114167087e-05,0.0205821974495,-0.459171760569,-2.06873233743e-06,0.00344163005949,-0.223244834545,-6.27609955314e-05,0.0123165153735,-3.81941290591,0.000109586338629,0.0563588393602,0.566087355155,-0.31058525,-0.945407646538,-4.7582228385,0.0002151028115,0.0948529436286,-8.372678156,6.97744452038e-05,0.0436296946405,0.335690090904,-0.10952878626,-0.175067256738,-0.892875621815,0.00137579363442,0.0827426543737,-4.75261088372,2.19138666756e-05,0.0508735526382,-6.6186796561,0.465974603709,0.479310826663
unguided,27,0.12,0.129999995232,predicted,Actual proposal support boundary; monitored coordinates are pre-native endpoint forecast,True,50,-0.143187023886,0.51566942299,-0.0271019552612,0.0537638562536,-0.00998885246754,0.0828653869735,7.27820523644,6.86993015329,0.0404605469412,-0.469545855086,2.37197994178,0.177446031723,0.253375442086,0.243884176183,0.240242994581,0.221638729152,4.73932585605,0.16422690494,0.681356831905,9.45515382719,9.0212334438e-08,0.000410696474683,8.88405381335,2.77268247154e-06,0.00250899679385,8.9539022242,9.83555257593e-07,0.00180117948918,8.18288502221,2.16728678117e-05,0.0113365018779,9.42222594906,3.19711103586e-07,0.000700990183267,9.01008800426,7.10529249883e-07,0.00140407966591,8.24630457147,3.66211559449e-06,0.00729244384357,9.12655657271,2.64143394734e-07,0.000898978713484,8.8673737119,1.87059007321e-06,0.00237222847512,8.62051332927,3.19263619366e-06,0.00378372548612,8.07127872188,2.09227286901e-05,0.0141716555505,8.45564890942,6.19702546652e-06,0.00572628330794,4.67700653907,0.159783270964,0.343498417781,8.28923811136,1.84399309042e-05,0.00978971234858,8.94823533209,2.28411841814e-06,0.00221222585157,5.26898763198,0.0567265614392,0.32083371263,7.26520767073,0.000353813073265,0.0705110317539,8.54699107609,4.18133366657e-06,0.0048210189825,5.16492254274,0.0575946331029,0.176978211563,0.249291194885,-0.547586441228,1.77859956026,-3.22128964961,-1.18746955693,0.212290021343,5.80959846066,19.516733144,5.71213752351,-1.25294407657,-13.2323256194,-0.32282674117,-0.204244315472,-0.69081751079,-0.0604963430261,0.259976261425,-1.33945085246,0.213662007848,-0.913179300584,-12.0307384074,5.55076214235e-06,0.0149656375106,-0.611084548767,4.41576949438e-06,0.0025944213749,3.22590164401,-1.283115751e-05,-0.0144862944787,-0.361886954662,-7.83951741967e-05,0.0102492701209,-9.04697600716,1.41008446486e-05,0.0182329781203,-3.49615084107,1.1020752254e-05,0.0139164544061,1.82077698524,-3.18710904539e-05,-0.0376588896689,-5.91374298763,7.81078291138e-06,0.0162810737644,-3.14059815177,1.62265408252e-05,0.0172660187956,-1.19042906054,1.43025590122e-05,0.0110282554036,-0.17777893832,-1.23375397897e-05,0.00883850191302,-4.04326075121,0.000138564011154,0.0641572336681,0.766935517449,-0.245830374369,-0.413964113529,-4.01375397002,0.00025944336841,0.085209707598,-7.81234924621,8.19219888296e-05,0.0442733893609,2.60831746298,-0.238544957409,-0.413773708381,-0.0868608775884,0.000419946119953,-0.0192355572917,-2.45592541548,2.47014657674e-05,0.0302921918893,-7.05983615894,0.520248005812,0.377631128196
unguided,27,0.13,0.140000000596,predicted,Actual proposal support boundary; monitored coordinates are pre-native endpoint forecast,True,50,-0.143747507452,0.515524996286,-0.0119661794567,0.030934793613,0.000995163593293,0.0833719816231,7.29498871007,7.05526389991,0.0994015311611,-0.477632979887,2.31547690046,0.175019243469,0.251492128507,0.239858127076,0.240202320714,0.222971500457,4.72683365975,0.166516979952,0.677557087411,9.38218482963,1.4736184669e-07,0.000535625649457,8.87585877202,2.85007970637e-06,0.00255201161037,9.00369458645,7.64043402771e-07,0.00155778626365,8.16758373756,2.24878554007e-05,0.0117583633162,9.34196645225,4.72156142096e-07,0.000880368134335,8.98516753762,8.17404264517e-07,0.00152055756957,8.26555716476,3.37329603867e-06,0.00691677613868,9.07500885169,3.49006338419e-07,0.00106233926231,8.84502898149,2.01520329215e-06,0.00250729580779,8.61247778978,3.32002702282e-06,0.00386038176881,8.06385040165,2.13433048576e-05,0.0144115478386,8.42491765289,7.46842784484e-06,0.00625314777556,4.68155134584,0.158783782968,0.344158421705,8.25732458315,2.09498903204e-05,0.01049187395,8.88586624261,3.04417405623e-06,0.00258786853116,5.31117699246,0.0532792767793,0.315935983233,7.26880195566,0.0003485412578,0.0700439921834,8.53180891687,4.49228307363e-06,0.00502530849946,5.108362542,0.0615536420381,0.174503772077,-0.29412825154,0.364967323553,1.04741251469,-2.39636527002,0.670170873404,0.0962884234293,1.81227676671,11.2033305888,4.69704283416,-0.423540404172,-2.56077215159,-0.150300655643,-0.111938026538,-0.244591265309,-0.0144167635436,0.0769233064626,-1.03543481782,0.194579106801,-0.295575162661,-3.61811927565,3.02019232429e-06,0.00641338677324,-1.90576926304,2.37679395227e-05,0.0117573359111,3.77103370416,-1.5294922422e-05,-0.0176310674709,-0.93995307937,5.24557169011e-05,0.0255264109318,-5.82938803417,1.2107318325e-05,0.0136386892091,-2.40227080779,1.02136197918e-05,0.0110747719168,1.38744233416,-2.0552326588e-05,-0.0268939282098,-3.39229702427,6.06446927671e-06,0.0112460077319,-1.64399909793,1.25971551329e-05,0.0103105208876,-0.650367394576,1.08773846319e-05,0.00625114911113,-0.140843563015,-4.15035954703e-06,0.00425494323962,-1.78332286945,7.70939044771e-05,0.0313520347941,0.234676958229,-0.0729079183825,0.00874876032706,-2.92875277131,0.000250918065848,0.0655640563492,-4.30447506678,5.44198209464e-05,0.0263384787378,3.29809235389,-0.264698446485,-0.418110379176,0.0651145083776,-0.000159617402696,-0.0077810050906,-2.10218481101,4.6376277932e-05,0.0283553000748,-2.63315910882,0.186853897501,-0.163715158952
unguided,27,0.14,0.149999991059,predicted,Actual proposal support boundary; monitored coordinates are pre-native endpoint forecast,True,50,-0.149069588916,0.522968769461,-0.0061537049675,0.00583655085325,0.00341456500053,0.0847911554421,7.31445077177,7.09399676507,0.134401403624,-0.47801666317,2.32076449874,0.17444001861,0.251136681555,0.238992350876,0.23995465931,0.223177195281,4.7186171597,0.168118487077,0.675445328652,9.38279144167,1.50616180924e-07,0.000538964210148,8.84593842809,3.24804126199e-06,0.00274414351207,9.02932289829,6.77656809152e-07,0.00144855813976,8.16408596062,2.27219821497e-05,0.0118470300965,9.30563818838,5.61857470086e-07,0.000973763967449,8.9620425881,9.1480164572e-07,0.00162557510424,8.27405341815,3.25106906273e-06,0.00675456527937,9.05871063222,3.85432780269e-07,0.00112389886812,8.83449372994,2.12253317586e-06,0.00257843889287,8.60750598138,3.4101838863e-06,0.00390874846835,8.06846185062,2.08397214992e-05,0.0142567544153,8.41998245203,7.73890355606e-06,0.00635332400382,4.68170007823,0.158325112596,0.343673392987,8.23066305594,2.34582922211e-05,0.0111009934756,8.86214583075,3.37251483707e-06,0.00273899542632,5.33494947906,0.0514325925095,0.312471505046,7.2665099609,0.000350620725211,0.0703554116521,8.50494737987,5.10885922521e-06,0.005388124984,5.11225936056,0.061331711053,0.173703908384,-0.152465333963,0.00521162850285,0.204047620296,-2.30437494814,0.161219775677,0.0473265596054,1.24058796521,3.28450340317,2.26814979506,0.174134405555,0.978355444363,-0.0370419473429,-0.0248430487228,-0.0701593340299,-0.0310361132029,0.0258989136055,-0.403404115298,0.0699718354676,-0.137154593682,0.592288798197,-2.09697349059e-07,-0.000711560007435,-2.56336690641,3.64779005788e-05,0.0169694159728,2.06638860711,-6.82587749054e-06,-0.00871896963669,-0.602931236429,5.43293177934e-05,0.0157347741825,-2.92655785996,7.60756519901e-06,0.00772398462755,-1.91375084532,8.51825953234e-06,0.00889879213365,0.334063721307,-4.00655825621e-06,-0.00594060659628,-0.75954108362,1.76745769725e-06,0.00294916691281,-0.800655744803,9.02154360285e-06,0.00545943481273,-0.430282153162,7.1836957237e-06,0.00390390987089,0.59111052641,-5.16736664952e-05,-0.0194823312141,0.305614289742,-2.66378580029e-06,-0.00301386606998,-0.195738567489,0.00553724476109,-0.0889203091893,-2.10421062237,0.000210772493885,0.0482752226841,-1.61326203443,2.22911063598e-05,0.0102631742399,1.89095914765,-0.1459069471,-0.291347817018,-0.0960402041153,4.73694885164e-05,0.0143198531988,-2.31515722963,5.55528956428e-05,0.0319605167902,0.320334240164,-0.0205542297058,-0.0610170165736
unguided,27,0.15,0.159999996424,predicted,Actual proposal support boundary; monitored coordinates are pre-native endpoint forecast,True,50,-0.146796814131,0.515629228856,-0.00788522705079,-0.0151527053499,0.00421955910683,0.0843185128152,7.31980046938,7.12095396797,0.144764527062,-0.474150291776,2.33504400935,0.174278404522,0.250995267532,0.238454940396,0.239581598449,0.223489478729,4.71876557745,0.167916416661,0.674813995537,9.39403060559,1.43167899709e-07,0.000521394449309,8.8245914339,3.57963771795e-06,0.00289139992982,9.04502235859,6.2752585296e-07,0.00138340687092,8.15552511283,2.35744417566e-05,0.0120730587999,9.28343529505,6.24307446076e-07,0.00103484782689,8.94689252071,9.87769455164e-07,0.00169853341224,8.27223843919,3.29316487355e-06,0.00679796400676,9.05981803001,3.84355492364e-07,0.00112132260056,8.8290158666,2.19563416421e-06,0.00261648450404,8.60387214672,3.46370093729e-06,0.00393845996622,8.07567261218,2.03098315277e-05,0.0140219012143,8.43102993869,7.41515212884e-06,0.00619287045416,4.6776365745,0.158894527863,0.342380015521,8.2152403707,2.51653401981e-05,0.0114573784036,8.85360100192,3.48999618342e-06,0.00279313201595,5.34899617541,0.0503611378373,0.310109026893,7.26688115158,0.00034948864757,0.0703303892473,8.48550577228,5.60334098649e-06,0.00566451883526,5.1147692268,0.061142557444,0.173283431746,0.235698245186,-0.675297465631,0.042740225792,-1.54776089638,0.31240439415,-0.0526054676297,-0.211022922125,2.27616692308,1.04771990548,0.360369950318,0.713985250251,-0.0128580962366,-0.00955543290565,-0.0409129635062,-0.0241893711718,0.0284110157476,-0.231594026877,0.0322661510612,-0.0197185734135,0.933662658781,-6.2796949558e-07,-0.00146077713538,-1.13388925219,1.79407757314e-05,0.00783519792936,1.47855821884,-4.60828496274e-06,-0.00604893281724,-0.477645294466,4.74271553447e-05,0.0127207390142,-2.14183017251,6.33178742303e-06,0.0060489868907,-0.746706407184,3.22589114649e-06,0.0034528090983,0.0406651516586,1.21643159034e-06,0.000123977782112,0.118415261714,-2.05112140138e-07,-0.00036899659528,-0.298773699536,3.72088929169e-06,0.00190296882086,-0.385023318908,5.91940288277e-06,0.00351504628056,0.334978459349,-1.87602234302e-05,-0.0108027163512,0.610539955808,-1.64039601693e-05,-0.00853632446323,-0.116831140604,0.00966170018031,-0.0792081919629,-0.893804987212,0.000101125307271,0.0204745722557,-0.897939354381,1.28711293533e-05,0.00579964877386,1.18613590298,-0.0894218395404,-0.204080669054,-0.0334528620833,-1.52193136858e-05,0.00595711458253,-1.13157903067,2.89938542715e-05,0.0162471779853,0.369787438385,-0.0274621296096,-0.0404174519389
unguided,27,0.16,0.170000001788,predicted,Actual proposal support boundary; monitored coordinates are pre-native endpoint forecast,True,50,-0.144355624013,0.509462820149,-0.00529890045166,-0.0251186670744,0.00966265288353,0.0837390460895,7.31023031333,7.13952010353,0.155355801734,-0.470809264163,2.33504420375,0.174182856685,0.250945572897,0.238174091606,0.239470871887,0.223745415596,4.71398527916,0.168763810098,0.675050957184,9.40146469485,1.38056791012e-07,0.000509748667441,8.82326064304,3.60685677662e-06,0.00290084747066,9.05889406266,5.85491109897e-07,0.00132757948342,8.15453305474,2.36705252566e-05,0.0121014448768,9.26280158493,6.88493218546e-07,0.00109474370526,8.94710845996,9.79319468649e-07,0.00169463128621,8.27486672119,3.27539769453e-06,0.00675704483502,9.06107893746,3.81330537466e-07,0.00111651893622,8.82851825595,2.1969509617e-06,0.00261649826929,8.599805515,3.52857194396e-06,0.00397904939396,8.0751614198,2.04645170306e-05,0.0140407000882,8.43219325115,7.41082435267e-06,0.00618259751456,4.67936345542,0.1585183466,0.342089229148,8.21278695619,2.54807983665e-05,0.0115104849207,8.84418704366,3.62993742414e-06,0.0028549884018,5.35867219712,0.0496441557187,0.308389891665,7.26584090366,0.000350316338937,0.0704745539437,8.48231579926,5.68873631064e-06,0.00571306854371,5.11965510933,0.0607824684608,0.172895559345,0.0173216855832,0.231023617964,0.411725699902,-0.487698987126,0.41835039854,-0.0503319883934,-0.737850038192,1.36649391686,1.08371277361,0.167049849615,-0.809054227563,-0.0137015747818,-0.00253460338861,-0.0244307588363,-0.00240596774904,0.0261398528507,-0.529935687781,0.0976349899422,0.0354040745405,-0.0200535155881,6.72371060422e-08,0.000127324909969,0.192727076146,-2.50486103626e-06,-0.00130052246299,1.2597171832,-3.71503783983e-06,-0.00499125855318,0.142236306513,-1.68598106938e-05,-0.00361359941224,-1.60044956225,5.09963294673e-06,0.00470011370925,0.131080171277,-1.05496449143e-06,-0.000780614446268,0.455973212307,-5.77287956056e-06,-0.00824135049533,-0.174188588317,4.10595630758e-07,0.000613811665051,-0.0159452780185,-8.76441369658e-08,-0.000133530165258,-0.160652343736,1.79821621329e-06,0.00149168166777,-0.246973020701,2.99873602068e-05,0.00827761602475,-0.488187382065,1.95498470026e-05,0.0081537750197,0.359373290758,-0.0698756115766,0.00358619979132,0.0967087245513,-7.39118149991e-06,-0.00269145537537,-0.677371485073,9.53569198029e-06,0.0043126425391,0.440126520417,-0.034133960519,-0.127992512311,-0.173211512875,0.000188190235187,0.0227317557646,-0.0583268419797,2.50030923734e-06,0.00116873447054,0.192884811012,-0.0237123317523,-0.0226719336179
unguided,27,0.17,0.179999992251,predicted,Actual proposal support boundary; monitored coordinates are pre-native endpoint forecast,True,50,-0.146450380419,0.520249701216,0.000349286947248,-0.0249066850924,0.0125865670776,0.0833118730474,7.30504346862,7.14828384631,0.166438782535,-0.470809294784,2.31886292479,0.174004373027,0.250944575465,0.237966325219,0.239533479094,0.224012275786,4.70816686369,0.16986911646,0.675522077028,9.39362953528,1.44512641829e-07,0.000523940947508,8.82844597542,3.52954049722e-06,0.00286538948056,9.07021670225,5.53225096163e-07,0.00128358169986,8.15836983896,2.32372455427e-05,0.0120007868116,9.2514263038,7.2630010501e-07,0.00112885010107,8.94951412414,9.66670165335e-07,0.00168292112332,8.28135790343,3.17770728234e-06,0.00663313699685,9.05633425825,3.92567404979e-07,0.00113359883386,8.82869696103,2.19388128147e-06,0.00261381390074,8.60065909984,3.49966526156e-06,0.00396829359958,8.07073315176,2.09095787318e-05,0.0141874535348,8.42126619105,7.80614906889e-06,0.00635594595456,4.68482404031,0.157497015631,0.342451739517,8.21717454519,2.50175165681e-05,0.0114035492961,8.84005357222,3.68071002303e-06,0.00287938486674,5.35779870582,0.0496784586269,0.307549176647,7.26341692132,0.000353252452274,0.0707850243626,8.48433923544,5.65334717124e-06,0.00568789352467,5.11862692302,0.060668310809,0.172829993073,-0.0745222642915,0.381233667198,0.366483926773,0.0721591189505,0.145952433348,0.0129798608011,0.495174721921,0.684240606637,0.825173831782,-0.165250385114,-0.822786853724,-0.0248064760305,-0.00561763059234,-0.0189191333328,0.00160825109772,0.00983540260728,-0.377698418328,0.0660842797264,-0.0150568681589,-0.707666352621,5.72035970865e-07,0.00126116381939,0.0217450647363,-1.1059594945e-08,-3.69126195418e-05,0.544661445972,-1.60055737385e-06,-0.00214920191693,0.294011198173,-3.3423786088e-05,-0.00786539707943,-0.551757435945,1.80664037908e-06,0.00163471129051,-0.02466072025,2.94861479429e-07,0.000225498674203,0.466043045407,-6.90216609578e-06,-0.00893199459057,-0.389973811709,8.31699329539e-07,0.00134703322089,-0.172787777847,1.77868315028e-06,0.00118298407133,0.118719433893,-3.84047629853e-06,-0.00145082193171,-0.294521259984,2.7689838905e-05,0.00980939388154,-1.01830753766,3.91821394211e-05,0.0165744437602,0.319662519983,-0.0646369790382,0.0158123632539,0.105583593053,-1.71229046614e-05,-0.00241138613181,-0.351042513281,5.24472889722e-06,0.00232051071439,-0.0691459801561,0.00331061780912,-0.0440267618701,-0.0939505983287,9.48205688756e-05,0.0129179322769,-0.0562062150372,2.9587847008e-06,0.00114392660411,-0.0920998914964,-0.00463026795428,-0.000512641102299
unguided,27,0.18,0.189999997616,predicted,Actual proposal support boundary; monitored coordinates are pre-native endpoint forecast,True,50,-0.145846069298,0.517087493493,0.0020307780838,-0.0236754846954,0.0125817015505,0.0839986433055,7.32013380777,7.15320491566,0.17185927837,-0.474114271865,2.31858846667,0.173686727165,0.250833220285,0.23779570894,0.239503036909,0.223942123648,4.70643131079,0.170085495692,0.674749819821,9.3873113678,1.4949751043e-07,0.000534971943828,8.82369554434,3.60663558472e-06,0.00290010921827,9.06978729158,5.5347996242e-07,0.00128459544508,8.1604132787,2.30020495349e-05,0.0119441369352,9.25176643621,7.24626026128e-07,0.00112743793107,8.94661524555,9.85216698238e-07,0.00169914125969,8.28418758209,3.13735437262e-06,0.00657840494321,9.05327946122,3.97964524057e-07,0.00114345960063,8.8250625004,2.2325246247e-06,0.00264015795072,8.60217990368,3.45176241798e-06,0.00395003295532,8.0692709946,2.10183138087e-05,0.0142368879659,8.41182710039,8.19446714109e-06,0.00651408638976,4.68575670582,0.157225607019,0.342405476413,8.21489862806,2.51383402733e-05,0.011462257198,8.8371661934,3.73483200208e-06,0.00290139861609,5.35728927752,0.0497103680749,0.307509356428,7.26396189169,0.000352212750315,0.0707329125893,8.48119167496,5.74791200466e-06,0.00573594707579,5.1178131115,0.0606898631017,0.172885306523,-0.353234957554,0.960462059328,0.137758135796,0.184505686164,-0.0713664591312,0.0644096643732,0.854970383406,0.417178814217,0.453065876169,-0.286611030207,-0.088504282842,-0.0254924526237,-0.00489915921142,-0.00803081599752,0.0018055669172,-0.00777375958566,-0.102287177377,0.0126434915944,-0.0538047980725,-0.511864072903,4.2384834666e-07,0.000904461128986,-0.309618696859,5.1089074002e-06,0.00230376897844,-0.0463337280962,7.59080995894e-08,0.000151122930348,0.0992204230113,-1.41059811136e-05,-0.00277131927135,0.022261095084,-1.06431183384e-07,-9.01317989393e-05,-0.146063067935,9.67953653242e-07,0.000845266230042,0.214384716726,-3.16383710107e-06,-0.00421992574445,-0.349174485834,7.28318647941e-07,0.00122885887726,-0.117084363771,1.53157713075e-06,0.000947736159171,0.121534583845,-3.42569725966e-06,-0.00135153896686,-0.101057469465,7.18922960963e-06,0.00335309787874,-0.751755089312,3.01715220688e-05,0.0124626351657,0.101346586898,-0.0262421141572,0.00402108433023,-0.0194295969681,-5.56289443031e-06,0.00078265837298,-0.194051954227,3.55114178033e-06,0.00146023612282,-0.0806186583072,0.00577129525208,0.0158219571577,-0.00829625190391,1.05930203702e-05,0.000953796009139,-0.285193417648,8.87737425128e-06,0.00443110452712,-0.066311498127,0.00421704885458,0.0107587431412
unguided,27,0.19,0.199999988079,predicted,Actual proposal support boundary; monitored coordinates are pre-native endpoint forecast,True,50,-0.15351507957,0.539458942402,0.00310444966316,-0.0212165713692,0.011159237895,0.0846000663348,7.32214287628,7.15662742259,0.175500100058,-0.476541515388,2.31709283914,0.173494523974,0.25084659228,0.237805708899,0.239569590433,0.223856800594,4.70612112015,0.170121986292,0.674445981066,9.38339225382,1.52989608763e-07,0.000542030170088,8.82225360148,3.63171864522e-06,0.00291146486013,9.06929002769,5.54743258155e-07,0.00128660415846,8.16035424742,2.29551259204e-05,0.0119453604262,9.25187152571,7.24171481343e-07,0.00112704746509,8.94659286278,9.860292384e-07,0.00169982644792,8.28564559777,3.11443054031e-06,0.00654873848196,9.04935076853,4.07133777938e-07,0.00115817601141,8.82635527376,2.22451282408e-06,0.00263276862392,8.60308979152,3.43115131636e-06,0.00394126282024,8.06871200237,2.1053363324e-05,0.0142545154924,8.40623108926,8.40957951026e-06,0.00660519865787,4.68685097205,0.156972173348,0.342532161204,8.21678595325,2.49062586795e-05,0.0114192024636,8.83617253313,3.75173285864e-06,0.00290858958919,5.35618633265,0.049793884532,0.30786561579,7.26325099628,0.000353464312681,0.0708041002828,8.47863536709,5.83089465626e-06,0.00577651561521,5.11730069306,0.060752651786,0.173045167936,-0.80139673745,1.28727296165,0.337279915809,0.552550077438,-0.183323606849,0.0989507035409,0.575449415291,0.432613444084,0.600513457268,-0.309725798777,0.271842992332,-0.0197968981968,-0.00260786643967,-0.00590266129707,0.001879626146,-0.00889924344283,-0.238559002985,0.0441762691976,-0.0596231800261,-0.628757357882,5.56569651286e-07,0.00113009724257,-0.0932184009207,1.69897362736e-06,0.000807854058226,-0.180715694208,5.08402521795e-07,0.000716342970713,0.0470377494169,-8.90109461767e-06,-0.00131491537057,0.123387101844,-3.89160457694e-07,-0.000349703569531,-0.0109638429028,2.02927015017e-07,0.000135806193128,0.410593593793,-6.3656562786e-06,-0.00802003864839,-0.607339053774,1.25250493156e-06,0.0021563475346,0.255833326798,-1.97398745044e-06,-0.00156552680324,0.261433619338,-4.28683047394e-06,-0.00245369776458,-0.379964008314,2.69569566313e-05,0.0124529170963,-0.923385595827,3.49223910708e-05,0.0149552225609,0.341758613957,-0.0682962260406,0.0338072363451,0.384105397577,-4.31854463767e-05,-0.00886187819446,-0.150526491079,2.7452797075e-06,0.00112491133251,-0.0797991490533,0.00677135610752,0.048659145614,-0.224700454506,0.000310878792125,0.0272602028092,-0.162039414224,6.12234496259e-06,0.00259565287651,-0.172503459448,0.0150193353339,0.0121817268133
unguided,27,0.2,0.209999993443,predicted,Actual proposal support boundary; monitored coordinates are pre-native endpoint forecast,True,50,-0.161874004047,0.542832952726,0.00877637639999,-0.0126244831467,0.00891522941351,0.0859776573763,7.33164279607,7.16185718455,0.183869547515,-0.480308787841,2.32402532652,0.173290789201,0.250781062957,0.237677655714,0.239540629432,0.223764138779,4.70166013073,0.170969021076,0.67355735622,9.37473622064,1.60628903455e-07,0.00055757388868,8.82183117632,3.64061505727e-06,0.00291626629943,9.0661729777,5.63648012856e-07,0.00129892230449,8.16135403369,2.28240276425e-05,0.0119178386278,9.25423417824,7.16842816974e-07,0.00112044385968,8.94639596869,9.89275238538e-07,0.00170185738356,8.29239945397,3.01004124705e-06,0.00641800417024,9.04113268015,4.23014622688e-07,0.00118658655133,8.83017916693,2.19304487569e-06,0.00260884741465,8.60740857606,3.36602580851e-06,0.00390095900003,8.06167171444,2.15574529413e-05,0.0144859463078,8.39335938848,8.89291496251e-06,0.00681319084098,4.6925918781,0.155859682498,0.34308162114,8.22258073601,2.42746313458e-05,0.0112850196341,8.83415566358,3.78973759623e-06,0.00292389684274,5.35569329454,0.049845795197,0.30848253934,7.2594678826,0.000358430326157,0.0712781166454,8.47795088668,5.87035890391e-06,0.00578786013332,5.11436304231,0.0609902498084,0.173128941059,-0.0256469962302,-1.31337359525,0.372048258781,0.884804442525,-0.308194950223,0.139809977823,0.614402215681,0.475816933579,0.808895173238,-0.596498109349,0.585164723823,-0.015928986424,-0.00186337416907,-0.0158551026147,-0.00189938673263,-0.00672098076656,-0.129584967873,0.0192449347426,-0.0458724737121,-0.845124418288,7.12708800536e-07,0.00148557534899,-0.0973849659684,2.16020350711e-06,0.000973224899658,-0.396374893658,1.1204518294e-06,0.00154781346659,0.120818371994,-1.87570721005e-05,-0.00336863659088,0.414225425991,-1.34240864144e-06,-0.00121096624256,0.107844674347,-7.06127506253e-08,-0.000315177490134,0.4956534844,-7.92578692341e-06,-0.00983247566155,-0.929300022431,2.05556573515e-06,0.00343925169098,0.640155074656,-5.54469627532e-06,-0.0041203979072,0.306070335173,-4.11682502261e-06,-0.00274189036924,-0.52600092621,3.9026392126e-05,0.0173568766486,-1.33385222163,5.30631714448e-05,0.0221462391149,0.391769116889,-0.0731717984251,0.0237369656436,0.708925364535,-7.24139847377e-05,-0.0164364364035,0.0635496383953,-6.73891617748e-07,-0.000338623848131,-0.168166022742,0.0153572253102,0.0871212101842,-0.230964873486,0.000293803244144,0.0295514080571,-0.154039564315,6.46492042056e-06,0.00255665895122,-0.183439063421,0.0173202783691,0.0331238595893
unguided,27,0.21,0.219999998808,predicted,Actual proposal support boundary; monitored coordinates are pre-native endpoint forecast,True,50,-0.154028019495,0.513191470497,0.0105454148388,-0.00352048251867,0.00499533889055,0.0873962658913,7.3344309206,7.16614376126,0.191678003523,-0.488471477575,2.32879613361,0.173175944246,0.250809324797,0.237488606847,0.239531602698,0.223722380979,4.70352942079,0.170506884987,0.673528531592,9.36648976546,1.67243784773e-07,0.000571741677068,8.82030590216,3.67492271537e-06,0.00293092935813,9.06136252982,5.77152294743e-07,0.00131756042779,8.16277061486,2.25799844784e-05,0.0118779876944,9.26015603423,6.97323308514e-07,0.00110282814024,8.94874975627,9.84616983387e-07,0.00169352289812,8.29555866746,2.95591480185e-06,0.00635208896873,9.03076476808,4.48245092641e-07,0.00122696104523,8.83915837525,2.11361889858e-06,0.00255036066578,8.60921119822,3.34881481591e-06,0.00388642501286,8.05819198385,2.18338911665e-05,0.0146016530253,8.37955404483,9.47084293916e-06,0.00704812344017,4.69468635439,0.15550873738,0.343006900517,8.23096446054,2.34579789848e-05,0.0110904737355,8.8374435259,3.73825502628e-06,0.00290181711223,5.3528230122,0.0501010290382,0.309608039994,7.25863169881,0.000359340377564,0.0713951284439,8.4755545758,5.96019306467e-06,0.00582764879424,5.11363191179,0.0610990573534,0.173707645128,0.206331408488,-1.81752810125,-0.211453914642,0.559176594019,-0.478759467602,0.0693984287434,0.780489863413,0.208900686759,0.231590956148,-0.486055058779,0.424838249183,-0.0123066031887,0.00702655169531,-0.0254442924923,-0.00176541129451,-0.00624653091366,0.52888832365,-0.116007228138,-0.00645166391477,-0.728753172844,5.96021784349e-07,0.00126877964853,-0.751697453264,1.35973674198e-05,0.00583393132666,-0.576117289212,1.59472822322e-06,0.00220369156804,-0.0647458202026,-2.36618773852e-06,0.00153041126281,0.621893064785,-2.01911456673e-06,-0.00183461805703,-0.030462865529,7.89880644483e-07,0.000518165156834,-0.147139497497,1.40591886701e-06,0.00220044558721,-0.445024799712,1.1996898436e-06,0.00180800318344,0.649517693075,-5.15912924533e-06,-0.00407931389532,0.0177669440524,4.8435046733e-07,4.44933267708e-05,0.021783900412,-4.07386105954e-07,-0.000744615829593,-0.573859474561,2.37595392977e-05,0.00970674920955,-0.111932929029,0.0258084566621,-0.0475784153374,0.30149032836,-2.9338052121e-05,-0.00677299874669,0.5471070461,-8.57488100861e-06,-0.00367944658709,-0.573038644582,0.0437042883769,0.105955198684,0.106882775905,-0.000117916001151,-0.0139519023669,-0.527571088271,1.80112206996e-05,0.00833272444408,-0.340998576282,0.0250273393794,0.0470821182773
unguided,27,0.22,0.229999989271,predicted,Actual proposal support boundary; monitored coordinates are pre-native endpoint forecast,True,50,-0.157747375878,0.506482390701,0.00454729810714,-0.00144095126629,-0.000659959938526,0.0873656259512,7.34725259334,7.16603519828,0.188501366638,-0.490029889017,2.3325220915,0.173044657137,0.250921593991,0.237168769864,0.239505321206,0.223639208161,4.71223789721,0.168648876513,0.673428322942,9.36016115718,1.72549339142e-07,0.00058294948165,8.80679722725,3.91256240566e-06,0.00303294492597,9.05465063191,5.95542577321e-07,0.00134299613585,8.16005911728,2.27767038878e-05,0.011948446853,9.26667203954,6.76460525639e-07,0.00108375149854,8.94578671138,1.00507285143e-06,0.00171222068669,8.28945666402,3.03815962439e-06,0.00646201308198,9.03223218415,4.4700841956e-07,0.00122274661499,8.84316952079,2.08986229079e-06,0.00252726113675,8.60776391494,3.37571281785e-06,0.00390184886657,8.06210739244,2.15493052192e-05,0.0144710539912,8.38188219899,9.36810574847e-06,0.00700732582517,4.69035321952,0.156375851631,0.342130052833,8.22861054257,2.36878703033e-05,0.0111495596592,8.8450978045,3.61823997606e-06,0.00285030791099,5.34423252164,0.0507198809645,0.310601643314,7.26160553812,0.000356072006134,0.0709990785981,8.46739946491,6.2305833179e-06,0.0059545146222,5.10754307078,0.061490796596,0.174070583425,-0.500992322856,-0.458195052101,-0.486436605454,0.123288854957,-0.436275884509,-0.0658441313917,-0.595154160897,0.418091598541,-0.578256363176,0.49034071643,-1.67777036729,-0.00779776005518,0.0135243072575,-0.0323247628499,0.0149814075019,0.00649497173731,0.527414859661,-0.127256056784,0.032103306999,-0.895437961886,8.76679857955e-07,0.00172075910734,-0.115287097143,2.88937925248e-06,0.0011999768587,-0.279712425678,7.30821094334e-07,0.00104795074407,-0.47531917181,4.12378429942e-05,0.012645606535,0.0802243882057,-1.950896766e-07,-0.000183988265241,0.384371254897,-1.47973106972e-06,-0.00150801768717,-0.702193269776,9.92104945818e-06,0.0130589073869,0.30595595642,-6.84721431901e-07,-0.00117166728928,0.227739746659,-2.88882133587e-06,-0.00155365890279,-0.241623591949,2.67237753114e-06,0.0023953797674,0.350537725281,-2.13033222402e-05,-0.0114362216679,0.574898679787,-2.46848500431e-05,-0.00997966057343,-0.248829383117,0.0513136550386,-0.0789349458102,0.0792801615465,-1.45301366903e-05,-0.00124931526747,0.0954110665536,-7.77400693252e-07,-0.000447735699719,-0.809984377068,0.0571053490307,0.0648773031491,0.379170850887,-0.000483746880908,-0.0474263351702,0.0671550403334,-7.73815104515e-07,-0.000469999527789,-0.991977856862,0.0659507678025,0.0246451403008
unguided,27,0.23,0.239999994636,predicted,Actual proposal support boundary; monitored coordinates are pre-native endpoint forecast,True,50,-0.164047865952,0.504027569455,0.000816682729717,-0.00105470541954,-0.00373017879963,0.0860793832634,7.32252783738,7.17450559323,0.180112876259,-0.478664663246,2.29524072627,0.173019989045,0.251079810942,0.23684211159,0.239831230848,0.223852280414,4.71407771798,0.167961763851,0.674170597732,9.34858100622,1.84777381932e-07,0.000606156859215,8.81800016022,3.73271030042e-06,0.0029549288953,9.05576828131,5.9176871663e-07,0.00133851944268,8.15326423142,2.34047413383e-05,0.0121308998251,9.26176052199,6.93421514982e-07,0.00109914837494,8.95643718136,9.55022361993e-07,0.00166336254437,8.28151480206,3.15433579101e-06,0.00661326711647,9.03688388721,4.34550664003e-07,0.00120352769944,8.84371317019,2.05584247186e-06,0.00251928748772,8.60437872638,3.40226236653e-06,0.0039343326082,8.06520273836,2.14078247217e-05,0.014372928592,8.39105201842,8.9771459383e-06,0.0068485302287,4.68970976672,0.15653501048,0.341428201601,8.23255006377,2.3167376251e-05,0.0110654874302,8.83935174723,3.72270701242e-06,0.00289286239823,5.33662332466,0.0512431360188,0.310905586057,7.26621511583,0.000349665439946,0.0704466017405,8.47689767661,5.94471676258e-06,0.00581824880368,5.09379235465,0.0624180727095,0.174200547934,-0.681655348653,-0.19778060734,-0.00710588693629,0.198227405548,-0.000451579689996,0.00741726421245,-1.99130933939,0.455293295772,0.336966402168,0.267977213131,-3.49358074031,-0.00623761665964,0.0159508442489,-0.023223792031,0.0323091604601,0.0124431276808,0.0196913437005,-0.00820322748,0.100963434525,-0.863000655093,8.61795419397e-07,0.00168493226182,0.714387408717,-1.08299867045e-05,-0.00473929002443,0.422153580388,-1.27095218004e-06,-0.001653333121,-0.0914217124464,8.53116231505e-06,0.00251625858524,-0.427678115418,1.41140115998e-06,0.00128273359512,1.08749559929,-4.94422364389e-06,-0.0049185854407,-0.0908826398892,5.80791484021e-07,0.00132745118091,-0.314862664788,7.56428602157e-07,0.00123138222657,0.158422952451,-4.24906671814e-06,-0.00148794356782,-0.514567864451,6.4299316235e-06,0.00555893165298,0.0509420894746,6.406959343e-06,-0.00150533454998,-0.233575884197,1.11800396647e-05,0.00420444263401,0.126737843846,-0.0179001292284,-0.0265173646977,0.212852204459,-3.60793521639e-05,-0.00408458914543,-0.568520626454,9.73249523323e-06,0.00404652285553,-0.386949049243,0.0273847533366,0.0176857833754,0.164156955861,-0.000218015893183,-0.0197366060694,1.01643130888,-2.79834237607e-05,-0.0143866072261,-0.527766857427,0.0380163154386,0.0189895559585
unguided,27,0.24,0.25,predicted,Actual proposal support boundary; monitored coordinates are pre-native endpoint forecast,True,50,-0.171380482851,0.502526778554,0.00440518036842,0.00252359684467,-0.000668991532326,0.0875139712354,7.30742640655,7.1751410642,0.195240694681,-0.484670344754,2.2626504767,0.172919904804,0.251240610876,0.236704294023,0.240151504415,0.223888070715,4.71263172408,0.168484811964,0.675447591632,9.34290114408,1.8978524753e-07,0.000616648126887,8.82108497543,3.69596267158e-06,0.00293815912548,9.06309370352,5.7012353372e-07,0.00130992947343,8.15823068303,2.29473271341e-05,0.0119987720247,9.25811847723,7.04688548839e-07,0.00110940617044,8.96753662337,9.0618837855e-07,0.00161384897788,8.28763901122,3.04977545407e-06,0.0064885621056,9.02593493086,4.62136991603e-07,0.00124737425953,8.84633797984,2.00488095642e-06,0.00249750226539,8.59747255766,3.50431145032e-06,0.00401302749963,8.06312623423,2.16774444061e-05,0.0144409473002,8.3772106813,9.59170654176e-06,0.00709141467785,4.69288797639,0.156017849047,0.341599705539,8.23286758666,2.29662832601e-05,0.0110678678763,8.83372739197,3.81288988072e-06,0.00293123836811,5.33649354066,0.0512675760313,0.310955358981,7.26488867723,0.000351711688271,0.0706043464767,8.48772809109,5.67091484269e-06,0.00566678247768,5.09698773363,0.0622511229047,0.174450374544,-0.620368307119,1.94733189751,0.270898103714,0.43859346211,0.245993882418,0.0460830028491,-1.89654185501,0.17208508614,0.900468311428,-0.206562698124,-2.86107223282,-0.0104401219431,0.0245421146729,-0.0148635624431,0.031142151569,0.000827159478181,-0.110609234521,0.0260607899895,0.153065127197,-0.595251426953,4.99521768643e-07,0.00109216994148,0.634962930549,-9.0444638466e-06,-0.00398590679832,0.706831949296,-2.10503109903e-06,-0.00278076371961,0.484409804609,-4.79765175071e-05,-0.0129611590138,-0.477338150926,1.5421428885e-06,0.00139164836176,0.918306214773,-3.43787417751e-06,-0.00375938283254,0.384297327253,-7.07471198274e-06,-0.00813763666968,-0.562446492993,1.41333614928e-06,0.0022153828452,0.172151810038,-3.54865596846e-06,-0.00134345632855,-0.254891691352,1.19308074101e-06,0.00274487225926,-0.176349227868,2.33926773754e-05,0.00592359769712,-1.11763455249,5.00922448644e-05,0.0196947091054,0.255565712284,-0.0414163136587,-0.00386767414641,0.410808974529,-5.38785891888e-05,-0.00861654477898,-0.450543540835,6.99777214061e-06,0.00301382247571,-0.439480726941,0.031546378846,-0.0087086864812,-0.0705057717484,0.000113327745119,0.00835360426531,0.922943968103,-2.19561072857e-05,-0.0124638445637,0.219719493039,-0.0157032678559,0.0302889252921
unguided,27,0.25,0.259999990463,predicted,Actual proposal support boundary; monitored coordinates are pre-native endpoint forecast,True,50,-0.176455232094,0.542974207405,0.006234644804,0.00771716382265,0.00118969884872,0.0870010433204,7.28459700028,7.17794729496,0.198122242488,-0.482795917209,2.23801928161,0.172811186606,0.251570653236,0.236544840341,0.24045407388,0.223868823603,4.71186553329,0.168482979651,0.677231900276,9.33667597768,1.94767817305e-07,0.000628000258044,8.83069941883,3.55182102348e-06,0.00287521075933,9.06990492029,5.49668094649e-07,0.00128290416828,8.16295242751,2.24452109882e-05,0.0118716766448,9.25221375897,7.24264372752e-07,0.00112698134217,8.97480330566,8.86264878443e-07,0.00158817488772,8.28920074861,3.01284155136e-06,0.00645051438307,9.02563495735,4.62817386988e-07,0.00124783535635,8.84715620639,1.98486935249e-06,0.00249241836115,8.59928089256,3.42612398135e-06,0.00398923005339,8.0616757538,2.18756782692e-05,0.0144914005459,8.36869932737,9.97899083559e-06,0.00724242441081,4.69482108097,0.155706684207,0.341350848118,8.24076624326,2.20898044672e-05,0.0108931565346,8.83034087641,3.86266245523e-06,0.00295313884775,5.32783371012,0.0518740635957,0.310731412327,7.2648050004,0.000351931994848,0.0706136738258,8.49535655597,5.50559461687e-06,0.00556897191241,5.09818674452,0.0621040073524,0.17480632644,-0.292806196314,1.89511909574,-0.138719797134,0.659568637609,0.19404348731,-0.0924555762976,-2.559211163,0.340973709194,-0.625230569331,0.2012166409,-2.48026473871,-0.0117949794997,0.0351504548141,-0.00614641859248,0.0380096644647,-0.00786450167299,0.231004041624,-0.0511893094771,0.167628509474,-0.878680591969,7.99936009285e-07,0.00168595403083,1.3514434038,-1.99620908362e-05,-0.00894184463969,0.0763664226765,-2.93147532206e-07,-0.000343495303797,0.364432684232,-3.92783713557e-05,-0.00954374244275,-0.394608247666,1.32130019997e-06,0.00118248464699,0.897437818369,-2.68254530248e-06,-0.00334133399865,-0.258811565308,3.13990124653e-06,0.00440864009015,0.357040002427,-7.74808797863e-07,-0.00137135078238,0.167754635134,-2.31892803803e-06,-0.00103080963544,0.145983495722,-5.00191082647e-06,-0.00183345669036,0.135281220841,-7.63270118995e-06,-0.00438492165266,-0.508721230131,2.45591767858e-05,0.0092996395123,-0.126404633283,0.0283999241228,-0.0316444703224,1.00906081435,-9.99321587605e-05,-0.0226104295752,-0.0431626961917,3.67557500188e-07,0.00020965224573,-1.22386632222,0.0855393528658,0.00657458723634,0.248009005717,-0.00030099341022,-0.0310902163039,0.888539092349,-1.97040229369e-05,-0.0114858736769,-0.244270164566,0.00816523449066,0.0204524919842
unguided,27,0.26,0.269999980927,predicted,Actual proposal support boundary; monitored coordinates are pre-native endpoint forecast,True,50,-0.177236606777,0.540429160469,0.00163078442573,0.0157149695969,0.00321187821388,0.0856648597095,7.25624218329,7.18196053838,0.182736083295,-0.480646011936,2.21304518192,0.172684005214,0.251943619972,0.236581365651,0.240911697704,0.223730780681,4.71725180491,0.167461025774,0.678800161822,9.32532753224,2.05783967716e-07,0.000650367207503,8.8481138435,3.29672085485e-06,0.00275932223269,9.06462103198,5.64260583076e-07,0.00130305956736,8.16551933672,2.21617597069e-05,0.0118078971759,9.25022631228,7.31114552838e-07,0.00113305586338,8.98548537974,8.52537472501e-07,0.00154702229791,8.28246277992,3.112573479e-06,0.0065767349074,9.0330757309,4.46640815646e-07,0.00121994724388,8.84969307255,1.95850239566e-06,0.00247688607268,8.60039222757,3.40427323379e-06,0.00397635836582,8.06583185865,2.15247903823e-05,0.0143532488672,8.3670362567,1.00828900775e-05,0.00727740746809,4.69035988373,0.156585847529,0.340966816133,8.25304880295,2.09676400849e-05,0.0106156592848,8.83286413804,3.82024103073e-06,0.00293543141302,5.31201621422,0.0529783630886,0.311086850726,7.26984885735,0.000345691820066,0.0699825421506,8.50549887294,5.27683438395e-06,0.00543706500414,5.09210233034,0.0624144275945,0.174859424384,-0.16059057772,-0.259037798845,-0.370490849018,0.509510114789,0.396425426006,-0.105676300091,-2.40777095939,0.834174970884,-1.09571216163,0.0824878969604,-1.27508529539,-0.00713890291842,0.0285700589392,0.0023824385524,0.0229042394539,-0.0169940064581,0.441670914498,-0.0851072598699,0.144060372733,-0.42805161725,3.23959517283e-07,0.000779386318483,1.32887396588,-1.91376995143e-05,-0.00878973351123,-0.293227349465,7.10290269297e-07,0.00105849405108,0.38938271035,-4.01629367401e-05,-0.0100592437658,-0.670735969556,2.3880562982e-06,0.00209428771604,0.821956649651,-2.37006225893e-06,-0.0030653639119,-0.467469939448,6.4099877382e-06,0.00864328591536,0.66018888993,-1.47370561057e-06,-0.00246408923086,0.103438395565,-7.75012584267e-07,-0.0004833525756,0.0067026044623,-4.78903772706e-07,-0.000106177015822,0.28161880898,-2.2912067482e-05,-0.00935394341401,0.0950444560166,-3.18066100914e-06,-0.00135594977306,-0.382410891102,0.0777680027514,-0.0264994186427,0.798003296797,-7.10733389799e-05,-0.0179041983159,0.125859355867,-2.4043032901e-06,-0.000954309211572,-0.996048813707,0.0694748318259,-0.00298398475159,0.400267446736,-0.000540176632683,-0.0470952420059,0.780063292535,-1.72071409626e-05,-0.0100155592012,-0.186494734307,0.0036374087247,-0.00206533491054
unguided,27,0.27,0.280000001192,predicted,Actual proposal support boundary; monitored coordinates are pre-native endpoint forecast,True,50,-0.179667043649,0.537793451428,-0.00117517217636,0.0179073661184,0.00911820736885,0.0848875173186,7.23644158109,7.19463079437,0.176207999255,-0.48114615927,2.2125175757,0.172668408547,0.252142054414,0.236592489112,0.240912158669,0.223528943474,4.72069895158,0.166780834454,0.680113107731,9.32811494534,2.01247007651e-07,0.000643587984414,8.85727689815,3.1690670332e-06,0.00269941608911,9.0640403733,5.63873900035e-07,0.00130407404931,8.17074008172,2.16419522534e-05,0.0116704917695,9.23879903958,7.72025498716e-07,0.00116886709649,8.99124243865,8.38863633264e-07,0.00152686760948,8.27985134982,3.14104130612e-06,0.00662338010138,9.03883873515,4.33343274777e-07,0.00119855357173,8.8492249743,1.96936910081e-06,0.00248275130964,8.59941494465,3.4165459059e-06,0.00398710651307,8.06730812998,2.14174369196e-05,0.0143043216776,8.37060021649,9.9153776154e-06,0.00721530541535,4.68717286315,0.157262044262,0.340820859745,8.2567263092,2.06683376876e-05,0.0105350725683,8.83285806353,3.81457638943e-06,0.00293405266352,5.30791273384,0.0532635602322,0.310671732632,7.27281034933,0.000341128462194,0.0696717689857,8.51095782182,5.16145179762e-06,0.00536866072839,5.09445684983,0.0621767555269,0.174765019741,-0.0928633110327,-0.763490582291,-0.171306431293,0.686382085085,0.3493925035,0.0425342773819,0.36462327396,1.62440870788,0.372645237984,0.0313599101805,1.88817119183,-0.0203748292942,0.00210498274144,-0.0205114835761,-0.0239528721933,-0.0160130413191,0.249097912685,-0.0661893539073,-0.00575441401261,-0.205037366996,1.65515494224e-07,0.000367168271306,-0.674432562426,1.14027110161e-05,0.00500243267523,-0.386850211013,9.30062066129e-07,0.00139873892305,0.563261677335,-5.58692214002e-05,-0.0149954582675,-0.614947416163,2.21990373922e-06,0.00194096398175,-0.0246002676358,1.08322564882e-06,0.000668348290786,-0.105075325984,1.47225668277e-06,0.00191927157792,0.237650003968,-5.83626053842e-07,-0.000903047261945,0.350771761953,-6.66400901707e-07,-0.00167589521326,0.204104637917,-5.02688746788e-06,-0.00222587064742,-0.19729248792,4.3717859578e-06,0.00612244794213,-0.324145860833,1.21924611004e-05,0.00538276494825,-0.130680126965,0.0261328563674,0.0318576918189,0.275833493256,-2.15256111068e-05,-0.00598933353677,-0.0188266747006,1.95034270427e-07,0.000107038308478,-0.465889634864,0.0363600860707,0.0335564205651,0.383313633437,-0.000502386397335,-0.0454890133388,-0.416876653912,1.58725616346e-05,0.00673885317222,0.148877813387,-0.00830210690661,0.00276069038566
unguided,27,0.28,0.289999991655,predicted,Actual proposal support boundary; monitored coordinates are pre-native endpoint forecast,True,50,-0.179093872998,0.525159348823,-0.00179534420014,0.0294426112986,0.0101997282839,0.0865155452571,7.26353464877,7.21444871254,0.190188988054,-0.480018813732,2.25080860576,0.172276508628,0.251985719627,0.23617113598,0.24043264026,0.223410519855,4.72223376317,0.166137238696,0.678685073542,9.3212267849,2.090942776e-07,0.00065771057293,8.83462519226,3.52477507517e-06,0.00285937088619,9.05688402776,5.82861824398e-07,0.00133103434582,8.17678457027,2.10443752789e-05,0.0115079880105,9.23792736395,7.75512627623e-07,0.00117187514302,8.98499337438,8.74201985477e-07,0.00156038926372,8.2803612734,3.14201861265e-06,0.00661512033896,9.03782873098,4.34968294569e-07,0.00120188629864,8.85670850778,1.94517437763e-06,0.00244336816842,8.60447432033,3.30373548444e-06,0.00393184095287,8.06188600889,2.16122261014e-05,0.014475697826,8.36055333948,1.03267392995e-05,0.00738506276706,4.68774628119,0.157108504657,0.341603969969,8.25856547282,2.05371278627e-05,0.0104958726141,8.83248760455,3.82414171614e-06,0.00293757217919,5.30269842152,0.05370556481,0.311757979137,7.27751513002,0.000335644092119,0.0690727618839,8.49716133986,5.59428561664e-06,0.00557184206758,5.09507988661,0.0622483854564,0.174914638192,-0.0298233708951,-0.203074657518,-0.114576756954,0.928955465555,0.0522148311138,0.163519639056,1.6117250783,1.00580123416,0.731480682188,-0.320117462587,2.55895316921,-0.0230691566836,-0.00558184805062,-0.0188450861683,-0.0288273452708,-0.0146083262327,0.209699306411,-0.0566299446253,-0.0911823657102,-0.713539564289,7.39649093116e-07,0.00143713370343,-1.5125089114,2.42336380332e-05,0.0108075564285,-0.795533202857,2.26641445841e-06,0.00310062354827,0.745850798007,-7.56589731514e-05,-0.0196357373746,-0.0160866267955,9.66974200456e-08,8.20705437824e-05,-0.363532159816,2.34763571876e-06,0.00205560387652,0.0510042706734,-2.36442867257e-07,-0.00104596223158,-0.096364178773,2.48507133224e-07,0.000381629661662,0.703702351183,-2.66688284889e-06,-0.00377618489395,0.494067388962,-9.54291105817e-06,-0.00529116997954,-0.0824261698095,-1.54966452223e-05,0.00193516128434,-1.13519389649,5.35724179996e-05,0.0204093127709,-0.229439655899,0.0328960079619,0.0127548456514,0.442059762978,-3.48553853088e-05,-0.00977565284536,0.0972033907944,-1.11536050409e-06,-0.000543222848407,-0.553161634759,0.0454659165393,0.0914668568974,0.394491804029,-0.000518578857608,-0.0466591812449,-1.05202751146,3.35002902037e-05,0.0156636741869,0.111273264068,-0.00503739396917,0.0125493093304
unguided,27,0.29,0.299999982119,predicted,Actual proposal support boundary; monitored coordinates are pre-native endpoint forecast,True,50,-0.180263511067,0.533731958278,-0.00346670731545,0.0364864754295,0.0101625039911,0.0881579100997,7.26867608266,7.21474681906,0.190837612899,-0.487548508521,2.26369663909,0.172207025414,0.252030417453,0.236215587388,0.240335611763,0.22323677695,4.72489293771,0.165648235561,0.678289460416,9.31384415405,2.16039989513e-07,0.000672330658482,8.82702671992,3.65373979386e-06,0.00291556721768,9.04812970925,6.09202189203e-07,0.00136608652027,8.18565709768,2.01287727903e-05,0.011277777022,9.23847730704,7.73959447117e-07,0.00117050850737,8.98397179546,8.85816347639e-07,0.00156797968701,8.28087143523,3.13631244877e-06,0.00660246085675,9.03691145157,4.38313417441e-07,0.00120618616496,8.86329902132,1.91603144383e-06,0.00240722761176,8.60929629243,3.22568768474e-06,0.00388128311348,8.06565960658,2.11075040151e-05,0.0143430249033,8.34789633856,1.09868259754e-05,0.00762349167077,4.68258407003,0.157919964421,0.341075956658,8.26556750446,1.99712299814e-05,0.0103395595114,8.83480213135,3.79226917934e-06,0.00292318820655,5.29684950115,0.054172878563,0.31250106977,7.28070018541,0.000330756885042,0.0687385853608,8.48991727159,5.83145760169e-06,0.00568193421212,5.09668231511,0.0620760076475,0.175016005928,-0.432298945443,1.9426794541,-0.220611989498,0.579771250486,0.163340479136,0.138495080208,0.557603658791,0.243867413382,0.0273311598652,-0.77525015868,0.792109207633,-0.00993579499771,-0.00143058040874,-0.0113737426786,-0.0101584905384,-0.00254941989002,0.391376919251,-0.072983140814,0.003607149822,-0.671975867441,6.58884474365e-07,0.00134765163321,-0.611376907174,1.0496815277e-05,0.00453707483921,-0.71268731175,2.07445235068e-06,0.00283412523535,0.934428564414,-9.20467951048e-05,-0.0239674431658,-0.168913087556,6.41699261521e-07,0.000551263688194,0.0500500075298,2.45784293867e-07,-4.38103767122e-05,0.0611735070376,-1.34853802251e-06,-0.00162044659713,-0.0608531277274,2.33851166199e-07,0.000316641935713,0.445249130719,-1.27135939864e-06,-0.0023092489349,0.342287074887,-6.74936649813e-06,-0.00386820005752,0.369332086512,-4.37318586647e-05,-0.0128297180472,-1.07306038265,5.68957387351e-05,0.020453645056,-0.530496568393,0.0916718620798,-0.0438821622228,0.535950128844,-4.24245315629e-05,-0.0120283645008,0.177051954573,-2.57618273022e-06,-0.00113295672663,-0.59299896271,0.0476426015224,0.0592417471514,0.335278545886,-0.000452226729958,-0.0381297013363,-0.491470348769,1.73741636843e-05,0.00764223896672,0.228167300546,-0.0179318564297,0.00508601752225
unguided,27,0.3,0.310000002384,predicted,Actual proposal support boundary; monitored coordinates are pre-native endpoint forecast,True,50,-0.187739851907,0.564012937905,-0.0062075839901,0.0410380363083,0.0134665378666,0.0892854468613,7.27468672195,7.21932606081,0.190735611252,-0.495523816906,2.26665078991,0.172077792728,0.251957108018,0.235943661126,0.240229470449,0.223359531457,4.73006130155,0.16467757588,0.678757216538,9.30778726755,2.22271967088e-07,0.000684663605594,8.82239765411,3.73471138072e-06,0.00295011238297,9.04263028152,6.24350871412e-07,0.00138771685052,8.19547314155,1.92034393768e-05,0.0110286391472,9.2345491022,7.88346612853e-07,0.00118290041678,8.98599437453,8.79117671354e-07,0.00155951305619,8.28158474354,3.1150478522e-06,0.00658271140702,9.03661166843,4.39645317893e-07,0.00120821913735,8.8656134904,1.91974718966e-06,0.00239718318972,8.61132006183,3.16874815447e-06,0.00385447695172,8.06927265062,2.07375889281e-05,0.0142191034651,8.33909213183,1.14646540742e-05,0.00779413566818,4.67713634982,0.158941941898,0.340726326725,8.26928447539,1.96886372315e-05,0.010255305324,8.83602864364,3.77261806153e-06,0.00291491304466,5.29083844226,0.0546584168404,0.31294281408,7.28422070094,0.00032659955752,0.0683101678571,8.48733193288,5.94176889033e-06,0.00572468684692,5.09964323262,0.0618897483278,0.175016358542,-0.457720363456,1.33265705695,-0.198214352131,0.470969676971,0.328760892153,0.0726254561234,0.0875856207728,0.447842411944,-0.18252441379,-0.676410925137,-0.218084867694,-0.0130378798849,-0.000266788104625,-0.0162658358328,-0.00387112159724,0.00794057628717,0.366327485957,-0.0699101639777,0.0513994915029,-0.649031248226,6.9651916017e-07,0.00135653658851,-0.0361511723668,9.42923191963e-07,0.000374542875492,-0.410511603483,1.14076257724e-06,0.00161073486323,0.860220119635,-7.84127912176e-05,-0.0216888110309,-0.390916818621,1.43199996799e-06,0.00122954873851,0.257274343407,-7.1379746831e-07,-0.000990348001551,0.0504751459763,-1.28798060155e-06,-0.00136109661841,0.0258226491183,9.07575071753e-09,-2.49307896952e-05,0.0673312223454,1.73631108881e-06,5.27339971176e-05,0.222541139999,-5.06430776454e-06,-0.00272094495201,0.326942342414,-3.32689278657e-05,-0.0111691902696,-0.876044958415,4.91178579049e-05,0.0171564671592,-0.468397590443,0.0870925306923,-0.0331722864093,0.36330991239,-2.49495035217e-05,-0.00821231835954,0.132888263312,-2.36828432338e-06,-0.000959159634893,-0.655290438906,0.0511745297776,0.0303890973277,0.298789741379,-0.00036027501926,-0.0358758421379,-0.0197350007047,4.22665951319e-06,0.000861740196041,0.227305520044,-0.0157460451302,0.00175194918567
unguided,27,0.31,0.319999992847,predicted,Actual proposal support boundary; monitored coordinates are pre-native endpoint forecast,True,50,-0.189417918336,0.560385099417,-0.00743099435806,0.045905868969,0.0167377218342,0.0896104192222,7.27042779507,7.2237036673,0.187187124623,-0.501076727024,2.25933494173,0.171946267816,0.252025081691,0.235890270672,0.240258189331,0.223395588475,4.73221948743,0.164250032282,0.679317450247,9.30086352909,2.29970372717e-07,0.000699461390253,8.82630369647,3.6725982577e-06,0.00292305807519,9.03991947718,6.32017440748e-07,0.00139830121754,8.20286150007,1.8560516966e-05,0.0108440008014,9.23065897067,8.02599446476e-07,0.00119509948214,8.98911728232,8.71540398273e-07,0.00154817272698,8.28188093815,3.11055283674e-06,0.00657523892438,9.03742790456,4.38494932456e-07,0.00120568754917,8.86464564577,1.9507576656e-06,0.0024082822917,8.61374711523,3.12440152945e-06,0.00382686421444,8.07219845343,2.04421254578e-05,0.0141196410979,8.3303754394,1.19691831335e-05,0.00796662101395,4.67321611822,0.159661815035,0.34041251093,8.27283370271,1.9472239911e-05,0.0101753131442,8.83745989661,3.74490349288e-06,0.00290400501385,5.28374369237,0.0551963691586,0.313108851717,7.28667598024,0.000323551384657,0.0680210685181,8.48952257158,5.91599079196e-06,0.00569916901604,5.10122842551,0.0617610867449,0.175051044912,-0.176233989022,0.460586274486,0.10422283411,0.467981845141,0.251757115126,-0.079548652524,-0.955187834668,0.136439434422,-1.20106780976,-0.898415501127,-2.30774378295,-0.0179704568988,0.0141347438161,-0.00671687216342,0.0137060606187,0.0161562945098,-0.0386946491901,0.0302676305443,0.0081203546309,-0.859806261813,9.38970222187e-07,0.00184682726667,2.02279385886,-3.24083713563e-05,-0.0143793945858,-0.109236748004,2.42497780412e-07,0.000329510565192,0.517033669365,-4.60947826482e-05,-0.0127906051009,0.00185175488639,-4.53974900642e-08,-3.5687570274e-05,0.919633665075,-3.26366493156e-06,-0.00396867987041,0.149559688396,-1.00868338395e-06,-0.00230339775822,0.0890914727697,-1.57535648947e-07,-0.000331398224851,-0.896213816699,1.27226789412e-05,0.00663546836344,-0.0606122556413,8.86925841314e-06,0.00214431682083,0.210779027935,-9.73954116168e-06,-0.00688185733678,-0.88866282915,5.32291901064e-05,0.0177620774496,-0.317894161452,0.0645387223515,-0.111573934927,-0.0102879142773,3.1329558105e-05,-0.000894610919851,0.714491311725,-1.21925576922e-05,-0.00510415646952,-0.818469364759,0.0598133318711,0.00316695442915,0.00712641924014,-0.000280973742014,0.0163732297365,0.639328166196,-1.50006725359e-05,-0.00814678075441,-0.0987914033169,0.000806753884603,0.00286430629574
unguided,27,0.32,0.329999983311,predicted,Actual proposal support boundary; monitored coordinates are pre-native endpoint forecast,True,50,-0.191264531687,0.573224663395,-0.0041231273079,0.0503976732111,0.0185016801691,0.0876944738108,7.25558296525,7.22205484949,0.166714255056,-0.513492126929,2.22049591425,0.17171838359,0.252239802895,0.235809323683,0.240503591662,0.223682657347,4.72928740857,0.165282928491,0.678919623631,9.29059114232,2.41051371531e-07,0.000721600150927,8.86285353129,3.08654395359e-06,0.00266252449126,9.04044554656,6.2920082702e-07,0.00139430706183,8.20581381494,1.82815437239e-05,0.0107728270452,9.2345861373,7.87438663052e-07,0.00118218666538,9.00438704784,8.13844372723e-07,0.00148013945878,8.28457593731,3.09487418452e-06,0.00653664345185,9.03839349788,4.36494604914e-07,0.00120159117286,8.84768921407,2.17420076848e-06,0.00252989255699,8.61010781671,3.34613332274e-06,0.00389736328814,8.07348823118,2.05427981049e-05,0.0140814663183,8.32131887525,1.25292378763e-05,0.00814937721717,4.67077846659,0.160232716345,0.338494848026,8.26907871711,2.03152283936e-05,0.0102374131057,8.85031846988,3.52876690769e-06,0.00281282991527,5.27446905497,0.0558546834779,0.313006153169,7.28436322932,0.00032098008268,0.0686376324519,8.50011849621,5.64175543961e-06,0.00556175123183,5.09766740456,0.0619058834055,0.175073644668,-0.129748573932,-0.00272173003947,0.194919943809,0.295515239239,0.0958673954011,-0.113271068404,1.12762648262,-0.255204091911,-1.21679171591,-0.871572130146,-2.80628965377,-0.0207948985092,-0.00905163970227,-0.053029737973,-0.0159799780826,0.072206311785,-0.429320133751,0.0292213510492,-0.0283784275754,-1.0423300874,1.20418017599e-06,0.00230813188789,1.89694688047,-3.11225156617e-05,-0.013798019665,0.0247573558877,-3.19921768162e-07,-0.00034193217706,0.398065643295,-3.4723209388e-05,-0.00987652282244,0.465367572876,-1.74879943006e-06,-0.001499752502,0.72018096386,-1.90517670602e-06,-0.00305751573687,0.461449563156,-6.68325647992e-06,-0.00872765672487,0.307136260315,-9.39844655712e-07,-0.00145290422411,-2.31385063584,3.37852647287e-05,0.0173213556333,0.106567442948,-3.74975931294e-06,-0.00120560348203,0.039976564866,1.31486128614e-05,-0.0010878643398,-0.423264167486,2.34630670876e-05,0.00805065924621,-0.204505630639,0.049512173071,-0.181908511502,-0.794500555921,0.000117320217999,0.0150626457652,1.08650707096,-1.79185483641e-05,-0.00763412059628,-1.22384219138,0.0871436280032,-0.0104916247747,-0.431527481037,0.000601090244599,0.049861176821,0.581858342012,-1.15930275801e-05,-0.00735732958694,-0.389318829427,0.0197358308234,0.0107385007827
unguided,27,0.33,0.340000003576,predicted,Actual proposal support boundary; monitored coordinates are pre-native endpoint forecast,True,50,-0.192012889814,0.560330664816,-0.00353259548188,0.0518161737537,0.0186550697422,0.0873449978541,7.29298032472,7.21859958546,0.162851290305,-0.518508169627,2.20320914866,0.171530369846,0.251844048897,0.234829675912,0.23993858977,0.224839714711,4.72363308475,0.164834459303,0.678749881695,9.28001692734,2.54053976236e-07,0.00074562402801,8.86424263408,3.05014794447e-06,0.00264709768189,9.04041462429,6.25619005385e-07,0.00139146257399,8.21082281294,1.78660527782e-05,0.0106464703449,9.23996632213,7.67623457875e-07,0.0011651044321,9.0035209016,8.33436864153e-07,0.00148702241225,8.29110992941,2.97688770714e-06,0.00640068578988,9.04357062976,4.19698039342e-07,0.00117662946469,8.81836863305,2.62646296018e-06,0.00275470940437,8.61587846408,3.04940634319e-06,0.0038027521448,8.07299798473,2.07050977151e-05,0.0140978838111,8.32191015605,1.24384444752e-05,0.00812763419887,4.66912600561,0.160652058497,0.3367743407,8.25694369159,2.18186442709e-05,0.0104765660595,8.85919003803,3.38653252559e-06,0.00275132260193,5.25926684854,0.0569392417186,0.312899019221,7.27804543062,0.000335573189549,0.0690182920545,8.50115973842,5.68413024035e-06,0.00555202242431,5.09344204892,0.0621558033613,0.175265814927,-0.278680706867,-0.671837594811,-0.140470504761,0.829777777195,0.29214733839,0.0852070486381,2.0822653629,-0.273678062312,0.273651022603,-0.66326584019,1.42794591679,-0.0231341164328,-0.0101258166037,-0.0128063413621,-0.00608801979437,0.00089025810337,0.241218959066,-0.0973611754128,0.0796594467451,-0.36532134225,5.58473040449e-07,0.000863798681897,-0.97026375133,1.66489771572e-05,0.00721070302166,-0.783823983294,2.29894496777e-06,0.00313752644987,0.585364771623,-4.55081558353e-05,-0.0141796583336,0.7679368102,-2.78042355025e-06,-0.00242174005525,-0.35297072137,1.75967420371e-06,0.00187976895506,0.273972614865,-5.67632652695e-06,-0.00610903994991,-0.00635779093835,1.98183264148e-08,-4.04155404088e-06,0.170982403956,-1.16710882427e-06,-0.000936108816465,0.304538734724,-1.60133437851e-05,-0.00527512153568,-0.359214022087,2.08334892835e-05,0.011287126085,-0.26145545679,6.86538127333e-06,0.0039114252548,-0.0141644673747,0.0124981530195,0.103652073046,0.341957527585,-3.92271479216e-05,-0.00708767110392,0.612662981461,-9.31828012653e-06,-0.00410535500742,-0.604412131042,0.0468227170588,0.078057836999,-0.160438661467,0.000824783812439,-0.0166479618766,0.111698990995,1.88782574403e-06,-0.0012633963364,0.122293539098,-0.00381392136664,-0.000969358162935
unguided,27,0.34,0.34999999404,predicted,Actual proposal support boundary; monitored coordinates are pre-native endpoint forecast,True,50,-0.196838145824,0.559787911499,-0.00693253740311,0.066993228755,0.0243446269369,0.0893986147836,7.29722827251,7.21658128825,0.172187275509,-0.526757443732,2.24905483259,0.171255701261,0.252037286563,0.235553196856,0.240381831266,0.223700462509,4.73411178775,0.163335704983,0.680512812566,9.28328471547,2.5222083234e-07,0.000738876124565,8.84344825626,3.41952349673e-06,0.00280673855169,9.02476906689,6.75179726376e-07,0.00145705759083,8.21752111037,1.73713806072e-05,0.0104892338785,9.2499448735,7.31830192047e-07,0.00113375186427,8.99732763341,8.49037856797e-07,0.00151773483788,8.2900553896,2.98134765398e-06,0.00641446265286,9.03826634207,4.36890971442e-07,0.00120151034178,8.85110886214,2.15085859199e-06,0.00251117038066,8.61619859141,3.02586644703e-06,0.00379186085742,8.06630395074,2.09594678906e-05,0.01430720884,8.31608976611,1.26665455018e-05,0.00822760572227,4.67049517725,0.160482679406,0.340567889487,8.27591786766,1.95306854351e-05,0.0100956596836,8.86257172951,3.34240130516e-06,0.00273072281512,5.26238081235,0.056791137819,0.314567309909,7.28115445609,0.000337475758929,0.0683046732143,8.50235247603,5.67951195449e-06,0.0055364833051,5.10011327534,0.0618296049782,0.175054257505,-0.199806906015,0.298142053682,-0.180025756359,0.630395531654,-0.106180131435,0.171756247779,1.84723009755,-0.617261815847,1.26892844338,-0.299058601598,3.13106991914,-0.00241981747109,-0.0137433136054,-0.00471463160981,-0.0170225397587,-0.0145313013139,0.879531007945,-0.153947747279,0.116785986244,0.00473798165865,9.13993983695e-08,2.33253864489e-05,-1.5406634336,2.60798632523e-05,0.0113551967277,-0.855788957056,2.8159127525e-06,0.00362322401003,0.263300364581,-2.15092331283e-05,-0.00655034533315,0.9513331277,-3.29258285315e-06,-0.00291634444831,-0.304857022555,-1.81312151538e-07,0.000953998713754,-0.0263385536593,-2.61821027411e-07,3.60037086889e-05,-0.510690810803,1.27153759096e-06,0.00207019336214,2.03418526186,-2.87394748485e-05,-0.015136826943,0.171319034321,-8.11717868965e-06,-0.00293974863692,-0.387166210658,1.35034294337e-05,0.0121692377794,-0.839204518899,4.58113445973e-05,0.0161196777009,0.199326868101,-0.0377193077584,0.1638106877,1.38286576814,-0.000162535454539,-0.0285312625822,0.229582344831,-2.74850737332e-06,-0.00132168370002,0.480703686306,-0.0243733921072,0.142465927115,0.308577806804,-0.000154926328263,-0.0515134904788,-0.40179149062,1.05833083952e-05,0.00510587361017,0.240652897744,-0.012661584739,-0.00497229826912
unguided,27,0.35,0.359999984503,predicted,Actual proposal support boundary; monitored coordinates are pre-native endpoint forecast,True,50,-0.196009027935,0.56629350589,-0.00713311060906,0.0644240843868,0.0165314671135,0.0907801228097,7.32992492668,7.20625434914,0.188229859173,-0.524489341659,2.26583054704,0.171481973496,0.251569182625,0.23473538328,0.239598138974,0.224549088685,4.74122370491,0.161755504357,0.68108560142,9.28011168697,2.55881964204e-07,0.000746090535739,8.83342936541,3.57174520951e-06,0.00287420161644,9.02329884515,6.81937260435e-07,0.00146392705419,8.21608882023,1.74358681157e-05,0.0105154634383,9.25899298468,7.01771800812e-07,0.00110677754313,8.99742376115,8.29810621122e-07,0.00150610238652,8.29058315834,2.9716512866e-06,0.00640140586406,9.03335681355,4.45128791161e-07,0.00121803333193,8.85905233829,2.05167346321e-06,0.00245197286551,8.61930484477,2.88706276939e-06,0.00374395717206,8.06525466051,2.09751663037e-05,0.0143412685667,8.30512606567,1.33546713672e-05,0.00845002775289,4.67311254297,0.159897672342,0.340050554454,8.28460100695,1.85679351802e-05,0.00990594080784,8.86378168493,3.33156237813e-06,0.00272488892793,5.26888092227,0.0564517738765,0.315748337763,7.28421698675,0.000332474662984,0.0679880222449,8.49312390861,5.89579640826e-06,0.00565413989651,5.09825510688,0.0619025716665,0.175166368962,-0.234837323554,0.331144236338,0.182698309422,0.581056684256,-0.264927923679,0.156973972307,2.56653864107,-0.282435897374,1.26445592776,-0.371931452168,1.34506180449,0.00823652680376,-0.0342849571366,-0.0217437881192,-0.0357475442862,0.0166237513453,0.438442246559,-0.0693674152622,-0.011752644052,-0.501729673662,6.32065698608e-07,0.00114311792841,-0.389564730636,5.00786216582e-06,0.00246133739374,-0.479866157977,1.69986396794e-06,0.00209823519672,0.306123051758,-2.51875322081e-05,-0.00783152217116,0.620579046212,-2.03686721622e-06,-0.00183499957663,-0.439177598427,2.20358764029e-06,0.00200033742761,0.271099418796,-3.60852055731e-06,-0.00517131341596,-0.753141188225,1.68364361828e-06,0.00283128862964,0.70004088089,-9.53658667965e-06,-0.00513151748999,0.0337835424927,3.34186984793e-07,-6.87014267474e-05,-0.489547882506,2.90290938005e-05,0.0161687314814,-1.51471163877,9.4501095366e-05,0.0306342953207,0.382520841239,-0.0718690960698,0.0805987250414,0.265154443993,-3.47398436057e-05,-0.00546117607478,-0.0440404324854,1.39602141574e-06,0.000510391668374,0.399954236762,-0.016618609656,0.146466563257,0.145899562009,-0.000168062674971,-0.0188353204302,-0.24628367057,4.74843566149e-06,0.00270652511105,0.0327822888377,-0.00328240929614,0.0218427005114
unguided,27,0.36,0.370000004768,predicted,Actual proposal support boundary; monitored coordinates are pre-native endpoint forecast,True,50,-0.201534892295,0.566410796225,-0.00327857121468,0.0786143624401,0.0190460684633,0.0925380942297,7.34855904533,7.2109325703,0.197476394064,-0.534196072776,2.27595606868,0.171420431797,0.25135158742,0.235118321093,0.23966688038,0.224032937536,4.74288063268,0.161948356677,0.680277759685,9.273250122,2.64862146313e-07,0.000761738483133,8.83565696165,3.51968074005e-06,0.00285596529957,9.01517174374,7.09177005734e-07,0.00149902229476,8.22364357141,1.6867629963e-05,0.0103326034351,9.26235645443,6.91092847722e-07,0.00109705187274,8.98854408144,8.93109609603e-07,0.00155774158643,8.29547737798,2.90917724284e-06,0.00631103638454,9.0232035183,4.70563843808e-07,0.00125813611437,8.86510967976,1.9601268584e-06,0.00240854003086,8.61687426226,3.03255018673e-06,0.00379048682889,8.05651299309,2.15400497666e-05,0.0146305834697,8.28579553334,1.45565674091e-05,0.00884029162868,4.67814559407,0.159045297484,0.342179863988,8.28122095654,1.8835888563e-05,0.00998643616208,8.86169092086,3.37032173347e-06,0.00274093064849,5.27037989708,0.0564587656259,0.317496641174,7.28407244733,0.000334114505429,0.0679279668057,8.49742680261,5.77448066772e-06,0.00559061380732,5.10076892111,0.0617639567922,0.175491111515,-0.415142087664,0.0224968319278,0.186886548996,0.97846531868,0.0453859269619,0.27301123082,1.58304500322,-0.64398866864,0.601634466395,-1.33653985075,0.7070735387,-0.000895159698061,-0.0124458078784,0.0448462462158,0.015130142973,-0.0429045198047,0.308751050023,-0.00483508741958,-0.0478655923925,-0.209800904593,3.8942120183e-07,0.000507570069249,-0.274370178782,3.60317309843e-06,0.00184231295686,-1.06291155591,3.79101366992e-06,0.00469038553516,0.34163100679,-2.05947928563e-05,-0.00805599115883,0.904224931405,-2.85754995115e-06,-0.0026370088055,-0.276894887328,2.05945064147e-06,0.00162264075544,0.444183719947,-5.76502614975e-06,-0.00846812233498,-0.886789471351,2.11112492886e-06,0.0034257768938,0.234486914587,-2.55650050698e-06,-0.00140428933663,-0.295019579879,9.42089382691e-06,0.004202602733,-0.316110871349,4.43743894181e-06,0.0100603972224,-1.39512151423,9.03899206529e-05,0.0286145332571,0.131663366815,-0.0316724937339,0.152334909289,-0.463193582375,3.97741888802e-05,0.0104246840155,0.0946655925312,-2.13808524606e-07,-0.000280334469121,0.55034787855,-0.0282006428756,0.188677383819,-0.286859303564,0.000661712218688,0.0180208869352,0.40382495917,-1.05166826666e-05,-0.00600940169626,0.253051054022,-0.00745585455436,0.0210774240652
unguided,27,0.37,0.379999995232,predicted,Actual proposal support boundary; monitored coordinates are pre-native endpoint forecast,True,50,-0.204311869688,0.566743442528,-0.00339537962914,0.0839933907604,0.0174391856527,0.0962403474261,7.36158582674,7.19337457577,0.200262548501,-0.551220138674,2.27997201782,0.171464070302,0.251320266468,0.235632308204,0.239900741834,0.223690998289,4.74739872591,0.161658802609,0.680128289572,9.27591566888,2.6367038824e-07,0.000756241937124,8.82794196183,3.64380867148e-06,0.00291104787558,9.00204061403,7.57757533833e-07,0.0015577347649,8.22292144037,1.70239722585e-05,0.0103543436151,9.27707748331,6.44620801789e-07,0.00105403736702,8.9918858634,8.70999633951e-07,0.00153855520163,8.29946683274,2.8563507636e-06,0.00623204341736,9.01562102412,4.87351289738e-07,0.00128654886981,8.86374207658,2.00054345307e-06,0.00242388707877,8.61340445317,3.07548064593e-06,0.00382800922672,8.05893244309,2.10639150826e-05,0.0145424765112,8.27722363538,1.51624697803e-05,0.00902231841803,4.67574581031,0.159264222467,0.343097252639,8.2753371353,1.93634189578e-05,0.0101144344882,8.86567499678,3.32728620764e-06,0.00271928223854,5.27988787984,0.055887761019,0.31952188544,7.27847980068,0.000345708907358,0.0683484399836,8.50120040779,5.68546275492e-06,0.00553395186258,5.10331612796,0.0617534545755,0.175587917443,-0.249440419781,0.151529524627,-0.0265641212463,0.179292500019,-0.320155873895,0.313138031327,1.41708851451,-0.368452007839,0.428056090869,-1.19215203809,1.40147319536,0.000538968027948,-0.0160365656126,0.0382048359172,-0.00363760172714,-0.0367208555334,0.38000270233,-0.0576723854332,-0.0519600841907,0.313355687758,-2.98984895165e-07,-0.000708977098139,-0.857175292159,1.3417302653e-05,0.00598182476325,-0.955954975754,3.69928236614e-06,0.00440992853098,-0.246457947727,1.99662434177e-05,0.00589812651911,0.720605988873,-2.23940978907e-06,-0.00207526766383,-0.412678237363,1.35978314512e-06,0.00163475376917,0.202383036903,-3.32107120662e-06,-0.00447660163783,-0.836572605533,2.19803982539e-06,0.00338890212413,-0.0056823747064,4.38901575386e-07,0.000283399343335,-0.315532630638,6.56821568192e-06,0.0037695028966,0.131661307468,-3.10942626183e-05,-0.00466047895028,-0.633161650783,4.9238379715e-05,0.0138980339887,-0.0816072228756,0.00146211899965,0.0743568883958,-0.670959813201,5.38654032491e-05,0.0149175106238,-0.0404857357407,1.91594768499e-06,0.000645352318938,0.836054782889,-0.0531816338719,0.117459858518,-0.513469138253,0.000995595942624,0.0428811421839,-0.255641814779,5.75348124637e-06,0.00292137382257,0.30325928785,-0.00966002535562,0.029981740834
unguided,27,0.38,0.389999985695,predicted,Actual proposal support boundary; monitored coordinates are pre-native endpoint forecast,True,50,-0.206523700691,0.569441386718,-0.00380985363961,0.0822002124405,0.0126429509854,0.0988008548562,7.37690081562,7.20356353014,0.206037515881,-0.558039113538,2.30398553259,0.171431211158,0.251030856108,0.235882417812,0.239594128346,0.223298520426,4.75048068673,0.160794908969,0.679238558001,9.27951723575,2.58882448409e-07,0.000747558941171,8.81851345581,3.78802679311e-06,0.00297560179483,8.99605264422,7.83162653057e-07,0.00158722086538,8.21871441245,1.72669548314e-05,0.0104505659655,9.27676857421,6.46304651941e-07,0.00105554651946,8.98029051669,9.20305272506e-07,0.00159043666182,8.29952503872,2.8427558187e-06,0.00622150435178,9.00647206619,5.14524640316e-07,0.00132591415685,8.86499603227,1.96890488991e-06,0.00241420801772,8.61056360964,3.16391450037e-06,0.00386587688682,8.05914621924,2.09181645142e-05,0.0145373738906,8.27313230032,1.55413350034e-05,0.00911825230846,4.67651344961,0.159074539864,0.343667001756,8.26780176027,1.9913196628e-05,0.0102847863746,8.86088120614,3.40864068717e-06,0.00275383769486,5.28710099274,0.0553951329485,0.319845838344,7.27380306457,0.000354026424282,0.0687855896494,8.49231396632,5.88955029265e-06,0.00564904128377,5.10683410687,0.0615707562851,0.176090746332,-0.449683339247,2.43735931024,-0.135653614998,-0.0711500346661,-0.484496861696,0.156955011193,1.55601132921,0.25631255238,-0.154744827508,-0.450196863217,1.98858926977,0.00567742513241,-0.0284622770918,0.0340805729194,-0.0214695593399,-0.0317291578587,0.293624379535,-0.065734416388,-0.111197488145,0.0814244242879,-7.37553378677e-08,-0.000187698618356,-0.903002734992,1.41918069977e-05,0.00622630025588,-0.644168113801,2.58523610049e-06,0.00306702524019,-0.324312558033,2.11139367802e-05,0.00747176047811,0.345955214268,-1.00117840563e-06,-0.000952069799158,-0.889201982143,3.29214027898e-06,0.0036188015166,-0.0969748265104,3.71790205645e-07,0.00115276860651,-0.509843892113,1.62473243999e-06,0.00227842831943,0.134426197849,-1.52551643885e-06,-0.000817340265277,0.078230320965,1.78430726372e-06,-0.000251335058979,0.153019743123,-2.03325064425e-05,-0.00503599009269,-0.0437612174665,7.95813654813e-06,0.00137765635025,-0.0819005003363,0.0125072479111,0.0501052428785,-0.376315436442,2.76564182864e-05,0.00835610848813,-0.182558715784,3.72714844059e-06,0.00149919556502,0.207817085535,-0.0126099944431,0.0504685378238,-0.320379236638,0.000568054361822,0.0308316338299,-0.813472347472,1.90255898856e-05,0.0103576745962,0.0592711432087,0.000226220602473,0.0274706088228
unguided,27,0.39,0.399999976158,predicted,Actual proposal support boundary; monitored coordinates are pre-native endpoint forecast,True,50,-0.213305536473,0.615490628733,-0.00610845192909,0.0825703900671,0.00774924841881,0.09937944765,7.39270605332,7.19850082682,0.19716765195,-0.560224075938,2.31974380321,0.171577618805,0.250751020926,0.236313919663,0.239471350647,0.223056415131,4.7532712135,0.160344114281,0.677904339809,9.27754415737,2.62195281483e-07,0.000752487964757,8.80988190713,3.92764481144e-06,0.0030355738807,8.98915725176,8.09462255843e-07,0.0016190752697,8.21643518921,1.74462509941e-05,0.0105037788247,9.2839965876,6.24597233677e-07,0.00103499597104,8.97410182376,9.36842439531e-07,0.00161093123196,8.29752733621,2.86378656771e-06,0.00625509878949,9.00542414628,5.19845938538e-07,0.0013321174362,8.86643060054,1.97003312429e-06,0.00240754027347,8.61496905959,3.11116679121e-06,0.00382298252554,8.06199283795,2.06572649537e-05,0.0144417567093,8.27634841103,1.53216325112e-05,0.00904987154504,4.6741078003,0.159514367425,0.344099357497,8.26781082658,1.99165473235e-05,0.0102815566579,8.86202382246,3.40182917645e-06,0.00274926614984,5.28404422155,0.0556355611301,0.320531256196,7.27207221595,0.000357069994594,0.0689650726602,8.48493096084,6.06597455264e-06,0.00574110535451,5.10450155082,0.0617579789875,0.17613732962,0.16515204545,-2.07129013326,-0.264168262482,-0.0373725295068,-0.613668486476,-0.0139941799302,1.82825134427,-0.932743228978,-1.39564057222,0.0199892925084,1.33769823758,0.0114825658312,-0.0334407260521,0.0565595018149,-0.00770853477029,-0.0185484525475,0.280123901758,-0.0475740355649,-0.152718844506,-0.131127162131,3.68690746883e-07,0.000411467813064,-0.387517610871,4.84487173699e-06,0.00224196211213,-0.713066619999,2.77352722466e-06,0.00331275039604,-0.558987475249,4.92237098697e-05,0.013547818223,1.15210826877,-3.36100853384e-06,-0.00323555008494,-0.684284102223,1.56565820227e-06,0.00209350283497,-0.353336605599,4.16142499629e-06,0.00630643770214,-0.00826833209868,3.36705370163e-07,0.000262938272984,-0.290939983702,4.01347501488e-06,0.00211096348681,0.556909277289,-7.63906657194e-06,-0.00560461549682,0.271640989284,-2.38808183761e-05,-0.00900703218459,0.805370795094,-5.69645287612e-05,-0.017370989155,-0.194093467531,0.033442538804,0.0736309632572,-0.0708044911951,4.77606698509e-06,0.00115104928383,0.212110459208,-1.88353646989e-06,-0.00103677792597,-0.419110384984,0.0305383588469,0.0719172327374,-0.157558598808,0.000287058261275,0.0159860348149,-0.50677575862,7.53399493268e-06,0.00520982830312,-0.351996783344,0.0302246242451,0.0103118012406
unguided,27,0.4,0.409999996424,predicted,Actual proposal support boundary; monitored coordinates are pre-native endpoint forecast,True,50,-0.203220659782,0.528015584053,-0.00909321888924,0.0814527618504,0.000369581255914,0.0985209712576,7.41346584251,7.18490866556,0.178124704437,-0.557639327687,2.33073949734,0.171660862474,0.250362041587,0.237013607848,0.23943995765,0.222927551375,4.75608316476,0.159843428257,0.676184181111,9.27689469251,2.66256263347e-07,0.000755788297432,8.81076310359,3.88492422785e-06,0.00302044103707,8.98179131182,8.3863319755e-07,0.0016534758733,8.20753466295,1.82514290288e-05,0.0107215223299,9.29981073958,5.79084481264e-07,0.000990835517765,8.96660483465,9.51618436551e-07,0.00163230671851,8.2924583066,2.92598431863e-06,0.00634763310582,9.00630669955,5.21258747719e-07,0.00133117292231,8.85917723259,2.04917439021e-06,0.00245642728746,8.62170179519,3.01113316893e-06,0.00375378457688,8.06457903902,2.04405481467e-05,0.014357233247,8.28923971622,1.44020444282e-05,0.00877083252536,4.67263158026,0.15974339064,0.345139621021,8.26638567045,2.00087179677e-05,0.0103078073602,8.86512341533,3.37096995778e-06,0.00273310213634,5.27871878504,0.0560059001254,0.321284182999,7.27065189259,0.000359767589507,0.0691053103457,8.48217845115,6.0402301913e-06,0.00575323784984,5.0997941712,0.06217524877,0.176296982356,0.488082508115,-3.19506067663,-0.0520116686822,0.520524203777,-0.253581449389,-0.0813150561475,1.64607444812,-1.88028035519,-1.58890710473,0.166162086405,0.580366845296,-0.000386735884348,-0.0252936625685,0.0769800135153,0.0144746501649,-0.02122343181,0.00198176763675,0.0124128702938,-0.108276512274,-0.343484404413,6.32732697637e-07,0.000882567971215,0.612345896811,-1.22542715249e-05,-0.00502891855011,-0.662658866337,2.43870727324e-06,0.0030044806164,0.0344805248421,4.2827364052e-06,-0.000635145836598,1.58710760536,-4.42564001609e-06,-0.00436632470723,-0.337667636092,4.84501813172e-07,0.000681817625137,-0.136033077187,1.00665779443e-06,0.00236944618534,0.0663104877484,2.10846515907e-07,3.59566040872e-07,-0.559056003957,6.39540702073e-06,0.00386034084252,0.789192152456,-1.17967238272e-05,-0.00799365229694,-0.170416258718,1.15187840535e-05,0.00582665594864,0.392746021218,-3.35654584485e-05,-0.00927925002195,0.0953358994324,-0.0126329348912,0.17022843676,0.342092175617,-3.1149026832e-05,-0.00788704128189,0.366397009107,-4.43828228149e-06,-0.00213979935544,-0.894160234583,0.0650446380011,0.0802436019777,-0.0912480361879,0.000210728595151,0.0076522300142,0.278243308721,-1.40847634127e-05,-0.00599882757782,-0.113205102641,0.0128965064796,0.0051779064559
unguided,27,0.41,0.419999986887,predicted,Actual proposal support boundary; monitored coordinates are pre-native endpoint forecast,True,50,-0.203543886311,0.551589415201,-0.00714868530274,0.0929808741426,0.00267761943102,0.097753146527,7.42562754229,7.16089521971,0.165389509856,-0.55690083421,2.33135114012,0.171569884087,0.250245147674,0.237853519933,0.23976084365,0.222631946495,4.75331084886,0.160592371687,0.675738809564,9.27067446928,2.74849935436e-07,0.000770139324182,8.82212882507,3.68255938094e-06,0.0029349955097,8.97590407443,8.58236401308e-07,0.00167916488203,8.2171247997,1.75319057222e-05,0.0104910759079,9.3157387397,5.36084433355e-07,0.000947669476894,8.96734847104,9.46532475794e-07,0.00162456758446,8.29480667467,2.8839197236e-06,0.0063024877132,9.00675035603,5.24062868856e-07,0.00133212462752,8.85524948046,2.09794126471e-06,0.00248474709032,8.63075290264,2.87523231466e-06,0.00366310947961,8.05858451278,2.08876406348e-05,0.0145582898283,8.28420333146,1.46503233422e-05,0.0088642865446,4.67601451829,0.159261708727,0.347503926232,8.27465267009,1.92935667868e-05,0.0101238158323,8.86935176265,3.31306353082e-06,0.00270647016273,5.26616101686,0.0569364538901,0.322136128236,7.27024725523,0.000361284566497,0.0691181172605,8.49049582702,5.78427928438e-06,0.00562112880295,5.10223744877,0.0620159091171,0.176240887749,-0.331193981344,1.41439938937,0.0101177692413,0.464218854904,-0.391127862036,-0.110671564923,0.11970345799,-1.67959914896,-0.86862366826,0.469232232301,-0.357233902916,-0.0038497874792,0.00083410640735,0.0723817738895,0.030063904261,-0.0306143870659,-0.118607675804,0.0424242508832,-0.0757100244457,-0.540065737098,8.17268992395e-07,0.00131214900005,0.416748387787,-7.38604949673e-06,-0.00313351208179,-0.167594345816,4.34878966744e-07,0.000660330915088,-0.0059797154675,-3.00815976097e-06,0.000110898685505,1.44911108509,-3.79206142546e-06,-0.00386046049561,0.0518033589441,-8.45793193404e-07,-0.000741591326409,-0.159642827284,9.95780100887e-07,0.00258821008638,0.102224168069,-2.27357417031e-07,-0.000405910783207,-0.358498940175,5.18442451645e-06,0.00275720077245,0.837628589845,-1.47103179041e-05,-0.00880306594949,-0.203132073074,2.24051297247e-05,0.00710294778467,0.183824718891,-1.67122690369e-05,-0.00453738028897,0.205457245088,-0.0323952386,0.116276478478,0.572788423246,-5.11952781448e-05,-0.0125532387454,0.382347302445,-5.07451710987e-06,-0.0023596802301,-0.65163420993,0.0477215717671,0.0645392796645,0.066295200389,-0.000114272138236,-0.00592762269887,0.107561221482,-6.99290182607e-06,-0.00247879040672,-0.3497087976,0.0234980824697,0.0108798156608
unguided,27,0.42,0.42999997735,predicted,Actual proposal support boundary; monitored coordinates are pre-native endpoint forecast,True,50,-0.209844539409,0.55630357184,-0.00889086350441,0.0907371389484,-0.00745297598481,0.0963075399592,7.41585991167,7.15131668259,0.160752231072,-0.548254683041,2.32359481928,0.171583866725,0.250378723715,0.238461243326,0.240041235736,0.222315263633,4.75371101125,0.160691913275,0.674669980622,9.26609337777,2.82601643195e-07,0.000782031277433,8.81909807135,3.73720323792e-06,0.00295777079544,8.9784394249,8.47330776885e-07,0.0016666824916,8.20741506864,1.81912658335e-05,0.0107237403037,9.32879296128,5.03243252755e-07,0.000913626307853,8.96764090183,9.34702572683e-07,0.00161747489199,8.28926545006,2.94589992065e-06,0.00639939730755,9.00835118291,5.16711599378e-07,0.00132305470665,8.85200725379,2.15286288054e-06,0.00251157130291,8.63845436699,2.71692681085e-06,0.00357772325789,8.06051639756,2.08886507412e-05,0.0144992922026,8.2929162106,1.40677990474e-05,0.00868008491958,4.67674072516,0.159095485868,0.34746515059,8.27784143891,1.89848124048e-05,0.0100567425853,8.87277036137,3.26947961558e-06,0.00268590853174,5.26568610084,0.0569603315608,0.322574968592,7.2719777966,0.000357482146743,0.0689867578917,8.48432967558,5.90037215478e-06,0.0057036620417,5.09279999525,0.0626452104194,0.17651457867,-0.323237662315,0.672592015014,-0.0984391570091,0.0744808241723,-0.869671627879,-0.0710956689583,-0.671027349844,-0.600667828153,0.211445287778,0.490538467293,-0.276696692,0.00549691608434,0.0125094738467,0.0387446563251,0.015602709291,-0.0243894950285,0.204614933621,-0.0274986005251,-0.047613087137,-0.384136516239,6.40807271252e-07,0.000970298239778,-0.448070016147,8.32762774472e-06,0.00342972440654,0.225580075192,-1.04789602277e-06,-0.00116549115187,-0.670720997938,4.39133919004e-05,0.0159704504072,1.1203838726,-2.73844383117e-06,-0.00286858738148,0.255502126918,-2.17898296291e-06,-0.0017134691044,-0.342878695957,3.13325220551e-06,0.00560088392275,-0.336260890664,8.04138617463e-07,0.00131362592666,-0.100037675692,4.49625306872e-06,0.00142262240215,0.589094023592,-1.2910255276e-05,-0.00663336582662,-0.136538270734,3.0873583179e-05,0.00520482350238,0.453538297418,-3.40174720106e-05,-0.0100134636763,0.273826956016,-0.0402527046658,0.0310587109792,0.404227730344,-3.19287510173e-05,-0.00873434628761,0.465938062437,-6.41563553655e-06,-0.00293951839008,0.159655389326,-0.00761517247327,0.0882417830553,0.120014816519,-0.000239025267605,-0.010626021575,-0.545998483281,1.34156033927e-05,0.00760160452136,-0.701296726636,0.0529053876915,0.0315660170771
unguided,27,0.43,0.439999997616,predicted,Actual proposal support boundary; monitored coordinates are pre-native endpoint forecast,True,50,-0.210008639557,0.565041255501,-0.00911746844292,0.0944704906261,-0.0147158131266,0.0963312331478,7.41220699529,7.14888186315,0.169618415611,-0.547090064864,2.32581720628,0.171679822409,0.250495337151,0.23862841306,0.240072897836,0.222144156595,4.75740314753,0.160042399676,0.674786547821,9.26299173895,2.87666080861e-07,0.000789545288977,8.81316742475,3.84911193583e-06,0.00300358999783,8.98041567594,8.37278480852e-07,0.00165585505899,8.20371037975,1.84101735602e-05,0.0108104849161,9.33814641716,4.81315556731e-07,0.000890297729265,8.97245851358,9.02952816536e-07,0.00159029820238,8.28794910075,2.94658476771e-06,0.00641450539165,9.00002513822,5.40145641205e-07,0.00135839714605,8.85324872694,2.18786632608e-06,0.00251319953836,8.64253478311,2.61702720914e-06,0.00353044216307,8.05585374736,2.15051122984e-05,0.0146623862983,8.29327409741,1.3969973902e-05,0.00866401727107,4.68149105741,0.158456654634,0.348125100452,8.2827372247,1.86549917665e-05,0.00994912890653,8.87867052389,3.18475082009e-06,0.00264767979493,5.26935412464,0.0567841504407,0.323900963897,7.27264755156,0.000356504061145,0.068905596829,8.47957585735,6.05259135224e-06,0.00577316089338,5.08821151424,0.0630740168709,0.17687220809,0.332995858094,1.19504610269,0.218894958496,0.117214135826,-0.270133927464,0.107197513709,-1.60842129642,0.812236657745,0.80979765107,-0.5455466974,-0.418354949355,0.0029298994992,0.00119633645653,0.00231277386199,0.0121366083139,0.0103555400865,0.0510869719427,0.0237898820128,0.0215803093602,0.164591403245,-1.06145414873e-07,-0.000357041102629,-0.11969940036,3.38341448858e-06,0.00120621806438,0.350699916683,-1.60529426234e-06,-0.0017296140895,-0.617308086471,5.17158325847e-05,0.0153000232171,0.582093112916,-1.42894187134e-06,-0.00151975326472,0.933686005889,-5.55983328989e-06,-0.00493575804522,0.269170819329,-5.40008692251e-06,-0.00568439011975,-1.19355243921,3.68263516967e-06,0.00523651354203,0.162088941611,1.06216071159e-06,-0.000552244752878,0.0337260655612,-3.87301166494e-06,-0.000656772315674,-0.283804911489,3.14956637452e-05,0.00980492950887,0.207098465806,-2.08989728751e-05,-0.00509331954168,0.215368375042,-0.037573483073,0.0273180402267,0.422507349492,-3.21353069763e-05,-0.00915267598405,-0.00949268645491,2.50114809437e-07,7.16926770847e-05,0.830319970816,-0.059903132015,0.0254629380564,-0.314944461548,0.000435631300257,0.0371497114526,0.203049578173,-4.73827419448e-06,-0.00286446779091,-0.31677799779,0.0339015464849,0.0205670968899
unguided,27,0.44,0.449999988079,predicted,Actual proposal support boundary; monitored coordinates are pre-native endpoint forecast,True,50,-0.203184622247,0.580204493894,-0.00451296433449,0.093081421665,-0.0128556545341,0.0984514902333,7.38369148574,7.16756141574,0.176948184093,-0.559165616989,2.31522772029,0.171642464715,0.250402650444,0.238507498803,0.240283967902,0.222522374435,4.75473275068,0.161167710915,0.675101586809,9.26938520583,2.80478734897e-07,0.00077489045538,8.81670408334,3.80487152769e-06,0.00298189515672,8.98545342324,8.15224891638e-07,0.00163209020981,8.19506890691,1.92255824852e-05,0.011029740768,9.34043482354,4.74664415328e-07,0.000883231242558,8.98631462194,8.23505906885e-07,0.00151875973108,8.29464886645,2.8378981822e-06,0.00628570950516,8.98448013413,5.90364302772e-07,0.00142778497749,8.85524903262,2.17410609477e-06,0.00250052640785,8.6391288883,2.63946657755e-06,0.00356458781158,8.05484029933,2.15185640161e-05,0.0146953907928,8.29705817992,1.36498195899e-05,0.00857821852875,4.68104809266,0.158344016207,0.348011511395,8.2862915859,1.83421062653e-05,0.00987368906564,8.87258050764,3.27448191177e-06,0.00268734238528,5.28229250026,0.0557622689205,0.323084227354,7.26567890737,0.000366194772748,0.0697297521208,8.48839066714,5.80560667089e-06,0.00564637268588,5.0864644353,0.0633232413491,0.176925920607,0.224986495236,0.81797423367,0.157937347889,0.32239882648,0.457379207015,0.0276661656527,-1.64183525085,2.06538913823,0.22278904408,-0.543711170437,-2.0232448778,-0.0172869109908,-0.0157584229604,-0.0163792603612,0.0112385640214,0.022421840614,0.0161673502519,0.0207948751532,0.0559667422924,-0.374872943096,5.96162748079e-07,0.000922697010909,1.16641546885,-1.84532920714e-05,-0.00816040929206,0.222387233633,-1.07754142577e-06,-0.00111029255488,-0.244210550807,3.03246840244e-05,0.00634453433281,-0.426743021898,9.39920694756e-07,0.00100567710435,1.16161891418,-5.14229642428e-06,-0.00525491753102,0.255350380613,-5.16144172787e-06,-0.00507295905043,-0.945948677894,3.27521689072e-06,0.00442404911606,-0.132576789686,-2.71974819418e-07,0.000574515360098,-0.409935824433,4.95736708122e-06,0.00421229746839,-0.29048352811,2.74697235592e-05,0.00999820454052,0.0352421372005,-9.11382912075e-06,-0.00134448583523,0.0863151294615,-0.0105100843759,0.041831504685,0.161839282639,-1.70062562494e-05,-0.00326008276862,-0.38565123709,5.36036247996e-06,0.00243489051833,-0.013272128146,-0.00453151177421,-0.0591883985817,0.103179197943,-0.000239986882691,-0.00542843743373,1.32042576323,-3.68370284555e-05,-0.0186336500111,-0.432451262262,0.032148910513,0.00224107332937
unguided,27,0.45,0.459999978542,predicted,Actual proposal support boundary; monitored coordinates are pre-native endpoint forecast,True,50,-0.205508909652,0.581400740174,-0.00595872148514,0.100918467156,-0.00556822898626,0.0968845564609,7.37937029027,7.19018964591,0.174074196493,-0.557964288273,2.28535230872,0.171334084189,0.250180168692,0.238300827852,0.240297669117,0.222592593407,4.75772649453,0.160458297179,0.675905882667,9.25549428009,2.99589335822e-07,0.000807999229195,8.83649573412,3.4800460944e-06,0.00284038181199,8.98486342061,8.15727652337e-07,0.00163364920789,8.19882616873,1.90166672407e-05,0.0109373756027,9.32961155672,5.00113970626e-07,0.000910411271352,8.99569089186,8.0010688805e-07,0.00148519985176,8.29305610836,2.84335593316e-06,0.00631304621064,8.98110616466,6.0564997902e-07,0.00144687812837,8.85059719115,2.18242682969e-06,0.00252468984556,8.63433606662,2.71617455077e-06,0.00361468811244,8.0500440768,2.20545067696e-05,0.0148623503891,8.29397894015,1.37876973196e-05,0.00863712755437,4.68321736,0.158246452946,0.348961730545,8.28597401035,1.83148666415e-05,0.00988392725115,8.87095749915,3.29195806969e-06,0.0026963776053,5.26908868208,0.0566935202052,0.322717195925,7.27471113552,0.000351704323491,0.0687970280803,8.50598437261,5.31585078313e-06,0.00540048789316,5.07956248899,0.0637169950812,0.176917029557,-0.665893417988,0.107805968895,-0.383584141731,0.218482825905,0.228745959699,-0.134737304334,-0.327576947355,1.24355465329,-0.342174366899,0.0810391704658,-1.85411546707,-0.016672310871,-0.0123621210821,-0.0111319422185,0.00540192207165,0.00508996773471,0.463080534977,-0.101414026337,0.0435632620852,-0.755221259748,1.11128056355e-06,0.00184063777006,0.956378160075,-1.63043546522e-05,-0.00699905452708,-0.0482595392878,1.63501367761e-08,0.000101961405681,-0.133597188932,1.87160077458e-05,0.00346090965185,-0.499633881521,1.17516491807e-06,0.0012559086538,0.29781104784,3.51282252865e-08,-0.000678216837608,-0.42633682865,4.77747384543e-06,0.00768499714288,-0.0446532784523,4.58752114067e-07,0.000478114475902,-0.0804601216684,-2.31390703143e-06,-3.53443362162e-05,-0.476075571801,7.69084928076e-06,0.00480034972962,0.014845991277,1.08596148986e-05,-0.000139678498267,0.269804611514,-1.72057907193e-05,-0.00548068613799,-0.121225587398,0.0417347071833,0.0286702406585,-0.145438471162,7.63572095142e-06,0.00331513580301,0.213378026811,-3.50362383861e-06,-0.00149418366018,-0.781514706497,0.0553197548801,-0.0115700372932,0.713926186357,-0.00106888429838,-0.0777360915865,0.781121286351,-2.27156074087e-05,-0.0110284676369,-0.620705869771,0.039419708573,0.000655288922841
unguided,27,0.46,0.469999998808,predicted,Actual proposal support boundary; monitored coordinates are pre-native endpoint forecast,True,50,-0.216502490607,0.582360613272,-0.0121846471691,0.0974510781831,-0.00828073534012,0.0957567441467,7.37713994679,7.19243250881,0.170104696755,-0.55754483358,2.27814541095,0.171309018497,0.250155408022,0.238284859959,0.240392006343,0.22262417379,4.76399436138,0.159139430388,0.675972852051,9.25428078064,3.02704346168e-07,0.000811703210782,8.83583164654,3.47878443464e-06,0.00284191406618,8.98448823245,8.15551894374e-07,0.00163412943793,8.19239696313,1.95999026401e-05,0.011098958961,9.33044214591,4.9816771369e-07,0.000908349415634,8.9922708429,8.24208471391e-07,0.00150519539433,8.28612212987,2.93344765911e-06,0.00643940944801,8.98358706856,5.99539345053e-07,0.00143734726701,8.85363983019,2.12782795414e-06,0.00249981952113,8.62960737686,2.79328356316e-06,0.00366059480617,8.05513721916,2.17357563141e-05,0.0146925972229,8.30245427215,1.33057037755e-05,0.00846860480599,4.67862358092,0.159178710351,0.348584916208,8.28338281648,1.84948206843e-05,0.0099399917817,8.87684806818,3.20440943499e-06,0.00265745871208,5.26666220613,0.0568686640181,0.322852826608,7.27995743109,0.00034481708678,0.068175030289,8.50401309287,5.35129452272e-06,0.00542580333315,5.0740503179,0.0641116355206,0.176939026386,-0.5775065595,0.243181421546,-0.478685677052,0.0218660086393,0.0362734645605,-0.0586429793609,0.136531769492,-0.103258109589,-0.452575251053,-0.0643353482166,-0.477179225124,-0.00239521736971,-0.00218273659056,-0.00244562212056,0.00697346788759,0.0046998673113,0.537225633925,-0.107026071523,0.0345956337237,-0.170468388631,3.25593911892e-07,0.00045682772228,0.0343672212905,-7.26135718196e-07,-0.0002983620961,-0.314820339646,1.08146042289e-06,0.0013651234177,-0.0970773354114,1.19058853561e-05,0.002538921151,0.220106698352,-5.31381295751e-07,-0.000563240981891,0.134201480704,-1.19091605169e-07,-0.000369384091313,-0.455890538462,5.87486888639e-06,0.00832022908511,0.298095748324,-7.86666367785e-07,-0.00119041736306,0.0615194836362,-1.47428728326e-06,-0.000570336487186,-0.329310584954,4.09890630992e-06,0.00305522366785,0.253822451194,-1.54444465296e-05,-0.00844901631222,0.456796521677,-2.62007441652e-05,-0.00908425957108,-0.331365719975,0.0728475357732,3.80530120658e-05,-0.152865420084,1.08074558815e-05,0.00331482540155,0.480515934122,-6.9112331074e-06,-0.00311481258887,-0.422412441231,0.0318449884137,0.0257229467458,0.409367727584,-0.000486232710468,-0.0505799803736,0.18303970319,-4.80362883319e-06,-0.00253102433393,-0.232165281092,0.0162960404839,0.00106413422942
unguided,27,0.47,0.479999989271,predicted,Actual proposal support boundary; monitored coordinates are pre-native endpoint forecast,True,50,-0.217059040842,0.586264368605,-0.0155324350262,0.101355787328,-0.00484275969505,0.0957116968737,7.38210092566,7.18812448372,0.165022691472,-0.559250995237,2.27580872422,0.171286179842,0.25013651396,0.23825191541,0.240437138474,0.222686590753,4.76847100721,0.158317775749,0.676597795341,9.25208491232,3.0610121406e-07,0.000817135783641,8.83718307855,3.46552338004e-06,0.00283441457006,8.97856701382,8.37356860795e-07,0.00166095167625,8.19688462202,1.92547849479e-05,0.0109881540257,9.33401369069,4.89486344711e-07,0.000899146451714,8.99837492148,7.97725055947e-07,0.00147781216993,8.28393829759,2.96085331088e-06,0.00647945079234,8.98706807963,5.89916651664e-07,0.00142306978111,8.85182758082,2.15294108403e-06,0.00251328311582,8.62774985493,2.79815267697e-06,0.0036757925858,8.05512052582,2.1745617839e-05,0.0146933700629,8.30311487058,1.32636824363e-05,0.00845544236295,4.6765900456,0.159703403662,0.348962491606,8.28291670195,1.85310157591e-05,0.00995022375919,8.88056781783,3.15373340754e-06,0.00263408135352,5.26064043326,0.0573304199735,0.32323165486,7.28289849007,0.000341979669282,0.0677854284729,8.50964516668,5.21977820646e-06,0.00534986740648,5.07491918337,0.0640429158909,0.176938312242,-0.427910284228,1.28908674769,-0.269477367401,0.493614323437,0.436341583729,-0.0104281455216,0.125868558393,-0.344281969728,-0.545758375685,-0.679811380364,-0.334526882036,-0.00029671307812,-0.000258943386818,-0.000934034920236,0.00617871636834,0.00653840417464,0.422944281448,-0.0755067767826,0.0895461815362,-0.168842609265,2.68163792179e-07,0.000418391082033,0.498858686857,-7.18335880142e-06,-0.00332088382375,-0.572821175003,2.07266496313e-06,0.00256033178152,0.520278650928,-4.03560416937e-05,-0.0127342313947,0.263628971123,-6.43662903082e-07,-0.00068317244563,0.589754832949,-2.2487524843e-06,-0.00247503837714,-0.0775604824864,9.78087545082e-07,0.00141863942301,0.268942085418,-7.75780172473e-07,-0.00111900450907,0.0494894873054,-1.09285718241e-06,-0.000434315657002,-0.262826418888,3.4304316958e-06,0.00264584111089,0.0429814812431,-2.97296830612e-06,-0.00155414255838,-0.185558439204,1.17965260368e-05,0.00386406904571,-0.318058727977,0.0714494045272,0.018133757168,0.130019584818,-1.10567162918e-05,-0.00274744185246,0.649398792769,-9.11295913696e-06,-0.00417523781046,-0.471892536879,0.0375150559233,0.040474052248,0.193756752652,-0.000150931971642,-0.0272925871323,0.744265330224,-1.72668762906e-05,-0.00998601953391,0.20260559758,-0.0141398834535,-0.00359676960494
unguided,27,0.48,0.489999979734,predicted,Actual proposal support boundary; monitored coordinates are pre-native endpoint forecast,True,50,-0.225060696291,0.608142348225,-0.0175741945171,0.107323364652,0.000446096334457,0.0955481812362,7.37965731796,7.18554686941,0.159189529241,-0.571141061187,2.27145487331,0.171303084236,0.250150229155,0.23826617926,0.240515580671,0.222754941873,4.77245324701,0.157629294853,0.677763775681,9.25090392845,3.08067622012e-07,0.000820071032422,8.84580882028,3.33511725862e-06,0.00277549638971,8.97303180895,8.57005193636e-07,0.00168533607356,8.20280253615,1.87927818063e-05,0.0108442743331,9.33571472533,4.85294455628e-07,0.000894685966722,9.00406593956,7.79233421705e-07,0.00145569462679,8.28457092022,2.95300941001e-06,0.00646778223647,8.98896591027,5.84023741604e-07,0.00141496717682,8.85462961994,2.10597081049e-06,0.00249113320799,8.62435084848,2.86189219708e-06,0.00371351162839,8.05599684878,2.16762969479e-05,0.0146615143717,8.29874310336,1.35416342963e-05,0.0085458861869,4.67226240636,0.160607698441,0.348947591352,8.28598320818,1.82736863585e-05,0.00988504294465,8.88983604404,3.02215025226e-06,0.00257395395587,5.25722435539,0.0576189651365,0.323662307653,7.28383256615,0.000341798447347,0.0676291785464,8.51889839947,5.0059569969e-06,0.00522608294247,5.07810242985,0.0638288378515,0.176867090994,-0.162710311106,1.50952481461,-0.266071617603,0.455030415207,0.208557903767,-0.0160251416864,-0.109629264222,-0.000387074336402,-0.489925918772,-0.685864725156,-0.0860382832447,-0.00090637637928,0.000912406893594,0.000685226152534,0.00331276003499,0.00420823895535,0.483008294732,-0.0891327143121,0.0700575717747,-0.232613568831,3.53470588111e-07,0.000573693519804,0.632930218088,-1.00255380491e-05,-0.00444417913929,-0.516670024431,2.01764898205e-06,0.00239098616429,0.308566643888,-2.60123708537e-05,-0.00756521350321,0.172108340471,-4.06644087886e-07,-0.000435011087508,0.238356712241,-4.40680896259e-07,-0.000749036133922,-0.143028866529,1.88658159445e-06,0.00258776394088,0.160817956908,-4.09805024774e-07,-0.00064360624042,0.365781032026,-4.62712187952e-06,-0.00259601549422,-0.263181439137,5.48311174121e-06,0.00294950136096,0.0800324220296,-4.83745872877e-06,-0.00271913677292,-0.217774184095,1.44871055877e-05,0.00457830198932,-0.284290547519,0.0643993086352,0.00513965502703,0.321657394778,-2.41686853642e-05,-0.00692052916382,0.620463834794,-8.59908248184e-06,-0.00396337012294,-0.432707279237,0.0353435819507,0.0452462316884,0.122537150682,-5.3598131164e-05,-0.019370696822,0.427803086221,-9.74708743011e-06,-0.00571311520228,0.0860512938011,-0.00640461507795,0.00733029596245
unguided,27,0.49,0.5,predicted,Actual proposal support boundary; monitored coordinates are pre-native endpoint forecast,True,50,-0.220313247064,0.616454864897,-0.0208538673782,0.110456395633,-0.00067160161972,0.0953911940399,7.37990834038,7.18811674223,0.155224173097,-0.57296828974,2.27408795855,0.171268052314,0.250154762098,0.238265619933,0.240503393675,0.222770755532,4.77813117311,0.156535121463,0.677998946777,9.24743264094,3.13170625822e-07,0.000828609654037,8.84984168291,3.26501261906e-06,0.00274553098728,8.96823361333,8.77709840436e-07,0.00170877139953,8.2030559549,1.87345375308e-05,0.0108368497557,9.3374558575,4.81353462954e-07,0.000890446229964,9.00314205572,7.88911438022e-07,0.00146283144725,8.28107772026,2.99858494277e-06,0.00653120607116,8.99028443876,5.81720551168e-07,0.0014101976563,8.85914320146,2.06039864644e-06,0.00246136280594,8.62248622614,2.90781491179e-06,0.00373478261302,8.05672117426,2.16488686644e-05,0.0146389873274,8.2987593869,1.35534245481e-05,0.00854700840273,4.67090423465,0.160991389835,0.349065284706,8.28934984984,1.80476420519e-05,0.00981181317591,8.89297709453,2.9817517579e-06,0.00255481395106,5.25198628767,0.0580372916125,0.324136579494,7.28534923308,0.000340907706658,0.0673980145364,8.5182012284,5.02483645786e-06,0.00523560510243,5.07664020925,0.0639148235893,0.177084918161,0.474744922701,0.831251667191,-0.32796728611,0.313303098083,-0.111769795418,-0.015698719629,0.0251022417499,0.256987282321,-0.396535614486,-0.18272285531,0.263308524258,-0.0035031921589,0.000453294357089,-5.59327203775e-05,-0.00121869954754,0.00158136590424,0.567792609367,-0.109417339021,0.0235171095487,-0.347128751181,5.10300381056e-07,0.000853862161472,0.403286263475,-7.01046395608e-06,-0.00299654024297,-0.479819562495,2.07046467993e-06,0.00234353259792,0.0253418748342,-5.82442754859e-06,-0.000742457746584,0.174113216143,-3.94099267438e-07,-0.00042397367579,-0.0923883840116,9.6780163169e-07,0.000713682046323,-0.34931999643,4.55755327639e-06,0.00634238346877,0.131852849917,-2.30319043524e-07,-0.000476952052343,0.451358152896,-4.55721640539e-06,-0.00297704020514,-0.186462234187,4.59227147111e-06,0.00212709846267,0.0724325478743,-2.74282835536e-06,-0.00225270442452,0.00162835394111,1.17902517823e-06,0.000112221583443,-0.135817170918,0.0383691393465,0.0117693354712,0.336664166396,-2.26044306621e-05,-0.0073229768743,0.314105049426,-4.03984943541e-06,-0.00191400048084,-0.52380677196,0.0418326475935,0.0474271841211,0.151666693319,-8.90740688819e-05,-0.0231164009982,-0.0697171067445,1.88794609581e-06,0.000952215996457,-0.146222060757,0.00859857377943,0.0217827167136
gradient,26,0,0.00999999977648,predicted,Actual proposal support boundary; monitored coordinates are pre-native endpoint forecast,True,50,-0.286987323533,0.773134575698,-0.137972743359,-0.031237435379,0.328960712824,0.0367487129427,5.72395573332,6.57190080708,0.189287050006,-0.43491396932,1.68470295083,0.182529090135,0.269790163637,0.285346206999,0.275097412792,0.206441386124,4.62245157423,0.194203173955,0.73726098547,9.7596914471,1.91441374203e-08,0.000158955251907,9.30807186122,2.19583318804e-07,0.000684646235233,9.4983129088,2.73392439075e-08,0.000237959437048,8.28098732203,1.81500946262e-05,0.00918896559123,9.74242319054,1.97630923889e-08,0.000151975721647,9.36372749952,1.50344773501e-07,0.000510890322325,8.17996949614,5.72511954693e-06,0.00905661846454,9.36552623501,8.1900210547e-08,0.000422943025007,9.05092549479,8.78860618006e-07,0.00145049822003,8.45596731596,4.57034398492e-06,0.00543584698126,8.22810304299,1.3113892385e-05,0.00970778005449,8.67649459448,2.03007893987e-06,0.00318328615414,4.51551510561,0.200406023066,0.39665017014,8.47395547063,1.53466288759e-05,0.00634485800527,9.35140244471,7.89670444467e-08,0.000421732253223,5.39500316519,0.0487295675035,0.285931272386,7.42499448411,0.000219390883744,0.0513329308334,8.72810237722,3.35618118705e-06,0.00322991910478,5.39242007825,0.0393024498646,0.165641170337,4.65043077686,-7.73218833658,3.23060560226,0.178089261055,-5.21579432487,0.335736897297,-32.5858442065,-19.0718510093,-15.3852210831,-0.0713313286772,11.1618488414,1.07937189179,0.328469446372,0.498367916328,-0.0219945722318,-0.150675849427,-3.76181580555,1.27192189815,0.662481104183,11.1596273262,-9.6215693552e-07,-0.00554806659349,10.4983931901,-7.17805002488e-06,-0.0178859274441,-7.56674053037,1.9305614204e-06,0.00897107916721,-3.56239584092,0.000143127891017,0.0842891434985,-5.36359666538,1.06379734367e-06,0.0043848795008,4.05931440491,-5.32269146327e-06,-0.0100865220389,1.73580900767,-3.8795100668e-05,-0.0458054534315,-1.58891131902,9.00087769178e-07,0.00208791605117,16.7352977827,-5.66918683365e-05,-0.061851748923,14.2982917979,-0.000235953570856,-0.182488690747,6.4181253137,-0.000292952626011,-0.146685794639,7.78484606013,-5.08178644883e-05,-0.0667311806673,-0.0305522591913,0.161378638232,-0.978911245247,31.7840287914,-0.00122239094343,-0.340702825054,-9.20401557667,9.18852393039e-06,0.021499517782,11.5599457756,-0.822477944109,0.890297904125,-4.70592287745,0.00214985670056,0.552441460858,7.31927114561,-0.000149488312324,-0.0708103856016,4.28178990349,-0.154896080541,-0.00816702850736
gradient,26,0.01,0.019999999553,predicted,Actual proposal support boundary; monitored coordinates are pre-native endpoint forecast,True,50,-0.240483015765,0.695812692333,-0.105666687336,-0.0294565427685,0.276802769575,0.0401060819157,5.39809729126,6.38118229698,0.0354348391753,-0.435627282607,1.79632143924,0.193322809053,0.273074858101,0.290329886162,0.27487746707,0.20493462763,4.58483341617,0.206922392936,0.743885796512,9.87128772036,9.52256806513e-09,0.000103474585972,9.41305579312,1.47802818555e-07,0.000505786960792,9.4226455035,4.66448581116e-08,0.00032767022872,8.24536336362,1.95813735364e-05,0.0100318570262,9.68878722388,3.04010658256e-08,0.000195824516655,9.40432064357,9.71178588684e-08,0.000410025101936,8.19732758622,5.33716854025e-06,0.00859856393022,9.34963712182,9.09010882388e-08,0.000443822185519,9.21827847262,3.11941934641e-07,0.000831980730796,8.59895023394,2.21080827636e-06,0.0036109600738,8.29228429612,1.01843661249e-05,0.0082409221081,8.75434305508,1.52190029498e-06,0.00251597434747,4.51520958302,0.202019809449,0.386861057687,8.79179575854,3.12271944161e-06,0.00293782975474,9.25936228894,1.70852283751e-07,0.000636727431043,5.51060262295,0.0405047880624,0.294834251427,7.37793525533,0.00024088945075,0.056857345442,8.80129508867,1.8612980638e-06,0.00252181524877,5.43523797728,0.0377534890592,0.165559500052,3.49859982595,-5.52119334514,1.97124016285,2.16170120239,-4.69356587529,0.590738443825,-6.28858781551,0.451626078718,-8.93998344951,-2.4167531933,17.7751150473,0.466950344561,-0.189268134595,-0.153622453527,-0.422909678494,0.273475156158,-0.3659676062,0.133820643674,-0.0457232144877,3.66347045436,-3.45233576501e-07,-0.00200364366799,-0.828167659239,5.43433609751e-06,0.00477676811629,-8.72138773697,3.11441790908e-06,0.0118881086401,-4.14004966158,0.000213478865296,0.0976416969682,-4.14178818153,9.92460898228e-07,0.00372784360848,-0.859139867383,-1.25442938432e-06,-0.00112986276733,1.13302085997,-2.84625972931e-05,-0.0299150927213,-2.96656171916,1.44936410674e-06,0.00418736546321,9.72244289528,-3.14560588327e-05,-0.0351209884967,9.55220502969,-0.000140539478217,-0.112192785162,1.76459597348,-0.000107294040427,-0.0439169377419,2.14399155646,-8.4755866315e-06,-0.0187576919535,-0.340228917779,0.209625413837,-1.19360851771,16.3310622185,-0.000644622735857,-0.17668745409,-5.72530465033,7.11395040651e-06,0.0148445227551,5.61919076924,-0.403261853131,0.739067350041,-3.83710134376,0.00228284913448,0.451232201251,1.34852009509,-6.15968801827e-05,-0.0205796502905,0.244352499565,0.0533493114374,0.174873118391
gradient,26,0.02,0.0299999993294,predicted,Actual proposal support boundary; monitored coordinates are pre-native endpoint forecast,True,50,-0.217015327014,0.662710708796,-0.0985479401016,0.0119965886688,0.235089395318,0.0485634818192,5.59818397701,6.58093332865,0.0104873810158,-0.483249033186,2.04020525178,0.191868097027,0.266004800946,0.282273757928,0.266639219222,0.211910889247,4.61513222211,0.196879586828,0.73634652118,9.83296085618,1.22394658903e-08,0.000118882378547,9.29150850804,3.28270040754e-07,0.000780181597559,9.32388515406,8.96276020891e-08,0.00047572160985,8.1981863288,2.24196719321e-05,0.0111417995306,9.65958742691,3.96123103535e-08,0.000226532593816,9.34654470217,1.25256185815e-07,0.000488293066978,8.20262991334,5.15586760107e-06,0.00845831661011,9.30619500063,1.10887492682e-07,0.000506690334272,9.2453743527,2.49739441353e-07,0.000748078450092,8.64701141655,1.75955442057e-06,0.00319199127803,8.26339496246,1.09680115764e-05,0.00882944129966,8.71937442561,1.86056720724e-06,0.00280813231507,4.50871052726,0.204598531343,0.372777999786,8.800576715,2.45417415879e-06,0.00281110892348,9.2368963517,2.21246052577e-07,0.000718622708325,5.50738698058,0.0406643304409,0.300712619387,7.34825245723,0.000265047866434,0.0603575748585,8.75507277912,2.12424358339e-06,0.00281832609897,5.39730712824,0.0403694360933,0.169138632705,2.27585547031,-3.85364859539,0.130718231201,3.62395817041,-2.67901164293,0.673554479396,19.1873119052,18.6444808146,-1.05710978206,-4.20232749545,18.8439542305,-0.202547632464,-0.502595076546,-0.806165829846,-0.719243241937,0.502254051598,2.5541611856,-0.869083609603,-0.786185378861,-5.85590435044,5.02153609618e-07,0.0026762263448,-12.4094966409,2.72131290515e-05,0.0334910542814,-7.78193031029,4.37424379242e-06,0.0129960426404,-2.72529559378,0.000166605907347,0.063621342277,-3.41225404697,1.24159928138e-06,0.00379501040246,-5.87924296178,4.06313910775e-06,0.00967414591926,0.477158625979,-1.7681450197e-05,-0.0126058291887,-3.52773407065,1.62905344689e-06,0.00526616970092,2.3944578349,-5.57716446274e-06,-0.00743391167287,3.34530103434,-3.05381630693e-05,-0.028210405184,-2.4063260699,6.1987785307e-05,0.0511470735791,-4.16806714141,4.77045967584e-05,0.0385058258755,-0.714703750141,0.327244463692,-1.09673245526,-0.472014267054,-4.55911336984e-05,-0.0012268862044,-1.59230790329,4.23693598684e-06,0.00628349383611,-2.39761434957,0.132633832075,0.359596320198,-1.53618999604,0.00127567689111,0.185397278549,-4.3516999809,3.89554975159e-05,0.0316818488535,-4.07481699291,0.276427203991,0.337828651208
gradient,26,0.03,0.0399999991059,predicted,Actual proposal support boundary; monitored coordinates are pre-native endpoint forecast,True,50,-0.194965906358,0.618739720425,-0.103052322712,0.0430226206398,0.223222536716,0.0535771715036,5.78184352936,6.75407191328,0.0142926435341,-0.519673832516,2.17320052385,0.189271856404,0.26302295657,0.274206569565,0.260492602231,0.214979708662,4.63591663989,0.189540720744,0.728162088935,9.75416963335,1.95656402575e-08,0.000156999112868,9.16486586031,6.92065399584e-07,0.00117560804642,9.26700689729,1.3412973396e-07,0.000587591081528,8.19085745174,2.29134916834e-05,0.0113042838718,9.62054214294,5.52330514533e-08,0.000271724724704,9.28673578433,1.78380641023e-07,0.000603508020321,8.20687075874,4.98353953631e-06,0.00834644734645,9.27908244041,1.23482157177e-07,0.000549145579537,9.26616762932,2.00398645386e-07,0.000683302497339,8.66585625463,1.60004501498e-06,0.00304675197012,8.24415777473,1.1424121831e-05,0.00926386357968,8.67098171225,2.47599223015e-06,0.00328609086498,4.50091550802,0.208564698722,0.364926408582,8.7823554732,2.21089676764e-06,0.00291329203065,9.22751613088,2.55591003487e-07,0.000762397307765,5.46265033596,0.0431574647039,0.302026177831,7.34721145541,0.000266402988572,0.060565291013,8.71426108905,2.64040801412e-06,0.00315545222584,5.35374163743,0.043282033139,0.172316073076,1.89139353685,-3.74234726094,0.0545490980148,1.47784650326,-0.985656380653,0.439182438315,15.9945708677,16.0769816805,0.359126750744,-4.40845946429,10.6748997173,-0.254477905091,-0.264027364351,-0.703539919132,-0.536954318928,0.283806830818,1.51206199357,-0.560512814038,-0.678284652621,-7.78942277058,9.76777141521e-07,0.00446313866654,-8.83415821067,2.8959037515e-05,0.0289958097682,-3.86578339974,3.79354523096e-06,0.00841759910485,-0.799242794391,6.60752605399e-05,0.0172243041794,-2.29273748133,9.3551419835e-07,0.00269751980288,-5.04832311642,4.42286996531e-06,0.00964749028585,1.06406738723,-3.25130168881e-05,-0.0259662456812,-3.10300028847,1.74741432137e-06,0.00546993289074,0.116137452268,-3.35450220734e-06,-0.00225668715623,1.00230272084,-4.31699410664e-06,-0.00601365015396,-1.63428592368,4.4863152569e-05,0.038164826731,-4.39577571326,6.47106003215e-05,0.0461347666324,-0.822906411825,0.35600688039,-0.832908003242,-2.57180470751,-1.56157702861e-05,0.0159218289265,-0.240223026385,1.64680889743e-06,0.00184820428678,-3.32359015949,0.165559519327,-0.193459426634,-1.12995866205,0.00128399690077,0.131333468706,-2.62739712177,2.39968302808e-05,0.0204194362488,-4.00164008406,0.293276738271,0.107178406684
gradient,26,0.04,0.0499999970198,predicted,Actual proposal support boundary; monitored coordinates are pre-native endpoint forecast,True,50,-0.179187456277,0.587863763577,-0.0974569581413,0.041553518734,0.215376267705,0.0573471305855,5.91807539436,6.90247296226,0.0176699160307,-0.571418222472,2.25370324612,0.186778538925,0.260724253659,0.268202959546,0.255900132844,0.217587025863,4.64537346198,0.185669330548,0.722780828128,9.67717240077,3.17750087207e-08,0.000208145151878,9.11482534382,9.07450791055e-07,0.00136009779292,9.24656948607,1.65498506708e-07,0.000644073591946,8.18220147291,2.37411771429e-05,0.0114862856142,9.61373267728,5.83225943205e-08,0.000280482989874,9.24557823984,2.13713585121e-07,0.000681242872695,8.22391126109,4.50560726331e-06,0.00793899169649,9.24413499486,1.45835779109e-07,0.000616088992086,9.24769710175,1.82649397206e-07,0.000702944706967,8.66705747097,1.67321453844e-06,0.00307171827495,8.23070924398,1.18652746278e-05,0.00959273783428,8.63145891134,3.15477921367e-06,0.00373082764772,4.49225239902,0.211718668951,0.356119839721,8.74914062085,2.14185875307e-06,0.00312954550201,9.23209189117,2.54182230525e-07,0.000755586794061,5.44091517739,0.0439755208274,0.296843430854,7.32565328399,0.000290727804449,0.0629842442326,8.70252483668,2.60418018901e-06,0.00322671482395,5.31727432656,0.0462349708587,0.171282200839,1.50627154149,-2.77100692574,1.18769073486,-0.522926568985,-0.103740364313,0.293004205823,12.361357644,14.2475339475,-1.24779806835,-5.46527444177,6.148508488,-0.193358247737,-0.153006799344,-0.478019484626,-0.427195892028,0.114658639409,0.55841450912,-0.187082031341,-0.442442503012,-5.82767325447,1.01316594966e-06,0.00403348143642,-5.85509897823,3.25700059545e-05,0.0247675915074,-0.996249994235,1.99750308263e-06,0.00325129660159,-0.261647685294,5.04281125837e-05,0.00319580024037,-0.904326900097,2.69013942968e-07,0.000885848450356,-6.21264361426,9.2703634112e-06,0.0155883345431,1.86805058327,-4.56419059132e-05,-0.0420318131311,-3.4988380519,2.53073849127e-06,0.0071661978637,-5.48152081864,4.955696229e-06,0.0137783197006,1.38983753053,3.37081755577e-06,-0.00852396862183,-1.44105789975,6.35271357164e-05,0.0357848150809,-4.03013518321,7.45408593561e-05,0.0472478634393,-0.784770158312,0.268949313549,-0.799683611953,-5.13903745352,2.31195970818e-05,0.0426612013185,0.482908691551,-6.90294632916e-07,-0.00127523551553,-0.922260440597,0.0190922641621,-0.5815220649,-2.23696147728,0.0024166908341,0.261802485903,-2.53640765956,4.14682715034e-05,0.0246242091682,-2.62518717825,0.230318468588,-0.0965064715302
gradient,26,0.05,0.0599999986589,predicted,Actual proposal support boundary; monitored coordinates are pre-native endpoint forecast,True,50,-0.164840475529,0.56331958191,-0.0792985080147,0.0325640892601,0.22114772943,0.0594372556201,6.02907068224,7.03902259223,-0.0106633178329,-0.628979321351,2.29617069361,0.185404691449,0.259962820583,0.264646179873,0.25194868439,0.21727288145,4.64708493007,0.185799080118,0.719313238874,9.63761616826,3.98289592507e-08,0.000237668741596,9.04776388074,1.34346551867e-06,0.00167095987657,9.24708189741,1.74079795613e-07,0.00065261701356,8.18562449804,2.3922053935e-05,0.0113681998766,9.60245560494,6.06133303126e-08,0.000289441693711,9.16248291205,3.63787909247e-07,0.000915274711183,8.2442317704,4.07070141805e-06,0.00750581108382,9.20910567937,1.74096927002e-07,0.000692469536811,9.15653721295,2.99512569966e-07,0.000958868891352,8.69365300524,1.66746136609e-06,0.00287627259768,8.21533661673,1.26946645453e-05,0.0099795598813,8.59037900859,3.96680941727e-06,0.00423104813376,4.48522010485,0.213943684993,0.348932736343,8.67957472413,2.67328870928e-06,0.00376651605702,9.23717430471,2.41785110829e-07,0.000736892597455,5.44420512715,0.0435393099872,0.290395736533,7.30247222587,0.000314736805254,0.0658013407311,8.66353293586,3.46977344419e-06,0.0036479364092,5.30123789386,0.0478884025108,0.170385943646,1.40002266055,-2.46174853471,1.09892392159,-1.00968438387,0.0330358147621,0.221617769002,9.4764015936,7.31906719153,-0.515334273183,-3.16966488966,4.47270046322,-0.0200655775323,0.0208450029043,-0.26823364153,-0.312095391884,-0.104358734584,-0.375405543246,0.156348228606,-0.512875557696,-2.85587258702,6.47488968693e-07,0.00223208155798,-9.10270720677,7.06577999331e-05,0.0453198196129,0.569224620889,1.23598736816e-07,-0.000437887280384,0.337235474343,6.41124961985e-05,-0.0104821788761,-0.316575295426,5.56345284762e-08,0.000260278983586,-7.59053789363,1.79554072013e-05,0.0241181072031,1.35232063448,-2.9194755425e-05,-0.0287320427729,-2.34007073578,2.08905936641e-06,0.00545503821132,-6.58361326134,1.54292584199e-05,0.0222835572569,2.1320214906,-1.42112525708e-06,-0.0155604870414,-0.771598661434,4.67026357367e-05,0.0198321532667,-2.60540607947,5.33505318998e-05,0.0326829331981,-0.600379314971,0.163517166038,-0.500452456822,-6.95669818096,9.19566612852e-05,0.0715053465462,0.601934202162,-1.11721752715e-06,-0.00185148722126,-0.320135482655,-0.000208564118834,-0.564234773177,-1.29973333339,0.00108808822806,0.175859213617,-5.78500219262,0.000177374661061,0.0653557964868,-1.10723308513,0.124829984663,-0.137591685085
gradient,26,0.06,0.070000000298,predicted,Actual proposal support boundary; monitored coordinates are pre-native endpoint forecast,True,50,-0.151187003066,0.538628792883,-0.0754784797096,0.0213598310566,0.216036984,0.0617794859656,6.10760342624,7.04885430609,0.00736323056704,-0.634811520265,2.34315725539,0.186377227374,0.261141153717,0.262838286715,0.249658225006,0.215499851172,4.63786535111,0.18879629512,0.712523316974,9.62005494903,4.47247880946e-08,0.000252786783037,8.93277119969,2.32060678972e-06,0.00226649418518,9.25795397849,1.67970481445e-07,0.000635315846339,8.1889461824,2.50234270669e-05,0.0112766420367,9.60740117137,5.943528489e-08,0.000285688569546,9.09376748197,5.72821729146e-07,0.00116360501676,8.25095767377,3.92171215481e-06,0.00736435084103,9.19733358015,1.87616966437e-07,0.000725189756313,9.11602483652,4.91234565605e-07,0.0011486158521,8.70969790078,1.6447920333e-06,0.00276050853412,8.21527727076,1.27993273425e-05,0.00998938089961,8.57935078975,4.22178985166e-06,0.00438448631168,4.48024481272,0.214989012272,0.346110790584,8.61000665723,3.98099197877e-06,0.00455965243294,9.24413057522,2.31837879983e-07,0.000718557049636,5.43451246773,0.0439713495451,0.285558735391,7.29965861732,0.000312489569011,0.0665014285049,8.58682479283,6.15167341023e-06,0.00453383075368,5.29512966486,0.048731570552,0.168530367137,1.12142069759,-2.44867894682,-0.120888471603,-0.737444907427,1.24587342143,0.0883715141896,3.19507937478,1.83024094953,3.10921021356,1.11317579743,4.2839068264,0.135000421827,0.0892710810364,-0.113650975502,-0.158203780163,-0.135269690608,-1.30005029152,0.364142891436,-0.604002776617,-0.245349027691,1.29340296592e-07,0.000258912884429,-7.2186644013,6.39668238215e-05,0.0380471978359,0.792580045932,-5.12062186633e-07,-0.00129875288423,-0.399358414524,0.000185030812624,0.0121168631571,0.265200705112,-2.91924388466e-08,-0.000178060432986,-2.51244462084,8.79731864671e-06,0.00988026635486,0.165940566363,-1.35563898853e-07,-0.00168810891638,-0.368026920332,7.49757313668e-07,0.00155254748015,-4.20199686693,2.51871746537e-05,0.0214143941005,-0.106215003372,8.31421026925e-06,0.00149079565782,-0.813724064513,4.87847084114e-05,0.0201346222636,0.420356637013,-4.5152763605e-06,-0.00246770293587,-0.318179229014,0.131287407857,-0.0214735047391,-6.52373531272,0.000187130024934,0.0793550794069,0.304611090221,-6.06794720046e-07,-0.00110354100852,0.4054770344,-0.0468915211083,-0.548600182112,1.34643716081,-0.00202298458464,-0.124001584814,-4.87669402662,0.000210882535832,0.0591442445396,-0.497863193266,0.0614298119465,-0.227353753806
gradient,26,0.07,0.0799999982119,predicted,Actual proposal support boundary; monitored coordinates are pre-native endpoint forecast,True,50,-0.142412061577,0.514346002973,-0.0817162774467,0.0178151911116,0.246065197859,0.0612046859039,6.09297226973,7.07562741122,0.0515208864383,-0.606715805403,2.38184883014,0.188104699886,0.261748242204,0.262373160363,0.248784608787,0.214567487638,4.62108392424,0.193081937946,0.707233183342,9.63270918771,4.24157651826e-08,0.000242846999285,8.90339059271,2.6228019951e-06,0.00243190383329,9.26293349833,1.6383855188e-07,0.000626641955876,8.17763732975,2.76226701875e-05,0.0116105371397,9.60775961904,6.00294815357e-08,0.000285880485051,9.11223401963,5.39734282182e-07,0.00111288003828,8.24755058173,4.06799014007e-06,0.0074720489055,9.20174514097,1.89092073275e-07,0.000723520486414,9.07249727561,8.03256063039e-07,0.00138715677336,8.69152870517,1.83374557148e-06,0.00290608851084,8.19906213544,1.36703587136e-05,0.0103822523266,8.59878614133,3.87650389006e-06,0.00418169407505,4.47885652027,0.216569433151,0.348503266248,8.54910001787,6.41588920795e-06,0.00535361764516,9.24326652651,2.29649216428e-07,0.000714821777284,5.45231466783,0.042601479565,0.279423732891,7.32940096908,0.000274277113561,0.0633213090348,8.56599905533,7.68742416083e-06,0.00483082129999,5.29128062999,0.0491169987497,0.16583886857,0.578854389546,-1.35687385327,-0.380362272263,-0.364014148712,2.97836667299,0.0599382563738,-1.90800518466,4.84957497067,3.39608237501,1.57459119819,4.79928864134,0.108919659043,0.0403017973088,-0.00889023774815,-0.0763934363547,-0.106798753398,-1.43024313062,0.362789026496,-0.47913815785,1.70444755039,-2.97685873247e-07,-0.00125979074049,-1.34071404715,1.1501981134e-05,0.00692129776989,-0.0823660817017,2.66408205598e-07,0.000458099353648,-1.27860880089,0.000246744557607,0.0367608103413,-0.878027897189,3.81247312942e-07,0.000939501055825,1.73427533258,-3.33457986925e-06,-0.00486523030399,-0.0087631408586,5.75626714267e-06,0.00274308136323,-0.145954098927,6.02025704447e-07,0.0010854641259,-3.54962425635,2.67588140798e-05,0.019595348171,-1.75768095738,1.92793040314e-05,0.014822064267,-1.61246843504,8.73381302584e-05,0.0404193192501,1.72569213758,-2.7762838691e-05,-0.0173422538306,0.0399652492932,0.0844493692771,0.300185839697,-5.03883343393,0.000231982345002,0.0672587291193,-0.999814961869,1.35465251658e-06,0.00222233904912,2.62331835937,-0.180764415518,-0.556414178027,2.29291653133,-0.00288504587551,-0.243233278401,-1.04000707554,9.34285487994e-05,0.0160367018617,0.148303738736,0.00386519501153,-0.210673609443
gradient,26,0.08,0.0899999961257,predicted,Actual proposal support boundary; monitored coordinates are pre-native endpoint forecast,True,50,-0.139609915275,0.511491315817,-0.0830857251549,0.0140795480823,0.27560431746,0.062978251093,6.06944332254,7.1458458055,0.0752848780672,-0.603319696301,2.43914302821,0.188555620555,0.261947189663,0.26266048196,0.248130356279,0.213363876104,4.6092604885,0.19605207565,0.702940553817,9.65414390004,3.87710706297e-08,0.000227590968228,8.90595691875,2.5506464124e-06,0.00240492014058,9.25630665685,1.73298645557e-07,0.000644477833412,8.16337400638,2.99583182191e-05,0.0120118582435,9.58984061343,6.70602311488e-08,0.000304478590662,9.12845298862,5.06130131761e-07,0.00106630041068,8.25078241096,4.03683749766e-06,0.00741921246829,9.19441449817,1.99657480526e-07,0.000746899038831,9.04503235139,1.0264108472e-06,0.00154052281552,8.67454428164,2.03037811393e-06,0.00305694981946,8.18302790205,1.45460899477e-05,0.0107977672846,8.6138646325,3.66653307784e-06,0.00403764123507,4.48104411771,0.216677999657,0.352114507378,8.50922998855,8.6206388788e-06,0.00590482701532,9.22413427598,2.58930930314e-07,0.000763003830618,5.48697883492,0.0403560612347,0.27443045183,7.34551694795,0.0002547886515,0.0616367629369,8.56602465132,8.02024438622e-06,0.00485456479092,5.29809573963,0.0488088744522,0.164316894948,0.297419001656,-1.44023251281,-0.444652080536,0.599193185568,2.49493119121,0.111560027273,-2.18600919392,6.84565211478,1.47098604019,0.248499421637,5.57397338352,0.00657182617028,-0.0172274942492,0.0134734014717,-0.0433050980714,-0.0831695176392,-0.287775735759,0.0871140472176,-0.273440588689,1.9505291686,-3.35047424239e-07,-0.00138413092052,1.01019314315,-1.46533519407e-05,-0.00686585637987,-1.68920337608,1.89707304024e-06,0.00385958365495,-1.69564663589,0.000255681635235,0.0462366430679,-2.09660999793,9.46306760104e-07,0.00240647565408,1.92946441276,-3.8834265466e-06,-0.00537685864669,-0.0861254194351,3.90812869526e-06,0.00311682745238,-0.65351422027,8.74427720397e-07,0.00200678311554,-0.987762876813,1.07590154645e-05,0.00665257292598,-1.4668895057,1.72876765371e-05,0.0134059520623,-1.73497674569,0.000100368777256,0.0452991978757,1.86451142891,-3.01358540027e-05,-0.0194469665485,0.0706080885234,0.0657890898845,0.365738766716,-1.7860896226,0.000113975966782,0.0250030633268,-1.65400533468,2.99598783392e-06,0.00460301085953,3.03387718325,-0.187552005356,-0.228363611178,1.65151418855,-0.00184856802319,-0.1748447667,0.662122837321,-2.16731941023e-06,-0.00592137044489,0.248888518358,0.000155736274279,-0.0805968340649
gradient,26,0.09,0.0999999940395,predicted,Actual proposal support boundary; monitored coordinates are pre-native endpoint forecast,True,50,-0.136463681544,0.485541352717,-0.0906093190575,0.0297990548229,0.295963821683,0.0634358864494,6.04925208586,7.21254045351,0.0809406072422,-0.60174581697,2.49332829781,0.188236136409,0.261403692319,0.262642628392,0.247918506826,0.212904097285,4.61532840952,0.194824218891,0.701764371568,9.67171977108,3.57148166978e-08,0.000215164380874,8.92359445558,2.32973495629e-06,0.00229458670569,9.22914943081,2.01780012685e-07,0.000703833628975,8.14372439703,3.27363028922e-05,0.0125352700011,9.56582741908,7.89556167378e-08,0.000334009998133,9.15082330789,4.62065751249e-07,0.00100534286535,8.24582807334,4.14615271398e-06,0.00753438545454,9.18867485656,2.06580627683e-07,0.000763656148725,9.05274201807,1.01843637233e-06,0.00152020823188,8.66219091506,2.17949910222e-06,0.00317420755208,8.16436260053,1.56777342587e-05,0.0112882362841,8.63607636991,3.27378681001e-06,0.00379275474408,4.48026868204,0.217885214948,0.355818041583,8.51337822542,8.69540854359e-06,0.00585367891169,9.21018641982,2.89568973107e-07,0.000806881994475,5.5129922115,0.0388504394579,0.274856460668,7.36243125285,0.000237305753098,0.0598244137008,8.57924151208,7.64407777262e-06,0.0047123938911,5.29625840036,0.0491201134752,0.164226931888,0.341821531025,-0.936812882549,-0.823897242546,0.781850993633,1.05653223395,0.0154278093213,-0.439672356833,3.74513674128,0.0303963541695,-0.195615186924,4.43069413036,-0.0355452122309,-0.0383034124266,-0.00344160366753,-0.0146987501208,-0.0280250404261,0.977818329658,-0.170930813487,-0.0740644524919,1.73103785846,-3.12058886332e-07,-0.00124639533249,0.452820796064,-7.79352777147e-06,-0.00334752324168,-2.33627763154,2.50500477592e-06,0.00527840290107,-1.72415628802,0.000233355883537,0.0461954910955,-1.4978718198,7.45833236364e-07,0.00188533745586,0.831773062354,-1.38813441841e-06,-0.0020284887242,-0.547199277702,1.04577158002e-05,0.0120202400153,-0.330161883397,4.20493338149e-07,0.00101981882885,0.419133582917,1.88574387758e-07,-0.000828685216099,-0.78872075535,8.82738998701e-06,0.00700145647901,-1.16534755982,8.52904020404e-05,0.031500722494,2.46489814251,-4.13466434895e-05,-0.0264112046797,-0.420255980318,0.171044578213,0.212251310668,-0.151209429939,2.43200279734e-05,0.00239345409653,-0.519172382833,1.5545068695e-06,0.0020435426651,2.32466574406,-0.132313096912,0.0782256410749,1.11428765031,-0.00106945203864,-0.123236424313,-0.0542479995374,9.12253479334e-06,0.00126107598915,-0.281598723152,0.0328368576276,-0.0200142489705
gradient,26,0.1,0.109999999404,predicted,Actual proposal support boundary; monitored coordinates are pre-native endpoint forecast,True,50,-0.132773484655,0.492755058166,-0.0995636700058,0.029716567955,0.296734962139,0.0632868072795,6.06064987541,7.22074854033,0.0758928051506,-0.60723200004,2.52775691082,0.18784471631,0.261181121414,0.262591649887,0.247836381276,0.212803375295,4.62881685509,0.19263345938,0.701459264767,9.68876465721,3.2529892903e-08,0.000202663061578,8.91501333467,2.39477585697e-06,0.00233796967575,9.20958110422,2.23398741075e-07,0.000750045891433,8.12889088062,3.46254358898e-05,0.0129357680654,9.55988317703,8.19768958761e-08,0.000342185339779,9.14508844987,4.78367443393e-07,0.00102573063619,8.2398384254,4.24599181366e-06,0.0076596172686,9.1878112605,2.08067347289e-07,0.000767295415408,9.05341502305,1.03018233496e-06,0.0015239491112,8.65876986653,2.20692591367e-06,0.00319697894904,8.15972095086,1.62518979885e-05,0.0114277817345,8.66316259535,2.83960020805e-06,0.00350941714148,4.4726389981,0.220098891221,0.356359533592,8.50620579995,9.10703943827e-06,0.00595269609725,9.21375082832,2.90021067704e-07,0.00080387468392,5.5334721498,0.0377097992965,0.275994964652,7.36780270096,0.000233399610728,0.0591720344507,8.56493969133,8.20269508208e-06,0.0048797863107,5.29246376517,0.0494656116048,0.163916609969,0.489706679484,-0.373059323433,-0.664383888245,-0.236182242632,-0.317576676607,-0.0460221768417,1.45463174572,-2.4563775738,-0.193485388246,-0.111417484787,1.18146206441,-0.0178303761316,0.00438328088616,-0.00561976510442,0.0339245965876,0.0294314816337,1.1640054865,-0.169446041635,0.0737220741192,1.60972924902,-2.92261009745e-07,-0.00116952506028,-1.20836907705,1.11305183141e-05,0.00665209659952,-1.03241168294,9.29844217161e-07,0.00230644642596,-0.965862307678,0.000120653535875,0.0266255943583,-0.181533693799,9.74163929183e-08,0.000338845398711,-0.770064740698,2.02426859185e-06,0.00259026339797,-0.426232739516,6.14363304463e-06,0.00868797205533,-0.00129255158015,1.28061792863e-07,0.000204422414926,-0.14700591182,1.87472567912e-06,0.00112185863006,-0.249103423365,1.70280593317e-06,0.00141622159211,-0.21770552384,4.27157898685e-05,0.00733455466225,2.20527528473,-3.52973784793e-05,-0.0231617412921,-0.584893319537,0.168708880281,0.017138454147,-0.96710143249,4.9603822952e-05,0.0134325503256,0.441748188493,-2.52737796956e-07,-0.000610171667147,1.42039233693,-0.0769532922444,0.147402550691,0.316077238349,-0.000214427355577,-0.0386165451057,-1.47388816257,6.05256043226e-05,0.0175910018197,0.050002226624,0.00757750359393,-0.0266662315236
gradient,26,0.11,0.119999997318,predicted,Actual proposal support boundary; monitored coordinates are pre-native endpoint forecast,True,50,-0.126669547954,0.478080166249,-0.103896996822,0.0250754099703,0.289612288151,0.0625154429125,6.07834472077,7.16341290204,0.0770708994772,-0.603974166666,2.5169575391,0.187879528887,0.261491357937,0.26253023309,0.248596998757,0.213492726918,4.63860851925,0.191435298058,0.703238813051,9.70391435606,2.98695965029e-08,0.000191773879669,8.89942707404,2.55234532257e-06,0.00242762863768,9.20850119715,2.20376897028e-07,0.000749962557494,8.12440715088,3.51493736097e-05,0.0130677818882,9.56219674521,8.09039445961e-08,0.000340786906107,9.13542201307,5.02551123086e-07,0.00105714813331,8.23730341855,4.26902537487e-06,0.00770814489565,9.18864900553,2.09141863541e-07,0.000767744597024,9.04980189984,1.05593088591e-06,0.00154264540448,8.65720884659,2.21355522088e-06,0.00320253198392,8.16000849005,1.6532050056e-05,0.0114349273773,8.6801818756,2.56783924042e-06,0.00332951991824,4.46857081565,0.221259392554,0.356160810666,8.49403619677,9.68748500263e-06,0.00612232991821,9.21902138359,2.84514217167e-07,0.000794678561132,5.54140005824,0.037311373613,0.277804511681,7.36875279762,0.000233017205986,0.0590520827987,8.54976374883,8.85458985908e-06,0.00506421392749,5.29725844489,0.049271663547,0.163693607258,0.665760302472,-1.78346804986,-0.0416234731675,-0.0827032327653,-1.38198977709,-0.0691384837509,1.75312808376,-9.76985347134,0.702275954375,1.12877867112,-3.40055800616,0.0303817967014,0.0943661895144,0.0272780642763,0.149399860907,0.0599688582507,0.264719144209,0.0408025199321,0.120738465947,0.862502020931,-1.45876353113e-07,-0.000624652741003,-0.512427929776,3.08820692669e-06,0.0023932364905,-0.134016212793,-1.67117355912e-07,0.000232537768103,-0.233684686176,2.5695035108e-05,0.00750903271935,2.26390004061,-9.132088786e-07,-0.00228889456222,-0.334086133779,8.85316174285e-07,0.00115262705337,-0.0328370426895,-2.37952563246e-06,-0.000425861567964,-0.30836497817,5.20017919327e-07,0.000985447676913,-0.313962948423,2.22211909798e-06,0.00161119515123,-0.38297051123,5.03662551317e-06,0.00342422832628,-0.322061181476,5.11709406128e-05,0.0102380208281,0.869373824068,-1.64786045219e-05,-0.0104265270424,0.370585135129,-0.0647065954069,0.0874082617337,-1.07790851993,5.94688493899e-05,0.0150662423244,0.945290362924,-1.39365842485e-06,-0.00203140691952,0.45544877688,-0.0181620273816,0.297719178822,0.103215468444,-8.27732636741e-05,-0.0124379389105,-0.757898116733,3.5689337327e-05,0.00956936945445,0.276744497324,-0.0052239686327,0.00460145419021
gradient,26,0.12,0.129999995232,predicted,Actual proposal support boundary; monitored coordinates are pre-native endpoint forecast,True,50,-0.119458278606,0.457085697169,-0.100396139469,0.0280625032997,0.269095166597,0.0619040376044,6.09571243708,7.0253514709,0.0899383242381,-0.584656426617,2.4597457507,0.188452352244,0.263068445205,0.263137211172,0.250824378494,0.21400275246,4.63411123798,0.193449509779,0.703874034086,9.70601469763,2.96123658408e-08,0.000190170006758,8.90476477607,2.4565399955e-06,0.00238583440556,9.20690077997,2.20056393957e-07,0.000754696646795,8.12421718689,3.5139336592e-05,0.0130859487198,9.60516117784,6.37127183041e-08,0.000296407448535,9.13840672719,4.96073766879e-07,0.00104878317726,8.23918168455,4.19840130101e-06,0.00765110003724,9.18164396094,2.18467705676e-07,0.000787004368946,9.04713576408,1.07462471692e-06,0.00155617301423,8.6511104563,2.30765842393e-06,0.00326546351557,8.15327972723,1.72753168008e-05,0.0116325421511,8.68055007184,2.51002811762e-06,0.00330088660063,4.4800507008,0.218804759313,0.358107698826,8.48464762955,1.02964164261e-05,0.00625402094374,9.23265663558,2.62147899207e-07,0.00076324654553,5.54258112534,0.0373465587488,0.281949348228,7.36986701033,0.000231744145454,0.0589232756724,8.54978172899,8.91648182862e-06,0.00507117369979,5.29799865511,0.0493611322321,0.164008639053,0.233592671264,-0.697376535637,0.431732535362,0.613169342279,-2.15923339128,-0.0218007612394,4.56119640695,-13.5672822397,1.38219100058,2.65691197228,-4.16446176949,0.0416377030441,0.124593596375,-0.0119167464961,0.174773129049,0.0885118714981,-0.572518163759,0.205184120288,-0.100741238452,-0.335310413207,6.55716355074e-08,0.000205438206816,0.037302504017,-3.28919686614e-06,-0.00100670483586,-1.19055326051,1.30182983271e-06,0.00327634488087,-0.210564893581,3.03217565641e-05,0.00704725648168,5.22959995169,-1.70524354731e-06,-0.00484794542329,0.111251041634,-2.13738671296e-07,-0.000270101310795,0.162412777845,-5.83760188294e-06,-0.00473346633353,-0.846592838401,1.09242389264e-06,0.00231337595335,-0.490956747561,3.268660313e-06,0.00236231981123,-0.612218091192,9.59364279715e-06,0.00661559458019,-1.19100746671,0.000103663875744,0.0333707776451,-0.27450676931,-2.04228384987e-06,-9.78847288823e-05,1.55719632949,-0.341430339746,0.252295906143,-1.20810199904,7.41031373203e-05,0.0171261368884,1.01107303499,-1.33507997632e-06,-0.00196125249722,-0.243481689228,0.0247135684266,0.441699340781,0.322509372127,-0.000351064325078,-0.0339733207191,-0.223474025215,1.44309751206e-05,0.0033856828572,-0.386629998494,0.0384485451988,0.032602492832
gradient,26,0.13,0.140000000596,predicted,Actual proposal support boundary; monitored coordinates are pre-native endpoint forecast,True,50,-0.121997694529,0.464132635536,-0.0952623461151,0.0373387968159,0.246427620325,0.0620794276877,6.16956864891,6.89206725724,0.104714719489,-0.55083592722,2.43366830371,0.188712282947,0.263983229864,0.26229189816,0.252092461338,0.215262964347,4.62715815598,0.195538980464,0.701223988282,9.6972081478,3.11810292131e-08,0.000195882643805,8.90017312412,2.48656138525e-06,0.00240749454096,9.18469013194,2.46413493682e-07,0.000815489455111,8.120195853,3.5755808741e-05,0.0132087270179,9.66678874424,4.679907365e-08,0.000243827997641,9.13764703391,4.98276349661e-07,0.00105174610709,8.24055167411,4.15227333721e-06,0.00761347556898,9.17171714876,2.30990341393e-07,0.000814012116091,9.03998276488,1.12130409217e-06,0.00158989180071,8.64496448476,2.40542807683e-06,0.00333484387553,8.13618834072,1.86053275709e-05,0.0121023429302,8.67469174021,2.52699356343e-06,0.00332756222366,4.49971474224,0.214430785759,0.361206728788,8.46987415679,1.1169547749e-05,0.00646485265597,9.23924284429,2.57812617641e-07,0.000755453511187,5.53653042445,0.0378056449815,0.286638498497,7.37520298506,0.000225995919484,0.0583726163843,8.54529426832,9.14320936149e-06,0.00513192758463,5.28952584492,0.050040634451,0.164345657114,-0.380508676018,0.130440144922,0.338806629181,0.546426177025,-2.60484969616,0.0736443994983,8.21564044097,-12.9996550567,0.550354587739,3.21358849504,0.263046907937,0.0172496476409,0.102241596262,-0.0126275146273,0.101770147642,0.0275981563556,-1.03247377235,0.251271126815,-0.502995646621,-0.36869376672,7.01738413642e-08,0.000232790875933,-1.07081412973,1.04938381458e-05,0.00608396502428,-3.44473047861,5.11892259246e-06,0.0103676521679,-1.01298658357,0.000151778010035,0.028618388213,6.65479542031,-1.43825843695e-06,-0.00490742277113,-0.635334413446,1.5505700583e-06,0.00201465154013,-0.120383124698,5.8397697162e-07,0.00186086892036,-0.758950120589,9.63367951187e-07,0.00207214262178,-0.846709328353,5.82420665801e-06,0.00415713738878,-0.298459595206,5.41483373982e-06,0.00356851920671,-1.74573866295,0.000148164047847,0.0498494115013,0.350910648851,-9.10215586241e-06,-0.00567665240022,2.09235557927,-0.461653574559,0.322573118504,-1.67910053998,0.000104125902766,0.0244300769453,0.867830392179,7.77568175365e-08,-0.00071708501066,-0.0919870531279,0.0134418069019,0.383563081914,0.306751755982,-0.000384451407544,-0.0299229552194,-1.29003563984,6.01505065527e-05,0.0163329957173,-0.887344177818,0.070587710164,0.0378717143004
gradient,26,0.14,0.149999991059,predicted,Actual proposal support boundary; monitored coordinates are pre-native endpoint forecast,True,50,-0.127068452126,0.459694500068,-0.0936200068855,0.0389910268402,0.216998172674,0.0633769255944,6.2600252459,6.76535836977,0.100945415993,-0.520384656717,2.46500668886,0.188797345197,0.26511327713,0.26288466088,0.252859781447,0.214554715587,4.61346176253,0.198474932315,0.693814121153,9.69864082229,3.1015842668e-08,0.000194825824276,8.88334849348,2.66641675842e-06,0.00250751370604,9.13800617039,3.22434845806e-07,0.000962049690152,8.10395745522,3.81748967927e-05,0.013658316484,9.73825708625,3.4947549565e-08,0.000198258993112,9.12570003893,5.27085168045e-07,0.00108907620806,8.23677402206,4.21008084045e-06,0.00768831741565,9.16646495852,2.377350647e-07,0.000828447221381,9.03020157752,1.19110885008e-06,0.001639315762,8.6451412644,2.41595509873e-06,0.0033368338997,8.11836495397,2.02385977577e-05,0.0126295303811,8.68756828481,2.32798500037e-06,0.00318735355262,4.52189781239,0.209571687822,0.364559161196,8.45106561875,1.23789344814e-05,0.00674262248265,9.25001324343,2.63703035558e-07,0.000748904845317,5.54074138428,0.0376153948869,0.289620609866,7.37600204545,0.000224055117303,0.0583248165681,8.5239810162,1.01194919597e-05,0.00539783361413,5.28025177156,0.0507728864354,0.164766073339,0.0967236271888,-0.434575102539,0.0309315919875,0.104367807508,-3.10980135202,0.233297219642,12.0283147521,-11.7033682027,-1.18705204501,2.45102013272,6.46767272912,-0.0136244096206,0.102807480836,0.00935983262366,0.0347462014863,-0.104865725913,-1.46315197199,0.206909588393,-0.872160118294,0.211494710917,-2.07137230269e-08,-0.000129856384475,-2.02540615938,2.199957023e-05,0.0121303789016,-6.26034940229,1.32459497415e-05,0.021981190562,-1.49565659412,0.000222715590563,0.0414777773466,5.69998134217,-6.34441870779e-07,-0.00281522145963,-1.88774903848,4.61412260556e-06,0.00590968497125,-0.441916048923,7.129004388e-06,0.00894787337796,-0.275863213505,2.62604887223e-07,0.000681783008256,-1.17378852121,8.66316491084e-06,0.00598210062543,0.327625405955,-4.62302291913e-06,-0.00321609921211,-1.86677036461,0.000169772054573,0.0564820497994,1.40920082377,-2.00504900912e-05,-0.0146624104521,2.21454268789,-0.51914157508,0.289394527445,-2.03151357205,0.000137661400938,0.0302736739938,0.57327818249,3.04672517902e-06,0.00188779935785,0.458193912558,-0.0234836541698,0.286612944329,-0.0382401043238,-9.85290466538e-05,0.0076989606574,-2.82516273935,0.000132761166264,0.035767787528,-0.822836946357,0.0674207420896,0.0350226745469
gradient,26,0.15,0.159999996424,predicted,Actual proposal support boundary; monitored coordinates are pre-native endpoint forecast,True,50,-0.120063221985,0.455441133485,-0.0946437142754,0.039426152966,0.184231593285,0.0667453720806,6.41013494395,6.65799989319,0.0809736785887,-0.501815524566,2.56302175829,0.188439794755,0.266039379481,0.262479094813,0.252787385368,0.213165649829,4.59789511654,0.199677172232,0.683780785916,9.70143804201,3.07667547525e-08,0.000193285516116,8.85966500093,2.92655278985e-06,0.00265010211899,9.05948314389,5.11332488512e-07,0.00125511326635,8.09028272112,4.02101205522e-05,0.0140382825648,9.78078837109,3.41102362344e-08,0.000187523568449,9.09989205314,5.90558801772e-07,0.00116993980652,8.23171335313,4.29485342497e-06,0.00779243303654,9.16619988449,2.36242439138e-07,0.000827647776256,9.01650699446,1.29456739039e-06,0.00170953381322,8.65151699288,2.31296761844e-06,0.00327052189129,8.09885293342,2.20007686624e-05,0.0132319839262,8.70287575669,2.1259837616e-06,0.00303431401462,4.544005596,0.204047954257,0.366994619337,8.42924388535,1.39227757678e-05,0.00707032613585,9.25070840794,3.18747121221e-07,0.000793209498344,5.5456943027,0.0373359718981,0.292370757384,7.37443818298,0.000224025338551,0.0585265955974,8.48879101353,1.17984326868e-05,0.00584728333519,5.273069106,0.0513890492928,0.165046110605,0.186662823096,-0.14139275634,0.328078627586,0.16818022728,-2.43779736757,0.364008628101,14.1006021621,-6.04002768683,-1.65071022554,0.894685214633,9.8047617626,-0.0481805453755,0.0667628505015,-0.0949101948801,-0.0246022146508,-0.158424901087,-1.73419012391,0.0697633506936,-0.821469969747,-0.174326613353,6.09735670689e-08,0.000172316130228,-1.49885776965,1.4670938043e-05,0.0085470055718,-6.62919656778,1.89515966767e-05,0.0270436615303,-0.826311456596,0.000125162823218,0.0235000814794,-0.522256334662,1.06491734528e-06,0.00253476624973,-2.46358878132,6.18253093236e-06,0.00781602300036,0.18765888674,-5.80063024117e-06,-0.0053499207294,-0.450752271583,4.01861341109e-07,0.00104382131365,-1.68734831787,1.31588945664e-05,0.00876180379788,0.805472303843,-1.15059217074e-05,-0.00799392422456,-2.44182162255,0.000251159199633,0.0773737841188,0.559292088184,-9.05032728595e-06,-0.006445523169,2.14783639812,-0.61644495077,0.298223425568,-2.17411690258,0.000176191753204,0.0328933510686,-1.7841923701,1.0866384346e-05,0.0102891189991,0.431906395801,-0.0227958818125,0.178501859608,-0.439136043437,0.000299861910506,0.0471972682501,-3.13171377657,0.000162970188817,0.0413974286657,-0.741854371899,0.0571552330712,0.00332505477254
gradient,26,0.16,0.170000001788,predicted,Actual proposal support boundary; monitored coordinates are pre-native endpoint forecast,True,50,-0.123335195664,0.456866644941,-0.0870584343338,0.0423546313858,0.168242225323,0.0706570981564,6.54203728914,6.64455781603,0.067931211482,-0.502490952424,2.66110192411,0.18783373429,0.26644853414,0.260986456982,0.252367737154,0.211386217566,4.57877796005,0.199870199329,0.677384721759,9.69515429003,3.22353140094e-08,0.000198272146881,8.85337133808,2.95983551928e-06,0.00267845381748,9.00542223904,7.0146677934e-07,0.00150292292076,8.08743122609,4.0678153257e-05,0.0141283181136,9.72781195956,5.62458964706e-08,0.000248954318107,9.0764282633,6.50735786692e-07,0.00124539666807,8.24052719979,4.09406823562e-06,0.00758131900106,9.15744991309,2.45772291522e-07,0.000849323647654,8.99645461116,1.4542867414e-06,0.00181455183796,8.66125071048,2.18583666458e-06,0.00317695541521,8.06952852152,2.52617817504e-05,0.0141770060635,8.69875412658,2.14697845465e-06,0.00305844308924,4.56485454035,0.197242788807,0.370523629708,8.4075832807,1.59027695455e-05,0.00740048950402,9.21432939602,4.81030722478e-07,0.000954687225298,5.54937951219,0.0371594772506,0.293190647059,7.36721932458,0.000230052355513,0.0592687619331,8.46134674066,1.3378895736e-05,0.00622578218745,5.26541468412,0.0519159910968,0.164832574434,-0.263674202406,-0.392139190228,0.8276283741,0.334366127849,-1.10443031788,0.221720348168,7.12414088121,1.19875119509,-1.08749404119,-0.937375332627,7.29264407914,-0.0615321277139,0.0599648120712,-0.105772851904,0.0110365816731,-0.144714004422,-1.85612575797,0.027852869275,-0.389076134312,-0.851122806889,1.75175275697e-07,0.000626495411341,1.42002968134,-2.05370246402e-05,-0.0102314688003,-3.02113205728,1.06147652389e-05,0.0142417090661,0.43874621805,-8.1595656911e-05,-0.0120954850264,-5.49439864003,2.44531615848e-06,0.0063173424209,-1.46374518492,3.6068784245e-06,0.00446639646438,0.991000729579,-2.21334138903e-05,-0.0235647508669,-0.934019490215,1.07854187785e-06,0.00236643131553,-0.60601756249,7.52778029161e-06,0.00390779853182,0.950207649073,-8.28368323216e-06,-0.00878879096607,-2.97783849507,0.000407901132599,0.0993132206948,-0.897790707582,8.21896036063e-06,0.00725832146079,1.53042222201,-0.555932869363,0.268135931525,-0.407425044752,0.000115793111441,0.00512132215202,-2.54957388544,1.26336946658e-05,0.0119279079085,0.0168966948679,0.00538650430078,-0.0236801402304,-0.825591315408,0.000701313036402,0.0860293403247,-2.17149225339,0.00013063137002,0.0305573115406,-0.697740162276,0.0405514135294,-0.00171732923493
gradient,26,0.17,0.179999992251,predicted,Actual proposal support boundary; monitored coordinates are pre-native endpoint forecast,True,50,-0.125336706033,0.447598349681,-0.0780911467934,0.046113475523,0.162142986927,0.0711797790439,6.55261776158,6.68197491709,0.0592237977649,-0.520563031218,2.70887463988,0.187209152201,0.267238675722,0.260363637774,0.253008117002,0.210271369741,4.56077260138,0.200234229617,0.675999263229,9.68441558588,3.42702602665e-08,0.000205815424343,8.88806559456,2.51581229704e-06,0.00244547274299,8.99906050275,7.23627793291e-07,0.00153994744767,8.09905764548,3.8578207414e-05,0.0137963728643,9.67090039829,8.30165594041e-08,0.000313870416867,9.07061714944,6.62696370262e-07,0.0012592677358,8.25153336772,3.85218514716e-06,0.0073211380192,9.14751949469,2.57813276695e-07,0.000874976402567,9.00438664321,1.44512299622e-06,0.00178768978385,8.67052114587,2.1472939538e-06,0.00309474607196,8.03929616352,3.01587913143e-05,0.0152182483401,8.68491994254,2.29036296881e-06,0.00317948044383,4.57461404044,0.19292929687,0.372357337968,8.42109538446,1.62386379966e-05,0.00717275257889,9.19971693023,5.71421014538e-07,0.00103176765651,5.5460322366,0.0374437019842,0.291897154579,7.35792635667,0.000238051599279,0.0602471824039,8.44536116847,1.44110600872e-05,0.00645842956601,5.25911430275,0.0522000775634,0.165011764021,-0.346191818108,1.00333086338,0.729255437851,0.563376605511,-0.632077515125,-0.258998321327,-10.0964852048,-0.637149088402,-0.826722929781,-0.164796704428,-4.58132722077,-0.0340162467172,0.214329357605,0.0878090033155,0.267385263563,-0.1221316854,-1.26551025932,0.0866916639621,0.374612165269,-0.499374075343,9.72216442539e-08,0.00034415964487,10.8411714377,-0.000100142017361,-0.0612298061524,1.95342005,-6.71571036533e-06,-0.00786366708064,1.53981430578,-0.000261494669456,-0.0436781190302,-7.47588980033,4.17179317751e-06,0.00901271148357,2.99937758806,-1.04723505633e-05,-0.012029786051,0.583575394173,-1.54208612293e-05,-0.0159792898352,-0.402810533226,5.24608448962e-07,0.00110726314046,2.21372371785,-6.73248068588e-06,-0.00787251672511,0.509128112179,2.98460449622e-06,-0.00452101228036,-1.56776622254,0.0003237879756,0.0561320735322,-1.05573046248,7.82967783628e-06,0.00790342303289,1.33309400063,-0.43620709267,0.415365910677,3.70372137261,-4.37555525162e-05,-0.0541071420026,-2.18602761179,1.00801822613e-05,0.0091067732966,-0.74801429022,0.0650885884052,0.111428345182,-0.53994333655,0.00046303187075,0.0541667257474,0.780202211396,-5.34192507559e-05,-0.0103100102824,0.0417102016891,-0.00899503432705,0.00976422035086
gradient,26,0.18,0.189999997616,predicted,Actual proposal support boundary; monitored coordinates are pre-native endpoint forecast,True,50,-0.130259032026,0.476933262208,-0.0724733255768,0.053622163496,0.15560067502,0.0654771317299,6.34010758505,6.63181483426,0.0513967528864,-0.505786886512,2.56947537969,0.187153409355,0.270735121292,0.262742637048,0.257715442426,0.208943583858,4.55346775487,0.201604032608,0.684876965064,9.68516680852,3.41797468945e-08,0.000205155339778,9.07019476684,9.56995172054e-07,0.00145385769443,9.04449064004,5.67152572033e-07,0.00134564957915,8.11822751221,3.54482598679e-05,0.013254755733,9.57829416355,1.39681760021e-07,0.000429208547778,9.13641581506,4.41288775427e-07,0.00100480094705,8.25219870767,3.78565101104e-06,0.00726173320435,9.14939370243,2.56264460501e-07,0.000871468910464,9.04072908551,1.31963712769e-06,0.00165710150346,8.67143327272,2.2455287545e-06,0.0030865351696,8.03817319707,3.17375412624e-05,0.0152996475341,8.67763951733,2.30357201137e-06,0.0032165115499,4.59151642036,0.188518646953,0.378830947921,8.48165770815,1.50276584951e-05,0.00631834666397,9.17060884379,6.82634367705e-07,0.00113682269123,5.53441922639,0.0384612490187,0.295419213962,7.35642045785,0.000239312992928,0.060352096448,8.47695078489,1.23105107209e-05,0.0060195819818,5.26624888815,0.0517360904103,0.165027858841,-0.254597321881,1.91362173468,0.627282261848,0.360617667437,0.705950081348,-0.721915005498,-10.3793744412,-5.29429320002,1.74929550125,2.96378977488,-13.8120856037,-0.0246872076084,0.175183004848,0.109842891728,0.326300229953,-0.0607610215513,-0.525526853344,0.121476131602,0.788256238804,0.367518537304,-3.46329578237e-08,-0.000210878474793,9.72929645484,-8.1183974098e-05,-0.0523148064047,5.9381488246,-1.74208423126e-05,-0.0241361285672,1.85202698677,-0.000252491685835,-0.0496998858251,-10.8123398079,9.29186304018e-06,0.0159665326355,3.60805623203,-1.15606431847e-05,-0.0134935792886,0.216941948218,-4.00661163797e-06,-0.00543325220448,0.507434503571,-5.53962389227e-07,-0.00116074810065,0.519149492937,3.59697701457e-06,-0.000253558886188,-0.761648493348,1.72332548693e-05,0.0068903197036,-1.32607623435,0.00030053660845,0.0484905669963,-0.639747956693,-1.21229229302e-06,0.00199337879024,1.93406388691,-0.449605173748,0.794844062919,1.08988002225,9.52550197678e-05,-0.0155460823153,-3.78275613159,1.52100425164e-05,0.0137481601113,-1.06433316034,0.0856594852587,0.331937104702,0.723091068254,-0.000603932946517,-0.084498307899,3.02042036726,-0.000172963417272,-0.0406599674092,1.23866964712,-0.0654781457187,-0.0137104401583
gradient,26,0.19,0.199999988079,predicted,Actual proposal support boundary; monitored coordinates are pre-native endpoint forecast,True,50,-0.130428652471,0.485870784374,-0.0655455015564,0.0533258288717,0.176261988554,0.056741478934,6.34503027275,6.57608905309,0.0942097077899,-0.461287235721,2.4326329278,0.186715408049,0.270742335819,0.262560495609,0.259534121601,0.20905614931,4.55026206431,0.202663752249,0.691764388005,9.69176595662,3.357760111e-08,0.000201597854847,9.08265152365,8.92132815083e-07,0.0013991766149,9.11782347924,3.75210947038e-07,0.00105722487633,8.13609818522,3.35283736973e-05,0.0128023751478,9.45465360213,2.68853820208e-07,0.000633201069576,9.14277827408,4.31483506567e-07,0.000989396150031,8.25587220669,3.7720529144e-06,0.00721247297511,9.15766818476,2.4673402891e-07,0.000851761440554,9.01476963307,1.51706253651e-06,0.00178261860613,8.655288176,2.49195905119e-06,0.00323255246604,8.01277463884,3.61695234833e-05,0.01618805968,8.6721249834,2.26611712295e-06,0.00321934801964,4.61329531818,0.183937193395,0.388254219226,8.4428929849,1.8143738392e-05,0.00686183093258,9.1240618076,8.75621864866e-07,0.00130673085874,5.52474557339,0.0391568916893,0.298535896673,7.37238817803,0.000225972940349,0.058557216246,8.50576957581,1.09517917417e-05,0.00564523021782,5.28388769569,0.050890514649,0.164737555218,-0.167798664715,-0.257312940152,0.759982347488,0.344465732574,0.922959446907,-0.64677263197,-0.0475183229412,-4.09851891135,4.14970162015,3.34266966244,-10.3026938807,-0.0254173956671,0.0109864925865,-0.0164380959559,0.127640254572,-0.0038369215872,-0.593575038963,0.174545146469,0.323297035207,0.132309387248,1.32889930862e-08,-3.32014216517e-05,2.02591200124,-1.00253270372e-05,-0.00868041052961,5.44706531083,-1.29632561515e-05,-0.0202928461169,0.0963322400116,4.01068280237e-05,-0.000588231643299,-5.24309567839,5.1799404195e-06,0.00838948045613,1.22128253574,-2.19159499582e-06,-0.00325752124026,0.265810881557,-1.09072088312e-06,-0.00366627184594,-0.0909346053507,1.98606659177e-07,0.000447808963228,-1.90841467657,1.56834657509e-05,0.00962058764191,-1.8069471679,3.3711676058e-05,0.0182590057126,-2.3906073871,0.000406802662932,0.0844566584648,-0.527503783148,-3.13928875096e-06,0.000480956051283,2.19490923264,-0.468346084842,0.729104425523,-3.44771130093,0.000292294936174,0.0497022578251,-2.14613279831,8.35281657481e-06,0.00750702714734,-0.405113087597,0.0296647049232,0.266850880249,1.32860428236,-0.00129599811044,-0.138647809187,4.01621303486,-0.000199223294448,-0.0520515191593,0.401008163188,-0.00425296935983,0.0120848189041
gradient,26,0.2,0.209999993443,predicted,Actual proposal support boundary; monitored coordinates are pre-native endpoint forecast,True,50,-0.13361500532,0.471787003405,-0.057273678627,0.0605114781475,0.174059863958,0.0525416790905,6.33915721859,6.54984445604,0.134390785289,-0.438933493264,2.36342150208,0.186645061442,0.270954851144,0.262413875129,0.260268247517,0.208866845426,4.54159625409,0.205094935537,0.691342905768,9.68781299626,3.44455267562e-08,0.000204491311345,9.11071300686,7.5648863131e-07,0.00128024948384,9.15343194626,3.07887449004e-07,0.000939792656808,8.12015415701,3.62503964284e-05,0.0132429911002,9.47343224998,2.43280568411e-07,0.000596998156901,9.16084146577,3.97456875511e-07,0.000939650522246,8.25751492531,3.76383659338e-06,0.00718840776743,9.14757501032,2.60236593685e-07,0.000880425089728,9.00256079198,1.6333064427e-06,0.0018495132563,8.63529432936,2.91976227566e-06,0.00345171528386,7.99036104933,3.9873594521e-05,0.0169887807034,8.66708944166,2.24078623635e-06,0.00322613067093,4.63541460502,0.179151725256,0.393413036432,8.41270348213,2.08735572186e-05,0.00731239182047,9.12768618782,8.49690699201e-07,0.00128696323418,5.52631696464,0.0390545431172,0.300756231567,7.38299254349,0.00021339303072,0.0575791402643,8.55727504559,8.32604483193e-06,0.00497855159861,5.27426905142,0.0516510310231,0.165269555219,0.0938498235998,-1.72051274318,0.563426136971,0.598443061113,-0.624725759029,-0.355346089922,-3.31569997652,-3.05940159515,2.42946140901,1.84510183596,-4.21122682924,-0.0152500029441,0.07917510368,0.0505077736178,0.132620389726,-0.0710388500373,-0.462073385049,0.151479137745,0.0905274618882,0.370034453049,-5.77540788753e-08,-0.000243927513623,5.29810243318,-2.0885370944e-05,-0.0202140475172,2.44296188855,-4.61861705699e-06,-0.00809990277685,-1.42981288932,0.000233129520544,0.0388752047748,2.47567337798,-3.06260433584e-06,-0.0044894893875,2.89277095062,-6.49154733503e-06,-0.00892544270035,-0.0642788414284,1.4937260917e-06,0.00108319430071,-0.410807753766,4.97851899072e-07,0.00112598713188,-0.633166332829,1.02619705956e-05,0.00511777922177,-1.43301393182,3.6534176993e-05,0.0163135379814,-1.85288700529,0.000327509581979,0.0673536207768,0.0802435726733,-8.15679076967e-06,-0.00426344824882,1.83943847352,-0.411030236551,0.415509930025,-1.8470476179,0.000227597808993,0.0292798297076,0.776518675742,-4.06307087292e-06,-0.00337149369551,0.558649257193,-0.0303017050319,0.243092676563,0.386185528083,-0.000678892768972,-0.0240719681732,4.60572449766,-0.000230633355386,-0.0590335810221,-0.455885588102,0.0364402793131,0.0238315166975
gradient,26,0.21,0.219999998808,predicted,Actual proposal support boundary; monitored coordinates are pre-native endpoint forecast,True,50,-0.128551655999,0.45146052951,-0.054276978817,0.065294690094,0.163767473373,0.0496345571355,6.27871627322,6.51490102119,0.14279893597,-0.424385199001,2.34840839122,0.18641040799,0.272325837893,0.263570651081,0.262186529395,0.207635372309,4.54102059661,0.205693335004,0.693574937243,9.69916664568,3.24225195325e-08,0.000196719304574,9.18861357232,4.74425396202e-07,0.000994895664551,9.16668271701,2.82838605898e-07,0.000895226820791,8.10750192743,3.81909641082e-05,0.0135798792433,9.50416706969,2.07601733491e-07,0.000543411281826,9.20063369309,3.01652559866e-07,0.000810887296024,8.25458662986,3.80192743624e-06,0.00723413686113,9.14945202968,2.56691066892e-07,0.000874281183191,9.00210630641,1.72230194842e-06,0.00188497419056,8.62662789736,3.22264259105e-06,0.00355882322566,7.97571689873,4.27197151229e-05,0.0175351320956,8.67372985486,2.10298130756e-06,0.00313407905466,4.65008408765,0.175716588664,0.396564417827,8.40595203254,2.26956945718e-05,0.00744742752674,9.13959218111,7.94360447408e-07,0.00123930098483,5.53591855854,0.0385508575887,0.303397750204,7.3801118886,0.00021239508497,0.0580757768825,8.59788406576,6.33912463399e-06,0.00446455859738,5.27476998393,0.0516193202353,0.165214185551,0.26928241659,-0.962385683934,-0.0363631248474,0.108018487692,-0.935762763023,-0.311746896879,-13.0989617476,-1.71328911479,-0.195160847595,0.872296735327,-1.84319528608,0.077745496599,0.158454622989,0.206811887699,0.248865432447,-0.244881687532,-0.0752602217579,0.0484585704165,0.477138803226,1.97252996495,-3.12886565309e-07,-0.00125440422595,8.19374063777,-2.16054969494e-05,-0.0248931598602,1.45083788305,-2.61420065003e-06,-0.00475088467598,-2.61463382278,0.00043247954437,0.0723719910322,2.8927446662,-3.18938923314e-06,-0.00493154815888,5.34212639485,-9.23125543786e-06,-0.0142434197408,-0.684136164658,8.98792101158e-06,0.0121519492207,0.114663469713,-9.86897684567e-08,-0.000238315136252,3.30018076307,-1.79887947919e-05,-0.0131328197616,-0.406624885693,9.48554060278e-06,0.00377598768952,-0.790440404683,0.000184350874861,0.030594861642,2.19199604494,-2.78774050718e-05,-0.0221074870052,0.797695486999,-0.223070071225,0.194387659175,5.51081984116,-0.000344256943499,-0.0716031139783,2.02089520935,-9.05353637915e-06,-0.0080460710062,1.64324879644,-0.0946501078562,0.0965786807171,-0.655820393588,0.000279654215049,0.0867162820442,4.68052642309,-0.000190010142181,-0.0552454254917,-0.0283850886881,0.0059849071376,-0.0128340943512
gradient,26,0.22,0.229999989271,predicted,Actual proposal support boundary; monitored coordinates are pre-native endpoint forecast,True,50,-0.128229356989,0.452539289727,-0.058000941124,0.0626718479013,0.155344608698,0.0463067411529,6.07717798364,6.51557867374,0.130487568337,-0.421487558557,2.32655759636,0.188199971374,0.274123943603,0.266550112883,0.265245556166,0.203969211675,4.54009104965,0.206064106946,0.700885681833,9.72726359556,2.818779545e-08,0.000179403226826,9.27458781962,3.24378692322e-07,0.000782386286632,9.18244870392,2.55603436004e-07,0.000844774963288,8.06786148055,4.48999873158e-05,0.0146904309208,9.53128714331,1.79492783748e-07,0.000498367193723,9.26768399367,2.12831766753e-07,0.000654782127429,8.24383220201,3.94359501361e-06,0.00743144675185,9.14986827972,2.58262798315e-07,0.000875658787003,9.06856440724,1.27353054687e-06,0.00158685686106,8.62716183165,3.10947308772e-06,0.00352723503765,7.97455224123,4.35606120183e-05,0.0176006779362,8.71092936256,1.68323813492e-06,0.00278398093082,4.65136851476,0.174690323832,0.397300789615,8.52291987896,1.39884183486e-05,0.0058803295409,9.16810409201,6.68619971618e-07,0.00112604181405,5.55918194057,0.0371615409601,0.302687805182,7.36987613562,0.000218986115021,0.0593134659052,8.65088557405,4.52584198831e-06,0.00387364308878,5.27370134964,0.0517707291658,0.165012873332,0.151382323292,-1.30226798148,-0.235160827637,-1.17884346843,-0.461055636406,-0.305289904107,-7.54533385512,-0.78766654106,0.791580379542,0.619201060295,-4.36389252073,0.0243095608426,0.0871384635025,0.184022148472,0.148723457731,-0.170486362346,0.00251718986527,0.0662800531003,0.31398930277,1.83141685286,-2.68946533675e-07,-0.00111125336668,0.262966522694,3.42989547235e-06,0.00185588700725,2.45462582463,-3.56436289886e-06,-0.00705224061875,-3.16845862357,0.000574113333295,0.0910841170766,1.58983193193,-1.65459623168e-06,-0.00266580067112,1.1432608622,2.5559809407e-07,-0.00112954530747,-0.724712110842,1.4440786061e-05,0.0158771749496,0.262411424126,-4.37057923902e-07,-0.000786291773758,3.19914072171,-2.53581751926e-05,-0.0162905662834,-0.908535708569,4.65751939638e-06,0.00698880150477,-0.175424666151,9.8634343224e-05,0.00821762633393,2.152962962,-2.47585372583e-05,-0.0205599670676,0.259417528036,-0.109130589681,0.114676373033,5.54716173691,-0.000462440311207,-0.0771220295972,2.46249091638,-1.05155633666e-05,-0.00967472940295,1.79761226602,-0.103101719844,-0.0185010142825,-0.0718675193013,8.44027285531e-05,0.00472962452299,0.723077195044,-2.40110020715e-05,-0.0071850720891,-0.381013798849,0.0298674191292,-0.0102864821111
gradient,26,0.23,0.239999994636,predicted,Actual proposal support boundary; monitored coordinates are pre-native endpoint forecast,True,50,-0.125524009533,0.425415169881,-0.0589801953697,0.0417178207254,0.154546360645,0.0435287590534,6.12780959612,6.49914769036,0.158630543561,-0.412001177795,2.2611305408,0.186896599207,0.274068607163,0.267251094051,0.26516099855,0.204225645062,4.54107094041,0.207018936066,0.699854723299,9.73579498274,2.7043588859e-08,0.000174494237241,9.19387290277,5.43023305649e-07,0.0010320134047,9.2157752335,2.11551347921e-07,0.000754182008416,8.04413275496,4.96732307741e-05,0.0154015615848,9.53596370833,1.74509808857e-07,0.000490095268403,9.22349891033,3.06764521748e-07,0.000788296389874,8.24009238764,4.09074315746e-06,0.00755168036012,9.15470025817,2.47949908414e-07,0.000858555347716,9.06608912085,1.21513844457e-06,0.0015591628649,8.60845718319,3.31579297898e-06,0.00369859925576,7.97220840541,4.46924019874e-05,0.0176994846223,8.7167891141,1.60781056239e-06,0.00272287971331,4.65527243821,0.173533976871,0.398857945287,8.51689526728,1.34468883477e-05,0.00590498693479,9.18884199944,5.84049180075e-07,0.00104580639677,5.57187080386,0.0364888231918,0.303027729919,7.37867453821,0.000214083139541,0.058170369373,8.61234560967,5.85890459257e-06,0.0043208571556,5.26714970796,0.0522166686179,0.165008455909,-0.10913343654,-2.28020127616,-0.208655953407,-2.23409923911,-0.267336368561,-0.0748177902788,3.56654166156,-0.584133445655,4.08970204716,1.02868475334,-2.72484063277,-0.152194665687,-0.00415755990635,0.032473830445,0.00739362133776,0.0712332354653,-0.11388105189,0.0625417695882,-0.195094476849,1.36439153873,-1.80687921599e-07,-0.000773281001351,-5.39225822062,1.43525136496e-05,0.016105154227,2.84754813624,-3.48787471559e-06,-0.00736786413455,-1.76331007506,0.000345717401925,0.0523935600819,0.0400853403216,-9.60718338885e-08,-0.00015641374372,-3.26724002412,6.93699029114e-06,0.00981521214127,-0.143892657792,5.71223804659e-06,0.00494179299522,0.229888330144,-5.31946036056e-07,-0.000838122476795,1.09969657026,-1.15177128899e-05,-0.00750787191113,-2.73187725388,4.54950288562e-05,0.0283763612864,-0.251077983937,0.000103654187245,0.0101810130924,0.763723287606,-8.53614719503e-06,-0.00719772421038,0.4899901956,-0.13477498093,0.100343495962,0.544936645023,-8.68699973391e-05,-0.0117265142107,1.30151280262,-5.45482735801e-06,-0.00517287269608,1.64025227231,-0.0927085407734,-0.0800822752786,0.676396572338,-0.000378126087016,-0.0885163842107,-4.87491766237,0.000164599468882,0.0564733977095,0.154722175425,-0.00672605641862,-0.0103731156031
gradient,26,0.24,0.25,predicted,Actual proposal support boundary; monitored coordinates are pre-native endpoint forecast,True,50,-0.130412025719,0.406935264203,-0.0621740601921,0.0179898631191,0.149997881327,0.0448103853473,6.14850881687,6.50389600483,0.212281609281,-0.40091386349,2.2720607837,0.18515607806,0.274040792405,0.267199589492,0.265393428593,0.205393876385,4.53781342861,0.207314942337,0.696983792296,9.75455142634,2.45740370181e-08,0.000163937606799,9.16674265521,6.11428965315e-07,0.00110448937117,9.23939966664,1.85845941692e-07,0.000697417680597,8.03259527905,5.18143353543e-05,0.0157383021224,9.53208885011,1.7757134707e-07,0.000495238918849,9.20233919319,3.51571572576e-07,0.000851086370254,8.24095434886,4.05783977454e-06,0.00753028261175,9.15446604632,2.47623877594e-07,0.000858896337467,9.09055833865,1.04317628907e-06,0.00143669942284,8.57252428657,4.01937366484e-06,0.00409476226337,7.96953068155,4.56336957632e-05,0.0178042981981,8.72620382832,1.51251519102e-06,0.00264002644662,4.66116831867,0.171994824213,0.399307659535,8.53381861186,1.22510184019e-05,0.00564579925669,9.19413434806,5.59523424458e-07,0.00102258436013,5.59198698601,0.0353073701446,0.301086159676,7.38340406707,0.00021142359328,0.0575431382209,8.5533872208,7.81783136595e-06,0.00500311104297,5.27679579315,0.0516362080375,0.16480541102,-0.80688559268,1.76842574745,-0.288984417915,-2.60230240226,-0.19161593914,0.0115396476127,-1.43912426256,0.434795846828,3.88309684132,1.33486330323,0.314685631856,-0.0858770174611,0.0121796411787,0.0506960203434,0.0433307308652,0.0471173432926,-0.438547394232,0.0971363553747,-0.151955888074,2.50788436624,-3.09841087325e-07,-0.00135591839209,-1.22720190665,2.72511325979e-06,0.00287731080337,2.49571221768,-2.48230645557e-06,-0.00567240895671,-1.74151901007,0.000372434842301,0.0524402622472,-0.320989295524,2.14756618179e-07,0.000365008539884,-1.157648237,2.85969417026e-06,0.00378581013678,-0.178399459676,2.44050701933e-06,0.00412060649379,0.233797011736,-2.77409040643e-07,-0.000584486135258,1.93894230369,-1.33763719314e-05,-0.00966978635134,-2.50251393626,3.96886134924e-05,0.026482182946,-0.0203254175275,5.25849894772e-05,0.00135399087487,2.00599781928,-1.71419493439e-05,-0.0162677705191,0.424874071584,-0.118273047002,0.0335546662195,2.41131808168,-0.000147601338394,-0.0335013276172,0.484608095687,-2.46996392687e-06,-0.00232277518106,2.47531782598,-0.146118439557,-0.30352569294,0.448306941515,-0.000396892086149,-0.0516134543165,-4.30331662783,0.000158610147986,0.0513968371667,0.950665272777,-0.0560538496475,-0.0368137538025
gradient,26,0.25,0.259999990463,predicted,Actual proposal support boundary; monitored coordinates are pre-native endpoint forecast,True,50,-0.141661721387,0.46078368483,-0.064759883728,-0.0103282273197,0.150714041862,0.0437595520056,6.09902711087,6.5078436073,0.236292480387,-0.385303911731,2.26742425344,0.185179058857,0.274312199987,0.268265014458,0.266027613167,0.205167991928,4.53229999252,0.208961663174,0.696815605537,9.78595267006,2.08467671125e-08,0.000147375869399,9.16932886464,5.97525570845e-07,0.00108955962076,9.26568947785,1.6190521881e-07,0.000640733829282,8.00930237476,5.71219276201e-05,0.0164503668297,9.52954392241,1.78804941221e-07,0.000497395439201,9.20034594559,3.63958405153e-07,0.00086401259261,8.23652439845,4.13955329784e-06,0.00763409248999,9.1593761984,2.42401727601e-07,0.000846865625011,9.10486796692,9.47611005945e-07,0.00136576713787,8.55840690447,4.10956524882e-06,0.00422824291468,7.97180189706,4.5744101777e-05,0.0177265644398,8.75690907048,1.26497157552e-06,0.00239752430292,4.66376991964,0.17116851593,0.399529038612,8.56512162891,1.04948615798e-05,0.00523496038245,9.19853416135,5.34649901538e-07,0.000999350893149,5.62137716038,0.0335664544007,0.29695721606,7.38764067704,0.000206145297818,0.0571381002866,8.52627927711,9.03110755229e-06,0.00534879389893,5.28616301341,0.0510955916249,0.164272180833,-0.772856690343,2.63626286651,-0.405854463577,-2.65624305606,0.148934423923,-0.118801570771,-2.972244709,0.0235672277353,1.56378128276,1.17541805168,0.52715125623,0.00672626430082,0.0255688424643,0.0920791620956,0.0405636310598,-0.0551366644392,-0.233634119778,0.0887057169856,0.0110290679684,3.16996505686,-3.50123140824e-07,-0.00159766972739,-1.37341927896,5.30303171155e-06,0.00487110057726,2.04744631004,-1.83099475485e-06,-0.00438307539208,-2.19399443933,0.000524847480242,0.068032615727,-0.154138789249,5.45773113468e-08,9.96430941016e-05,-1.17695240902,3.75325656182e-06,0.00437505179052,-0.539077244542,1.16729609829e-05,0.0129280748241,0.81832228481,-9.71168321543e-07,-0.00210858213085,0.501556919857,-4.40196072932e-06,-0.00307744340506,-1.24466920254,9.27391301398e-06,0.0120099084182,0.301132042779,-8.18450533195e-06,-0.010444749095,3.06903961605,-2.23997493739e-05,-0.0230901800785,0.00432050341672,-0.0208533855721,0.0272041255712,1.41339512689,-9.03004860265e-05,-0.0196510476861,0.723420409195,-3.0387490982e-06,-0.00300393080579,2.7277652709,-0.157988018414,-0.35366902283,0.292990691137,-0.000329385444489,-0.0294303667062,-3.01012994236,0.000146901629647,0.039654477142,1.03748989112,-0.0622499491226,-0.0522712520726
gradient,26,0.26,0.269999980927,predicted,Actual proposal support boundary; monitored coordinates are pre-native endpoint forecast,True,50,-0.145869159526,0.459660521534,-0.0702911494637,-0.0351349980021,0.152976569805,0.0424343539319,6.08906392269,6.50436734938,0.243557234936,-0.377405502457,2.28260380883,0.185290603346,0.274552169255,0.269041172734,0.266204701214,0.204291143096,4.53314074622,0.209089056677,0.697204373655,9.81795072748,1.75715742016e-08,0.000131984212252,9.13927426963,7.17489599546e-07,0.00120191138272,9.28034859284,1.49226046595e-07,0.000609756172756,7.98871539026,6.23112849591e-05,0.017098954437,9.52900607433,1.78662893297e-07,0.000497231780731,9.17880014501,4.26636703813e-07,0.000938587406065,8.23017280397,4.2912989942e-06,0.00778884410823,9.17083249201,2.28200511163e-07,0.00081672469485,9.10058947705,9.55137074482e-07,0.00137515055474,8.54763090252,4.20485192512e-06,0.00433496043174,7.97555332241,4.54700056565e-05,0.0175954032162,8.78758462064,1.06452020354e-06,0.00217822284505,4.66125472874,0.171577756502,0.399851742046,8.56208651439,1.04450086813e-05,0.00525277830296,9.20860275625,4.98748442494e-07,0.000962505744015,5.64654229143,0.0321476097763,0.294012779219,7.38926388089,0.000204835884391,0.0569545308868,8.49318462196,1.07558639589e-05,0.00579620058581,5.29754559097,0.050391209055,0.163759985979,-0.113727614645,0.417189282742,-0.388996481895,-1.85139286518,0.442220926285,-0.0879067480581,-0.5964503839,-0.743264547626,0.802610907701,0.680582035151,2.12892345547,0.0172266147982,0.0260334432528,0.0757338390853,0.02549593651,-0.0948979611817,0.0912743891479,0.0279979187745,0.0764687911824,3.0775425292,-2.94456177499e-07,-0.00141919628476,-2.58783247287,1.1724492902e-05,0.0104000310673,0.936569961563,-8.2368012189e-07,-0.00200660169905,-1.8143228359,0.000489324834518,0.0574548196111,0.565468063349,-5.60774901949e-07,-0.000938461798446,-1.71332944497,5.76452993457e-06,0.00650266581191,-0.350836795374,9.46368256028e-06,0.00902532989921,0.918974352372,-1.08951543486e-06,-0.00233857814067,-0.60443038862,2.36404331374e-06,0.00206723759289,-0.980109399883,7.44089578227e-06,0.00992021809565,-0.136402891673,5.63271724325e-05,0.00550049777021,2.52280239031,-1.60821486956e-05,-0.0178433620328,-0.0837142809744,0.0104996945407,0.0787130274608,-0.148522513966,-4.96773944886e-06,0.000523158806998,0.959558492351,-3.17300283432e-06,-0.0033491130035,2.38960603295,-0.133139130243,-0.24864002379,0.131227186616,-0.000105291184569,-0.0145238060607,-3.21896155745,0.000191621204626,0.0452510356639,1.23370442525,-0.0764889667374,-0.0604578317102
gradient,26,0.27,0.280000001192,predicted,Actual proposal support boundary; monitored coordinates are pre-native endpoint forecast,True,50,-0.143936273679,0.469127470485,-0.0725398133659,-0.0473560846233,0.159558460388,0.0420014170445,6.08709810319,6.49297831635,0.252344698541,-0.371692271028,2.31000272255,0.185523591153,0.274832868852,0.269779691239,0.266537531897,0.203270032704,4.53412548031,0.209521621549,0.698344981361,9.84750352065,1.49576435625e-08,0.000118991943704,9.11757221518,8.32015428884e-07,0.00129756024211,9.28442087709,1.45431616372e-07,0.000600601795301,7.97301591804,6.69084243105e-05,0.017599463222,9.54085328368,1.67589443182e-07,0.000478626203232,9.16607935669,4.79249003844e-07,0.000994065908848,8.22950766254,4.32882694905e-06,0.00781459908798,9.17775568545,2.20611418904e-07,0.000800094062198,9.09277935915,9.94891872219e-07,0.00140711188973,8.53880471647,4.25838316447e-06,0.00442664727659,7.96907383922,4.68706452256e-05,0.0178365743952,8.80736511829,9.43328601603e-07,0.00204065706227,4.66209563402,0.171378509821,0.401103299161,8.56215117864,1.03955067908e-05,0.00524542355859,9.2177253312,4.71189844852e-07,0.000932368633079,5.66916928104,0.0309036717958,0.291984415584,7.39026522077,0.000204039474126,0.0568476241654,8.46190004596,1.28635316448e-05,0.00625381461221,5.31083710192,0.0495658122902,0.163063024199,0.309976823198,-1.82456363437,0.123403668404,-0.473042577505,0.958827853203,-0.0232813447659,0.301672469747,-0.581892496899,0.417352349116,0.420406446876,1.73942697339,-0.00165549884218,0.0208172420652,0.0587972781616,0.0352010934035,-0.0912788394773,-0.105511433803,0.0753506403132,0.125176492719,2.67051094058,-2.24461286121e-07,-0.00113843039737,-1.25969917431,8.36128398323e-06,0.00651445886646,-0.22218853502,1.51828976692e-07,0.000389750855967,-1.30798386325,0.000394895225313,0.0421903397146,-0.812985038574,8.78698870554e-07,0.00141518249042,-0.649730832543,3.70007041425e-06,0.00364962479947,0.231339319072,-3.09990956187e-06,-0.00399973764092,0.21228115792,-2.04550401734e-07,-0.000428142057369,-1.06439629101,4.99198023619e-06,0.00409080837138,-0.852108021754,1.1620897199e-05,0.00992179715402,-1.15084164658,0.000221710956832,0.0433135248031,1.4705600697,-9.4553276664e-06,-0.0106075170566,0.562723037732,-0.111205979821,0.254185913963,-0.0496273551568,-8.86628396579e-06,-7.41930392771e-05,-0.446919632952,1.64570544872e-06,0.0016151789846,2.11024214844,-0.113686419203,-0.121845471532,-0.0721133990142,7.33751289892e-05,0.00798428643387,-0.925456019531,7.73912268022e-05,0.0146316863122,1.26859909554,-0.077702549882,-0.0498874999335
gradient,26,0.28,0.289999991655,predicted,Actual proposal support boundary; monitored coordinates are pre-native endpoint forecast,True,50,-0.139669623062,0.423169248846,-0.0678230760956,-0.0445958495522,0.172153126869,0.0419687270366,6.09509737208,6.49272949945,0.251904281918,-0.368997373519,2.31739234829,0.185257493369,0.274968514096,0.270217118297,0.266908723082,0.202465566306,4.53103051754,0.210596069483,0.699707903509,9.87136094629,1.30823484792e-08,0.000109215604304,9.11408028614,8.84715279211e-07,0.00133220056005,9.27590482214,1.52262626129e-07,0.000617551189875,7.962555713,7.02091894654e-05,0.0179427612313,9.51274637356,1.96236870708e-07,0.000525535430539,9.16580552836,5.00638112098e-07,0.00101157990205,8.23479959035,4.22930080296e-06,0.00770884935542,9.17507811517,2.24109503129e-07,0.000808161853703,9.07930155123,1.05497667921e-06,0.00145696672217,8.53058874208,4.4372698691e-06,0.00453339637482,7.95253648948,4.99042247932e-05,0.0184616737122,8.81699582203,8.75413650213e-07,0.00196607250391,4.67250918949,0.169353636906,0.404935460325,8.56109396729,1.0267683002e-05,0.00525129444218,9.19966436359,5.31662551468e-07,0.000994809323707,5.6887471344,0.0298738813923,0.291575869789,7.38782161291,0.00020630338697,0.0571142166155,8.47467550157,1.23036884949e-05,0.00608883431205,5.32291757289,0.0488371580574,0.16276223598,0.319956185668,-3.5669053443,0.239602088928,0.181276082993,0.565564155579,0.00983608540118,1.40613105912,-0.801797106997,-0.244701575436,0.0135794101329,1.33013640719,-0.0233158852458,0.0173681793509,0.0459090209143,0.0298557286219,-0.0637739395761,-0.0580659527271,0.0331251809517,0.0845464583872,2.03186877167,-1.5386254895e-07,-0.00081353559479,-0.444809866454,4.6684150773e-06,0.00324982402725,-1.12599965881,9.56617343368e-07,0.00232062103004,-1.37570289563,0.000423240404085,0.0454463988392,-0.910221293544,1.01584392486e-06,0.00166599968532,-0.623065288528,3.28437796491e-06,0.00333037514048,0.301277627957,-5.89686580126e-06,-0.00606287114167,-0.346086124907,4.66684373142e-07,0.00104013678779,-0.850234516226,3.44086327205e-06,0.00297507038598,-0.844963775754,2.01611183181e-05,0.0113469252781,-1.13036579743,0.000206043700315,0.0428877570629,0.913129442025,-6.11751839424e-06,-0.00687634642429,0.756500715219,-0.151774777866,0.291646182049,-0.037376036873,-1.3922795584e-05,-0.000160510635293,-0.927073707796,3.647296902e-06,0.00360789803986,1.651889098,-0.0854445770898,0.0106837697685,-0.255411652283,0.000235764912477,0.0277736385306,0.620550535194,-3.07039902858e-05,-0.00800467336019,0.843974439479,-0.0508512638512,-0.0171112021113
gradient,26,0.29,0.299999982119,predicted,Actual proposal support boundary; monitored coordinates are pre-native endpoint forecast,True,50,-0.137537149966,0.397789363599,-0.0677477715874,-0.0437305629635,0.1708697435,0.0421981387525,6.11522072437,6.47694237421,0.247450667033,-0.371420682825,2.33660545069,0.185057273448,0.275180232439,0.270697871658,0.26713464647,0.201994553913,4.53296416125,0.210184125168,0.700035910529,9.88814089608,1.18803925835e-08,0.000102721231808,9.10867601785,9.2538373043e-07,0.00136255672265,9.26190088391,1.64563963239e-07,0.000647014215902,7.94550186013,7.53732323922e-05,0.0185083911987,9.52264885781,1.87906321679e-07,0.000511946196939,9.15361805092,5.44936563143e-07,0.00106067341166,8.2355332151,4.21088963302e-06,0.00769334166514,9.17083396295,2.29945106367e-07,0.000820896797953,9.07577466882,1.06370913766e-06,0.00146661329745,8.52190544095,4.66160553083e-06,0.00465358578215,7.94646652327,5.09915192319e-05,0.0186943295364,8.82562770713,8.20978233719e-07,0.00190313013378,4.67722564832,0.168343014264,0.406936222802,8.5614036579,1.01170508791e-05,0.00524221334588,9.19918385704,5.44135782891e-07,0.00100452659388,5.702207063,0.029194780254,0.292198090979,7.38515698773,0.000208754772376,0.057403096936,8.47431105666,1.22494518391e-05,0.00609372114501,5.32771659071,0.0485487870132,0.162720800157,-0.314617107937,2.61198676058,0.042930483818,0.444018244743,-0.06847935915,-0.0140120575652,2.73904419205,-2.00539538738,-0.868129708075,-0.49028650904,1.2653638285,-0.0241535195857,0.0249692578437,0.0466518443501,0.00681635288832,-0.045286609921,0.402532373034,-0.0640701536008,0.062362910017,1.36524272361,-9.5856901889e-08,-0.000522805918727,-0.486879797869,3.96404376041e-06,0.00292700868294,-1.44804733289,1.25386481071e-06,0.00300804390212,-1.36001939145,0.000422212787065,0.0454115886488,1.43946764063,-1.23331571654e-06,-0.00203892712191,-1.04502221177,3.52278225975e-06,0.00408109872914,0.0257545575319,4.40316481637e-07,-8.26263264638e-05,-0.28034841893,3.50489758172e-07,0.000825944498294,-0.604260038887,1.57148057775e-06,0.00171105201689,-0.93859709327,3.35483264529e-05,0.0137208194875,-0.75039837672,0.000139868572524,0.0289663475231,0.535468609437,-3.91288330444e-06,-0.00431184614278,0.406728988887,-0.0833986177791,0.207502187882,-0.620569076859,9.39132620041e-06,0.0071066802356,0.273732272628,3.07378501698e-07,-1.28896192159e-05,1.01929439609,-0.0490402294589,0.131951411672,-0.342950998875,0.000356632026072,0.0355724790256,1.24750132151,-8.40927977752e-05,-0.0175400838126,0.37505861089,-0.0222061859514,0.00513601775969
gradient,26,0.3,0.310000002384,predicted,Actual proposal support boundary; monitored coordinates are pre-native endpoint forecast,True,50,-0.145961965221,0.475408984058,-0.0669644664192,-0.0357154846573,0.170783539686,0.0416884858853,6.14987825592,6.4526215917,0.234541687757,-0.3788031037,2.34269962486,0.184774422978,0.275467899253,0.271150155184,0.26704505014,0.201559834108,4.539081165,0.209314666411,0.70095516171,9.89866580076,1.11652104414e-08,9.87594859296e-05,9.10434269018,9.63996154419e-07,0.0013907407337,9.24694387548,1.77339922343e-07,0.000677712067918,7.93535532517,7.86534452067e-05,0.0188509930043,9.54153572637,1.71570556378e-07,0.000484756888101,9.14490508412,5.71093757293e-07,0.00109320187664,8.2353146815,4.23810713259e-06,0.00770719682889,9.16947114679,2.31119298292e-07,0.000824680743669,9.06721635045,1.08640629076e-06,0.00149118776251,8.51181680022,5.10823639816e-06,0.00480781276457,7.93752852194,5.27015962436e-05,0.0190410006627,8.82770519422,7.97155984124e-07,0.00187983558106,4.68064376927,0.16768566455,0.409085504083,8.54868258575,1.0455509526e-05,0.00539342804689,9.20513900904,5.37810121502e-07,0.000994551531323,5.70913302232,0.0288930768031,0.294214898022,7.38096259293,0.000213436027492,0.057825666196,8.499625528,1.06218325394e-05,0.0057380326358,5.3304187451,0.0483930343384,0.162864956335,-0.403257639113,3.20756309895,-0.17252099514,0.385049641132,-0.446292921901,0.0401149335723,2.24956408961,-1.40872217767,0.0691087333527,0.498396423101,2.54061705352,-0.0357700946763,0.0204233896307,0.0487644813448,0.0159196515824,-0.0290695231487,0.491927722751,-0.0812994824051,-0.0216785778197,1.35260269908,-9.15450927628e-08,-0.000509122048365,-1.38908450568,8.60608723798e-06,0.00651906587157,-1.27392763338,1.16509086662e-06,0.00273154116908,-1.55063926861,0.000510245381494,0.0526029071917,1.73025143904,-1.44859659522e-06,-0.00244786056939,0.0806045184703,-8.50092995792e-07,-0.000321572823561,-0.232163412617,4.15180667945e-06,0.0047984633031,-0.0848642806504,1.18491655223e-07,0.000294931808909,-0.526544606839,2.81906302742e-06,0.00236058339856,-0.292860973059,8.19437425582e-07,0.00430430383206,-0.764291590196,0.000152325683021,0.0298128176187,0.732096187704,-4.92081437336e-06,-0.00563691528798,0.4384731653,-0.0875133255991,0.144060616426,0.262744602481,-2.17177136656e-05,-0.00341076050191,0.438857577271,-3.64752918859e-07,-0.000652195721802,0.910930077649,-0.0423854370354,0.134791791577,-0.0100984023882,2.02292294675e-05,0.00208576124386,-0.704622246005,2.70341706174e-05,0.00944789925796,0.0757291643113,-0.00537873590342,-0.0052579414129
gradient,26,0.31,0.319999992847,predicted,Actual proposal support boundary; monitored coordinates are pre-native endpoint forecast,True,50,-0.145602302748,0.461940625578,-0.0711981914902,-0.0360295701408,0.161943885062,0.0430004374239,6.16021200617,6.44876793066,0.2488328417,-0.361452754363,2.38741779176,0.184341871555,0.275588700231,0.271673161285,0.267453039501,0.20141316345,4.54280271571,0.20855813552,0.699602338972,9.91519295006,1.00494907282e-08,9.25387908405e-05,9.08089432774,1.09750547519e-06,0.00149293804009,9.23642233124,1.87865780571e-07,0.000701645039283,7.91448907476,8.55781400221e-05,0.0195604493426,9.55725388659,1.58934389775e-07,0.000462988985551,9.15523014129,5.27934703227e-07,0.00105424195519,8.23088994685,4.29392576661e-06,0.00778931093121,9.16913667734,2.32314939471e-07,0.000826795434132,9.06524377669,1.12009039821e-06,0.00151382496542,8.51604822149,4.67799427934e-06,0.0047396718588,7.93118069147,5.40380328923e-05,0.0192905858888,8.84026963088,7.22561946251e-07,0.00179039182802,4.68599511163,0.166592747752,0.409817435131,8.56665854995,9.68269660582e-06,0.00517399813584,9.20796100859,5.36840724514e-07,0.000991482679441,5.72042566455,0.0283470715133,0.294893926811,7.38495501968,0.000209159356965,0.0574448121609,8.46021861174,1.27901352514e-05,0.00628267913017,5.32923117399,0.0484412122951,0.162615641329,-0.236670997823,0.265504574896,-0.37139081955,-0.0612962841988,-0.603668347001,0.0485511714697,1.96040038737,-1.33844601733,1.10148408446,1.28051121798,3.30336979784,-0.043655586408,0.0152591905087,0.0561819148125,0.0202621607503,-0.0226932879637,0.423519879643,-0.077638767574,-0.0784825836508,1.50013912548,-9.39534421654e-08,-0.000537714032144,-2.17201608994,1.30831808494e-05,0.00971954201005,-0.771652500772,7.46875073836e-07,0.00169631649285,-1.49948987089,0.00051815125439,0.0505971105615,1.65748183709,-1.29183930225e-06,-0.0022646601826,0.137971865833,-8.84514391889e-07,-0.000502614296237,-0.404751939751,6.26104352506e-06,0.0081843418078,0.26540191232,-2.86715208417e-07,-0.000632213017521,-0.367703509814,2.71895012396e-06,0.00215575561754,-0.0406718808435,-1.89921193386e-05,-0.000134433747019,-0.605165748982,0.000130316885313,0.0238965329824,0.959635579601,-5.9500356552e-06,-0.00699581835071,0.39104004004,-0.0868498782478,0.0972310815851,0.881357737273,-4.59685007879e-05,-0.011253551488,0.644779562262,-1.21930577732e-06,-0.00148522768933,0.875714819279,-0.0415746868292,0.0715564058142,0.380639117709,-0.000367264597524,-0.0379043319654,-2.8032219556,0.000156191228727,0.0392917372423,0.164015832711,-0.0125679009317,-0.0259698296284
gradient,26,0.32,0.329999983311,predicted,Actual proposal support boundary; monitored coordinates are pre-native endpoint forecast,True,50,-0.150695385178,0.480719075556,-0.0743922828102,-0.0369414103413,0.158710172746,0.0426595093147,6.18908626367,6.42585267135,0.256571369446,-0.35319287934,2.40876702082,0.18390131125,0.275773083063,0.272273793481,0.267450293355,0.201105968349,4.5475515626,0.20776189106,0.699385510037,9.92866858327,9.28614159807e-09,8.80052052868e-05,9.06090236838,1.22565977141e-06,0.00158513157391,9.23151082547,1.92277423819e-07,0.000711638397775,7.90536552775,8.90164702945e-05,0.0198629352155,9.57468536311,1.45733770333e-07,0.000439463684449,9.14766452144,5.53403469455e-07,0.00108314959071,8.2272196427,4.36332800309e-06,0.00787088366504,9.17477918504,2.25384994124e-07,0.000812036483318,9.05986228025,1.14078529324e-06,0.00153430287486,8.5110033626,4.72839401139e-06,0.00480512408963,7.92542520696,5.53079339499e-05,0.0195189313224,8.84689790581,6.7815527102e-07,0.00173991921404,4.68846457007,0.165948666985,0.411030125715,8.5663097405,9.53613951027e-06,0.00516835701713,9.21803460028,5.13424005956e-07,0.000964846977536,5.72664731871,0.0280615830665,0.295646026139,7.38857537529,0.000206090735541,0.0570675795567,8.44356108888,1.3745657114e-05,0.00652386738065,5.33369906176,0.0481416763197,0.162345559743,-0.15233327269,0.0695390859076,-0.178244113922,-0.0354201793671,0.112848207355,-0.109133380477,0.955441899616,-3.15293273006,-0.364281901282,-0.516822507863,1.01736986449,0.0162567064392,0.0410788162255,0.0821319181103,-0.0264503976622,-0.0240084771134,0.0458075929158,0.00635520233389,0.059855113351,1.55774192874,-8.38214728381e-08,-0.000507818280916,-0.273358855803,2.82827637519e-06,0.00182138637637,-0.274656288243,2.13292307018e-07,0.000474786535605,-0.800812349283,0.000314962607888,0.0268295629157,6.12003655417,-3.86708358952e-06,-0.00766374284637,-0.1446500888,8.08454654327e-07,0.000888685814952,-0.148588475281,4.0259896351e-06,0.00416763319753,0.433296028467,-5.19839737696e-07,-0.00110978347766,-1.09268109972,5.21876790154e-06,0.00429358373367,-0.41016105572,5.17550740777e-06,0.00525504552296,-0.151490031074,2.49673146328e-05,0.00552646024732,0.819426775876,-4.50917030735e-06,-0.00556314129911,-0.415520570773,0.077741150384,0.00418588868487,-0.270213485771,-3.57131553072e-06,0.00257149645425,3.8876971533,-1.01056471019e-05,-0.0115998567347,0.924107345298,-0.0445405387669,0.0199109001425,0.135157962001,-0.000137680577942,-0.0121731855998,0.753739761378,-5.51294920234e-05,-0.011108501069,0.656828561968,-0.0414922768555,-0.0225259851717
gradient,26,0.33,0.340000003576,predicted,Actual proposal support boundary; monitored coordinates are pre-native endpoint forecast,True,50,-0.148648968202,0.463331407296,-0.0747630737686,-0.0367379737282,0.164200849209,0.0408177698144,6.17932084416,6.38570927605,0.241547203674,-0.37178920452,2.40776518905,0.184667005684,0.276410276556,0.273315799647,0.266924031548,0.200932993908,4.54371886757,0.208685239567,0.700799441239,9.94634778864,8.37306127148e-09,8.23824252222e-05,9.07542715062,1.15407100269e-06,0.00152936576761,9.23092920548,1.92131626712e-07,0.000711140769996,7.89847282777,9.18773921798e-05,0.0200970406009,9.67965461767,8.15927179844e-08,0.000309714128624,9.15233713952,5.44103796313e-07,0.00107201567149,8.22791817734,4.37444555932e-06,0.00787266359516,9.17780259791,2.21918144717e-07,0.000804599764578,9.04339015469,1.22446575624e-06,0.00159969664009,8.50784500038,4.7815044275e-06,0.00484477276925,7.92815089085,5.4537379185e-05,0.0194011150937,8.8566581664,6.32378540104e-07,0.00167912900204,4.67768470021,0.16814757076,0.409901152904,8.56125428023,9.61127029521e-06,0.00522542806493,9.28571495166,3.34727782476e-07,0.000759485544747,5.73890781146,0.027456260738,0.295292144814,7.38765817892,0.000206405745406,0.0572013484489,8.47529340697,1.1687545411e-05,0.00606050910879,5.34236774523,0.047611366758,0.162165121625,-0.241855407433,-1.1065579262,0.112753748894,-0.411582887173,-0.138806931674,-0.0517771634861,0.426214356016,-2.96823063386,-0.379378138697,-1.73846445379,1.63714997706,0.0309114432797,0.038339580839,0.067388532918,-0.0356614720534,-0.00839348662,-0.110460083273,0.052184535943,0.0525316215553,2.47584268999,-1.2305762739e-07,-0.000772811614976,0.298527047755,-1.18286480571e-06,-0.000977931369994,-0.098411398478,1.06559464759e-07,0.000170155151014,-1.63938023276,0.000639342451026,0.0573979817467,7.51218648672,-4.10767416068e-06,-0.00867385825324,-0.034842434929,-1.64679358933e-07,9.24787188097e-05,0.262408473019,-3.48090029979e-06,-0.00464131560188,-0.219299373003,3.15725048546e-07,0.000669383084287,-0.88323501387,3.25795821496e-06,0.00302307540635,-0.556354684431,1.19766231735e-05,0.00762790167933,0.0530211252338,-2.8935766345e-05,-0.00253376818579,0.997117973512,-5.51226126805e-06,-0.00676084941004,-0.5842750591,0.0916169831154,-0.120195277416,-0.351047749155,-7.91956828301e-07,0.00336065147645,5.00021640047,-1.1871472228e-05,-0.0142481893873,1.86201233441,-0.0926065824394,-0.0579207012474,-0.626475430752,0.000523543413099,0.0690583821703,1.33093568357,-9.81557618529e-05,-0.0203532492869,0.978124695345,-0.0581701418935,0.000894719377534
gradient,26,0.34,0.34999999404,predicted,Actual proposal support boundary; monitored coordinates are pre-native endpoint forecast,True,50,-0.155532493326,0.458587917032,-0.0721372078323,-0.0451730680847,0.155934034113,0.0416239660449,6.19761055079,6.36648805867,0.248983806672,-0.387962168416,2.44151002036,0.184519540115,0.27653987468,0.273621564139,0.266737063914,0.200938098616,4.54534236093,0.208805581779,0.700436142468,9.97818543707,6.82498905028e-09,7.25489729872e-05,9.06687290934,1.20200247529e-06,0.00156557294651,9.2295425975,1.94408613115e-07,0.000715041500795,7.8725779231,0.000101803319315,0.0210108948504,9.72492909284,6.3580287119e-08,0.000265986519384,9.14696767274,5.50109882276e-07,0.00108499916509,8.23246781216,4.2937099971e-06,0.00777805735301,9.17039319758,2.31699495095e-07,0.000825424145004,9.04219757998,1.20594445754e-06,0.00159476438298,8.49987626891,4.96792647486e-06,0.00495768212321,7.92648562947,5.4729218623e-05,0.0194682559586,8.86684026528,5.67910045659e-07,0.00160470222584,4.67677906889,0.167781006647,0.408626220166,8.55928878552,9.52030037371e-06,0.00523557004666,9.31803892829,2.75994561396e-07,0.000679883189791,5.7638875654,0.0262094514177,0.294487612114,7.37604586667,0.000216561603803,0.0584487472001,8.47017980256,1.17825418769e-05,0.00611680239491,5.35326155566,0.0469782734819,0.16236345413,0.0343422494587,-1.06919500072,-0.00659251213069,-1.37177446485,-0.963701143861,0.134762435996,2.92042328754,-3.02899300153,1.81395647371,-0.755187724921,3.15262206355,-0.0188163319665,0.0109499413974,0.0346923219317,-0.0271188131182,0.0133647948384,0.0366127894982,-0.0138824887502,-0.0660001078977,3.32376143349,-1.39818796159e-07,-0.000935408413458,-2.368160599,1.50245364694e-05,0.0106246496338,0.326396569512,-3.54863509461e-07,-0.000865789844064,-2.77545063432,0.0011124824242,0.100125474398,5.12837048528,-1.77314569911e-06,-0.00456571069078,-0.696637572591,1.4270045868e-06,0.00204266894661,0.285490066635,-6.44699439612e-06,-0.0064330337879,-0.326370866329,3.46155882755e-07,0.000855728379167,-0.0502944337733,-2.30825823867e-06,-0.00092372422667,-1.64868788814,4.07721082757e-05,0.0232487332383,-0.175222140405,3.8228003122e-05,0.00710088523909,1.28373720155,-6.34458492093e-06,-0.00829933352895,0.0898904215281,-0.0658862917271,-0.0842600082059,-1.0478139359,2.23537330057e-05,0.0112318095183,3.2046415051,-5.39470688105e-06,-0.00760679514819,2.69722751536,-0.129079705384,-0.0823846212565,-0.82528802053,0.000739306718347,0.0889454851219,-1.05780839596,3.3339318296e-05,0.0131836381514,1.14612669353,-0.0696803670998,-0.0123639978423
gradient,26,0.35,0.359999984503,predicted,Actual proposal support boundary; monitored coordinates are pre-native endpoint forecast,True,50,-0.147962123213,0.441947507281,-0.0748949240112,-0.0641734630251,0.144926826332,0.0435130185343,6.23772930991,6.32512941602,0.277826333148,-0.386892959019,2.47081763032,0.184290679044,0.276629275384,0.274009646085,0.266381655286,0.201200289804,4.54445112336,0.208407589792,0.699479439081,10.0128230173,5.57668534831e-09,6.3674256953e-05,9.02806393864,1.45456173208e-06,0.00174185876029,9.23745713687,1.85034356523e-07,0.000693824973114,7.84296381508,0.000114127040664,0.0220995500889,9.78222202738,4.61298040022e-08,0.000218399914808,9.13840438807,5.72643888049e-07,0.00111286905042,8.23362797867,4.24550567139e-06,0.0077440029194,9.17127518058,2.28841262372e-07,0.000821714332162,9.04238426602,1.17830059147e-06,0.00158122215556,8.47487124261,5.59694659301e-06,0.00530974743402,7.92464644804,5.53019392474e-05,0.0195431327985,8.88233291043,5.05486841686e-07,0.00151314233146,4.67948250864,0.166829844925,0.40821595274,8.54029800151,1.00583449553e-05,0.00545006425529,9.34980778176,2.26833644855e-07,0.000607349641784,5.79285236176,0.0248746666303,0.293644452389,7.37115241851,0.000221191879773,0.0589802581513,8.45413723905,1.23543317769e-05,0.00632418187181,5.3652902791,0.046217759416,0.161917841668,0.483161946548,-1.09608855497,-0.150027990341,-1.40683239698,-0.543985016644,0.0419803905935,2.22815203108,-3.68600386213,1.42438535074,0.138249220548,1.51797844695,-0.00286437422155,0.0268523938547,0.0602989743621,-0.0109775195452,-0.0135806527371,-0.0215805214724,0.0209550466288,-0.0515541085481,2.97975853449,-1.01356095638e-07,-0.000735971881175,-1.69667920482,1.07702396829e-05,0.00761367971836,0.353461447219,-3.62540154979e-07,-0.000891214482773,-2.17860464908,0.000929349917655,0.0811960057844,4.23482131779,-1.20563161205e-06,-0.00338270020168,-0.693530255824,2.2775869269e-06,0.00254341311316,-0.0149957362979,5.70862725401e-07,0.000598397889127,0.289370600979,-4.24645213802e-07,-0.000775027386192,-0.405597888349,2.07289998964e-07,0.000753789913876,-1.62998526628,4.24818100987e-05,0.0228922697106,-0.00379971557118,2.15587660903e-06,0.000460952471707,1.28046356432,-5.08378181386e-06,-0.00744346185011,0.192284915941,-0.0641835307252,0.00603634665458,-1.48589926063,4.63761672898e-05,0.0173718523725,2.1829438033,-3.24212832126e-06,-0.00487465669496,2.37588646271,-0.110415550141,-0.077966804445,-0.182477350938,0.000118752513157,0.0224607301079,-0.12563869523,-2.12191154781e-05,-0.00017433111245,1.13271152808,-0.0712772828139,-0.0440156230292
gradient,26,0.36,0.370000004768,predicted,Actual proposal support boundary; monitored coordinates are pre-native endpoint forecast,True,50,-0.145869254395,0.436666145932,-0.0751377676392,-0.0733097160244,0.14505433378,0.0424635738568,6.24217359141,6.29276798143,0.277471513687,-0.385197184005,2.4718695893,0.184462252631,0.277076922557,0.274827543626,0.266517513523,0.200666485561,4.5449107505,0.209224682711,0.699405060297,10.0377806078,4.79786713753e-09,5.78295353637e-05,9.03293932524,1.41740726895e-06,0.00171784654087,9.23661182644,1.87157810015e-07,0.000697217211139,7.82900583011,0.000120390317668,0.0226348149661,9.8096255192,3.94676548781e-08,0.000198332515351,9.13309706762,5.95661620814e-07,0.00113586742735,8.23216789744,4.3051272516e-06,0.00779002531079,9.1761806096,2.23206590819e-07,0.00080992359728,9.03408562221,1.21009025752e-06,0.00160984018126,8.46727656359,5.81756267683e-06,0.00541552751743,7.92640963516,5.47723361552e-05,0.0194774750081,8.89244953657,4.66234409382e-07,0.00145583298884,4.68062476721,0.166497336033,0.408746947099,8.5295708003,1.04478237195e-05,0.00558300709411,9.36169780436,2.11151994971e-07,0.000582390055892,5.81140529465,0.0240011404149,0.292928276025,7.37239631965,0.000218936654066,0.0588979618023,8.46766702865,1.13581595674e-05,0.00611331577266,5.37591578623,0.0455527278256,0.161483141669,0.140716201909,-1.15099562142,-0.0944093465806,-1.03884240985,0.235547043383,-0.191598148341,1.02549447006,-2.6853143228,-0.273533782402,0.77114454634,0.241117011065,0.00418575918967,0.0397589210535,0.070152661442,0.0160682096909,-0.0655196651497,0.0304814721273,0.0690935178811,-0.00488051646065,2.57473403453,-7.19091727559e-08,-0.000559572241644,0.322966728886,-1.85174071366e-06,-0.0013261627526,-0.00723715081216,1.09755215104e-07,0.000118333352797,-1.68660628289,0.000824199440259,0.0633366969375,2.00055877138,-4.7059417849e-07,-0.00143807520166,-0.587658930841,2.72141100516e-06,0.00263261979827,-0.446072977504,1.45025811068e-05,0.0122359968377,1.0862641414,-1.23383976111e-06,-0.00269533732044,-1.79416622952,9.79969820768e-06,0.00765493310874,-0.763532255489,2.08351979459e-05,0.0106374016624,-0.0922035296308,1.27853727772e-05,0.00398698525762,1.32897867369,-4.77174285069e-06,-0.00717926294515,0.181384344543,-0.0574543975696,0.0777979908384,-1.44587332465,5.34539903203e-05,0.0181292050009,0.943847910793,-1.17279710309e-06,-0.00190796563734,1.76053230849,-0.0819192469344,-0.114788813921,0.271361089951,-0.000342346487599,-0.0249450124627,1.39750165244,-9.51094370048e-05,-0.0215425505404,1.00173575946,-0.0650747291516,-0.061465945129
gradient,26,0.37,0.379999995232,predicted,Actual proposal support boundary; monitored coordinates are pre-native endpoint forecast,True,50,-0.145147799175,0.418927594853,-0.0767831109428,-0.0849503112221,0.149637767199,0.0396810555675,6.25823919931,6.27142312957,0.2723556575,-0.371470068092,2.47563997055,0.184374394228,0.277424453805,0.275412699314,0.26670301948,0.199889896501,4.5450607528,0.209789460149,0.699381828752,10.064317698,4.13850189319e-09,5.24828121201e-05,9.03452327322,1.41752691781e-06,0.00171533550524,9.23731239385,1.87229460825e-07,0.00069619164017,7.80923168943,0.000130611029469,0.0233662840276,9.82223320281,3.67179204324e-08,0.000189638410775,9.12665120945,6.27072108153e-07,0.00116552144638,8.22470651912,4.53555729353e-06,0.00798872285615,9.19300046341,2.0416446715e-07,0.000767807585753,9.00650094143,1.37429455562e-06,0.00173432081773,8.4596005975,6.01365055193e-06,0.00552249546727,7.92280237745,5.5557646703e-05,0.0196228725037,8.90891248391,4.10051984672e-07,0.00136955707256,4.68311019554,0.165680756974,0.409771912557,8.51138053502,1.11274247617e-05,0.00581264835531,9.36868473997,2.03377702793e-07,0.000569190329037,5.82806300793,0.0232362816916,0.29134867611,7.37657964031,0.000214344950021,0.0584813579021,8.4820872721,1.04521430368e-05,0.00589333086101,5.38532499429,0.0449162648329,0.160688522766,-0.0908762502772,-0.925767128673,-0.326642990112,-1.14224946499,0.449627712369,-0.260551405385,2.78123484794,-2.36304409567,-0.0830560820856,1.5202260157,0.800353784016,-0.0103658943876,0.0136268589778,0.0229807453009,0.00143991987602,-0.0375528137,0.178533008615,-0.0190336979156,0.0231599450143,2.56838670596,-6.18838635815e-08,-0.000510332604609,-0.497892491874,4.47640677243e-06,0.00274691111711,0.12062194536,-1.34250500931e-07,-0.000337663816983,-1.44750229886,0.000747200486583,0.0546252759802,1.50856453344,-3.1397719128e-07,-0.00101183611493,-0.816895916424,3.9395579878e-06,0.00363724310325,-0.824334036341,2.40933640887e-05,0.021500992048,1.79472732026,-1.96735589256e-06,-0.00443429265845,-2.39002256132,1.40437291255e-05,0.0106829741624,-0.906268309264,2.00953074234e-05,0.0125563525637,-0.592755337281,0.000146549357044,0.0237346447526,1.58943014435,-5.03706584047e-06,-0.00812183527356,0.208969687411,-0.0638700437937,0.0913921824493,-1.72958398259,5.7453743163e-05,0.0217912313273,1.04897708732,-1.23463603799e-06,-0.00207030222699,1.42018144631,-0.0643415172417,-0.118504219065,0.588132852853,-0.000547617350123,-0.0624917881447,1.05889314047,-6.85488231402e-05,-0.0163793765607,1.00200468006,-0.0648526101831,-0.0732968865597
gradient,26,0.38,0.389999985695,predicted,Actual proposal support boundary; monitored coordinates are pre-native endpoint forecast,True,50,-0.147686779401,0.418150803359,-0.0816706274414,-0.0961547053242,0.154046888027,0.0372525457491,6.29779828837,6.24550709952,0.275810392045,-0.354792663691,2.48787666498,0.184254934743,0.277349459736,0.275287158532,0.26654631192,0.199915429287,4.54848141067,0.208844008753,0.699868259197,10.0891483419,3.5601898659e-09,4.76228832715e-05,9.02298147541,1.5069354044e-06,0.00177278476322,9.23902426535,1.84472799996e-07,0.0006904639348,7.80005578414,0.0001353343274,0.0237273204857,9.83979680987,3.31881110525e-08,0.000178095793052,9.1167591493,6.7445278057e-07,0.00120861228942,8.21568121671,4.78699453338e-06,0.00822004515175,9.21207515601,1.83859472967e-07,0.000721237744111,8.98628517098,1.49096484003e-06,0.00182349966451,8.4491511974,6.2194688253e-06,0.0056666545687,7.91455452841,5.77033232961e-05,0.0199521679031,8.92423813945,3.65493092572e-07,0.00129339628337,4.68480416095,0.165219935157,0.410574790748,8.49497912065,1.15968985828e-05,0.00601883172066,9.38267734611,1.86459274211e-07,0.000540984011352,5.83980892358,0.0227143100701,0.290558191643,7.38415897671,0.000207984307064,0.0576481260394,8.48884489146,9.98718310456e-06,0.00578572824145,5.39595587983,0.0442556756219,0.160017203938,-0.0990112565443,0.773453893319,-0.809245944023,-1.08324217796,0.607754208148,-0.218164911943,2.9933372236,-1.80291009069,-0.15226635653,1.40803568225,0.867323524084,-0.0109971822945,-0.00253838902026,-0.00139740040057,-0.0147732860875,-0.00966828868104,0.545611410911,-0.145877792056,0.0516764152294,2.12176857644,-4.60344847885e-08,-0.00039605553927,-1.12774430937,8.72166680827e-06,0.00558658817329,-0.149687553989,4.14047630559e-08,0.000170360032574,-0.530474169689,0.000254009503249,0.0223631983103,1.26148711514,-2.56539489319e-07,-0.000845760849073,-1.02095472659,5.32870583279e-06,0.00467914149773,-1.10736531855,2.94089095408e-05,0.0276702247629,2.02631630369,-2.05110086382e-06,-0.00479939022004,-1.94678884608,1.26837461312e-05,0.00914054185486,-1.21063079899,2.96866017355e-05,0.0171996955569,-0.235674966362,7.95217643967e-05,0.00931929143948,1.81438185222,-4.22557912824e-06,-0.00816047325511,-0.238612706571,0.053487191501,0.0608291549368,-2.0670939185,8.399769139e-05,0.0275704123985,1.12538035044,-1.35125054787e-06,-0.00226486327049,0.868423573096,-0.0382071937923,-0.0708221139872,0.985272568312,-0.000792433975701,-0.107607244611,0.529348451667,-3.67988616e-05,-0.00841649520263,0.847794251966,-0.055652601578,-0.0698170085981
gradient,26,0.39,0.399999976158,predicted,Actual proposal support boundary; monitored coordinates are pre-native endpoint forecast,True,50,-0.147128024306,0.434396672719,-0.0929680298233,-0.106615154781,0.161792851362,0.0353177573286,6.31810594378,6.23536492775,0.26931033037,-0.343309354447,2.49298644103,0.184154450582,0.277373686024,0.275384751306,0.266407553758,0.199696530728,4.55597298102,0.206871904308,0.700415357057,10.1067530695,3.21781219742e-09,4.45617013347e-05,9.01196838703,1.59196025397e-06,0.0018270672687,9.23431864277,1.88057556086e-07,0.000699598840822,7.79862220603,0.000135691219534,0.0238135479938,9.84746294511,3.1587130646e-08,0.000172723193793,9.10623211492,7.33646224808e-07,0.00125910427634,8.20255921275,5.12373548434e-06,0.00854212735141,9.23352678948,1.63142449873e-07,0.000671819781352,8.96756516451,1.62796947824e-06,0.00191713165483,8.43538798152,6.60738258664e-06,0.00586648937841,7.91808887812,5.71480819909e-05,0.0198092583325,8.94520012095,3.25540402107e-07,0.00120634760746,4.6783379414,0.166750500804,0.410988495656,8.47003865665,1.28073785895e-05,0.00636405660328,9.39119234698,1.76352691836e-07,0.000523893063627,5.84543147939,0.0224721378158,0.289932233831,7.39628509167,0.000198496270507,0.0563292130099,8.49267424113,9.7161658048e-06,0.00572500095695,5.40228087933,0.0438032128014,0.159292182594,0.189200970513,-4.15292400983,-0.806923866272,-0.995127737522,-0.0854854434729,-0.121644482903,2.29058355143,0.159713502952,-1.03864350852,0.750712512533,-1.14943625381,-0.0397731097624,-0.0290505027357,-0.0346387450012,0.0375326965973,-0.0146108070407,0.85244533116,-0.224798917108,0.0196756201645,1.52498510649,-3.01128745096e-08,-0.000268254291231,-0.692150716026,5.78658566365e-06,0.00358854101689,-1.13740679925,1.25494364096e-06,0.00272642952141,-1.09056509875,0.000444101787204,0.0502106868301,-3.57602824132,8.94168355102e-07,0.00270754370969,-1.10216880163,6.23216662554e-06,0.00523523443031,-1.08091431096,2.61208593106e-05,0.0260591319198,1.05858728334,-1.10336796861e-06,-0.00253518417166,-1.69687396946,1.215739002e-05,0.00836845550216,-1.07524683833,3.03062542762e-05,0.0157854092328,0.524898422344,-9.73987439521e-05,-0.0203776790305,1.90475651678,-4.08016627638e-06,-0.00833987541562,0.104435170402,-0.0167232124171,0.0848808667617,-1.90111996689,8.27841800978e-05,0.0266603945962,-1.51103365861,2.64753392599e-06,0.00393966161892,0.985496364314,-0.0409905218518,0.0522879930412,0.652304405403,-0.000504348033666,-0.0716886686716,0.768277470349,-4.94962942066e-05,-0.0119364922963,-0.247828645481,0.00419354135787,-0.0309021515994
gradient,26,0.4,0.409999996424,predicted,Actual proposal support boundary; monitored coordinates are pre-native endpoint forecast,True,50,-0.14390275999,0.335092323162,-0.0978091047668,-0.116057260075,0.152337179158,0.034819656091,6.3436099594,6.24870136958,0.255037521875,-0.339778413441,2.46488793991,0.183459472548,0.276768449682,0.274594383632,0.267296965852,0.199623213147,4.5655303173,0.204348030411,0.7002617716,10.119648044,2.9579323757e-09,4.22577974469e-05,9.00913846109,1.62266711767e-06,0.00184455558355,9.21627612937,2.09571672816e-07,0.000744992525228,7.77824448216,0.000144216363144,0.0247315342223,9.76827624504,5.10714781546e-08,0.000232246667246,9.09471577326,7.99096113081e-07,0.00131331697802,8.19406293049,5.30941171959e-06,0.00874122779014,9.23324690167,1.61792113595e-07,0.000670534060678,8.95234769159,1.73411264043e-06,0.00199086877455,8.42764626064,6.82559391082e-06,0.00598236275336,7.92505249686,5.5755348417e-05,0.0195446143225,8.96233326979,2.83889767045e-07,0.00112659877506,4.68689286436,0.164885470909,0.412272408084,8.45695672131,1.32525821847e-05,0.00655203961258,9.35245667293,2.39409952731e-07,0.00061977724373,5.85951885086,0.021894499633,0.291603951504,7.39720506482,0.000197897346391,0.0562143526659,8.50421044087,8.99725722043e-06,0.00554699839552,5.39099930692,0.0443395464491,0.159399160906,-0.0206920589012,-2.3643877859,-0.108974814415,-0.367943823337,-1.70526556671,0.00653604739594,4.8774895763,-0.59935758982,-1.41977121338,0.414449861637,-0.352697162614,-0.0441644024253,-0.0581096005327,-0.096265219052,0.0229190645116,0.0292607620287,0.391120191176,-0.198901959024,-0.136098730274,1.18323262037,-2.7071960826e-08,-0.000235824418161,-0.419848575046,3.59292886796e-06,0.00220288987743,-2.29418508469,2.90665885675e-06,0.00590466103485,-1.97843960846,0.000806698806488,0.0924367495668,-2.67585029166,6.78794083678e-07,0.00212228326996,-1.2503152488,5.98634532895e-06,0.00526541089714,-0.541890779497,1.06403241249e-05,0.0122500472222,-0.477980118417,2.50233180531e-07,0.000832908626198,-1.55242227765,1.22273668399e-05,0.00801437159954,-0.244418490205,6.6954879871e-06,0.00439620108755,0.319379242601,-9.05246677413e-05,-0.0118670807839,1.0691736389,-3.0960225673e-06,-0.0056286086281,1.23416128369,-0.266506453347,0.0814550283995,-1.25148585599,5.01136165675e-05,0.0182006485713,-1.89569517293,3.65036175883e-06,0.00534780549982,1.00589780046,-0.0394285462505,0.265604569832,-0.347697233402,0.000241854207526,0.0377796816299,0.537101277687,-4.6887563451e-05,-0.00943422060596,-1.20511044224,0.064323045708,0.0314125212762
gradient,26,0.41,0.419999986887,predicted,Actual proposal support boundary; monitored coordinates are pre-native endpoint forecast,True,50,-0.147541865484,0.387108917002,-0.0951475261116,-0.113974031248,0.127687540028,0.0354484782765,6.41565573531,6.22337777596,0.240914906102,-0.335020357214,2.48593249778,0.183271162534,0.276211494014,0.273459446925,0.266865935048,0.200281745968,4.56379538484,0.202893865128,0.697693382451,10.1304177219,2.6763729809e-09,3.98452129715e-05,9.00357141553,1.66381883133e-06,0.00187112506625,9.18843494108,2.46190733221e-07,0.000817692061519,7.75905341386,0.000151825195664,0.0256622829851,9.79394593928,4.51630123196e-08,0.000215168859193,9.08122580994,8.53373131387e-07,0.00136441249428,8.19172139716,5.33654196684e-06,0.00878712829585,9.22396718711,1.68147113484e-07,0.000688477953876,8.93651671895,1.87251681504e-06,0.00207741908682,8.43049961172,6.74129234638e-06,0.00595441340016,7.92447646297,5.53375886361e-05,0.0195719167168,8.96658359373,2.63619950761e-07,0.00109377543489,4.70302116708,0.161420371737,0.412617596224,8.44500893953,1.38096509209e-05,0.00672806957471,9.35327844352,2.49359927012e-07,0.000630849173624,5.8655494354,0.0216835668907,0.295244325227,7.38933114701,0.000203333354658,0.0570848066425,8.50341626669,8.77841453578e-06,0.00553631654483,5.37817867049,0.0450896737155,0.159920433019,-0.447998691864,3.96561858827,0.0176434516908,-0.223993837833,-2.72177705169,0.01135388442,6.83792890578,-1.06147044257,-1.3166637077,0.173978779448,3.09015597849,-0.0355707403279,-0.0641329400391,-0.115873685078,-0.0473157233749,0.0644001390802,0.312421582757,-0.224560721404,-0.258301910823,1.22101348981,-2.75526189168e-08,-0.000245392773679,-1.11527920037,8.53442184171e-06,0.00538501628129,-2.27807315874,3.1377300954e-06,0.00603835367717,-2.98716050316,0.00146606591404,0.139236805342,2.28890127995,-4.99683038287e-07,-0.00147000794541,-1.53437492578,5.95738903755e-06,0.00566573890531,-0.485675043799,9.99180938318e-06,0.0110524411125,-0.713772328462,4.49070848473e-07,0.00131260677849,-1.24493932573,1.1065919327e-05,0.00686386819178,0.376392871317,-1.19805482799e-05,-0.00475508064228,0.193288187937,-7.8644369148e-05,-0.0072045280385,0.618113899707,-2.19153607906e-06,-0.00375359543355,1.04902750937,-0.264189514779,-0.0805245808476,-1.18531197897,5.92052095626e-05,0.0175803305392,0.786061698768,-7.58080470567e-08,-0.000442738802304,0.726298993403,-0.0271347951701,0.285741241977,-0.779620445217,0.000539894947923,0.0870663558392,-0.901573095189,1.04926132518e-05,0.00971614500637,-1.5762526337,0.0879408185209,0.0498899206736
gradient,26,0.42,0.42999997735,predicted,Actual proposal support boundary; monitored coordinates are pre-native endpoint forecast,True,50,-0.152862733828,0.414404694928,-0.097456235733,-0.120537136831,0.097901638124,0.0350467337794,6.48036853752,6.22747196073,0.228704247721,-0.336298837852,2.52669105948,0.182748057741,0.275485790881,0.272276909931,0.266350651385,0.200911215928,4.57177874895,0.199856815983,0.695095733384,10.1440683138,2.40687999737e-09,3.73499419733e-05,8.98683287708,1.79335555451e-06,0.00195225590918,9.17071466619,2.72326274724e-07,0.000865759598771,7.7185012721,0.000173537681425,0.0275162703292,9.81405427064,4.10778173888e-08,0.000202846508338,9.06402827475,9.18243893832e-07,0.00142663175613,8.18434942961,5.50924790725e-06,0.00896227661239,9.2189714551,1.70773530565e-07,0.000696786196248,8.92744890508,1.95543102697e-06,0.00212814613839,8.43517411806,6.58598294523e-06,0.00588726114051,7.92891826062,5.41824610341e-05,0.0194005237617,8.97469554778,2.40059045464e-07,0.00105152686639,4.70787341455,0.159601680613,0.410661916467,8.43325048174,1.4436686376e-05,0.00690364622336,9.36817790691,2.3789379179e-07,0.000610922467684,5.87404483073,0.0213518037296,0.297318776344,7.38161265591,0.000208695245349,0.0579556797827,8.48617897896,9.20710948547e-06,0.00574132129565,5.35947425424,0.0460983628195,0.16039695932,-0.370658973687,2.41194244933,-0.110801100731,-0.359909832478,-2.70507916808,-0.0417398459865,5.29320414645,-1.17994504601,-0.724967724596,0.146321706378,2.39261059912,-0.030877860948,-0.0435388840861,-0.0721373537135,-0.027402453429,0.0360439967069,0.57566873,-0.217972739802,-0.201278884561,1.16142398595,-2.21537108318e-08,-0.00020739645272,-1.30933268826,1.08669714898e-05,0.00662353163656,-1.28412517991,1.88278959322e-06,0.00347031172959,-3.77354946313,0.00223655064417,0.171307760169,2.74669363826,-5.4937588665e-07,-0.00171155757081,-1.04534145823,3.70740704836e-06,0.00365258338066,-0.602888053736,1.40313097723e-05,0.0142626756697,-0.415827785022,2.22302940928e-07,0.000688546223878,-0.509980461504,4.05234863775e-06,0.00264694772355,0.309699746103,-1.00890804463e-05,-0.00427326279616,0.167642075174,-4.18451719998e-05,-0.0064418777862,0.328001435625,-1.53972642466e-06,-0.00232111115042,0.708093383929,-0.211609510204,-0.105785959954,-0.635415338058,2.35902235337e-05,0.00953779014864,1.68787366355,-1.5412371794e-06,-0.00255966314032,0.41072351471,-0.013620781735,0.215592602346,-0.64602404876,0.000457788607209,0.0730078271425,-1.03371898248,1.77340217529e-05,0.0114575050886,-1.51034507583,0.081780558274,0.043805094334
gradient,26,0.43,0.439999997616,predicted,Actual proposal support boundary; monitored coordinates are pre-native endpoint forecast,True,50,-0.154955044957,0.435347765988,-0.0973635481262,-0.121172227898,0.0735859566665,0.0346136813568,6.52151981824,6.19977887504,0.22641555161,-0.332093923087,2.53378470976,0.182653605315,0.275340716332,0.272016699851,0.266317885979,0.201002625902,4.57530875944,0.198534410332,0.69366780476,10.1536462017,2.23329876426e-09,3.56972839171e-05,8.97738476177,1.88115826113e-06,0.00200359569898,9.16275243748,2.83846525085e-07,0.000887098296111,7.6835824246,0.000196556208547,0.0290884381885,9.84887981204,3.41754945866e-08,0.000180937707776,9.06031898078,9.27521272355e-07,0.00143746416189,8.17966363609,5.61716816229e-06,0.00907238180925,9.21565063141,1.72593172303e-07,0.000702248878354,8.92631710972,1.9535637878e-06,0.00213035804129,8.43669360664,6.53951073746e-06,0.00586894814424,7.92782930448,5.45006851961e-05,0.0194430791611,8.97314362244,2.32825422268e-07,0.00104735321189,4.71718303476,0.157188181533,0.410501877025,8.43230063277,1.42814553916e-05,0.00691882537768,9.38703591679,2.18535183424e-07,0.000579655910817,5.8737639057,0.021411151256,0.299556177274,7.37641066603,0.000212489126802,0.0585449631853,8.48274188704,9.13309497084e-06,0.00576546664661,5.34797176897,0.046725284881,0.160796534906,-0.0803798647052,1.11524345038,0.115843653679,0.652468144894,-2.23446489871,0.0190158907036,4.28705030416,-1.91490175411,-0.0728319149888,0.461050963509,0.599249231493,-0.0355784399265,-0.0202781075662,-0.0300742992791,0.0090310359005,0.0103015518607,0.347098516204,-0.121180777616,-0.167138204816,-0.269781005134,4.53623406761e-09,4.74992231957e-05,-0.465681096111,4.64113194863e-06,0.00265675873258,-1.24144199748,1.86775995881e-06,0.00345189984915,-3.5976035168,0.00269778226509,0.155197586288,2.00358026375,-3.66356031063e-07,-0.00116844954259,-0.14394622874,6.73138631309e-07,0.000538368084603,-0.214573178219,1.80924679752e-06,0.00388315415425,-0.69758558836,5.47535559301e-07,0.00143444666153,0.418440309619,-4.80839405353e-06,-0.00265762518852,0.178237412415,4.09452083655e-07,-0.00173638636487,-0.474976981388,0.000105758105549,0.0189131418184,-0.861215054341,3.64713995316e-07,0.00229920586718,1.21601565974,-0.281182200816,0.0620163717525,0.452503605969,-4.10991514182e-05,-0.00668855337319,0.70305392892,-1.92337097122e-07,-0.000513606877076,-0.767762264116,0.0404269348659,0.277310234043,-0.423374235143,0.000331083519185,0.0468616147017,-0.385224866803,1.66617731079e-06,0.00362704433872,-1.50206151839,0.0797009665717,0.0387227330373
gradient,26,0.44,0.449999988079,predicted,Actual proposal support boundary; monitored coordinates are pre-native endpoint forecast,True,50,-0.154470331122,0.436709563935,-0.0951393626595,-0.107487773933,0.0532123401499,0.0354270515935,6.5661095436,6.18917392564,0.227247609421,-0.327077818581,2.5386760441,0.182036488943,0.27508022873,0.271675423945,0.266531272103,0.201117246965,4.57872071928,0.19743320043,0.691752969288,10.1386726937,2.49760467872e-09,3.82999264373e-05,8.97751925516,1.88617819348e-06,0.00200539108383,9.14588582624,3.096814739e-07,0.000934797595754,7.64654920176,0.000227493326726,0.0306202220549,9.85412587592,3.37506967676e-08,0.000179477517486,9.06114935017,9.31706666458e-07,0.00143739911782,8.18005796605,5.5454328432e-06,0.00903993969548,9.20501974334,1.81724241751e-07,0.000725475129479,8.93581771127,1.8592631459e-06,0.00207499363462,8.43873886631,6.5941719869e-06,0.00585253341321,7.91941872099,5.6297623145e-05,0.0197787865981,8.9574712467,2.4735332537e-07,0.00109751098373,4.73219372774,0.153978036597,0.411902243902,8.44230055385,1.36147033476e-05,0.0067698751559,9.38223898549,2.34047049847e-07,0.000600650330143,5.85868958545,0.0221603424269,0.302864981025,7.37314517121,0.000215316915733,0.0588929120768,8.47847448163,9.24043303168e-06,0.00581386218242,5.32943302388,0.0476923821509,0.161171413981,0.114159204298,-0.238984448551,0.234392642975,1.29699993134,-1.44651050866,0.0579556748675,3.35638788748,-1.62411745593,-0.0718358660399,0.232554823396,0.0983406182964,-0.0373195946828,-0.00925604623473,-0.00929301784497,0.0137379865714,0.00272900926535,0.254251271417,-0.0822200687642,-0.102994838428,-0.895569907085,1.65543213925e-08,0.000162056129801,1.18445968688,-1.01704893526e-05,-0.00611195813885,-1.45278115748,2.27817537989e-06,0.00415539121109,-2.92930344183,0.00257027914268,0.120211621952,1.63137166911,-2.55681473443e-07,-0.00087170864027,0.774330390369,-3.32969927382e-06,-0.00308314617363,0.116308092603,-8.08765654242e-06,-0.00474295479388,-0.795122743333,6.84428356507e-07,0.00174207373909,0.481186293047,-5.04918623254e-06,-0.00288648705774,-0.0554357056589,1.03016626594e-05,0.00213236748381,-0.866854289692,0.000183485874965,0.0347965932577,-1.30179919508,1.17374049372e-06,0.0041671804729,1.3105062064,-0.273472120724,0.162024308128,0.799457277184,-5.29392234975e-05,-0.011859178314,0.159635690745,4.45505872908e-07,0.00049113811591,-1.24074054683,0.062496349761,0.267593955705,-0.413595437224,0.000409225428458,0.0429484330367,0.862211578777,-5.14563083878e-05,-0.0133959604107,-1.14269268441,0.0577660215576,0.0271163684297
gradient,26,0.45,0.459999978542,predicted,Actual proposal support boundary; monitored coordinates are pre-native endpoint forecast,True,50,-0.152671860871,0.430568077017,-0.0926756952667,-0.0952322292709,0.0446557464933,0.0357727948542,6.58864757599,6.16729652592,0.224978834289,-0.327442826619,2.53575152212,0.181907213421,0.275155595407,0.271830839494,0.266592645711,0.201057206088,4.58039378487,0.196890008956,0.691607907991,10.1357348035,2.56438519211e-09,3.89384065131e-05,9.0010739555,1.67774847408e-06,0.00188135653621,9.13369681433,3.29410032683e-07,0.000970206120332,7.62499635576,0.000247961791401,0.0314926706276,9.88150724543,2.90618651177e-08,0.000163503534971,9.07580558858,8.60927286878e-07,0.00137580123842,8.18198979794,5.45541503144e-06,0.00897752271337,9.19974817655,1.86281739433e-07,0.000737090353135,8.93594083558,1.85258006314e-06,0.00207262830014,8.43558489253,6.74554399064e-06,0.00591159549391,7.91049221868,5.81704026954e-05,0.0201390110262,8.94710763854,2.56300232142e-07,0.00113069682134,4.74339315888,0.151718739118,0.413742363187,8.44828977831,1.32226709216e-05,0.0066816418114,9.39022863061,2.27445300882e-07,0.000589478673135,5.84894909476,0.0226610782513,0.304908056388,7.36813875729,0.000220673635371,0.0594039318461,8.49998611861,8.10396880309e-06,0.00549754743839,5.32511791528,0.0478806053122,0.161338862275,-0.179676744429,-0.613029751506,-0.0281149148941,0.992587298155,-0.772785693407,0.0276044519055,2.1774368516,-2.15026630428,-0.261977976321,-0.152724759723,-0.0166976042137,-0.0102199173095,0.00834107054802,0.0156543046427,0.00334231828399,-0.0072272178137,0.368707865394,-0.103622500009,0.00877686353303,0.144413296402,-2.12521154022e-09,-1.83019029506e-05,1.55407223618,-1.31804210693e-05,-0.00796977499915,-1.27438759677,2.12550601528e-06,0.00375985716514,-2.01849657275,0.00194683707302,0.0837717894096,2.71946673219,-4.36370775515e-07,-0.00152853443963,1.35966921948,-6.31386621744e-06,-0.00560061918633,-0.0466495179949,-2.03806320814e-06,-1.29168792193e-05,-0.222706049872,1.78624952552e-07,0.000467352211698,0.221610205927,-2.93967199419e-06,-0.00153623405257,-0.528193612397,2.07630525225e-05,0.0089403895235,-0.577794800732,0.000118709550848,0.0234045658643,-0.646933015514,4.14685721985e-07,0.00190772109103,0.756758445814,-0.160369605433,0.149862368082,0.478056140713,-3.7282457392e-05,-0.00697441855314,1.23491496904,-1.23555345198e-06,-0.00200422774195,-0.883354327262,0.0456720782799,0.189563460407,-0.335526135872,0.000418813354949,0.031675261228,1.77932789148,-9.14479861382e-05,-0.0260943185697,-0.284805260921,0.0114053909895,0.00777425266669
gradient,26,0.46,0.469999998808,predicted,Actual proposal support boundary; monitored coordinates are pre-native endpoint forecast,True,50,-0.15806386601,0.424448968905,-0.0957016609573,-0.0876360279703,0.0377566262817,0.0359791406316,6.60965828063,6.14616859956,0.222008049895,-0.330132313776,2.53834209202,0.181832090596,0.27524705014,0.271988510038,0.266598118468,0.200972702609,4.58609487658,0.19536075043,0.691928506558,10.1415609596,2.45510044792e-09,3.79338883782e-05,9.00860069988,1.62256977209e-06,0.00184599558385,9.12039807431,3.52191594206e-07,0.00100999473906,7.60617927031,0.000266430068187,0.0322956578431,9.90851521056,2.50232812573e-08,0.000148906828693,9.08834273456,8.05429342109e-07,0.00132538673409,8.17912497569,5.50467157904e-06,0.0090396813579,9.20056562234,1.85296740802e-07,0.000734822173712,8.94024991539,1.80046970601e-06,0.00204426895357,8.42817499406,7.00943303735e-06,0.00603134120368,7.90786282497,5.8671814162e-05,0.0202468779154,8.94453258639,2.5564703981e-07,0.00113566540555,4.74732889666,0.150770644488,0.414899491263,8.45186167667,1.28690541998e-05,0.00663038678484,9.40693728487,2.09335980808e-07,0.000560565775304,5.8410224989,0.0230737839925,0.306656250233,7.36643464849,0.000223693182832,0.0595264173013,8.51406103946,7.41147330892e-06,0.00529197581103,5.32373691866,0.0479204899707,0.161326899034,-0.325864021571,0.344206205597,-0.178443193436,0.967368632555,-0.270457535982,0.0220177396179,1.74387707688,-2.68372106878,-0.528117332026,-0.640222338034,-0.505726571002,-0.00479792859749,0.0149081927493,0.0267636809736,0.0100068485813,-0.00563155478418,0.551160568774,-0.114351877449,0.0947368203505,0.615812423605,-1.06863416207e-08,-0.000101522334506,1.26816517918,-9.2715741819e-06,-0.00594382278836,-1.40715013844,2.51588363412e-06,0.00429910338173,-1.1842696275,0.00120624925301,0.0493099442018,2.63936071553,-3.71849499437e-07,-0.00138075555185,2.34485400731,-1.07470096815e-05,-0.00968201856213,-0.0752639780681,1.65589577296e-06,0.00160434974787,0.110418486725,-9.48404503627e-08,-0.000256016328672,0.496972303872,-6.77028485322e-06,-0.00356143703539,-0.64685215923,1.97674848903e-05,0.0103161805407,-0.320437433024,6.26596798582e-05,0.0130745953201,-0.544888996703,4.31257171887e-07,0.00172188242454,0.240808017025,-0.072093176939,0.121266289464,0.799258973139,-6.56469983945e-05,-0.0119548521834,1.80072152897,-1.91686993504e-06,-0.0031138578543,-0.764811021167,0.0398177719874,0.183860278512,-0.255645605052,0.000357389537808,0.0239279296771,2.3069485766,-9.74365631082e-05,-0.0317319258728,0.192918745627,-0.016500208566,0.00219905073477
gradient,26,0.47,0.479999989271,predicted,Actual proposal support boundary; monitored coordinates are pre-native endpoint forecast,True,50,-0.159189141303,0.437452201129,-0.0962445591354,-0.0758848566198,0.0392465957737,0.0362131496465,6.62352511752,6.11362210454,0.214416487649,-0.340247273379,2.5256369907,0.181811254849,0.275453759262,0.272366113113,0.266792782683,0.200944574992,4.59141699624,0.194602971407,0.693502644398,10.148051052,2.3506583597e-09,3.6907959823e-05,9.02643725909,1.49231699044e-06,0.00176248008044,9.10555381156,3.79727705365e-07,0.00105618818797,7.60131096321,0.000272086776461,0.0324788695116,9.93429445974,2.1624875129e-08,0.000135888423934,9.12270266873,6.45987093249e-07,0.00118216086718,8.18048451838,5.4885329469e-06,0.00900960970833,9.20195654628,1.84384930426e-07,0.000731970026562,8.94588028166,1.71717436608e-06,0.00200139955943,8.42264784934,7.14089368845e-06,0.00611791910473,7.90408347002,5.94235962925e-05,0.0204005029326,8.93620985861,2.6492537558e-07,0.00116513446983,4.74820931923,0.15027687558,0.416167688976,8.46427495778,1.19097309537e-05,0.00644254476773,9.42624306119,1.89107902181e-07,0.000527201516049,5.83365287434,0.023457433691,0.308585261958,7.36302584518,0.000227821426127,0.0598824904396,8.54612509015,6.15523754092e-06,0.00486290892094,5.32897629019,0.0475506011409,0.161382843289,-0.30458129909,4.22133868172,-0.0262778997422,1.56832429767,0.324959903955,0.00978152172902,1.00783770222,-2.40534612319,-0.831573062157,-0.958487228691,-1.01530378302,-0.00139525167021,0.0159238121071,0.0308004826442,0.0160139720358,-0.00687541636801,0.375439083609,-0.0609644648882,0.143021515413,0.242941317275,-5.23907712814e-09,-4.68726739241e-05,1.91316771791,-1.27535109101e-05,-0.00852295557366,-1.62409918644,3.11212440561e-06,0.00517125394167,-0.16701392312,0.000255045848985,0.00381370276928,2.22858436753,-2.8138847812e-07,-0.00109978131834,2.87687267519,-1.16490509125e-05,-0.0111051558299,0.125584171107,-1.7776637141e-06,-0.0027800202955,0.0872263194282,-6.001776307e-08,-0.00018699700845,0.609742885709,-7.42462835816e-06,-0.00410285714905,-0.369364041056,1.08557775455e-05,0.00605033244488,-0.474383736658,8.69358640415e-05,0.0195077673151,-1.01476549477,1.27826300539e-06,0.00374371759133,0.0417304149601,-0.0377840175127,0.148931560966,1.41018974774,-9.35291515594e-05,-0.0206155015476,1.80925091223,-1.86023451201e-06,-0.00311742857741,-0.91478378198,0.0469381597625,0.213553403964,-0.127273195277,0.000206231659227,0.0119022174092,2.9045470373,-9.94383799703e-05,-0.0372043003464,0.257699626186,-0.0207532204231,0.00419464608449
gradient,26,0.48,0.489999979734,predicted,Actual proposal support boundary; monitored coordinates are pre-native endpoint forecast,True,50,-0.164155491992,0.508875742539,-0.0962272189522,-0.056269542017,0.0442558243608,0.0361747710662,6.62981503467,6.09806167709,0.205376588651,-0.34930205835,2.51803601636,0.181804185563,0.275565526383,0.272604519691,0.266918397909,0.200835194282,4.59360365826,0.194141461133,0.694788936867,10.146419786,2.35031890535e-09,3.69964348998e-05,9.04686405424,1.36749955389e-06,0.00167553647237,9.08791609058,4.14434082318e-07,0.00111341981789,7.60283899185,0.000271530985167,0.0323719318985,9.95308689791,1.93955116949e-08,0.000126911202326,9.14588018807,5.7244832386e-07,0.0011032836175,8.18163665911,5.46911830476e-06,0.00898408095199,9.20231014873,1.8409638554e-07,0.000731082233543,8.9524447731,1.65197713885e-06,0.00196221181059,8.42078771324,7.22654858826e-06,0.00615234785258,7.89837515024,6.04105314428e-05,0.0206370332617,8.92423727649,2.81212299918e-07,0.00121053975738,4.74816350496,0.150014964138,0.417878122483,8.48006547162,1.09984711686e-05,0.00621807675388,9.44312230311,1.72131290568e-07,0.000498217203755,5.82272682326,0.0240125471878,0.310927318312,7.36388918459,0.000227817816016,0.0597644616495,8.5721519802,5.42270570951e-06,0.0045478898041,5.32889091118,0.0475054255622,0.161410791956,-0.123968437896,3.87511739045,-0.217055559158,1.68129140139,0.137086957693,-0.0164845565296,1.94952236159,-1.54252891428,-0.564829076545,-0.515886505951,0.230052180443,-0.00305251389662,0.0020386231927,0.00661157960658,-0.00160618644701,-0.0141938398244,0.439926077516,-0.10625745408,0.066616357329,-0.0497345503558,-2.32935066069e-09,-1.26799413049e-05,0.449233896324,-8.264941801e-07,-0.00104004962101,-1.72918892483,3.52904702705e-06,0.00571902931156,-0.154015200469,0.000205192679514,0.00509678086092,2.15397428924,-2.36638299487e-07,-0.000977844340174,0.977149283194,-1.84259118679e-06,-0.00256161517426,-0.176192674919,4.48311391413e-06,0.00439438040129,0.130073776134,-1.30077874771e-07,-0.000321151173882,0.562227846154,-5.38664885967e-06,-0.00326929547476,-0.210015345571,8.69558233594e-06,0.00368102076924,-0.565054352034,0.000109682494826,0.0234391210243,-0.927408879961,1.2350275925e-06,0.00346817797437,0.0335231164826,-0.0300878166241,0.156919480701,0.983794787183,-6.44754735665e-05,-0.0135172350777,1.79612462125,-1.67649534428e-06,-0.00292688656926,-1.10472026149,0.0566462621473,0.231954101126,0.342268025168,-0.000237665553489,-0.0403468079757,1.39871959188,-3.33246500223e-05,-0.0164771815367,-0.120558166999,0.00380791633748,0.0120683011919
gradient,26,0.49,0.5,predicted,Actual proposal support boundary; monitored coordinates are pre-native endpoint forecast,True,50,-0.161668510061,0.514954548938,-0.100585670319,-0.0422590285921,0.0419883349276,0.0358834585159,6.66251556476,6.08277152626,0.203119906118,-0.350565003498,2.53023803431,0.181750204571,0.275494531726,0.272498344706,0.266760658954,0.200660698196,4.60021551779,0.192477822326,0.694834971545,10.147056361,2.30407134649e-09,3.66543609969e-05,9.03542193701,1.47578710684e-06,0.00174167908802,9.07097003306,4.50308645906e-07,0.0011705687742,7.5982306592,0.000276190630051,0.0325808051288,9.97737394552,1.68921091392e-08,0.00011633153713,9.14224565439,6.09135269513e-07,0.00113092856369,8.17696066488,5.57819522518e-06,0.00909749731635,9.2045580218,1.8178337293e-07,0.000725547003084,8.95712483858,1.60944138889e-06,0.00193601364993,8.41844754243,7.31480533517e-06,0.00619153952011,7.89278238298,6.16172461891e-05,0.0208692853531,8.91766168101,2.8962592743e-07,0.00123449802932,4.74887978155,0.149675119247,0.41930607859,8.48395085352,1.06202214824e-05,0.00617220006618,9.46216555361,1.55577995296e-07,0.000468663784664,5.81155846911,0.024590358934,0.313224343981,7.36987120569,0.000223068115058,0.0590755542801,8.57409948198,5.48874454048e-06,0.0045333652902,5.32656512685,0.0476267594676,0.161624209313,0.248698193145,0.607880639878,-0.435845136642,1.40105134249,-0.226748943329,-0.0291312550277,3.27005300808,-1.52901508367,-0.225668253355,-0.126294514874,1.22020179522,-0.00539809918298,-0.00709946564264,-0.0106174985153,-0.015773895556,-0.0174496086226,0.661185953878,-0.16636388068,0.00460346784249,0.0636575002481,-4.62475588674e-09,-3.42073902883e-05,-1.14421172244,1.08287552943e-05,0.00661426156446,-1.69460575117,3.58745635887e-06,0.00571489563079,-0.460833264126,0.00046596448846,0.0208873230331,2.42870476095,-2.50340255565e-07,-0.0010579665196,-0.363453367247,3.66869456533e-06,0.00276449461979,-0.467599423306,1.09076920422e-05,0.0113416364369,0.224787307615,-2.31301261026e-07,-0.00055352304591,0.468006548029,-4.25357499645e-06,-0.0026198160651,-0.234017080921,8.82567469086e-06,0.00391916675293,-0.559276725929,0.000120671474622,0.0232252091399,-0.657559548585,8.41362751256e-07,0.00239582719453,0.0716276595269,-0.0339844890699,0.142795610777,0.38853818963,-3.78249686194e-05,-0.00458766877055,1.90432505015,-1.65532952716e-06,-0.00295534190913,-1.11683541546,0.0577811746175,0.229702566896,0.598202110025,-0.000474970095882,-0.0688907369411,0.194750177955,6.60388309648e-06,-0.00145245138975,-0.232578432802,0.012133390536,0.0213417357496
gradient,27,0,0.00999999977648,predicted,Actual proposal support boundary; monitored coordinates are pre-native endpoint forecast,True,50,-0.28682652772,0.771879881883,-0.0943943284416,-0.148877289929,0.242364369158,0.0272683615579,4.67063690488,6.89572773379,0.115802326306,-0.423506615354,1.02552658415,0.179557963303,0.273415368731,0.310214869191,0.287204592364,0.186832051561,4.61293160005,0.215470794431,0.745533006356,9.79771992599,1.83923855666e-08,0.000140145049552,9.4608841677,2.34476852766e-07,0.000584629016174,9.75359495937,1.32526422763e-08,0.000121444509746,8.0308051248,4.79015434466e-05,0.015821843806,9.60519502582,3.46893155631e-08,0.000225426254504,9.49839032538,7.64728997403e-08,0.000338055988357,8.15801436756,6.19606026285e-06,0.00948593208711,9.29772411411,1.03024423697e-07,0.000515873122516,9.39576500152,7.05440611193e-08,0.000387736468802,8.52060297524,3.05235710854e-06,0.00438669981923,8.36702780928,8.04347886029e-06,0.00727637327351,8.72841593129,1.68695688623e-06,0.00279222106633,4.58409070987,0.180856822836,0.397165239326,8.90985313902,2.49412065393e-06,0.00235057365907,9.25138049844,1.14154618051e-07,0.000545641906853,5.46138516681,0.0430309311736,0.277635615593,7.35741791783,0.000250166132527,0.0597485370001,8.91692423531,9.70542872234e-07,0.00177943718951,5.3766155208,0.0465102810545,0.167892004542,3.85840990836,-5.50520435276,2.28944087029,-1.14433258772,7.35701014102,0.0797739536068,6.99031711602,-22.0386722046,-7.96360575688,-5.68533246517,14.8220210048,0.709537662016,0.240656867762,-0.326551251422,0.109076536594,-0.0389909507312,-4.87033211853,1.25389216187,0.471261765421,8.63594148518,-8.97934120337e-07,-0.00421443449391,7.83026864086,-8.93699234805e-06,-0.0143683309081,-8.48433950269,5.87829896127e-07,0.00392806121217,3.29013788756,-0.000337486974056,-0.0972543369706,1.00757944394,3.36258272239e-07,0.000620631513726,2.21265853809,-1.905900233e-06,-0.00456068342406,5.83868164776,-0.000125826150311,-0.133030736081,-0.560359409903,1.27998983254e-06,0.00265536609179,-8.41652623027,2.88701995717e-06,0.0113505508758,2.97842264873,-7.72026922397e-05,-0.0377345314181,-0.553961308121,4.49194359871e-06,-0.00171340099275,4.44842917745,-1.65920505117e-05,-0.0271070453486,-3.11126016082,0.996152338695,-0.398934938658,-2.21017221693,-1.16237544831e-06,0.00600378595802,0.128740782778,1.36680053534e-06,0.0021612386918,9.9975416351,-0.663553425834,-0.84434138735,-1.23916486384,0.000473058883745,0.185437457709,9.60830031719,-4.19576266004e-05,-0.0485482921694,0.158548385249,-0.246357941258,-1.06926150902
gradient,27,0.01,0.019999999553,predicted,Actual proposal support boundary; monitored coordinates are pre-native endpoint forecast,True,50,-0.248242428636,0.716827838355,-0.0714999197388,-0.160320615807,0.315934470568,0.028066101094,4.74054007604,6.67534101175,0.0361662687371,-0.480359940005,1.1737467942,0.186653339923,0.275821937409,0.306949356677,0.28829535773,0.186442142054,4.56422827886,0.22800971605,0.75024562401,9.88407934084,9.41304436326e-09,9.80007046126e-05,9.53918685411,1.45106929285e-07,0.000440945707093,9.66875156434,1.91309412376e-08,0.000160725121868,8.06370650368,4.45266737061e-05,0.0148493004363,9.61527082026,3.80518982855e-08,0.000231632569641,9.52051691076,5.74138974103e-08,0.000292449154116,8.21640118404,4.93779875974e-06,0.00815562472629,9.29212052002,1.15824322022e-07,0.000542426783434,9.31159973922,9.9414260691e-08,0.00050124197756,8.55038720173,2.28033018614e-06,0.00400935450505,8.3614881962,8.08839829628e-06,0.00725923926358,8.77290022307,1.52103638112e-06,0.00252115061284,4.55297810826,0.190818346223,0.39317588994,8.88775141685,2.48249689945e-06,0.00241061151865,9.25266790626,1.27822623405e-07,0.000567254293771,5.56136058316,0.0363953969152,0.269192201719,7.34502626919,0.000254896721365,0.0616029115771,9.01300723848,5.5096660623e-07,0.00129395426781,5.37820100465,0.0440467016419,0.157199389452,3.38487105444,-5.2623711592,0.648641467095,4.50390391052,2.92870289832,0.246705891005,9.59215987569,-8.49284370505,-5.22168108316,-2.96383514736,25.7014780217,0.487533039849,0.169162148179,-0.308325773796,-0.15508222421,0.162916446732,-0.921709214408,0.11519398423,0.242561202359,3.9212931217,-4.52929502735e-07,-0.0019983047887,1.06311192731,-2.06172791443e-06,-0.00298491655332,-12.0019076535,1.55827061247e-06,0.00794139306235,2.68502305458,-0.00039208070051,-0.080323423046,0.270260900535,6.75897104869e-07,0.00154224487494,-1.19407108077,2.63934169176e-08,0.000531286806168,2.46311939908,-6.28900468648e-05,-0.0586712206552,-0.266099491226,9.96737468478e-07,0.00177789473841,-0.0121902119189,-2.33158519317e-07,0.000201972749927,3.19637733345,-5.01539487549e-05,-0.0321535100542,-3.48560692585,0.000111184367471,0.0557827494701,2.15781519324,-1.14816099584e-05,-0.0155432577545,-1.75231080052,0.680013975936,0.13151741714,1.44339980774,-3.35175016023e-05,-0.0125479834791,-0.952425064329,2.99112363006e-06,0.00566312992296,3.94315705799,-0.261337147405,0.0731744574315,-1.4537552311,0.00133066390947,0.184521423114,2.41742339068,-1.61608198389e-05,-0.0144685851795,-0.993687412775,-0.121875804254,-0.682835066761
gradient,27,0.02,0.0299999993294,predicted,Actual proposal support boundary; monitored coordinates are pre-native endpoint forecast,True,50,-0.219129106631,0.666632458699,-0.0814214990997,-0.058799211719,0.300938427124,0.032202479378,4.86248010239,6.72587085969,0.0113687046427,-0.482783318301,1.53955614459,0.1893086241,0.276798611695,0.304048353715,0.284102947879,0.190090380496,4.59449741576,0.217774674115,0.750384230403,9.87614578842,9.33379551191e-09,0.000100178953778,9.48214640624,1.93242294477e-07,0.000524930685108,9.5135568063,4.44180545257e-08,0.000280272370993,8.0845055859,4.00599294364e-05,0.0142153753451,9.61060024383,4.82072576605e-08,0.000256271152003,9.47450890376,7.70007680786e-08,0.00034868172448,8.20727675555,4.93825932555e-06,0.008312507674,9.29240212429,1.22959173067e-07,0.000551431017284,9.39552119729,6.5880890733e-08,0.0003917759238,8.58453052191,2.04927813344e-06,0.00374362961815,8.29731567076,1.02671662097e-05,0.00839202826291,8.77157223516,1.45732468706e-06,0.00248135591124,4.54904449386,0.194457102355,0.399795587669,8.93872113517,1.82377062188e-06,0.00209961398948,9.23233199715,1.73977090653e-07,0.000658904505312,5.54024830797,0.0378041882255,0.279099104741,7.32834281321,0.000276779410717,0.0634389654623,8.96527270312,6.47326475456e-07,0.00149006548592,5.35674177255,0.0440727649694,0.154235303207,2.51820742827,-4.84771093895,-0.989246368408,7.97077211738,-1.77622830868,0.548059194875,22.716980927,2.8436737486,-2.19083149426,-0.441038203682,34.6231133894,0.0591697734897,-0.0526614697974,-0.503164716479,-0.564077792836,0.551105805198,2.96362916967,-1.12836965806,-0.191232296796,-1.705931885,8.2858445434e-08,0.000678455313126,-9.50132830079,1.08251836577e-05,0.0162329563338,-14.4608791752,3.58257626191e-06,0.0141129354245,2.41788691686,-0.000470849662349,-0.0718910790837,0.962176139032,5.55412917138e-07,0.000985671407434,-6.14563771416,2.90989154513e-06,0.00766708791229,-0.611867850819,-1.27791664651e-06,0.0105581308854,-0.239995664126,7.56274974186e-07,0.00124548367414,2.08703159816,-8.7942062784e-07,-0.00146454452754,3.15753255116,-1.86131815779e-05,-0.025072090039,-5.61446553283,0.000199288832206,0.10408779519,-0.748425394314,-4.96663428013e-07,0.00111554715593,-0.558697227846,0.394394195032,0.0662706586964,-0.861501848506,-2.47072710034e-05,0.000646654151781,-1.06630712254,3.56490789535e-06,0.00650361412295,-2.44403016735,0.164906339567,0.930030982331,-1.08760989167,0.00148266410768,0.120513392583,-5.65638564893,1.4431636499e-05,0.0254652932292,-1.61686196158,0.0211418574892,-0.247402243674
gradient,27,0.03,0.0399999991059,predicted,Actual proposal support boundary; monitored coordinates are pre-native endpoint forecast,True,50,-0.197878280071,0.619873619576,-0.0912848471069,-0.000905173459053,0.280409904394,0.0390272849915,5.19487969458,6.73221448672,-0.00765036114806,-0.489180704079,1.86620906199,0.187836735393,0.274768708013,0.296886062347,0.277013801873,0.197464258158,4.62350086226,0.205442322888,0.746420978074,9.84996070314,1.10702132719e-08,0.000111569810875,9.34916028809,3.61610602438e-07,0.000765604833768,9.37953398083,9.07824664757e-08,0.000442983830357,8.11206424202,3.51096804591e-05,0.0134114788546,9.63451434304,4.91601566282e-08,0.00025134599779,9.39760415647,1.15611728313e-07,0.000445790912362,8.20416382702,4.91224042681e-06,0.008366787344,9.28732060673,1.30949821506e-07,0.000567336456917,9.35334037118,8.18258481342e-08,0.000471951087009,8.61353785275,1.90806655458e-06,0.00350791270427,8.24919888554,1.20741749404e-05,0.00934099516738,8.75793171518,1.51110311256e-06,0.00254346155596,4.5418041637,0.198706230124,0.394501303114,8.87052137988,1.98835147938e-06,0.00242354460168,9.23134176381,1.99120781312e-07,0.00069732657623,5.51247997981,0.0396935237065,0.287792821366,7.32327407136,0.000284550003518,0.0640131794288,8.8998795255,8.3959933621e-07,0.00180326013239,5.34586376542,0.0444695387917,0.152251344579,1.69288435052,-3.11596987935,-0.568015575409,4.22691797465,-1.95419281721,0.573940094314,33.0896107161,-2.37527253457,-0.80074921155,1.16134820894,25.1814722543,-0.216107129877,-0.259051627668,-0.540657941238,-0.708691949108,0.541853651033,1.52145915181,-0.887226919194,-0.573814197721,-2.19133358181,1.5550085035e-07,0.000995832430591,-13.0081130409,2.2987712258e-05,0.0280884074379,-11.0618601572,5.0811685472e-06,0.0156478838347,1.70307276581,-0.000280734141754,-0.0504470896063,0.552243713775,8.82181736978e-07,0.0016104688482,-7.14042962844,4.84443188693e-06,0.0106366387442,-0.0221482115244,-3.94870707527e-06,-0.000124388219924,-0.491836229233,5.27649620644e-07,0.00121208202928,-6.49899371086,4.29110095816e-06,0.0135884745484,1.70202120204,6.19184603035e-06,-0.0108718633864,-4.28380781589,0.000179166511771,0.0883522235245,-1.27219349986,3.4505594322e-06,0.0051527252405,0.290853799936,0.108952903059,-0.224475283089,-7.62545804461,1.52054908991e-05,0.0412960951802,-1.0938658503,4.54568969739e-06,0.00654297447817,-1.9562763428,0.153404349974,0.830669993374,-0.0436224945144,0.000175678668112,0.00763345703332,-6.04424855271,2.81112457221e-05,0.0329971308475,-1.03987742371,0.0564155319503,-0.153120327708
gradient,27,0.04,0.0499999970198,predicted,Actual proposal support boundary; monitored coordinates are pre-native endpoint forecast,True,50,-0.185271419621,0.604313061112,-0.0927818106079,0.025739147774,0.26185457078,0.0436812812643,5.52427231671,6.678365409,-0.0046462795883,-0.459556354122,2.04318558967,0.184986481503,0.271617579141,0.29323519489,0.269929108897,0.200927453517,4.6249265988,0.200030135732,0.738907946449,9.83231911678,1.24438125189e-08,0.00012009560239,9.22198414543,6.52996539636e-07,0.00108669883387,9.29231960315,1.4604142547e-07,0.000593230047688,8.11856704121,3.44452466014e-05,0.0132064335529,9.6216451181,6.58508924e-08,0.000288480528967,9.33170031119,1.73889405817e-07,0.000561414499365,8.20683379131,4.85928518405e-06,0.0083100199096,9.28256539971,1.33512165479e-07,0.00057567265787,9.26554132307,1.51702909896e-07,0.000663545414768,8.61857094595,2.17311505405e-06,0.00352619235042,8.21163951444,1.38504964451e-05,0.0101590727334,8.74612836516,1.52633587571e-06,0.00258441041605,4.55486156986,0.196636160416,0.395306082007,8.78621197428,2.12788043986e-06,0.00292553589309,9.21045468014,2.648908846e-07,0.000789763994876,5.50112278111,0.0408722752249,0.295712504609,7.32747036332,0.000280292984079,0.063591634603,8.84438773207,1.2095513899e-06,0.00215000810287,5.33594422407,0.0452010756085,0.151172896653,1.60850306721,-2.6858704416,0.134520769119,2.7745847106,-3.7452108562,0.447788608467,34.9178843953,-5.06074337478,0.681556374658,2.51352823622,12.5661444471,-0.242622909574,-0.444115070777,-0.352607778762,-0.763158313066,0.314507291312,0.0885164644465,-0.61384373066,-0.973895138094,-3.40462541523,2.51443861143e-07,0.00146716660996,-11.5080422666,3.29741057686e-05,0.0324824547914,-7.3283729434,5.33051272933e-06,0.0137719823968,1.14385669494,-0.00014818354829,-0.0350712624913,-1.06290307554,1.61035118755e-06,0.00346262983995,-6.23548660911,5.91397899507e-06,0.0113180242525,0.0356823659206,-3.4559113137e-06,-0.0017533237939,-0.413439710004,-2.84199653972e-08,0.000259960272795,-9.06647470903,1.23213556469e-05,0.0240386658219,0.366249813373,3.3931367858e-05,0.00437803084416,-3.09671275478,0.000148047823258,0.0702477693318,-4.48442334522,3.25409511602e-05,0.0337309275977,1.74455380885,-0.445820032962,-0.298855374966,-9.54090144476,4.90663072173e-05,0.0713243705669,-1.26717762543,5.78657200045e-06,0.00732101374186,-5.72339888627,0.432176016733,0.70749230647,-0.228165936139,0.000499847635025,0.0155271898047,-6.2091130315,5.58470898393e-05,0.0424323136084,-0.836990055122,0.0739977276725,0.181886221206
gradient,27,0.05,0.0599999986589,predicted,Actual proposal support boundary; monitored coordinates are pre-native endpoint forecast,True,50,-0.165708218727,0.566156210744,-0.0885944317246,0.0545865207529,0.20550568727,0.0479830571609,5.89323738248,6.63099961923,0.00598076634511,-0.438910139355,2.11753195093,0.182984277202,0.265886406597,0.289833906772,0.261750635612,0.203754403984,4.62527119155,0.193165448275,0.726943075312,9.78186819483,1.60990904948e-08,0.000140913143074,9.11899944276,1.02109271781e-06,0.0014152539296,9.23296652197,1.97392721062e-07,0.000718423478293,8.13494137592,3.21460094933e-05,0.0127100536048,9.61325628153,8.13671803792e-08,0.000320598594589,9.27289442429,2.33891308214e-07,0.000672151397413,8.20487747434,4.84312220053e-06,0.00833172086812,9.27905181253,1.30381422198e-07,0.000572535662373,9.172010877,3.28252961072e-07,0.000952724403446,8.62086284902,2.58669391174e-06,0.00359547332116,8.18726463044,1.50351314056e-05,0.010745950554,8.66824324828,2.16192213576e-06,0.00321808010792,4.57669523988,0.189789829465,0.388524195614,8.67970335098,2.96967762373e-06,0.00385003201302,9.2059982113,3.14852221321e-07,0.000843746851067,5.39801200209,0.0483370440412,0.301942667495,7.31871075263,0.000294546956219,0.0643237232249,8.77569726487,1.956541133e-06,0.00265190640456,5.32912396432,0.0459494933452,0.155889069003,1.6282953084,-3.24551633164,0.567832827568,2.85782519728,-5.80722486973,0.478622892021,34.2448286372,-5.56739452379,0.663605482751,1.95484128213,7.04514343103,-0.121544822179,-0.525620721089,-0.398408530716,-0.750857630718,0.270637759039,0.345802237593,-0.672126158119,-1.0554645856,-4.98265720363,4.1477135935e-07,0.00224895067193,-9.35599948253,3.97773919109e-05,0.0326504844211,-4.96902872372,4.65758930372e-06,0.0109259146978,2.02523043257,-0.00029384192474,-0.059563853938,0.397621735546,6.84422869342e-07,0.00127995831439,-5.71899616227,5.84175046945e-06,0.0108940960203,-0.0536011048191,-4.93752446445e-06,-0.00125300475019,-0.663560838775,2.74576743024e-09,0.000422454280545,-8.14298963,2.27565289912e-05,0.0288418979341,1.06223113676,2.16547007907e-05,-0.00256826507401,-1.87848786508,8.11892521288e-05,0.0446429881015,-6.90372906667,6.52238492045e-05,0.0596839328372,2.24896831261,-0.655071441359,-0.587372987868,-10.4475342674,0.000160379828382,0.105124274975,-0.492247975078,4.38276312537e-06,0.0049438152612,-9.39957716841,0.696119535835,0.764885846002,-1.28548165338,0.0018275960379,0.128105885106,-6.85227269103,8.54040097989e-05,0.0527759742585,-0.900545767276,0.0856122165615,0.408953752381
gradient,27,0.06,0.070000000298,predicted,Actual proposal support boundary; monitored coordinates are pre-native endpoint forecast,True,50,-0.152705513453,0.539402734479,-0.0814251540566,0.0828956517196,0.145710073385,0.0532537391047,6.20916888946,6.56701751853,0.00862583006673,-0.420459528479,2.1840884583,0.182555585059,0.261105164719,0.285267024276,0.254911956283,0.206340208697,4.63184264355,0.186587612569,0.717798654737,9.73266597271,2.07392397059e-08,0.000165074615828,9.03486415578,1.44854437785e-06,0.00173970852229,9.19293902868,2.39193211544e-07,0.000811748341644,8.15907164986,2.85684081066e-05,0.0120151564742,9.62959755282,7.95393497868e-08,0.000314079695254,9.21732038795,2.90724415206e-07,0.000779296419772,8.20576176922,4.76053469476e-06,0.0082849598146,9.26929418293,1.33567080828e-07,0.000584121743481,9.10268153047,6.06833489721e-07,0.00124038337345,8.63981556869,2.60620906986e-06,0.00347482704894,8.17406975714,1.54742814877e-05,0.0110519324954,8.60805378383,2.8308128598e-06,0.00377808907279,4.59984093611,0.183534731589,0.38355862225,8.57726128893,5.33547700751e-06,0.0050280213926,9.20060972064,3.52546147108e-07,0.0008886403001,5.31313123775,0.0547946659417,0.311010221529,7.30176073025,0.000316844904837,0.0661537523051,8.70734227824,2.91763158588e-06,0.00320552758803,5.31793330873,0.0469133199397,0.159351971701,1.26890465304,-2.84011230869,0.846643686295,2.77322146296,-3.40191596746,0.500888466326,22.2817347587,-7.41104176939,0.0915360297511,1.30793823851,8.88320708226,0.0435070800653,-0.278269862974,-0.338770281524,-0.47658862115,0.20664064785,-0.984043719937,-0.323322882376,-0.658771237771,-0.463725837054,2.57549510788e-09,-2.5357030006e-05,-5.47362242002,2.74786226312e-05,0.0210023821634,-3.04886130851,3.02498160486e-06,0.00688004162966,3.18581523921,-0.000435409948428,-0.0857247351999,2.27194849169,-6.27394751372e-07,-0.00167012504123,-4.01504716495,4.04003668262e-06,0.00795758209481,0.571972394725,-1.64308197573e-05,-0.0143914252048,-0.10001104049,-2.4470412096e-07,-0.000409085091716,-5.18069877746,2.46170439294e-05,0.0228906800367,1.36453972537,1.2292910147e-05,-0.00588019605464,-1.25326620067,3.47407737831e-05,0.0279444501751,-4.13289726108,4.75814730488e-05,0.038737452753,1.57831152394,-0.397475494518,-0.211043251897,-8.1854392089,0.000248893231306,0.0999208004458,-0.494687913996,2.72096518822e-06,0.00330339524456,-5.18814850354,0.401197268201,0.705322540496,-1.52569387944,0.00194267580391,0.173935456801,-4.85394293371,7.10146989665e-05,0.0403962399694,2.49015001005,-0.10664334863,0.273196095666
gradient,27,0.07,0.0799999982119,predicted,Actual proposal support boundary; monitored coordinates are pre-native endpoint forecast,True,50,-0.140330125666,0.50935396457,-0.0716615579987,0.110050950012,0.137467367921,0.0580008264874,6.33887207766,6.48277878384,0.00781148694013,-0.412751374584,2.29519609258,0.183854418803,0.260321009338,0.283058501141,0.252218863189,0.207887216941,4.60559031715,0.186698990628,0.713767650557,9.77259367809,1.6150600397e-08,0.000140406002474,9.00952699436,1.57066517043e-06,0.00183530157286,9.1719892958,2.57892353159e-07,0.000856024310886,8.1986576807,2.34378105248e-05,0.0109955589008,9.65869525136,6.88192853518e-08,0.000287196093764,9.19259348099,3.14692041867e-07,0.000831303039309,8.21631692224,4.51450580539e-06,0.00804389236403,9.27705159172,1.25487339779e-07,0.000564353960538,9.06839690145,8.2059383966e-07,0.00141053800418,8.64815364353,2.83255211468e-06,0.00347786940006,8.16219930643,1.57299468812e-05,0.0113048395575,8.58558530306,3.11355159674e-06,0.00399282916298,4.60826147036,0.181840319574,0.384303330576,8.51599456681,7.94754224984e-06,0.00584844802194,9.19610445302,3.69271525085e-07,0.000909814755958,5.29424903202,0.0563609894052,0.316049118305,7.28819687505,0.000333400472297,0.0678024323609,8.67861840619,3.37683511233e-06,0.00345983120395,5.37892696452,0.0438166263726,0.161352990916,0.73434268915,-2.11169072059,1.37528896332,2.43478961289,-3.08494505286,0.403963504033,11.3263201808,0.189402835402,0.0538602033096,0.453953323238,7.92495580871,0.0369808060769,-0.095828866851,-0.279269221701,-0.22799644817,0.137290586412,-1.46319535637,-0.143897792892,-0.569425109606,-0.422348405149,-3.60839726166e-08,-0.000119232125253,-2.51117878443,1.58961144037e-05,0.0109417054637,-1.53064067092,1.67437977434e-06,0.00373863747682,0.595840229179,-0.000152848784196,-0.0179039649637,0.0656693304779,3.10868943375e-07,0.000578501290655,-3.09782080007,3.51552856454e-06,0.00703035308167,0.724879934989,-2.29049013159e-05,-0.0185686417485,-0.985654349329,4.93319361334e-07,0.00131205398806,-1.9493596892,1.39511687842e-05,0.0103190862897,1.87511687196,-3.43420539107e-07,-0.010854492405,-1.60352855197,8.50958479041e-05,0.0411387465632,-3.78397010879,6.33922157289e-05,0.0421554774215,1.66218932354,-0.401583563728,-0.273080921319,-3.35222584556,0.000153488349122,0.0455193602985,-1.70820737761,6.21674398434e-06,0.00699707120444,-3.50708895005,0.265569407755,0.346543737412,-1.91625517562,0.0023645995435,0.232266327087,-3.69085524052,5.15550369644e-05,0.0334040520463,1.45802948794,-0.0866596901253,0.405123270536
gradient,27,0.08,0.0899999961257,predicted,Actual proposal support boundary; monitored coordinates are pre-native endpoint forecast,True,50,-0.13801865967,0.497168920067,-0.0539193747902,0.131591443977,0.084011172328,0.0613330091854,6.43569529307,6.57080557523,0.00970303413292,-0.411380462015,2.34258757447,0.183295201181,0.259188587382,0.279681639842,0.25035202732,0.209086020426,4.60257873642,0.183709656711,0.706410152545,9.72421900461,2.00175602536e-08,0.000162689973323,8.98464058009,1.76646666593e-06,0.00195854263156,9.16232621526,2.72680807031e-07,0.000886521091181,8.17098845445,2.55114324226e-05,0.0116570771749,9.63091093943,8.57567286543e-08,0.000325649721068,9.15536397194,3.61034986497e-07,0.000919903481405,8.22025936792,4.30243666844e-06,0.00791358697963,9.24958109594,1.43433468055e-07,0.000610362823242,9.06369433668,8.85856865404e-07,0.00144676509924,8.67731790613,2.59934065908e-06,0.00325773720084,8.1419991861,1.71761984458e-05,0.0118747074267,8.53237438165,4.09865717438e-06,0.00462119862122,4.63308472258,0.175503060314,0.378097003823,8.51021677202,8.40524398995e-06,0.00593840859857,9.16644557309,4.76881026795e-07,0.00102858172419,5.24298945874,0.0601060540968,0.317941096277,7.26343562674,0.000364136895707,0.0707990788469,8.63352517343,3.94873232516e-06,0.00387360862896,5.34709389848,0.0451801261372,0.167454437111,0.129242881641,-0.91954884524,1.27426075935,0.523294448853,-4.3618658185,0.273503101733,11.5425019711,5.7052077265,1.26335201536,0.531948999373,5.30347818816,-0.000756551406374,-0.0510788391055,-0.348696796339,-0.177148037078,0.0485968045782,0.789194017858,-0.281619965161,-0.610698499121,-3.7462047704,3.60400377401e-07,0.00194797744208,-4.08523745636,3.60623844678e-05,0.0214152641293,-1.23041630866,2.56804468887e-06,0.00433859085,-2.03260082603,0.000160851018406,0.0501596419792,-3.7323639844,2.51815293157e-06,0.00535576823056,-4.1701799116,7.10670498787e-06,0.0115117622606,0.242058980479,-1.48070167206e-05,-0.00909998433339,-2.44214819105,1.77242429653e-06,0.00440571637101,-1.5122378298,9.79023933298e-06,0.00727512960902,1.74195863526,-1.4300515382e-05,-0.0130977111789,-2.4764172471,0.000226300188589,0.0727807791503,-3.02304057036,5.64515831521e-05,0.0361595697659,2.47950475568,-0.589423607385,-0.520373824033,-2.37680862172,0.000106705789561,0.0343784653478,-2.93979444637,1.3039612965e-05,0.0128925231605,-1.90558924959,0.136053158533,0.205337799638,-1.17186886231,0.0011600871342,0.149457632863,-4.49410956644,7.39579380021e-05,0.0450880962615,-2.77628932894,0.123341335298,0.464454968195
gradient,27,0.09,0.0999999940395,predicted,Actual proposal support boundary; monitored coordinates are pre-native endpoint forecast,True,50,-0.137745268033,0.490962987666,-0.0461763428116,0.120516838989,0.0502300515509,0.063470888522,6.56972211708,6.59688293837,0.0330785272474,-0.402112394597,2.40126565634,0.183839287775,0.259299432555,0.276084565215,0.248675902447,0.208859153033,4.62137419751,0.181066591324,0.701553680575,9.69766958268,2.3358607945e-08,0.000179365551316,8.92782224523,2.29191285979e-06,0.00226360685545,9.14738096962,3.09253246937e-07,0.000942796127886,8.15800566418,2.66548308929e-05,0.0119987517404,9.58404797167,1.19182343983e-07,0.000394311458375,9.10918988276,4.56826141624e-07,0.00106153828452,8.22115810185,4.21836547098e-06,0.00786189267736,9.2282086279,1.60935825709e-07,0.000652468287959,9.03815214486,1.01639862632e-06,0.00155604059636,8.68299281623,2.54654180704e-06,0.00321591517649,8.11267096149,2.0255950653e-05,0.0127604551405,8.52512449165,4.24258325978e-06,0.0047160205583,4.65785156547,0.170051847427,0.373895854096,8.46845839437,1.00816580411e-05,0.00653601732889,9.1373085641,6.30063784386e-07,0.00116766521917,5.25613724703,0.0590820525759,0.320155874298,7.2647594978,0.000356602214981,0.0707915850182,8.58873621487,4.85599387237e-06,0.00436159312918,5.32340117794,0.0462834530785,0.17064209028,0.151707786254,-0.326995437114,0.475942611694,-1.40626215935,-2.06076700985,0.291410532176,16.550182346,-0.459512109833,0.663374519015,-0.162712236722,8.47024928893,-0.0298929198911,0.0485228892517,-0.482691514907,-0.116946787161,0.0112702730232,2.27500217034,-0.265724675178,-0.367473152198,-1.36521315813,2.63361415182e-07,0.00123378942966,-5.30653076018,5.44965134562e-05,0.0299870328259,-2.72169290415,6.00070077561e-06,0.00934576655259,-0.858913502219,7.95440284272e-05,0.022727873873,-1.57804581613,1.42628424678e-06,0.0028728542635,-4.52109306706,1.12486949946e-05,0.015160179597,0.416908711355,-1.04678556582e-05,-0.0102959902319,-1.85868538282,1.86898188671e-06,0.00429037608657,-3.53019600972,1.82986101046e-05,0.0154484814829,-0.131188620719,4.69444531438e-06,0.0019994167445,-2.37546152587,0.000237052122166,0.0712554076383,0.951286299507,-2.6255649143e-05,-0.0136390592323,1.6066953881,-0.367027450136,-0.388291094301,-5.05766460559,0.000227605551726,0.0763410030614,-1.24034481221,9.72525406679e-06,0.00776246863385,3.08752877719,-0.199784303403,0.317723240354,0.152451503033,-0.000982249948069,0.0145313306127,-4.05992484855,9.06202093449e-05,0.0467644843748,-2.10773303707,0.0944740374195,-0.0641786813892
gradient,27,0.1,0.109999999404,predicted,Actual proposal support boundary; monitored coordinates are pre-native endpoint forecast,True,50,-0.134984503945,0.490629011325,-0.0444005225563,0.10346620079,0.0427958321309,0.0671612198289,6.76669893999,6.56161533304,0.0229705245132,-0.414634706749,2.51199256025,0.182697342783,0.260159045167,0.270027809544,0.248013091576,0.209311425886,4.64807877983,0.178395163208,0.699060689501,9.69691474144,2.52847885572e-08,0.000187365761916,8.87850996488,2.85639693505e-06,0.00255828328808,9.10789235718,3.92694822543e-07,0.00107343642223,8.1538101844,2.71023129912e-05,0.0121116346524,9.5993500231,1.1428241359e-07,0.000383106806338,9.0649421106,5.86008886389e-07,0.00122310707335,8.22859754215,4.09307955528e-06,0.00770766717499,9.21240738829,1.80813105789e-07,0.000696170344973,8.99309041649,1.2518290675e-06,0.0017557347289,8.67469413371,2.69322956537e-06,0.00329772553573,8.09448995558,2.19172408891e-05,0.0132998155795,8.55140010764,3.57354419152e-06,0.00434841743658,4.66521863034,0.168162511312,0.370331181937,8.40906347991,1.29573550245e-05,0.00746522865979,9.14163867685,6.7138610813e-07,0.00118383109687,5.30474003429,0.0561103680287,0.324295561084,7.2664846568,0.000344491896746,0.0710897054591,8.55232667646,5.76113651206e-06,0.00480889831646,5.30493923774,0.0470696068856,0.166170863484,0.369080339651,-0.436012645656,0.252450942993,-1.01941144466,-1.36488123238,0.479991747901,20.5048501544,-2.59752805053,-1.32964683249,-1.67758484554,8.12630119057,-0.0779289690458,0.00859386470228,-0.599701292619,-0.153090405019,0.150815142209,2.82647019592,-0.318192026596,-0.449694612696,-1.44262405647,2.69099824451e-07,0.00117610763621,-3.54557676187,4.27699550567e-05,0.0217371552653,-6.12085948398,1.64384381309e-05,0.0236490952943,0.625508835391,-7.99338840256e-05,-0.0159030192921,1.31100228024,-1.76975868065e-07,-0.000529888490335,-3.29811590113,9.39636614872e-06,0.0119511333085,0.540982438329,-1.20346572355e-05,-0.0122394011212,-1.29540195216,1.40326032141e-06,0.00326003017799,-4.30434052901,2.29491664924e-05,0.0196471030068,-0.736010343068,9.62498780646e-06,0.00704802113261,-2.18332268573,0.000174908879195,0.0704329714043,-0.242495277279,4.04367130921e-06,0.00280726094828,0.71849865302,-0.232855273646,-0.702778686902,-5.00394819576,0.000235090278985,0.0822250612187,-0.503124727104,9.82619429158e-06,0.0061273768011,1.02560388877,-0.0847925307913,0.188814307773,0.172827302426,-0.00104301982904,0.0183903592237,-2.388016904,4.35040798147e-05,0.0300972808885,-1.44607466707,0.0854153140587,-0.103236488384
gradient,27,0.11,0.119999997318,predicted,Actual proposal support boundary; monitored coordinates are pre-native endpoint forecast,True,50,-0.13036366124,0.482242734752,-0.0411273239517,0.100128610096,0.0229324269032,0.0730707234801,6.97981912017,6.54493237736,0.00648559059756,-0.435664091508,2.56379168015,0.182280708394,0.25947130985,0.264090539362,0.245614094347,0.211875455877,4.67790360142,0.174702750793,0.692559788321,9.66881710155,2.8740604434e-08,0.00020288770404,8.85691070999,3.14731196092e-06,0.00269834996075,9.02496377994,6.38022009554e-07,0.00141577803377,8.17051584089,2.50561532124e-05,0.0116806913545,9.61026801728,1.15642826622e-07,0.000383713688569,9.04322756474,6.44753464598e-07,0.00130056095069,8.23197775061,3.97767232627e-06,0.00761710465494,9.20230058886,1.89001032138e-07,0.000717668891519,8.95206533428,1.47538195617e-06,0.0019489826565,8.66827260937,2.73904156317e-06,0.00335687559914,8.06900450777,2.37541282369e-05,0.0141691145686,8.5202745861,4.32345668596e-06,0.00477216577726,4.67222153853,0.165394741954,0.359840280358,8.36837943046,1.47834636208e-05,0.00818051855327,9.12724606956,8.26587670218e-07,0.00129021275519,5.2766493248,0.0573862019601,0.323932160453,7.26821604385,0.0003357418184,0.0711593922027,8.54097587679,5.72607546866e-06,0.00496353874695,5.2944796846,0.0479917593597,0.168577360512,0.69136297108,-1.20551817239,0.726221561432,-1.78644311428,-2.358204633,0.700254380046,18.4094821597,8.30389802579,1.3080925777,-2.27864852426,-4.758443809,-0.155800127534,-0.229351335102,-0.861960557931,-0.290406108074,0.398501703987,2.77371487016,-0.333876706447,-0.918015694639,-8.60661771291,1.67601659058e-06,0.0066157481974,-0.657716180371,8.07224216916e-06,0.00381210625036,-6.81553751444,2.49782229712e-05,0.0314561507475,2.20466209864,-0.000324639865651,-0.0560279312327,-5.79802259701,6.0060880872e-06,0.0100364910333,-1.37008474388,2.74479957939e-06,0.00414614755875,0.754681257601,-1.9095648118e-05,-0.0183416058637,-2.95429988944,2.47208870366e-06,0.00642090534001,-4.5045714095,2.40738256584e-05,0.0218432302731,-2.0463295663,2.1429113941e-05,0.0189200690431,-1.27446255798,1.72396068176e-05,0.0471613507602,-4.70473148668,0.000135789670114,0.0690211470357,0.558470238315,-0.331890599289,-1.19638561169,-4.50276587328,0.000203267910748,0.0840378390623,-6.33004787592,4.72844737315e-05,0.0326542668469,-1.89263012967,0.0306795730548,-0.190479367844,0.230722086678,-0.000504160914632,-0.0311053504007,-0.328253896975,-4.99166287952e-05,0.00320823075213,-4.17528269644,0.321660203683,0.583897400096
gradient,27,0.12,0.129999995232,predicted,Actual proposal support boundary; monitored coordinates are pre-native endpoint forecast,True,50,-0.121157244523,0.466518647877,-0.0298760913277,0.0677373385048,-0.00436826052904,0.0811663074298,7.13488858319,6.72769329355,0.0491323760673,-0.460207677234,2.41682368407,0.179581340232,0.255572018465,0.252788598385,0.242204969415,0.217281459966,4.70355307723,0.171717629079,0.680700375608,9.52478238719,5.88051203689e-08,0.000319680725864,8.86535564128,3.01784177843e-06,0.00263452541309,8.97158160689,8.92259281966e-07,0.00170255943718,8.19790342638,2.06095156782e-05,0.0109910760277,9.48338957116,2.34404175334e-07,0.000583836627004,9.03754041573,6.40904877977e-07,0.00130603002452,8.2436911673,3.71116659292e-06,0.00734083505772,9.1533213905,2.30254879862e-07,0.000824588451774,8.9029989883,1.73330558066e-06,0.00219259933437,8.63376754238,3.12181184419e-06,0.00367612691659,8.06900070442,2.22620330255e-05,0.0142430425947,8.45730547791,6.28933759379e-06,0.00572884037729,4.67638803511,0.161524699326,0.346403469704,8.31900816244,1.70227132394e-05,0.00914598544104,9.01503771933,1.61707558276e-06,0.0018369164338,5.26688743169,0.0567239594898,0.320485973727,7.27109909853,0.000334408678453,0.0704675984511,8.54576159852,4.76280393616e-06,0.0048730629315,5.22143358381,0.0535028109592,0.177848811485,0.272757068347,-0.268412242723,1.4280501008,-2.59432590008,-1.14853839576,0.564815879824,12.6627101352,23.009512412,5.26114128357,-2.20114765588,-10.5403332004,-0.392996771934,-0.382812715494,-0.910053106725,-0.207657795404,0.361103571765,1.31021260428,-0.174839003565,-0.954334569718,-14.1243001643,5.62834968207e-06,0.0161724173015,-0.244891802291,2.49345873835e-06,0.000999230049964,-1.1296796577,6.36238532814e-06,0.00723871271712,0.700229097918,-0.000215860503869,-0.0179587198273,-12.4519938778,1.57553497164e-05,0.0225423679906,-2.15045650947,4.56578267302e-06,0.00723324323554,1.82723634875,-3.22997474869e-05,-0.0387582036172,-5.64324830979,6.47670672503e-06,0.0145906183559,-4.1182538914,2.1370321257e-05,0.0213149274042,-2.28251585294,2.37236852938e-05,0.0210703663417,-0.426359624005,-8.27736701706e-05,0.0178306396936,-5.71018468047,0.000197442296229,0.0903766148558,0.487185422525,-0.3012022243,-0.636945859984,-4.5617337816,0.000229661465016,0.0938668929225,-10.7321858041,9.2383470329e-05,0.0561991350485,1.20083758249,-0.163917681593,-0.40341178194,-0.204226817273,0.000948803093984,-0.0260757442477,-1.23768274379,-3.803065324e-05,0.014097868148,-8.33413491593,0.60382937549,0.313171263457
gradient,27,0.13,0.140000000596,predicted,Actual proposal support boundary; monitored coordinates are pre-native endpoint forecast,True,50,-0.124908519873,0.476874489898,-0.0125663219357,0.0482420920944,-3.83410120008e-05,0.0843670410765,7.23307332287,7.0051226256,0.111708416269,-0.479687044625,2.35298501614,0.174420772955,0.25181505554,0.245889477228,0.241460938439,0.219097527312,4.70410785351,0.171205970721,0.673473096926,9.38633109827,1.41307598075e-07,0.000526336050071,8.85201287395,3.19718113569e-06,0.00271833456175,9.00237018679,7.65269716117e-07,0.00156055228811,8.18452042285,2.0738943135e-05,0.011321516958,9.36122813972,4.3074982095e-07,0.000834561048381,9.00021843455,7.36069118059e-07,0.0014452258154,8.26852247759,3.33167737653e-06,0.00684194058259,9.08943562266,3.18535166638e-07,0.00100948125864,8.86970025645,1.90278838131e-06,0.00237528120458,8.62262229231,3.21351526905e-06,0.00377828292597,8.06047731529,2.20986548335e-05,0.0145257273625,8.40607089249,8.27230261054e-06,0.00657969807438,4.68196524698,0.159370697468,0.347101363158,8.27714475482,1.93766929211e-05,0.0100578564117,8.91260235347,2.6742570768e-06,0.00241419545616,5.30066607645,0.0541078483282,0.315863924814,7.2641315075,0.00035471788028,0.0706378773177,8.51622222191,4.96546240386e-06,0.00524549610991,5.12779698628,0.0600683468695,0.174840785782,-0.42411756839,0.353324014928,1.18154299259,-2.5419305414,0.376178517938,0.228096194955,6.79299003482,18.3667641062,5.14826635633,-0.912335728573,-4.26100693129,-0.319022759853,-0.232363018394,-0.470180513418,-0.0632031490743,0.124020539873,-0.12498359562,0.0124427723161,-0.511155255739,-7.48361692523,4.83946746777e-06,0.0115908446624,-2.30413664655,3.21780938126e-05,0.0150752636339,3.23544933716,-1.19875959013e-05,-0.0142523744998,-1.18684325841,4.44000974437e-05,0.0295331604735,-9.13092732797,1.70507182265e-05,0.0201706804307,-3.53657724991,1.17910710017e-05,0.0145777890626,1.64581312946,-2.57254184165e-05,-0.0326455811971,-4.49498967407,7.10390576664e-06,0.0139681522363,-2.78143083849,1.61191739002e-05,0.0159166715944,-1.03197934817,1.18194836631e-05,0.00976831225833,0.0199316436019,-6.64695788875e-05,-0.000931455929659,-2.49312839749,9.75874622075e-05,0.0418014690729,0.195733175042,-0.139149448645,-0.00226686757377,-4.31684792046,0.000302011831488,0.0964176174018,-7.32573980989,8.20805673601e-05,0.0427115440632,2.95852137177,-0.232809035333,-0.424204813811,-0.326278564694,0.000963628709691,0.00647458094421,-2.77690888919,3.70008749874e-05,0.0362893178579,-5.27210651745,0.375870915759,-0.205206853505
gradient,27,0.14,0.149999991059,predicted,Actual proposal support boundary; monitored coordinates are pre-native endpoint forecast,True,50,-0.129639595891,0.473585128176,-0.00624523147583,0.0168987276769,0.00315530982971,0.0857282313289,7.27074838389,7.09502857568,0.152097703194,-0.478454391806,2.33160354544,0.173200885035,0.250924758098,0.243384988117,0.240940906433,0.219761870763,4.70105340532,0.171966484525,0.670477270493,9.37511004868,1.55594469724e-07,0.000551497619112,8.81927290835,3.66140365468e-06,0.00293603068577,9.03629059363,6.52507363941e-07,0.00141751194719,8.17416656121,2.1497517627e-05,0.0115817392372,9.3007710246,5.75418539864e-07,0.000987250235618,8.96680887073,8.7672629801e-07,0.00159758580577,8.27660742989,3.19665822459e-06,0.00668792343378,9.06342159702,3.72332995195e-07,0.0011039514965,8.84737037153,2.05568905867e-06,0.00251093276625,8.61312795542,3.35820151745e-06,0.00387149316176,8.0693993373,2.09326414477e-05,0.0142244134761,8.40744290996,8.24108683794e-06,0.00656486975875,4.68030269861,0.158741710353,0.346358132352,8.23267120404,2.30629498692e-05,0.0110743377891,8.86852292313,3.25868692996e-06,0.00269114731507,5.32605785913,0.0520677787831,0.312001877451,7.26457352724,0.000353681252647,0.07059709007,8.49022342074,5.5028214359e-06,0.00559884928866,5.11599145347,0.0610202292744,0.173744674415,0.173711480369,-0.960036763973,0.199725151062,-2.73194620013,0.236996293068,0.0712391460817,3.89628810811,6.30941949951,2.59608240067,0.309306168481,0.0739407544518,-0.0643327190681,-0.059647710646,-0.226929282296,-0.0650220313985,0.0830839822968,0.172710594232,-0.0330793154556,-0.187414429831,-0.109635409449,4.55586149972e-07,0.000580088784928,-3.07086458396,4.69057048022e-05,0.0211882680689,2.35625701183,-7.67850301481e-06,-0.00982869119011,-0.803107276829,6.26417728238e-05,0.0202884872013,-4.2416158779,1.07294587884e-05,0.0110119786336,-2.82473513964,1.26906075254e-05,0.0132213950714,0.309333188974,-5.01999884433e-06,-0.00550221687919,-1.34600534039,2.94388951211e-06,0.00504629036979,-1.81129823532,1.49405410435e-05,0.0114734305746,-0.61641382136,7.5894151257e-06,0.00544044952353,0.798200730347,-9.28515891359e-05,-0.0265608243369,0.602424307262,-1.86570362459e-05,-0.00880348878793,-0.32007731736,-0.00295511921881,-0.131451506417,-3.51235950746,0.000313341467554,0.0815638772115,-2.9473680551,4.00106712953e-05,0.0187275728531,1.84839087029,-0.148052925715,-0.309083847393,0.135782316789,-0.000254827032849,-0.0131517936083,-2.41716223391,5.62012415339e-05,0.0337581830776,-0.418231114057,0.0384243001576,-0.0748051052934
gradient,27,0.15,0.159999996424,predicted,Actual proposal support boundary; monitored coordinates are pre-native endpoint forecast,True,50,-0.121434290266,0.457673754618,-0.00857181891442,-0.00639683190823,0.00470158484936,0.0857918239982,7.31099908504,7.13131101559,0.163630064282,-0.473500921256,2.35446383123,0.173134118574,0.250622101327,0.241350891582,0.240160497811,0.220759206958,4.70756206539,0.170544384412,0.66972480833,9.38413839008,1.50419321075e-07,0.000537937825769,8.79059558227,4.13529523174e-06,0.00314209992313,9.04949532703,6.11699655821e-07,0.00136397846431,8.16845827731,2.19917785915e-05,0.011727286702,9.27639582217,6.45338996717e-07,0.00105480062105,8.94372373175,9.89881268567e-07,0.00170965371683,8.27470914137,3.23127739964e-06,0.00673189624501,9.06251551586,3.7741295688e-07,0.00111040706603,8.83347429174,2.20159920218e-06,0.00260474981607,8.61029401588,3.36530357156e-06,0.00388709191644,8.0764413299,2.02416230508e-05,0.0139945108757,8.41811937864,7.89916188563e-06,0.00640362829862,4.67556370064,0.159311595083,0.34447233303,8.20689756468,2.56435222721e-05,0.0116891339559,8.85365499237,3.4744705027e-06,0.00278874691322,5.33763389386,0.0511467898139,0.309682247867,7.26684715384,0.000349621339623,0.0703748414456,8.46787897723,6.08948723454e-06,0.00592065977146,5.119432364,0.0608368328727,0.173344683676,0.422996769817,-0.854539054268,-0.0504264831543,-1.51400861144,0.19386780262,0.0126986611163,2.64401554721,2.6316074401,1.02888585798,0.400659685484,1.42078196613,0.00611935585289,-0.0152629993167,-0.167819811636,-0.0594808080291,0.0899472866263,0.427494486645,-0.0988123430506,-0.00578947882517,0.565384610878,-3.25557671547e-07,-0.000843136544318,-1.69309268473,2.853600547e-05,0.0122594725941,1.00941686059,-3.08854353544e-06,-0.00407028872726,-0.251187972373,1.96664681991e-05,0.00635843513793,-1.96803890809,5.87530740123e-06,0.00557800230189,-1.25788177183,6.06438837113e-06,0.0060352527798,-0.0174824167028,1.02610455385e-06,0.000985349281144,-0.102799070157,4.28772890062e-07,0.000572257810126,-0.777289959172,8.20908904628e-06,0.00515993700466,-0.254506963997,5.53868704055e-07,0.00166605504739,0.312207441789,-3.05291603848e-05,-0.0101965615229,0.474844333958,-1.40240778412e-05,-0.00691354043438,-0.170371130376,0.0115022278397,-0.139857922242,-1.44137718924,0.000144389950338,0.0343497123588,-1.27859337578,1.94567885516e-05,0.00859798344174,0.785640550827,-0.0622708118967,-0.160445354822,0.123625799126,-0.000251601787043,-0.0105422704908,-1.3148427579,3.49292248556e-05,0.0189855460549,0.305535872487,-0.0190984363088,-0.0280171434391
gradient,27,0.16,0.170000001788,predicted,Actual proposal support boundary; monitored coordinates are pre-native endpoint forecast,True,50,-0.121179660495,0.45649434709,-0.00725376113892,-0.0133814445519,0.00703266588211,0.0859822045513,7.32362869483,7.14766072448,0.172675420354,-0.470441198096,2.36001918476,0.173323272152,0.250619498111,0.240028591884,0.239751290273,0.221560816496,4.70960329505,0.169990237664,0.670361480917,9.3864177409,1.49083316293e-07,0.000534634888225,8.78541105465,4.23212376409e-06,0.00318122013765,9.05647893084,5.90736493232e-07,0.00133610617264,8.16914280176,2.1890846991e-05,0.0117089079399,9.26141024644,6.92924687889e-07,0.00109881028166,8.94165123529,9.98014065433e-07,0.00171829086137,8.27625778155,3.21718031567e-06,0.0067076304194,9.06136561561,3.80908452996e-07,0.0011153966527,8.83182457235,2.21987083959e-06,0.00261413150635,8.60803781614,3.36927889153e-06,0.00390481426271,8.07564348613,2.032205824e-05,0.0140204822456,8.41693979664,7.96060528111e-06,0.00642659895006,4.676895276,0.15897175491,0.343560973907,8.20384366025,2.59507488759e-05,0.0117613320363,8.84295105561,3.647822701e-06,0.0028631069839,5.34177067015,0.0508223625452,0.308792970355,7.26704604322,0.000348649216906,0.0703862446602,8.46392656558,6.20140593302e-06,0.00597856020976,5.12210217092,0.0606382605482,0.173184331547,0.0510616891141,-0.256340701075,0.305913329124,-0.189175695181,0.176919162273,0.0142717920752,1.21469141016,1.22732648879,0.822349014316,0.0832407158085,-0.204391586816,0.0084277575284,0.000794374172731,-0.109964657851,-0.0285383937722,0.0713165889011,0.0440501667931,-0.0243337611607,0.071548233188,-0.387885004233,3.66848990647e-07,0.000757933644031,-0.0430153834643,1.29859940846e-06,0.000386305151287,0.567145041794,-1.71164697332e-06,-0.00226480607638,0.195588100648,-2.07569702039e-05,-0.00507797853156,-1.05879529446,3.40704939675e-06,0.00313009981548,-0.078481218217,4.25461278907e-07,0.00035869707282,0.358555073244,-5.1431175753e-06,-0.0066252237878,-0.396778265964,1.00429778124e-06,0.00151337736135,-0.151636896241,1.57782642717e-06,0.000873853761615,0.00736889243802,-3.07723953662e-06,-0.000556601942554,-0.307856939092,2.67458019345e-05,0.0100933791765,-0.667464212398,2.59833915978e-05,0.0109805086406,0.332303676686,-0.0659828065619,-0.0388825602176,0.0595767311218,-7.98503736272e-06,-0.00166617140708,-0.756851568071,1.20462466283e-05,0.00520387035215,0.0587155990579,-0.00601587097475,-0.0486632257971,-0.0521738373211,2.15224483023e-05,0.00873742640644,-0.0836310879265,3.35149114067e-06,0.00128567424455,-0.0129779213234,-0.00864513719868,-0.00533717821157
gradient,27,0.17,0.179999992251,predicted,Actual proposal support boundary; monitored coordinates are pre-native endpoint forecast,True,50,-0.120413056484,0.452546940597,-0.00245355233193,-0.0101803458118,0.00823996809483,0.0860772598397,7.33529291324,7.15585754536,0.180077044569,-0.47183610694,2.35037599949,0.173302673724,0.25063798881,0.239151598425,0.239589729935,0.222185538736,4.70844306873,0.170057709189,0.671155772993,9.37638068999,1.57756300888e-07,0.00055309649865,8.7897352746,4.1612672199e-06,0.00314982602616,9.06083822786,5.77466716354e-07,0.00131868234278,8.17237003932,2.15766391874e-05,0.0116257271314,9.25521991628,7.13479984652e-07,0.00111740261736,8.94215410739,9.98390494146e-07,0.00171682765829,8.28188024283,3.12841504813e-06,0.00659939176925,9.05457995054,3.97498912505e-07,0.00114067461326,8.83044155382,2.23315573072e-06,0.0026222268913,8.61044139373,3.30375878083e-06,0.00387595987759,8.07028419112,2.07765390895e-05,0.0141963784593,8.40477009439,8.41882971758e-06,0.00662323847143,4.68220977417,0.157991938952,0.343694681825,8.2080890993,2.54838215249e-05,0.0116558105278,8.83851796101,3.71539543527e-06,0.00289282432027,5.33880820584,0.0510264723944,0.308708983351,7.26580367709,0.000350051788589,0.0705495899737,8.46620635547,6.15651705735e-06,0.00594637325635,5.11917280557,0.0606639301287,0.173237940111,-0.283955760871,1.31997575787,0.267172694206,0.475052118301,0.0253845751286,0.0485338473912,1.44524594105,0.472925176898,0.295154707136,-0.331868936668,-0.337583327524,-0.0061950005782,-0.00133081875185,-0.0701271730105,-0.013868301317,0.045050303374,0.041980186166,-0.0263621886841,0.0371434004945,-0.945620937822,8.10235210947e-07,0.00172424750776,0.347742907564,-5.41813974545e-06,-0.00246120300589,-0.209614665994,5.30344476282e-07,0.000786319274529,0.267764105339,-2.61907416319e-05,-0.00698440868693,0.032406053884,-1.20982003969e-07,-0.000106627271738,0.0766660696721,8.4439601152e-08,-0.000202088427251,0.355192848524,-5.4629262301e-06,-0.00685568714654,-0.508030694892,1.19054507631e-06,0.00185896201937,-0.118340783852,1.66581922457e-06,0.000815137312755,0.240076677772,-6.29897897016e-06,-0.0028405542714,-0.395306409114,3.06562939328e-05,0.0130217871487,-1.11481393992,4.45463282022e-05,0.0184514373805,0.29590182912,-0.0563422323198,-0.00279818028489,0.407646650458,-4.30603232657e-05,-0.0100988711975,-0.241292690934,4.49680643794e-06,0.00183830441919,-0.348544303244,0.0251369416286,0.0311477073304,0.0148683562795,-3.52322130449e-05,-0.00131693096949,0.144760485466,-1.87304029446e-06,-0.00187055882964,-0.2781049327,0.00853338662968,0.0100016840949
gradient,27,0.18,0.189999997616,predicted,Actual proposal support boundary; monitored coordinates are pre-native endpoint forecast,True,50,-0.126858775712,0.482893862248,-0.00191030725479,-0.00388040218592,0.00754035738468,0.0869528814991,7.35253361365,7.15711922802,0.178578514496,-0.47707857683,2.35326751821,0.173199372141,0.250592881736,0.238626048424,0.239473924246,0.222461822563,4.71044289878,0.16946299389,0.671104348926,9.36750532214,1.65288020512e-07,0.00056911983838,8.7923659128,4.12376096918e-06,0.00313199607753,9.05228663752,6.01343382758e-07,0.00135183255813,8.17449808387,2.13670321584e-05,0.0115692197662,9.26205836752,6.9050504781e-07,0.00109667773622,8.94318455668,9.99702857456e-07,0.00171424909282,8.28336163852,3.10792179106e-06,0.00657051667647,9.05120500172,4.04719354523e-07,0.00115257589309,8.82945775667,2.25318722408e-06,0.0026304342526,8.6128393497,3.24329931213e-06,0.00384800317728,8.06773735795,2.09351841187e-05,0.0142809179886,8.39464351784,8.85153184516e-06,0.00679562769767,4.68281331258,0.157844910263,0.343505010302,8.21199659326,2.50895424106e-05,0.0115593546123,8.8381252018,3.73775882976e-06,0.00289987307229,5.33479978408,0.0513251013778,0.309415924501,7.26734341035,0.000347944572645,0.0703599060408,8.46682177529,6.16394512713e-06,0.00594114903316,5.11654007226,0.0608089282808,0.173384365228,-0.307833486657,1.67366342512,0.041759133339,0.603753224015,-0.125879764557,0.0734071189174,0.900167886542,0.122969252515,-0.306762931394,-0.457966152339,0.132367025293,-0.00829356900391,0.00113485150583,-0.0350232115407,-0.00468527660187,0.0193785242414,0.190245297501,-0.0543691236843,0.0143170164236,-0.729027678122,6.41350647831e-07,0.00133126891409,0.388587385311,-5.97427325447e-06,-0.00270097409495,-0.759916672449,2.20569470716e-06,0.00299923218146,0.082248339362,-1.0176429598e-05,-0.00219653545451,0.538060426224,-1.77248155736e-06,-0.00160778453831,0.142566541065,-1.54727310486e-07,-0.000465025770657,0.0857369990825,-1.13035234905e-06,-0.00169294389755,-0.307481202912,6.92284614661e-07,0.00111328045966,0.0753523406605,1.25706829857e-07,-0.000379947107949,0.286898394663,-6.30183053748e-06,-0.00325659929601,-0.129233056748,4.19689510878e-06,0.00414850141445,-0.760636534491,3.16032047331e-05,0.0127956037398,0.0175276421884,-0.00895873791626,-0.0177249320446,0.592913548686,-5.86518359979e-05,-0.0144756587448,0.023666194903,7.79907033156e-07,0.000155509947375,-0.381052087693,0.0287858947128,0.0770664282801,0.0641330708369,-5.95580058291e-05,-0.0097853476382,0.0606351389507,9.70953104084e-07,-0.0004334912974,-0.251530470214,0.0164508986621,0.0173955894573
gradient,27,0.19,0.199999988079,predicted,Actual proposal support boundary; monitored coordinates are pre-native endpoint forecast,True,50,-0.126569726217,0.486020209099,-0.00161836966515,0.00189471866846,0.00572237280369,0.087545402218,7.35329627097,7.15831693041,0.173941785941,-0.480995429986,2.35302334,0.173136802344,0.25066068584,0.238451134194,0.239496024403,0.222573109221,4.71224797468,0.168970326715,0.671442113322,9.36180013643,1.70583313844e-07,0.000579721876932,8.79750702231,4.04178175482e-06,0.00309580654426,9.04563989441,6.21580610497e-07,0.00137866698641,8.17401500611,2.13731105954e-05,0.0115817964223,9.2659811248,6.78030353504e-07,0.0010852469266,8.94500543821,9.95295947936e-07,0.00170752714287,8.28359498281,3.10580800115e-06,0.0065655328913,9.04843032648,4.11344604798e-07,0.00116294022245,8.83194860063,2.23566986732e-06,0.00261462794914,8.61617936163,3.17772217008e-06,0.00381082789167,8.06769952998,2.08604769916e-05,0.0142793484876,8.3895573637,9.05089381224e-06,0.00687915054623,4.68256032701,0.157812764194,0.343340183184,8.21994737027,2.43107848049e-05,0.0113662973529,8.83899128491,3.73099357593e-06,0.00289593451921,5.33118716408,0.0516021902887,0.310250311916,7.26708633851,0.000348860628472,0.0703538830209,8.46741905825,6.17593611944e-06,0.0059377034304,5.11414219617,0.0609929481019,0.173585851901,-0.266549679803,-0.700655699213,0.296910643578,0.741975724697,-0.151006430387,0.0772530836493,-0.117062192405,0.23107400823,-0.219062275905,-0.401769509168,-0.0594158192646,-0.00591926613288,0.00665751691367,-0.0175235754559,0.00331184037658,0.00950097810637,-0.112443164526,0.0123450265586,0.0238127395657,-0.664794918132,6.2707930979e-07,0.00124581159342,0.746332000264,-1.19911278536e-05,-0.00525696305048,-0.558475325007,1.73715552345e-06,0.00228760809194,-0.0489397958966,2.97792189507e-06,0.00130162000838,0.334543628625,-1.02609396309e-06,-0.000945570078276,0.238043517812,-5.79894630917e-07,-0.000867566728107,0.299261910284,-4.33019124006e-06,-0.00570541975647,-0.472206289734,9.38579869981e-07,0.00164111550103,0.339546804595,-3.1617302499e-06,-0.00227383629455,0.423797689966,-7.00152013704e-06,-0.00439189150495,-0.285872991858,1.38483114747e-05,0.00919852999361,-0.771820627862,3.00880416227e-05,0.0126991590239,0.224050954756,-0.0509224952014,0.00446636411434,0.972564055007,-9.43024525032e-05,-0.0232706101039,-0.0310999539269,1.19583125847e-06,0.000399976729208,-0.196888162246,0.0162011616018,0.0747619859471,-0.196777571225,0.000282394209682,0.0222526293766,0.257288678182,-3.8542984586e-06,-0.00321653740258,-0.314102815921,0.0235473957181,0.0127052084544
gradient,27,0.2,0.209999993443,predicted,Actual proposal support boundary; monitored coordinates are pre-native endpoint forecast,True,50,-0.132189769308,0.468880748263,0.00402790561676,0.010959112308,0.00452022877693,0.0884979431721,7.3501923698,7.16174070818,0.174197268978,-0.485113967013,2.35207920183,0.173080986818,0.250726032074,0.238275576915,0.239540161054,0.222651842125,4.70819403549,0.169709894422,0.671580603718,9.35420942378,1.77829606708e-07,0.000594036070249,8.80729255281,3.8839384121e-06,0.00302685681652,9.04111713102,6.36086493227e-07,0.00139758471997,8.17351928795,2.14265905963e-05,0.0115952521664,9.26874924009,6.69983168548e-07,0.00107776633466,8.94794542704,9.88104964837e-07,0.00169689775826,8.28934687673,3.02131796626e-06,0.00645640828134,9.04176087592,4.23490951922e-07,0.00118539820311,8.83624869276,2.18995261909e-06,0.00258495752671,8.6213153035,3.10326890939e-06,0.00376016534718,8.06201989811,2.12121503482e-05,0.0144648885885,8.37920710528,9.45329267761e-06,0.00704961087815,4.68729433168,0.156826460359,0.343594337584,8.23144787436,2.32034933606e-05,0.0110939424102,8.83750320272,3.76167545492e-06,0.00290787260687,5.33086202084,0.0516491246098,0.31091116422,7.26340785892,0.000353592456839,0.0708049586283,8.47196754885,6.08685915795e-06,0.00587681828511,5.11025801594,0.0612798761952,0.173638469398,0.198429642316,-2.03594632317,0.379722237587,0.832339450717,-0.233910039067,0.088663928975,-0.596241451811,0.38833462739,0.180650957574,-0.567349794507,-0.263432954079,-0.00425991901843,0.0104874148218,-0.0219676897452,0.00643892460459,0.0104759785494,-0.118250381212,0.0154254928326,0.0442123109893,-0.723235463341,6.56065207973e-07,0.00133176721843,0.768584728389,-1.16804752248e-05,-0.00522117051444,-0.390272372611,1.25858629548e-06,0.00163002820421,-0.11626432507,8.47006670651e-06,0.00300740516894,0.407896394497,-1.23637821375e-06,-0.00115003639791,0.373843128366,-9.39805059691e-07,-0.00134937763619,0.403284502842,-6.07681899815e-06,-0.00782048915434,-0.782360035986,1.65771361633e-06,0.00283856818451,0.669911976288,-6.77417809466e-06,-0.00454501173651,0.315355683745,-4.03506924688e-06,-0.00303978845982,-0.410619945101,2.79472893065e-05,0.0134875428518,-1.0342406766,4.24599159776e-05,0.0174730868764,0.333533380112,-0.0670931855719,-0.00784611281753,1.12789262399,-0.0001039308065,-0.0264512109961,0.118229395031,-1.60880529405e-06,-0.000731830302568,-0.0949124728237,0.0107633023035,0.0787175230477,-0.243413542807,0.000304947594166,0.0301627890477,0.276092112813,-3.73120027495e-06,-0.003231041569,-0.317651880428,0.0250046778732,0.0286531210218
gradient,27,0.21,0.219999998808,predicted,Actual proposal support boundary; monitored coordinates are pre-native endpoint forecast,True,50,-0.12260113337,0.445301282636,0.00597607508659,0.0185415076828,0.00104417202234,0.0893186807975,7.34137144193,7.16608362296,0.177554805092,-0.492342425877,2.34775468092,0.173051603964,0.250870434137,0.238011780399,0.239624802895,0.222782628792,4.70988296706,0.169278836572,0.672326359542,9.34733542717,1.83704618004e-07,0.0006063572213,8.81287871687,3.80817225032e-06,0.00299138313397,9.03783444696,6.46752336407e-07,0.0014112675505,8.17168971961,2.15425119296e-05,0.0116419445257,9.27413905269,6.53302789229e-07,0.00106224619864,8.95248230078,9.76499846742e-07,0.00168053959015,8.29166067287,2.98427162119e-06,0.00640912310821,9.03278312576,4.44498877125e-07,0.00121971158614,8.84534684016,2.10018630542e-06,0.00252372771441,8.6224864753,3.09702078514e-06,0.00375003212247,8.05948713108,2.14194227778e-05,0.0145490993446,8.36887255017,9.9000921318e-06,0.00722861228376,4.68923099462,0.156470900482,0.343183260928,8.24250522275,2.22321686749e-05,0.010837273133,8.84135587281,3.69881747005e-06,0.00288129791316,5.32928891463,0.0518174563347,0.311824662377,7.26221806765,0.000354959580356,0.0709571388019,8.47294090051,6.10131211394e-06,0.00587308259902,5.10778915856,0.0614930416594,0.174158914321,0.658074847333,-2.4535378566,-0.157990098,0.404982939363,-0.407202780247,0.00900754329434,-0.460657018344,0.307024833301,-0.102294958874,-0.377874639304,-0.455605671648,-0.00719834103661,0.0204878606771,-0.0289368344019,0.00990714107903,0.0035541488137,0.453709020335,-0.0994669089915,0.0628093649714,-0.563372206229,4.84228051045e-07,0.0010173833527,-0.102026030785,3.67978349822e-06,0.00130148193848,-0.332898454357,1.03088842714e-06,0.00134012435685,-0.325989789139,2.56547532044e-05,0.00841363355882,0.428121766199,-1.3035314255e-06,-0.00121760810304,0.19061772548,-1.18225114065e-08,-0.000330962654453,-0.186243416025,2.40247962389e-06,0.00322040354426,-0.317835478704,8.023724771e-07,0.00124221532983,0.623105783955,-5.6316579319e-06,-0.00404503829718,-0.0342509616351,1.31224650763e-06,0.000392498940703,0.0750244491662,-2.34278653147e-06,-0.0024510261762,-0.256952676756,1.02312391262e-05,0.00429707930635,-0.0925513089405,0.0197107812783,-0.0742580740652,0.500319249547,-4.12059429079e-05,-0.0114439858858,0.540199728218,-8.69555941846e-06,-0.00369680840884,-0.424388458541,0.0332872659801,0.0760940595665,0.0407625545215,-3.62909836817e-05,-0.00597831395224,-0.214690866266,1.08343544315e-05,0.00431045834781,-0.452510599135,0.0314339968277,0.0426051753446
gradient,27,0.22,0.229999989271,predicted,Actual proposal support boundary; monitored coordinates are pre-native endpoint forecast,True,50,-0.119028272361,0.419809991131,0.000868103656767,0.0190587710953,-0.003623826828,0.088678094038,7.34097922944,7.16788120485,0.172151369801,-0.492671459799,2.3429670884,0.172937019997,0.251135789288,0.237696840227,0.239738303876,0.222722925102,4.71726821589,0.167720556242,0.672836791017,9.34294197966,1.87514167729e-07,0.000614383737303,8.80525203219,3.95753408207e-06,0.00305288645529,9.03445916193,6.5670426177e-07,0.00142438720711,8.16699949217,2.19396856604e-05,0.0117635248376,9.27731167542,6.43912540038e-07,0.00105341417259,8.95175778155,9.87868514609e-07,0.00169027850517,8.28562200841,3.06936755874e-06,0.00652081635222,9.03540416635,4.39538401464e-07,0.00121024250971,8.84871080844,2.07731946045e-06,0.00250405676077,8.62063028426,3.12951383954e-06,0.00376801532599,8.0635203871,2.11652946175e-05,0.0144158680649,8.37406805175,9.65791746013e-06,0.00713555246428,4.6854433055,0.157220675985,0.342109176103,8.24145425935,2.23793745024e-05,0.0108650626925,8.84830719728,3.58776426656e-06,0.00283393643869,5.32237425167,0.0523148699294,0.312433045411,7.26422311001,0.000352866637165,0.0706853923493,8.46767373153,6.30354624658e-06,0.00596302745207,5.10120780396,0.0619085561317,0.174490572904,0.569468751997,-3.7766568921,-0.434611022472,0.115422382951,-0.288853302598,-0.112298439551,-2.02412467157,0.589950630533,-0.833167273109,0.52381047499,-2.38465345656,-0.00589868356502,0.0285013334111,-0.0226037432023,0.0292635455397,0.00474060006452,0.437132264199,-0.103426506424,0.0920070641509,-0.722246689728,7.62295439783e-07,0.00145699143879,0.566008330819,-7.66455884601e-06,-0.00354192159353,-0.102605219515,2.73797880666e-07,0.000375428793999,-0.56461003381,4.96241935327e-05,0.0148448683353,-0.194658915558,6.84661802875e-07,0.000629131016599,0.753868682236,-3.15441681996e-06,-0.00312535332427,-0.720815858312,1.07490346709e-05,0.0137320838145,0.434528973214,-1.05107558322e-06,-0.0017144153677,0.280992876077,-4.03401707353e-06,-0.00201695470038,-0.325859282523,4.09449328454e-06,0.00320739867091,0.335401525857,-1.68966920608e-05,-0.0108166403263,0.765608891617,-3.40417048771e-05,-0.0135024479608,-0.222466937647,0.0472022020559,-0.0839065565179,0.334869475312,-3.40927853109e-05,-0.00704211711155,0.0829064402082,-8.3470878271e-07,-0.000437518681222,-0.692354238029,0.0492217861531,0.0412797554711,0.304525525013,-0.000373669756555,-0.038808837658,0.471636326619,-1.18913055727e-05,-0.00598199281391,-0.967449909695,0.0638689762485,0.024767730768
gradient,27,0.23,0.239999994636,predicted,Actual proposal support boundary; monitored coordinates are pre-native endpoint forecast,True,50,-0.11121175833,0.369768144794,-0.00271614536286,0.0208499553418,-0.00473289402962,0.0870727120065,7.3008889485,7.17788263557,0.16089145963,-0.481866216377,2.30006161179,0.172933630293,0.251440460805,0.237559705535,0.240210073806,0.222877440793,4.71862561234,0.167210306443,0.674166500825,9.33289049337,1.98950526799e-07,0.000635497050076,8.82419888349,3.6548810734e-06,0.0029205447021,9.03578234257,6.5222829402e-07,0.00141877612638,8.16039751893,2.25349958002e-05,0.0119388418924,9.27024587438,6.66996025287e-07,0.00107482881897,8.96755967442,9.13411510343e-07,0.00161803252366,8.27724435571,3.19925231461e-06,0.0066837647845,9.04147370522,4.23477365461e-07,0.00118542327879,8.85096669768,2.01950596395e-06,0.00248338862041,8.61596928965,3.17891065083e-06,0.00381418009589,8.0661951616,2.10814889366e-05,0.0143327665381,8.384184728,9.21925803426e-06,0.00695856332454,4.68478165586,0.157414944523,0.341505129798,8.24920261226,2.15503129687e-05,0.0106964307908,8.84301400161,3.6821232944e-06,0.00287254753954,5.31544182987,0.0528018920578,0.312650257487,7.26830857815,0.000347486185225,0.0701809620487,8.48237362704,5.86348600248e-06,0.00575344274274,5.08844016037,0.0627704211844,0.174654268936,0.109823756287,-2.93519490638,-0.00753182172772,0.209626972675,0.123353809118,-0.0356041558951,-2.66465420358,0.171554203799,0.0255447799184,0.28476360277,-3.66458632346,-0.00566000303399,0.0239511939108,-0.00180952914322,0.0455539093389,0.00490344833512,-0.0688726295367,0.0146320227245,0.11831786791,-0.660480896775,7.21907497333e-07,0.00136477814702,1.31443241636,-2.06859356957e-05,-0.0090638864797,0.346973077744,-1.1218106176e-06,-0.00143017007424,-0.136985107019,1.50630654232e-05,0.0037172889274,-0.359285016666,1.14230266495e-06,0.0010614454876,1.30997168252,-5.8707277843e-06,-0.00585923876722,-0.127880217838,1.55721479469e-06,0.00222755925359,-0.17975772721,4.18382771586e-07,0.000704824851976,0.160210383365,-4.97501062695e-06,-0.00163987307809,-0.592154461999,7.81455943107e-06,0.00624633921013,-0.0127682373043,1.37012114566e-05,0.000740543587079,-0.0119888441844,1.38268480944e-06,0.000302723290124,0.163236636554,-0.0216386024192,-0.00611357877838,0.367125887316,-4.62520975595e-05,-0.00761165725495,-0.408237497807,6.89075803206e-06,0.00287182326022,-0.26921677446,0.0194969030491,0.0086085777027,0.164482658073,-0.000216447255776,-0.0200913487162,1.32654262815,-3.73715127584e-05,-0.0187222442128,-0.457904502294,0.0330035479486,0.0113422926795
gradient,27,0.24,0.25,predicted,Actual proposal support boundary; monitored coordinates are pre-native endpoint forecast,True,50,-0.116831797236,0.361106093004,0.000717467222213,0.0232513105488,-0.00115675064564,0.08796601092,7.28768614536,7.17131228892,0.172662265399,-0.486976187744,2.26967536193,0.172823819936,0.251614813166,0.237660649644,0.240649382062,0.222820994068,4.7158907633,0.168013196696,0.675203148375,9.32973236172,2.01952317676e-07,0.000641679300243,8.83154068052,3.54381536816e-06,0.00287160872569,9.04139862349,6.34268049418e-07,0.00139578380562,8.16425979003,2.22409469688e-05,0.0118378706161,9.27012597508,6.66758593337e-07,0.00107464308235,8.9779572152,8.70453958923e-07,0.00157309372983,8.28306440405,3.10051185463e-06,0.00656536753729,9.0318090118,4.47906056896e-07,0.00122433900675,8.85191501611,1.97781924791e-06,0.0024712592992,8.60878719502,3.28580502816e-06,0.0038929421102,8.06326502235,2.14393188467e-05,0.0144306789367,8.37382827486,9.68557115632e-06,0.00714160693008,4.68870803823,0.156787903937,0.341986904527,8.2487967771,2.14543325512e-05,0.0107128295474,8.84014244733,3.7255794272e-06,0.0028913729039,5.31698991618,0.0527048079904,0.312605216965,7.26751276317,0.000348537692049,0.070283565375,8.49420458409,5.55611599142e-06,0.00558858256781,5.09204971391,0.0625686270907,0.174717418758,-0.690287025323,2.37856266878,0.27170920372,0.27962680161,0.276076376438,0.0133326003485,-1.49964989002,-0.506337026428,0.760731413067,-0.156016377307,-2.60359177427,-0.00884107939609,0.0212238477534,0.00646707946259,0.0378537797328,-0.00188955823682,-0.171193554047,0.04783573203,0.129411690756,-0.226540107899,1.82537812104e-07,0.000416774846263,0.863457393512,-1.2804374214e-05,-0.00572298260329,0.580094575994,-1.88383150355e-06,-0.00240659974688,0.298836912411,-2.315385922e-05,-0.00784751752762,-0.112111171365,3.14857436125e-07,0.000292677233624,0.798547338856,-2.87700572385e-06,-0.00319194485799,0.357992756314,-6.20120586758e-06,-0.00740034723869,-0.582083742873,1.50262383626e-06,0.00234330621854,-0.0178520141446,-2.14241871845e-06,-0.000226828960302,-0.376789085243,4.32641224108e-06,0.00396400519422,-0.295491195377,3.50465913753e-05,0.010032653143,-0.799754965044,3.60114151478e-05,0.014122335416,0.368908361516,-0.0588238137852,0.0400844422587,0.219407591628,-2.99298174223e-05,-0.00440516432368,-0.211595811197,2.92507860327e-06,0.0013156807153,-0.0774958900388,0.00640333058536,-0.00481269429694,-0.019944135242,2.48020875861e-05,0.00272616158742,1.00250015468,-2.48825099826e-05,-0.0136369619558,0.29033170087,-0.0192247996378,0.018627926272
gradient,27,0.25,0.259999990463,predicted,Actual proposal support boundary; monitored coordinates are pre-native endpoint forecast,True,50,-0.125017498837,0.41733939817,0.00271803871155,0.026442491374,0.000788633499146,0.0873393640135,7.2708959507,7.16775589504,0.176106087891,-0.484986543923,2.2479897763,0.172756808705,0.25186493776,0.237689047124,0.240967149401,0.222839649629,4.71520174126,0.168167021084,0.67675473464,9.32835969121,2.02601283042e-07,0.000643832547001,8.84146803136,3.39879358912e-06,0.00280608505003,9.04738423409,6.14551663949e-07,0.00137064413144,8.16637425718,2.20719186158e-05,0.0117818915418,9.26800365095,6.73293174009e-07,0.00108068236364,8.9835306212,8.55871395866e-07,0.00155419362651,8.28440421083,3.07522819726e-06,0.00653575783973,9.02983203037,4.53529842186e-07,0.00123228940316,8.8506096574,1.97665758959e-06,0.0024788520412,8.60843350795,3.26543889565e-06,0.00389346019978,8.06028533769,2.17824207641e-05,0.0145334196009,8.3681896287,9.93948633721e-06,0.00724101003286,4.69215982309,0.156238468248,0.342306818643,8.25359076409,2.09517166203e-05,0.0106083275043,8.83878208539,3.74062486646e-06,0.00289886115384,5.31389191207,0.0529299586695,0.312554003601,7.26790969545,0.000347982226976,0.0702354852805,8.50242363013,5.36583580283e-06,0.00548070350363,5.09424679438,0.0623859251916,0.175026827462,-0.55621520961,2.94136721344,-0.105610132218,0.350799366832,0.0785360336303,-0.0826189621135,-1.33106757301,-0.298903553248,-0.313322311638,0.26681282696,-1.64730326894,-0.00756425464218,0.023659642075,0.0110647838738,0.0308770754479,-0.0108431317216,0.16851048146,-0.0325241930158,0.104148995446,-0.3784633567,3.40762376299e-07,0.000731117415259,0.853858448028,-1.25139189911e-05,-0.00564726952972,0.0712101208761,-2.69623850481e-07,-0.000330111562121,0.0966508286706,-7.36316687049e-06,-0.00244957583242,-0.022839944705,7.33494439159e-08,6.65356716322e-05,0.406911844515,-7.53166134926e-07,-0.00124323822589,-0.212821244794,2.77409068601e-06,0.00374333989716,0.208599017965,-3.68200484574e-07,-0.000742057051895,-0.0111514533112,-8.77112139238e-07,3.88966292894e-05,-0.0501389214722,-2.13004031917e-07,0.000366875974805,-0.0356542549209,9.58197534765e-06,0.0014437403803,-0.177217755738,8.6159604901e-06,0.00321880172786,0.0702281466518,-0.00437198227315,0.0196137540097,0.468415439521,-4.66305510482e-05,-0.0102369413403,0.0786109551128,-1.53102931025e-06,-0.000607459182922,-0.680996950899,0.0481266117539,0.0122824047872,0.172805971911,-0.000171366540168,-0.0239376646702,0.601488754201,-1.4099255658e-05,-0.00788906006496,-0.121050914758,0.00207773761347,0.0170726186147
gradient,27,0.26,0.269999980927,predicted,Actual proposal support boundary; monitored coordinates are pre-native endpoint forecast,True,50,-0.127956101428,0.419933437273,-0.00139473542214,0.0302672978854,0.000413970026971,0.0863136316778,7.2610647939,7.16533421786,0.166395819166,-0.481639931204,2.23672929655,0.172672534844,0.252088006008,0.237881945321,0.241266923571,0.222604131434,4.71926097293,0.167362712836,0.677286128284,9.32216309459,2.08767565202e-07,0.000656301648548,8.84861784948,3.29353698833e-06,0.0027586633351,9.04282282591,6.28875572408e-07,0.00138918157438,8.1661928066,2.20936836314e-05,0.0117888790995,9.26966917619,6.68225582215e-07,0.00107597379578,8.98609545209,8.55390636225e-07,0.00154822896531,8.27880797916,3.15599366836e-06,0.00664023433524,9.03598099216,4.40542047204e-07,0.00120949786571,8.85169198704,1.96027700513e-06,0.00247203723179,8.60778441659,3.28154494752e-06,0.00390027962969,8.06255193725,2.16309583536e-05,0.0144595537443,8.37028391975,9.85789036613e-06,0.00720598296464,4.69011260116,0.156700464291,0.342379179607,8.25816508589,2.05217215303e-05,0.0105080907206,8.84171466643,3.69495884099e-06,0.00287922372024,5.30336997716,0.0536673402255,0.312850865061,7.27096888261,0.000345110361246,0.0698048120815,8.50623435918,5.27413087826e-06,0.00543080136651,5.08962869562,0.062610181843,0.17505887113,-0.533335843127,1.62325968563,-0.334769248962,0.0765143036842,0.146607965231,-0.0686362125133,-0.540855105341,0.240459063714,-0.50887757491,0.199202453711,0.0157821308544,-0.00347761462758,0.0141541899999,0.0112686323141,0.0062822702793,-0.0221781227002,0.361477487725,-0.0732616427971,0.0503518690941,0.0549769574835,-1.48485860808e-07,-0.000172163950427,0.251731256859,-4.11482847478e-06,-0.00173869467363,-0.188663565658,4.8645498057e-07,0.000708296198941,0.126166306942,-1.23553392504e-05,-0.00326049999464,-0.384501178214,1.29394313686e-06,0.00117804256061,-0.0382701107307,1.0887023207e-06,0.000637340611883,-0.36559334165,4.66090601276e-06,0.00667035695727,0.54548757432,-1.22394007556e-06,-0.00204030212749,0.0607214059132,-9.93739446939e-07,-0.000376968641788,-0.158285607721,2.46692359387e-06,0.00160831787432,0.149695837553,-8.92596569839e-06,-0.00487306239842,0.427045126403,-1.92631915201e-05,-0.00747980339633,-0.181996444144,0.0410724689569,0.013763172692,0.107712657573,-1.25263874325e-05,-0.00220296030763,0.0868585911781,-1.37419870543e-06,-0.000579845582952,-0.496158366634,0.0345249359797,-0.00453353610965,0.200171376232,-0.000170802006875,-0.0289270324844,0.104953936752,-2.50483870083e-06,-0.00130894809942,-0.0470568825031,-0.00415288831375,-0.00211658223985
gradient,27,0.27,0.280000001192,predicted,Actual proposal support boundary; monitored coordinates are pre-native endpoint forecast,True,50,-0.135684215699,0.449804591882,-0.0039773462677,0.0279727774477,0.00372079280377,0.0859666397632,7.2600788486,7.17256507632,0.165928536393,-0.481002494849,2.24830541892,0.172687256412,0.25214802156,0.237914419771,0.241092794806,0.222396087175,4.72243129101,0.166701788228,0.677761772022,9.32945923036,1.99631565825e-07,0.000640389267993,8.8465026565,3.31649701962e-06,0.00277131115656,9.04361096278,6.24280763561e-07,0.00138481005542,8.16889758332,2.18248118308e-05,0.0117166815419,9.26031362739,6.99172036747e-07,0.00110424321485,8.98276521899,8.7764544228e-07,0.00156694043874,8.277092344,3.16844631751e-06,0.00666916497887,9.04074178185,4.29051040675e-07,0.00119148336061,8.85182408551,1.95678280065e-06,0.00247131266837,8.60526779579,3.31477736753e-06,0.00392562655726,8.06327925444,2.16039014501e-05,0.014435958353,8.37673053123,9.55422250681e-06,0.00709141396493,4.68851989421,0.157059917627,0.342582082097,8.25574501724,2.07011888716e-05,0.0105642682981,8.84051925721,3.71314089236e-06,0.00288726424218,5.30396874473,0.0536204573891,0.312463332879,7.27191312297,0.000344566186839,0.0696569446308,8.50452270887,5.31573902881e-06,0.00545452454164,5.09330565673,0.0623028674253,0.174984495817,0.075151902567,-1.25491346745,-0.0128484964369,0.0636499673128,0.204706147313,0.0112036115655,1.07792310258,0.754752923784,0.359631862792,0.0714799738227,1.4627970655,-0.010771628294,-0.0020835061081,-0.014462448175,-0.0218666663319,-0.0135168437198,0.0843538579973,-0.0267082547075,-0.0124960126168,0.138056320931,-2.10320767427e-07,-0.000328294854189,-0.789196772118,1.2145621386e-05,0.00550533007194,0.0461949340282,-2.73950589233e-07,-0.000257927778358,0.389068453979,-3.75985398037e-05,-0.0103600835358,-0.653209093415,2.19075498959e-06,0.00199208449372,-0.554457070314,3.21838372861e-06,0.00287676459936,0.0867764736993,-1.91202809811e-06,-0.0019078796116,0.170573570936,-4.50953069683e-07,-0.000683071967992,-0.170199470925,3.40709352763e-06,0.00155171663889,0.158663678301,-4.06775838785e-06,-0.00189046098464,-0.176048723357,1.20790395294e-05,0.00576896590398,-0.0640440291465,1.23009405686e-06,0.000884962016676,0.0452196402892,-0.00628937831059,0.0319577367361,-0.282255822851,2.4906857806e-05,0.00650306477723,-0.16082522023,2.58990645441e-06,0.00110705040385,-0.108570984494,0.00774920558582,-0.0134196538717,-0.00065910220934,9.09231892997e-05,-0.00470471078942,-0.523364511127,1.558759142e-05,0.00762049677195,0.268186344358,-0.0194820107062,-0.00376480176097
gradient,27,0.28,0.289999991655,predicted,Actual proposal support boundary; monitored coordinates are pre-native endpoint forecast,True,50,-0.126453063376,0.394835167924,-0.00165170535088,0.0315402972317,0.00450809297323,0.0865377039091,7.28262325596,7.18042927634,0.173588456422,-0.480210331728,2.26598523786,0.172457102278,0.252046335886,0.237592696358,0.240829590245,0.22233379456,4.72094805009,0.166828547742,0.677036208032,9.324924221,2.04561149853e-07,0.000649735751464,8.83283391404,3.53644941605e-06,0.00286876993654,9.04374672459,6.23396560624e-07,0.00138402301881,8.17397417568,2.13417128354e-05,0.0115816774287,9.25660499432,7.12040682007e-07,0.00111581548565,8.97500631068,9.19758310797e-07,0.0016057642573,8.28054350863,3.11775310639e-06,0.00660207674301,9.03939246358,4.31522985811e-07,0.00119583642635,8.84828799762,2.02841887568e-06,0.00250307156457,8.61095769016,3.20018977976e-06,0.00386247041,8.05903096278,2.18725391442e-05,0.0145749330624,8.36900303917,9.88249224726e-06,0.00722368220497,4.69101699397,0.156574676725,0.343018334342,8.25251996943,2.10198586864e-05,0.0106381520161,8.83849816202,3.74675697008e-06,0.00290136472832,5.30119855747,0.0538223243372,0.312582471984,7.27095570057,0.000346928825032,0.0697107178658,8.49576706895,5.58588270666e-06,0.00558321130195,5.09499242251,0.0622205416289,0.174983575095,0.275147756705,-3.09365508,0.0545189380645,0.278584674001,-0.0484725236893,0.0863950465781,1.76329525944,0.401008559585,0.463389700288,-0.35532753813,1.8323952488,-0.0109138770594,-0.0091868903937,-0.0164112326453,-0.0256252595308,-0.00824838550858,0.0935693994826,-0.0277147826509,-0.0521541822746,-0.319980779462,3.148822052e-07,0.000634685793232,-1.19076156485,1.92030595629e-05,0.00847827724128,-0.246853821453,7.4372522573e-07,0.00098810082676,0.457832162301,-4.63210930214e-05,-0.0121599143617,-0.152342236371,5.53533296015e-07,0.000496744725281,-0.706344050335,3.65375173539e-06,0.00341441560428,0.216983740769,-3.2230651215e-06,-0.00435734692127,-0.194593389855,4.720838405e-07,0.000737711364007,0.0388248533208,2.60579788795e-06,0.000355934985755,0.523665320494,-9.81721334308e-06,-0.00576663770289,-0.0571709881746,-4.86730234631e-06,0.00153517762769,-0.789482613356,3.69191518704e-05,0.0141394792224,-0.0691123372152,0.00711028928194,0.00419803679926,0.0222596592093,-2.92512337342e-07,-0.000528257596589,0.0796866758998,-1.13522378645e-06,-0.000503911766749,-0.142211397475,0.0124085915221,0.0350653673473,-0.00160619523933,4.73740375513e-05,-0.00246675183741,-0.929967928021,2.75567653729e-05,0.0134540824894,0.206342250426,-0.0133945852832,0.00441139997158
gradient,27,0.29,0.299999982119,predicted,Actual proposal support boundary; monitored coordinates are pre-native endpoint forecast,True,50,-0.130181260565,0.387931490282,-0.00288696750641,0.0335444709277,0.00275134232998,0.0876945406948,7.29534475378,7.18058524751,0.175196330399,-0.488109045611,2.2849533239,0.172468978871,0.251964283752,0.237586195118,0.240580289616,0.222231119464,4.724302679,0.166147492575,0.676718688376,9.32305961477,2.05929209929e-07,0.000653082983857,8.8226874252,3.70055821088e-06,0.00294087670139,9.03867388635,6.39155268075e-07,0.00140457207195,8.17805422657,2.08983899704e-05,0.0114734832547,9.25726678266,7.10242702667e-07,0.00111417810936,8.96863833798,9.50720476988e-07,0.00163522875083,8.28143201881,3.10398501508e-06,0.00658201804045,9.03684991405,4.38492717485e-07,0.00120623758789,8.85260058258,2.00889875841e-06,0.00247843136808,8.6157411022,3.11843310067e-06,0.0038102938032,8.06213583468,2.15065554032e-05,0.0144666619055,8.36094087896,1.02926055442e-05,0.00737420354938,4.68713764747,0.157202123412,0.342666042833,8.25619021043,2.06953386249e-05,0.0105537031462,8.84211299073,3.69043641663e-06,0.00287718600685,5.30112451678,0.0538686292195,0.313164640225,7.27188099907,0.00034551366759,0.069607609594,8.48592335031,5.86687433627e-06,0.00572360619143,5.09743250174,0.0620349757197,0.175072723816,-0.797037804028,3.93191768847,-0.169791400433,0.265590295196,-0.00116603076457,0.112373036601,1.76838303523,0.307133130165,0.0320453599677,-0.8954377002,2.01707179627,-0.00268015137231,-0.0174907652622,-0.0163468020449,-0.0307426546259,0.00190393809024,0.456413476137,-0.0926064236017,-0.0201262236382,-0.172186907443,1.68783792448e-07,0.000325818179342,-0.983667686988,1.60710922307e-05,0.00699974340396,-0.605648719561,1.78178865762e-06,0.00242326855222,0.506169715716,-5.13663712646e-05,-0.0132057362809,0.0410964450892,-1.1903750712e-07,-0.00010760236687,-0.556137557604,2.47905716834e-06,0.00245781673687,0.107706852401,-1.93097783483e-06,-0.00235600344097,-0.264626663312,7.11623383024e-07,0.00110415228665,0.297964839207,-5.86852254102e-07,-0.00159440762819,0.416719683428,-7.54446995928e-06,-0.00466069325346,0.20333594244,-2.45773661431e-05,-0.00715583515333,-0.702117931927,3.55231193945e-05,0.0131295827159,-0.391000845859,0.0732396356323,-0.012206267646,0.25372378556,-2.15605745913e-05,-0.00601131191423,0.366936054632,-5.77311219857e-06,-0.00247248224431,-0.0463553829658,0.00848635818945,0.0674979441763,0.130355798349,-0.000153902367506,-0.0164306890254,-0.824060308303,2.42716007031e-05,0.0117120848806,0.306365854168,-0.0177661920626,0.00412756575736
gradient,27,0.3,0.310000002384,predicted,Actual proposal support boundary; monitored coordinates are pre-native endpoint forecast,True,50,-0.142393819457,0.473473521693,-0.00504753335953,0.0368521031356,0.00448477235794,0.0887851646411,7.31799091666,7.18657193894,0.174229363622,-0.498119085732,2.30632667378,0.17240349925,0.25169652058,0.237265760317,0.240214737152,0.222371873321,4.73007631961,0.16497641927,0.676633683559,9.32148048286,2.07936825702e-07,0.000656252115051,8.8131605603,3.85787126067e-06,0.00300876480462,9.0316337502,6.59032333776e-07,0.00143248838986,8.18409756999,2.03143854101e-05,0.0113175627031,9.25742692322,7.09659931864e-07,0.00111366343832,8.96388355953,9.69339454164e-07,0.00165492059204,8.28269764568,3.0791335497e-06,0.00655495667419,9.03409993031,4.45755453471e-07,0.00121791947208,8.85424729441,2.0166818306e-06,0.002471183412,8.61929208383,3.04930038058e-06,0.00376925654493,8.06309768163,2.13809918214e-05,0.0144318163593,8.35496068053,1.05929546352e-05,0.00748627385929,4.68319697705,0.158039469438,0.342774208989,8.25759444514,2.05886471945e-05,0.0105179257779,8.84583688312,3.63129472611e-06,0.00285191508343,5.30027144981,0.053992051501,0.313932430867,7.27356281653,0.000343850777682,0.0693821040853,8.47928586279,6.07131472072e-06,0.00581745299956,5.10111973959,0.0618652177876,0.17506612641,-0.646925073233,3.91535715624,-0.143925368786,0.476419702172,0.148798316717,0.102329549979,1.97822722036,0.676765760696,-0.300445361826,-0.950773344066,1.84655206468,-0.00991343606743,-0.0245128216085,-0.0178425520445,-0.0319730606225,0.00733507287558,0.495908534104,-0.0988445862621,-0.0167191574244,-0.367963523762,4.24358618829e-07,0.000759827989378,-0.563986698601,8.92131536488e-06,0.00391406445933,-0.730140048732,2.18621005465e-06,0.00296727080513,0.576233664259,-5.41481592492e-05,-0.0148458759918,0.0138310091068,-5.4508156058e-08,-4.72202525446e-05,-0.493814425615,2.07640261265e-06,0.00211556055852,0.136428038448,-2.29522092661e-06,-0.00278105844731,-0.211604789364,5.56637136936e-07,0.000882940345913,0.0910980796915,1.83060514046e-06,-0.000136697555873,0.456005544302,-7.40065804216e-06,-0.00496132281769,0.0928104498318,-1.60068174319e-05,-0.00347405822203,-0.782373810003,4.00104629836e-05,0.0146919262871,-0.355780516444,0.0721253497822,0.0207039170434,0.244655346261,-1.535631711e-05,-0.00600365884514,0.303191730264,-4.78195364415e-06,-0.00204351504642,-0.311633326867,0.0279493769353,0.0737691045604,0.0704014189293,6.54347060865e-06,-0.0133550951457,-0.542027136877,1.72548193016e-05,0.00762366621981,0.286438148674,-0.0136383235526,0.00436970084538
gradient,27,0.31,0.319999992847,predicted,Actual proposal support boundary; monitored coordinates are pre-native endpoint forecast,True,50,-0.14311976203,0.466238633407,-0.00576547488213,0.0430728649712,0.00572730866432,0.0897411316943,7.33490929819,7.19412056272,0.169187423162,-0.507124512493,2.32188436519,0.17227071015,0.25147402732,0.237229344077,0.239940828403,0.222377820922,4.73422084968,0.16417060085,0.676384305228,9.3157003443,2.14416382306e-07,0.000668279543645,8.81140769123,3.87898451818e-06,0.00301915799057,9.02407108537,6.82879469168e-07,0.00146391748806,8.18957889985,1.98154267854e-05,0.0111765657349,9.25754340284,7.09152539546e-07,0.00111323370431,8.95876204947,9.92248529241e-07,0.001677539962,8.28416057958,3.05808059655e-06,0.0065263968715,9.03261781827,4.49625460223e-07,0.00122389639481,8.85442254417,2.04551086121e-06,0.00247569741696,8.62486121309,2.97041993983e-06,0.00371106734685,8.06399204367,2.11864190545e-05,0.0143971807411,8.34529340276,1.10928148039e-05,0.00766804207512,4.68002203714,0.158644630408,0.343080121173,8.26108331735,2.03882122827e-05,0.0104336299693,8.84817682534,3.59479734374e-06,0.00283631570592,5.29489185025,0.0544276167582,0.314640022317,7.27328902745,0.000345644537002,0.0693405076911,8.47508280757,6.2119707223e-06,0.00587607951582,5.10316126472,0.0617622092486,0.175160117833,-0.344229217567,0.570673167944,-0.12221455574,0.672907337546,-0.0978161916136,0.0843643954032,1.71690873989,0.303686620799,-0.147144023712,-1.07237802055,1.20769958214,-0.00992737103115,-0.0214162346137,-0.000130858727518,-0.0224772970896,0.000400238280335,0.527441912516,-0.0978578985234,-0.0260050586006,-0.677190538048,7.35494730958e-07,0.00140026781145,-0.27945567923,3.98912503048e-06,0.0018218597055,-0.650316079191,1.98539786124e-06,0.00263160663392,0.445597027879,-4.33714643078e-05,-0.0115251968794,0.468157488092,-1.5602458692e-06,-0.0014145423892,-0.366687732717,1.67624202651e-06,0.00159215802495,0.116092232264,-1.83807080783e-06,-0.00248692441332,-0.208419843641,5.17860138089e-07,0.000785011220482,0.267324742353,-2.88436565567e-07,-0.00132306742941,0.301352785745,-3.57401275851e-06,-0.0029201068324,0.0880243866225,-1.40555768409e-05,-0.0033120682377,-1.0583446742,5.56286969686e-05,0.0199479148231,-0.315144710932,0.0587735868309,0.00994897184774,0.326836502879,-2.14327228401e-05,-0.00776335100717,0.614069075276,-9.43142470544e-06,-0.00409463381374,-0.518174455834,0.0441836113366,0.100937297895,-0.047818799876,0.000231702479675,-0.00298648739098,-0.469794477009,1.54194971919e-05,0.00664195961109,0.0170781745426,-0.00161605701865,0.0194985435541
gradient,27,0.32,0.329999983311,predicted,Actual proposal support boundary; monitored coordinates are pre-native endpoint forecast,True,50,-0.149278403808,0.484886985052,-0.00749182447434,0.0503102498865,0.00252844852567,0.0904724525492,7.35232909146,7.19264567135,0.171286483147,-0.519566646143,2.33048066543,0.17220495183,0.251268195888,0.237263143142,0.23976519121,0.222379878087,4.74062515786,0.163019261299,0.676113582387,9.30793667209,2.22646720321e-07,0.00068425747128,8.80757144671,3.93765376128e-06,0.00304520199873,9.01862742861,6.98740291001e-07,0.00148512052254,8.19300951055,1.94469561239e-05,0.0110870587655,9.26679007298,6.7845501448e-07,0.00108537259053,8.95654980488,1.00286429469e-06,0.00168676375253,8.28501949032,3.04237213354e-06,0.00650521818592,9.02993153344,4.56112656233e-07,0.00123361969649,8.85959378925,2.01091309928e-06,0.00244472206342,8.62531913954,2.97782012541e-06,0.00371085440828,8.06485816936,2.10998802845e-05,0.0143655749945,8.33379378704,1.17055285745e-05,0.00788523215575,4.67689408283,0.159214941174,0.342973188426,8.2641311752,2.01599927377e-05,0.0103626587577,8.85811826462,3.442666232e-06,0.00277002240715,5.28990796069,0.0548757237277,0.315951176825,7.27260644054,0.000348484827275,0.0693223743374,8.46988997325,6.37970466456e-06,0.00595029219178,5.10146130308,0.0618328966472,0.175456097281,-0.116064836526,-0.151960648035,-0.183737814426,1.09814229608,-0.434816330671,0.156696841369,2.96671593154,0.295503661027,0.0244146106803,-1.20316003643,2.22223030287,-0.0224980662212,-0.0414628836269,0.0138647449896,-0.024500093984,-0.0119052006151,0.733407453627,-0.134075008767,-0.114410911979,-1.11114070968,1.34009720368e-06,0.00239738135095,-0.851238434715,1.41621280861e-05,0.00606624846615,-1.11506366428,3.68515598758e-06,0.00473930211086,0.32908322294,-3.67729896951e-05,-0.00863469975347,1.22589134504,-3.91316471654e-06,-0.0036124956141,-0.521334004142,2.25463807077e-06,0.00211896464666,0.0863465372557,-1.94289666114e-06,-0.00227043088391,-0.45681789692,1.22154228456e-06,0.00180575196628,0.554950899411,-2.08652881657e-06,-0.00294099597063,0.346455239507,-3.21082851297e-06,-0.00290486969386,-0.0850746628081,-5.22934856514e-06,0.00240569469262,-1.24970075012,6.61397710524e-05,0.0235176552774,-0.223307070015,0.0427914814035,0.0696057405338,0.284426136827,-1.53565379477e-05,-0.0068011858245,0.785558941654,-1.13562480098e-05,-0.00505397530084,-0.803018634347,0.068093316556,0.178550327545,-0.175009565124,0.000541460137123,0.00551349720667,-0.873146894019,2.80910694793e-05,0.0122931442897,-0.256739689556,0.0204964920332,0.0340396805458
gradient,27,0.33,0.340000003576,predicted,Actual proposal support boundary; monitored coordinates are pre-native endpoint forecast,True,50,-0.145441058761,0.463199420446,-0.00944023117066,0.0650357108927,-0.0029690179491,0.0928750685217,7.39424361682,7.20003063594,0.169675715376,-0.531187713221,2.36632897125,0.171820748825,0.250644769647,0.237506638977,0.239450826523,0.22213971691,4.74888899876,0.161489100674,0.674096086988,9.2934775301,2.4121832638e-07,0.000716227170664,8.79438292253,4.1622270799e-06,0.0031404829599,9.00176981209,7.5658258892e-07,0.00155870353027,8.19616056431,1.90799669915e-05,0.0110038717398,9.28206122974,6.30889245215e-07,0.00104098379203,8.94833536938,1.03734129066e-06,0.00171991925493,8.28588751033,3.01922266333e-06,0.00648098825383,9.02348146033,4.74056305915e-07,0.00126001143413,8.86552156216,2.00378028488e-06,0.00241687749755,8.63179031788,2.90620336957e-06,0.00365296995297,8.06229055042,2.10818320832e-05,0.0144452946349,8.32029938776,1.24156102249e-05,0.00813839518067,4.67555589574,0.159500460036,0.344472235984,8.26677184009,2.00810815237e-05,0.0102976062528,8.86388800417,3.36767238355e-06,0.0027352361999,5.27883147756,0.0557894830894,0.318211028868,7.26978883614,0.000356473739744,0.0694507776352,8.45761986969,6.77379211189e-06,0.00612194240162,5.09802647093,0.0621721390893,0.175840911444,0.00131153938277,-1.39655490358,-0.180775523186,1.37260720134,-0.31855289638,0.237166688817,4.51206833092,-0.447104408671,0.0545147937871,-0.606436236179,3.69793308276,-0.0312022992328,-0.0522277539052,0.0317439630535,-0.0278410611868,-0.0250953596976,0.610301339951,-0.109607053325,-0.202570130155,-1.3188014104,1.73091477844e-06,0.00297616902885,-1.20594578052,2.00540216109e-05,0.00859515898196,-1.68078204004,6.13007629875e-06,0.00757670303773,0.887634718037,-8.19067974205e-05,-0.0225148589773,1.61601650987,-4.84240084687e-06,-0.00460200484197,-0.767234092225,3.47426377425e-06,0.0030915312201,0.0915478355957,-2.1283543487e-06,-0.00235599154747,-0.348419875715,1.19818933844e-06,0.00158538635367,0.441360698566,7.21732099487e-07,-0.00183208849599,0.60329353676,-7.41207011319e-06,-0.00550803755882,-0.378229244893,8.56703889693e-06,0.0120831680548,-1.39186556233,7.69105750119e-05,0.0267134791099,0.0133798506555,0.00529705454841,0.186474561972,0.239287420742,-7.08429526104e-06,-0.00611936987089,0.29594188717,-2.89967470055e-06,-0.00151269417251,-1.18044050777,0.0943010540253,0.194190712599,-0.038044033974,0.000392645063888,-0.0121742589961,-1.11978611281,3.70481480591e-05,0.0155511654291,0.0629474027667,0.00343985885934,0.0171659635565
gradient,27,0.34,0.34999999404,predicted,Actual proposal support boundary; monitored coordinates are pre-native endpoint forecast,True,50,-0.149252173021,0.45695588698,-0.0111073349381,0.0777623939133,-0.00384260940194,0.0952157863255,7.44257045808,7.18370358318,0.172376779023,-0.531695370866,2.40443932708,0.171580905845,0.25022364081,0.237898022403,0.239208369987,0.221877970893,4.75283118466,0.160827120233,0.672062179784,9.28156064389,2.5726501589e-07,0.000743780851857,8.7834525311,4.3387341935e-06,0.00321710517837,8.98501178781,8.21341816976e-07,0.00163665458329,8.21076220491,1.78088201755e-05,0.010636761586,9.29911040318,5.81606997543e-07,0.000993332493693,8.94120512303,1.07234957018e-06,0.00174859437694,8.28685044703,2.99980504657e-06,0.00645809835497,9.02296313593,4.80076443002e-07,0.00126532742356,8.86842100323,2.02534774127e-06,0.0024080802935,8.63738501028,2.82957872314e-06,0.00360069365711,8.05729358447,2.12712210625e-05,0.0146072383556,8.3059564758,1.32437400748e-05,0.00841950173795,4.67716167985,0.159320882265,0.346702679666,8.26891692361,2.00183068325e-05,0.0102402713603,8.86403710236,3.38467273799e-06,0.0027397685237,5.26629915054,0.0567617448082,0.319834991077,7.27184555986,0.000356337728553,0.0690788891575,8.44749425099,7.12066762574e-06,0.00626131550037,5.10272025114,0.0619016938244,0.175799416552,0.146623121458,-1.10841084937,-0.0428732633591,0.578728124499,-0.109400158748,0.154338638863,2.52414579272,-1.33210279148,0.575824745165,0.104057380654,1.73942340091,-0.00952155112786,-0.0214983420728,0.0272393388724,-0.0128426602901,-0.00959055919899,0.0857623559439,-0.0102778252195,-0.11513601483,-0.618296590704,8.29275147501e-07,0.00143990314062,-0.794584257387,1.42929281383e-05,0.0058487261257,-0.766833978765,2.99048638974e-06,0.00357802868261,0.778329163094,-6.67727026898e-05,-0.0196385557575,1.03305674001,-2.95574079601e-06,-0.00286989958994,0.0198252433714,-1.07936104232e-06,-0.000883592852795,0.12451335915,-2.17841217894e-06,-0.00271664111333,-0.146797848403,5.94545649488e-07,0.000744710112902,-0.00663672197021,3.40919484213e-06,0.000712599142341,0.408206965048,-8.96328801545e-06,-0.00437113698087,-0.24788471729,8.47555230814e-06,0.00798217884261,-0.923306326092,5.51938855166e-05,0.0183316464917,0.132835224415,-0.0231886541306,0.11564628065,0.168983243149,-1.36058630648e-05,-0.0041377438051,-0.0207714879927,1.42461479541e-06,0.000454018400562,-0.428006188072,0.0356491989665,0.0870241429644,0.229962753699,-0.000270571848812,-0.0286634471346,-0.481668011943,1.45503615396e-05,0.00629225023132,0.215353793995,-0.0149232477705,-0.0106921636964
gradient,27,0.35,0.359999984503,predicted,Actual proposal support boundary; monitored coordinates are pre-native endpoint forecast,True,50,-0.142508596331,0.441031203459,-0.0102976964378,0.0766102733827,-0.00515702112406,0.095961841299,7.44472653268,7.17338858011,0.181192210279,-0.529106565608,2.40111743926,0.171630317803,0.250214802806,0.238051425754,0.239193973318,0.221947905726,4.75060424588,0.16128354417,0.671793366692,9.28111159829,2.5780382933e-07,0.000745025233476,8.77849123739,4.44808564267e-06,0.00325745748241,8.98643313251,8.16392316715e-07,0.00163026410393,8.21172714757,1.77445129377e-05,0.0106111006246,9.30272236454,5.71774429295e-07,0.000983585800229,8.94873187425,1.01575406981e-06,0.00170224739788,8.28837777751,2.97565441975e-06,0.00642665543156,9.02054550336,4.85947218904e-07,0.00127490563639,8.86538882772,2.07196418173e-06,0.0024311294804,8.63995445718,2.72693760926e-06,0.00356554721336,8.05733285607,2.12513431294e-05,0.0146049382118,8.30183326124,1.35194879353e-05,0.0085050281105,4.67821260023,0.159036686954,0.346785161597,8.27015150495,1.98089642624e-05,0.0102148513767,8.86347257441,3.39616467945e-06,0.00274431656792,5.2702713538,0.0565024670687,0.319951511727,7.27438809122,0.000351062302768,0.0688775086926,8.44798650945,7.06479934268e-06,0.00624778740624,5.10233354681,0.0618736741339,0.17562706817,0.265128482066,-0.807242820159,0.245774745941,0.11331563443,-0.0834979768842,-0.0147155312523,0.664504954209,-0.948362222218,0.731244266611,0.184854673839,-0.647814142262,2.13814979215e-05,-0.000580835936098,0.0103858590141,0.00264889833365,0.00238726482948,-0.375930364724,0.0742279275252,-0.0360765783596,-0.291937121433,3.83594364066e-07,0.000686454207286,-0.276617734564,6.29980138539e-06,0.00229616596859,0.295352123684,-1.18186615041e-06,-0.00143066915422,0.143865932364,-8.16446832752e-06,-0.00353123015352,0.509227101698,-1.38726265108e-06,-0.00138230753829,0.511050554584,-3.5099030203e-06,-0.00302675931771,0.32654036708,-5.17811755063e-06,-0.00635441981171,-0.264277621416,5.53817259616e-07,0.000969987136536,-0.652346777621,8.99657606592e-06,0.00478144690218,0.386326738036,-1.02711295968e-05,-0.0045387268958,-0.320228760244,3.29236691319e-05,0.0109959264266,-0.4435311094,2.48450733982e-05,0.00862611776285,0.327645117628,-0.0593018214086,0.0280236328001,-0.0687632462011,2.72539619991e-06,0.00152542699804,0.32226975322,-5.11023860028e-06,-0.00222797653986,0.104559074285,-0.00665340573463,0.0115366216516,0.126310829632,-0.000335397692211,-0.0059160577594,0.157543360938,-6.04153789741e-06,-0.00265753098784,-0.189807234677,0.00728492256286,-0.015236032629
gradient,27,0.36,0.370000004768,predicted,Actual proposal support boundary; monitored coordinates are pre-native endpoint forecast,True,50,-0.143949603379,0.440811030577,-0.00619184001923,0.0800287066019,-0.00551256893963,0.0949214757005,7.45586055716,7.16473633874,0.187001664355,-0.52799827739,2.39148304424,0.171581333475,0.250212024091,0.238105739584,0.239261347953,0.22192571619,4.74531257737,0.162311678783,0.671340648217,9.27572190146,2.64936903171e-07,0.000757509936003,8.77792017641,4.4647302212e-06,0.00326302849774,8.99091883029,7.97704493967e-07,0.00160804120021,8.21363952356,1.7645530809e-05,0.0105661369829,9.30929494521,5.53861744522e-07,0.000965686342927,8.95142613412,1.00215150977e-06,0.00168805919058,8.29338125438,2.89624269555e-06,0.00633100995874,9.0176775835,4.91152788194e-07,0.0012847271663,8.85537406767,2.20527926259e-06,0.00250370923154,8.64511154504,2.62415613121e-06,0.00350991911919,8.05088900926,2.19296944451e-05,0.0148271568842,8.29708585361,1.37406415427e-05,0.00859202409321,4.6837145822,0.158134845837,0.347263152322,8.26754165869,2.00728147565e-05,0.0102707799003,8.87048249743,3.28246796598e-06,0.00269520899291,5.26839033202,0.0566286766935,0.32006572351,7.27437177645,0.000349629774709,0.0689605680023,8.45064511821,6.99983686779e-06,0.00620816488061,5.09892410644,0.0620473922757,0.1754946959,-0.122178471655,-0.248446434428,0.242993056774,0.187000833452,-0.215576535091,0.00826933325192,0.970770435711,-1.11494593411,0.648482683696,-0.425350851509,-1.04353153786,-0.00302323822909,-0.000938491981024,0.00348646489735,0.0090509728295,0.00261680148794,-0.129776727496,0.0318755639539,0.00585228399356,-0.182651877068,3.10417524298e-07,0.000434783408205,-0.223249347514,5.19890234801e-06,0.00189314881068,0.195377963732,-8.36470603536e-07,-0.00104822882878,-0.125236722266,1.60924978629e-05,0.00318839549127,0.896623860278,-2.36360821442e-06,-0.00239253265471,0.352638800137,-2.11993757304e-06,-0.00193196533201,0.377914338418,-5.57687951753e-06,-0.00730892830371,-0.453256737305,8.71355728869e-07,0.00159684553203,-0.739832091417,9.72962400091e-06,0.00533827220059,0.0985510341096,-4.36158135377e-06,-0.00139227137336,-0.289294152309,3.05998486608e-05,0.00995263059784,-0.482014306501,2.69846119902e-05,0.00934320868433,0.294168608238,-0.0530862699693,0.0203658887253,-0.41364920183,3.69308046068e-05,0.00910820129536,0.775203380686,-1.17335662656e-05,-0.00519456228034,0.373805221021,-0.0232911469082,0.07888646669,-0.145828172045,0.000201523863675,0.0167286089257,0.305312198651,-8.79437250335e-06,-0.00467629023772,-0.265451051157,0.0200830276403,0.000825650586355
gradient,27,0.37,0.379999995232,predicted,Actual proposal support boundary; monitored coordinates are pre-native endpoint forecast,True,50,-0.144952165765,0.43606227477,-0.00543783530236,0.0803502900517,-0.00946855182588,0.096127227964,7.46414194139,7.15108966143,0.194161863953,-0.537613582638,2.38024680851,0.171569853038,0.250196032966,0.238121155052,0.239374992774,0.222000241755,4.74800871133,0.161921055449,0.671910412371,9.27745856075,2.64012179816e-07,0.000753720901641,8.77402625044,4.55206368963e-06,0.00329532045862,8.99034069179,7.99662904644e-07,0.00160929952735,8.20922241313,1.8066362895e-05,0.0106748685345,9.32065484175,5.24502265006e-07,0.000935735147135,8.95578465025,9.73355318349e-07,0.00166360809124,8.29593606428,2.8641168294e-06,0.00628047686548,9.01148036861,5.03374333482e-07,0.00130684254703,8.8505921859,2.26655666174e-06,0.00253789492441,8.64192547786,2.63970598218e-06,0.00353770178589,8.05154697303,2.18633401026e-05,0.0148039908237,8.29219297511,1.40591801751e-05,0.00869189228419,4.68409597239,0.157974961554,0.347192479372,8.26187852091,2.05475803546e-05,0.0103970154026,8.87897664202,3.16149335414e-06,0.00264042532231,5.27774745822,0.0560366441305,0.321529241061,7.27147152778,0.000355092780042,0.0692120808711,8.45409275343,6.88891189261e-06,0.00615426160149,5.09702452578,0.0622753346867,0.175643581182,-0.300180391725,-0.297400229054,0.210102081299,-0.210318252444,-0.290375085548,0.0859442193716,0.000899268555145,0.00797903759792,0.506339471853,-0.822936140739,-1.29865770765,-0.00988018709805,-0.00779772534374,-0.00533404161154,0.00526185086578,0.00941210805617,0.216691380608,-0.0390657705291,0.0870114588466,0.0743708847914,-9.60360751759e-08,-0.00020411982124,0.252395698878,-4.42466989751e-06,-0.00191075796957,0.380998447355,-1.46040017279e-06,-0.00177237250557,-0.349802140124,2.48456285318e-05,0.00839015835702,0.154709844436,-4.0952009497e-07,-0.000415266385392,-0.000882531417801,-6.72893192622e-07,-0.00020396841244,0.300659121748,-5.00509730021e-06,-0.00619015154694,-0.836042982002,2.08233579773e-06,0.00330615950931,-0.389518524522,2.07617546227e-06,0.00228380004017,-0.238360054419,2.44210945797e-06,0.0022476300333,0.00097819420813,6.50551417886e-06,0.000242766436121,-0.621647362494,4.53746844829e-05,0.0133676082825,0.159382394196,-0.0296184201171,-0.0057091544524,-0.349762822632,2.11532442391e-05,0.00817996007254,0.060508012937,-9.48193398632e-07,-0.000418014392365,0.72655653034,-0.0487094972345,0.0429023232412,-0.478520099013,0.000804785139616,0.0480377220606,0.244305722321,-1.25824258784e-05,-0.00396762870304,0.0246217388712,0.0032152188615,0.0316928970683
gradient,27,0.38,0.389999985695,predicted,Actual proposal support boundary; monitored coordinates are pre-native endpoint forecast,True,50,-0.149953211214,0.434863025996,-0.00198979839325,0.075822341553,-0.0113200706506,0.0966403600879,7.45587854253,7.16489591949,0.197128453792,-0.544457000204,2.36550989008,0.171383729733,0.250056069584,0.237999058751,0.239366584971,0.222113958351,4.74964640498,0.161530363373,0.673080877394,9.27720931915,2.63016181668e-07,0.000753427539578,8.78296809039,4.37623682325e-06,0.00322481333835,8.99853879923,7.68496490512e-07,0.00157259375009,8.20664348076,1.81424433796e-05,0.0107339401501,9.3123891421,5.45671342622e-07,0.000957381015219,8.9514084835,9.8869364592e-07,0.00168397982233,8.29939443681,2.79614074955e-06,0.0062072069278,9.00095672386,5.32799504149e-07,0.00135085035648,8.84758369718,2.24680277184e-06,0.00254938523234,8.64034434395,2.67299832037e-06,0.00355487171986,8.05090857315,2.20598047287e-05,0.0148320122129,8.28465290636,1.46481352324e-05,0.00885937625886,4.68690223008,0.157542477435,0.347148969232,8.26054640224,2.04958796413e-05,0.0104343791017,8.87169265769,3.26350409801e-06,0.00268684870506,5.28292146263,0.0556544867488,0.320923769975,7.26480137447,0.000365725477501,0.0699213224435,8.45553123266,6.74818835022e-06,0.00612881230655,5.09941654122,0.0621116966529,0.176128553841,-0.283867127557,1.57066333627,0.11088436842,-0.378426216543,-0.193332273513,0.00699841149778,-0.757391834015,0.994902221801,0.226019817324,-0.398463375829,-1.10014489671,-0.0121176042876,-0.00688069520534,-0.00434442037335,0.00332358773142,0.00453420820303,0.234192357561,-0.0418323724614,0.0740533235726,-0.0368362247851,4.92415473449e-09,5.32568816571e-05,0.251541247083,-5.05977562059e-06,-0.00200099257356,0.713500860515,-2.81885356139e-06,-0.00327593400531,-0.290805752978,1.64151533528e-05,0.00687706081284,-0.518764764596,1.30941811531e-06,0.00133870963825,-0.259404996885,8.35476773419e-07,0.0011665541593,0.114278305985,-3.41521709821e-06,-0.00290509359096,-0.691992155536,2.02166383466e-06,0.00296837672666,-0.118789307941,-1.20435206395e-06,0.000392145600289,-0.124855959065,2.23986697297e-06,0.00128730712439,0.0476713646845,1.05137600363e-05,-0.00110725862941,-0.211331461525,1.88094228449e-05,0.00499373099722,0.099173579088,-0.00974494928606,-0.00519563551323,-0.139046984795,2.82314639513e-06,0.00352785604125,-0.371116019904,4.9445109846e-06,0.00229836065761,0.274184853193,-0.0208054467344,-0.0402654271024,-0.36340603692,0.000573439998849,0.0394864716236,-0.0673801094694,-2.44972438719e-06,0.000852839734517,0.0103890750797,0.000179718854643,0.0284684900108
gradient,27,0.39,0.399999976158,predicted,Actual proposal support boundary; monitored coordinates are pre-native endpoint forecast,True,50,-0.150629508316,0.467475541496,-0.00322014793396,0.0727817657208,-0.0133351972961,0.096267196194,7.44899410471,7.17098770587,0.1986822603,-0.545582850155,2.35824391057,0.171327500952,0.250058419062,0.238034266644,0.239441464529,0.222090925919,4.75269255848,0.161084408,0.673391478843,9.27672183625,2.6411066291e-07,0.000754786039274,8.77905707538,4.45086817721e-06,0.00325530060715,9.004610709,7.43285833416e-07,0.00154378084724,8.20340629807,1.8394665962e-05,0.0108124097507,9.31027954646,5.50690627313e-07,0.0009625093399,8.95059655032,9.90064853817e-07,0.00168693917442,8.2982216304,2.79581248743e-06,0.00622237499367,8.9976405255,5.43807610175e-07,0.00136621008157,8.84821639974,2.24246962046e-06,0.00254573783641,8.63942835868,2.68450332164e-06,0.00356344792838,8.05250040032,2.20736153033e-05,0.0147818456511,8.28796634588,1.4435368632e-05,0.00879176690414,4.68607944397,0.157780062568,0.347088566661,8.25909758122,2.06040432825e-05,0.0104675725234,8.87155432163,3.26038357383e-06,0.00268639253546,5.28323115528,0.0556205351958,0.320723932519,7.26420340704,0.000366561580019,0.0700018103035,8.45274515124,6.83991740487e-06,0.00617131839618,5.09723230728,0.0622789290638,0.176212950982,0.251018748398,-5.18168288595,-0.201101958752,-0.274747252464,-0.441689513624,-0.054053596571,-0.784077081031,0.198909879034,-0.163422556389,0.0147340910631,-0.880578915831,-0.00110250084521,0.00366768217078,0.00576685792462,0.0109022665684,0.00399467831937,0.398203365262,-0.0673937756091,0.0289179254865,-0.0992061654766,2.63326155904e-07,0.000306860988204,-0.106102121,1.81979497959e-06,0.000783345324755,0.386992662026,-1.59974879384e-06,-0.00184125926124,-0.671640512109,5.67099807179e-05,0.0166070239501,0.230289320431,-6.39982102799e-07,-0.000648970783241,-0.0787591879758,1.96048692907e-07,0.000310820577126,-0.309301677783,2.85661713145e-06,0.00512049978811,-0.248178935384,8.39292525262e-07,0.00115238584153,0.0234088773647,-1.07203182714e-07,-0.00010311898078,-0.00688520183968,-4.90597274634e-07,-0.000141832700936,0.276197633587,-1.23158289001e-05,-0.00903032581328,0.543607518434,-3.55047839952e-05,-0.011347036624,-0.138903040957,0.0256722588548,-0.025006480412,-0.00177653443848,-8.86800454351e-07,9.15117753354e-05,0.0830621709413,-1.19646790974e-06,-0.000530277519583,-0.0109269988679,0.000843370858236,0.0111055651332,0.00281723680183,2.22246174337e-06,-0.000302831712488,-0.227111159755,5.90922280022e-06,0.00333967516355,-0.39992299191,0.031219439789,0.020158437235
gradient,27,0.4,0.409999996424,predicted,Actual proposal support boundary; monitored coordinates are pre-native endpoint forecast,True,50,-0.144932836246,0.331229368277,-0.00601183756828,0.0703273965037,-0.0201538609231,0.0955592881565,7.44019700091,7.16887411707,0.193860002665,-0.544162318383,2.34789831177,0.171361679716,0.250129423228,0.23811439591,0.239584630302,0.222193851917,4.75761047229,0.160182487861,0.673659235904,9.27522519584,2.68282704786e-07,0.000759564759342,8.78084604797,4.41263272285e-06,0.00324048024484,9.00627865247,7.36501514635e-07,0.00153576856487,8.19321067051,1.92766429939e-05,0.0110660806291,9.31699492851,5.32871700566e-07,0.000944401599554,8.94983329974,9.92614619779e-07,0.00169019623388,8.29320840326,2.85327309218e-06,0.00630961692356,8.99599314515,5.49585354654e-07,0.00137389807331,8.84805187473,2.24465870818e-06,0.00254732285273,8.64020663991,2.66318637488e-06,0.00355203506584,8.05643252582,2.18134881507e-05,0.0146514056966,8.29552505673,1.39380395525e-05,0.00863243552638,4.68412416926,0.158055922612,0.346648839624,8.26051087155,2.04781436322e-05,0.0104362093372,8.87335390111,3.23957473982e-06,0.00267624315467,5.28270292265,0.055671354166,0.321145881278,7.26485771921,0.000365769926736,0.0699152658093,8.45098900946,6.86637280623e-06,0.00619560580982,5.09141808138,0.0627360854487,0.176531722586,0.137611003169,-3.61671955582,-0.040013551712,0.184780500829,-0.240834355354,-0.0859602121845,-1.30761139022,-0.583809508019,-0.373361651435,0.0414923354551,-1.78400553394,0.00740696136812,0.00935340024225,0.0142915123705,0.0254850427915,0.0106848053086,0.0709373271902,-0.00910357442906,0.053080763954,-0.34323147636,5.67065827635e-07,0.000852514943037,0.716530679951,-1.35109401668e-05,-0.00546820486617,0.32063635336,-1.37771961229e-06,-0.00156397669502,-0.28059603098,2.50789291842e-05,0.00708136177839,0.496672415078,-1.33102411726e-06,-0.00135576549467,0.285968113288,-1.11971183572e-06,-0.00125949949624,-0.167493440883,1.65646840775e-06,0.00284243001869,-0.119640819912,4.52989763278e-07,0.000572732373473,0.0866731302964,-1.38308644218e-06,-0.000643385367741,0.114601378095,-1.93145998548e-06,-0.00123339656705,0.138121612173,-6.91980521958e-06,-0.00454622521239,0.15207459093,-1.29272438901e-05,-0.00367187933325,-0.0728993963451,0.00696806430664,-0.00101929394873,0.468655274317,-4.09737215591e-05,-0.0103592738196,0.214457724097,-3.13996308228e-06,-0.00141250524087,-0.400104317669,0.0298144785778,0.0290778400161,0.0486782565458,-5.53071178002e-05,-0.00641953081729,0.426068490315,-1.41006370486e-05,-0.00652700492765,-0.297577613876,0.0229556584835,0.0252975609553
gradient,27,0.41,0.419999986887,predicted,Actual proposal support boundary; monitored coordinates are pre-native endpoint forecast,True,50,-0.147877288252,0.39514115038,-0.0040204189682,0.0764773757374,-0.0181518844032,0.0945479919503,7.42284187691,7.15931151571,0.191215027271,-0.544753003446,2.32256379989,0.17147564018,0.250245487067,0.238320096892,0.239951165385,0.222304622026,4.75411130502,0.160902336511,0.674453094122,9.26985720673,2.75451979463e-07,0.000771836338134,8.79338768898,4.18064937388e-06,0.00314593650983,9.01102343606,7.1573144117e-07,0.00151250131334,8.19779437745,1.88962445457e-05,0.0109540369863,9.32021299476,5.24070144967e-07,0.000935394030006,8.95631591258,9.67670617103e-07,0.0016617491845,8.29487176158,2.82894185559e-06,0.00627922359404,8.99524770911,5.52867405441e-07,0.00137766472903,8.84994986234,2.21480789162e-06,0.00253287012906,8.64172038624,2.64587412193e-06,0.00353877999704,8.05526283256,2.19352191989e-05,0.0146909211469,8.2910078377,1.41768237542e-05,0.00871832931747,4.68462145605,0.157919423855,0.347068180782,8.2684706867,1.97845688513e-05,0.010260387047,8.87584347611,3.19758431219e-06,0.00265814243064,5.27522906893,0.0562168247674,0.321305489319,7.26517697217,0.000365455437663,0.0698734196872,8.46126652104,6.5579046639e-06,0.00604077829763,5.09128075501,0.0627380422334,0.176718902201,-0.470631261823,4.22107020161,0.0941740274428,-0.0862474068999,-0.310291208327,-0.142154421353,-1.54759294814,-0.795390584653,-0.35455547692,0.35506329696,-1.72026544344,0.0107755264277,0.0141355123064,0.0284971578784,0.0315199098963,-0.00193142243412,-0.371525347889,0.0712609261908,-0.00801568419561,-0.196318183229,3.46644041303e-07,0.000507419813371,0.496305891602,-9.00339593863e-06,-0.00371599591476,0.621239852332,-2.34595605139e-06,-0.00282255134829,-0.330378336833,2.56341128256e-05,0.00843874263746,0.522986116538,-1.36453085784e-06,-0.00141088404708,0.0292965437999,1.42261218813e-07,-4.07113668156e-05,-0.140492004867,2.0767353732e-06,0.00273392803803,0.0736571442942,-2.92049171075e-07,-0.000398531046469,-0.131429290713,1.24719082093e-06,0.000890809005483,0.369837371485,-5.65986952136e-06,-0.00383540173319,0.117953403525,-1.79922084168e-06,-0.00367993324519,0.321845373673,-2.1999100608e-05,-0.00692409874744,0.0281332192955,-0.0145131071776,-0.00779574177912,0.383368238027,-3.41964038099e-05,-0.00843481665051,0.274173924263,-4.41865051625e-06,-0.00193511525999,-0.119672253413,0.00655824208769,-0.00773658291559,0.00443152159045,-6.67045614737e-05,0.00198769393335,0.164211452245,-6.19713493548e-06,-0.00254717953235,-0.327690953176,0.0233065857818,0.0155786076058
gradient,27,0.42,0.42999997735,predicted,Actual proposal support boundary; monitored coordinates are pre-native endpoint forecast,True,50,-0.154345461482,0.415650772309,-0.00412835701943,0.0686024483657,-0.0263596850896,0.0927161997294,7.40924514195,7.15296630538,0.186768893126,-0.537061052444,2.3134930029,0.171577190245,0.250412133474,0.238684339067,0.2402150285,0.222155223468,4.75017996533,0.161607706384,0.67349892222,9.27129883218,2.75215585612e-07,0.00076971315561,8.7907721658,4.23256480407e-06,0.00316616032655,9.01870344952,6.89582393607e-07,0.0014793175379,8.18660310378,1.97893252505e-05,0.0112348554818,9.32745465084,5.05581083409e-07,0.000916183918613,8.95041923061,9.95459844155e-07,0.00168938200654,8.29039856316,2.89480779964e-06,0.00636429548432,8.99746628804,5.43744371233e-07,0.00136592745238,8.84542328892,2.2696025246e-06,0.00256513903284,8.64760338734,2.54998898445e-06,0.00347532703117,8.05879159389,2.17775037339e-05,0.0145778070317,8.3019619642,1.34980575403e-05,0.00849395355143,4.68468683365,0.157765660468,0.346492924789,8.26817823631,1.9794215556e-05,0.0102675130042,8.87883737959,3.15120172949e-06,0.00263754084947,5.28030947758,0.0558025190077,0.320991149619,7.26494634964,0.000364435835507,0.0699550196879,8.45427323851,6.74243010752e-06,0.00614466221917,5.08486426232,0.0632022171643,0.176843294738,-0.550629299056,1.87785886035,0.0278476476669,-0.383847221732,-0.671410225332,-0.108755057755,-1.08538844179,-0.592083691397,0.0744183650258,0.490543028676,-0.418749542317,0.0132579433313,0.0171198398637,0.0275704239534,0.0184222134121,-0.013978511316,-0.230598552815,0.0420556226302,-0.0523956366609,0.118616089447,-3.6868971245e-08,-0.000200150234142,-0.333254385142,6.80384904395e-06,0.00264477387508,0.583105621793,-2.01190888218e-06,-0.00254413300206,-0.732137735341,5.76175967667e-05,0.01833143815,0.706586945531,-1.7489379735e-06,-0.00183305784532,-0.198802279818,6.12057147611e-07,0.000771382938627,-0.268029375019,3.83955005601e-06,0.00498456188731,-0.125019736339,1.91289063373e-07,0.000422366006187,-0.13015792865,3.31087053302e-06,0.00127076348704,0.434107729606,-7.45989731477e-06,-0.00468253538027,0.0373786623039,1.34900038601e-05,-0.000753105395278,0.693808122173,-4.56561103802e-05,-0.0145015188046,0.183515032318,-0.0349692158036,-0.01123174544,0.18921967592,-1.33448473937e-05,-0.00427237016346,0.405913516464,-6.0966980602e-06,-0.00273800267905,0.556796955256,-0.0393545296556,0.0227215740601,-0.0206627491488,-6.53341548665e-05,0.00614512677269,-0.560120204041,1.73059735795e-05,0.00849921974724,-0.438402517976,0.0368539444309,0.0136364523628
gradient,27,0.43,0.439999997616,predicted,Actual proposal support boundary; monitored coordinates are pre-native endpoint forecast,True,50,-0.158889874233,0.432698327587,-0.00346346601486,0.0688004313028,-0.0315800889099,0.0923728907952,7.40113410807,7.14746984188,0.192703394571,-0.534942142872,2.31418880905,0.171740799046,0.250587883864,0.238871505371,0.240319609653,0.222025051799,4.74949933396,0.161743448964,0.673405181389,9.27222952852,2.74714600038e-07,0.000767833333452,8.78672260127,4.31672635476e-06,0.00319883198733,9.0226855485,6.75493263527e-07,0.0014616186533,8.18315162274,2.0048596481e-05,0.0113206657493,9.33434473367,4.89091385497e-07,0.0008987328731,8.95233986699,9.79911760055e-07,0.00167717684327,8.28951117408,2.90573285671e-06,0.00637891483179,8.99274731438,5.56693186708e-07,0.00138611204916,8.84734670377,2.28102530228e-06,0.0025582853988,8.65040254083,2.49667617564e-06,0.00344512928943,8.05601040581,2.22050192761e-05,0.014675859039,8.30488400014,1.32637015466e-05,0.00842829894138,4.68829175669,0.157220039539,0.346843545874,8.27225508022,1.95176719034e-05,0.0101749396438,8.88396174644,3.07565035099e-06,0.00260338237706,5.28636500803,0.0554297341743,0.3217599208,7.26476371719,0.000364148754565,0.0699963222226,8.45006411696,6.90402413549e-06,0.00621076269257,5.08251270465,0.0634751211221,0.176991631249,-0.180638303816,1.63369776802,0.348937571049,-0.194192416966,-0.11479306221,0.0818251696971,-2.04898204315,0.568308047376,0.586369898304,-0.520139826959,-0.728019839531,0.00879471606831,0.00555804545044,0.00295205632574,0.0191460649725,0.015263604416,-0.361733614657,0.0991188040985,0.00513840010862,0.476439136739,-5.19488052656e-07,-0.00105937161231,0.0860238601005,-4.66713469728e-07,-0.000395351803005,0.564547885559,-1.91199227967e-06,-0.00237960910772,-0.562592210386,5.32994115292e-05,0.0145744463092,0.295794409812,-7.86986280568e-07,-0.000827034722418,0.681348597263,-4.54112975189e-06,-0.00382850404919,0.361448448775,-5.19328089944e-06,-0.00672742883129,-0.970946812455,3.08705064238e-06,0.00433813951316,0.133878884008,5.1810378945e-08,-0.000668353915733,0.0138595644085,-1.75799765993e-06,-0.000218143879287,-0.0989330078001,1.22849808252e-05,0.00341470684267,0.318078513479,-2.53909536307e-05,-0.00705944016934,0.124495852345,-0.0328065710937,-0.00580619133845,0.375944626321,-3.04969427359e-05,-0.00832889691826,-0.10546316359,1.16408929871e-06,0.00055204467558,1.06779378004,-0.0783489619365,-0.0238209666078,-0.433179479298,0.000575874882047,0.0532410174443,0.264590570298,-7.34426042391e-06,-0.0039847890713,-0.111426929311,0.0194904870058,0.00462462287673
gradient,27,0.44,0.449999988079,predicted,Actual proposal support boundary; monitored coordinates are pre-native endpoint forecast,True,50,-0.157958227559,0.44832472767,0.00285039440155,0.0647186000264,-0.0286555463338,0.0943527031234,7.36826550109,7.16433246632,0.198496291092,-0.547463848983,2.29893260611,0.171753084566,0.250523294383,0.238743380194,0.240597949799,0.222460495557,4.74294529303,0.163590082466,0.673601690222,9.28082761491,2.64825824559e-07,0.000748525723364,8.792492643,4.22323053468e-06,0.00315825329049,9.02999440723,6.51342548013e-07,0.00143172535575,8.17535125957,2.0855313481e-05,0.011526344408,9.33337053904,4.89841357798e-07,0.000899643224164,8.96404620256,9.04637249117e-07,0.00161281192556,8.29762753213,2.79094218165e-06,0.00622974690769,8.97804735179,6.0548538408e-07,0.00145269024265,8.8481008666,2.27063873218e-06,0.00255177195452,8.64788057863,2.51482903125e-06,0.00347096415359,8.05681293373,2.20232033504e-05,0.0146461011686,8.30832353447,1.29902384677e-05,0.00835276474804,4.6871767507,0.157109529046,0.346376800962,8.27569712884,1.91842767013e-05,0.0101009350658,8.87672811632,3.17448351546e-06,0.00264858174298,5.30166535319,0.054235539769,0.320514730287,7.25628276005,0.000375953333148,0.0710198400368,8.45956504991,6.59554489904e-06,0.00606496643775,5.08263572373,0.0635920269044,0.176935787196,0.0991079645772,0.793515541857,0.277490496635,-0.104171290994,0.381226591766,0.0054975567242,-2.04093060086,1.94016831186,0.265833735441,-0.505685903356,-2.34832604044,-0.0118129529158,-0.0128464774569,-0.0160743848262,0.0151150363366,0.0258830567704,-0.286799046145,0.0773261504734,0.031404111585,-0.10586857216,1.78940225087e-07,0.000261357073456,1.07584805713,-1.92456273438e-05,-0.00801294845239,0.621267087835,-2.05435892813e-06,-0.00259561117524,-0.37762937533,4.4043622291e-05,0.00995216010974,-0.658089072621,1.50672608202e-06,0.00159189371034,0.872011491652,-4.41238117091e-06,-0.00424152848564,0.321578820143,-5.23395329569e-06,-0.00594336215732,-0.902878339862,3.17967907088e-06,0.00426120090676,-0.209287157566,-4.74310365187e-08,0.000962102341004,-0.356973260858,4.68285110698e-06,0.00367293268163,-0.0701875540833,8.91205510339e-06,0.00243082525095,0.155097936616,-1.45637741864e-05,-0.00355768833528,0.011638840156,-0.00941535698868,-0.00970048759577,0.0362364525971,-9.07544518639e-06,-0.000528389940557,-0.471265381747,6.02376363114e-06,0.00284293985391,0.307661996104,-0.029497830262,-0.103978487115,-0.042204199456,-9.25311423105e-05,0.0139424026775,1.11983519237,-3.72009045618e-05,-0.0169798513236,-0.354694809821,0.0262939426403,-0.00383192526026
gradient,27,0.45,0.459999978542,predicted,Actual proposal support boundary; monitored coordinates are pre-native endpoint forecast,True,50,-0.156907714942,0.448568638424,0.00208634391785,0.0667170054829,-0.0239555570745,0.0924828419297,7.36031549605,7.18627320812,0.19802006928,-0.545055860939,2.26722228824,0.171504539988,0.250330954315,0.238550017674,0.24062191038,0.222542712935,4.74376335304,0.163289971973,0.67403326362,9.27011215707,2.7829340454e-07,0.000773060474921,8.80823956242,3.93181380788e-06,0.00303857301828,9.03511089026,6.34406084964e-07,0.0014097064298,8.17559903523,2.09294689269e-05,0.0115197089515,9.32118295222,5.19225907138e-07,0.000930570747307,8.96978009682,8.91664136637e-07,0.00159234627356,8.29594275048,2.80105379079e-06,0.00626004758864,8.97468974758,6.20286768126e-07,0.00147133606729,8.84316096062,2.28007668155e-06,0.00257752744562,8.64326307562,2.59033319778e-06,0.00351858794306,8.05460665473,2.23832603782e-05,0.014724475544,8.30798595887,1.29724260628e-05,0.00835714517467,4.68852453349,0.157031732399,0.346649536122,8.27297980927,1.93361629997e-05,0.010164371845,8.8745364388,3.19612562361e-06,0.00266024117414,5.29251824796,0.054839777569,0.319680351058,7.2639196332,0.000362298131719,0.0702751702762,8.47246082081,6.16000604425e-06,0.0058711656661,5.07541880845,0.0640009999749,0.176914992743,-0.308067353792,-0.352995594812,-0.270679712296,-0.274261280894,0.0324557572603,-0.17264099895,-0.781210361176,1.23187498583,-0.116549431736,0.161208269864,-2.26351411802,-0.0125795900221,-0.00960675953592,-0.00838002152535,0.0096064369974,0.00560848873573,0.202070202647,-0.0521466728482,0.0157210239621,-0.517281106921,7.05472724137e-07,0.00121910490089,0.68149160439,-1.33864804295e-05,-0.00537086660912,0.549252529263,-1.81340462637e-06,-0.00235806640789,-0.422415045839,4.6571884322e-05,0.0110181904463,-0.689352425196,1.66032298924e-06,0.00174513610354,0.0108360282032,1.05192345522e-06,0.000468171572242,-0.376848143036,4.37045037038e-06,0.00685526026222,-0.0898911538194,5.31086911568e-07,0.000622469953346,-0.164612327317,-1.64854952876e-06,0.000486756402612,-0.4153847334,6.86843576621e-06,0.00411244801396,0.203629920998,-1.24113404902e-07,-0.00637520800021,0.44667445503,-2.56612546805e-05,-0.00872288681716,-0.146066485492,0.0364258454437,-0.0231656272808,-0.33594094467,2.26401424698e-05,0.00761391595799,0.202576453556,-3.79210808291e-06,-0.00156900958529,-0.412209635093,0.0260411485047,-0.055379451309,0.566352882709,-0.000962352669832,-0.0581080299649,0.443670523619,-1.72443127289e-05,-0.00685495112873,-0.66152229299,0.0416571702305,-0.001864315906
gradient,27,0.46,0.469999998808,predicted,Actual proposal support boundary; monitored coordinates are pre-native endpoint forecast,True,50,-0.164119574635,0.441264815773,-0.00256319984436,0.0592333744085,-0.0280064311886,0.0908998831444,7.35264129386,7.18896996604,0.196165302457,-0.544239683586,2.25366232375,0.171501492766,0.250331159192,0.238575779764,0.240790078539,0.222572665331,4.74698669709,0.162547149009,0.673916110701,9.27048199278,2.78935279042e-07,0.000772907821382,8.80612247509,3.95550092609e-06,0.00305083595831,9.04097945782,6.15074455486e-07,0.00138456402759,8.16690295865,2.17867511675e-05,0.0117467082169,9.31958349054,5.23047817583e-07,0.000934545946235,8.96426292312,9.25675718221e-07,0.001622175357,8.29009056927,2.87835118906e-06,0.00636685211294,8.97624952871,6.16107122312e-07,0.00146513964171,8.84480862005,2.23766774161e-06,0.00256150708257,8.63957288396,2.65219774657e-06,0.00355321311387,8.06088553215,2.20207210823e-05,0.0145185970086,8.31725702357,1.24770133741e-05,0.0081783070117,4.68425542099,0.157838045955,0.345913488416,8.26897830994,1.96370795507e-05,0.010253213385,8.88077964539,3.09864135381e-06,0.00261720155127,5.29342116048,0.0547563627391,0.319407141261,7.26760981771,0.000356706279751,0.0698576794375,8.46843846038,6.25065864446e-06,0.00592786741517,5.06940527787,0.0644251703091,0.176898500878,-0.384657269623,0.24846268449,-0.341344952583,-0.360185332596,-0.116101294756,-0.105879185874,-0.256390469751,-0.178418518236,-0.224357314332,-0.0257513843976,-0.970127884987,0.000447750519115,0.000430363999527,0.00135913658697,0.0130530413432,0.00465626625095,0.287720957242,-0.0590033611271,0.0196321296324,0.00326170120462,5.61113294782e-08,3.05314408004e-05,-0.126733568746,1.91985972678e-06,0.000842811849709,0.253816986242,-9.26899458216e-07,-0.00115854459853,-0.330718018734,3.51537970963e-05,0.0086553903784,0.0588326286689,-1.68693731738e-07,-0.000173638034536,-0.0636209131198,4.70647759094e-07,0.000383440346577,-0.364916950985,4.80840840105e-06,0.00668248032704,0.21198209487,-6.09804286409e-07,-0.000884624394721,-0.059976378084,-3.55002905964e-07,0.000210839242228,-0.25070523057,2.95974820585e-06,0.00218849076684,0.337065902712,-1.59837940346e-05,-0.0109733975434,0.551803467042,-2.97551125597e-05,-0.0106576174089,-0.292814943212,0.0598564324715,-0.0342963603358,-0.299279265025,2.27355410076e-05,0.00666211046209,0.564391499108,-8.45869774631e-06,-0.00380032697456,-0.100833053402,0.00639723757354,-0.00917918714655,0.265360678883,-0.000365353560688,-0.0315373211058,-0.0307640065653,-5.34351095517e-07,0.000317856630078,-0.268722255386,0.018451533293,-0.00164442131448
gradient,27,0.47,0.479999989271,predicted,Actual proposal support boundary; monitored coordinates are pre-native endpoint forecast,True,50,-0.164600860334,0.453537892114,-0.00474055513382,0.059513298831,-0.0262775829697,0.0903652582122,7.35518768666,7.18270483775,0.193532922994,-0.545570888627,2.24781973054,0.171513494998,0.250339561595,0.238577200406,0.240882971207,0.22263583826,4.74951777219,0.162109904751,0.674425906213,9.2701773911,2.79415631129e-07,0.000773671103737,8.80570489104,3.97021100242e-06,0.00305542925528,9.04018722998,6.158680958e-07,0.00138653553783,8.16898467486,2.16325448688e-05,0.0116928167591,9.32235960479,5.15852032503e-07,0.000927097986616,8.96850767856,9.01077091819e-07,0.00160001508049,8.28864441146,2.89722195881e-06,0.00639369719518,8.97892938948,6.08090682397e-07,0.0014536435794,8.84196143306,2.27297662343e-06,0.00258174423047,8.638248971,2.64952816189e-06,0.0035623577584,8.06134797278,2.20635844975e-05,0.0145050075931,8.31902202821,1.23773238116e-05,0.0081439928265,4.68266823463,0.158228861048,0.345963608915,8.26699422397,1.97908738198e-05,0.0102976140542,8.88582426878,3.02695166868e-06,0.00258423463465,5.29050158689,0.0549677223205,0.319496767315,7.26922684678,0.000354991060505,0.0696444238541,8.47184554068,6.14931902234e-06,0.0058775227987,5.07004436334,0.0643700306407,0.176882104317,-0.28167265375,4.06531796478,-0.152215957642,0.0908310338854,0.223447084427,-0.0609701435824,-0.197376670083,-0.512504435621,-0.247971333976,-0.588694973993,-0.743888173678,0.00325317967068,0.00265109189229,0.00320276803573,0.011789434449,0.00666748541842,0.229062402351,-0.0358510338713,0.074703167556,0.0257573288565,-2.54961292482e-08,-5.64936071263e-05,0.287589938926,-4.63935597357e-06,-0.00203519907614,0.00210563921866,-2.0756337189e-07,-0.000171054158761,0.221083564873,-1.7240755003e-05,-0.00565614403209,0.19759465988,-5.24017877628e-07,-0.0005419770837,0.375218221236,-1.86303795401e-06,-0.00180340216443,-0.022687340612,3.53319112353e-07,0.00045471937351,0.1689125363,-5.53376376204e-07,-0.000749157786253,-0.0425065581457,-3.54468545135e-07,0.000131948488099,-0.211670783154,2.59418507293e-06,0.00203097327147,0.0962106986,6.36240192528e-07,-0.00310208234084,-0.0427163655235,3.08261867805e-06,0.00095569743514,-0.263666920298,0.0556541459386,-0.01589811577,-0.0307460718431,6.5626264025e-07,0.000761180165558,0.772140138728,-1.09684988253e-05,-0.00506374685743,-0.140988215069,0.0108931052168,0.00892593220753,0.0666104865053,-4.89498846534e-05,-0.00968481343797,0.468219441672,-1.3627097174e-05,-0.0068884513481,0.150232702447,-0.0104993352353,-0.00375504623927
gradient,27,0.48,0.489999979734,predicted,Actual proposal support boundary; monitored coordinates are pre-native endpoint forecast,True,50,-0.16975302771,0.522571175069,-0.00560751899719,0.0610499950862,-0.0235374895,0.0896804802727,7.34869376046,7.17871987733,0.191205875778,-0.556013583066,2.23878456027,0.171566556359,0.25038418103,0.238639835124,0.241025867228,0.22270601504,4.75156794513,0.161830128332,0.675410174052,9.27099713935,2.78425356457e-07,0.000771777949239,8.81187427387,3.86271380662e-06,0.00301013197678,9.0410215706,6.10923188048e-07,0.00138114294442,8.17132462995,2.14419360674e-05,0.0116335853363,9.32353538373,5.1256746003e-07,0.000923706404561,8.97176728755,8.88414959141e-07,0.00158610731371,8.28963682246,2.88541757131e-06,0.00637594650041,8.97962777944,6.05039594787e-07,0.00145015648599,8.84395848889,2.2305783707e-06,0.00256414605234,8.6353394683,2.70408144803e-06,0.0035938325793,8.06280974612,2.20334458861e-05,0.0144565553617,8.31640269626,1.25386657477e-05,0.0081974209604,4.67898208258,0.158951128874,0.345595526101,8.26836338851,1.96502048035e-05,0.0102684369883,8.89622244817,2.8792713773e-06,0.00251592661413,5.29060139618,0.0549742248434,0.319585659905,7.26894202744,0.000355727282058,0.0696639831688,8.47780284922,5.97811670098e-06,0.00579009838821,5.07240993192,0.0642151836043,0.176823399953,-0.00969625867307,3.8419193692,-0.207337021828,-0.0338899567724,-0.0730933994054,-0.0726020661558,-0.520546414343,-0.103800436549,-0.173634308243,-0.608455502978,-0.590224549188,0.00204223553799,0.00363390289012,0.00531586196513,0.0103876193436,0.00469066696933,0.343502843319,-0.0604134187181,0.0493169184468,-0.0255676707757,3.05230288576e-08,5.60028818854e-05,0.314028246348,-6.21267442749e-06,-0.00247704395227,0.116722848053,-4.720910317e-07,-0.000580035788741,-0.0852139635597,6.84250651011e-06,0.00223580165889,0.121210915613,-3.2515399409e-07,-0.000337420622618,-0.0357372478837,4.85874307622e-07,0.000335503004585,-0.155080479132,2.04533969981e-06,0.00280099307239,0.0623085294718,-1.81304055767e-07,-0.000269528672904,0.297551909981,-4.21052280181e-06,-0.00222055919891,-0.238229031346,4.89246184454e-06,0.00254531483009,0.228806154736,-8.47806509683e-06,-0.00735705719894,0.014628204201,7.78180373817e-07,-5.58774566766e-05,-0.290737606957,0.0589226302181,-0.0386654803879,0.119616445876,-9.54183710075e-06,-0.00266594324992,0.824196992685,-1.15573680481e-05,-0.00538012502614,-0.0864381278801,0.00752600536172,0.0122586424579,0.0280362886695,5.93686566944e-06,-0.00551375756531,0.0357523987497,-1.62824837313e-06,-0.000581373592799,-0.0222335941377,0.00141143205957,0.00941601396375
gradient,27,0.49,0.5,predicted,Actual proposal support boundary; monitored coordinates are pre-native endpoint forecast,True,50,-0.164794785508,0.530376279498,-0.00888729557037,0.0588354996955,-0.0277394509578,0.0889132168891,7.34477675837,7.18062882902,0.190060236829,-0.557739998687,2.23601523956,0.171554339709,0.250412239653,0.238683517645,0.241090723593,0.222729651599,4.75638782905,0.160901636376,0.675412244582,9.26966603768,2.80026091707e-07,0.000774791161374,8.81198545597,3.84595751387e-06,0.00300588837623,9.04252168694,6.06426275166e-07,0.00137493482205,8.16728039559,2.1769394999e-05,0.0117375327922,9.3247838231,5.09348952621e-07,0.000920349574164,8.9677929336,9.10794577971e-07,0.00160672514058,8.28554280188,2.93812875281e-06,0.00644971705663,8.98017556007,6.04464601282e-07,0.00144825300594,8.84791247126,2.1887661674e-06,0.00253733304649,8.63348439038,2.74737739878e-06,0.003613264055,8.06592409588,2.18940231956e-05,0.0143578664492,8.3193145923,1.23928874191e-05,0.00814287527736,4.67685348249,0.159407313653,0.345190299307,8.26938655289,1.96000370778e-05,0.0102442951892,8.90230820864,2.79580430772e-06,0.00247663213413,5.28877282433,0.0551182424277,0.319741940164,7.26978757255,0.000355109797819,0.0695341487028,8.47256058865,6.11675405488e-06,0.00586589532684,5.06959969146,0.0643982592819,0.177070424596,0.495824220176,0.780510442872,-0.327977657318,-0.221449539065,-0.420196145773,-0.0767263383638,-0.391700208879,0.190895169258,-0.114563894912,-0.17264156212,-0.276932071755,-0.00122166498132,0.00280586230681,0.00436825212269,0.00648563651534,0.00236365592788,0.481988391875,-0.0928491955444,0.000207052982204,-0.133110167247,1.60073524991e-07,0.000301321213545,0.0111182099772,-1.67562927471e-06,-0.000424360055014,0.150011634208,-4.4969128825e-07,-0.000620812236418,-0.404423436332,3.27458931558e-05,0.0103947455957,0.124843936935,-3.21850740916e-07,-0.000335683039759,-0.39743539478,2.237961883e-06,0.00206178268679,-0.409402057897,5.27111815028e-06,0.00737705562179,0.0547780630722,-5.74993505462e-08,-0.000190348004672,0.39539823696,-4.18122033076e-06,-0.00268130058495,-0.185507792354,4.32959507518e-06,0.00194314757047,0.311434975281,-1.39422690533e-05,-0.00986889125844,0.291189603533,-1.45778328538e-05,-0.00545456830376,-0.212860009024,0.045618477858,-0.0405226793618,0.102316438676,-5.01677256844e-06,-0.00241417991106,0.608576047171,-8.34670695809e-06,-0.00392944799988,-0.182857185121,0.0144017584295,0.0156280258857,0.0845545113273,-6.17484239191e-05,-0.0129834466003,-0.524226056579,1.38637353897e-05,0.00757969386338,-0.281024046083,0.0183075677575,0.0247024643712
