batch,time,teacher,slot,parent_slot,old_node_quality,pooled_quality,mean_credit_change,copy_n,observed_n,unique_graph_n,tail_fraction,valid_fraction
0,0.0,0,14,14,7.948817729949951,7.948817729949951,0.0,1,2,2,0.0,1.0
0,0.0,1,20,20,7.848283123862636,7.879533123862636,0.0,1,48,6,0.125,0.9583333333333334
0,0.01,0,10,14,7.948817729949951,7.948817729949951,0.0,3,2,2,0.0,1.0
0,0.01,1,16,20,7.848283123862636,7.879533123862636,0.0,2,48,6,0.125,0.9583333333333334
0,0.02,0,17,40,7.948817729949951,7.948817729949951,0.0,2,2,2,0.0,1.0
0,0.02,1,30,16,7.848283123862636,7.879533123862636,0.0,2,48,6,0.125,0.9583333333333334
0,0.03,0,16,47,7.948817729949951,7.948817729949951,0.0,1,2,2,0.0,1.0
0,0.03,1,23,30,7.848283123862636,7.879533123862636,0.0,1,48,6,0.125,0.9583333333333334
0,0.04,0,0,16,7.948817729949951,7.948817729949951,0.0,2,2,2,0.0,1.0
0,0.04,1,25,23,7.848283123862636,7.879533123862636,0.0,2,48,6,0.125,0.9583333333333334
0,0.05,0,23,0,7.948817729949951,7.948817729949951,0.0,2,2,2,0.0,1.0
0,0.05,1,20,38,7.848283123862636,7.879533123862636,0.0,2,48,6,0.125,0.9583333333333334
0,0.06,0,29,23,7.948817729949951,7.948817729949951,0.0,1,2,2,0.0,1.0
0,0.06,1,26,20,7.848283123862636,7.879533123862636,0.0,1,48,6,0.125,0.9583333333333334
0,0.07,0,20,29,7.948817729949951,7.948817729949951,0.0,4,2,2,0.0,1.0
0,0.07,1,24,26,7.848283123862636,7.879533123862636,0.0,1,48,6,0.125,0.9583333333333334
0,0.08,0,16,37,7.948817729949951,7.948817729949951,0.0,1,2,2,0.0,1.0
0,0.08,1,24,24,7.848283123862636,7.879533123862636,0.0,2,48,6,0.125,0.9583333333333334
0,0.09,0,6,16,7.948817729949951,7.948817729949951,0.0,1,2,2,0.0,1.0
0,0.09,1,30,24,7.848283123862636,7.879533123862636,0.0,1,48,6,0.125,0.9583333333333334
0,0.1,0,4,6,7.948817729949951,7.948817729949951,0.0,1,2,2,0.0,1.0
0,0.1,1,41,30,7.848283123862636,7.879533123862636,0.0,1,48,6,0.125,0.9583333333333334
0,0.11,0,3,4,7.948817729949951,7.948817729949951,0.0,2,2,2,0.0,1.0
0,0.11,1,15,41,7.848283123862636,7.879533123862636,0.0,2,48,6,0.125,0.9583333333333334
0,0.12,0,6,3,7.948817729949951,7.948817729949951,0.0,4,2,2,0.0,1.0
0,0.12,1,1,15,7.848283123862636,7.879533123862636,0.0,2,48,6,0.125,0.9583333333333334
0,0.13,0,43,25,7.948817729949951,7.948817729949951,0.0,1,2,2,0.0,1.0
0,0.13,1,34,44,7.848283123862636,7.879533123862636,0.0,1,48,6,0.125,0.9583333333333334
0,0.14,0,11,43,7.948817729949951,7.948817729949951,0.0,2,2,2,0.0,1.0
0,0.14,1,49,34,7.848283123862636,7.879533123862636,0.0,1,48,6,0.125,0.9583333333333334
0,0.15,0,12,11,7.948817729949951,7.948817729949951,0.0,3,2,2,0.0,1.0
0,0.15,1,8,49,7.848283123862636,7.879533123862636,0.0,4,48,6,0.125,0.9583333333333334
0,0.16,0,19,43,7.948817729949951,7.948817729949951,0.0,2,2,2,0.0,1.0
0,0.16,1,12,41,7.848283123862636,7.879533123862636,0.0,4,48,6,0.125,0.9583333333333334
0,0.17,0,1,19,7.948817729949951,7.948817729949951,0.0,3,2,2,0.0,1.0
0,0.17,1,47,15,7.848283123862636,7.879533123862636,0.0,1,48,6,0.125,0.9583333333333334
0,0.18,0,45,48,7.948817729949951,7.948817729949951,0.0,1,2,2,0.0,1.0
0,0.18,1,17,47,7.848283123862636,7.879533123862636,0.0,2,48,6,0.125,0.9583333333333334
0,0.19,0,34,45,7.948817729949951,7.948817729949951,0.0,1,2,2,0.0,1.0
0,0.19,1,37,17,7.848283123862636,7.879533123862636,0.0,1,48,6,0.125,0.9583333333333334
0,0.2,0,31,34,7.948817729949951,7.948817729949951,0.0,1,2,2,0.0,1.0
0,0.2,1,34,37,7.848283123862636,7.879533123862636,0.0,2,48,6,0.125,0.9583333333333334
0,0.21,0,22,31,7.948817729949951,7.948817729949951,0.0,1,2,2,0.0,1.0
0,0.21,1,25,41,7.848283123862636,7.879533123862636,0.0,2,48,6,0.125,0.9583333333333334
0,0.22,0,21,22,7.948817729949951,7.948817729949951,0.0,2,2,2,0.0,1.0
0,0.22,1,11,29,7.848283123862636,7.879533123862636,0.0,2,48,6,0.125,0.9583333333333334
0,0.23,0,49,21,7.948817729949951,7.948817729949951,0.0,1,2,2,0.0,1.0
0,0.23,1,11,11,7.848283123862636,7.879533123862636,0.0,1,48,6,0.125,0.9583333333333334
0,0.24,0,34,49,7.948817729949951,7.948817729949951,0.0,2,2,2,0.0,1.0
0,0.24,1,4,11,7.848283123862636,7.879533123862636,0.0,2,48,6,0.125,0.9583333333333334
0,0.25,0,5,36,7.948817729949951,7.948817729949951,0.0,2,2,2,0.0,1.0
0,0.25,1,10,10,7.848283123862636,7.879533123862636,0.0,2,48,6,0.125,0.9583333333333334
0,0.26,0,20,5,8.072248458862305,8.072248458862305,0.0,3,1,1,0.0,1.0
0,0.26,1,21,10,7.848283123862636,7.879533123862636,0.0,4,48,6,0.125,0.9583333333333334
0,0.26,2,3,43,7.825387001037598,7.825387001037598,0.0,3,1,1,0.0,1.0
0,0.27,0,18,34,8.275930086771647,8.442596753438313,0.0,1,3,1,0.6666666666666666,1.0
0,0.27,1,36,27,8.072248458862305,8.072248458862305,0.0,1,1,1,0.0,1.0
0,0.27,2,14,29,7.844152944929459,7.8663751671516815,0.0,5,45,6,0.08888888888888889,0.9555555555555556
0,0.27,3,16,14,7.825387001037598,7.825387001037598,0.0,3,1,1,0.0,1.0
0,0.28,0,22,18,8.275930086771647,8.442596753438313,0.0,1,3,1,0.6666666666666666,1.0
0,0.28,1,16,36,8.072248458862305,8.072248458862305,0.0,3,1,1,0.0,1.0
0,0.28,2,2,26,7.844152944929459,7.8663751671516815,0.0,1,45,6,0.08888888888888889,0.9555555555555556
0,0.28,3,18,16,7.825387001037598,7.825387001037598,0.0,4,1,1,0.0,1.0
0,0.29,0,13,22,8.275930086771647,8.442596753438313,0.0,4,3,1,0.6666666666666666,1.0
0,0.29,1,1,28,8.072248458862305,8.072248458862305,0.0,2,1,1,0.0,1.0
0,0.29,2,12,2,7.844152944929459,7.8663751671516815,0.0,3,45,6,0.08888888888888889,0.9555555555555556
0,0.29,3,34,40,7.825387001037598,7.825387001037598,0.0,1,1,1,0.0,1.0
0,0.3,0,22,13,8.275930086771647,8.442596753438313,0.0,3,3,1,0.6666666666666666,1.0
0,0.3,1,39,9,8.072248458862305,8.072248458862305,0.0,2,1,1,0.0,1.0
0,0.3,2,33,32,7.844152944929459,7.8663751671516815,0.0,1,45,6,0.08888888888888889,0.9555555555555556
0,0.3,3,12,34,7.825387001037598,7.825387001037598,0.0,1,1,1,0.0,1.0
0,0.31,0,2,26,8.275930086771647,8.442596753438313,0.0,4,3,1,0.6666666666666666,1.0
0,0.31,1,7,43,8.072248458862305,8.072248458862305,0.0,2,1,1,0.0,1.0
0,0.31,2,1,33,7.844152944929459,7.8663751671516815,0.0,2,45,6,0.08888888888888889,0.9555555555555556
0,0.31,3,6,12,7.825387001037598,7.825387001037598,0.0,1,1,1,0.0,1.0
0,0.32,0,39,27,8.275930086771647,8.442596753438313,0.0,1,3,1,0.6666666666666666,1.0
0,0.32,1,19,7,8.072248458862305,8.072248458862305,0.0,2,1,1,0.0,1.0
0,0.32,2,1,15,7.844152944929459,7.8663751671516815,0.0,3,45,6,0.08888888888888889,0.9555555555555556
0,0.32,3,8,6,7.825387001037598,7.825387001037598,0.0,3,1,1,0.0,1.0
0,0.33,0,1,39,8.275930086771647,8.442596753438313,0.0,1,3,1,0.6666666666666666,1.0
0,0.33,1,27,38,8.072248458862305,8.072248458862305,0.0,1,1,1,0.0,1.0
0,0.33,2,13,25,7.844152944929459,7.8663751671516815,0.0,2,45,6,0.08888888888888889,0.9555555555555556
0,0.33,3,2,31,7.825387001037598,7.825387001037598,0.0,3,1,1,0.0,1.0
0,0.34,0,22,1,8.275930086771647,8.442596753438313,0.0,1,3,1,0.6666666666666666,1.0
0,0.34,1,0,27,8.072248458862305,8.072248458862305,0.0,3,1,1,0.0,1.0
0,0.34,2,42,43,7.844152944929459,7.8663751671516815,0.0,2,45,6,0.08888888888888889,0.9555555555555556
0,0.34,3,14,2,7.825387001037598,7.825387001037598,0.0,3,1,1,0.0,1.0
0,0.35,0,18,22,8.275930086771647,8.442596753438313,0.0,2,3,1,0.6666666666666666,1.0
0,0.35,1,10,0,8.072248458862305,8.072248458862305,0.0,2,1,1,0.0,1.0
0,0.35,2,34,42,7.844152944929459,7.8663751671516815,0.0,1,45,6,0.08888888888888889,0.9555555555555556
0,0.35,3,38,36,7.825387001037598,7.825387001037598,0.0,1,1,1,0.0,1.0
0,0.36,0,35,19,8.275930086771647,8.442596753438313,0.0,2,3,1,0.6666666666666666,1.0
0,0.36,1,38,14,8.072248458862305,8.072248458862305,0.0,1,1,1,0.0,1.0
0,0.36,2,2,34,7.844152944929459,7.8663751671516815,0.0,4,45,6,0.08888888888888889,0.9555555555555556
0,0.36,3,5,38,7.825387001037598,7.825387001037598,0.0,2,1,1,0.0,1.0
0,0.37,0,6,35,8.275930086771647,8.442596753438313,0.0,4,3,1,0.6666666666666666,1.0
0,0.37,1,18,38,8.072248458862305,8.072248458862305,0.0,1,1,1,0.0,1.0
0,0.37,2,10,23,7.913247178446862,7.937637422349301,0.0,4,41,5,0.0975609756097561,0.9512195121951219
0,0.37,3,33,46,7.825387001037598,7.825387001037598,0.0,3,1,1,0.0,1.0
0,0.38,0,24,6,8.346449375152588,8.596449375152588,0.0,1,2,1,1.0,1.0
0,0.38,1,3,18,8.072248458862305,8.072248458862305,0.0,3,1,1,0.0,1.0
0,0.38,2,13,10,7.932477996462867,7.932477996462867,0.0,1,9,3,0.0,1.0
0,0.38,3,9,34,7.825387001037598,7.825387001037598,0.0,2,1,1,0.0,1.0
0,0.39,0,0,24,8.346449375152588,8.596449375152588,0.0,3,2,1,1.0,1.0
0,0.39,1,1,40,8.072248458862305,8.072248458862305,0.0,2,1,1,0.0,1.0
0,0.39,2,43,13,7.932477996462867,7.932477996462867,0.0,1,9,3,0.0,1.0
0,0.39,3,31,23,7.825387001037598,7.825387001037598,0.0,1,1,1,0.0,1.0
0,0.4,0,4,16,8.346449375152588,8.596449375152588,0.0,2,2,1,1.0,1.0
0,0.4,1,37,1,8.072248458862305,8.072248458862305,0.0,1,1,1,0.0,1.0
0,0.4,2,19,43,7.932477996462867,7.932477996462867,0.0,2,9,3,0.0,1.0
0,0.4,3,12,13,7.9008626739184065,7.9321126739184065,0.0,3,32,4,0.125,0.9375
0,0.41,0,27,4,8.346449375152588,8.596449375152588,0.0,1,2,1,1.0,1.0
0,0.41,1,22,12,8.09777640413355,8.16027640413355,0.0,1,12,3,0.25,1.0
0,0.41,2,7,37,8.072248458862305,8.072248458862305,0.0,1,1,1,0.0,1.0
0,0.41,3,21,19,7.932477996462867,7.932477996462867,0.0,4,9,3,0.0,1.0
0,0.42,0,29,27,8.346449375152588,8.596449375152588,0.0,1,2,1,1.0,1.0
0,0.42,1,2,25,8.134891510009766,8.134891510009766,0.0,1,1,1,0.0,1.0
0,0.42,2,18,22,8.09777640413355,8.16027640413355,0.0,2,12,3,0.25,1.0
0,0.42,3,6,7,8.072248458862305,8.072248458862305,0.0,1,1,1,0.0,1.0
0,0.43,0,33,29,8.346449375152588,8.596449375152588,0.0,1,2,1,1.0,1.0
0,0.43,1,28,2,8.134891510009766,8.134891510009766,0.0,1,1,1,0.0,1.0
0,0.43,2,44,30,8.09777640413355,8.16027640413355,0.0,1,12,3,0.25,1.0
0,0.43,3,19,6,8.072248458862305,8.072248458862305,0.0,1,1,1,0.0,1.0
0,0.44,0,2,33,8.346449375152588,8.596449375152588,0.0,1,2,1,1.0,1.0
0,0.44,1,8,28,8.134891510009766,8.134891510009766,0.0,1,1,1,0.0,1.0
0,0.44,2,11,44,8.09777640413355,8.16027640413355,0.0,2,12,3,0.25,1.0
0,0.44,3,13,19,8.072248458862305,8.072248458862305,0.0,1,1,1,0.0,1.0
0,0.45,0,4,2,8.346449375152588,8.596449375152588,0.0,2,2,1,1.0,1.0
0,0.45,1,6,8,8.134891510009766,8.134891510009766,0.0,1,1,1,0.0,1.0
0,0.45,2,14,17,8.09777640413355,8.16027640413355,0.0,3,12,3,0.25,1.0
0,0.45,3,10,13,8.072248458862305,8.072248458862305,0.0,2,1,1,0.0,1.0
0,0.46,0,44,16,8.346449375152588,8.596449375152588,0.0,1,2,1,1.0,1.0
0,0.46,1,38,6,8.134891510009766,8.134891510009766,0.0,1,1,1,0.0,1.0
0,0.46,2,8,14,8.09777640413355,8.16027640413355,0.0,2,12,3,0.25,1.0
0,0.46,3,41,10,8.072248458862305,8.072248458862305,0.0,1,1,1,0.0,1.0
0,0.47,0,28,44,8.346449375152588,8.596449375152588,0.0,2,2,1,1.0,1.0
0,0.47,1,0,38,8.134891510009766,8.134891510009766,0.0,2,1,1,0.0,1.0
0,0.47,2,29,41,8.072248458862305,8.072248458862305,0.0,2,1,1,0.0,1.0
0,0.47,3,31,19,8.06943180447533,8.152765137808665,0.0,1,9,3,0.3333333333333333,1.0
0,0.48,0,18,33,8.347940444946289,8.597940444946289,0.0,2,1,1,1.0,1.0
0,0.48,1,24,27,8.134891510009766,8.134891510009766,0.0,2,1,1,0.0,1.0
0,0.48,2,42,29,8.072248458862305,8.072248458862305,0.0,2,1,1,0.0,1.0
0,0.48,3,32,31,8.06943180447533,8.152765137808665,0.0,2,9,3,0.3333333333333333,1.0
0,0.49,0,48,18,8.347940444946289,8.597940444946289,0.0,1,1,1,1.0,1.0
0,0.49,1,43,39,8.134891510009766,8.134891510009766,0.0,1,1,1,0.0,1.0
0,0.49,2,39,19,8.106534242630005,8.231534242630005,0.0,1,2,1,0.5,1.0
0,0.49,3,2,42,8.072248458862305,8.072248458862305,0.0,2,1,1,0.0,1.0
0,0.5,0,23,48,8.347940444946289,8.597940444946289,0.0,2,1,1,1.0,1.0
0,0.5,1,4,43,8.134891510009766,8.134891510009766,0.0,2,1,1,0.0,1.0
0,0.5,2,20,28,8.116641330718995,8.216641330718994,0.0,3,5,1,0.4,1.0
0,0.5,3,9,39,8.106534242630005,8.231534242630005,0.0,2,2,1,0.5,1.0
1,0.0,2,48,48,7.8223859667778015,7.8223859667778015,0.0,1,11,4,0.0,1.0
1,0.0,3,29,29,6.824973759197053,6.824973759197053,0.0,1,39,14,0.0,1.0
1,0.01,2,41,48,7.8223859667778015,7.8223859667778015,0.0,1,11,4,0.0,1.0
1,0.01,3,2,29,6.824973759197053,6.824973759197053,0.0,3,39,14,0.0,1.0
1,0.02,2,1,41,7.8223859667778015,7.8223859667778015,0.0,2,11,4,0.0,1.0
1,0.02,3,20,2,6.824973759197053,6.824973759197053,0.0,2,39,14,0.0,1.0
1,0.03,2,47,26,7.8223859667778015,7.8223859667778015,0.0,1,11,4,0.0,1.0
1,0.03,3,30,20,6.824973759197053,6.824973759197053,0.0,3,39,14,0.0,1.0
1,0.04,2,9,47,7.8223859667778015,7.8223859667778015,0.0,2,11,4,0.0,1.0
1,0.04,3,12,38,6.824973759197053,6.824973759197053,0.0,2,39,14,0.0,1.0
1,0.05,2,7,26,7.8223859667778015,7.8223859667778015,0.0,2,11,4,0.0,1.0
1,0.05,3,16,12,6.824973759197053,6.824973759197053,0.0,2,39,14,0.0,1.0
1,0.06,2,18,7,7.8223859667778015,7.8223859667778015,0.0,3,11,4,0.0,1.0
1,0.06,3,26,16,6.824973759197053,6.824973759197053,0.0,2,39,14,0.0,1.0
1,0.07,2,9,18,7.8223859667778015,7.8223859667778015,0.0,1,11,4,0.0,1.0
1,0.07,3,21,26,6.824973759197053,6.824973759197053,0.0,2,39,14,0.0,1.0
1,0.08,2,2,9,7.8223859667778015,7.8223859667778015,0.0,4,11,4,0.0,1.0
1,0.08,3,48,21,6.824973759197053,6.824973759197053,0.0,1,39,14,0.0,1.0
1,0.09,2,40,34,7.8223859667778015,7.8223859667778015,0.0,1,11,4,0.0,1.0
1,0.09,3,48,48,6.824973759197053,6.824973759197053,0.0,1,39,14,0.0,1.0
1,0.1,2,35,40,7.8223859667778015,7.8223859667778015,0.0,1,11,4,0.0,1.0
1,0.1,3,16,48,6.824973759197053,6.824973759197053,0.0,2,39,14,0.0,1.0
1,0.11,2,8,35,7.8223859667778015,7.8223859667778015,0.0,1,11,4,0.0,1.0
1,0.11,3,11,16,6.824973759197053,6.824973759197053,0.0,1,39,14,0.0,1.0
1,0.12,2,29,8,7.8223859667778015,7.8223859667778015,0.0,1,11,4,0.0,1.0
1,0.12,3,16,11,6.824973759197053,6.824973759197053,0.0,1,39,14,0.0,1.0
1,0.13,2,39,29,7.8223859667778015,7.8223859667778015,0.0,1,11,4,0.0,1.0
1,0.13,3,2,16,6.824973759197053,6.824973759197053,0.0,2,39,14,0.0,1.0
1,0.14,2,21,39,7.8223859667778015,7.8223859667778015,0.0,2,11,4,0.0,1.0
1,0.14,3,16,11,6.824973759197053,6.824973759197053,0.0,2,39,14,0.0,1.0
1,0.15,2,16,21,7.8223859667778015,7.8223859667778015,0.0,4,11,4,0.0,1.0
1,0.15,3,25,16,6.824973759197053,6.824973759197053,0.0,2,39,14,0.0,1.0
1,0.16,2,15,16,7.8223859667778015,7.8223859667778015,0.0,4,11,4,0.0,1.0
1,0.16,3,4,36,6.824973759197053,6.824973759197053,0.0,2,39,14,0.0,1.0
1,0.17,2,0,36,7.8223859667778015,7.8223859667778015,0.0,1,11,4,0.0,1.0
1,0.17,3,2,34,6.824973759197053,6.824973759197053,0.0,2,39,14,0.0,1.0
1,0.18,2,41,0,7.8223859667778015,7.8223859667778015,0.0,1,11,4,0.0,1.0
1,0.18,3,3,10,6.824973759197053,6.824973759197053,0.0,4,39,14,0.0,1.0
1,0.19,2,2,41,7.8223859667778015,7.8223859667778015,0.0,2,11,4,0.0,1.0
1,0.19,3,43,40,7.064851135015488,7.064851135015488,0.0,2,20,8,0.0,1.0
1,0.2,2,11,8,7.8223859667778015,7.8223859667778015,0.0,2,11,4,0.0,1.0
1,0.2,3,29,49,7.064851135015488,7.064851135015488,0.0,1,20,8,0.0,1.0
1,0.2,4,3,25,6.699086026350658,6.699086026350658,0.0,3,19,10,0.0,1.0
1,0.21,2,30,11,7.8223859667778015,7.8223859667778015,0.0,1,11,4,0.0,1.0
1,0.21,3,11,29,7.064851135015488,7.064851135015488,0.0,3,20,8,0.0,1.0
1,0.21,4,18,3,6.699086026350658,6.699086026350658,0.0,1,19,10,0.0,1.0
1,0.22,2,10,30,7.8223859667778015,7.8223859667778015,0.0,1,11,4,0.0,1.0
1,0.22,3,0,20,7.064851135015488,7.064851135015488,0.0,1,20,8,0.0,1.0
1,0.22,4,4,18,6.699086026350658,6.699086026350658,0.0,2,19,10,0.0,1.0
1,0.23,2,8,10,7.8223859667778015,7.8223859667778015,0.0,4,11,4,0.0,1.0
1,0.23,3,26,0,7.064851135015488,7.064851135015488,0.0,2,20,8,0.0,1.0
1,0.23,4,2,29,6.699086026350658,6.699086026350658,0.0,3,19,10,0.0,1.0
1,0.24,2,5,31,7.8223859667778015,7.8223859667778015,0.0,1,11,4,0.0,1.0
1,0.24,3,4,36,7.079524000485738,7.079524000485738,0.0,2,18,6,0.0,1.0
1,0.24,4,29,46,6.699086026350658,6.699086026350658,0.0,4,19,10,0.0,1.0
1,0.25,2,10,5,7.8223859667778015,7.8223859667778015,0.0,2,11,4,0.0,1.0
1,0.25,3,20,4,7.079524000485738,7.079524000485738,0.0,4,18,6,0.0,1.0
1,0.25,4,0,32,7.020832538604736,7.020832538604736,0.0,2,2,2,0.0,1.0
1,0.25,5,30,33,6.699086026350658,6.699086026350658,0.0,1,19,10,0.0,1.0
1,0.26,3,41,10,7.8223859667778015,7.8223859667778015,0.0,1,11,4,0.0,1.0
1,0.26,4,44,40,7.079524000485738,7.079524000485738,0.0,1,18,6,0.0,1.0
1,0.26,5,30,0,7.020832538604736,7.020832538604736,0.0,1,2,2,0.0,1.0
1,0.26,6,7,30,6.699086026350658,6.699086026350658,0.0,1,19,10,0.0,1.0
1,0.27,4,25,41,7.8223859667778015,7.8223859667778015,0.0,2,11,4,0.0,1.0
1,0.27,5,9,44,7.079524000485738,7.079524000485738,0.0,2,18,6,0.0,1.0
1,0.27,6,37,30,7.020832538604736,7.020832538604736,0.0,1,2,2,0.0,1.0
1,0.27,7,12,7,6.699086026350658,6.699086026350658,0.0,3,19,10,0.0,1.0
1,0.28,4,28,25,7.8223859667778015,7.8223859667778015,0.0,1,11,4,0.0,1.0
1,0.28,5,13,18,7.079524000485738,7.079524000485738,0.0,1,18,6,0.0,1.0
1,0.28,6,11,37,7.020832538604736,7.020832538604736,0.0,2,2,2,0.0,1.0
1,0.28,7,18,14,6.699086026350658,6.699086026350658,0.0,4,19,10,0.0,1.0
1,0.29,4,36,28,7.8223859667778015,7.8223859667778015,0.0,1,11,4,0.0,1.0
1,0.29,5,11,13,7.079524000485738,7.079524000485738,0.0,2,18,6,0.0,1.0
1,0.29,6,16,11,7.020832538604736,7.020832538604736,0.0,3,2,2,0.0,1.0
1,0.29,7,17,18,6.699086026350658,6.699086026350658,0.0,3,19,10,0.0,1.0
1,0.3,4,45,36,7.8223859667778015,7.8223859667778015,0.0,1,11,4,0.0,1.0
1,0.3,5,9,11,7.079524000485738,7.079524000485738,0.0,3,18,6,0.0,1.0
1,0.3,6,8,37,7.020832538604736,7.020832538604736,0.0,1,2,2,0.0,1.0
1,0.3,7,6,18,6.699086026350658,6.699086026350658,0.0,4,19,10,0.0,1.0
1,0.31,4,18,45,7.8223859667778015,7.8223859667778015,0.0,3,11,4,0.0,1.0
1,0.31,5,14,9,7.079524000485738,7.079524000485738,0.0,2,18,6,0.0,1.0
1,0.31,6,1,8,7.020832538604736,7.020832538604736,0.0,4,2,2,0.0,1.0
1,0.31,7,6,6,6.699086026350658,6.699086026350658,0.0,2,19,10,0.0,1.0
1,0.32,4,37,18,7.8223859667778015,7.8223859667778015,0.0,3,11,4,0.0,1.0
1,0.32,5,2,14,7.079524000485738,7.079524000485738,0.0,4,18,6,0.0,1.0
1,0.32,6,26,1,7.020832538604736,7.020832538604736,0.0,2,2,2,0.0,1.0
1,0.32,7,15,6,6.699086026350658,6.699086026350658,0.0,2,19,10,0.0,1.0
1,0.33,4,3,44,7.8223859667778015,7.8223859667778015,0.0,2,11,4,0.0,1.0
1,0.33,5,7,6,7.079524000485738,7.079524000485738,0.0,2,18,6,0.0,1.0
1,0.33,6,5,34,7.020832538604736,7.020832538604736,0.0,2,2,2,0.0,1.0
1,0.33,7,2,39,6.699086026350658,6.699086026350658,0.0,5,19,10,0.0,1.0
1,0.34,4,23,4,7.8223859667778015,7.8223859667778015,0.0,2,11,4,0.0,1.0
1,0.34,5,4,7,7.079524000485738,7.079524000485738,0.0,2,18,6,0.0,1.0
1,0.34,6,10,5,7.020832538604736,7.020832538604736,0.0,2,2,2,0.0,1.0
1,0.34,7,17,37,6.719820737838745,6.719820737838745,0.0,2,6,4,0.0,1.0
1,0.35,4,30,23,7.8223859667778015,7.8223859667778015,0.0,1,11,4,0.0,1.0
1,0.35,5,12,22,7.079524000485738,7.079524000485738,0.0,3,18,6,0.0,1.0
1,0.35,6,37,19,7.020832538604736,7.020832538604736,0.0,2,2,2,0.0,1.0
1,0.35,7,2,20,6.719820737838745,6.719820737838745,0.0,2,6,4,0.0,1.0
1,0.36,4,49,30,7.8223859667778015,7.8223859667778015,0.0,1,11,4,0.0,1.0
1,0.36,5,9,24,7.079524000485738,7.079524000485738,0.0,1,18,6,0.0,1.0
1,0.36,6,4,40,7.020832538604736,7.020832538604736,0.0,4,2,2,0.0,1.0
1,0.36,7,32,2,6.719820737838745,6.719820737838745,0.0,3,6,4,0.0,1.0
1,0.37,4,44,49,7.8223859667778015,7.8223859667778015,0.0,1,11,4,0.0,1.0
1,0.37,5,10,9,7.079524000485738,7.079524000485738,0.0,3,18,6,0.0,1.0
1,0.37,6,3,10,7.020832538604736,7.020832538604736,0.0,2,2,2,0.0,1.0
1,0.37,7,13,34,6.754201889038086,6.754201889038086,0.0,3,3,3,0.0,1.0
1,0.38,4,4,44,7.8223859667778015,7.8223859667778015,0.0,2,11,4,0.0,1.0
1,0.38,5,24,18,7.151476621627808,7.151476621627808,0.0,2,4,2,0.0,1.0
1,0.38,6,17,36,7.020832538604736,7.020832538604736,0.0,1,2,2,0.0,1.0
1,0.38,7,2,37,6.754201889038086,6.754201889038086,0.0,4,3,3,0.0,1.0
1,0.39,4,23,41,7.8223859667778015,7.8223859667778015,0.0,2,11,4,0.0,1.0
1,0.39,5,37,34,7.151476621627808,7.151476621627808,0.0,1,4,2,0.0,1.0
1,0.39,6,40,27,7.044332075119018,7.044332075119018,0.0,2,14,5,0.0,1.0
1,0.39,7,16,17,7.020832538604736,7.020832538604736,0.0,2,2,2,0.0,1.0
1,0.4,4,38,24,7.8223859667778015,7.8223859667778015,0.0,2,11,4,0.0,1.0
1,0.4,5,1,37,7.151476621627808,7.151476621627808,0.0,2,4,2,0.0,1.0
1,0.4,6,16,40,7.044332075119018,7.044332075119018,0.0,1,14,5,0.0,1.0
1,0.4,7,14,17,7.020832538604736,7.020832538604736,0.0,3,2,2,0.0,1.0
1,0.41,4,5,38,7.8223859667778015,7.8223859667778015,0.0,3,11,4,0.0,1.0
1,0.41,5,35,44,7.151476621627808,7.151476621627808,0.0,2,4,2,0.0,1.0
1,0.41,6,2,16,7.044332075119018,7.044332075119018,0.0,3,14,5,0.0,1.0
1,0.41,7,28,27,7.020832538604736,7.020832538604736,0.0,2,2,2,0.0,1.0
1,0.42,4,3,5,7.8241698543230696,7.8241698543230696,0.0,2,7,4,0.0,1.0
1,0.42,5,14,35,7.151476621627808,7.151476621627808,0.0,1,4,2,0.0,1.0
1,0.42,6,30,2,7.044332075119018,7.044332075119018,0.0,1,14,5,0.0,1.0
1,0.42,7,24,40,7.020832538604736,7.020832538604736,0.0,1,2,2,0.0,1.0
1,0.43,4,5,5,7.8241698543230696,7.8241698543230696,0.0,4,7,4,0.0,1.0
1,0.43,5,13,14,7.151476621627808,7.151476621627808,0.0,2,4,2,0.0,1.0
1,0.43,6,3,30,7.044332075119018,7.044332075119018,0.0,3,14,5,0.0,1.0
1,0.43,7,38,24,7.020832538604736,7.020832538604736,0.0,1,2,2,0.0,1.0
1,0.44,4,0,32,7.8241698543230696,7.8241698543230696,0.0,3,7,4,0.0,1.0
1,0.44,5,32,15,7.151476621627808,7.151476621627808,0.0,1,4,2,0.0,1.0
1,0.44,6,16,27,7.055058479309082,7.055058479309082,0.0,1,1,1,0.0,1.0
1,0.44,7,33,43,7.041650474071503,7.041650474071503,0.0,4,13,4,0.0,1.0
1,0.45,4,23,25,7.8241698543230696,7.8241698543230696,0.0,1,7,4,0.0,1.0
1,0.45,5,36,7,7.758270740509033,7.758270740509033,0.0,2,4,3,0.0,1.0
1,0.45,6,4,32,7.151476621627808,7.151476621627808,0.0,3,4,2,0.0,1.0
1,0.45,7,13,16,7.055058479309082,7.055058479309082,0.0,2,1,1,0.0,1.0
1,0.46,4,14,23,7.8241698543230696,7.8241698543230696,0.0,1,7,4,0.0,1.0
1,0.46,5,7,36,7.758270740509033,7.758270740509033,0.0,3,4,3,0.0,1.0
1,0.46,6,5,46,7.151476621627808,7.151476621627808,0.0,2,4,2,0.0,1.0
1,0.46,7,8,45,7.084139823913574,7.084139823913574,0.0,2,2,2,0.0,1.0
1,0.47,4,30,45,7.929394721984863,7.929394721984863,0.0,2,1,1,0.0,1.0
1,0.47,5,6,14,7.8241698543230696,7.8241698543230696,0.0,1,7,4,0.0,1.0
1,0.47,6,42,5,7.140830039978027,7.140830039978027,0.0,1,3,2,0.0,1.0
1,0.47,7,12,24,7.09926442305247,7.09926442305247,0.0,1,6,3,0.0,1.0
1,0.48,4,49,30,7.929394721984863,7.929394721984863,0.0,1,1,1,0.0,1.0
1,0.48,5,2,6,7.8241698543230696,7.8241698543230696,0.0,2,7,4,0.0,1.0
1,0.48,6,1,9,7.150144100189209,7.150144100189209,0.0,2,2,1,0.0,1.0
1,0.48,7,38,42,7.140830039978027,7.140830039978027,0.0,1,3,2,0.0,1.0
1,0.49,4,8,49,7.929394721984863,7.929394721984863,0.0,3,1,1,0.0,1.0
1,0.49,5,24,2,7.883475144704183,7.883475144704183,0.0,1,4,3,0.0,1.0
1,0.49,6,13,9,7.160125732421875,7.160125732421875,0.0,1,1,1,0.0,1.0
1,0.49,7,4,38,7.140830039978027,7.140830039978027,0.0,2,3,2,0.0,1.0
1,0.5,4,42,9,7.929394721984863,7.929394721984863,0.0,1,1,1,0.0,1.0
1,0.5,5,12,24,7.883475144704183,7.883475144704183,0.0,2,4,3,0.0,1.0
1,0.5,6,30,15,7.804821968078613,7.804821968078613,0.0,2,2,2,0.0,1.0
1,0.5,7,38,36,7.250274658203125,7.250274658203125,0.0,1,1,1,0.0,1.0
2,0.0,4,36,36,7.805437645545373,7.810437645545373,0.0,1,50,13,0.02,0.92
2,0.01,4,22,36,7.805437645545373,7.810437645545373,0.0,1,50,13,0.02,0.92
2,0.02,4,49,22,7.805437645545373,7.810437645545373,0.0,1,50,13,0.02,0.92
2,0.03,4,10,49,7.805437645545373,7.810437645545373,0.0,2,50,13,0.02,0.92
2,0.04,4,9,10,7.805437645545373,7.810437645545373,0.0,2,50,13,0.02,0.92
2,0.05,4,25,9,7.805437645545373,7.810437645545373,0.0,1,50,13,0.02,0.92
2,0.06,4,9,25,7.805437645545373,7.810437645545373,0.0,3,50,13,0.02,0.92
2,0.07,4,7,22,7.805437645545373,7.810437645545373,0.0,2,50,13,0.02,0.92
2,0.08,4,6,46,7.805437645545373,7.810437645545373,0.0,2,50,13,0.02,0.92
2,0.09,4,21,44,7.805437645545373,7.810437645545373,0.0,4,50,13,0.02,0.92
2,0.1,4,26,39,7.805437645545373,7.810437645545373,0.0,2,50,13,0.02,0.92
2,0.11,4,23,26,7.805437645545373,7.810437645545373,0.0,2,50,13,0.02,0.92
2,0.12,4,2,23,7.805437645545373,7.810437645545373,0.0,3,50,13,0.02,0.92
2,0.13,4,16,26,7.805437645545373,7.810437645545373,0.0,1,50,13,0.02,0.92
2,0.14,4,10,16,7.805437645545373,7.810437645545373,0.0,2,50,13,0.02,0.92
2,0.15,4,31,10,7.805756869857565,7.8108589106738915,0.0,2,49,13,0.02040816326530612,0.9183673469387755
2,0.15,5,43,43,7.592411994934082,7.592411994934082,0.0,1,1,1,0.0,1.0
2,0.16,4,4,31,7.805756869857565,7.8108589106738915,0.0,2,49,13,0.02040816326530612,0.9183673469387755
2,0.16,5,12,43,7.592411994934082,7.592411994934082,0.0,2,1,1,0.0,1.0
2,0.17,4,12,25,7.805756869857565,7.8108589106738915,0.0,1,49,13,0.02040816326530612,0.9183673469387755
2,0.17,5,22,46,7.592411994934082,7.592411994934082,0.0,2,1,1,0.0,1.0
2,0.18,4,24,12,7.805756869857565,7.8108589106738915,0.0,1,49,13,0.02040816326530612,0.9183673469387755
2,0.18,5,26,22,7.592411994934082,7.592411994934082,0.0,1,1,1,0.0,1.0
2,0.19,4,10,24,7.805756869857565,7.8108589106738915,0.0,1,49,13,0.02040816326530612,0.9183673469387755
2,0.19,5,47,26,7.592411994934082,7.592411994934082,0.0,1,1,1,0.0,1.0
2,0.2,5,1,10,7.805756869857565,7.8108589106738915,0.0,2,49,13,0.02040816326530612,0.9183673469387755
2,0.2,6,27,47,7.592411994934082,7.592411994934082,0.0,4,1,1,0.0,1.0
2,0.21,5,19,45,7.805756869857565,7.8108589106738915,0.0,2,49,13,0.02040816326530612,0.9183673469387755
2,0.21,6,0,37,7.592411994934082,7.592411994934082,0.0,3,1,1,0.0,1.0
2,0.22,5,2,45,7.805756869857565,7.8108589106738915,0.0,4,49,13,0.02040816326530612,0.9183673469387755
2,0.22,6,26,3,7.592411994934082,7.592411994934082,0.0,1,1,1,0.0,1.0
2,0.23,5,30,19,7.8634732365608215,7.8634732365608215,0.0,2,8,4,0.0,0.875
2,0.23,6,11,26,7.592411994934082,7.592411994934082,0.0,1,1,1,0.0,1.0
2,0.24,5,13,48,7.8634732365608215,7.8634732365608215,0.0,1,8,4,0.0,0.875
2,0.24,6,24,11,7.592411994934082,7.592411994934082,0.0,2,1,1,0.0,1.0
2,0.25,6,3,13,7.8634732365608215,7.8634732365608215,0.0,1,8,4,0.0,0.875
2,0.25,7,28,30,7.823477149009705,7.823477149009705,0.0,2,7,4,0.0,0.8571428571428571
2,0.25,8,1,24,7.592411994934082,7.592411994934082,0.0,3,1,1,0.0,1.0
2,0.26,7,42,3,7.8634732365608215,7.8634732365608215,0.0,1,8,4,0.0,0.875
2,0.26,8,40,34,7.823477149009705,7.823477149009705,0.0,1,7,4,0.0,0.8571428571428571
2,0.26,9,0,1,7.592411994934082,7.592411994934082,0.0,1,1,1,0.0,1.0
2,0.27,8,0,42,7.8634732365608215,7.8634732365608215,0.0,3,8,4,0.0,0.875
2,0.27,9,1,40,7.823477149009705,7.823477149009705,0.0,1,7,4,0.0,0.8571428571428571
2,0.27,10,6,17,7.815158660363669,7.82251160154014,0.0,3,34,12,0.029411764705882353,0.9411764705882353
2,0.27,11,22,0,7.592411994934082,7.592411994934082,0.0,2,1,1,0.0,1.0
2,0.28,8,29,10,7.8634732365608215,7.8634732365608215,0.0,3,8,4,0.0,0.875
2,0.28,9,18,1,7.823477149009705,7.823477149009705,0.0,1,7,4,0.0,0.8571428571428571
2,0.28,10,22,15,7.815158660363669,7.82251160154014,0.0,1,34,12,0.029411764705882353,0.9411764705882353
2,0.28,11,11,47,7.592411994934082,7.592411994934082,0.0,1,1,1,0.0,1.0
2,0.29,8,8,32,7.8634732365608215,7.8634732365608215,0.0,3,8,4,0.0,0.875
2,0.29,9,12,18,7.823477149009705,7.823477149009705,0.0,3,7,4,0.0,0.8571428571428571
2,0.29,10,33,22,7.815158660363669,7.82251160154014,0.0,2,34,12,0.029411764705882353,0.9411764705882353
2,0.29,11,44,11,7.592411994934082,7.592411994934082,0.0,1,1,1,0.0,1.0
2,0.3,8,13,24,7.8634732365608215,7.8634732365608215,0.0,3,8,4,0.0,0.875
2,0.3,9,25,12,7.8389097849528,7.8389097849528,0.0,2,5,3,0.0,0.8
2,0.3,10,2,47,7.815158660363669,7.82251160154014,0.0,2,34,12,0.029411764705882353,0.9411764705882353
2,0.3,11,0,44,7.592411994934082,7.592411994934082,0.0,3,1,1,0.0,1.0
2,0.31,8,3,13,7.8634732365608215,7.8634732365608215,0.0,2,8,4,0.0,0.875
2,0.31,9,21,38,7.8389097849528,7.8389097849528,0.0,3,5,3,0.0,0.8
2,0.31,10,22,47,7.815158660363669,7.82251160154014,0.0,3,34,12,0.029411764705882353,0.9411764705882353
2,0.31,11,23,37,7.658024787902832,7.658024787902832,0.0,1,2,2,0.0,1.0
2,0.32,8,25,46,7.8634732365608215,7.8634732365608215,0.0,1,8,4,0.0,0.875
2,0.32,9,13,32,7.8389097849528,7.8389097849528,0.0,1,5,3,0.0,0.8
2,0.32,10,0,22,7.77687178958546,7.77687178958546,0.0,2,29,11,0.0,0.9310344827586207
2,0.32,11,37,23,7.658024787902832,7.658024787902832,0.0,1,2,2,0.0,1.0
2,0.33,8,13,25,7.8634732365608215,7.8634732365608215,0.0,2,8,4,0.0,0.875
2,0.33,9,22,13,7.8389097849528,7.8389097849528,0.0,2,5,3,0.0,0.8
2,0.33,10,1,0,7.77687178958546,7.77687178958546,0.0,3,29,11,0.0,0.9310344827586207
2,0.33,11,2,37,7.658024787902832,7.658024787902832,0.0,2,2,2,0.0,1.0
2,0.34,8,24,13,7.8634732365608215,7.8634732365608215,0.0,1,8,4,0.0,0.875
2,0.34,9,23,30,7.8389097849528,7.8389097849528,0.0,3,5,3,0.0,0.8
2,0.34,10,38,29,7.764154401090411,7.764154401090411,0.0,1,15,6,0.0,1.0
2,0.34,11,17,31,7.761546039581299,7.811546039581299,0.0,3,5,5,0.2,1.0
2,0.35,8,17,24,7.8634732365608215,7.8634732365608215,0.0,2,8,4,0.0,0.875
2,0.35,9,14,44,7.8389097849528,7.8389097849528,0.0,1,5,3,0.0,0.8
2,0.35,10,4,38,7.764154401090411,7.764154401090411,0.0,3,15,6,0.0,1.0
2,0.35,11,12,40,7.761546039581299,7.811546039581299,0.0,3,5,5,0.2,1.0
2,0.36,8,0,17,7.8634732365608215,7.8634732365608215,0.0,1,8,4,0.0,0.875
2,0.36,9,49,14,7.8389097849528,7.8389097849528,0.0,1,5,3,0.0,0.8
2,0.36,10,8,42,7.764154401090411,7.764154401090411,0.0,2,15,6,0.0,1.0
2,0.36,11,1,32,7.761546039581299,7.811546039581299,0.0,2,5,5,0.2,1.0
2,0.37,8,15,0,7.8634732365608215,7.8634732365608215,0.0,2,8,4,0.0,0.875
2,0.37,9,10,49,7.8389097849528,7.8389097849528,0.0,4,5,3,0.0,0.8
2,0.37,10,21,8,7.764154401090411,7.764154401090411,0.0,2,15,6,0.0,1.0
2,0.37,11,22,21,7.763132731119791,7.763132731119791,0.0,1,14,8,0.0,0.8571428571428571
2,0.38,8,15,31,7.8634732365608215,7.8634732365608215,0.0,1,8,4,0.0,0.875
2,0.38,9,31,10,7.8389097849528,7.8389097849528,0.0,1,5,3,0.0,0.8
2,0.38,10,2,30,7.764154401090411,7.764154401090411,0.0,3,15,6,0.0,1.0
2,0.38,11,20,22,7.763132731119791,7.763132731119791,0.0,1,14,8,0.0,0.8571428571428571
2,0.39,8,31,15,7.8634732365608215,7.8634732365608215,0.0,1,8,4,0.0,0.875
2,0.39,9,0,31,7.8389097849528,7.8389097849528,0.0,2,5,3,0.0,0.8
2,0.39,10,20,41,7.764154401090411,7.764154401090411,0.0,2,15,6,0.0,1.0
2,0.39,11,6,20,7.763132731119791,7.763132731119791,0.0,2,14,8,0.0,0.8571428571428571
2,0.4,8,12,31,7.8634732365608215,7.8634732365608215,0.0,2,8,4,0.0,0.875
2,0.4,9,16,0,7.8389097849528,7.8389097849528,0.0,2,5,3,0.0,0.8
2,0.4,10,3,20,7.764154401090411,7.764154401090411,0.0,1,15,6,0.0,1.0
2,0.4,11,37,6,7.763132731119791,7.763132731119791,0.0,1,14,8,0.0,0.8571428571428571
2,0.41,8,8,12,7.8634732365608215,7.8634732365608215,0.0,4,8,4,0.0,0.875
2,0.41,9,9,16,7.8389097849528,7.8389097849528,0.0,3,5,3,0.0,0.8
2,0.41,10,25,3,7.764154401090411,7.764154401090411,0.0,2,15,6,0.0,1.0
2,0.41,11,22,37,7.763132731119791,7.763132731119791,0.0,3,14,8,0.0,0.8571428571428571
2,0.42,8,2,46,7.944790601730347,7.944790601730347,0.0,2,5,3,0.0,1.0
2,0.42,9,28,9,7.8389097849528,7.8389097849528,0.0,2,5,3,0.0,0.8
2,0.42,10,11,27,7.7750423669815065,7.7750423669815065,0.0,2,9,5,0.0,1.0
2,0.42,11,13,34,7.763132731119791,7.763132731119791,0.0,1,14,8,0.0,0.8571428571428571
2,0.43,8,35,33,7.944790601730347,7.944790601730347,0.0,3,5,3,0.0,1.0
2,0.43,9,24,34,7.8389097849528,7.8389097849528,0.0,1,5,3,0.0,0.8
2,0.43,10,10,11,7.7750423669815065,7.7750423669815065,0.0,1,9,5,0.0,1.0
2,0.43,11,13,13,7.763132731119791,7.763132731119791,0.0,1,14,8,0.0,0.8571428571428571
2,0.44,8,0,35,7.918423414230347,7.918423414230347,0.0,2,3,2,0.0,1.0
2,0.44,9,17,24,7.8389097849528,7.8389097849528,0.0,1,5,3,0.0,0.8
2,0.44,10,42,10,7.7750423669815065,7.7750423669815065,0.0,1,9,5,0.0,1.0
2,0.44,11,12,13,7.763132731119791,7.763132731119791,0.0,3,14,8,0.0,0.8571428571428571
2,0.45,8,13,30,7.918423414230347,7.918423414230347,0.0,2,3,2,0.0,1.0
2,0.45,9,47,17,7.8389097849528,7.8389097849528,0.0,1,5,3,0.0,0.8
2,0.45,10,30,42,7.7750423669815065,7.7750423669815065,0.0,2,9,5,0.0,1.0
2,0.45,11,15,38,7.7725090980529785,7.7725090980529785,0.0,3,6,5,0.0,1.0
2,0.46,8,40,41,7.918423414230347,7.918423414230347,0.0,1,3,2,0.0,1.0
2,0.46,9,2,24,7.875849723815918,7.959183057149251,0.0,3,3,3,0.3333333333333333,1.0
2,0.46,10,3,47,7.8389097849528,7.8389097849528,0.0,2,5,3,0.0,0.8
2,0.46,11,48,27,7.835542440414429,7.835542440414429,0.0,1,2,2,0.0,1.0
2,0.47,8,7,40,7.918423414230347,7.918423414230347,0.0,2,3,2,0.0,1.0
2,0.47,9,27,2,7.875849723815918,7.959183057149251,0.0,1,3,3,0.3333333333333333,1.0
2,0.47,10,25,3,7.8389097849528,7.8389097849528,0.0,1,5,3,0.0,0.8
2,0.47,11,34,48,7.835542440414429,7.835542440414429,0.0,1,2,2,0.0,1.0
2,0.48,8,33,7,7.918423414230347,7.918423414230347,0.0,2,3,2,0.0,1.0
2,0.48,9,23,27,7.875849723815918,7.959183057149251,0.0,1,3,3,0.3333333333333333,1.0
2,0.48,10,38,25,7.8389097849528,7.8389097849528,0.0,1,5,3,0.0,0.8
2,0.48,11,42,34,7.835542440414429,7.835542440414429,0.0,1,2,2,0.0,1.0
2,0.49,8,1,48,7.918423414230347,7.918423414230347,0.0,1,3,2,0.0,1.0
2,0.49,9,3,23,7.875849723815918,7.959183057149251,0.0,2,3,3,0.3333333333333333,1.0
2,0.49,10,8,38,7.8389097849528,7.8389097849528,0.0,2,5,3,0.0,0.8
2,0.49,11,36,42,7.835542440414429,7.835542440414429,0.0,1,2,2,0.0,1.0
2,0.5,8,22,3,7.991642475128174,8.116642475128174,0.0,1,2,2,0.5,1.0
2,0.5,9,37,1,7.918423414230347,7.918423414230347,0.0,2,3,2,0.0,1.0
2,0.5,10,6,8,7.85880168279012,7.85880168279012,0.0,5,4,3,0.0,0.75
2,0.5,11,13,36,7.835542440414429,7.835542440414429,0.0,1,2,2,0.0,1.0
3,0.0,5,1,1,7.806440366842807,7.816440366842807,0.0,1,50,20,0.04,0.96
3,0.01,5,32,1,7.806440366842807,7.816440366842807,0.0,2,50,20,0.04,0.96
3,0.02,5,24,34,7.806440366842807,7.816440366842807,0.0,3,50,20,0.04,0.96
3,0.03,5,21,24,7.806440366842807,7.816440366842807,0.0,2,50,20,0.04,0.96
3,0.04,5,5,24,7.806440366842807,7.816440366842807,0.0,1,50,20,0.04,0.96
3,0.05,5,24,5,7.806440366842807,7.816440366842807,0.0,1,50,20,0.04,0.96
3,0.06,5,26,24,7.806440366842807,7.816440366842807,0.0,3,50,20,0.04,0.96
3,0.07,5,18,44,7.806440366842807,7.816440366842807,0.0,3,50,20,0.04,0.96
3,0.08,5,16,18,7.806440366842807,7.816440366842807,0.0,4,50,20,0.04,0.96
3,0.09,5,1,16,7.81524243645179,7.8266060728154265,0.0,1,44,16,0.045454545454545456,0.9545454545454546
3,0.09,6,12,37,7.77123208840688,7.77123208840688,0.0,2,6,4,0.0,1.0
3,0.1,5,12,1,7.81524243645179,7.8266060728154265,0.0,2,44,16,0.045454545454545456,0.9545454545454546
3,0.1,6,15,12,7.77123208840688,7.77123208840688,0.0,3,6,4,0.0,1.0
3,0.11,5,14,12,7.81524243645179,7.8266060728154265,0.0,2,44,16,0.045454545454545456,0.9545454545454546
3,0.11,6,12,15,7.77123208840688,7.77123208840688,0.0,3,6,4,0.0,1.0
3,0.12,5,0,33,7.81524243645179,7.8266060728154265,0.0,4,44,16,0.045454545454545456,0.9545454545454546
3,0.12,6,37,29,7.77123208840688,7.77123208840688,0.0,1,6,4,0.0,1.0
3,0.13,5,11,10,7.81524243645179,7.8266060728154265,0.0,3,44,16,0.045454545454545456,0.9545454545454546
3,0.13,6,14,37,7.77123208840688,7.77123208840688,0.0,5,6,4,0.0,1.0
3,0.14,5,7,21,7.81524243645179,7.8266060728154265,0.0,3,44,16,0.045454545454545456,0.9545454545454546
3,0.14,6,5,37,7.77123208840688,7.77123208840688,0.0,4,6,4,0.0,1.0
3,0.15,6,16,34,7.81524243645179,7.8266060728154265,0.0,1,44,16,0.045454545454545456,0.9545454545454546
3,0.15,7,7,18,7.77123208840688,7.77123208840688,0.0,1,6,4,0.0,1.0
3,0.16,6,39,16,7.81524243645179,7.8266060728154265,0.0,2,44,16,0.045454545454545456,0.9545454545454546
3,0.16,7,20,7,7.77123208840688,7.77123208840688,0.0,1,6,4,0.0,1.0
3,0.17,6,17,39,7.81524243645179,7.8266060728154265,0.0,1,44,16,0.045454545454545456,0.9545454545454546
3,0.17,7,11,20,7.77123208840688,7.77123208840688,0.0,3,6,4,0.0,1.0
3,0.18,6,25,17,7.81524243645179,7.8266060728154265,0.0,2,44,16,0.045454545454545456,0.9545454545454546
3,0.18,7,19,40,7.77123208840688,7.77123208840688,0.0,1,6,4,0.0,1.0
3,0.19,6,6,25,7.81524243645179,7.8266060728154265,0.0,2,44,16,0.045454545454545456,0.9545454545454546
3,0.19,7,24,19,7.77123208840688,7.77123208840688,0.0,2,6,4,0.0,1.0
3,0.2,7,0,21,7.81524243645179,7.8266060728154265,0.0,4,44,16,0.045454545454545456,0.9545454545454546
3,0.2,8,18,29,7.77123208840688,7.77123208840688,0.0,1,6,4,0.0,1.0
3,0.21,7,5,25,7.81524243645179,7.8266060728154265,0.0,2,44,16,0.045454545454545456,0.9545454545454546
3,0.21,8,13,18,7.77123208840688,7.77123208840688,0.0,2,6,4,0.0,1.0
3,0.22,7,20,5,7.81524243645179,7.8266060728154265,0.0,1,44,16,0.045454545454545456,0.9545454545454546
3,0.22,8,39,13,7.77123208840688,7.77123208840688,0.0,1,6,4,0.0,1.0
3,0.23,7,38,20,7.81524243645179,7.8266060728154265,0.0,1,44,16,0.045454545454545456,0.9545454545454546
3,0.23,8,2,39,7.77123208840688,7.77123208840688,0.0,6,6,4,0.0,1.0
3,0.24,7,16,18,8.12263298034668,8.12263298034668,0.0,3,1,1,0.0,1.0
3,0.24,8,3,38,7.81524243645179,7.8266060728154265,0.0,2,44,16,0.045454545454545456,0.9545454545454546
3,0.24,9,9,2,7.654098457760281,7.654098457760281,0.0,3,5,3,0.0,1.0
3,0.25,9,45,19,8.12263298034668,8.12263298034668,0.0,1,1,1,0.0,1.0
3,0.25,10,26,34,7.81524243645179,7.8266060728154265,0.0,1,44,16,0.045454545454545456,0.9545454545454546
3,0.25,11,27,9,7.654098457760281,7.654098457760281,0.0,1,5,3,0.0,1.0
3,0.26,10,32,45,8.12263298034668,8.12263298034668,0.0,3,1,1,0.0,1.0
3,0.26,11,26,26,7.81524243645179,7.8266060728154265,0.0,1,44,16,0.045454545454545456,0.9545454545454546
3,0.26,12,4,27,7.654098457760281,7.654098457760281,0.0,1,5,3,0.0,1.0
3,0.27,12,12,38,8.12263298034668,8.12263298034668,0.0,2,1,1,0.0,1.0
3,0.27,13,23,26,7.81524243645179,7.8266060728154265,0.0,1,44,16,0.045454545454545456,0.9545454545454546
3,0.27,14,29,4,7.654098457760281,7.654098457760281,0.0,1,5,3,0.0,1.0
3,0.28,12,17,12,8.12263298034668,8.12263298034668,0.0,2,1,1,0.0,1.0
3,0.28,13,1,23,7.81524243645179,7.8266060728154265,0.0,2,44,16,0.045454545454545456,0.9545454545454546
3,0.28,14,45,29,7.654098457760281,7.654098457760281,0.0,2,5,3,0.0,1.0
3,0.29,12,47,28,8.12263298034668,8.12263298034668,0.0,1,1,1,0.0,1.0
3,0.29,13,10,7,7.81524243645179,7.8266060728154265,0.0,3,44,16,0.045454545454545456,0.9545454545454546
3,0.29,14,18,49,7.654098457760281,7.654098457760281,0.0,4,5,3,0.0,1.0
3,0.3,12,36,47,8.12263298034668,8.12263298034668,0.0,2,1,1,0.0,1.0
3,0.3,13,11,12,7.81524243645179,7.8266060728154265,0.0,2,44,16,0.045454545454545456,0.9545454545454546
3,0.3,14,1,45,7.654098457760281,7.654098457760281,0.0,1,5,3,0.0,1.0
3,0.31,12,48,43,8.12263298034668,8.12263298034668,0.0,1,1,1,0.0,1.0
3,0.31,13,11,11,7.81524243645179,7.8266060728154265,0.0,4,44,16,0.045454545454545456,0.9545454545454546
3,0.31,14,12,1,7.654098457760281,7.654098457760281,0.0,2,5,3,0.0,1.0
3,0.32,12,3,48,8.12263298034668,8.12263298034668,0.0,3,1,1,0.0,1.0
3,0.32,13,37,11,7.81524243645179,7.8266060728154265,0.0,1,44,16,0.045454545454545456,0.9545454545454546
3,0.32,14,29,12,7.654098457760281,7.654098457760281,0.0,1,5,3,0.0,1.0
3,0.33,12,15,27,8.12263298034668,8.12263298034668,0.0,2,1,1,0.0,1.0
3,0.33,13,16,37,7.81524243645179,7.8266060728154265,0.0,3,44,16,0.045454545454545456,0.9545454545454546
3,0.33,14,43,29,7.654098457760281,7.654098457760281,0.0,1,5,3,0.0,1.0
3,0.34,12,0,15,8.12263298034668,8.12263298034668,0.0,4,1,1,0.0,1.0
3,0.34,13,5,20,7.866159829828475,7.892475619302159,0.0,1,19,12,0.10526315789473684,0.8947368421052632
3,0.34,14,24,16,7.749076183462317,7.749076183462317,0.0,4,25,7,0.0,1.0
3,0.34,15,48,43,7.654098457760281,7.654098457760281,0.0,2,5,3,0.0,1.0
3,0.35,12,46,42,8.12263298034668,8.12263298034668,0.0,1,1,1,0.0,1.0
3,0.35,13,5,5,7.866159829828475,7.892475619302159,0.0,4,19,12,0.10526315789473684,0.8947368421052632
3,0.35,14,4,45,7.749076183462317,7.749076183462317,0.0,6,25,7,0.0,1.0
3,0.35,15,3,49,7.654098457760281,7.654098457760281,0.0,3,5,3,0.0,1.0
3,0.36,12,24,46,8.12263298034668,8.12263298034668,0.0,3,1,1,0.0,1.0
3,0.36,13,11,4,8.071681022644043,8.071681022644043,0.0,2,1,1,0.0,1.0
3,0.36,14,30,32,7.866159829828475,7.892475619302159,0.0,2,19,12,0.10526315789473684,0.8947368421052632
3,0.36,15,4,42,7.695308710265363,7.695308710265363,0.0,2,24,6,0.0,1.0
3,0.37,12,1,24,8.12263298034668,8.12263298034668,0.0,3,1,1,0.0,1.0
3,0.37,13,37,46,8.071681022644043,8.071681022644043,0.0,1,1,1,0.0,1.0
3,0.37,14,4,34,8.043139457702637,8.043139457702637,0.0,3,1,1,0.0,1.0
3,0.37,15,43,30,7.863909502824147,7.891687280601925,0.0,2,18,12,0.1111111111111111,0.8888888888888888
3,0.38,12,20,28,8.12263298034668,8.12263298034668,0.0,2,1,1,0.0,1.0
3,0.38,13,21,37,8.071681022644043,8.071681022644043,0.0,2,1,1,0.0,1.0
3,0.38,14,15,22,8.043139457702637,8.043139457702637,0.0,2,1,1,0.0,1.0
3,0.38,15,18,43,7.863909502824147,7.891687280601925,0.0,2,18,12,0.1111111111111111,0.8888888888888888
3,0.39,12,22,20,8.12263298034668,8.12263298034668,0.0,1,1,1,0.0,1.0
3,0.39,13,15,21,8.071681022644043,8.071681022644043,0.0,1,1,1,0.0,1.0
3,0.39,14,28,47,8.043139457702637,8.043139457702637,0.0,2,1,1,0.0,1.0
3,0.39,15,5,18,7.863909502824147,7.891687280601925,0.0,3,18,12,0.1111111111111111,0.8888888888888888
3,0.4,12,5,22,8.12263298034668,8.12263298034668,0.0,1,1,1,0.0,1.0
3,0.4,13,3,15,8.071681022644043,8.071681022644043,0.0,1,1,1,0.0,1.0
3,0.4,14,0,28,8.043139457702637,8.043139457702637,0.0,2,1,1,0.0,1.0
3,0.4,15,13,38,7.962127685546875,7.962127685546875,0.0,2,2,1,0.0,1.0
3,0.41,12,30,5,8.12263298034668,8.12263298034668,0.0,2,1,1,0.0,1.0
3,0.41,13,16,3,8.071681022644043,8.071681022644043,0.0,1,1,1,0.0,1.0
3,0.41,14,47,49,8.043139457702637,8.043139457702637,0.0,1,1,1,0.0,1.0
3,0.41,15,44,13,7.962127685546875,7.962127685546875,0.0,1,2,1,0.0,1.0
3,0.42,12,4,40,8.12263298034668,8.12263298034668,0.0,1,1,1,0.0,1.0
3,0.42,13,14,16,8.071681022644043,8.071681022644043,0.0,2,1,1,0.0,1.0
3,0.42,14,15,47,8.043139457702637,8.043139457702637,0.0,1,1,1,0.0,1.0
3,0.42,15,10,44,7.962127685546875,7.962127685546875,0.0,3,2,1,0.0,1.0
3,0.43,12,1,4,8.12263298034668,8.12263298034668,0.0,1,1,1,0.0,1.0
3,0.43,13,37,14,8.071681022644043,8.071681022644043,0.0,2,1,1,0.0,1.0
3,0.43,14,36,15,8.043139457702637,8.043139457702637,0.0,1,1,1,0.0,1.0
3,0.43,15,29,10,7.962127685546875,7.962127685546875,0.0,2,2,1,0.0,1.0
3,0.44,12,18,1,8.12263298034668,8.12263298034668,0.0,1,1,1,0.0,1.0
3,0.44,13,6,48,8.071681022644043,8.071681022644043,0.0,1,1,1,0.0,1.0
3,0.44,14,17,36,8.043139457702637,8.043139457702637,0.0,1,1,1,0.0,1.0
3,0.44,15,9,29,7.962127685546875,7.962127685546875,0.0,3,2,1,0.0,1.0
3,0.45,12,36,18,8.12263298034668,8.12263298034668,0.0,1,1,1,0.0,1.0
3,0.45,13,2,6,8.071681022644043,8.071681022644043,0.0,2,1,1,0.0,1.0
3,0.45,14,24,17,8.043139457702637,8.043139457702637,0.0,3,1,1,0.0,1.0
3,0.45,15,22,9,7.962127685546875,7.962127685546875,0.0,1,2,1,0.0,1.0
3,0.46,12,16,36,8.12263298034668,8.12263298034668,0.0,1,1,1,0.0,1.0
3,0.46,13,5,2,8.071681022644043,8.071681022644043,0.0,1,1,1,0.0,1.0
3,0.46,14,10,27,8.043139457702637,8.043139457702637,0.0,4,1,1,0.0,1.0
3,0.46,15,26,22,7.962127685546875,7.962127685546875,0.0,1,2,1,0.0,1.0
3,0.47,12,9,16,8.12263298034668,8.12263298034668,0.0,2,1,1,0.0,1.0
3,0.47,13,43,5,8.071681022644043,8.071681022644043,0.0,1,1,1,0.0,1.0
3,0.47,14,12,27,8.043139457702637,8.043139457702637,0.0,4,1,1,0.0,1.0
3,0.47,15,45,26,7.962127685546875,7.962127685546875,0.0,1,2,1,0.0,1.0
3,0.48,12,16,28,8.12263298034668,8.12263298034668,0.0,1,1,1,0.0,1.0
3,0.48,13,23,43,8.071681022644043,8.071681022644043,0.0,2,1,1,0.0,1.0
3,0.48,14,42,12,8.043139457702637,8.043139457702637,0.0,1,1,1,0.0,1.0
3,0.48,15,31,45,7.962127685546875,7.962127685546875,0.0,2,2,1,0.0,1.0
3,0.49,12,20,16,8.12263298034668,8.12263298034668,0.0,2,1,1,0.0,1.0
3,0.49,13,18,37,8.071681022644043,8.071681022644043,0.0,2,1,1,0.0,1.0
3,0.49,14,36,42,8.043139457702637,8.043139457702637,0.0,1,1,1,0.0,1.0
3,0.49,15,4,47,7.962127685546875,7.962127685546875,0.0,2,2,1,0.0,1.0
3,0.5,12,12,20,8.12263298034668,8.12263298034668,0.0,1,1,1,0.0,1.0
3,0.5,13,19,39,8.075039863586426,8.175039863586425,0.0,2,5,4,0.4,1.0
3,0.5,14,42,18,8.071681022644043,8.071681022644043,0.0,2,1,1,0.0,1.0
3,0.5,15,7,27,8.051406860351562,8.051406860351562,0.0,1,1,1,0.0,1.0
4,0.0,6,25,25,7.739102817717052,7.759102817717052,0.0,1,50,42,0.08,0.92
4,0.01,6,47,25,7.739102817717052,7.759102817717052,0.0,2,50,42,0.08,0.92
4,0.02,6,13,49,7.739102817717052,7.759102817717052,0.0,1,50,42,0.08,0.92
4,0.03,6,2,13,7.739102817717052,7.759102817717052,0.0,4,50,42,0.08,0.92
4,0.04,6,1,2,7.739102817717052,7.759102817717052,0.0,3,50,42,0.08,0.92
4,0.05,6,14,17,7.739102817717052,7.759102817717052,0.0,2,50,42,0.08,0.92
4,0.06,6,1,36,7.739102817717052,7.759102817717052,0.0,2,50,42,0.08,0.92
4,0.07,6,0,1,7.739102817717052,7.759102817717052,0.0,2,50,42,0.08,0.92
4,0.08,6,40,18,7.739102817717052,7.759102817717052,0.0,2,50,42,0.08,0.92
4,0.09,7,43,46,7.739102817717052,7.759102817717052,0.0,1,50,42,0.08,0.92
4,0.1,7,22,43,7.739102817717052,7.759102817717052,0.0,1,50,42,0.08,0.92
4,0.11,7,21,22,7.739102817717052,7.759102817717052,0.0,1,50,42,0.08,0.92
4,0.12,7,1,21,7.739102817717052,7.759102817717052,0.0,2,50,42,0.08,0.92
4,0.13,7,13,34,7.739102817717052,7.759102817717052,0.0,3,50,42,0.08,0.92
4,0.14,7,32,44,7.739102817717052,7.759102817717052,0.0,1,50,42,0.08,0.92
4,0.15,8,0,32,7.739102817717052,7.759102817717052,0.0,2,50,42,0.08,0.92
4,0.16,8,4,0,7.739102817717052,7.759102817717052,0.0,2,50,42,0.08,0.92
4,0.17,8,34,37,7.739102817717052,7.759102817717052,0.0,2,50,42,0.08,0.92
4,0.18,8,17,34,7.739102817717052,7.759102817717052,0.0,2,50,42,0.08,0.92
4,0.19,8,15,17,7.739102817717052,7.759102817717052,0.0,1,50,42,0.08,0.92
4,0.2,9,45,15,7.739102817717052,7.759102817717052,0.0,1,50,42,0.08,0.92
4,0.21,9,9,45,7.739102817717052,7.759102817717052,0.0,3,50,42,0.08,0.92
4,0.22,9,34,10,7.739102817717052,7.759102817717052,0.0,1,50,42,0.08,0.92
4,0.23,9,38,34,7.739102817717052,7.759102817717052,0.0,2,50,42,0.08,0.92
4,0.24,10,26,38,7.739102817717052,7.759102817717052,0.0,2,50,42,0.08,0.92
4,0.25,12,9,29,7.739102817717052,7.759102817717052,0.0,4,50,42,0.08,0.92
4,0.26,13,26,42,7.795804847370494,7.814097530297324,0.0,2,41,33,0.07317073170731707,0.9024390243902439
4,0.26,14,40,9,7.531195375654432,7.55897315343221,0.0,1,9,9,0.1111111111111111,1.0
4,0.27,15,10,26,7.795804847370494,7.814097530297324,0.0,2,41,33,0.07317073170731707,0.9024390243902439
4,0.27,16,2,40,7.531195375654432,7.55897315343221,0.0,3,9,9,0.1111111111111111,1.0
4,0.28,15,16,16,7.795804847370494,7.814097530297324,0.0,2,41,33,0.07317073170731707,0.9024390243902439
4,0.28,16,13,43,7.531195375654432,7.55897315343221,0.0,4,9,9,0.1111111111111111,1.0
4,0.29,15,13,45,7.795804847370494,7.814097530297324,0.0,2,41,33,0.07317073170731707,0.9024390243902439
4,0.29,16,10,27,7.531195375654432,7.55897315343221,0.0,1,9,9,0.1111111111111111,1.0
4,0.3,15,15,38,7.825995009520958,7.846828342854291,0.0,1,36,29,0.08333333333333333,0.8888888888888888
4,0.3,16,36,10,7.531195375654432,7.55897315343221,0.0,2,9,9,0.1111111111111111,1.0
4,0.31,15,17,15,7.825995009520958,7.846828342854291,0.0,2,36,29,0.08333333333333333,0.8888888888888888
4,0.31,16,6,19,7.576926171779633,7.576926171779633,0.0,2,5,4,0.0,1.0
4,0.31,17,3,36,7.531195375654432,7.55897315343221,0.0,3,9,9,0.1111111111111111,1.0
4,0.32,15,35,17,7.825995009520958,7.846828342854291,0.0,2,36,29,0.08333333333333333,0.8888888888888888
4,0.32,16,3,21,7.576926171779633,7.576926171779633,0.0,4,5,4,0.0,1.0
4,0.32,17,2,12,7.531195375654432,7.55897315343221,0.0,5,9,9,0.1111111111111111,1.0
4,0.33,15,4,35,7.825995009520958,7.846828342854291,0.0,3,36,29,0.08333333333333333,0.8888888888888888
4,0.33,16,38,49,7.576926171779633,7.576926171779633,0.0,1,5,4,0.0,1.0
4,0.33,17,15,2,7.531195375654432,7.55897315343221,0.0,4,9,9,0.1111111111111111,1.0
4,0.34,16,15,34,7.825995009520958,7.846828342854291,0.0,3,36,29,0.08333333333333333,0.8888888888888888
4,0.34,17,14,38,7.576926171779633,7.576926171779633,0.0,2,5,4,0.0,1.0
4,0.34,18,12,26,7.531195375654432,7.55897315343221,0.0,3,9,9,0.1111111111111111,1.0
4,0.35,16,43,23,7.825995009520958,7.846828342854291,0.0,1,36,29,0.08333333333333333,0.8888888888888888
4,0.35,17,8,14,7.576926171779633,7.576926171779633,0.0,6,5,4,0.0,1.0
4,0.35,18,5,12,7.531195375654432,7.55897315343221,0.0,1,9,9,0.1111111111111111,1.0
4,0.36,16,25,43,7.825995009520958,7.846828342854291,0.0,2,36,29,0.08333333333333333,0.8888888888888888
4,0.36,17,10,8,7.576926171779633,7.576926171779633,0.0,2,5,4,0.0,1.0
4,0.36,18,1,5,7.531195375654432,7.55897315343221,0.0,2,9,9,0.1111111111111111,1.0
4,0.37,16,4,29,7.825995009520958,7.846828342854291,0.0,5,36,29,0.08333333333333333,0.8888888888888888
4,0.37,17,20,14,7.576926171779633,7.576926171779633,0.0,4,5,4,0.0,1.0
4,0.37,18,44,1,7.531195375654432,7.55897315343221,0.0,2,9,9,0.1111111111111111,1.0
4,0.38,16,0,43,7.825995009520958,7.846828342854291,0.0,2,36,29,0.08333333333333333,0.8888888888888888
4,0.38,17,23,48,7.576926171779633,7.576926171779633,0.0,1,5,4,0.0,1.0
4,0.38,18,32,44,7.531195375654432,7.55897315343221,0.0,1,9,9,0.1111111111111111,1.0
4,0.39,16,24,0,8.180673599243164,8.180673599243164,0.0,3,2,1,0.0,0.5
4,0.39,17,20,18,7.82555995316341,7.847618776692822,0.0,5,34,29,0.08823529411764706,0.9117647058823529
4,0.39,18,4,23,7.576926171779633,7.576926171779633,0.0,1,5,4,0.0,1.0
4,0.39,19,10,32,7.531195375654432,7.55897315343221,0.0,1,9,9,0.1111111111111111,1.0
4,0.4,16,24,25,8.180673599243164,8.180673599243164,0.0,1,2,1,0.0,0.5
4,0.4,17,8,20,7.82555995316341,7.847618776692822,0.0,3,34,29,0.08823529411764706,0.9117647058823529
4,0.4,18,28,4,7.576926171779633,7.576926171779633,0.0,2,5,4,0.0,1.0
4,0.4,19,3,10,7.531195375654432,7.55897315343221,0.0,2,9,9,0.1111111111111111,1.0
4,0.41,16,43,24,8.180673599243164,8.180673599243164,0.0,1,2,1,0.0,0.5
4,0.41,17,16,21,7.82555995316341,7.847618776692822,0.0,2,34,29,0.08823529411764706,0.9117647058823529
4,0.41,18,1,28,7.576926171779633,7.576926171779633,0.0,4,5,4,0.0,1.0
4,0.41,19,24,31,7.531195375654432,7.55897315343221,0.0,2,9,9,0.1111111111111111,1.0
4,0.42,16,38,43,8.180673599243164,8.180673599243164,0.0,2,2,1,0.0,0.5
4,0.42,17,2,41,7.984030202031136,8.019744487745422,0.0,2,21,16,0.14285714285714285,0.8571428571428571
4,0.42,18,27,28,7.576926171779633,7.576926171779633,0.0,1,5,4,0.0,1.0
4,0.42,19,14,24,7.531195375654432,7.55897315343221,0.0,1,9,9,0.1111111111111111,1.0
4,0.43,16,31,38,8.180673599243164,8.180673599243164,0.0,2,2,1,0.0,0.5
4,0.43,17,13,2,7.984030202031136,8.019744487745422,0.0,2,21,16,0.14285714285714285,0.8571428571428571
4,0.43,18,3,37,7.630519646864671,7.630519646864671,0.0,2,13,13,0.0,1.0
4,0.43,19,1,27,7.576926171779633,7.576926171779633,0.0,2,5,4,0.0,1.0
4,0.44,16,45,31,8.180673599243164,8.180673599243164,0.0,1,2,1,0.0,0.5
4,0.44,17,1,13,7.984030202031136,8.019744487745422,0.0,5,21,16,0.14285714285714285,0.8571428571428571
4,0.44,18,40,37,7.96713383992513,7.96713383992513,0.0,1,3,3,0.0,1.0
4,0.44,19,23,39,7.576926171779633,7.576926171779633,0.0,2,5,4,0.0,1.0
4,0.45,16,10,45,8.180673599243164,8.180673599243164,0.0,1,2,1,0.0,0.5
4,0.45,17,6,12,8.040300051371256,8.040300051371256,0.0,2,4,3,0.0,0.75
4,0.45,18,11,40,7.96713383992513,7.96713383992513,0.0,3,3,3,0.0,1.0
4,0.45,19,2,46,7.576926171779633,7.576926171779633,0.0,3,5,4,0.0,1.0
4,0.46,16,39,10,8.180673599243164,8.180673599243164,0.0,1,2,1,0.0,0.5
4,0.46,17,9,22,8.100528081258139,8.183861414591473,0.0,1,3,3,0.3333333333333333,1.0
4,0.46,18,45,16,7.96713383992513,7.96713383992513,0.0,1,3,3,0.0,1.0
4,0.46,19,21,45,7.643006086349487,7.643006086349487,0.0,1,2,1,0.0,1.0
4,0.47,16,1,39,8.180673599243164,8.180673599243164,0.0,1,2,1,0.0,0.5
4,0.47,17,20,9,8.100528081258139,8.183861414591473,0.0,2,3,3,0.3333333333333333,1.0
4,0.47,18,11,19,8.066921552022299,8.066921552022299,0.0,1,3,3,0.0,1.0
4,0.47,19,28,45,7.96713383992513,7.96713383992513,0.0,1,3,3,0.0,1.0
4,0.48,16,44,1,8.180673599243164,8.180673599243164,0.0,1,2,1,0.0,0.5
4,0.48,17,6,29,8.140999794006348,8.140999794006348,0.0,2,2,1,0.0,0.5
4,0.48,18,37,20,8.100528081258139,8.183861414591473,0.0,1,3,3,0.3333333333333333,1.0
4,0.48,19,9,11,8.066921552022299,8.066921552022299,0.0,2,3,3,0.0,1.0
4,0.49,16,14,44,8.180673599243164,8.180673599243164,0.0,2,2,1,0.0,0.5
4,0.49,17,21,6,8.140999794006348,8.140999794006348,0.0,1,2,1,0.0,0.5
4,0.49,18,34,37,8.100528081258139,8.183861414591473,0.0,4,3,3,0.3333333333333333,1.0
4,0.49,19,20,15,8.066921552022299,8.066921552022299,0.0,2,3,3,0.0,1.0
4,0.5,16,39,9,8.224438190460205,8.349438190460205,0.0,1,2,2,0.5,1.0
4,0.5,17,29,14,8.180673599243164,8.180673599243164,0.0,1,2,1,0.0,0.5
4,0.5,18,27,38,8.174327850341797,8.174327850341797,0.0,1,1,1,0.0,1.0
4,0.5,19,18,21,8.140999794006348,8.140999794006348,0.0,2,2,1,0.0,0.5
5,0.0,7,37,37,7.623603445070761,7.623603445070761,0.0,1,50,36,0.0,0.96
5,0.01,7,13,37,7.623603445070761,7.623603445070761,0.0,2,50,36,0.0,0.96
5,0.02,7,9,25,7.623603445070761,7.623603445070761,0.0,1,50,36,0.0,0.96
5,0.03,7,37,9,7.623603445070761,7.623603445070761,0.0,2,50,36,0.0,0.96
5,0.04,7,2,46,7.623603445070761,7.623603445070761,0.0,4,50,36,0.0,0.96
5,0.05,7,35,22,7.623603445070761,7.623603445070761,0.0,1,50,36,0.0,0.96
5,0.06,7,48,35,7.623603445070761,7.623603445070761,0.0,1,50,36,0.0,0.96
5,0.07,7,13,48,7.623603445070761,7.623603445070761,0.0,3,50,36,0.0,0.96
5,0.08,7,37,13,7.623603445070761,7.623603445070761,0.0,2,50,36,0.0,0.96
5,0.09,8,29,48,7.623603445070761,7.623603445070761,0.0,1,50,36,0.0,0.96
5,0.1,8,0,29,7.623603445070761,7.623603445070761,0.0,2,50,36,0.0,0.96
5,0.11,8,0,35,7.623603445070761,7.623603445070761,0.0,2,50,36,0.0,0.96
5,0.12,8,0,0,7.623603445070761,7.623603445070761,0.0,3,50,36,0.0,0.96
5,0.13,8,10,0,7.623603445070761,7.623603445070761,0.0,4,50,36,0.0,0.96
5,0.14,8,35,30,7.623603445070761,7.623603445070761,0.0,1,50,36,0.0,0.96
5,0.15,9,1,35,7.623603445070761,7.623603445070761,0.0,4,50,36,0.0,0.96
5,0.16,9,41,43,7.629359291990598,7.629359291990598,0.0,2,43,32,0.0,0.9767441860465116
5,0.16,10,15,1,7.477764288584392,7.477764288584392,0.0,1,7,6,0.0,0.8571428571428571
5,0.17,9,15,41,7.629359291990598,7.629359291990598,0.0,3,43,32,0.0,0.9767441860465116
5,0.17,10,11,15,7.477764288584392,7.477764288584392,0.0,2,7,6,0.0,0.8571428571428571
5,0.18,9,43,27,7.629359291990598,7.629359291990598,0.0,1,43,32,0.0,0.9767441860465116
5,0.18,10,9,11,7.477764288584392,7.477764288584392,0.0,2,7,6,0.0,0.8571428571428571
5,0.19,9,4,43,7.629359291990598,7.629359291990598,0.0,1,43,32,0.0,0.9767441860465116
5,0.19,10,6,24,7.477764288584392,7.477764288584392,0.0,2,7,6,0.0,0.8571428571428571
5,0.2,10,10,4,7.629359291990598,7.629359291990598,0.0,2,43,32,0.0,0.9767441860465116
5,0.2,11,8,10,7.477764288584392,7.477764288584392,0.0,1,7,6,0.0,0.8571428571428571
5,0.21,10,32,10,7.629359291990598,7.629359291990598,0.0,2,43,32,0.0,0.9767441860465116
5,0.21,11,12,8,7.477764288584392,7.477764288584392,0.0,3,7,6,0.0,0.8571428571428571
5,0.22,10,16,43,7.629359291990598,7.629359291990598,0.0,3,43,32,0.0,0.9767441860465116
5,0.22,11,3,47,7.477764288584392,7.477764288584392,0.0,2,7,6,0.0,0.8571428571428571
5,0.23,10,20,16,7.629359291990598,7.629359291990598,0.0,2,43,32,0.0,0.9767441860465116
5,0.23,11,7,3,7.477764288584392,7.477764288584392,0.0,2,7,6,0.0,0.8571428571428571
5,0.24,11,0,26,7.629359291990598,7.629359291990598,0.0,2,43,32,0.0,0.9767441860465116
5,0.24,12,17,46,7.477764288584392,7.477764288584392,0.0,1,7,6,0.0,0.8571428571428571
5,0.25,13,5,0,7.629359291990598,7.629359291990598,0.0,1,43,32,0.0,0.9767441860465116
5,0.25,14,15,17,7.477764288584392,7.477764288584392,0.0,2,7,6,0.0,0.8571428571428571
5,0.26,15,20,5,7.629359291990598,7.629359291990598,0.0,1,43,32,0.0,0.9767441860465116
5,0.26,16,27,37,7.477764288584392,7.477764288584392,0.0,2,7,6,0.0,0.8571428571428571
5,0.27,17,35,20,7.629359291990598,7.629359291990598,0.0,1,43,32,0.0,0.9767441860465116
5,0.27,18,8,49,7.477764288584392,7.477764288584392,0.0,2,7,6,0.0,0.8571428571428571
5,0.28,17,15,35,7.629359291990598,7.629359291990598,0.0,3,43,32,0.0,0.9767441860465116
5,0.28,18,41,8,7.477764288584392,7.477764288584392,0.0,3,7,6,0.0,0.8571428571428571
5,0.29,17,37,48,7.629359291990598,7.629359291990598,0.0,2,43,32,0.0,0.9767441860465116
5,0.29,18,7,41,7.477764288584392,7.477764288584392,0.0,3,7,6,0.0,0.8571428571428571
5,0.3,17,17,37,7.629359291990598,7.629359291990598,0.0,4,43,32,0.0,0.9767441860465116
5,0.3,18,0,25,7.477764288584392,7.477764288584392,0.0,2,7,6,0.0,0.8571428571428571
5,0.31,18,6,17,7.629359291990598,7.629359291990598,0.0,2,43,32,0.0,0.9767441860465116
5,0.31,19,40,2,7.477764288584392,7.477764288584392,0.0,2,7,6,0.0,0.8571428571428571
5,0.32,18,12,25,7.629359291990598,7.629359291990598,0.0,2,43,32,0.0,0.9767441860465116
5,0.32,19,1,40,7.477764288584392,7.477764288584392,0.0,3,7,6,0.0,0.8571428571428571
5,0.33,18,6,41,7.629359291990598,7.629359291990598,0.0,4,43,32,0.0,0.9767441860465116
5,0.33,19,19,30,7.477764288584392,7.477764288584392,0.0,1,7,6,0.0,0.8571428571428571
5,0.34,19,5,18,7.629359291990598,7.629359291990598,0.0,1,43,32,0.0,0.9767441860465116
5,0.34,20,12,19,7.477764288584392,7.477764288584392,0.0,2,7,6,0.0,0.8571428571428571
5,0.35,19,15,5,7.629359291990598,7.629359291990598,0.0,4,43,32,0.0,0.9767441860465116
5,0.35,20,36,12,7.477764288584392,7.477764288584392,0.0,1,7,6,0.0,0.8571428571428571
5,0.36,19,30,31,7.629359291990598,7.629359291990598,0.0,1,43,32,0.0,0.9767441860465116
5,0.36,20,24,36,7.477764288584392,7.477764288584392,0.0,1,7,6,0.0,0.8571428571428571
5,0.37,19,14,30,7.629359291990598,7.629359291990598,0.0,1,43,32,0.0,0.9767441860465116
5,0.37,20,32,24,7.477764288584392,7.477764288584392,0.0,2,7,6,0.0,0.8571428571428571
5,0.38,19,0,14,7.629359291990598,7.629359291990598,0.0,2,43,32,0.0,0.9767441860465116
5,0.38,20,23,32,7.477764288584392,7.477764288584392,0.0,2,7,6,0.0,0.8571428571428571
5,0.39,20,11,0,7.638569182289971,7.638569182289971,0.0,3,41,30,0.0,0.975609756097561
5,0.39,21,10,35,7.4912109375,7.4912109375,0.0,2,2,2,0.0,1.0
5,0.39,22,25,23,7.477764288584392,7.477764288584392,0.0,1,7,6,0.0,0.8571428571428571
5,0.4,20,31,11,7.638569182289971,7.638569182289971,0.0,3,41,30,0.0,0.975609756097561
5,0.4,21,10,10,7.4912109375,7.4912109375,0.0,2,2,2,0.0,1.0
5,0.4,22,14,25,7.477764288584392,7.477764288584392,0.0,1,7,6,0.0,0.8571428571428571
5,0.41,20,6,31,7.638569182289971,7.638569182289971,0.0,4,41,30,0.0,0.975609756097561
5,0.41,21,34,35,7.4912109375,7.4912109375,0.0,2,2,2,0.0,1.0
5,0.41,22,15,14,7.477764288584392,7.477764288584392,0.0,4,7,6,0.0,0.8571428571428571
5,0.42,20,6,31,7.676888693462718,7.676888693462718,0.0,3,25,22,0.0,0.96
5,0.42,21,11,27,7.580462383501458,7.580462383501458,0.0,3,16,11,0.0,1.0
5,0.42,22,12,34,7.4912109375,7.4912109375,0.0,3,2,2,0.0,1.0
5,0.42,23,2,15,7.477764288584392,7.477764288584392,0.0,2,7,6,0.0,0.8571428571428571
5,0.43,20,39,36,7.709139108657837,7.709139108657837,0.0,2,6,6,0.0,1.0
5,0.43,21,32,30,7.664794787764549,7.664794787764549,0.0,1,19,16,0.0,0.9473684210526315
5,0.43,22,6,11,7.65044355392456,7.65044355392456,0.0,2,1,1,0.0,1.0
5,0.43,23,3,39,7.573464266459148,7.573464266459148,0.0,2,15,10,0.0,1.0
5,0.44,20,1,41,7.709139108657837,7.709139108657837,0.0,4,6,6,0.0,1.0
5,0.44,21,3,32,7.664794787764549,7.664794787764549,0.0,2,19,16,0.0,0.9473684210526315
5,0.44,22,0,6,7.65044355392456,7.65044355392456,0.0,4,1,1,0.0,1.0
5,0.44,23,11,3,7.573464266459148,7.573464266459148,0.0,3,15,10,0.0,1.0
5,0.45,20,33,1,7.7884321212768555,7.7884321212768555,0.0,2,5,5,0.0,1.0
5,0.45,21,6,31,7.678846972329276,7.678846972329276,0.0,5,8,7,0.0,0.875
5,0.45,22,34,40,7.65044355392456,7.65044355392456,0.0,2,1,1,0.0,1.0
5,0.45,23,19,11,7.573464266459148,7.573464266459148,0.0,3,15,10,0.0,1.0
5,0.46,20,13,33,7.7884321212768555,7.7884321212768555,0.0,3,5,5,0.0,1.0
5,0.46,21,17,6,7.781645107269287,7.781645107269287,0.0,1,5,5,0.0,1.0
5,0.46,22,39,27,7.654077121189663,7.654077121189663,0.0,1,7,7,0.0,1.0
5,0.46,23,27,34,7.65044355392456,7.65044355392456,0.0,1,1,1,0.0,1.0
5,0.47,20,19,13,7.7884321212768555,7.7884321212768555,0.0,4,5,5,0.0,1.0
5,0.47,21,20,17,7.781645107269287,7.781645107269287,0.0,2,5,5,0.0,1.0
5,0.47,22,9,39,7.654077121189663,7.654077121189663,0.0,2,7,7,0.0,1.0
5,0.47,23,44,27,7.65044355392456,7.65044355392456,0.0,1,1,1,0.0,1.0
5,0.48,20,12,19,7.797399202982585,7.797399202982585,0.0,5,3,3,0.0,1.0
5,0.48,21,15,20,7.781645107269287,7.781645107269287,0.0,1,5,5,0.0,1.0
5,0.48,22,7,33,7.774981498718262,7.774981498718262,0.0,2,2,2,0.0,1.0
5,0.48,23,11,3,7.713046073913574,7.713046073913574,0.0,2,4,3,0.0,1.0
5,0.49,20,4,30,7.912066459655762,7.912066459655762,0.0,2,2,2,0.0,1.0
5,0.49,21,19,15,7.781645107269287,7.781645107269287,0.0,2,5,5,0.0,1.0
5,0.49,22,36,10,7.774981498718262,7.774981498718262,0.0,1,2,2,0.0,1.0
5,0.49,23,24,48,7.768385410308838,7.768385410308838,0.0,1,1,1,0.0,1.0
5,0.5,20,47,4,8.064847946166992,8.064847946166992,0.0,1,1,1,0.0,1.0
5,0.5,21,21,19,7.7995604276657104,7.7995604276657104,0.0,3,4,4,0.0,1.0
5,0.5,22,3,36,7.774981498718262,7.774981498718262,0.0,2,2,2,0.0,1.0
5,0.5,23,34,24,7.768385410308838,7.768385410308838,0.0,1,1,1,0.0,1.0
6,0.0,8,34,34,7.270384956341164,7.270384956341164,0.0,1,50,34,0.0,0.98
6,0.01,8,3,34,7.270384956341164,7.270384956341164,0.0,2,50,34,0.0,0.98
6,0.02,8,17,5,7.270384956341164,7.270384956341164,0.0,2,50,34,0.0,0.98
6,0.03,8,22,17,7.270384956341164,7.270384956341164,0.0,2,50,34,0.0,0.98
6,0.04,8,3,35,7.270384956341164,7.270384956341164,0.0,1,50,34,0.0,0.98
6,0.05,8,11,3,7.270384956341164,7.270384956341164,0.0,3,50,34,0.0,0.98
6,0.06,8,2,25,7.270384956341164,7.270384956341164,0.0,2,50,34,0.0,0.98
6,0.07,8,10,35,7.270384956341164,7.270384956341164,0.0,2,50,34,0.0,0.98
6,0.08,8,10,10,7.270384956341164,7.270384956341164,0.0,3,50,34,0.0,0.98
6,0.09,9,47,10,7.270384956341164,7.270384956341164,0.0,1,50,34,0.0,0.98
6,0.1,9,26,47,7.270384956341164,7.270384956341164,0.0,1,50,34,0.0,0.98
6,0.11,9,0,26,7.270384956341164,7.270384956341164,0.0,1,50,34,0.0,0.98
6,0.12,9,10,0,7.270384956341164,7.270384956341164,0.0,2,50,34,0.0,0.98
6,0.13,9,24,39,7.270384956341164,7.270384956341164,0.0,3,50,34,0.0,0.98
6,0.14,9,21,38,7.270384956341164,7.270384956341164,0.0,3,50,34,0.0,0.98
6,0.15,10,1,21,7.270384956341164,7.270384956341164,0.0,3,50,34,0.0,0.98
6,0.16,11,13,48,7.270384956341164,7.270384956341164,0.0,2,50,34,0.0,0.98
6,0.17,11,21,28,7.270384956341164,7.270384956341164,0.0,3,50,34,0.0,0.98
6,0.18,11,11,33,7.794871520996094,7.794871520996094,0.0,2,6,2,0.0,1.0
6,0.18,12,33,32,7.23760454605023,7.23760454605023,0.0,1,44,32,0.0,0.9772727272727273
6,0.19,11,41,17,7.794871520996094,7.794871520996094,0.0,2,6,2,0.0,1.0
6,0.19,12,34,33,7.23760454605023,7.23760454605023,0.0,1,44,32,0.0,0.9772727272727273
6,0.2,12,10,46,7.794871520996094,7.794871520996094,0.0,1,6,2,0.0,1.0
6,0.2,13,11,34,7.23760454605023,7.23760454605023,0.0,3,44,32,0.0,0.9772727272727273
6,0.21,12,8,10,7.794871520996094,7.794871520996094,0.0,1,6,2,0.0,1.0
6,0.21,13,18,11,7.23760454605023,7.23760454605023,0.0,2,44,32,0.0,0.9772727272727273
6,0.22,12,44,8,7.794871520996094,7.794871520996094,0.0,1,6,2,0.0,1.0
6,0.22,13,27,46,7.257743618705056,7.257743618705056,0.0,3,11,11,0.0,1.0
6,0.22,14,10,18,7.232239766253365,7.232239766253365,0.0,1,33,24,0.0,0.9696969696969697
6,0.23,12,9,44,7.794871520996094,7.794871520996094,0.0,2,6,2,0.0,1.0
6,0.23,13,11,28,7.257743618705056,7.257743618705056,0.0,3,11,11,0.0,1.0
6,0.23,14,44,10,7.232239766253365,7.232239766253365,0.0,1,33,24,0.0,0.9696969696969697
6,0.24,13,11,47,7.794871520996094,7.794871520996094,0.0,2,6,2,0.0,1.0
6,0.24,14,6,11,7.257743618705056,7.257743618705056,0.0,2,11,11,0.0,1.0
6,0.24,15,5,44,7.232239766253365,7.232239766253365,0.0,2,33,24,0.0,0.9696969696969697
6,0.25,15,30,11,7.794871520996094,7.794871520996094,0.0,3,6,2,0.0,1.0
6,0.25,16,31,6,7.257743618705056,7.257743618705056,0.0,1,11,11,0.0,1.0
6,0.25,17,19,5,7.232239766253365,7.232239766253365,0.0,2,33,24,0.0,0.9696969696969697
6,0.26,17,27,32,7.794871520996094,7.794871520996094,0.0,1,6,2,0.0,1.0
6,0.26,18,3,31,7.257743618705056,7.257743618705056,0.0,1,11,11,0.0,1.0
6,0.26,19,6,19,7.232239766253365,7.232239766253365,0.0,3,33,24,0.0,0.9696969696969697
6,0.27,19,15,27,7.794871520996094,7.794871520996094,0.0,4,6,2,0.0,1.0
6,0.27,20,29,3,7.257743618705056,7.257743618705056,0.0,1,11,11,0.0,1.0
6,0.27,21,1,23,7.235547276510709,7.235547276510709,0.0,3,30,23,0.0,0.9666666666666667
6,0.27,22,11,35,7.187648932139079,7.187648932139079,0.0,2,3,3,0.0,1.0
6,0.28,19,45,40,7.794871520996094,7.794871520996094,0.0,1,6,2,0.0,1.0
6,0.28,20,17,29,7.257743618705056,7.257743618705056,0.0,3,11,11,0.0,1.0
6,0.28,21,6,1,7.235547276510709,7.235547276510709,0.0,4,30,23,0.0,0.9666666666666667
6,0.28,22,35,11,7.187648932139079,7.187648932139079,0.0,1,3,3,0.0,1.0
6,0.29,19,14,45,7.794871520996094,7.794871520996094,0.0,3,6,2,0.0,1.0
6,0.29,20,19,19,7.257743618705056,7.257743618705056,0.0,3,11,11,0.0,1.0
6,0.29,21,12,40,7.235547276510709,7.235547276510709,0.0,4,30,23,0.0,0.9666666666666667
6,0.29,22,41,35,7.187648932139079,7.187648932139079,0.0,1,3,3,0.0,1.0
6,0.3,19,15,48,7.794871520996094,7.794871520996094,0.0,2,6,2,0.0,1.0
6,0.3,20,17,35,7.257743618705056,7.257743618705056,0.0,2,11,11,0.0,1.0
6,0.3,21,33,39,7.235547276510709,7.235547276510709,0.0,1,30,23,0.0,0.9666666666666667
6,0.3,22,8,41,7.187648932139079,7.187648932139079,0.0,3,3,3,0.0,1.0
6,0.31,20,18,15,7.794871520996094,7.794871520996094,0.0,1,6,2,0.0,1.0
6,0.31,21,29,22,7.257743618705056,7.257743618705056,0.0,2,11,11,0.0,1.0
6,0.31,22,1,33,7.235547276510709,7.235547276510709,0.0,2,30,23,0.0,0.9666666666666667
6,0.31,23,13,38,7.187648932139079,7.187648932139079,0.0,2,3,3,0.0,1.0
6,0.32,20,8,18,7.794871520996094,7.794871520996094,0.0,1,6,2,0.0,1.0
6,0.32,21,12,44,7.257743618705056,7.257743618705056,0.0,2,11,11,0.0,1.0
6,0.32,22,44,1,7.235547276510709,7.235547276510709,0.0,1,30,23,0.0,0.9666666666666667
6,0.32,23,30,39,7.187648932139079,7.187648932139079,0.0,1,3,3,0.0,1.0
6,0.33,20,44,8,7.794871520996094,7.794871520996094,0.0,1,6,2,0.0,1.0
6,0.33,21,18,12,7.257743618705056,7.257743618705056,0.0,1,11,11,0.0,1.0
6,0.33,22,17,44,7.235547276510709,7.235547276510709,0.0,3,30,23,0.0,0.9666666666666667
6,0.33,23,6,30,7.187648932139079,7.187648932139079,0.0,3,3,3,0.0,1.0
6,0.34,21,7,44,7.794871520996094,7.794871520996094,0.0,2,6,2,0.0,1.0
6,0.34,22,9,18,7.257743618705056,7.257743618705056,0.0,3,11,11,0.0,1.0
6,0.34,23,32,49,7.235547276510709,7.235547276510709,0.0,2,30,23,0.0,0.9666666666666667
6,0.34,24,24,33,7.187648932139079,7.187648932139079,0.0,2,3,3,0.0,1.0
6,0.35,21,14,7,7.794871520996094,7.794871520996094,0.0,3,6,2,0.0,1.0
6,0.35,22,20,45,7.257743618705056,7.257743618705056,0.0,2,11,11,0.0,1.0
6,0.35,23,25,32,7.235547276510709,7.235547276510709,0.0,1,30,23,0.0,0.9666666666666667
6,0.35,24,4,24,7.187648932139079,7.187648932139079,0.0,2,3,3,0.0,1.0
6,0.36,21,9,16,7.794871520996094,7.794871520996094,0.0,2,6,2,0.0,1.0
6,0.36,22,20,20,7.257743618705056,7.257743618705056,0.0,2,11,11,0.0,1.0
6,0.36,23,44,25,7.235547276510709,7.235547276510709,0.0,1,30,23,0.0,0.9666666666666667
6,0.36,24,4,4,7.187648932139079,7.187648932139079,0.0,4,3,3,0.0,1.0
6,0.37,21,9,29,7.794871520996094,7.794871520996094,0.0,3,6,2,0.0,1.0
6,0.37,22,3,48,7.257743618705056,7.257743618705056,0.0,2,11,11,0.0,1.0
6,0.37,23,16,44,7.235547276510709,7.235547276510709,0.0,1,30,23,0.0,0.9666666666666667
6,0.37,24,31,38,7.187648932139079,7.187648932139079,0.0,2,3,3,0.0,1.0
6,0.38,21,23,9,7.794871520996094,7.794871520996094,0.0,1,6,2,0.0,1.0
6,0.38,22,32,4,7.257743618705056,7.257743618705056,0.0,1,11,11,0.0,1.0
6,0.38,23,16,16,7.235547276510709,7.235547276510709,0.0,3,30,23,0.0,0.9666666666666667
6,0.38,24,11,31,7.187648932139079,7.187648932139079,0.0,2,3,3,0.0,1.0
6,0.39,23,8,23,7.794871520996094,7.794871520996094,0.0,3,6,2,0.0,1.0
6,0.39,24,4,32,7.257743618705056,7.257743618705056,0.0,2,11,11,0.0,1.0
6,0.39,25,37,47,7.235547276510709,7.235547276510709,0.0,1,30,23,0.0,0.9666666666666667
6,0.39,26,36,11,7.187648932139079,7.187648932139079,0.0,1,3,3,0.0,1.0
6,0.4,23,15,12,7.794871520996094,7.794871520996094,0.0,3,6,2,0.0,1.0
6,0.4,24,39,44,7.257743618705056,7.257743618705056,0.0,1,11,11,0.0,1.0
6,0.4,25,2,37,7.235547276510709,7.235547276510709,0.0,3,30,23,0.0,0.9666666666666667
6,0.4,26,0,36,7.187648932139079,7.187648932139079,0.0,2,3,3,0.0,1.0
6,0.41,23,37,20,7.794871520996094,7.794871520996094,0.0,2,6,2,0.0,1.0
6,0.41,24,26,2,7.343172073364258,7.343172073364258,0.0,1,2,1,0.0,1.0
6,0.41,25,15,39,7.257743618705056,7.257743618705056,0.0,2,11,11,0.0,1.0
6,0.41,26,1,3,7.241637419771266,7.241637419771266,0.0,2,24,18,0.0,0.9583333333333334
6,0.42,24,22,45,7.794871520996094,7.794871520996094,0.0,1,6,2,0.0,1.0
6,0.42,25,11,26,7.343172073364258,7.343172073364258,0.0,3,2,1,0.0,1.0
6,0.42,26,2,15,7.257743618705056,7.257743618705056,0.0,1,11,11,0.0,1.0
6,0.42,27,9,49,7.241637419771266,7.241637419771266,0.0,2,24,18,0.0,0.9583333333333334
6,0.43,24,1,22,7.794871520996094,7.794871520996094,0.0,4,6,2,0.0,1.0
6,0.43,25,18,43,7.343172073364258,7.343172073364258,0.0,2,2,1,0.0,1.0
6,0.43,26,8,2,7.257743618705056,7.257743618705056,0.0,6,11,11,0.0,1.0
6,0.43,27,4,9,7.241637419771266,7.241637419771266,0.0,3,24,18,0.0,0.9583333333333334
6,0.44,24,16,1,7.794871520996094,7.794871520996094,0.0,3,6,2,0.0,1.0
6,0.44,25,5,18,7.343172073364258,7.343172073364258,0.0,2,2,1,0.0,1.0
6,0.44,26,15,42,7.257743618705056,7.257743618705056,0.0,2,11,11,0.0,1.0
6,0.44,27,3,37,7.248470664024353,7.248470664024353,0.0,3,10,8,0.0,1.0
6,0.45,24,23,16,7.794871520996094,7.794871520996094,0.0,3,6,2,0.0,1.0
6,0.45,25,9,13,7.343952178955078,7.343952178955078,0.0,2,1,1,0.0,1.0
6,0.45,26,20,5,7.343172073364258,7.343172073364258,0.0,2,2,1,0.0,1.0
6,0.45,27,7,15,7.257743618705056,7.257743618705056,0.0,3,11,11,0.0,1.0
6,0.46,24,5,41,7.796116828918457,7.796116828918457,0.0,2,1,1,0.0,1.0
6,0.46,25,37,29,7.794871520996094,7.794871520996094,0.0,1,6,2,0.0,1.0
6,0.46,26,17,7,7.460143089294434,7.460143089294434,0.0,2,1,1,0.0,1.0
6,0.46,27,19,9,7.343952178955078,7.343952178955078,0.0,3,1,1,0.0,1.0
6,0.47,24,2,5,7.796116828918457,7.796116828918457,0.0,3,1,1,0.0,1.0
6,0.47,25,36,37,7.794871520996094,7.794871520996094,0.0,1,6,2,0.0,1.0
6,0.47,26,40,17,7.460143089294434,7.460143089294434,0.0,1,1,1,0.0,1.0
6,0.47,27,8,4,7.358264923095703,7.358264923095703,0.0,3,1,1,0.0,1.0
6,0.48,24,29,2,7.796116828918457,7.796116828918457,0.0,2,1,1,0.0,1.0
6,0.48,25,7,36,7.794871520996094,7.794871520996094,0.0,2,6,2,0.0,1.0
6,0.48,26,28,40,7.460143089294434,7.460143089294434,0.0,2,1,1,0.0,1.0
6,0.48,27,43,8,7.358264923095703,7.358264923095703,0.0,2,1,1,0.0,1.0
6,0.49,24,6,27,7.895783805847168,7.895783805847168,0.0,1,5,1,0.0,1.0
6,0.49,25,18,36,7.796116828918457,7.796116828918457,0.0,2,1,1,0.0,1.0
6,0.49,26,20,7,7.6939592361450195,7.6939592361450195,0.0,1,1,1,0.0,1.0
6,0.49,27,2,20,7.49155330657959,7.49155330657959,0.0,2,1,1,0.0,1.0
6,0.5,24,5,6,7.895783805847168,7.895783805847168,0.0,2,5,1,0.0,1.0
6,0.5,25,32,18,7.796116828918457,7.796116828918457,0.0,1,1,1,0.0,1.0
6,0.5,26,8,20,7.6939592361450195,7.6939592361450195,0.0,1,1,1,0.0,1.0
6,0.5,27,49,8,7.49155330657959,7.49155330657959,0.0,1,1,1,0.0,1.0
7,0.0,9,49,49,8.092226035429007,8.112226035429007,0.0,1,50,14,0.08,1.0
7,0.01,9,3,49,8.092226035429007,8.112226035429007,0.0,3,50,14,0.08,1.0
7,0.02,9,16,3,8.092226035429007,8.112226035429007,0.0,2,50,14,0.08,1.0
7,0.03,9,15,16,8.092226035429007,8.112226035429007,0.0,3,50,14,0.08,1.0
7,0.04,9,2,34,8.092226035429007,8.112226035429007,0.0,5,50,14,0.08,1.0
7,0.05,9,10,30,8.092226035429007,8.112226035429007,0.0,1,50,14,0.08,1.0
7,0.06,9,8,10,8.092226035429007,8.112226035429007,0.0,4,50,14,0.08,1.0
7,0.07,9,19,48,8.092226035429007,8.112226035429007,0.0,1,50,14,0.08,1.0
7,0.08,9,39,19,8.092226035429007,8.112226035429007,0.0,1,50,14,0.08,1.0
7,0.09,10,36,39,8.092226035429007,8.112226035429007,0.0,1,50,14,0.08,1.0
7,0.1,10,5,36,8.092226035429007,8.112226035429007,0.0,4,50,14,0.08,1.0
7,0.11,10,2,10,8.092226035429007,8.112226035429007,0.0,3,50,14,0.08,1.0
7,0.12,10,0,2,8.092226035429007,8.112226035429007,0.0,2,50,14,0.08,1.0
7,0.13,10,32,45,8.092226035429007,8.112226035429007,0.0,1,50,14,0.08,1.0
7,0.14,10,0,32,8.092226035429007,8.112226035429007,0.0,4,50,14,0.08,1.0
7,0.15,11,31,12,8.092226035429007,8.112226035429007,0.0,1,50,14,0.08,1.0
7,0.16,12,24,31,8.092226035429007,8.112226035429007,0.0,2,50,14,0.08,1.0
7,0.17,12,2,47,8.092226035429007,8.112226035429007,0.0,3,50,14,0.08,1.0
7,0.18,13,30,2,8.092226035429007,8.112226035429007,0.0,1,50,14,0.08,1.0
7,0.19,13,4,30,8.092226035429007,8.112226035429007,0.0,2,50,14,0.08,1.0
7,0.2,14,11,4,8.092226035429007,8.112226035429007,0.0,2,50,14,0.08,1.0
7,0.21,14,48,26,8.092226035429007,8.112226035429007,0.0,1,50,14,0.08,1.0
7,0.22,15,11,48,8.092226035429007,8.112226035429007,0.0,2,50,14,0.08,1.0
7,0.23,15,21,11,8.092226035429007,8.112226035429007,0.0,1,50,14,0.08,1.0
7,0.24,16,25,21,8.092226035429007,8.112226035429007,0.0,1,50,14,0.08,1.0
7,0.25,18,14,25,8.092226035429007,8.112226035429007,0.0,1,50,14,0.08,1.0
7,0.26,20,20,14,8.092226035429007,8.112226035429007,0.0,2,50,14,0.08,1.0
7,0.27,23,4,28,8.092226035429007,8.112226035429007,0.0,2,50,14,0.08,1.0
7,0.28,23,12,4,8.116868034716424,8.143183824190109,0.0,2,38,13,0.10526315789473684,1.0
7,0.28,24,25,40,8.04930927356084,8.04930927356084,0.0,4,12,8,0.0,1.0
7,0.29,23,5,22,8.116868034716424,8.143183824190109,0.0,3,38,13,0.10526315789473684,1.0
7,0.29,24,17,25,8.0905408178057,8.0905408178057,0.0,3,10,7,0.0,1.0
7,0.29,25,24,47,7.937211990356445,7.937211990356445,0.0,2,2,2,0.0,1.0
7,0.3,23,6,29,8.116868034716424,8.143183824190109,0.0,2,38,13,0.10526315789473684,1.0
7,0.3,24,45,43,8.0905408178057,8.0905408178057,0.0,1,10,7,0.0,1.0
7,0.3,25,49,27,7.937211990356445,7.937211990356445,0.0,1,2,2,0.0,1.0
7,0.31,24,16,10,8.116868034716424,8.143183824190109,0.0,2,38,13,0.10526315789473684,1.0
7,0.31,25,26,45,8.0905408178057,8.0905408178057,0.0,1,10,7,0.0,1.0
7,0.31,26,13,49,7.937211990356445,7.937211990356445,0.0,2,2,2,0.0,1.0
7,0.32,24,49,39,8.116868034716424,8.143183824190109,0.0,1,38,13,0.10526315789473684,1.0
7,0.32,25,4,26,8.0905408178057,8.0905408178057,0.0,2,10,7,0.0,1.0
7,0.32,26,23,36,7.937211990356445,7.937211990356445,0.0,2,2,2,0.0,1.0
7,0.33,24,28,49,8.116868034716424,8.143183824190109,0.0,2,38,13,0.10526315789473684,1.0
7,0.33,25,9,4,8.0905408178057,8.0905408178057,0.0,2,10,7,0.0,1.0
7,0.33,26,1,30,7.937211990356445,7.937211990356445,0.0,2,2,2,0.0,1.0
7,0.34,25,1,41,8.128513020939296,8.157084449510725,0.0,2,35,12,0.11428571428571428,1.0
7,0.34,26,25,28,8.10194174448649,8.10194174448649,0.0,3,3,3,0.0,1.0
7,0.34,27,18,12,8.0905408178057,8.0905408178057,0.0,1,10,7,0.0,1.0
7,0.34,28,4,47,7.937211990356445,7.937211990356445,0.0,2,2,2,0.0,1.0
7,0.35,25,44,1,8.128513020939296,8.157084449510725,0.0,1,35,12,0.11428571428571428,1.0
7,0.35,26,8,33,8.10194174448649,8.10194174448649,0.0,2,3,3,0.0,1.0
7,0.35,27,43,18,8.0905408178057,8.0905408178057,0.0,1,10,7,0.0,1.0
7,0.35,28,1,4,7.937211990356445,7.937211990356445,0.0,4,2,2,0.0,1.0
7,0.36,25,0,44,8.128513020939296,8.157084449510725,0.0,4,35,12,0.11428571428571428,1.0
7,0.36,26,22,8,8.10194174448649,8.10194174448649,0.0,2,3,3,0.0,1.0
7,0.36,27,46,43,8.0905408178057,8.0905408178057,0.0,2,10,7,0.0,1.0
7,0.36,28,11,14,7.937211990356445,7.937211990356445,0.0,3,2,2,0.0,1.0
7,0.37,25,27,43,8.22008991241455,8.34508991241455,0.0,2,2,2,0.5,1.0
7,0.37,26,18,22,8.10194174448649,8.10194174448649,0.0,4,3,3,0.0,1.0
7,0.37,27,13,48,8.0905408178057,8.0905408178057,0.0,2,10,7,0.0,1.0
7,0.37,28,15,11,7.937211990356445,7.937211990356445,0.0,2,2,2,0.0,1.0
7,0.38,25,38,47,8.22008991241455,8.34508991241455,0.0,2,2,2,0.5,1.0
7,0.38,26,39,9,8.123499499667775,8.146226772395048,0.0,2,33,12,0.09090909090909091,1.0
7,0.38,27,15,32,8.10194174448649,8.10194174448649,0.0,2,3,3,0.0,1.0
7,0.38,28,10,13,8.0905408178057,8.0905408178057,0.0,2,10,7,0.0,1.0
7,0.39,27,15,41,8.22008991241455,8.34508991241455,0.0,1,2,2,0.5,1.0
7,0.39,28,31,40,8.123499499667775,8.146226772395048,0.0,2,33,12,0.09090909090909091,1.0
7,0.39,29,24,15,8.10194174448649,8.10194174448649,0.0,1,3,3,0.0,1.0
7,0.39,30,7,21,8.0905408178057,8.0905408178057,0.0,3,10,7,0.0,1.0
7,0.4,27,30,15,8.22008991241455,8.34508991241455,0.0,1,2,2,0.5,1.0
7,0.4,28,22,31,8.18951416015625,8.18951416015625,0.0,1,1,1,0.0,1.0
7,0.4,29,29,24,8.10194174448649,8.10194174448649,0.0,1,3,3,0.0,1.0
7,0.4,30,17,46,8.0905408178057,8.0905408178057,0.0,2,10,7,0.0,1.0
7,0.41,27,18,30,8.22008991241455,8.34508991241455,0.0,3,2,2,0.5,1.0
7,0.41,28,43,22,8.18951416015625,8.18951416015625,0.0,1,1,1,0.0,1.0
7,0.41,29,26,5,8.123500675866099,8.146938175866099,0.0,2,32,12,0.09375,1.0
7,0.41,30,12,29,8.10194174448649,8.10194174448649,0.0,2,3,3,0.0,1.0
7,0.42,28,41,32,8.244571685791016,8.244571685791016,0.0,2,1,1,0.0,1.0
7,0.42,29,29,33,8.22008991241455,8.34508991241455,0.0,2,2,2,0.5,1.0
7,0.42,30,1,43,8.18951416015625,8.18951416015625,0.0,2,1,1,0.0,1.0
7,0.42,31,14,26,8.123500675866099,8.146938175866099,0.0,2,32,12,0.09375,1.0
7,0.43,28,37,43,8.244571685791016,8.244571685791016,0.0,2,1,1,0.0,1.0
7,0.43,29,21,29,8.22008991241455,8.34508991241455,0.0,2,2,2,0.5,1.0
7,0.43,30,1,46,8.18951416015625,8.18951416015625,0.0,3,1,1,0.0,1.0
7,0.43,31,39,14,8.123500675866099,8.146938175866099,0.0,1,32,12,0.09375,1.0
7,0.44,28,5,41,8.244571685791016,8.244571685791016,0.0,2,1,1,0.0,1.0
7,0.44,29,6,36,8.22008991241455,8.34508991241455,0.0,1,2,2,0.5,1.0
7,0.44,30,28,1,8.18951416015625,8.18951416015625,0.0,1,1,1,0.0,1.0
7,0.44,31,11,39,8.123500675866099,8.146938175866099,0.0,6,32,12,0.09375,1.0
7,0.45,28,14,30,8.244571685791016,8.244571685791016,0.0,2,1,1,0.0,1.0
7,0.45,29,12,6,8.22008991241455,8.34508991241455,0.0,2,2,2,0.5,1.0
7,0.45,30,1,28,8.18951416015625,8.18951416015625,0.0,2,1,1,0.0,1.0
7,0.45,31,5,11,8.151780596801213,8.175590120610737,0.0,2,21,8,0.09523809523809523,1.0
7,0.46,28,30,14,8.244571685791016,8.244571685791016,0.0,1,1,1,0.0,1.0
7,0.46,29,0,47,8.22008991241455,8.34508991241455,0.0,2,2,2,0.5,1.0
7,0.46,30,2,6,8.18951416015625,8.18951416015625,0.0,1,1,1,0.0,1.0
7,0.46,31,29,11,8.174077033996582,8.174077033996582,0.0,2,4,4,0.0,1.0
7,0.47,28,1,30,8.244571685791016,8.244571685791016,0.0,2,1,1,0.0,1.0
7,0.47,29,19,6,8.22008991241455,8.34508991241455,0.0,2,2,2,0.5,1.0
7,0.47,30,6,38,8.211305260658264,8.261305260658265,0.0,2,5,4,0.2,1.0
7,0.47,31,7,2,8.18951416015625,8.18951416015625,0.0,2,1,1,0.0,1.0
7,0.48,28,28,28,8.354063034057617,8.604063034057617,0.0,1,1,1,1.0,1.0
7,0.48,29,43,9,8.244571685791016,8.244571685791016,0.0,1,1,1,0.0,1.0
7,0.48,30,11,2,8.21715259552002,8.21715259552002,0.0,1,3,3,0.0,1.0
7,0.48,31,9,17,8.211305260658264,8.261305260658265,0.0,1,5,4,0.2,1.0
7,0.49,28,42,28,8.354063034057617,8.604063034057617,0.0,1,1,1,1.0,1.0
7,0.49,29,25,43,8.244571685791016,8.244571685791016,0.0,2,1,1,0.0,1.0
7,0.49,30,14,11,8.21715259552002,8.21715259552002,0.0,1,3,3,0.0,1.0
7,0.49,31,10,9,8.211305260658264,8.261305260658265,0.0,3,5,4,0.2,1.0
7,0.5,28,24,42,8.354063034057617,8.604063034057617,0.0,1,1,1,1.0,1.0
7,0.5,29,18,25,8.244571685791016,8.244571685791016,0.0,2,1,1,0.0,1.0
7,0.5,30,28,10,8.23403549194336,8.23403549194336,0.0,2,1,1,0.0,1.0
7,0.5,31,20,14,8.21715259552002,8.21715259552002,0.0,3,3,3,0.0,1.0
8,0.0,10,1,1,7.806424838218136,7.806424838218136,0.0,1,38,23,0.0,0.9473684210526315
8,0.0,11,5,5,7.692847109976269,7.692847109976269,0.0,1,12,3,0.0,1.0
8,0.01,10,7,1,7.806424838218136,7.806424838218136,0.0,3,38,23,0.0,0.9473684210526315
8,0.01,11,20,5,7.692847109976269,7.692847109976269,0.0,3,12,3,0.0,1.0
8,0.02,10,2,7,7.806424838218136,7.806424838218136,0.0,1,38,23,0.0,0.9473684210526315
8,0.02,11,44,35,7.692847109976269,7.692847109976269,0.0,1,12,3,0.0,1.0
8,0.03,10,16,2,7.806424838218136,7.806424838218136,0.0,2,38,23,0.0,0.9473684210526315
8,0.03,11,13,44,7.692847109976269,7.692847109976269,0.0,1,12,3,0.0,1.0
8,0.04,10,20,16,7.806424838218136,7.806424838218136,0.0,1,38,23,0.0,0.9473684210526315
8,0.04,11,22,13,7.692847109976269,7.692847109976269,0.0,1,12,3,0.0,1.0
8,0.05,10,3,20,7.806424838218136,7.806424838218136,0.0,2,38,23,0.0,0.9473684210526315
8,0.05,11,2,22,7.692847109976269,7.692847109976269,0.0,1,12,3,0.0,1.0
8,0.06,10,7,19,7.806424838218136,7.806424838218136,0.0,3,38,23,0.0,0.9473684210526315
8,0.06,11,14,2,7.692847109976269,7.692847109976269,0.0,2,12,3,0.0,1.0
8,0.07,10,39,19,7.858335119706613,7.858335119706613,0.0,1,27,18,0.0,1.0
8,0.07,11,47,21,7.692847109976269,7.692847109976269,0.0,1,12,3,0.0,1.0
8,0.07,12,13,15,7.619547824859619,7.619547824859619,0.0,2,11,5,0.0,0.8181818181818182
8,0.08,10,7,39,7.858335119706613,7.858335119706613,0.0,2,27,18,0.0,1.0
8,0.08,11,6,47,7.692847109976269,7.692847109976269,0.0,2,12,3,0.0,1.0
8,0.08,12,22,13,7.619547824859619,7.619547824859619,0.0,1,11,5,0.0,0.8181818181818182
8,0.09,11,1,7,7.858335119706613,7.858335119706613,0.0,2,27,18,0.0,1.0
8,0.09,12,11,6,7.692847109976269,7.692847109976269,0.0,2,12,3,0.0,1.0
8,0.09,13,13,22,7.619547824859619,7.619547824859619,0.0,1,11,5,0.0,0.8181818181818182
8,0.1,11,4,1,7.858335119706613,7.858335119706613,0.0,2,27,18,0.0,1.0
8,0.1,12,29,16,7.692847109976269,7.692847109976269,0.0,1,12,3,0.0,1.0
8,0.1,13,43,13,7.619547824859619,7.619547824859619,0.0,1,11,5,0.0,0.8181818181818182
8,0.11,11,12,7,7.858335119706613,7.858335119706613,0.0,1,27,18,0.0,1.0
8,0.11,12,3,29,7.692847109976269,7.692847109976269,0.0,4,12,3,0.0,1.0
8,0.11,13,2,43,7.619547824859619,7.619547824859619,0.0,2,11,5,0.0,0.8181818181818182
8,0.12,11,4,12,7.858335119706613,7.858335119706613,0.0,2,27,18,0.0,1.0
8,0.12,12,7,38,7.692847109976269,7.692847109976269,0.0,5,12,3,0.0,1.0
8,0.12,13,11,2,7.619547824859619,7.619547824859619,0.0,2,11,5,0.0,0.8181818181818182
8,0.13,11,5,24,7.858335119706613,7.858335119706613,0.0,4,27,18,0.0,1.0
8,0.13,12,27,43,7.692847109976269,7.692847109976269,0.0,2,12,3,0.0,1.0
8,0.13,13,1,11,7.619547824859619,7.619547824859619,0.0,3,11,5,0.0,0.8181818181818182
8,0.14,11,1,7,7.858335119706613,7.858335119706613,0.0,1,27,18,0.0,1.0
8,0.14,12,24,27,7.692847109976269,7.692847109976269,0.0,3,12,3,0.0,1.0
8,0.14,13,18,8,7.619547824859619,7.619547824859619,0.0,2,11,5,0.0,0.8181818181818182
8,0.15,12,29,1,7.858335119706613,7.858335119706613,0.0,1,27,18,0.0,1.0
8,0.15,13,2,31,7.81341164452689,7.81341164452689,0.0,2,7,1,0.0,1.0
8,0.15,14,26,44,7.632564842700958,7.632564842700958,0.0,2,5,2,0.0,1.0
8,0.15,15,4,47,7.619547824859619,7.619547824859619,0.0,2,11,5,0.0,0.8181818181818182
8,0.16,13,29,29,7.858335119706613,7.858335119706613,0.0,1,27,18,0.0,1.0
8,0.16,14,12,2,7.81341164452689,7.81341164452689,0.0,4,7,1,0.0,1.0
8,0.16,15,19,26,7.632564842700958,7.632564842700958,0.0,2,5,2,0.0,1.0
8,0.16,16,8,4,7.619547824859619,7.619547824859619,0.0,5,11,5,0.0,0.8181818181818182
8,0.17,13,26,29,7.858335119706613,7.858335119706613,0.0,3,27,18,0.0,1.0
8,0.17,14,36,39,7.81341164452689,7.81341164452689,0.0,2,7,1,0.0,1.0
8,0.17,15,24,19,7.632564842700958,7.632564842700958,0.0,1,5,2,0.0,1.0
8,0.17,16,29,43,7.619547824859619,7.619547824859619,0.0,2,11,5,0.0,0.8181818181818182
8,0.18,14,23,26,7.858335119706613,7.858335119706613,0.0,2,27,18,0.0,1.0
8,0.18,15,36,38,7.81341164452689,7.81341164452689,0.0,1,7,1,0.0,1.0
8,0.18,16,6,24,7.632564842700958,7.632564842700958,0.0,2,5,2,0.0,1.0
8,0.18,17,10,37,7.619547824859619,7.619547824859619,0.0,2,11,5,0.0,0.8181818181818182
8,0.19,14,3,46,7.858335119706613,7.858335119706613,0.0,3,27,18,0.0,1.0
8,0.19,15,10,36,7.81341164452689,7.81341164452689,0.0,2,7,1,0.0,1.0
8,0.19,16,34,6,7.632564842700958,7.632564842700958,0.0,2,5,2,0.0,1.0
8,0.19,17,19,10,7.619547824859619,7.619547824859619,0.0,2,11,5,0.0,0.8181818181818182
8,0.2,15,28,17,7.858335119706613,7.858335119706613,0.0,2,27,18,0.0,1.0
8,0.2,16,17,10,7.81341164452689,7.81341164452689,0.0,4,7,1,0.0,1.0
8,0.2,17,41,34,7.632564842700958,7.632564842700958,0.0,1,5,2,0.0,1.0
8,0.2,18,3,35,7.619547824859619,7.619547824859619,0.0,5,11,5,0.0,0.8181818181818182
8,0.21,15,46,28,7.858335119706613,7.858335119706613,0.0,1,27,18,0.0,1.0
8,0.21,16,37,17,7.81341164452689,7.81341164452689,0.0,1,7,1,0.0,1.0
8,0.21,17,15,41,7.632564842700958,7.632564842700958,0.0,2,5,2,0.0,1.0
8,0.21,18,9,39,7.619547824859619,7.619547824859619,0.0,2,11,5,0.0,0.8181818181818182
8,0.22,16,35,46,7.858335119706613,7.858335119706613,0.0,1,27,18,0.0,1.0
8,0.22,17,1,37,7.81341164452689,7.81341164452689,0.0,5,7,1,0.0,1.0
8,0.22,18,33,45,7.632564842700958,7.632564842700958,0.0,2,5,2,0.0,1.0
8,0.22,19,2,20,7.619547824859619,7.619547824859619,0.0,3,11,5,0.0,0.8181818181818182
8,0.23,16,0,35,7.858335119706613,7.858335119706613,0.0,1,27,18,0.0,1.0
8,0.23,17,28,49,7.81341164452689,7.81341164452689,0.0,2,7,1,0.0,1.0
8,0.23,18,15,33,7.632564842700958,7.632564842700958,0.0,1,5,2,0.0,1.0
8,0.23,19,11,2,7.619547824859619,7.619547824859619,0.0,1,11,5,0.0,0.8181818181818182
8,0.24,17,4,0,7.858335119706613,7.858335119706613,0.0,2,27,18,0.0,1.0
8,0.24,18,41,47,7.81341164452689,7.81341164452689,0.0,2,7,1,0.0,1.0
8,0.24,19,23,15,7.632564842700958,7.632564842700958,0.0,3,5,2,0.0,1.0
8,0.24,20,34,11,7.619547824859619,7.619547824859619,0.0,1,11,5,0.0,0.8181818181818182
8,0.25,19,4,39,7.858335119706613,7.858335119706613,0.0,2,27,18,0.0,1.0
8,0.25,20,16,46,7.81341164452689,7.81341164452689,0.0,3,7,1,0.0,1.0
8,0.25,21,7,27,7.632564842700958,7.632564842700958,0.0,1,5,2,0.0,1.0
8,0.25,22,9,34,7.619547824859619,7.619547824859619,0.0,1,11,5,0.0,0.8181818181818182
8,0.26,21,15,4,7.858335119706613,7.858335119706613,0.0,1,27,18,0.0,1.0
8,0.26,22,11,32,7.81341164452689,7.81341164452689,0.0,2,7,1,0.0,1.0
8,0.26,23,7,7,7.632564842700958,7.632564842700958,0.0,1,5,2,0.0,1.0
8,0.26,24,8,9,7.619547824859619,7.619547824859619,0.0,3,11,5,0.0,0.8181818181818182
8,0.27,24,30,15,7.858335119706613,7.858335119706613,0.0,3,27,18,0.0,1.0
8,0.27,25,2,27,7.81341164452689,7.81341164452689,0.0,3,7,1,0.0,1.0
8,0.27,26,21,7,7.632564842700958,7.632564842700958,0.0,2,5,2,0.0,1.0
8,0.27,27,18,45,7.619547824859619,7.619547824859619,0.0,1,11,5,0.0,0.8181818181818182
8,0.28,25,2,32,7.858335119706613,7.858335119706613,0.0,1,27,18,0.0,1.0
8,0.28,26,8,5,7.81341164452689,7.81341164452689,0.0,2,7,1,0.0,1.0
8,0.28,27,3,22,7.632564842700958,7.632564842700958,0.0,1,5,2,0.0,1.0
8,0.28,28,20,18,7.619547824859619,7.619547824859619,0.0,1,11,5,0.0,0.8181818181818182
8,0.29,26,10,2,7.858335119706613,7.858335119706613,0.0,1,27,18,0.0,1.0
8,0.29,27,36,8,7.81341164452689,7.81341164452689,0.0,1,7,1,0.0,1.0
8,0.29,28,17,3,7.632564842700958,7.632564842700958,0.0,2,5,2,0.0,1.0
8,0.29,29,0,20,7.619547824859619,7.619547824859619,0.0,2,11,5,0.0,0.8181818181818182
8,0.3,26,4,10,7.858335119706613,7.858335119706613,0.0,2,27,18,0.0,1.0
8,0.3,27,6,36,7.81341164452689,7.81341164452689,0.0,2,7,1,0.0,1.0
8,0.3,28,1,17,7.632564842700958,7.632564842700958,0.0,3,5,2,0.0,1.0
8,0.3,29,17,6,7.619547824859619,7.619547824859619,0.0,2,11,5,0.0,0.8181818181818182
8,0.31,27,11,19,7.858335119706613,7.858335119706613,0.0,3,27,18,0.0,1.0
8,0.31,28,43,20,7.81341164452689,7.81341164452689,0.0,1,7,1,0.0,1.0
8,0.31,29,0,41,7.632564842700958,7.632564842700958,0.0,1,5,2,0.0,1.0
8,0.31,30,8,37,7.619547824859619,7.619547824859619,0.0,1,11,5,0.0,0.8181818181818182
8,0.32,27,32,20,7.858335119706613,7.858335119706613,0.0,1,27,18,0.0,1.0
8,0.32,28,23,43,7.81341164452689,7.81341164452689,0.0,1,7,1,0.0,1.0
8,0.32,29,18,0,7.632564842700958,7.632564842700958,0.0,1,5,2,0.0,1.0
8,0.32,30,31,8,7.619547824859619,7.619547824859619,0.0,3,11,5,0.0,0.8181818181818182
8,0.33,27,10,32,7.858335119706613,7.858335119706613,0.0,1,27,18,0.0,1.0
8,0.33,28,0,23,7.81341164452689,7.81341164452689,0.0,1,7,1,0.0,1.0
8,0.33,29,33,18,7.632564842700958,7.632564842700958,0.0,1,5,2,0.0,1.0
8,0.33,30,2,43,7.619547824859619,7.619547824859619,0.0,2,11,5,0.0,0.8181818181818182
8,0.34,29,15,10,7.858335119706613,7.858335119706613,0.0,2,27,18,0.0,1.0
8,0.34,30,41,0,7.81341164452689,7.81341164452689,0.0,1,7,1,0.0,1.0
8,0.34,31,47,33,7.632564842700958,7.632564842700958,0.0,1,5,2,0.0,1.0
8,0.34,32,12,23,7.619547824859619,7.619547824859619,0.0,1,11,5,0.0,0.8181818181818182
8,0.35,29,14,35,7.858335119706613,7.858335119706613,0.0,2,27,18,0.0,1.0
8,0.35,30,12,41,7.81341164452689,7.81341164452689,0.0,1,7,1,0.0,1.0
8,0.35,31,15,47,7.632564842700958,7.632564842700958,0.0,2,5,2,0.0,1.0
8,0.35,32,10,12,7.619547824859619,7.619547824859619,0.0,2,11,5,0.0,0.8181818181818182
8,0.36,29,15,27,7.858335119706613,7.858335119706613,0.0,2,27,18,0.0,1.0
8,0.36,30,39,12,7.81341164452689,7.81341164452689,0.0,1,7,1,0.0,1.0
8,0.36,31,1,42,7.632564842700958,7.632564842700958,0.0,2,5,2,0.0,1.0
8,0.36,32,16,10,7.619547824859619,7.619547824859619,0.0,4,11,5,0.0,0.8181818181818182
8,0.37,29,9,49,7.858335119706613,7.858335119706613,0.0,1,27,18,0.0,1.0
8,0.37,30,8,39,7.81341164452689,7.81341164452689,0.0,2,7,1,0.0,1.0
8,0.37,31,2,1,7.632564842700958,7.632564842700958,0.0,3,5,2,0.0,1.0
8,0.37,32,15,17,7.619547824859619,7.619547824859619,0.0,1,11,5,0.0,0.8181818181818182
8,0.38,29,10,9,7.858335119706613,7.858335119706613,0.0,3,27,18,0.0,1.0
8,0.38,30,42,8,7.81341164452689,7.81341164452689,0.0,1,7,1,0.0,1.0
8,0.38,31,34,2,7.632564842700958,7.632564842700958,0.0,1,5,2,0.0,1.0
8,0.38,32,31,15,7.619547824859619,7.619547824859619,0.0,2,11,5,0.0,0.8181818181818182
8,0.39,31,25,35,8.169563293457031,8.169563293457031,0.0,2,1,1,0.0,1.0
8,0.39,32,47,10,7.906783739725749,7.906783739725749,0.0,1,3,3,0.0,1.0
8,0.39,33,0,49,7.8429969648520155,7.8429969648520155,0.0,2,23,16,0.0,1.0
8,0.39,34,17,42,7.81341164452689,7.81341164452689,0.0,1,7,1,0.0,1.0
8,0.4,31,1,25,8.169563293457031,8.169563293457031,0.0,2,1,1,0.0,1.0
8,0.4,32,11,47,7.906783739725749,7.906783739725749,0.0,2,3,3,0.0,1.0
8,0.4,33,32,11,7.8429969648520155,7.8429969648520155,0.0,1,23,16,0.0,1.0
8,0.4,34,27,17,7.81341164452689,7.81341164452689,0.0,1,7,1,0.0,1.0
8,0.41,31,16,1,8.169563293457031,8.169563293457031,0.0,1,1,1,0.0,1.0
8,0.41,32,25,49,7.906783739725749,7.906783739725749,0.0,2,3,3,0.0,1.0
8,0.41,33,14,32,7.8429969648520155,7.8429969648520155,0.0,3,23,16,0.0,1.0
8,0.41,34,6,27,7.81341164452689,7.81341164452689,0.0,3,7,1,0.0,1.0
8,0.42,32,0,16,8.169563293457031,8.169563293457031,0.0,3,1,1,0.0,1.0
8,0.42,33,12,25,7.906783739725749,7.906783739725749,0.0,2,3,3,0.0,1.0
8,0.42,34,1,14,7.8429969648520155,7.8429969648520155,0.0,3,23,16,0.0,1.0
8,0.42,35,33,17,7.838493466377258,7.838493466377258,0.0,1,4,1,0.0,1.0
8,0.43,32,22,7,8.169563293457031,8.169563293457031,0.0,1,1,1,0.0,1.0
8,0.43,33,2,11,7.994335787636893,7.994335787636893,0.0,2,7,7,0.0,1.0
8,0.43,34,10,12,7.906783739725749,7.906783739725749,0.0,1,3,3,0.0,1.0
8,0.43,35,21,33,7.838493466377258,7.838493466377258,0.0,3,4,1,0.0,1.0
8,0.44,32,4,22,8.169563293457031,8.169563293457031,0.0,1,1,1,0.0,1.0
8,0.44,33,3,6,7.994335787636893,7.994335787636893,0.0,3,7,7,0.0,1.0
8,0.44,34,13,0,7.917089462280273,7.917089462280273,0.0,2,1,1,0.0,1.0
8,0.44,35,16,10,7.906783739725749,7.906783739725749,0.0,2,3,3,0.0,1.0
8,0.45,32,8,4,8.169563293457031,8.169563293457031,0.0,2,1,1,0.0,1.0
8,0.45,33,5,3,7.994335787636893,7.994335787636893,0.0,2,7,7,0.0,1.0
8,0.45,34,39,23,7.917089462280273,7.917089462280273,0.0,1,1,1,0.0,1.0
8,0.45,35,26,16,7.906783739725749,7.906783739725749,0.0,1,3,3,0.0,1.0
8,0.46,32,48,31,8.169563293457031,8.169563293457031,0.0,1,1,1,0.0,1.0
8,0.46,33,0,5,7.994335787636893,7.994335787636893,0.0,2,7,7,0.0,1.0
8,0.46,34,16,39,7.917089462280273,7.917089462280273,0.0,1,1,1,0.0,1.0
8,0.46,35,27,26,7.906783739725749,7.906783739725749,0.0,1,3,3,0.0,1.0
8,0.47,32,9,48,8.169563293457031,8.169563293457031,0.0,1,1,1,0.0,1.0
8,0.47,33,18,8,8.019556283950806,8.019556283950806,0.0,3,6,6,0.0,1.0
8,0.47,34,26,22,7.983799457550049,7.983799457550049,0.0,1,2,2,0.0,1.0
8,0.47,35,28,16,7.917089462280273,7.917089462280273,0.0,2,1,1,0.0,1.0
8,0.48,32,21,9,8.169563293457031,8.169563293457031,0.0,2,1,1,0.0,1.0
8,0.48,33,19,44,8.108033816019693,8.108033816019693,0.0,1,3,3,0.0,1.0
8,0.48,34,25,26,7.983799457550049,7.983799457550049,0.0,1,2,2,0.0,1.0
8,0.48,35,44,42,7.931078751881917,7.931078751881917,0.0,2,3,3,0.0,1.0
8,0.49,32,38,21,8.169563293457031,8.169563293457031,0.0,2,1,1,0.0,1.0
8,0.49,33,2,19,8.108033816019693,8.108033816019693,0.0,3,3,3,0.0,1.0
8,0.49,34,11,25,7.983799457550049,7.983799457550049,0.0,1,2,2,0.0,1.0
8,0.49,35,40,45,7.931078751881917,7.931078751881917,0.0,1,3,3,0.0,1.0
8,0.5,32,9,33,8.176995277404785,8.176995277404785,0.0,1,1,1,0.0,1.0
8,0.5,33,28,43,8.169563293457031,8.169563293457031,0.0,1,1,1,0.0,1.0
8,0.5,34,5,26,8.117886543273926,8.117886543273926,0.0,2,2,2,0.0,1.0
8,0.5,35,1,2,8.08832836151123,8.08832836151123,0.0,1,1,1,0.0,1.0
9,0.0,12,43,43,8.019956122783192,8.049956122783192,0.0,1,50,6,0.12,0.98
9,0.01,12,44,43,8.019956122783192,8.049956122783192,0.0,1,50,6,0.12,0.98
9,0.02,12,23,44,8.019956122783192,8.049956122783192,0.0,2,50,6,0.12,0.98
9,0.03,12,16,23,8.019956122783192,8.049956122783192,0.0,1,50,6,0.12,0.98
9,0.04,12,26,16,8.019956122783192,8.049956122783192,0.0,2,50,6,0.12,0.98
9,0.05,12,17,26,8.019956122783192,8.049956122783192,0.0,2,50,6,0.12,0.98
9,0.06,12,30,17,8.019956122783192,8.049956122783192,0.0,1,50,6,0.12,0.98
9,0.07,13,38,30,8.019956122783192,8.049956122783192,0.0,2,50,6,0.12,0.98
9,0.08,13,18,46,8.019956122783192,8.049956122783192,0.0,2,50,6,0.12,0.98
9,0.09,14,41,18,8.019956122783192,8.049956122783192,0.0,1,50,6,0.12,0.98
9,0.1,14,23,41,8.019956122783192,8.049956122783192,0.0,2,50,6,0.12,0.98
9,0.11,14,25,44,8.019956122783192,8.049956122783192,0.0,2,50,6,0.12,0.98
9,0.12,14,23,41,8.019956122783192,8.049956122783192,0.0,2,50,6,0.12,0.98
9,0.13,14,30,30,8.019956122783192,8.049956122783192,0.0,2,50,6,0.12,0.98
9,0.14,14,6,34,8.019956122783192,8.049956122783192,0.0,4,50,6,0.12,0.98
9,0.15,16,2,27,8.00078291170525,8.03566663263548,0.0,2,43,6,0.13953488372093023,0.9767441860465116
9,0.15,17,15,19,7.917263031005859,7.917263031005859,0.0,1,7,3,0.0,1.0
9,0.16,17,10,48,8.00078291170525,8.03566663263548,0.0,3,43,6,0.13953488372093023,0.9767441860465116
9,0.16,18,40,15,7.917263031005859,7.917263031005859,0.0,2,7,3,0.0,1.0
9,0.17,17,12,10,8.00078291170525,8.03566663263548,0.0,4,43,6,0.13953488372093023,0.9767441860465116
9,0.17,18,35,40,7.917263031005859,7.917263031005859,0.0,1,7,3,0.0,1.0
9,0.18,18,31,12,8.00078291170525,8.03566663263548,0.0,1,43,6,0.13953488372093023,0.9767441860465116
9,0.18,19,12,35,7.917263031005859,7.917263031005859,0.0,2,7,3,0.0,1.0
9,0.19,18,3,31,8.00078291170525,8.03566663263548,0.0,3,43,6,0.13953488372093023,0.9767441860465116
9,0.19,19,11,12,7.917263031005859,7.917263031005859,0.0,2,7,3,0.0,1.0
9,0.2,19,32,13,8.00078291170525,8.03566663263548,0.0,1,43,6,0.13953488372093023,0.9767441860465116
9,0.2,20,11,11,7.917263031005859,7.917263031005859,0.0,2,7,3,0.0,1.0
9,0.21,19,10,32,8.00078291170525,8.03566663263548,0.0,2,43,6,0.13953488372093023,0.9767441860465116
9,0.21,20,28,29,7.917263031005859,7.917263031005859,0.0,1,7,3,0.0,1.0
9,0.22,20,13,10,8.00078291170525,8.03566663263548,0.0,1,43,6,0.13953488372093023,0.9767441860465116
9,0.22,21,11,28,7.917263031005859,7.917263031005859,0.0,2,7,3,0.0,1.0
9,0.23,20,6,13,8.00078291170525,8.03566663263548,0.0,1,43,6,0.13953488372093023,0.9767441860465116
9,0.23,21,10,25,7.917263031005859,7.917263031005859,0.0,2,7,3,0.0,1.0
9,0.24,21,3,6,8.00078291170525,8.03566663263548,0.0,3,43,6,0.13953488372093023,0.9767441860465116
9,0.24,22,13,19,7.964823775821262,7.964823775821262,0.0,2,5,3,0.0,1.0
9,0.24,23,28,10,7.601474046707153,7.601474046707153,0.0,1,2,1,0.0,1.0
9,0.25,23,29,26,8.00078291170525,8.03566663263548,0.0,2,43,6,0.13953488372093023,0.9767441860465116
9,0.25,24,0,13,7.964823775821262,7.964823775821262,0.0,3,5,3,0.0,1.0
9,0.26,25,24,43,8.00078291170525,8.03566663263548,0.0,1,43,6,0.13953488372093023,0.9767441860465116
9,0.26,26,18,42,7.964823775821262,7.964823775821262,0.0,3,5,3,0.0,1.0
9,0.27,28,6,24,8.00078291170525,8.03566663263548,0.0,2,43,6,0.13953488372093023,0.9767441860465116
9,0.27,29,33,47,7.964823775821262,7.964823775821262,0.0,1,5,3,0.0,1.0
9,0.28,29,13,6,8.00078291170525,8.03566663263548,0.0,2,43,6,0.13953488372093023,0.9767441860465116
9,0.28,30,35,33,7.964823775821262,7.964823775821262,0.0,1,5,3,0.0,1.0
9,0.28,31,20,27,7.601474046707153,7.601474046707153,0.0,1,2,1,0.0,1.0
9,0.29,30,5,44,8.032821400960287,8.081208497734481,0.0,1,31,5,0.1935483870967742,1.0
9,0.29,31,14,35,7.964823775821262,7.964823775821262,0.0,4,5,3,0.0,1.0
9,0.29,32,38,20,7.601474046707153,7.601474046707153,0.0,1,2,1,0.0,1.0
9,0.3,30,11,5,8.032821400960287,8.081208497734481,0.0,1,31,5,0.1935483870967742,1.0
9,0.3,31,22,35,7.964823775821262,7.964823775821262,0.0,1,5,3,0.0,1.0
9,0.3,32,6,10,7.8642758440088345,7.8642758440088345,0.0,2,12,3,0.0,0.9166666666666666
9,0.3,33,38,38,7.601474046707153,7.601474046707153,0.0,1,2,1,0.0,1.0
9,0.31,31,0,11,8.032821400960287,8.081208497734481,0.0,3,31,5,0.1935483870967742,1.0
9,0.31,32,4,22,7.964823775821262,7.964823775821262,0.0,2,5,3,0.0,1.0
9,0.31,33,13,47,7.8642758440088345,7.8642758440088345,0.0,3,12,3,0.0,0.9166666666666666
9,0.31,34,28,38,7.601474046707153,7.601474046707153,0.0,1,2,1,0.0,1.0
9,0.32,31,44,2,8.11118764820553,8.166743203761085,0.0,1,27,4,0.2222222222222222,1.0
9,0.32,32,23,4,7.964823775821262,7.964823775821262,0.0,1,5,3,0.0,1.0
9,0.32,33,37,17,7.8642758440088345,7.8642758440088345,0.0,2,12,3,0.0,0.9166666666666666
9,0.32,34,13,28,7.601474046707153,7.601474046707153,0.0,2,2,1,0.0,1.0
9,0.33,31,15,44,8.11118764820553,8.166743203761085,0.0,2,27,4,0.2222222222222222,1.0
9,0.33,32,30,23,7.964823775821262,7.964823775821262,0.0,1,5,3,0.0,1.0
9,0.33,33,3,37,7.8642758440088345,7.8642758440088345,0.0,4,12,3,0.0,0.9166666666666666
9,0.33,34,16,47,7.601474046707153,7.601474046707153,0.0,2,2,1,0.0,1.0
9,0.34,33,2,34,8.11118764820553,8.166743203761085,0.0,2,27,4,0.2222222222222222,1.0
9,0.34,34,6,30,7.964823775821262,7.964823775821262,0.0,6,5,3,0.0,1.0
9,0.34,35,4,3,7.8642758440088345,7.8642758440088345,0.0,6,12,3,0.0,0.9166666666666666
9,0.34,36,5,39,7.601474046707153,7.601474046707153,0.0,3,2,1,0.0,1.0
9,0.35,33,23,15,8.11118764820553,8.166743203761085,0.0,2,27,4,0.2222222222222222,1.0
9,0.35,34,26,48,7.964823775821262,7.964823775821262,0.0,1,5,3,0.0,1.0
9,0.35,35,13,45,7.8642758440088345,7.8642758440088345,0.0,3,12,3,0.0,0.9166666666666666
9,0.35,36,48,38,7.784306287765503,7.784306287765503,0.0,1,4,2,0.0,1.0
9,0.36,33,22,23,8.11118764820553,8.166743203761085,0.0,1,27,4,0.2222222222222222,1.0
9,0.36,34,34,26,7.964823775821262,7.964823775821262,0.0,1,5,3,0.0,1.0
9,0.36,35,2,43,7.8847596645355225,7.8847596645355225,0.0,3,2,2,0.0,1.0
9,0.36,36,12,48,7.784306287765503,7.784306287765503,0.0,2,4,2,0.0,1.0
9,0.37,33,17,22,8.11118764820553,8.166743203761085,0.0,2,27,4,0.2222222222222222,1.0
9,0.37,34,33,34,7.964823775821262,7.964823775821262,0.0,3,5,3,0.0,1.0
9,0.37,35,37,40,7.8847596645355225,7.8847596645355225,0.0,1,2,2,0.0,1.0
9,0.37,36,0,3,7.847317278385162,7.847317278385162,0.0,4,10,2,0.0,0.9
9,0.38,33,26,17,8.11118764820553,8.166743203761085,0.0,1,27,4,0.2222222222222222,1.0
9,0.38,34,31,33,7.964823775821262,7.964823775821262,0.0,2,5,3,0.0,1.0
9,0.38,35,7,37,7.8847596645355225,7.8847596645355225,0.0,3,2,2,0.0,1.0
9,0.38,36,0,0,7.8769833246866865,7.8769833246866865,0.0,2,7,2,0.0,1.0
9,0.39,35,21,26,8.11118764820553,8.166743203761085,0.0,2,27,4,0.2222222222222222,1.0
9,0.39,36,3,31,7.964823775821262,7.964823775821262,0.0,4,5,3,0.0,1.0
9,0.39,37,24,36,7.8847596645355225,7.8847596645355225,0.0,1,2,2,0.0,1.0
9,0.39,38,22,8,7.8769833246866865,7.8769833246866865,0.0,2,7,2,0.0,1.0
9,0.4,35,27,21,8.11118764820553,8.166743203761085,0.0,1,27,4,0.2222222222222222,1.0
9,0.4,36,15,7,7.964823775821262,7.964823775821262,0.0,3,5,3,0.0,1.0
9,0.4,37,44,24,7.8847596645355225,7.8847596645355225,0.0,1,2,2,0.0,1.0
9,0.4,38,14,22,7.8769833246866865,7.8769833246866865,0.0,1,7,2,0.0,1.0
9,0.41,35,42,27,8.11118764820553,8.166743203761085,0.0,1,27,4,0.2222222222222222,1.0
9,0.41,36,39,23,7.964823775821262,7.964823775821262,0.0,2,5,3,0.0,1.0
9,0.41,37,17,44,7.8847596645355225,7.8847596645355225,0.0,1,2,2,0.0,1.0
9,0.41,38,5,14,7.8769833246866865,7.8769833246866865,0.0,5,7,2,0.0,1.0
9,0.42,36,19,42,8.11118764820553,8.166743203761085,0.0,2,27,4,0.2222222222222222,1.0
9,0.42,37,36,41,7.964823775821262,7.964823775821262,0.0,2,5,3,0.0,1.0
9,0.42,38,11,17,7.8847596645355225,7.8847596645355225,0.0,1,2,2,0.0,1.0
9,0.42,39,12,48,7.8769833246866865,7.8769833246866865,0.0,3,7,2,0.0,1.0
9,0.43,36,1,30,8.11118764820553,8.166743203761085,0.0,4,27,4,0.2222222222222222,1.0
9,0.43,37,49,48,7.964823775821262,7.964823775821262,0.0,1,5,3,0.0,1.0
9,0.43,38,25,11,7.8847596645355225,7.8847596645355225,0.0,1,2,2,0.0,1.0
9,0.43,39,8,20,7.8769833246866865,7.8769833246866865,0.0,2,7,2,0.0,1.0
9,0.44,36,38,1,8.11118764820553,8.166743203761085,0.0,1,27,4,0.2222222222222222,1.0
9,0.44,37,40,49,7.964823775821262,7.964823775821262,0.0,1,5,3,0.0,1.0
9,0.44,38,6,25,7.8847596645355225,7.8847596645355225,0.0,1,2,2,0.0,1.0
9,0.44,39,7,20,7.8769833246866865,7.8769833246866865,0.0,5,7,2,0.0,1.0
9,0.45,36,13,38,8.11118764820553,8.166743203761085,0.0,4,27,4,0.2222222222222222,1.0
9,0.45,37,4,40,7.964823775821262,7.964823775821262,0.0,4,5,3,0.0,1.0
9,0.45,38,1,6,7.8847596645355225,7.8847596645355225,0.0,3,2,2,0.0,1.0
9,0.45,39,15,7,7.8769833246866865,7.8769833246866865,0.0,2,7,2,0.0,1.0
9,0.46,36,22,18,8.126748664038523,8.210081997371857,0.0,2,9,2,0.3333333333333333,1.0
9,0.46,37,27,16,8.03174877166748,8.03174877166748,0.0,3,2,2,0.0,1.0
9,0.46,38,26,1,7.8847596645355225,7.8847596645355225,0.0,1,2,2,0.0,1.0
9,0.46,39,30,15,7.8769833246866865,7.8769833246866865,0.0,1,7,2,0.0,1.0
9,0.47,36,7,22,8.126748664038523,8.210081997371857,0.0,2,9,2,0.3333333333333333,1.0
9,0.47,37,17,15,8.080172777175903,8.080172777175903,0.0,1,3,2,0.0,1.0
9,0.47,38,32,27,8.03174877166748,8.03174877166748,0.0,1,2,2,0.0,1.0
9,0.47,39,33,38,7.932296872138977,7.932296872138977,0.0,1,3,2,0.0,1.0
9,0.48,36,3,15,8.128313405173166,8.222063405173166,0.0,5,8,2,0.375,1.0
9,0.48,37,41,17,8.080172777175903,8.080172777175903,0.0,1,3,2,0.0,1.0
9,0.48,38,6,10,8.066005170345306,8.116005170345307,0.0,3,5,2,0.2,1.0
9,0.48,39,13,32,8.03174877166748,8.03174877166748,0.0,3,2,2,0.0,1.0
9,0.49,36,8,16,8.30246353149414,8.55246353149414,0.0,3,1,1,1.0,1.0
9,0.49,37,5,41,8.080172777175903,8.080172777175903,0.0,2,3,2,0.0,1.0
9,0.49,38,0,7,8.06333041191101,8.18833041191101,0.0,3,2,2,0.5,1.0
9,0.49,39,12,13,8.03174877166748,8.03174877166748,0.0,1,2,2,0.0,1.0
9,0.5,36,34,45,8.30246353149414,8.55246353149414,0.0,1,1,1,1.0,1.0
9,0.5,37,9,35,8.11696974436442,8.11696974436442,0.0,2,3,1,0.0,1.0
9,0.5,38,15,5,8.110207557678223,8.110207557678223,0.0,1,1,1,0.0,1.0
9,0.5,39,33,30,8.06333041191101,8.18833041191101,0.0,2,2,2,0.5,1.0
10,0.0,13,21,21,7.566944257603136,7.566944257603136,0.0,1,50,5,0.0,0.98
10,0.01,13,11,21,7.566944257603136,7.566944257603136,0.0,3,50,5,0.0,0.98
10,0.02,13,7,14,7.566944257603136,7.566944257603136,0.0,2,50,5,0.0,0.98
10,0.03,13,9,7,7.566944257603136,7.566944257603136,0.0,4,50,5,0.0,0.98
10,0.04,13,4,36,7.566944257603136,7.566944257603136,0.0,2,50,5,0.0,0.98
10,0.05,13,25,4,7.566944257603136,7.566944257603136,0.0,1,50,5,0.0,0.98
10,0.06,13,43,25,7.566944257603136,7.566944257603136,0.0,1,50,5,0.0,0.98
10,0.07,14,1,43,7.566944257603136,7.566944257603136,0.0,2,50,5,0.0,0.98
10,0.08,14,7,29,7.566944257603136,7.566944257603136,0.0,3,50,5,0.0,0.98
10,0.09,15,2,32,7.566944257603136,7.566944257603136,0.0,2,50,5,0.0,0.98
10,0.1,15,19,2,7.566944257603136,7.566944257603136,0.0,1,50,5,0.0,0.98
10,0.11,15,1,19,7.566944257603136,7.566944257603136,0.0,1,50,5,0.0,0.98
10,0.12,15,31,1,7.566944257603136,7.566944257603136,0.0,1,50,5,0.0,0.98
10,0.13,15,10,31,7.566944257603136,7.566944257603136,0.0,2,50,5,0.0,0.98
10,0.14,15,11,10,7.566944257603136,7.566944257603136,0.0,2,50,5,0.0,0.98
10,0.15,18,13,23,7.566944257603136,7.566944257603136,0.0,2,50,5,0.0,0.98
10,0.16,19,18,13,7.566944257603136,7.566944257603136,0.0,2,50,5,0.0,0.98
10,0.17,19,13,48,7.566944257603136,7.566944257603136,0.0,2,50,5,0.0,0.98
10,0.18,20,3,13,7.566944257603136,7.566944257603136,0.0,3,50,5,0.0,0.98
10,0.19,20,21,3,7.566944257603136,7.566944257603136,0.0,4,50,5,0.0,0.98
10,0.2,21,4,30,7.847432295481364,7.847432295481364,0.0,3,15,1,0.0,1.0
10,0.2,22,34,35,7.561948609352112,7.561948609352112,0.0,3,35,5,0.0,0.9714285714285714
10,0.21,21,7,34,7.850634002685547,7.850634002685547,0.0,1,7,2,0.0,0.8571428571428571
10,0.21,22,18,13,7.847432295481364,7.847432295481364,0.0,2,15,1,0.0,1.0
10,0.21,23,3,47,7.524735927581787,7.524735927581787,0.0,1,28,4,0.0,1.0
10,0.22,22,26,7,7.850634002685547,7.850634002685547,0.0,1,7,2,0.0,0.8571428571428571
10,0.22,23,17,18,7.847432295481364,7.847432295481364,0.0,1,15,1,0.0,1.0
10,0.22,24,2,3,7.524735927581787,7.524735927581787,0.0,1,28,4,0.0,1.0
10,0.23,22,28,26,7.850634002685547,7.850634002685547,0.0,4,7,2,0.0,0.8571428571428571
10,0.23,23,1,17,7.847432295481364,7.847432295481364,0.0,4,15,1,0.0,1.0
10,0.23,24,47,2,7.524735927581787,7.524735927581787,0.0,1,28,4,0.0,1.0
10,0.24,24,14,28,7.850634002685547,7.850634002685547,0.0,1,7,2,0.0,0.8571428571428571
10,0.24,25,21,14,7.847432295481364,7.847432295481364,0.0,2,15,1,0.0,1.0
10,0.24,26,3,47,7.524735927581787,7.524735927581787,0.0,3,28,4,0.0,1.0
10,0.25,25,3,21,7.8977274894714355,7.8977274894714355,0.0,3,4,1,0.0,1.0
10,0.25,26,14,14,7.850634002685547,7.850634002685547,0.0,1,7,2,0.0,0.8571428571428571
10,0.25,27,19,42,7.829143134030429,7.829143134030429,0.0,1,11,1,0.0,1.0
10,0.25,28,17,3,7.524735927581787,7.524735927581787,0.0,3,28,4,0.0,1.0
10,0.26,27,14,29,7.8977274894714355,7.8977274894714355,0.0,1,4,1,0.0,1.0
10,0.26,28,1,14,7.850634002685547,7.850634002685547,0.0,3,7,2,0.0,0.8571428571428571
10,0.26,29,13,19,7.829143134030429,7.829143134030429,0.0,2,11,1,0.0,1.0
10,0.26,30,30,33,7.524735927581787,7.524735927581787,0.0,2,28,4,0.0,1.0
10,0.27,30,31,14,7.8977274894714355,7.8977274894714355,0.0,2,4,1,0.0,1.0
10,0.27,31,19,32,7.850634002685547,7.850634002685547,0.0,1,7,2,0.0,0.8571428571428571
10,0.27,32,16,13,7.829143134030429,7.829143134030429,0.0,1,11,1,0.0,1.0
10,0.27,33,26,30,7.524735927581787,7.524735927581787,0.0,2,28,4,0.0,1.0
10,0.28,32,4,36,7.8977274894714355,7.8977274894714355,0.0,2,4,1,0.0,1.0
10,0.28,33,11,19,7.850634002685547,7.850634002685547,0.0,3,7,2,0.0,0.8571428571428571
10,0.28,34,5,16,7.829143134030429,7.829143134030429,0.0,3,11,1,0.0,1.0
10,0.28,35,35,26,7.524735927581787,7.524735927581787,0.0,1,28,4,0.0,1.0
10,0.29,33,7,24,7.8977274894714355,7.8977274894714355,0.0,1,4,1,0.0,1.0
10,0.29,34,25,11,7.850634002685547,7.850634002685547,0.0,2,7,2,0.0,0.8571428571428571
10,0.29,35,10,33,7.829143134030429,7.829143134030429,0.0,2,11,1,0.0,1.0
10,0.29,36,4,35,7.524735927581787,7.524735927581787,0.0,3,28,4,0.0,1.0
10,0.3,34,31,7,7.8977274894714355,7.8977274894714355,0.0,1,4,1,0.0,1.0
10,0.3,35,30,26,7.850634002685547,7.850634002685547,0.0,2,7,2,0.0,0.8571428571428571
10,0.3,36,2,4,7.524735927581787,7.524735927581787,0.0,4,28,4,0.0,1.0
10,0.31,35,18,43,7.946002006530762,7.946002006530762,0.0,2,2,1,0.0,0.5
10,0.31,36,48,31,7.8977274894714355,7.8977274894714355,0.0,1,4,1,0.0,1.0
10,0.31,37,16,20,7.829143134030429,7.829143134030429,0.0,2,11,1,0.0,1.0
10,0.31,38,8,2,7.524735927581787,7.524735927581787,0.0,4,28,4,0.0,1.0
10,0.32,35,3,18,7.946002006530762,7.946002006530762,0.0,2,2,1,0.0,0.5
10,0.32,36,0,48,7.8977274894714355,7.8977274894714355,0.0,3,4,1,0.0,1.0
10,0.32,37,14,16,7.829143134030429,7.829143134030429,0.0,3,11,1,0.0,1.0
10,0.32,38,39,24,7.792618036270142,7.792618036270142,0.0,2,7,2,0.0,1.0
10,0.33,35,33,46,7.946002006530762,7.946002006530762,0.0,2,2,1,0.0,0.5
10,0.33,36,18,6,7.8977274894714355,7.8977274894714355,0.0,2,4,1,0.0,1.0
10,0.33,37,16,29,7.829143134030429,7.829143134030429,0.0,2,11,1,0.0,1.0
10,0.33,38,12,39,7.792618036270142,7.792618036270142,0.0,3,7,2,0.0,1.0
10,0.34,37,36,43,7.946002006530762,7.946002006530762,0.0,2,2,1,0.0,0.5
10,0.34,38,3,18,7.8977274894714355,7.8977274894714355,0.0,1,4,1,0.0,1.0
10,0.34,39,42,19,7.863645136356354,7.863645136356354,0.0,2,5,2,0.0,1.0
10,0.34,40,8,16,7.829143134030429,7.829143134030429,0.0,3,11,1,0.0,1.0
10,0.35,37,42,36,7.946002006530762,7.946002006530762,0.0,1,2,1,0.0,0.5
10,0.35,38,24,3,7.8977274894714355,7.8977274894714355,0.0,1,4,1,0.0,1.0
10,0.35,39,15,42,7.863645136356354,7.863645136356354,0.0,3,5,2,0.0,1.0
10,0.35,40,7,48,7.829143134030429,7.829143134030429,0.0,1,11,1,0.0,1.0
10,0.36,37,9,42,7.946002006530762,7.946002006530762,0.0,2,2,1,0.0,0.5
10,0.36,38,34,24,7.8977274894714355,7.8977274894714355,0.0,1,4,1,0.0,1.0
10,0.36,39,6,39,7.863645136356354,7.863645136356354,0.0,2,5,2,0.0,1.0
10,0.36,40,8,7,7.829143134030429,7.829143134030429,0.0,2,11,1,0.0,1.0
10,0.37,37,42,9,7.946002006530762,7.946002006530762,0.0,1,2,1,0.0,0.5
10,0.37,38,20,34,7.8977274894714355,7.8977274894714355,0.0,4,4,1,0.0,1.0
10,0.37,39,16,6,7.863645136356354,7.863645136356354,0.0,2,5,2,0.0,1.0
10,0.37,40,10,41,7.829143134030429,7.829143134030429,0.0,3,11,1,0.0,1.0
10,0.38,37,2,42,7.946002006530762,7.946002006530762,0.0,1,2,1,0.0,0.5
10,0.38,38,45,47,7.8977274894714355,7.8977274894714355,0.0,1,4,1,0.0,1.0
10,0.38,39,17,45,7.863645136356354,7.863645136356354,0.0,1,5,2,0.0,1.0
10,0.38,40,23,10,7.829143134030429,7.829143134030429,0.0,1,11,1,0.0,1.0
10,0.39,39,2,2,7.946002006530762,7.946002006530762,0.0,4,2,1,0.0,0.5
10,0.39,40,3,45,7.8977274894714355,7.8977274894714355,0.0,1,4,1,0.0,1.0
10,0.39,41,8,17,7.863645136356354,7.863645136356354,0.0,1,5,2,0.0,1.0
10,0.39,42,7,23,7.829143134030429,7.829143134030429,0.0,2,11,1,0.0,1.0
10,0.4,39,27,2,7.946002006530762,7.946002006530762,0.0,2,2,1,0.0,0.5
10,0.4,40,19,3,7.8977274894714355,7.8977274894714355,0.0,2,4,1,0.0,1.0
10,0.4,41,4,8,7.863645136356354,7.863645136356354,0.0,2,5,2,0.0,1.0
10,0.4,42,18,7,7.829143134030429,7.829143134030429,0.0,1,11,1,0.0,1.0
10,0.41,39,3,27,7.946002006530762,7.946002006530762,0.0,3,2,1,0.0,0.5
10,0.41,40,13,21,7.8977274894714355,7.8977274894714355,0.0,2,4,1,0.0,1.0
10,0.41,41,6,4,7.863645136356354,7.863645136356354,0.0,3,5,2,0.0,1.0
10,0.41,42,21,18,7.829143134030429,7.829143134030429,0.0,1,11,1,0.0,1.0
10,0.42,40,2,5,7.946002006530762,7.946002006530762,0.0,3,2,1,0.0,0.5
10,0.42,41,28,40,7.8977274894714355,7.8977274894714355,0.0,1,4,1,0.0,1.0
10,0.42,42,36,45,7.863645136356354,7.863645136356354,0.0,2,5,2,0.0,1.0
10,0.42,43,11,21,7.829143134030429,7.829143134030429,0.0,4,11,1,0.0,1.0
10,0.43,40,15,26,7.946002006530762,7.946002006530762,0.0,1,2,1,0.0,0.5
10,0.43,41,5,28,7.8977274894714355,7.8977274894714355,0.0,2,4,1,0.0,1.0
10,0.43,42,32,48,7.863645136356354,7.863645136356354,0.0,3,5,2,0.0,1.0
10,0.43,43,2,12,7.829143134030429,7.829143134030429,0.0,2,11,1,0.0,1.0
10,0.44,40,30,41,8.00902771949768,8.00902771949768,0.0,1,2,1,0.0,1.0
10,0.44,41,37,15,7.946002006530762,7.946002006530762,0.0,2,2,1,0.0,0.5
10,0.44,42,27,43,7.8977274894714355,7.8977274894714355,0.0,1,4,1,0.0,1.0
10,0.44,43,20,2,7.829143134030429,7.829143134030429,0.0,2,11,1,0.0,1.0
10,0.45,40,28,19,8.14319896697998,8.14319896697998,0.0,1,2,1,0.0,1.0
10,0.45,41,42,30,8.00902771949768,8.00902771949768,0.0,1,2,1,0.0,1.0
10,0.45,42,6,37,7.946002006530762,7.946002006530762,0.0,2,2,1,0.0,0.5
10,0.45,43,5,27,7.8977274894714355,7.8977274894714355,0.0,1,4,1,0.0,1.0
10,0.46,40,18,28,8.14319896697998,8.14319896697998,0.0,3,2,1,0.0,1.0
10,0.46,41,31,42,8.00902771949768,8.00902771949768,0.0,3,2,1,0.0,1.0
10,0.46,42,23,39,7.946002006530762,7.946002006530762,0.0,2,2,1,0.0,0.5
10,0.46,43,37,5,7.8977274894714355,7.8977274894714355,0.0,2,4,1,0.0,1.0
10,0.47,40,8,20,8.14319896697998,8.14319896697998,0.0,1,2,1,0.0,1.0
10,0.47,41,12,31,8.00902771949768,8.00902771949768,0.0,3,2,1,0.0,1.0
10,0.47,42,38,45,7.946002006530762,7.946002006530762,0.0,1,2,1,0.0,0.5
10,0.47,43,36,39,7.8977274894714355,7.8977274894714355,0.0,1,4,1,0.0,1.0
10,0.48,40,47,8,8.14319896697998,8.14319896697998,0.0,1,2,1,0.0,1.0
10,0.48,41,32,12,8.00902771949768,8.00902771949768,0.0,1,2,1,0.0,1.0
10,0.48,42,0,38,7.946002006530762,7.946002006530762,0.0,3,2,1,0.0,0.5
10,0.48,43,2,36,7.8977274894714355,7.8977274894714355,0.0,1,4,1,0.0,1.0
10,0.49,40,12,47,8.14319896697998,8.14319896697998,0.0,3,2,1,0.0,1.0
10,0.49,41,32,32,8.00902771949768,8.00902771949768,0.0,1,2,1,0.0,1.0
10,0.49,42,19,28,7.946002006530762,7.946002006530762,0.0,1,2,1,0.0,0.5
10,0.49,43,3,2,7.8977274894714355,7.8977274894714355,0.0,2,4,1,0.0,1.0
10,0.5,40,19,42,8.14688491821289,8.14688491821289,0.0,1,1,1,0.0,1.0
10,0.5,41,6,32,8.00902771949768,8.00902771949768,0.0,1,2,1,0.0,1.0
10,0.5,42,14,19,7.946002006530762,7.946002006530762,0.0,1,2,1,0.0,0.5
10,0.5,43,0,17,7.8977274894714355,7.8977274894714355,0.0,2,4,1,0.0,1.0
11,0.0,14,31,31,8.00471569358052,8.04471569358052,0.0,1,50,26,0.16,0.82
11,0.01,14,17,31,8.00471569358052,8.04471569358052,0.0,2,50,26,0.16,0.82
11,0.02,14,5,42,8.00471569358052,8.04471569358052,0.0,3,50,26,0.16,0.82
11,0.03,14,45,5,8.00471569358052,8.04471569358052,0.0,1,50,26,0.16,0.82
11,0.04,14,18,45,8.00471569358052,8.04471569358052,0.0,3,50,26,0.16,0.82
11,0.05,14,5,38,8.00471569358052,8.04471569358052,0.0,3,50,26,0.16,0.82
11,0.06,14,3,8,8.00471569358052,8.04471569358052,0.0,3,50,26,0.16,0.82
11,0.07,15,18,3,8.00471569358052,8.04471569358052,0.0,2,50,26,0.16,0.82
11,0.08,15,15,18,8.00471569358052,8.04471569358052,0.0,3,50,26,0.16,0.82
11,0.09,16,1,42,8.00471569358052,8.04471569358052,0.0,2,50,26,0.16,0.82
11,0.1,16,4,41,8.00471569358052,8.04471569358052,0.0,3,50,26,0.16,0.82
11,0.11,16,1,26,8.00471569358052,8.04471569358052,0.0,3,50,26,0.16,0.82
11,0.12,16,19,14,8.00471569358052,8.04471569358052,0.0,2,50,26,0.16,0.82
11,0.13,16,12,49,8.00471569358052,8.04471569358052,0.0,2,50,26,0.16,0.82
11,0.14,16,37,20,8.00471569358052,8.04471569358052,0.0,1,50,26,0.16,0.82
11,0.15,19,24,37,8.00471569358052,8.04471569358052,0.0,1,50,26,0.16,0.82
11,0.16,20,42,24,8.00471569358052,8.04471569358052,0.0,1,50,26,0.16,0.82
11,0.17,20,3,42,8.00471569358052,8.04471569358052,0.0,3,50,26,0.16,0.82
11,0.18,21,41,4,8.00471569358052,8.04471569358052,0.0,2,50,26,0.16,0.82
11,0.19,21,19,45,8.00471569358052,8.04471569358052,0.0,1,50,26,0.16,0.82
11,0.2,23,7,19,8.00471569358052,8.04471569358052,0.0,2,50,26,0.16,0.82
11,0.21,24,10,14,8.00471569358052,8.04471569358052,0.0,3,50,26,0.16,0.82
11,0.22,25,37,43,8.00471569358052,8.04471569358052,0.0,2,50,26,0.16,0.82
11,0.23,25,6,37,8.00471569358052,8.04471569358052,0.0,4,50,26,0.16,0.82
11,0.24,27,13,14,8.00471569358052,8.04471569358052,0.0,2,50,26,0.16,0.82
11,0.25,29,17,13,8.00471569358052,8.04471569358052,0.0,1,50,26,0.16,0.82
11,0.26,31,2,17,8.00471569358052,8.04471569358052,0.0,4,50,26,0.16,0.82
11,0.27,34,16,2,8.00471569358052,8.04471569358052,0.0,3,50,26,0.16,0.82
11,0.28,36,2,19,8.00471569358052,8.04471569358052,0.0,2,50,26,0.16,0.82
11,0.29,37,2,2,8.00471569358052,8.04471569358052,0.0,3,50,26,0.16,0.82
11,0.3,37,4,29,8.00471569358052,8.04471569358052,0.0,2,50,26,0.16,0.82
11,0.31,39,1,4,8.00471569358052,8.04471569358052,0.0,2,50,26,0.16,0.82
11,0.32,39,28,9,8.126640796661377,8.220390796661377,0.0,1,8,6,0.375,0.875
11,0.32,40,32,1,7.978219316119239,8.007981220881144,0.0,2,42,21,0.11904761904761904,0.8095238095238095
11,0.33,39,5,28,8.126640796661377,8.220390796661377,0.0,3,8,6,0.375,0.875
11,0.33,40,4,32,7.978219316119239,8.007981220881144,0.0,3,42,21,0.11904761904761904,0.8095238095238095
11,0.34,41,4,34,8.147538423538208,8.247538423538208,0.0,1,5,4,0.4,0.8
11,0.34,42,38,5,8.084845542907715,8.168178876241049,0.0,1,3,2,0.3333333333333333,1.0
11,0.34,43,20,8,7.978219316119239,8.007981220881144,0.0,3,42,21,0.11904761904761904,0.8095238095238095
11,0.35,41,0,4,8.147538423538208,8.247538423538208,0.0,3,5,4,0.4,0.8
11,0.35,42,18,38,8.084845542907715,8.168178876241049,0.0,2,3,2,0.3333333333333333,1.0
11,0.35,43,21,36,7.978219316119239,8.007981220881144,0.0,3,42,21,0.11904761904761904,0.8095238095238095
11,0.36,41,8,23,8.147538423538208,8.247538423538208,0.0,4,5,4,0.4,0.8
11,0.36,42,39,47,8.084845542907715,8.168178876241049,0.0,1,3,2,0.3333333333333333,1.0
11,0.36,43,27,21,7.978219316119239,8.007981220881144,0.0,1,42,21,0.11904761904761904,0.8095238095238095
11,0.37,41,48,44,8.147538423538208,8.247538423538208,0.0,1,5,4,0.4,0.8
11,0.37,42,15,39,8.084845542907715,8.168178876241049,0.0,2,3,2,0.3333333333333333,1.0
11,0.37,43,22,27,7.978219316119239,8.007981220881144,0.0,2,42,21,0.11904761904761904,0.8095238095238095
11,0.38,41,24,48,8.147538423538208,8.247538423538208,0.0,2,5,4,0.4,0.8
11,0.38,42,8,15,8.084845542907715,8.168178876241049,0.0,4,3,2,0.3333333333333333,1.0
11,0.38,43,0,33,7.978219316119239,8.007981220881144,0.0,6,42,21,0.11904761904761904,0.8095238095238095
11,0.39,43,36,24,8.147538423538208,8.247538423538208,0.0,2,5,4,0.4,0.8
11,0.39,44,21,15,8.142971754074097,8.196543182645526,0.0,1,14,6,0.21428571428571427,0.5
11,0.39,45,1,26,8.084845542907715,8.168178876241049,0.0,6,3,2,0.3333333333333333,1.0
11,0.39,46,47,42,7.8774163842201235,7.8774163842201235,0.0,1,13,8,0.0,0.9230769230769231
11,0.4,43,5,39,8.147538423538208,8.247538423538208,0.0,2,5,4,0.4,0.8
11,0.4,44,15,21,8.142971754074097,8.196543182645526,0.0,1,14,6,0.21428571428571427,0.5
11,0.4,45,0,18,8.084845542907715,8.168178876241049,0.0,4,3,2,0.3333333333333333,1.0
11,0.4,46,37,7,7.969534209280304,8.002867542613638,0.0,1,15,11,0.13333333333333333,1.0
11,0.41,43,9,5,8.147538423538208,8.247538423538208,0.0,2,5,4,0.4,0.8
11,0.41,44,17,15,8.142971754074097,8.196543182645526,0.0,2,14,6,0.21428571428571427,0.5
11,0.41,45,20,19,8.084845542907715,8.168178876241049,0.0,3,3,2,0.3333333333333333,1.0
11,0.41,46,16,37,7.969534209280304,8.002867542613638,0.0,2,15,11,0.13333333333333333,1.0
11,0.42,44,10,9,8.147538423538208,8.247538423538208,0.0,1,5,4,0.4,0.8
11,0.42,45,27,17,8.142971754074097,8.211153572255915,0.0,1,11,6,0.2727272727272727,0.6363636363636364
11,0.42,46,23,20,8.084845542907715,8.168178876241049,0.0,1,3,2,0.3333333333333333,1.0
11,0.42,47,3,46,7.969534209280304,8.002867542613638,0.0,5,15,11,0.13333333333333333,1.0
11,0.43,44,15,10,8.147538423538208,8.247538423538208,0.0,1,5,4,0.4,0.8
11,0.43,45,28,27,8.142971754074097,8.211153572255915,0.0,1,11,6,0.2727272727272727,0.6363636363636364
11,0.43,46,20,23,8.084845542907715,8.168178876241049,0.0,4,3,2,0.3333333333333333,1.0
11,0.43,47,17,19,7.969534209280304,8.002867542613638,0.0,2,15,11,0.13333333333333333,1.0
11,0.44,44,7,15,8.147538423538208,8.247538423538208,0.0,2,5,4,0.4,0.8
11,0.44,45,11,28,8.142971754074097,8.211153572255915,0.0,1,11,6,0.2727272727272727,0.6363636363636364
11,0.44,46,18,37,8.084845542907715,8.168178876241049,0.0,2,3,2,0.3333333333333333,1.0
11,0.44,47,9,33,7.979759852091472,7.979759852091472,0.0,2,10,6,0.0,0.9
11,0.45,44,15,48,8.147538423538208,8.247538423538208,0.0,1,5,4,0.4,0.8
11,0.45,45,8,11,8.142971754074097,8.211153572255915,0.0,2,11,6,0.2727272727272727,0.6363636363636364
11,0.45,46,35,18,8.084845542907715,8.168178876241049,0.0,1,3,2,0.3333333333333333,1.0
11,0.45,47,47,38,7.979759852091472,7.979759852091472,0.0,1,10,6,0.0,0.9
11,0.46,44,18,15,8.147538423538208,8.247538423538208,0.0,1,5,4,0.4,0.8
11,0.46,45,34,8,8.142971754074097,8.211153572255915,0.0,2,11,6,0.2727272727272727,0.6363636363636364
11,0.46,46,42,35,8.084845542907715,8.168178876241049,0.0,1,3,2,0.3333333333333333,1.0
11,0.46,47,3,47,7.979759852091472,7.979759852091472,0.0,5,10,6,0.0,0.9
11,0.47,44,3,18,8.147538423538208,8.247538423538208,0.0,3,5,4,0.4,0.8
11,0.47,45,39,34,8.142971754074097,8.211153572255915,0.0,3,11,6,0.2727272727272727,0.6363636363636364
11,0.47,46,44,42,8.084845542907715,8.168178876241049,0.0,1,3,2,0.3333333333333333,1.0
11,0.47,47,16,0,8.040380477905273,8.040380477905273,0.0,2,1,1,0.0,1.0
11,0.48,44,25,39,8.27305006980896,8.36680006980896,0.0,2,8,4,0.375,0.5
11,0.48,45,20,3,8.147538423538208,8.247538423538208,0.0,2,5,4,0.4,0.8
11,0.48,46,11,44,8.084845542907715,8.168178876241049,0.0,3,3,2,0.3333333333333333,1.0
11,0.48,47,1,27,8.059186267852784,8.10085293451945,0.0,3,6,5,0.16666666666666666,1.0
11,0.49,44,23,39,8.339442253112793,8.422775586446127,0.0,2,3,1,0.3333333333333333,0.3333333333333333
11,0.49,45,45,25,8.250919342041016,8.350919342041015,0.0,1,5,3,0.4,0.6
11,0.49,46,3,17,8.147602399190268,8.230935732523601,0.0,2,3,3,0.3333333333333333,1.0
11,0.49,47,31,35,8.147538423538208,8.247538423538208,0.0,1,5,4,0.4,0.8
11,0.5,44,10,38,8.339442253112793,8.422775586446127,0.0,3,3,1,0.3333333333333333,0.3333333333333333
11,0.5,45,19,45,8.250919342041016,8.350919342041015,0.0,3,5,3,0.4,0.6
11,0.5,46,14,32,8.158048629760742,8.158048629760742,0.0,1,1,1,0.0,1.0
11,0.5,47,2,5,8.147602399190268,8.230935732523601,0.0,2,3,3,0.3333333333333333,1.0
12,0.0,15,24,24,7.143414893457966,7.143414893457966,0.0,1,50,31,0.0,0.96
12,0.01,15,35,24,7.143414893457966,7.143414893457966,0.0,2,50,31,0.0,0.96
12,0.02,15,10,39,7.143414893457966,7.143414893457966,0.0,3,50,31,0.0,0.96
12,0.03,15,16,10,7.143414893457966,7.143414893457966,0.0,2,50,31,0.0,0.96
12,0.04,15,4,16,7.143414893457966,7.143414893457966,0.0,2,50,31,0.0,0.96
12,0.05,15,4,4,7.143414893457966,7.143414893457966,0.0,2,50,31,0.0,0.96
12,0.06,15,25,11,7.143414893457966,7.143414893457966,0.0,2,50,31,0.0,0.96
12,0.07,16,8,25,7.143414893457966,7.143414893457966,0.0,1,50,31,0.0,0.96
12,0.08,16,17,8,7.143414893457966,7.143414893457966,0.0,3,50,31,0.0,0.96
12,0.09,17,26,47,7.143414893457966,7.143414893457966,0.0,1,50,31,0.0,0.96
12,0.1,17,9,26,7.143414893457966,7.143414893457966,0.0,2,50,31,0.0,0.96
12,0.11,17,19,9,7.143414893457966,7.143414893457966,0.0,2,50,31,0.0,0.96
12,0.12,17,38,30,7.143414893457966,7.143414893457966,0.0,2,50,31,0.0,0.96
12,0.13,17,13,39,7.143414893457966,7.143414893457966,0.0,1,50,31,0.0,0.96
12,0.14,17,43,13,7.143414893457966,7.143414893457966,0.0,2,50,31,0.0,0.96
12,0.15,20,10,48,7.143414893457966,7.143414893457966,0.0,1,50,31,0.0,0.96
12,0.16,21,5,10,7.143414893457966,7.143414893457966,0.0,3,50,31,0.0,0.96
12,0.17,21,7,45,7.143414893457966,7.143414893457966,0.0,3,50,31,0.0,0.96
12,0.18,22,20,12,7.32869796841233,7.32869796841233,0.0,3,22,18,0.0,0.9545454545454546
12,0.18,23,22,7,6.8914264571099055,6.8914264571099055,0.0,3,28,14,0.0,0.9642857142857143
12,0.19,22,25,34,7.32869796841233,7.32869796841233,0.0,2,22,18,0.0,0.9545454545454546
12,0.19,23,24,39,6.8914264571099055,6.8914264571099055,0.0,2,28,14,0.0,0.9642857142857143
12,0.2,24,15,43,7.32869796841233,7.32869796841233,0.0,1,22,18,0.0,0.9545454545454546
12,0.2,25,1,24,6.8914264571099055,6.8914264571099055,0.0,2,28,14,0.0,0.9642857142857143
12,0.21,25,44,15,7.32869796841233,7.32869796841233,0.0,1,22,18,0.0,0.9545454545454546
12,0.21,26,47,1,6.8914264571099055,6.8914264571099055,0.0,1,28,14,0.0,0.9642857142857143
12,0.22,26,33,44,7.32869796841233,7.32869796841233,0.0,1,22,18,0.0,0.9545454545454546
12,0.22,27,20,47,6.8914264571099055,6.8914264571099055,0.0,1,28,14,0.0,0.9642857142857143
12,0.23,26,42,33,7.32869796841233,7.32869796841233,0.0,1,22,18,0.0,0.9545454545454546
12,0.23,27,7,20,6.8914264571099055,6.8914264571099055,0.0,1,28,14,0.0,0.9642857142857143
12,0.24,28,26,42,7.32869796841233,7.32869796841233,0.0,2,22,18,0.0,0.9545454545454546
12,0.24,29,3,7,6.8914264571099055,6.8914264571099055,0.0,2,28,14,0.0,0.9642857142857143
12,0.25,30,29,46,7.32869796841233,7.32869796841233,0.0,1,22,18,0.0,0.9545454545454546
12,0.25,31,31,32,6.8914264571099055,6.8914264571099055,0.0,3,28,14,0.0,0.9642857142857143
12,0.26,32,49,29,7.32869796841233,7.32869796841233,0.0,1,22,18,0.0,0.9545454545454546
12,0.26,33,8,45,6.8914264571099055,6.8914264571099055,0.0,1,28,14,0.0,0.9642857142857143
12,0.27,35,37,49,7.32869796841233,7.32869796841233,0.0,2,22,18,0.0,0.9545454545454546
12,0.27,36,31,8,6.8914264571099055,6.8914264571099055,0.0,2,28,14,0.0,0.9642857142857143
12,0.28,37,16,42,7.32869796841233,7.32869796841233,0.0,2,22,18,0.0,0.9545454545454546
12,0.28,38,8,31,6.8914264571099055,6.8914264571099055,0.0,1,28,14,0.0,0.9642857142857143
12,0.29,38,2,32,7.32869796841233,7.32869796841233,0.0,2,22,18,0.0,0.9545454545454546
12,0.29,39,29,8,6.8914264571099055,6.8914264571099055,0.0,2,28,14,0.0,0.9642857142857143
12,0.3,38,17,43,7.32869796841233,7.32869796841233,0.0,1,22,18,0.0,0.9545454545454546
12,0.3,39,5,47,6.8914264571099055,6.8914264571099055,0.0,3,28,14,0.0,0.9642857142857143
12,0.31,40,1,17,7.32869796841233,7.32869796841233,0.0,1,22,18,0.0,0.9545454545454546
12,0.31,41,0,11,6.8914264571099055,6.8914264571099055,0.0,4,28,14,0.0,0.9642857142857143
12,0.32,41,19,1,7.32869796841233,7.32869796841233,0.0,1,22,18,0.0,0.9545454545454546
12,0.32,42,28,0,6.901717141601774,6.901717141601774,0.0,2,26,12,0.0,0.9615384615384616
12,0.32,43,1,48,6.829682350158691,6.829682350158691,0.0,4,2,2,0.0,1.0
12,0.33,41,19,19,7.32869796841233,7.32869796841233,0.0,2,22,18,0.0,0.9545454545454546
12,0.33,42,7,28,6.901717141601774,6.901717141601774,0.0,2,26,12,0.0,0.9615384615384616
12,0.33,43,21,30,6.829682350158691,6.829682350158691,0.0,3,2,2,0.0,1.0
12,0.34,44,9,19,7.32869796841233,7.32869796841233,0.0,2,22,18,0.0,0.9545454545454546
12,0.34,45,5,7,6.901717141601774,6.901717141601774,0.0,6,26,12,0.0,0.9615384615384616
12,0.34,46,12,21,6.829682350158691,6.829682350158691,0.0,2,2,2,0.0,1.0
12,0.35,44,11,23,7.32869796841233,7.32869796841233,0.0,1,22,18,0.0,0.9545454545454546
12,0.35,45,4,5,6.901717141601774,6.901717141601774,0.0,4,26,12,0.0,0.9615384615384616
12,0.35,46,1,12,6.829682350158691,6.829682350158691,0.0,3,2,2,0.0,1.0
12,0.36,44,46,11,7.32869796841233,7.32869796841233,0.0,1,22,18,0.0,0.9545454545454546
12,0.36,45,24,4,6.9482394514661845,6.9482394514661845,0.0,1,25,11,0.0,0.96
12,0.36,46,14,38,6.829682350158691,6.829682350158691,0.0,4,2,2,0.0,1.0
12,0.36,47,8,14,6.389971733093262,6.389971733093262,0.0,3,1,1,0.0,1.0
12,0.37,44,47,46,7.32869796841233,7.32869796841233,0.0,1,22,18,0.0,0.9545454545454546
12,0.37,45,3,24,6.9482394514661845,6.9482394514661845,0.0,3,25,11,0.0,0.96
12,0.37,46,42,49,6.829682350158691,6.829682350158691,0.0,1,2,2,0.0,1.0
12,0.37,47,1,8,6.389971733093262,6.389971733093262,0.0,4,1,1,0.0,1.0
12,0.38,44,25,47,7.32869796841233,7.32869796841233,0.0,1,22,18,0.0,0.9545454545454546
12,0.38,45,15,3,6.9482394514661845,6.9482394514661845,0.0,1,25,11,0.0,0.96
12,0.38,46,43,42,6.829682350158691,6.829682350158691,0.0,1,2,2,0.0,1.0
12,0.38,47,8,26,6.389971733093262,6.389971733093262,0.0,1,1,1,0.0,1.0
12,0.39,47,1,25,7.32869796841233,7.32869796841233,0.0,2,22,18,0.0,0.9545454545454546
12,0.39,48,30,15,6.9482394514661845,6.9482394514661845,0.0,2,25,11,0.0,0.96
12,0.39,49,33,43,6.829682350158691,6.829682350158691,0.0,1,2,2,0.0,1.0
12,0.39,50,23,8,6.389971733093262,6.389971733093262,0.0,3,1,1,0.0,1.0
12,0.4,47,5,1,7.32869796841233,7.32869796841233,0.0,1,22,18,0.0,0.9545454545454546
12,0.4,48,9,37,6.9482394514661845,6.9482394514661845,0.0,3,25,11,0.0,0.96
12,0.4,49,4,33,6.829682350158691,6.829682350158691,0.0,4,2,2,0.0,1.0
12,0.4,50,35,35,6.389971733093262,6.389971733093262,0.0,1,1,1,0.0,1.0
12,0.41,47,25,5,7.32869796841233,7.32869796841233,0.0,1,22,18,0.0,0.9545454545454546
12,0.41,48,4,9,6.9482394514661845,6.9482394514661845,0.0,2,25,11,0.0,0.96
12,0.41,49,31,4,6.829682350158691,6.829682350158691,0.0,1,2,2,0.0,1.0
12,0.41,50,47,35,6.389971733093262,6.389971733093262,0.0,1,1,1,0.0,1.0
12,0.42,48,49,25,7.32869796841233,7.32869796841233,0.0,1,22,18,0.0,0.9545454545454546
12,0.42,49,13,4,6.9482394514661845,6.9482394514661845,0.0,2,25,11,0.0,0.96
12,0.42,50,9,31,6.829682350158691,6.829682350158691,0.0,2,2,2,0.0,1.0
12,0.42,51,17,47,6.389971733093262,6.389971733093262,0.0,2,1,1,0.0,1.0
12,0.43,48,0,49,7.32869796841233,7.32869796841233,0.0,4,22,18,0.0,0.9545454545454546
12,0.43,49,14,13,7.012682914733887,7.012682914733887,0.0,1,4,4,0.0,1.0
12,0.43,50,7,20,6.933590320746104,6.933590320746104,0.0,2,21,10,0.0,0.9523809523809523
12,0.43,51,29,25,6.829682350158691,6.829682350158691,0.0,2,2,2,0.0,1.0
12,0.44,48,4,0,7.32869796841233,7.32869796841233,0.0,1,22,18,0.0,0.9545454545454546
12,0.44,49,49,14,7.012682914733887,7.012682914733887,0.0,1,4,4,0.0,1.0
12,0.44,50,35,7,6.951675097147624,6.951675097147624,0.0,2,3,3,0.0,1.0
12,0.44,51,17,49,6.932494866847992,6.932494866847992,0.0,2,18,10,0.0,0.9444444444444444
12,0.45,48,14,4,7.32869796841233,7.32869796841233,0.0,5,22,18,0.0,0.9545454545454546
12,0.45,49,4,49,7.012682914733887,7.012682914733887,0.0,3,4,4,0.0,1.0
12,0.45,50,5,35,6.951675097147624,6.951675097147624,0.0,1,3,3,0.0,1.0
12,0.45,51,10,36,6.932494866847992,6.932494866847992,0.0,2,18,10,0.0,0.9444444444444444
12,0.46,48,9,15,7.627115885416666,7.627115885416666,0.0,4,9,7,0.0,1.0
12,0.46,49,24,22,7.338296413421631,7.338296413421631,0.0,1,2,2,0.0,1.0
12,0.46,50,40,36,7.094462156295776,7.094462156295776,0.0,2,11,9,0.0,0.9090909090909091
12,0.46,51,13,4,7.012682914733887,7.012682914733887,0.0,1,4,4,0.0,1.0
12,0.47,48,20,22,7.739501476287842,7.739501476287842,0.0,2,3,2,0.0,1.0
12,0.47,49,8,9,7.6690144538879395,7.6690144538879395,0.0,4,2,2,0.0,1.0
12,0.47,50,13,14,7.549177765846252,7.549177765846252,0.0,2,4,4,0.0,1.0
12,0.47,51,25,24,7.338296413421631,7.338296413421631,0.0,3,2,2,0.0,1.0
12,0.48,48,25,20,7.739501476287842,7.739501476287842,0.0,1,3,2,0.0,1.0
12,0.48,49,24,11,7.721878051757812,7.721878051757812,0.0,3,1,1,0.0,1.0
12,0.48,50,7,14,7.632477760314941,7.632477760314941,0.0,1,1,1,0.0,1.0
12,0.48,51,33,13,7.61672306060791,7.61672306060791,0.0,1,3,3,0.0,1.0
12,0.49,48,21,25,7.739501476287842,7.739501476287842,0.0,1,3,2,0.0,1.0
12,0.49,49,4,30,7.721878051757812,7.721878051757812,0.0,4,1,1,0.0,1.0
12,0.49,50,36,7,7.632477760314941,7.632477760314941,0.0,1,1,1,0.0,1.0
12,0.49,51,7,33,7.61672306060791,7.61672306060791,0.0,1,3,3,0.0,1.0
12,0.5,48,3,21,7.739501476287842,7.739501476287842,0.0,2,3,2,0.0,1.0
12,0.5,49,9,47,7.721878051757812,7.721878051757812,0.0,2,1,1,0.0,1.0
12,0.5,50,41,36,7.632477760314941,7.632477760314941,0.0,1,1,1,0.0,1.0
12,0.5,51,12,7,7.61672306060791,7.61672306060791,0.0,2,3,3,0.0,1.0
13,0.0,16,3,3,7.818719881646176,7.833719881646176,0.0,1,50,2,0.06,0.98
13,0.01,16,7,3,7.818719881646176,7.833719881646176,0.0,2,50,2,0.06,0.98
13,0.02,16,2,7,7.818719881646176,7.833719881646176,0.0,2,50,2,0.06,0.98
13,0.03,16,17,2,7.818719881646176,7.833719881646176,0.0,4,50,2,0.06,0.98
13,0.04,16,43,21,7.818719881646176,7.833719881646176,0.0,1,50,2,0.06,0.98
13,0.05,16,11,43,7.818719881646176,7.833719881646176,0.0,3,50,2,0.06,0.98
13,0.06,16,16,11,7.818719881646176,7.833719881646176,0.0,3,50,2,0.06,0.98
13,0.07,17,13,29,7.818719881646176,7.833719881646176,0.0,1,50,2,0.06,0.98
13,0.08,17,14,13,7.818719881646176,7.833719881646176,0.0,2,50,2,0.06,0.98
13,0.09,18,2,14,7.818719881646176,7.833719881646176,0.0,6,50,2,0.06,0.98
13,0.1,18,26,13,7.818719881646176,7.833719881646176,0.0,2,50,2,0.06,0.98
13,0.11,18,17,26,7.818719881646176,7.833719881646176,0.0,2,50,2,0.06,0.98
13,0.12,18,11,17,7.818719881646176,7.833719881646176,0.0,3,50,2,0.06,0.98
13,0.13,18,43,11,7.818719881646176,7.833719881646176,0.0,1,50,2,0.06,0.98
13,0.14,18,36,43,7.818719881646176,7.833719881646176,0.0,1,50,2,0.06,0.98
13,0.15,21,6,36,7.818719881646176,7.833719881646176,0.0,2,50,2,0.06,0.98
13,0.16,22,10,47,7.818719881646176,7.833719881646176,0.0,2,50,2,0.06,0.98
13,0.17,22,35,28,7.818719881646176,7.833719881646176,0.0,3,50,2,0.06,0.98
13,0.18,24,47,49,7.818719881646176,7.833719881646176,0.0,2,50,2,0.06,0.98
13,0.19,24,2,47,7.818719881646176,7.833719881646176,0.0,2,50,2,0.06,0.98
13,0.2,26,5,2,7.818719881646176,7.833719881646176,0.0,2,50,2,0.06,0.98
13,0.21,27,16,13,7.818719881646176,7.833719881646176,0.0,2,50,2,0.06,0.98
13,0.22,28,7,16,7.818719881646176,7.833719881646176,0.0,3,50,2,0.06,0.98
13,0.23,28,4,29,7.818719881646176,7.833719881646176,0.0,5,50,2,0.06,0.98
13,0.24,30,21,4,7.818719881646176,7.833719881646176,0.0,1,50,2,0.06,0.98
13,0.25,32,31,21,7.818719881646176,7.833719881646176,0.0,1,50,2,0.06,0.98
13,0.26,34,5,31,7.818719881646176,7.833719881646176,0.0,2,50,2,0.06,0.98
13,0.27,37,17,5,7.818719881646176,7.833719881646176,0.0,2,50,2,0.06,0.98
13,0.28,39,25,32,7.981508661199499,7.999365804056643,0.0,1,28,1,0.07142857142857142,0.9642857142857143
13,0.28,40,23,17,7.791564357280731,7.802927993644368,0.0,2,22,2,0.045454545454545456,1.0
13,0.29,40,4,25,7.981508661199499,7.999365804056643,0.0,3,28,1,0.07142857142857142,0.9642857142857143
13,0.29,41,24,33,7.791564357280731,7.802927993644368,0.0,1,22,2,0.045454545454545456,1.0
13,0.3,40,28,48,7.981508661199499,7.999365804056643,0.0,1,28,1,0.07142857142857142,0.9642857142857143
13,0.3,41,12,24,7.791564357280731,7.802927993644368,0.0,4,22,2,0.045454545454545456,1.0
13,0.31,42,1,28,7.981508661199499,7.999365804056643,0.0,2,28,1,0.07142857142857142,0.9642857142857143
13,0.31,43,10,12,7.791564357280731,7.802927993644368,0.0,2,22,2,0.045454545454545456,1.0
13,0.32,44,9,1,7.981508661199499,7.999365804056643,0.0,3,28,1,0.07142857142857142,0.9642857142857143
13,0.32,45,7,14,7.791564357280731,7.802927993644368,0.0,1,22,2,0.045454545454545456,1.0
13,0.33,44,6,9,8.003251552581787,8.024084885915121,0.0,2,24,1,0.08333333333333333,0.9583333333333334
13,0.33,45,18,7,7.791564357280731,7.802927993644368,0.0,3,22,2,0.045454545454545456,1.0
13,0.34,47,5,42,8.003251552581787,8.024084885915121,0.0,2,24,1,0.08333333333333333,0.9583333333333334
13,0.34,48,1,14,7.831530570983887,7.831530570983887,0.0,2,1,1,0.0,1.0
13,0.34,49,4,49,7.791564357280731,7.802927993644368,0.0,4,22,2,0.045454545454545456,1.0
13,0.35,47,28,13,8.003251552581787,8.024084885915121,0.0,2,24,1,0.08333333333333333,0.9583333333333334
13,0.35,48,24,7,7.864805857340495,7.864805857340495,0.0,1,3,1,0.0,1.0
13,0.35,49,7,33,7.791564357280731,7.802927993644368,0.0,3,22,2,0.045454545454545456,1.0
13,0.36,48,21,28,8.003251552581787,8.024084885915121,0.0,1,24,1,0.08333333333333333,0.9583333333333334
13,0.36,49,26,24,7.864805857340495,7.864805857340495,0.0,2,3,1,0.0,1.0
13,0.36,50,5,49,7.838089942932129,7.838089942932129,0.0,1,2,1,0.0,1.0
13,0.37,48,26,21,8.003251552581787,8.024084885915121,0.0,1,24,1,0.08333333333333333,0.9583333333333334
13,0.37,49,14,48,7.864805857340495,7.864805857340495,0.0,2,3,1,0.0,1.0
13,0.37,50,13,5,7.838089942932129,7.838089942932129,0.0,3,2,1,0.0,1.0
13,0.38,48,48,26,8.003251552581787,8.024084885915121,0.0,1,24,1,0.08333333333333333,0.9583333333333334
13,0.38,49,5,49,7.864805857340495,7.864805857340495,0.0,1,3,1,0.0,1.0
13,0.38,50,9,13,7.838089942932129,7.838089942932129,0.0,5,2,1,0.0,1.0
13,0.38,51,15,0,7.831530570983887,7.831530570983887,0.0,2,1,1,0.0,1.0
13,0.39,51,27,48,8.003251552581787,8.024084885915121,0.0,4,24,1,0.08333333333333333,0.9583333333333334
13,0.39,52,2,5,7.864805857340495,7.864805857340495,0.0,4,3,1,0.0,1.0
13,0.39,53,6,23,7.838089942932129,7.838089942932129,0.0,1,2,1,0.0,1.0
13,0.39,54,16,15,7.831530570983887,7.831530570983887,0.0,3,1,1,0.0,1.0
13,0.4,51,29,32,8.079826653003693,8.111076653003693,0.0,1,16,1,0.125,1.0
13,0.4,52,20,20,7.864805857340495,7.864805857340495,0.0,3,3,1,0.0,1.0
13,0.4,53,9,6,7.838089942932129,7.838089942932129,0.0,2,2,1,0.0,1.0
13,0.4,54,14,16,7.831530570983887,7.831530570983887,0.0,1,1,1,0.0,1.0
13,0.41,51,26,29,8.079826653003693,8.111076653003693,0.0,2,16,1,0.125,1.0
13,0.41,52,46,32,7.864805857340495,7.864805857340495,0.0,1,3,1,0.0,1.0
13,0.41,53,29,9,7.838089942932129,7.838089942932129,0.0,2,2,1,0.0,1.0
13,0.41,54,11,14,7.831530570983887,7.831530570983887,0.0,2,1,1,0.0,1.0
13,0.42,52,17,26,8.079826653003693,8.111076653003693,0.0,2,16,1,0.125,1.0
13,0.42,53,1,46,7.864805857340495,7.864805857340495,0.0,2,3,1,0.0,1.0
13,0.42,54,49,31,7.838089942932129,7.838089942932129,0.0,1,2,1,0.0,1.0
13,0.42,55,27,11,7.831530570983887,7.831530570983887,0.0,1,1,1,0.0,1.0
13,0.43,52,34,38,8.13485336303711,8.13485336303711,0.0,2,1,1,0.0,1.0
13,0.43,53,6,1,7.864805857340495,7.864805857340495,0.0,2,3,1,0.0,1.0
13,0.43,54,7,49,7.838089942932129,7.838089942932129,0.0,1,2,1,0.0,1.0
13,0.43,55,5,27,7.831530570983887,7.831530570983887,0.0,3,1,1,0.0,1.0
13,0.44,52,4,34,8.13485336303711,8.13485336303711,0.0,3,1,1,0.0,1.0
13,0.44,53,6,15,7.865407466888428,7.865407466888428,0.0,2,1,1,0.0,1.0
13,0.44,54,24,7,7.838089942932129,7.838089942932129,0.0,2,2,1,0.0,1.0
13,0.44,55,0,9,7.831530570983887,7.831530570983887,0.0,1,1,1,0.0,1.0
13,0.45,52,25,47,8.13485336303711,8.13485336303711,0.0,3,1,1,0.0,1.0
13,0.45,53,18,17,7.865407466888428,7.865407466888428,0.0,2,1,1,0.0,1.0
13,0.45,54,16,45,7.838089942932129,7.838089942932129,0.0,1,2,1,0.0,1.0
13,0.45,55,2,0,7.831530570983887,7.831530570983887,0.0,2,1,1,0.0,1.0
13,0.46,52,6,43,8.13485336303711,8.13485336303711,0.0,3,1,1,0.0,1.0
13,0.46,53,0,18,7.865407466888428,7.865407466888428,0.0,3,1,1,0.0,1.0
13,0.46,54,1,12,7.864505052566528,7.864505052566528,0.0,1,2,1,0.0,1.0
13,0.46,55,31,16,7.838089942932129,7.838089942932129,0.0,2,2,1,0.0,1.0
13,0.47,52,10,6,8.13485336303711,8.13485336303711,0.0,2,1,1,0.0,1.0
13,0.47,53,36,11,8.134674628575643,8.17634129524231,0.0,2,12,1,0.16666666666666666,1.0
13,0.47,54,30,27,7.865407466888428,7.865407466888428,0.0,2,1,1,0.0,1.0
13,0.47,55,2,1,7.864505052566528,7.864505052566528,0.0,1,2,1,0.0,1.0
13,0.48,52,19,48,8.194825808207193,8.278159141540527,0.0,2,6,1,0.3333333333333333,1.0
13,0.48,53,41,10,8.13485336303711,8.13485336303711,0.0,1,1,1,0.0,1.0
13,0.48,54,7,33,7.865407466888428,7.865407466888428,0.0,2,1,1,0.0,1.0
13,0.48,55,12,2,7.864505052566528,7.864505052566528,0.0,1,2,1,0.0,1.0
13,0.49,52,5,19,8.194825808207193,8.278159141540527,0.0,3,6,1,0.3333333333333333,1.0
13,0.49,53,44,41,8.13485336303711,8.13485336303711,0.0,1,1,1,0.0,1.0
13,0.49,54,33,28,8.09385359287262,8.15635359287262,0.0,3,4,1,0.25,1.0
13,0.49,55,6,35,7.865407466888428,7.865407466888428,0.0,1,1,1,0.0,1.0
13,0.5,52,29,33,8.295255661010742,8.545255661010742,0.0,1,1,1,1.0,1.0
13,0.5,53,5,48,8.194825808207193,8.278159141540527,0.0,4,6,1,0.3333333333333333,1.0
13,0.5,54,20,44,8.13485336303711,8.13485336303711,0.0,1,1,1,0.0,1.0
13,0.5,55,2,6,7.865407466888428,7.865407466888428,0.0,1,1,1,0.0,1.0
