arm,batch,time,state_time,monitored_coordinate_view,state_time_semantics,within_control_state_window,n_available,mean_reward,mean_standardized_residual,global_centroid_x,global_centroid_y,global_centroid_z,shape_xx,shape_yy,shape_zz,shape_xy,shape_xz,shape_yz,pair_kernel_1.5,pair_kernel_2.5,pair_kernel_3.5,pair_kernel_5.0,pair_kernel_7.0,landmark_00_softmin,landmark_00_occupancy3,landmark_00_occupancy5,landmark_01_softmin,landmark_01_occupancy3,landmark_01_occupancy5,landmark_02_softmin,landmark_02_occupancy3,landmark_02_occupancy5,landmark_03_softmin,landmark_03_occupancy3,landmark_03_occupancy5,landmark_04_softmin,landmark_04_occupancy3,landmark_04_occupancy5,landmark_05_softmin,landmark_05_occupancy3,landmark_05_occupancy5,landmark_06_softmin,landmark_06_occupancy3,landmark_06_occupancy5,landmark_07_softmin,landmark_07_occupancy3,landmark_07_occupancy5,landmark_08_softmin,landmark_08_occupancy3,landmark_08_occupancy5,landmark_09_softmin,landmark_09_occupancy3,landmark_09_occupancy5,landmark_10_softmin,landmark_10_occupancy3,landmark_10_occupancy5,landmark_11_softmin,landmark_11_occupancy3,landmark_11_occupancy5,landmark_12_softmin,landmark_12_occupancy3,landmark_12_occupancy5,landmark_13_softmin,landmark_13_occupancy3,landmark_13_occupancy5,landmark_14_softmin,landmark_14_occupancy3,landmark_14_occupancy5,landmark_15_softmin,landmark_15_occupancy3,landmark_15_occupancy5,landmark_16_softmin,landmark_16_occupancy3,landmark_16_occupancy5,landmark_17_softmin,landmark_17_occupancy3,landmark_17_occupancy5,landmark_18_softmin,landmark_18_occupancy3,landmark_18_occupancy5,landmark_19_softmin,landmark_19_occupancy3,landmark_19_occupancy5
gradient,0,0,0.00999999977648,predicted,Actual proposal support boundary; monitored coordinates are pre-native endpoint forecast,True,50,-0.29078454973,0.758105970406,-0.114538376179,-0.0252743298197,0.241921381626,0.0479799387969,6.09461169479,6.4319467951,0.151407869475,-0.50718948568,1.99170087274,0.177738579177,0.259902040295,0.28205869949,0.262445673256,0.218734276407,4.68770080642,0.187562455354,0.719759296581,9.79690654632,1.25119978842e-08,0.000124550727314,9.21591622496,2.16574565103e-07,0.000802571352243,9.33763715448,1.7403762185e-07,0.000555133549237,8.29065560453,1.46433554864e-05,0.00915696259793,9.84295700201,2.17401408814e-08,0.000139395873215,9.25030608422,1.58191204318e-07,0.000653959107578,8.20033516942,4.98225074453e-06,0.00847642881374,9.36545726096,7.18910287929e-08,0.000389052924839,9.02691166594,1.10816168864e-06,0.00159976337035,8.53104194774,3.52994724222e-06,0.00441293286669,8.18708932643,1.45958229784e-05,0.0108661352952,8.54150391399,6.10411707595e-06,0.00474415462639,4.49282952854,0.200679116529,0.372668699915,8.4228997029,1.62304307008e-05,0.00716431998994,9.38569769968,9.59958920739e-08,0.000416634851322,5.23827294463,0.0535977057573,0.28208027266,7.38086114549,0.000242018592613,0.0565843732003,8.77156561211,1.51939479886e-06,0.00258988914267,5.57201629038,0.031151103695,0.194863948854
gradient,0,0.01,0.019999999553,predicted,Actual proposal support boundary; monitored coordinates are pre-native endpoint forecast,True,50,-0.244942403541,0.687279876456,-0.0904421494865,-0.0227824658537,0.164012543831,0.0437327554038,5.79245817869,6.09930011255,0.00574644540512,-0.439796564826,1.87269588356,0.186721229743,0.271483465129,0.292650558092,0.268946441047,0.213451580048,4.61903581479,0.201692986439,0.725949598693,9.83332330428,1.03513122022e-08,0.000110047367179,9.36938952346,1.00853946547e-07,0.000490171952664,9.3184009278,1.9950609293e-07,0.00060224872236,8.31742358407,1.12736083755e-05,0.00853631374598,9.83373067905,2.51714281486e-08,0.000152178650717,9.29121063897,1.19174350127e-07,0.000555668358464,8.18972435842,5.2440058053e-06,0.00867433741768,9.39494469495,6.98781777367e-08,0.000363836672476,9.13277427253,5.7405366701e-07,0.00113782327421,8.61964292835,2.54511445864e-06,0.003483918373,8.27607058853,9.70925547775e-06,0.00871472191251,8.59206830746,4.27452113857e-06,0.00408799919493,4.51468927363,0.192893817989,0.371363271814,8.64095061744,5.68286710783e-06,0.00434869038593,9.31734063521,1.89931355512e-07,0.000585061764972,5.27362817045,0.0544929043741,0.289318133156,7.33254978713,0.000274994097608,0.0625397336576,8.81528014976,9.59827276141e-07,0.00218257567518,5.53952639605,0.0314111114078,0.184424538666
gradient,0,0.02,0.0299999993294,predicted,Actual proposal support boundary; monitored coordinates are pre-native endpoint forecast,True,50,-0.212249423207,0.631930328989,-0.0876047371292,-0.00756847981453,0.100780231628,0.0441787265601,5.77108312179,6.09749595966,-0.0389449090579,-0.426095300368,1.83396136586,0.189104693991,0.271475145877,0.293587572749,0.268526677775,0.212079479939,4.62601246949,0.19804890131,0.725226582335,9.79831466489,1.30085032886e-08,0.000126975141635,9.39564653948,9.13185615068e-08,0.000454260378671,9.30558667775,2.00762052088e-07,0.000618850651109,8.26736072194,1.40171190958e-05,0.0095390842999,9.82031163936,2.7836637413e-08,0.000162136466064,9.28335494653,1.20005176299e-07,0.000565040511192,8.17536105584,5.53605760817e-06,0.00898889274254,9.36789101336,7.92089035879e-08,0.000397875497886,9.16078414611,4.711170913e-07,0.00103614386701,8.64874078988,2.32641697755e-06,0.00324240382825,8.29937209599,8.84079035864e-06,0.0082125133016,8.60831941421,3.54873653822e-06,0.00385257606993,4.53941994603,0.188993941629,0.367781786713,8.70485452818,3.87717251612e-06,0.00369061789311,9.30059254164,2.23295385208e-07,0.00063856027807,5.27405640271,0.056542859514,0.297889465734,7.30983435733,0.000296554395077,0.0653389096239,8.79282397169,1.03887949525e-06,0.0023282865724,5.48088967914,0.0345799855077,0.184913987713
gradient,0,0.03,0.0399999991059,predicted,Actual proposal support boundary; monitored coordinates are pre-native endpoint forecast,True,50,-0.192081920972,0.603096904659,-0.0781242512131,0.0369939744091,0.066627050314,0.0457292055618,5.86794561477,6.19828469345,-0.0501095702423,-0.421068417075,1.89616712329,0.189150920014,0.267589120572,0.290387453116,0.265674245659,0.213969338619,4.64109639011,0.191454551665,0.724212616494,9.72296325212,2.16010001081e-08,0.000171712962299,9.41614269293,8.07724614849e-08,0.000420788300217,9.2782252407,2.09354563516e-07,0.000658527608233,8.23110055278,1.72055135633e-05,0.0103002768195,9.79607330177,3.3359548166e-08,0.000181061195807,9.28183359905,1.13850206331e-07,0.000556834623733,8.18150753603,5.25255271214e-06,0.00878995478782,9.32634120866,9.53085715986e-08,0.000457215941353,9.16462270345,4.63432015679e-07,0.00103042082369,8.67675337933,2.10648684605e-06,0.00303989448083,8.27422946683,9.70001273723e-06,0.00870555338618,8.5828525569,3.6270519615e-06,0.00407229868787,4.56481722102,0.184606295067,0.36731053085,8.72544548052,3.50243487912e-06,0.00351095835409,9.27748568833,2.66032139214e-07,0.000705448606615,5.25674618196,0.0591857444323,0.307051589578,7.29682835585,0.000309908047819,0.0670286093038,8.76713443361,1.22961312484e-06,0.00253091410706,5.42127298041,0.0385331220271,0.182815185319
gradient,0,0.04,0.0499999970198,predicted,Actual proposal support boundary; monitored coordinates are pre-native endpoint forecast,True,50,-0.175411002443,0.576711734233,-0.0704902575874,0.0599548005676,0.0711267503834,0.048432207251,5.92683426064,6.25053867831,-0.0598595629889,-0.426992321109,1.89110374518,0.189380289636,0.264788445094,0.288768144008,0.264713521463,0.215061367742,4.63676109189,0.189534143132,0.725933549426,9.6680312096,3.21034579543e-08,0.000214940073381,9.43517844674,7.23221374887e-08,0.000392923530418,9.25704194234,2.20816408719e-07,0.000696244639933,8.24483504934,1.65338516389e-05,0.00995055775666,9.73578993005,4.75623157287e-08,0.000225520373263,9.28367488513,1.10267599419e-07,0.000549596212052,8.19551556475,4.87868368993e-06,0.00843319732715,9.30141450393,1.11580932265e-07,0.000503538146105,9.16144037805,4.52043752121e-07,0.00103256574951,8.68277278433,2.12719113364e-06,0.00302304843646,8.26432998979,1.02792913306e-05,0.00890823850102,8.56059992207,3.97250616496e-06,0.0043029423998,4.5805470952,0.181883079004,0.371077951853,8.73578860962,3.23627671613e-06,0.00341052447724,9.2365809579,3.34486589637e-07,0.000811477294533,5.25893599245,0.0597271555868,0.313680528104,7.29213650908,0.000316285086358,0.067624768495,8.76678058733,1.30452239245e-06,0.00256066923756,5.38654669803,0.0406551616246,0.17859558645
gradient,0,0.05,0.0599999986589,predicted,Actual proposal support boundary; monitored coordinates are pre-native endpoint forecast,True,50,-0.158202273644,0.534210498939,-0.065149006691,0.0580975818253,0.0759918912983,0.0495357818028,5.96120542521,6.33158237212,-0.0739338150719,-0.421299282792,1.97671171626,0.189577858118,0.264276079495,0.287194357115,0.263203554624,0.213684564615,4.62649548392,0.190121516539,0.722719039136,9.65589626627,3.51559019761e-08,0.000226996062241,9.4353393457,6.99582059277e-08,0.000387477647671,9.22895014805,2.46487307677e-07,0.000761815421968,8.2377681131,1.73753221439e-05,0.0100925096248,9.69449748929,6.01248910291e-08,0.000260689064966,9.26655846664,1.19066164843e-07,0.000578428037898,8.19720367897,4.82822979315e-06,0.00839554736366,9.28341652557,1.26887980076e-07,0.000543911297514,9.12811247778,5.63962900561e-07,0.00116047323007,8.69713073324,2.03127662935e-06,0.00291995089992,8.24330154577,1.15501743245e-05,0.00939322401468,8.58133028916,3.52449611674e-06,0.00406298475494,4.59490651595,0.179518831495,0.374687053234,8.69793986514,4.04081225651e-06,0.00377797953981,9.19512059122,4.24038371373e-07,0.000934053504256,5.30322739619,0.0565322700795,0.314349178976,7.28968780773,0.000315150076314,0.068148458607,8.76215281037,1.34722574713e-06,0.00259940036695,5.34613277181,0.0429010952077,0.173232692718
gradient,0,0.06,0.070000000298,predicted,Actual proposal support boundary; monitored coordinates are pre-native endpoint forecast,True,50,-0.145285920703,0.507781461635,-0.0631776188278,0.0508287810898,0.115789820824,0.0502188790669,5.93382832538,6.48803552164,-0.071016157465,-0.434306267399,2.16601927517,0.190490079171,0.264152412193,0.285903750874,0.259997555367,0.212487692631,4.6166049669,0.192207898745,0.720267358799,9.69976156998,2.82785801496e-08,0.000197016507998,9.4309761343,6.63402446079e-08,0.000385561308606,9.21077248983,2.57936964596e-07,0.000803785243396,8.20980110974,2.07132406866e-05,0.0107648784735,9.6608577987,7.25235817879e-08,0.000292463624747,9.27069047427,1.1596538086e-07,0.000568454577445,8.19970829058,4.89170153461e-06,0.00838197385723,9.27842316143,1.29986758558e-07,0.000556181896492,9.08341772747,7.86716430901e-07,0.00135879811954,8.69468723828,2.13998559751e-06,0.00296191538763,8.19884978291,1.43285152379e-05,0.0104702881116,8.63544422144,2.75224828138e-06,0.00351627610005,4.59247866527,0.182032794063,0.377474732382,8.623822798,6.42401266492e-06,0.00457027069772,9.1790688934,4.58441566185e-07,0.000981645710855,5.39497055562,0.0492250037604,0.309556973885,7.28878569266,0.000316138118933,0.0682222277269,8.78267257391,1.23787592022e-06,0.00244932881509,5.34059750616,0.043731817587,0.168398765183
gradient,0,0.07,0.0799999982119,predicted,Actual proposal support boundary; monitored coordinates are pre-native endpoint forecast,True,50,-0.133778216763,0.487375573257,-0.0664073942566,0.04455065485,0.165998483572,0.0523484832641,5.96358261246,6.56924488818,-0.0705689978227,-0.453944354848,2.33327058657,0.190815258838,0.265148909436,0.28328552044,0.257865134954,0.212030651304,4.60198072572,0.196015750459,0.714439626722,9.73464203753,2.40220926419e-08,0.000176651098848,9.41545500531,6.80925636409e-08,0.00040047040345,9.17303975884,3.00800881009e-07,0.000899224153561,8.18489567387,2.50715836787e-05,0.0113872327964,9.63135133185,8.64807528592e-08,0.000325131561852,9.27300016085,1.12788709381e-07,0.000561656500886,8.21090129538,4.75084217949e-06,0.00817816068433,9.27971010821,1.2924637739e-07,0.000559829037497,9.04338270611,1.03179656499e-06,0.00155336127663,8.68456712573,2.30279735561e-06,0.00305602414655,8.17233669143,1.59453623578e-05,0.0111188785952,8.67752263365,2.32434736899e-06,0.00314623885424,4.57961707652,0.187691450978,0.377730147851,8.55136805627,9.55846652786e-06,0.00543607295543,9.17291793779,4.75005276087e-07,0.00100079149675,5.46314272276,0.0438671436901,0.30344478795,7.29870187356,0.000302974925215,0.0671102184222,8.78780999704,1.23544671889e-06,0.00242366551491,5.35726332419,0.0436086563918,0.16283207752
gradient,0,0.08,0.0899999961257,predicted,Actual proposal support boundary; monitored coordinates are pre-native endpoint forecast,True,50,-0.13165230416,0.488274817513,-0.0630538867378,0.0383081650352,0.200634740267,0.0539576557311,5.94776480441,6.68257538377,-0.0514575172483,-0.459169107544,2.42415060036,0.189518031168,0.26577035705,0.281543811601,0.255721284384,0.211773941549,4.59064596634,0.199168246694,0.711286933957,9.75694531945,2.21026521707e-08,0.000165715486683,9.41938179749,6.58648561574e-08,0.000393033215615,9.15814936205,3.14121986918e-07,0.000937245895242,8.14238332732,3.10862008875e-05,0.0124927134199,9.54244525962,1.46218235704e-07,0.000444381879734,9.28629502864,1.02522524621e-07,0.000534185370524,8.22393311972,4.45986756966e-06,0.00790790375916,9.26443440178,1.40659377695e-07,0.000594559155035,9.02893382804,1.12308734792e-06,0.00162432304438,8.66051454205,2.69830502078e-06,0.00329706614823,8.14352796679,1.81633526563e-05,0.0118827711223,8.71062835686,2.02087489386e-06,0.00288149264607,4.58040064862,0.18940581729,0.380389695441,8.52260987381,1.09369130298e-05,0.00579859033692,9.1240376138,6.5876201681e-07,0.0011826946749,5.52167960994,0.0395952587197,0.296226473249,7.29702685698,0.000306053072132,0.067246104145,8.79679159838,1.1847352928e-06,0.00235897257221,5.35064879661,0.0444589907361,0.157752707656
gradient,0,0.09,0.0999999940395,predicted,Actual proposal support boundary; monitored coordinates are pre-native endpoint forecast,True,50,-0.124194977977,0.463765627974,-0.0557746075058,0.0371232652283,0.206576311264,0.0569694695727,5.97613300897,6.78747889122,-0.0380220402209,-0.460106666009,2.49280730638,0.188178457258,0.265341985361,0.279358060651,0.252756744496,0.211785843427,4.58562598131,0.199355656967,0.707764816234,9.74767597745,2.41999809574e-08,0.000173374202053,9.38315463999,8.19258031973e-08,0.000446970202049,9.16249903676,3.02925948423e-07,0.000922949359651,8.13718200087,3.13842842176e-05,0.0126292907483,9.45233528904,2.40086174206e-07,0.000596075043933,9.25560917438,1.19887845289e-07,0.000591029294641,8.23263633511,4.24103563567e-06,0.0077170973083,9.25637121652,1.45693778917e-07,0.000610856455425,9.03498194171,1.07196032218e-06,0.00158852251444,8.6587138459,2.86213375107e-06,0.00335536176529,8.1363090733,1.85932587067e-05,0.0120646203484,8.70484366068,2.11961950404e-06,0.00294656871458,4.5820714947,0.189268266957,0.379983420441,8.51448775101,1.10251316329e-05,0.00588735285438,9.07215670313,8.99731246466e-07,0.00139747353563,5.53244656372,0.0387728863228,0.293815888043,7.28340446972,0.000326550623293,0.0686640438287,8.76555964308,1.38451635837e-06,0.00258160474175,5.35316070918,0.0446775778845,0.155553307289
gradient,0,0.1,0.109999999404,predicted,Actual proposal support boundary; monitored coordinates are pre-native endpoint forecast,True,50,-0.124308907462,0.462813484174,-0.0538077472115,0.0298382830238,0.196545126114,0.0610272874825,6.05208756857,6.90374453998,-0.0266443836552,-0.454500462212,2.55636275997,0.186014234866,0.263742027316,0.275956826567,0.249393263945,0.21189265926,4.59070282911,0.196310868082,0.702880424793,9.74112532577,2.54023794832e-08,0.000177432025971,9.32612128932,1.19596410472e-07,0.000549681857743,9.14874960402,3.27272577986e-07,0.000968019567943,8.12423152232,3.26603917155e-05,0.0129572839343,9.34826686875,4.16203519694e-07,0.000822497864721,9.21924605668,1.45638706145e-07,0.00066501492115,8.23174382312,4.25051598427e-06,0.00773356612186,9.24885212475,1.48630755641e-07,0.000622377665673,9.02093747912,1.16838020706e-06,0.00165822243695,8.65684988866,2.98766862344e-06,0.0034058643025,8.13412982033,1.8601900392e-05,0.0121206290262,8.69964373174,2.21301076849e-06,0.00300750610119,4.58511714899,0.187685273634,0.378463057002,8.49063705837,1.20590231156e-05,0.00618306801636,9.01390269496,1.26318647901e-06,0.00167955388485,5.54015132698,0.038237102232,0.293687646189,7.27507368395,0.000339563660785,0.0695103215986,8.71684963339,1.83020127221e-06,0.00298000222592,5.34713766295,0.0454788763137,0.15597568792
gradient,0,0.11,0.119999997318,predicted,Actual proposal support boundary; monitored coordinates are pre-native endpoint forecast,True,50,-0.115144644695,0.44303198618,-0.0531747005844,0.0322060155487,0.179852906737,0.0645114591757,6.15185440946,6.98292611428,-0.0104510470334,-0.45656003619,2.55300855648,0.18369986299,0.261523479778,0.272929365889,0.247459131559,0.210447767318,4.59512318845,0.193529595188,0.697714661629,9.70639982646,3.03729135338e-08,0.000198461186275,9.22733644046,2.89421894166e-07,0.000821117660667,9.14026689693,3.3972946947e-07,0.000990436462561,8.11898755716,3.24097128859e-05,0.0130789065874,9.29007883676,5.63399149052e-07,0.000979686841269,9.18562291804,1.986324835e-07,0.000761447969884,8.23438623505,4.10763283108e-06,0.00765397267844,9.22920793564,1.59820739146e-07,0.000657499230798,9.00856753757,1.22405644948e-06,0.00170736873337,8.65603525838,2.92399523271e-06,0.00342097622758,8.12884569397,1.90749524287e-05,0.012277361648,8.68226892769,2.42448799115e-06,0.00316950834382,4.5923124539,0.186132755509,0.377579680527,8.48455485127,1.13966052939e-05,0.00623169690833,8.98395050742,1.51349192089e-06,0.00184685537267,5.52079450121,0.0394045784587,0.294809557016,7.2689755263,0.000351655867177,0.0700456741056,8.67307295955,2.45550524138e-06,0.00340354957109,5.32542370522,0.0470990549521,0.158707267072
gradient,0,0.12,0.129999995232,predicted,Actual proposal support boundary; monitored coordinates are pre-native endpoint forecast,True,50,-0.108105213596,0.425690253031,-0.0529373000526,0.044143757782,0.176541278038,0.0699753344078,6.24493720185,7.00192706789,0.0157288497114,-0.453918701215,2.53471859022,0.183199653673,0.260554354863,0.2710340682,0.247025768243,0.207132450649,4.5937802944,0.192828536311,0.695152661378,9.66690997124,3.74116504276e-08,0.00022583963082,9.07322494864,9.51870046136e-07,0.00144847540388,9.12607189835,3.60716750874e-07,0.00102901562185,8.14499684276,2.84315228084e-05,0.0123831822396,9.24909885774,6.9584954977e-07,0.001105595732,9.15242082173,3.10990146838e-07,0.000900343115105,8.2392707398,3.92569518822e-06,0.00752465937291,9.21119159796,1.77700118453e-07,0.000699468688461,9.00632436233,1.21279067082e-06,0.00170747843731,8.64756312517,3.0395412809e-06,0.00352196808809,8.12026051127,1.96306774887e-05,0.0125242354166,8.6559113283,2.77688970446e-06,0.0034302947567,4.60078147817,0.184393618107,0.378485018023,8.46491796476,1.11543702945e-05,0.00652878815026,8.95370111697,1.81377881485e-06,0.00202899394022,5.49411327354,0.040950795977,0.295354060671,7.27267860905,0.000347748837466,0.0695895641254,8.63409871084,3.52719263297e-06,0.00387578394383,5.31371866614,0.0479286650818,0.160469775623
gradient,0,0.13,0.140000000596,predicted,Actual proposal support boundary; monitored coordinates are pre-native endpoint forecast,True,50,-0.114817238193,0.447650605858,-0.0487470243835,0.0652425908661,0.160197985444,0.0734157223457,6.26633945819,6.97394634162,0.0322127144959,-0.444538508665,2.50866038638,0.183681294636,0.25929442168,0.272303750407,0.246552398364,0.205723636321,4.60757070615,0.190757182789,0.698659676791,9.64471610038,4.15175699495e-08,0.000241112467479,9.01739465274,1.43488145822e-06,0.00176096883278,9.12079196492,3.6596820781e-07,0.0010397625173,8.16257514191,2.62921589061e-05,0.0119151800558,9.20923601497,8.57667559469e-07,0.00124431967347,9.15823114377,3.40208261485e-07,0.000908401318937,8.24144378246,3.7799695954e-06,0.00743097300642,9.20491904447,1.82567650465e-07,0.000712312390672,9.02423713642,1.09658725838e-06,0.00161678543177,8.64639928626,3.01622551809e-06,0.00355726169732,8.11060777643,2.0401254868e-05,0.012808642742,8.6241048446,3.20436756428e-06,0.00374980407751,4.6164215825,0.180386941836,0.378888895751,8.48113592425,9.77927449022e-06,0.00630900064405,8.92388977369,2.18285394726e-06,0.00222893242181,5.4653015639,0.0428120181603,0.29808015914,7.26907672123,0.000350303779916,0.0701566731192,8.63018181326,3.88781666795e-06,0.00395989403345,5.31060482602,0.0481213110729,0.161033196932
gradient,0,0.14,0.149999991059,predicted,Actual proposal support boundary; monitored coordinates are pre-native endpoint forecast,True,50,-0.119568810443,0.439702616833,-0.046627197113,0.0579971575356,0.131258810732,0.0743110925074,6.32917420455,6.9162649149,0.061435779606,-0.422512506496,2.44580100653,0.183284029225,0.258530386197,0.272070283664,0.246739628709,0.20546112131,4.62633215548,0.187968771436,0.700617423684,9.60744791067,4.9630999554e-08,0.00027054227155,8.97583403814,1.84814883056e-06,0.00200238048805,9.12889626081,3.5664087843e-07,0.00101730317186,8.18235485814,2.33058924369e-05,0.0113944283377,9.22133590937,8.16660126884e-07,0.00120932343552,9.16301060625,3.56409197014e-07,0.000910559159388,8.23681622026,3.79680167959e-06,0.00749733829156,9.20208574879,1.8458993938e-07,0.000716433830309,9.01904340442,1.10560329721e-06,0.00163346712216,8.63168510101,3.16197366268e-06,0.00370353758547,8.10740725931,2.06304179755e-05,0.0129147782787,8.5862944978,3.82774758703e-06,0.00417249620157,4.63252476794,0.175375338465,0.375801904197,8.46423371328,1.00459090428e-05,0.00657674688187,8.91229933675,2.36832857695e-06,0.00231820098561,5.42438993957,0.045538086412,0.297491094256,7.26486105852,0.000353247515282,0.0708015110482,8.63662868349,3.83173779437e-06,0.00388679873814,5.30401964141,0.0483736971334,0.163257641006
gradient,0,0.15,0.159999996424,predicted,Actual proposal support boundary; monitored coordinates are pre-native endpoint forecast,True,50,-0.116309416399,0.434049423319,-0.0425972507858,0.0525426005936,0.093028000865,0.0760233850513,6.35874441342,6.89211839277,0.0771106965003,-0.425563292115,2.35390297609,0.181020427373,0.259079296027,0.272885798131,0.24852625341,0.202547648962,4.62810959619,0.189205717595,0.693746908319,9.57985606891,5.61404937269e-08,0.00029279256388,8.948615521,2.1168662713e-06,0.00215642818893,9.13888755235,3.38799085648e-07,0.000989007146032,8.15502540338,2.46697897379e-05,0.0121219123284,9.25484560977,6.98794789497e-07,0.00110593087934,9.14419837176,4.10076103345e-07,0.000976926532111,8.2366102199,3.77094719446e-06,0.00747695691361,9.17376209288,2.1110853577e-07,0.000779833762602,8.99674024034,1.25111162169e-06,0.00174756513522,8.62596077657,3.33144496222e-06,0.00377522209306,8.11586857768,2.03055157866e-05,0.0126771734569,8.55574781199,4.49615434439e-06,0.0045521108039,4.64276595164,0.173081189588,0.374564283744,8.42659228751,1.1949026977e-05,0.00718463045404,8.91656219315,2.34860829185e-06,0.00230177588608,5.40940400357,0.0466330688135,0.300003801025,7.2580823441,0.000363764283747,0.0715355727503,8.61874551018,4.09358042903e-06,0.00405967207095,5.28032933378,0.0498153930735,0.168158967287
gradient,0,0.16,0.170000001788,predicted,Actual proposal support boundary; monitored coordinates are pre-native endpoint forecast,True,50,-0.12254588818,0.455282827449,-0.0380481670761,0.0855258273697,0.0685864561534,0.0760465779247,6.31000447376,6.79825601908,0.0681289360662,-0.42813808281,2.32894751859,0.181693449874,0.261026123838,0.274699154502,0.250376542757,0.20070561433,4.6205283017,0.191398544836,0.692629941671,9.57602288979,5.37434857599e-08,0.000288689608027,8.98734168977,1.78998282356e-06,0.00196044839932,9.12497373132,3.66962846339e-07,0.00103094094367,8.14559694708,2.54217781417e-05,0.012400468287,9.33644878336,4.72419211966e-07,0.000882189273153,9.17259074911,3.68420964769e-07,0.000905484092981,8.23708216528,3.75246013827e-06,0.00744739215343,9.16686879501,2.18147983722e-07,0.000794709084551,9.04435781962,9.72023363953e-07,0.00152470329738,8.63548289514,3.18661404045e-06,0.00369397316281,8.10694027394,2.09618475306e-05,0.012949987004,8.53267925549,4.85285213905e-06,0.00482068950443,4.65118861601,0.171335640903,0.373026466903,8.49034299515,8.81068638329e-06,0.00621395751088,8.9499582661,2.04573408461e-06,0.00212335670019,5.3748239001,0.0491313436791,0.302560033219,7.25671663489,0.000362557686749,0.0718371961417,8.63984702729,3.72943869622e-06,0.00384230422357,5.27677530567,0.0500475453617,0.171468617352
gradient,0,0.17,0.179999992251,predicted,Actual proposal support boundary; monitored coordinates are pre-native endpoint forecast,True,50,-0.122827533953,0.449581814921,-0.028170704689,0.115324902496,0.045162939105,0.0772892530427,6.4317237298,6.73791873929,0.057790804803,-0.438699529019,2.3481813298,0.181536958721,0.261229211468,0.272463453753,0.248968112169,0.201826408925,4.63838679381,0.18844556234,0.691719287731,9.57456693037,5.04339675907e-08,0.000282342924711,8.98733478327,1.76982399365e-06,0.00195531213406,9.09700471067,4.27202598368e-07,0.00112343286495,8.16163465697,2.27959538674e-05,0.0119927747181,9.37806600471,3.89358280734e-07,0.000787764424754,9.16086464624,3.95290923394e-07,0.000943018319073,8.24365731986,3.6221714471e-06,0.00730024761411,9.16438972878,2.1680933343e-07,0.000792984328508,9.03995516095,9.83240657848e-07,0.00154034094472,8.64284048794,3.1522582511e-06,0.00364553668255,8.08706599833,2.2493069745e-05,0.0135600079462,8.50305152964,5.29504638949e-06,0.00514998813266,4.66964687468,0.166983088148,0.369609769303,8.48703550254,8.90829494002e-06,0.00626169222028,8.97137598602,1.89352390534e-06,0.00202451421907,5.33972577883,0.0519517591384,0.309715935704,7.24942057356,0.000367305871189,0.073070778555,8.63311616823,3.87957710377e-06,0.00392770078589,5.28226956009,0.0495191157217,0.174911283964
gradient,0,0.18,0.189999997616,predicted,Actual proposal support boundary; monitored coordinates are pre-native endpoint forecast,True,50,-0.126986789277,0.47800193093,-0.0216817830467,0.122413766346,0.0211079102492,0.0790549709619,6.55583107102,6.65781969152,0.0902768589772,-0.422938279069,2.30160244108,0.181998665865,0.261618840621,0.269451728214,0.24807413881,0.203887208144,4.66744663187,0.183970143706,0.695092944984,9.57082172942,4.84799061366e-08,0.000280272324681,8.95319652828,2.06321681955e-06,0.0021338903849,9.09838493717,4.38851643182e-07,0.0011243479801,8.18128059392,2.05125293425e-05,0.0114846101087,9.37776931626,3.94797285598e-07,0.000793617715914,9.14741123785,4.18921966794e-07,0.000979515297191,8.24581704615,3.57405165556e-06,0.00724195032653,9.16089571565,2.19213825719e-07,0.00079787490874,9.02371273309,1.07506765904e-06,0.00161406285178,8.64090705497,3.10743500415e-06,0.00365728049201,8.08178880381,2.28644527115e-05,0.0137337247811,8.46024254634,6.27500989416e-06,0.00572086743526,4.68966127923,0.161773330242,0.367821840371,8.46422206243,9.82545628703e-06,0.00659414092029,8.95757007803,2.06741151691e-06,0.00211621955871,5.31845765215,0.0540229057502,0.316824319811,7.25298851879,0.000360809915165,0.072712615226,8.61013517573,4.43880965697e-06,0.00419486164025,5.28373665226,0.0490329018052,0.176479078213
gradient,0,0.19,0.199999988079,predicted,Actual proposal support boundary; monitored coordinates are pre-native endpoint forecast,True,50,-0.128948156583,0.486705552139,-0.0127840135956,0.135363581142,0.000510739061832,0.0776662898702,6.65659434191,6.63392759989,0.108933392928,-0.390935607976,2.2943902495,0.182655693329,0.261108654432,0.266622786948,0.247407159178,0.206423451747,4.69222484855,0.178929349319,0.699344753021,9.57272697044,4.6006629908e-08,0.00027414397931,8.94118255763,2.17316597735e-06,0.00219961520825,9.10162413092,4.68382269702e-07,0.0011337679353,8.18626019716,2.02550265582e-05,0.0113366233068,9.34744155179,4.63972356942e-07,0.000871295225991,9.13519358001,4.43252014109e-07,0.00101317816282,8.24665986885,3.57258319429e-06,0.00721760550365,9.16619591933,2.13672726662e-07,0.000783249690613,9.0189498702,1.12224580041e-06,0.00164240462329,8.65492068785,2.8132713779e-06,0.00350521034279,8.06969544467,2.38418059367e-05,0.0141288704204,8.42278275237,6.92732639451e-06,0.00623929255794,4.71397073244,0.155858679885,0.36666953039,8.46976505988,9.62489630095e-06,0.00650377101549,8.93098599902,2.38525460457e-06,0.00228185405479,5.26919066558,0.0589385899527,0.317134491337,7.24461591303,0.000374423805733,0.0737320481195,8.59305905308,4.93588869477e-06,0.00438736310595,5.2859622512,0.0488944784495,0.175852508053
gradient,0,0.2,0.209999993443,predicted,Actual proposal support boundary; monitored coordinates are pre-native endpoint forecast,True,50,-0.131620863775,0.463552189355,-0.00438349112511,0.149313661418,-0.00508212747812,0.0780481948098,6.69142079192,6.63673339487,0.141387202238,-0.362474819497,2.25577088176,0.182538222955,0.262765473709,0.264567787185,0.246849362943,0.208650743507,4.68666834548,0.177859661969,0.701671779439,9.58021370568,4.21257762701e-08,0.000262351781637,8.928342485,2.32350838058e-06,0.00227903420832,9.10958086623,4.59940477246e-07,0.00111816001791,8.20272500859,1.96455150622e-05,0.0108933702461,9.32330987093,5.24724349476e-07,0.000935460229232,9.13229038991,4.38473951191e-07,0.00101522903807,8.24478633669,3.63366849489e-06,0.00726622898269,9.16000006737,2.25391596489e-07,0.000805059842075,9.01230738756,1.1546464039e-06,0.00167176469383,8.66482017965,2.56341652947e-06,0.00340134088839,8.05794469083,2.47528541521e-05,0.0145410814617,8.39348438811,7.59101296278e-06,0.00668866640439,4.72625279994,0.152652535427,0.364286007306,8.47386800641,9.06209023063e-06,0.00644410469411,8.8989153019,2.80138253969e-06,0.00248593166693,5.24916489672,0.0613014498589,0.317560623122,7.25818300935,0.000356127573597,0.071956127423,8.59512388071,4.80872944049e-06,0.0043754516221,5.27516647732,0.0495267123567,0.174863504947
gradient,0,0.21,0.219999998808,predicted,Actual proposal support boundary; monitored coordinates are pre-native endpoint forecast,True,50,-0.124466779674,0.44868496528,0.00368445888519,0.149047027788,-0.0209420886898,0.0796574741486,6.63597543724,6.69285974752,0.152798601454,-0.363365286013,2.23462146649,0.181381263857,0.262501539805,0.265496883482,0.247483046162,0.20871240058,4.67473904722,0.179515659596,0.69884133264,9.56367779936,4.47887489366e-08,0.000272732813373,8.93701794017,2.2331315984e-06,0.00223135623454,9.11541739846,4.52700247715e-07,0.0011098352174,8.16644154979,2.36448592046e-05,0.0118120651372,9.31104372804,5.57262337385e-07,0.000968551882162,9.14334790278,4.15809050319e-07,0.000980674571986,8.24971548784,3.47297097739e-06,0.00713366941147,9.14736278357,2.41827109476e-07,0.000837018530026,9.0261301499,1.09903376265e-06,0.00161624040156,8.67703315136,2.35030271939e-06,0.00327790441124,8.058371663,2.4659852037e-05,0.0145592271885,8.36558138092,8.9240470357e-06,0.00720492391797,4.72808104451,0.151768506052,0.359637497759,8.50045639865,8.04866935048e-06,0.00605232424289,8.88540715791,2.98486377643e-06,0.00257259685266,5.21116485731,0.0631967869034,0.310784881606,7.2426168515,0.000381321227122,0.0736747488567,8.59630940869,4.84562206955e-06,0.00434694266349,5.27238562115,0.0498524078017,0.177362792129
gradient,0,0.22,0.229999989271,predicted,Actual proposal support boundary; monitored coordinates are pre-native endpoint forecast,True,50,-0.123683350641,0.438979380211,0.00259645238876,0.143959994278,-0.0377722856665,0.0794852409191,6.56531780717,6.80902640035,0.169569891683,-0.364121490991,2.20904288996,0.181307735992,0.262712334361,0.264124735208,0.247380963465,0.208721580057,4.67051213987,0.179473731093,0.694326419714,9.51775537145,5.43449570481e-08,0.000312406217115,8.93749955349,2.22936394352e-06,0.00222870065619,9.12550353782,4.39010251113e-07,0.0010853523147,8.15474053175,2.40355186282e-05,0.012152423382,9.26575472667,6.93774185712e-07,0.00109858028198,9.13795680971,4.28169002982e-07,0.000995519740152,8.24251918256,3.57695886701e-06,0.00726716043995,9.12466521358,2.71565269492e-07,0.000901549089743,9.04894480059,1.0112883481e-06,0.00152900643189,8.69585902381,2.11892803943e-06,0.00309819991819,8.06770754419,2.38307524044e-05,0.014281825957,8.34557633346,1.02939698525e-05,0.00761360039867,4.72092155923,0.15280627337,0.355448799556,8.53336133009,7.05525094064e-06,0.00559707732398,8.87173585089,3.1702611133e-06,0.00265954600835,5.19623366377,0.0629272979787,0.308752259103,7.25101378269,0.000369176582258,0.0725143837591,8.56819698196,5.55553604185e-06,0.00466251133984,5.23686090165,0.0525834377497,0.178964857928
gradient,0,0.23,0.239999994636,predicted,Actual proposal support boundary; monitored coordinates are pre-native endpoint forecast,True,50,-0.122703156805,0.412535410267,-0.00178327425957,0.12129863169,-0.024604841795,0.0784252350876,6.47944186132,6.87710786203,0.189274348294,-0.361182912997,2.21970535488,0.181453683856,0.263628234289,0.263897253871,0.247747396903,0.208867451208,4.66715039904,0.180372784024,0.695319532347,9.53689952878,4.89668696344e-08,0.000291976877257,8.9302951865,2.29260106803e-06,0.00226696307721,9.14971843311,3.92044975114e-07,0.00101094646061,8.13947547467,2.66784933601e-05,0.0125621619614,9.21622697447,8.74744647658e-07,0.00125421033972,9.13986280811,4.4193979403e-07,0.00100190331075,8.23893045536,3.5869975794e-06,0.00732959860052,9.12223878594,2.76638137205e-07,0.000910757919805,9.06098948885,9.73065582583e-07,0.00148530970238,8.69462758131,2.09998360974e-06,0.00308567207993,8.07281933137,2.36863540229e-05,0.0141350562286,8.36039688354,9.96401578361e-06,0.00738091900534,4.7138869571,0.154412239951,0.355482240149,8.54162258391,7.00057575382e-06,0.00548482709296,8.85759100116,3.34001935508e-06,0.00274252967848,5.21345051331,0.0608710578912,0.302489914104,7.26017649622,0.000351609130257,0.0716078599425,8.5557087304,6.29987950909e-06,0.00482421084413,5.26436878736,0.0512712154327,0.180602259473
gradient,0,0.24,0.25,predicted,Actual proposal support boundary; monitored coordinates are pre-native endpoint forecast,True,50,-0.12603878019,0.402731993507,0.00286611572265,0.107102934978,-0.0193033585215,0.0775279126166,6.47347254951,6.94709139772,0.219558572034,-0.36659838607,2.15307256739,0.180452250093,0.263392859298,0.262123771898,0.248400671166,0.208957205048,4.65217265941,0.183312486824,0.690595262757,9.50187950646,5.30305316239e-08,0.000319516538831,8.91396740567,2.46013475685e-06,0.00235947170919,9.18411614842,3.30740293984e-07,0.000911329099963,8.16008364263,2.35272232906e-05,0.0120396378294,9.17162723121,1.07527198985e-06,0.00141001273914,9.13141941846,4.58526601422e-07,0.00102462558386,8.24763233235,3.44740028119e-06,0.00714949648615,9.11192613475,2.86655261758e-07,0.000935384798347,9.05461314401,1.02375989405e-06,0.00151957102675,8.69268839351,2.12921630733e-06,0.00309780248861,8.07554810216,2.39466348824e-05,0.0140689627854,8.32306433026,1.27661477869e-05,0.00812158788254,4.71305749554,0.154751363561,0.354747174496,8.52736529847,7.65400601868e-06,0.00567604117579,8.84921193433,3.416457569e-06,0.00278525188654,5.19414582614,0.0609255254183,0.299004582695,7.26266403383,0.000349916141673,0.0711649781614,8.53652384093,6.93304881087e-06,0.00506341803966,5.25389739864,0.0521397819174,0.181930531633
gradient,0,0.25,0.259999990463,predicted,Actual proposal support boundary; monitored coordinates are pre-native endpoint forecast,True,50,-0.128816245698,0.436876978759,0.00976997629165,0.106608899198,0.00371297625065,0.0756407240246,6.56211356011,7.00627738355,0.236066383182,-0.384528887226,2.20892647028,0.179990657663,0.263257850558,0.258986521965,0.246177247222,0.209784305457,4.64855741086,0.182488533445,0.692005366581,9.51245024725,4.90143403302e-08,0.000306263877648,8.87184891277,2.98823912444e-06,0.00262335671129,9.19578104299,3.0608855984e-07,0.000873317033887,8.19379887296,2.22453165414e-05,0.0110954055613,9.14090460132,1.23826446249e-06,0.00152675739748,9.08691397772,5.70245665698e-07,0.00117275082545,8.26029559226,3.25017505951e-06,0.00690881626573,9.09316185898,3.27920853382e-07,0.00100302675717,9.03044598944,1.13984922853e-06,0.00162181678834,8.70835562633,1.93999470584e-06,0.00295133317035,8.05178082747,2.66797066481e-05,0.0148514488002,8.32349218982,1.2196482611e-05,0.00810530325841,4.71672259743,0.154876896703,0.3555482663,8.50143120583,8.32795927924e-06,0.00603292095273,8.85116363906,3.35324370076e-06,0.00276213045536,5.2270874518,0.0597944585883,0.298162500297,7.27415364644,0.000328178092478,0.0701190477339,8.51573468309,7.81014410092e-06,0.0053684147854,5.26014474095,0.0512716520489,0.183180251851
gradient,0,0.26,0.269999980927,predicted,Actual proposal support boundary; monitored coordinates are pre-native endpoint forecast,True,50,-0.131568790974,0.432614393589,0.00937962308883,0.0930652556932,0.0230269661284,0.0752096176773,6.60807338414,7.06105802235,0.240786927099,-0.397946819152,2.29021411103,0.179673606886,0.263274183567,0.257774142526,0.244427047723,0.209951807455,4.65078509591,0.180811692157,0.694517824584,9.52913717043,5.18382316248e-08,0.000302806374647,8.84513434228,3.36203817952e-06,0.00279923568976,9.19818016494,2.99727082798e-07,0.000864546209142,8.20758465349,2.16484015288e-05,0.0107180196743,9.10691263157,1.44733867744e-06,0.00166616478257,9.05727866552,6.52859442543e-07,0.00127711019888,8.26547264358,3.18574221626e-06,0.00681724145705,9.0878967521,3.42902207536e-07,0.00102846210964,9.01387360312,1.22947762279e-06,0.00169597397259,8.71229914824,1.87421162004e-06,0.00290594811169,8.0441716594,2.76518858498e-05,0.015104605779,8.35500355494,9.87714136543e-06,0.00749230371368,4.7130799759,0.155964699228,0.356182560197,8.47894998624,9.06583739851e-06,0.00636080261991,8.84762084203,3.38512301618e-06,0.00277978862519,5.28808331059,0.0569555891632,0.298335392362,7.27633820425,0.000324017571325,0.0699339238949,8.49458059827,8.38705203825e-06,0.00566249372152,5.26407108715,0.050719870457,0.180459481061
gradient,0,0.27,0.280000001192,predicted,Actual proposal support boundary; monitored coordinates are pre-native endpoint forecast,True,50,-0.130472252802,0.425928844508,0.00747963205337,0.0905815815544,0.0513939246273,0.0745963959924,6.64182124554,7.11025780003,0.253851204429,-0.400294365174,2.32954985323,0.179993159346,0.263019065488,0.255874788142,0.243660527118,0.210134200308,4.64894773333,0.180935465001,0.694691653973,9.52389565995,5.96132024332e-08,0.000321712474436,8.83543859818,3.51228046397e-06,0.00286498045021,9.19828901669,2.95340943524e-07,0.000861699906225,8.22700523448,2.06015411862e-05,0.0102367734804,9.07876725612,1.6436121459e-06,0.00178857763308,9.04315861564,6.98862402788e-07,0.00133201760306,8.26758985163,3.23045631087e-06,0.00680562716559,9.08578296038,3.44017627682e-07,0.00103819333591,8.99534568751,1.32797319847e-06,0.0017796794332,8.71311963737,1.83411781354e-06,0.0028852834912,8.03417874208,2.88155519125e-05,0.0154397714777,8.36758463778,9.10362671865e-06,0.00724409340605,4.70926617805,0.157193503015,0.359602478848,8.46196225259,9.56043656703e-06,0.0066203074329,8.83822449319,3.51857101444e-06,0.00284039807959,5.33873604063,0.0540576362712,0.301093612834,7.29977489632,0.000293440310005,0.067183033785,8.48946464251,8.27796384484e-06,0.00574812471955,5.26851870387,0.0506267703463,0.178388313627
gradient,0,0.28,0.289999991655,predicted,Actual proposal support boundary; monitored coordinates are pre-native endpoint forecast,True,50,-0.124968174667,0.383913798262,0.0119923450088,0.0825447427845,0.0453662660456,0.0741199201564,6.77663037859,7.13126414878,0.28597876208,-0.384929982146,2.23886935969,0.178281550289,0.260104233291,0.251779616594,0.243598973451,0.212888055704,4.65227872147,0.179372654469,0.690808809913,9.47021584205,8.22515348477e-08,0.000388247506828,8.8183492677,3.78188524693e-06,0.00298140635978,9.22351672437,2.56322925556e-07,0.000795051643049,8.25782224004,1.67376308853e-05,0.00953660590971,9.06697498277,1.73168344108e-06,0.00184127384276,9.02557335819,7.37820624731e-07,0.0013842449775,8.27746358555,3.09560715662e-06,0.00661536425999,9.07967923344,3.38869009774e-07,0.00104656693172,8.96295040026,1.51512093733e-06,0.00193237087912,8.70747869341,1.82778938145e-06,0.00291560442332,8.0326886512,2.92612351433e-05,0.0154943714639,8.32485279777,1.10835890729e-05,0.00803291854448,4.71562577069,0.155936697534,0.357682754633,8.42767008848,1.07397797004e-05,0.00717007458754,8.81769123027,3.85654671933e-06,0.00298559468773,5.31256345379,0.0563731239914,0.30605455789,7.31096908964,0.000285159626757,0.0656084621926,8.47444835642,7.92195571011e-06,0.00591534737955,5.25543577357,0.0521303360915,0.180038849961
gradient,0,0.29,0.299999982119,predicted,Actual proposal support boundary; monitored coordinates are pre-native endpoint forecast,True,50,-0.123526602541,0.378982705227,0.0165377403831,0.0605598926163,0.0199274071789,0.0747244117757,6.88091226587,7.15800321065,0.298948106922,-0.396647347288,2.06401201921,0.17574809067,0.25668812671,0.248455012126,0.244367469869,0.215046692161,4.6574136401,0.179063963122,0.685018190742,9.35419912602,1.594157782e-07,0.000576646144429,8.8300206725,3.56523163784e-06,0.0028879088583,9.2434136829,2.26624142393e-07,0.00074747297465,8.25152244492,1.56892045519e-05,0.00969180278505,9.08705416033,1.57404656953e-06,0.00174657319323,9.01658120271,7.36817723778e-07,0.00140104288399,8.2862698612,3.0069619887e-06,0.00644463170451,9.03445280506,4.47954148419e-07,0.00122281992079,8.92907642894,1.6819940921e-06,0.00208968488626,8.68583946126,2.05434133772e-06,0.00310610591123,8.04457984625,2.82704892524e-05,0.0151163576515,8.27966730425,1.41717216869e-05,0.00897964860185,4.71223325782,0.155113238704,0.353984842279,8.38686126675,1.23681303742e-05,0.00787918138178,8.80334739339,4.13368804477e-06,0.00309659451974,5.27909903764,0.0582441899142,0.306403614519,7.30527610583,0.000299147370103,0.0658357038884,8.48238631272,6.65285917186e-06,0.00576076586611,5.16589177438,0.0576779491337,0.177000464047
gradient,0,0.3,0.310000002384,predicted,Actual proposal support boundary; monitored coordinates are pre-native endpoint forecast,True,50,-0.13108885223,0.436574082571,0.0162514366245,0.031719252131,0.0202723664528,0.0788456025599,7.0577839561,7.33672095463,0.278934582974,-0.450197021844,2.18380167246,0.173870144267,0.251679935748,0.241227453881,0.239939919325,0.219573091753,4.70999377838,0.170616614786,0.682680845385,9.30095586227,2.18661249551e-07,0.000693509417067,8.81285414213,3.82884579123e-06,0.00300267372237,9.20764635069,2.54909299687e-07,0.000823915418472,8.22789043378,1.66421319503e-05,0.01019103828,9.08671418971,1.56459852259e-06,0.00174143907331,8.98451154439,8.33508563397e-07,0.00152371843811,8.29520886904,2.86561416506e-06,0.00628541526847,9.00614062032,5.19180372861e-07,0.00133056294676,8.87636159926,2.06399608105e-06,0.00238399629577,8.66716894305,2.29302841046e-06,0.00328623156385,8.03554464621,2.78854741459e-05,0.015405760366,8.28138325037,1.54307931538e-05,0.00901638606788,4.70311949904,0.15699013674,0.348539456521,8.32144647475,1.59893631152e-05,0.00913173510757,8.78772343219,4.47101240642e-06,0.00322569909001,5.30601327598,0.0538348803212,0.30720945678,7.27971868494,0.000331640088767,0.0688077924161,8.45967633082,6.70620202431e-06,0.00607016242204,5.13274017054,0.0599476466037,0.176982579135
gradient,0,0.31,0.319999992847,predicted,Actual proposal support boundary; monitored coordinates are pre-native endpoint forecast,True,50,-0.131243436142,0.428589410345,0.00434161797523,0.0309691902614,0.0104549641645,0.0879221758588,7.29505254399,7.27908408085,0.252134210909,-0.501753041982,2.32292012635,0.1717116897,0.250131202879,0.239224577111,0.239863005902,0.221020562154,4.73412479867,0.166212502525,0.67501603939,9.31337032953,2.15650691183e-07,0.000673165649699,8.76672486579,4.68647298634e-06,0.00335008501497,9.1055793813,4.43443818086e-07,0.00114197643588,8.20690595435,1.80835855019e-05,0.0107220256926,9.20884565581,8.7986630936e-07,0.00126020667923,8.95387760155,9.58804198946e-07,0.00166130781687,8.29764083286,2.7790710685e-06,0.0062324674487,8.99956618921,5.40759410128e-07,0.00136193356621,8.84193621703,2.39064211992e-06,0.00260263060351,8.65470343257,2.38901158808e-06,0.00338616384886,8.04803723993,2.4052811698e-05,0.0149654039254,8.30435402952,1.35759783462e-05,0.00849481785096,4.69356956287,0.157352263839,0.348768304941,8.26349539932,2.02711839263e-05,0.0103664040813,8.82999248274,3.77469546888e-06,0.00293295723079,5.31943879767,0.0528954407534,0.311377950434,7.28051285821,0.000332438744165,0.0686654065288,8.43532770027,7.35534417807e-06,0.00644176111028,5.12284251598,0.0605807650091,0.175383181818
gradient,0,0.32,0.329999983311,predicted,Actual proposal support boundary; monitored coordinates are pre-native endpoint forecast,True,50,-0.134634552806,0.446218552241,-0.00714664086342,0.0310625153399,0.00351010156036,0.0914182984221,7.39259600102,7.21410858295,0.238706647176,-0.506605683584,2.37721382884,0.171626544629,0.250106404163,0.238746222412,0.239592883691,0.221160334195,4.74492342954,0.163811834574,0.672383366143,9.32273091761,2.08220270936e-07,0.000655295789641,8.74764179826,5.07694689596e-06,0.00350064449348,9.05442910725,5.81332339228e-07,0.00133537983347,8.19652724645,1.91088408367e-05,0.0109888228932,9.25863352926,7.00215857496e-07,0.00110563427589,8.94763257632,9.96729148007e-07,0.00169519859888,8.29059489816,2.86215159346e-06,0.00636205885538,9.00531637942,5.29508511411e-07,0.00134240730674,8.83260355286,2.46398662768e-06,0.00266005108383,8.63568512219,2.65762685922e-06,0.00357555765121,8.05156771267,2.29458870311e-05,0.0148341827488,8.32946255547,1.20158368925e-05,0.00798093400459,4.6881574207,0.158006437428,0.3486641411,8.23254222459,2.30633441444e-05,0.0110728918534,8.84947357153,3.5303276994e-06,0.00281617530808,5.31894582784,0.0527893715764,0.31367091915,7.28622424149,0.000325474240459,0.0680060805444,8.4334248998,7.39660698108e-06,0.00646796859356,5.11688298333,0.0609182448555,0.174762475976
gradient,0,0.33,0.340000003576,predicted,Actual proposal support boundary; monitored coordinates are pre-native endpoint forecast,True,50,-0.129083387107,0.419262970392,-0.0106147383118,0.0266200682139,-0.00514876815319,0.0929639714046,7.44344876474,7.16197472096,0.229471550985,-0.501607474958,2.39600303135,0.171823502461,0.250242490647,0.238696460446,0.239440229761,0.221176440428,4.74674714358,0.163405512907,0.670604966805,9.33101803858,2.00901776287e-07,0.000639568707782,8.73759774533,5.29417286088e-06,0.00358186798664,9.03045493325,6.62829328848e-07,0.0014374918078,8.18647796698,2.01647468463e-05,0.0112444326317,9.29052740117,6.0369855488e-07,0.00101509433332,8.9445660011,1.00381578329e-06,0.0017066579549,8.28598701773,2.93076296982e-06,0.00645338239461,9.00708907393,5.3151434236e-07,0.00133947623338,8.821195189,2.58928305158e-06,0.00273780750201,8.62831098132,2.76159926326e-06,0.0036518573341,8.05348256002,2.23708532086e-05,0.0147649215021,8.3468614857,1.10463341005e-05,0.00763812319648,4.68914417179,0.157438057285,0.348441783681,8.21336442928,2.49548407499e-05,0.011528358804,8.85862757256,3.4220227031e-06,0.00276354116445,5.32081462567,0.0525660764452,0.31485009849,7.28612762613,0.000325040404344,0.0680573649377,8.43221773226,7.39560126153e-06,0.00648357232969,5.11612421287,0.0609897671315,0.174732480593
gradient,0,0.34,0.34999999404,predicted,Actual proposal support boundary; monitored coordinates are pre-native endpoint forecast,True,50,-0.13173754551,0.409488810539,-0.0109920023346,0.0248994847751,-0.0172421755904,0.0935060995326,7.48444148574,7.13152823244,0.228494814055,-0.492526827442,2.41793074764,0.1718657797,0.25025655639,0.238454122611,0.23928980173,0.221300509273,4.74757606527,0.163053378544,0.668864895186,9.33344315683,1.99794975201e-07,0.000635530695659,8.72764440041,5.52022268371e-06,0.00366452781311,9.01746503447,7.10393027477e-07,0.00149507308966,8.17386452064,2.13769891437e-05,0.0115676395756,9.31799721786,5.30295304142e-07,0.000941790901333,8.937359411,1.03980951208e-06,0.0017417468264,8.28330743271,2.97012908548e-06,0.006505555911,9.00730795496,5.28561469093e-07,0.00133683201316,8.81744339935,2.64015669949e-06,0.0027652002151,8.6284289356,2.76375498592e-06,0.00365121234774,8.0498666437,2.25795051517e-05,0.0148883412515,8.35617939666,1.05060168397e-05,0.00745170295601,4.6949421609,0.156266601259,0.348167467834,8.20487185623,2.58888231198e-05,0.011732706669,8.86512178102,3.34441866795e-06,0.00272607092824,5.32426156148,0.0523395104969,0.316273729273,7.28563511169,0.000324160903099,0.0681966446656,8.42434529718,7.65130862705e-06,0.00660683792393,5.10925842257,0.0614953257379,0.174810844538
gradient,0,0.35,0.359999984503,predicted,Actual proposal support boundary; monitored coordinates are pre-native endpoint forecast,True,50,-0.123041502346,0.393331148573,-0.00749502285958,0.0256063672519,-0.0202764575446,0.0934129981244,7.48901582779,7.12965942595,0.217482615364,-0.49975355954,2.41504154806,0.171793409092,0.250261487909,0.238345186106,0.23931744056,0.221469465643,4.74622550982,0.163290990386,0.669175088753,9.33620549258,1.97409671382e-07,0.000630037312629,8.73627408167,5.3265511657e-06,0.00359235127507,9.01351754969,7.22713405431e-07,0.00151130524307,8.16321238653,2.25431990691e-05,0.0118498907497,9.32800496944,5.057331971e-07,0.000916235376243,8.9344945133,1.06294134769e-06,0.00175993935781,8.2868350469,2.92530738923e-06,0.00644113265285,9.00349095729,5.35650119237e-07,0.00134994117731,8.81546490929,2.62632982825e-06,0.00277263987005,8.62547216667,2.85891082568e-06,0.00369285416634,8.04694858752,2.2839853155e-05,0.0149895081516,8.36080218618,1.02445074635e-05,0.007360876813,4.69763500558,0.155753575245,0.347889588869,8.20279335599,2.6100549733e-05,0.0117851986839,8.86738809633,3.3216068945e-06,0.00271402593381,5.33085423571,0.0519062294282,0.316885388911,7.27646367962,0.000337109207103,0.0692308508223,8.4312672726,7.40401315128e-06,0.00649458890013,5.10178462486,0.0619949729313,0.17464536197
gradient,0,0.36,0.370000004768,predicted,Actual proposal support boundary; monitored coordinates are pre-native endpoint forecast,True,50,-0.127139640027,0.396146526847,-0.00298013433457,0.0283951589084,-0.0200828713441,0.0942286752918,7.49097446737,7.12270817594,0.219395046982,-0.510990446683,2.39167843699,0.171713330817,0.250193369003,0.238217293174,0.239396235199,0.221788732895,4.74440618926,0.163630879264,0.670086172536,9.33699924757,1.96104871286e-07,0.000627501299482,8.7500485095,5.0235131314e-06,0.00347854953836,9.01151599156,7.30136285112e-07,0.00151999492656,8.15946021786,2.30607138523e-05,0.0119496264636,9.33608401997,4.86873324949e-07,0.000896206661446,8.94432282562,1.00579470914e-06,0.00170896783972,8.29362140294,2.81637314261e-06,0.00630989879131,8.99094491903,5.7279993739e-07,0.00140389629216,8.81033809544,2.64702438483e-06,0.00280261762327,8.61783562029,2.97749364808e-06,0.0037765749081,8.04142056535,2.34129319547e-05,0.0151808764816,8.36046162671,1.01710362101e-05,0.00735296605231,4.7031235555,0.154824082362,0.348268519862,8.19886148093,2.6416951075e-05,0.0118878712086,8.8726746076,3.24492274298e-06,0.00267935328184,5.33564355245,0.0515465099095,0.317319291369,7.27040401371,0.000345450903824,0.0699491073271,8.4483492049,6.7959887464e-06,0.0062233870899,5.09974287167,0.0622094677075,0.174948812223
gradient,0,0.37,0.379999995232,predicted,Actual proposal support boundary; monitored coordinates are pre-native endpoint forecast,True,50,-0.127382589885,0.398556969512,-0.00234453543663,0.0266234382606,-0.0221847415233,0.0943524077534,7.49214829188,7.11035074908,0.219525681314,-0.514704870499,2.38239726502,0.171717242184,0.250284147279,0.238346861982,0.239522920914,0.221869491899,4.74364583792,0.163698655101,0.67046731799,9.34090283446,1.93221077356e-07,0.000620638966163,8.75541112318,4.90106166939e-06,0.00343334675407,9.00982367665,7.36297993197e-07,0.0015272894093,8.1515966904,2.40300263138e-05,0.0121632608114,9.34406025615,4.68748959225e-07,0.000876654967728,8.94744207997,9.89420838012e-07,0.00169345598198,8.29481222572,2.79819663576e-06,0.00628636808717,8.9885943212,5.78048419266e-07,0.00141269434347,8.80715056401,2.6673722723e-06,0.00282265543393,8.61275651747,3.05903202431e-06,0.00383128008744,8.04093895984,2.3495810686e-05,0.0151992466015,8.36325799706,1.00390945508e-05,0.0073003597811,4.70497296746,0.15445581977,0.348363573681,8.19490381752,2.68133168914e-05,0.0119874096807,8.87864425476,3.15818812839e-06,0.00264027165697,5.34288498626,0.0510880142054,0.317763289289,7.26834384589,0.000348067059744,0.070204311074,8.45427857494,6.58243385995e-06,0.00613001190317,5.0976663562,0.0623236962808,0.174923285837
gradient,0,0.38,0.389999985695,predicted,Actual proposal support boundary; monitored coordinates are pre-native endpoint forecast,True,50,-0.126841986192,0.399012180446,-0.000254717912675,0.0267780094957,-0.0249180284405,0.093400626219,7.46536559847,7.11413445734,0.213197627342,-0.517138625751,2.35368412942,0.171755730914,0.250378143189,0.238449070283,0.239794241672,0.222122597453,4.73806749315,0.164733573003,0.67035654434,9.33327795416,2.02554577818e-07,0.00063683870855,8.76270078256,4.76381092661e-06,0.00337821188297,9.01608566003,7.1388615683e-07,0.00149995363277,8.14745225157,2.44261236412e-05,0.0122768944537,9.34258672531,4.71663310718e-07,0.000879848673222,8.95541370801,9.2920934082e-07,0.00164593361115,8.29525693294,2.80908474357e-06,0.00628596258461,8.98874618611,5.76640408222e-07,0.0014106701683,8.80880997056,2.65109603704e-06,0.00281080432372,8.61778780426,2.96057353492e-06,0.00377706953864,8.04702691031,2.2917312283e-05,0.0149843282724,8.36205335229,1.00765531687e-05,0.00731872948895,4.70076311636,0.154866203828,0.347013687902,8.20499578891,2.56390284234e-05,0.0117412970424,8.88160981902,3.11002079034e-06,0.00261902077949,5.33812408469,0.0513699805105,0.317468888236,7.26570075549,0.000351382903534,0.0705333623799,8.45838053778,6.42966515763e-06,0.00606543184513,5.0908981397,0.0628193862768,0.174962634625
gradient,0,0.39,0.399999976158,predicted,Actual proposal support boundary; monitored coordinates are pre-native endpoint forecast,True,50,-0.127169054666,0.418046544092,0.00032884255409,0.024586291275,-0.0231064632797,0.0917842220971,7.44788854354,7.11899590958,0.211041750177,-0.522634100925,2.32749669043,0.171745563497,0.250393040543,0.238533608967,0.240055045133,0.222272704465,4.73442707972,0.165391381031,0.670549632023,9.33112823175,2.04987947455e-07,0.000641383396195,8.77187638162,4.55938350743e-06,0.00330158086447,9.02503204981,6.795859628e-07,0.00145946990469,8.14701725396,2.45429750005e-05,0.0122894593108,9.33534282493,4.8793101393e-07,0.000897378307202,8.95298333354,9.59571521349e-07,0.00166521860437,8.29592365459,2.80926875897e-06,0.00627760347004,8.99025350063,5.68773394803e-07,0.00140178823918,8.80597036785,2.67772995839e-06,0.00283055913023,8.61791260042,2.97582035709e-06,0.00377554444268,8.0516793865,2.26010797436e-05,0.0148249662427,8.36151716339,1.00982154105e-05,0.00732865084703,4.69647805045,0.155488164776,0.346339640168,8.20510679506,2.56927883474e-05,0.0117352447056,8.88594410658,3.03729124205e-06,0.00258731651368,5.33956397892,0.0512917246817,0.317094551371,7.26662627748,0.000350023296259,0.0704156160998,8.46237694912,6.32094876884e-06,0.00600745227173,5.08786872544,0.0630058549184,0.174887711892
gradient,0,0.4,0.409999996424,predicted,Actual proposal support boundary; monitored coordinates are pre-native endpoint forecast,True,50,-0.12022237488,0.342739380337,-0.000857491340639,0.0307441711044,-0.021938390758,0.0895455141311,7.42802986919,7.13139226271,0.198347156429,-0.526221847438,2.29984577277,0.171763182341,0.250304029044,0.238333218862,0.240217782341,0.222606270142,4.73701883249,0.164746806547,0.671692175453,9.321558295,2.14654474323e-07,0.000660188470917,8.79191282168,4.18066084161e-06,0.00314727254374,9.02648093034,6.71471486476e-07,0.00145182956363,8.14711996428,2.44935349601e-05,0.0122859383468,9.33479040419,4.884436113e-07,0.00089798809509,8.95934009535,9.24723422156e-07,0.00163378470246,8.29096824056,2.91459656156e-06,0.00638222292857,8.99350537725,5.58632469764e-07,0.00138716459425,8.80092139632,2.72320377166e-06,0.00286699985015,8.6250217069,2.83298936134e-06,0.00369375806705,8.05503064227,2.22742986937e-05,0.0147086833026,8.35620713434,1.03513418107e-05,0.0074260825411,4.69104041061,0.156335087745,0.345725729767,8.21442463295,2.46539338799e-05,0.0115130792105,8.89449335344,2.91116640706e-06,0.00252971407279,5.33242626174,0.0518125248688,0.317672314347,7.26948804298,0.000348552187271,0.0699177592497,8.47261254587,6.01590839676e-06,0.00585566516969,5.08072661877,0.0635159781652,0.175085415817
gradient,0,0.41,0.419999986887,predicted,Actual proposal support boundary; monitored coordinates are pre-native endpoint forecast,True,50,-0.121575049621,0.390461937977,0.00283465996742,0.0344877451277,-0.0144519597554,0.0883972667472,7.39654917359,7.11505329468,0.20149995986,-0.527890960935,2.25346207877,0.171898133397,0.250553493151,0.238776285162,0.240975509192,0.222736981567,4.72791638374,0.16694037841,0.672604707706,9.314474033,2.22520225558e-07,0.000674983232888,8.8025830952,3.99626060341e-06,0.00307007302835,9.04204220437,6.18149297555e-07,0.00138509759287,8.16208608052,2.29397866962e-05,0.0118891551319,9.33214817022,4.92766964181e-07,0.00090274542039,8.96484017069,9.15268043718e-07,0.00161480472166,8.29586930739,2.84864571129e-06,0.00629417683015,8.99790307825,5.44319752767e-07,0.00136692442282,8.80667303193,2.62725931323e-06,0.00281995156214,8.6232970772,2.88391857331e-06,0.00371729641583,8.0573649185,2.21234551528e-05,0.0146283805917,8.34618403795,1.08109925433e-05,0.00760752960171,4.68936236829,0.156438904839,0.346192675416,8.2224103075,2.38123237018e-05,0.0113230018234,8.89439634237,2.89446826271e-06,0.00252439332099,5.32261529737,0.0524948247407,0.317021187729,7.26892393416,0.000350125262851,0.0699523958026,8.48472865215,5.71760907346e-06,0.00568382368794,5.08518586464,0.0631552501758,0.174959879487
gradient,0,0.42,0.42999997735,predicted,Actual proposal support boundary; monitored coordinates are pre-native endpoint forecast,True,50,-0.122865516711,0.383437910786,0.0026072515583,0.0279087663805,-0.0146850252414,0.0867934409427,7.36622634762,7.11410509018,0.203349648841,-0.531152580895,2.21646299062,0.172015131722,0.250659531457,0.238965041964,0.241447668471,0.222896308154,4.72565408805,0.167547798642,0.673412272343,9.31283354907,2.24314958587e-07,0.000678569765171,8.80502356883,3.95832237717e-06,0.00305287821645,9.05983459905,5.62392258735e-07,0.00131205726494,8.16223531931,2.28986160106e-05,0.011883555054,9.32672438677,5.04188019233e-07,0.000914962257994,8.96596114018,9.09397251158e-07,0.00160933048582,8.29534108059,2.85591309574e-06,0.00630379331037,8.99801682596,5.43559203553e-07,0.00136622083507,8.80715845838,2.61133975606e-06,0.0028146108887,8.62338563844,2.87728078385e-06,0.00371317333311,8.06505174351,2.16604661367e-05,0.0143758336668,8.3459144598,1.08565909547e-05,0.00761860575708,4.68390852609,0.157273966241,0.345276076823,8.2243336672,2.35928475796e-05,0.0112784439667,8.89834055775,2.82331296257e-06,0.00249347076638,5.32254638279,0.0524992656683,0.31616451858,7.26922198724,0.000349318898702,0.0699382109809,8.48536736332,5.69298174961e-06,0.00567475725015,5.08453980974,0.0631836917799,0.17501439847
gradient,0,0.43,0.439999997616,predicted,Actual proposal support boundary; monitored coordinates are pre-native endpoint forecast,True,50,-0.121299574486,0.389525818816,0.000507059249877,0.0224616032457,-0.0157430222893,0.0850276306141,7.34035718631,7.11960178732,0.202937987165,-0.536298520462,2.18867594073,0.172111281201,0.250697954513,0.239053336586,0.241765657845,0.222990323837,4.7261063464,0.167478193558,0.674117801657,9.31004038881,2.27198411776e-07,0.000684322645049,8.80502246115,3.96297059084e-06,0.00305375255837,9.07481828893,5.17083084739e-07,0.00125170083956,8.16118288103,2.29547788597e-05,0.0119095212268,9.32191937401,5.14525607045e-07,0.000925930354444,8.9667118087,9.04251029485e-07,0.00160496965612,8.29333163985,2.88102306787e-06,0.00633923105338,8.99915736552,5.40104755038e-07,0.0013612527724,8.80844472217,2.59510592396e-06,0.00280517140188,8.62439874514,2.84775680179e-06,0.00369760074352,8.07257041231,2.12581432968e-05,0.014134357064,8.34734546426,1.0820405857e-05,0.00759834915296,4.67676474536,0.158477799262,0.3440629824,8.2267150835,2.334232066e-05,0.0112228102727,8.90637316512,2.70297049235e-06,0.00243784808479,5.31998662442,0.052657202916,0.315361678872,7.26999152407,0.000348285084243,0.0698450559424,8.48389550438,5.72624004753e-06,0.00569549385135,5.08192280074,0.0633457616362,0.175077310781
gradient,0,0.44,0.449999988079,predicted,Actual proposal support boundary; monitored coordinates are pre-native endpoint forecast,True,50,-0.117072538895,0.388481972058,0.00216300741195,0.0219997515893,-0.0153657189274,0.0839189744479,7.32251204647,7.1162603508,0.204297938467,-0.54273234921,2.15836294144,0.172167088225,0.250794258185,0.239164827878,0.242088149011,0.223121069497,4.72306979495,0.168069291324,0.674933861576,9.30437272365,2.33066721229e-07,0.000695925148788,8.80742631118,3.93241729739e-06,0.00303868965951,9.08810982753,4.81069553464e-07,0.00120090983268,8.16658051431,2.23745987509e-05,0.0117657702469,9.31676381066,5.2640216785e-07,0.000938344507456,8.96807060354,8.93096049065e-07,0.00159683406783,8.29547490065,2.86099641354e-06,0.0063022524918,8.99961275805,5.39291524788e-07,0.00135889611954,8.80975779275,2.57789514139e-06,0.0027954839113,8.62813956927,2.77559963712e-06,0.0036554601696,8.07760881736,2.09534981835e-05,0.013971260948,8.33885579603,1.12532844341e-05,0.00775850577779,4.67245436414,0.159035657396,0.34314567054,8.2322447878,2.27748721145e-05,0.0110939385693,8.91309457752,2.60464004519e-06,0.00239148907713,5.31291914752,0.0531334714382,0.314884398913,7.26794460327,0.00035192613768,0.0700408685743,8.4855181417,5.69434720519e-06,0.00567314261405,5.08292247956,0.0632245883699,0.175313955246
gradient,0,0.45,0.459999978542,predicted,Actual proposal support boundary; monitored coordinates are pre-native endpoint forecast,True,50,-0.114452825768,0.376703758187,0.00521803871154,0.0175084422147,-0.0183741131687,0.0826165568076,7.29646421645,7.12058723507,0.207272268608,-0.548199214745,2.13674738349,0.172272837733,0.250893661086,0.23933713249,0.242401605265,0.22316688908,4.71823812158,0.169081770764,0.675199945519,9.30117185613,2.3686034753e-07,0.000702957918449,8.8104043584,3.8780324988e-06,0.00301629534909,9.10523714149,4.3984640122e-07,0.00113915604288,8.16519650521,2.24386816322e-05,0.0118002665158,9.31300032672,5.34597328834e-07,0.000946908147234,8.96354797853,9.16534683099e-07,0.00161898971802,8.29842949765,2.81852465037e-06,0.00624657157107,8.99743503514,5.42511332315e-07,0.0013656753842,8.81252112409,2.55358617623e-06,0.00277667668662,8.6336533568,2.70475222486e-06,0.00359788861052,8.08207847467,2.07481468435e-05,0.0138317656187,8.33483364839,1.14709972736e-05,0.00783671874152,4.6700072652,0.159305170541,0.342123842956,8.23983113708,2.20878096614e-05,0.0109150585513,8.92016970619,2.49881623663e-06,0.0023415921875,5.31439367392,0.0530176514153,0.31408931661,7.26446027525,0.000355903523714,0.0704927523701,8.4809116324,5.82028862576e-06,0.00573974964699,5.08067446243,0.0633554567423,0.175318792055
gradient,0,0.46,0.469999998808,predicted,Actual proposal support boundary; monitored coordinates are pre-native endpoint forecast,True,50,-0.117267507648,0.370550810334,0.00563433066368,0.00567583080291,-0.0205833080673,0.0816442772356,7.28654209804,7.11600475678,0.218127343549,-0.555736452186,2.11977007885,0.172321872324,0.250991741773,0.239505685765,0.242690678485,0.223083871073,4.71690919452,0.16941985496,0.675566608704,9.30683534627,2.30421093924e-07,0.000691135127491,8.80405631437,3.97316508577e-06,0.00305943801576,9.12344682021,3.99271276388e-07,0.00107626201373,8.16406433859,2.24952471552e-05,0.0118266628631,9.30879709341,5.44231920607e-07,0.000956868512626,8.95516738019,9.59429986775e-07,0.00166048087781,8.30011815071,2.79179649167e-06,0.00621244716744,8.99431605138,5.50014134762e-07,0.00137845477994,8.81117487166,2.55784803188e-06,0.00278437596061,8.63022163109,2.76994233381e-06,0.00363070856266,8.08646261861,2.07038794896e-05,0.0137026153328,8.33468824263,1.15326471445e-05,0.00784845366828,4.66810477116,0.159674238892,0.341326308987,8.23202880294,2.28252551812e-05,0.0110972915365,8.92933693572,2.37268332219e-06,0.00228006072093,5.32358968871,0.0523625744285,0.31310260524,7.26199281866,0.000359194727414,0.0707878309006,8.47395117409,6.0002022875e-06,0.00583949881175,5.08503474829,0.0631143163483,0.175256012372
gradient,0,0.47,0.479999989271,predicted,Actual proposal support boundary; monitored coordinates are pre-native endpoint forecast,True,50,-0.118042566883,0.374561210198,0.00508585229873,-0.00137957219124,-0.0226606515312,0.0788047074152,7.27758072601,7.10190174058,0.228867723929,-0.55345059664,2.09318990807,0.172389822712,0.251137771598,0.239800481155,0.243197703728,0.223011021753,4.71440944657,0.170084660923,0.675733479867,9.30160276828,2.38494817708e-07,0.00070425851596,8.79824236019,4.07041999512e-06,0.00310133563695,9.14402093602,3.56898079206e-07,0.00100795043731,8.16603073647,2.22705158073e-05,0.0117733560536,9.30982781986,5.39939703694e-07,0.000952653675629,8.95064225172,9.84729919065e-07,0.00168342777942,8.29863768907,2.83049958754e-06,0.00624542243398,8.99997879956,5.28938864462e-07,0.00135137808579,8.81157172075,2.55762372991e-06,0.00278176890893,8.63092980745,2.75590116007e-06,0.00361804106117,8.0873037035,2.11053649379e-05,0.0136910278513,8.32922374907,1.19030283096e-05,0.00796365832724,4.66733075491,0.159977184775,0.340834701807,8.23037531008,2.29841960429e-05,0.0111354684979,8.94401963647,2.1914455495e-06,0.00218690596255,5.32379880347,0.0523635798017,0.312453868709,7.26496892366,0.000354370480938,0.0704583362815,8.46802592602,6.17278053235e-06,0.00592709869401,5.08418423697,0.063165601452,0.174904542568
gradient,0,0.48,0.489999979734,predicted,Actual proposal support boundary; monitored coordinates are pre-native endpoint forecast,True,50,-0.121368543086,0.403357664409,0.00340336338043,-0.00924303148031,-0.0267190096045,0.075673105441,7.25381582872,7.09165190881,0.230486921803,-0.56559339176,2.06091216229,0.172585834746,0.251291012948,0.240042643683,0.243761697089,0.223047618406,4.71702506597,0.169739001947,0.677195586091,9.30464621681,2.33275668554e-07,0.000696379455971,8.80002577065,4.03946897511e-06,0.00308791307779,9.16454910581,3.18012820658e-07,0.000942284036483,8.16410011986,2.2385556441e-05,0.0118209396826,9.31374054603,5.27920299111e-07,0.000940504614822,8.94895422932,9.92080204115e-07,0.00169114005585,8.29688495723,2.8531381471e-06,0.00627712801297,8.99889502101,5.33007133236e-07,0.0013563802938,8.81234106038,2.53818139077e-06,0.00277420932874,8.63277412016,2.7194162516e-06,0.00359106645689,8.09096833581,2.13711077415e-05,0.0135943900461,8.33112755177,1.18032769326e-05,0.00792897889509,4.66154251167,0.161071710541,0.339285229583,8.2331531425,2.26943586421e-05,0.0110708591236,8.97107069978,1.90250993825e-06,0.00202754671369,5.32518920767,0.0522506614909,0.311844082054,7.26503845895,0.000352930128441,0.0705180632542,8.46588439521,6.21629772545e-06,0.0059576337517,5.08498558618,0.0631182952408,0.175274384237
gradient,0,0.49,0.5,predicted,Actual proposal support boundary; monitored coordinates are pre-native endpoint forecast,True,50,-0.117668935878,0.407613611373,0.00169189468383,-0.0179684761548,-0.0404241201544,0.0738345313521,7.23358328681,7.09218851536,0.238725956837,-0.578845497082,2.0362383552,0.172637109035,0.251266700985,0.240125813574,0.244243296299,0.22309642314,4.72194057748,0.168834113525,0.677564592443,9.30690932041,2.29365865898e-07,0.00069003262974,8.79535001204,4.12767142889e-06,0.00312328665529,9.182458031,2.87927302272e-07,0.000888492847006,8.14678509258,2.40702526217e-05,0.0122787417014,9.32713269416,4.93602081671e-07,0.000904702534333,8.94943892724,9.73309579549e-07,0.00168190514073,8.29523358876,2.84271811113e-06,0.00629414646879,8.98761971445,5.66523416615e-07,0.00140495440771,8.8147626013,2.5157128536e-06,0.00275795373332,8.63230445311,2.6982835117e-06,0.00358718877894,8.09316804254,2.17057268799e-05,0.0135449572108,8.34233378525,1.1119654926e-05,0.0077030120055,4.65877747131,0.161498044612,0.337727257265,8.23383206522,2.26148733564e-05,0.0110561771066,9.00130576956,1.62612050285e-06,0.00186260139199,5.33214559503,0.0517573319191,0.311726322288,7.26131253433,0.000357075955433,0.0710201542209,8.45786632716,6.4119206435e-06,0.00607443511953,5.07482060531,0.0639090270806,0.175895449726
gradient,1,0,0.00999999977648,predicted,Actual proposal support boundary; monitored coordinates are pre-native endpoint forecast,True,50,-0.277327542207,0.732454451915,-0.119918269959,-0.0687551069641,0.448000415835,0.0337394622102,4.86437914289,7.24206221573,0.114008700834,-0.484720341226,1.32645049249,0.18134831637,0.261866250688,0.295691611661,0.284187891142,0.195298332286,4.5850130349,0.206547346008,0.74764927255,9.98392147466,5.83298522615e-09,6.71603500742e-05,9.35117803728,2.16719599657e-07,0.000652923585514,9.75252849023,1.26217841415e-08,0.000111138632521,8.25724567497,1.81499708034e-05,0.00963772799144,9.18755514042,4.96491315306e-07,0.0010219502749,9.41989564045,1.20325540605e-07,0.000447114184816,8.16717118333,5.80347318812e-06,0.00941593141105,9.38753120662,9.67730272475e-08,0.000413286502656,9.16101554458,4.95093909059e-07,0.00103126797282,8.56055912979,2.18928665163e-06,0.00384991049725,8.37003788152,7.97672364872e-06,0.00704201377166,8.69569647345,2.22405656706e-06,0.00311119745078,4.51865213536,0.202193579736,0.416310791918,8.66399963387,6.37117390942e-06,0.00415740938125,9.07450648462,4.90049679874e-07,0.00112123472215,5.36069778658,0.0495751547614,0.268574583503,7.36932813976,0.000286503493926,0.0562438917469,8.8364162447,1.93751305768e-06,0.00236182506353,5.49227802631,0.0313303278734,0.16866362834
gradient,1,0.01,0.019999999553,predicted,Actual proposal support boundary; monitored coordinates are pre-native endpoint forecast,True,50,-0.239339859353,0.671725580607,-0.0892635391617,-0.0616148698711,0.316618937526,0.0338206467621,5.08584059407,6.67561249798,0.12470787837,-0.388325486313,1.42405934243,0.187432027221,0.270847679597,0.300951091896,0.276009530431,0.198376414039,4.53345714151,0.218485791975,0.738172583816,9.91236522596,6.32670886194e-09,7.96815803696e-05,9.28951258248,3.09615748629e-07,0.000784033526562,9.67180971815,2.0933333259e-08,0.000157486403947,8.3036765499,1.40106036947e-05,0.00871682010226,9.48832293718,8.26609352354e-08,0.000371620352737,9.39653065093,1.09210766584e-07,0.00044252305866,8.18560863986,5.35474200286e-06,0.00887020505271,9.39206440029,7.69132625508e-08,0.000380925788936,9.23424524087,2.89710853581e-07,0.000785597349528,8.61206172781,1.73792433414e-06,0.00336181664202,8.3533445405,7.84894932754e-06,0.00727842243178,8.66179935425,2.46834102649e-06,0.00339605294906,4.554568061,0.192463233703,0.402867782878,8.75615844575,3.46215432142e-06,0.00321057192093,9.13978327019,3.09345027565e-07,0.000912541282308,5.34229561455,0.051336904609,0.275030786006,7.3510029563,0.000295258139884,0.0583385874323,8.81259313401,2.12382721031e-06,0.00248793185488,5.48850907277,0.033702824863,0.169656977749
gradient,1,0.02,0.0299999993294,predicted,Actual proposal support boundary; monitored coordinates are pre-native endpoint forecast,True,50,-0.207739506957,0.620911933633,-0.090773300972,-0.0165905726337,0.264289850268,0.0412437168441,5.33571933812,6.55971948045,0.0963285631965,-0.386753962574,1.61775873285,0.188058047299,0.270463227281,0.296266386699,0.271995953615,0.200391548654,4.54301991864,0.212963880889,0.730884236601,9.84538226878,9.78879028948e-09,0.000105557112006,9.26922237156,3.43787271862e-07,0.000826425416113,9.50923856984,5.27190967333e-08,0.000286416174914,8.29396545401,1.35252359218e-05,0.00898580856968,9.62333871634,3.98752869811e-08,0.000235949276251,9.39608600219,9.85230568699e-08,0.000425597147039,8.18894334693,5.26153026091e-06,0.00875814135614,9.35298718994,9.05933904821e-08,0.000432975226927,9.2700995212,2.24885877879e-07,0.000688283194418,8.6179266445,1.78478153366e-06,0.00337460993438,8.30188823603,9.65560017055e-06,0.00819654384905,8.67290808303,2.16126534412e-06,0.00322711229271,4.55870312605,0.191183635197,0.39527253857,8.7774879948,2.8166136021e-06,0.00299811372509,9.17475466091,2.76022622734e-07,0.000845299015107,5.34605266977,0.0515624137093,0.285413445981,7.35390960664,0.000282010578499,0.0585327306302,8.82924474661,1.79770793544e-06,0.00233629036259,5.43456918126,0.0378679868517,0.169237140725
gradient,1,0.03,0.0399999991059,predicted,Actual proposal support boundary; monitored coordinates are pre-native endpoint forecast,True,50,-0.183063839421,0.591482342423,-0.106288962212,0.0111467152452,0.247302828107,0.0487063054409,5.62426935935,6.53819199122,0.0495368316168,-0.433387953918,1.92492359148,0.187149410719,0.266641976375,0.29089532494,0.267828028382,0.20294937745,4.58198552521,0.201487272669,0.72722584755,9.82961542205,1.16936112627e-08,0.000115660673507,9.21546724838,4.81205733454e-07,0.000984783058878,9.34718868044,1.28482680506e-07,0.000501441556521,8.28487698678,1.29220490354e-05,0.00921201120081,9.70818865196,2.6506018369e-08,0.000179357794826,9.36658881744,1.14519193799e-07,0.000464225158947,8.19414218804,5.10540136477e-06,0.00861404694527,9.3362692618,9.6866936346e-08,0.000461044512142,9.27624305305,1.91303173643e-07,0.000657853609519,8.61678708135,1.87789485141e-06,0.00344151558372,8.26829578109,1.08514569605e-05,0.00881898284632,8.68754729902,1.96353636451e-06,0.00306354253912,4.53865124726,0.196456403029,0.386228420093,8.77110353374,2.47642899306e-06,0.00300444752105,9.22596626963,2.25721271539e-07,0.000735615284429,5.36778736829,0.0504864814213,0.291712204677,7.34792023971,0.000282819150139,0.0595509895565,8.80295929852,1.8712605132e-06,0.00247094556561,5.43099734382,0.0393624363135,0.165339288803
gradient,1,0.04,0.0499999970198,predicted,Actual proposal support boundary; monitored coordinates are pre-native endpoint forecast,True,50,-0.168236436545,0.552266194728,-0.104869448986,0.0370945906258,0.20354037014,0.051381255179,5.86034269567,6.48054243883,-0.0126666903196,-0.456347523895,2.19183468724,0.188645505177,0.26567038917,0.286502735672,0.263428878699,0.203930806403,4.60601275242,0.194485819361,0.724081122971,9.80668288171,1.4327200313e-08,0.00012900714054,9.14986050001,7.37917574526e-07,0.00122628004087,9.24683317637,2.22580049767e-07,0.000698568270664,8.26254441984,1.38936346511e-05,0.00970734588965,9.80694244829,1.6935675945e-08,0.000131552744839,9.29640151573,1.72918723369e-07,0.000591007733442,8.19430952983,5.04828829714e-06,0.00859193051332,9.32869036046,1.0003725342e-07,0.000476057157449,9.24988833474,2.07736494491e-07,0.000722164291787,8.66364476591,1.55180484635e-06,0.00303719487252,8.23705482836,1.20527905462e-05,0.00947407823712,8.67626266326,2.08361155908e-06,0.00315498625336,4.52821362326,0.198217060035,0.375268069201,8.7677779367,2.1236885665e-06,0.00300754679191,9.28314262388,1.81158446408e-07,0.00062740845085,5.35842630638,0.0514389061918,0.294251720319,7.32870646652,0.000294253486185,0.0621767616605,8.73345464432,2.6687194412e-06,0.00300936395576,5.4248888053,0.0404514191083,0.161813224639
gradient,1,0.05,0.0599999986589,predicted,Actual proposal support boundary; monitored coordinates are pre-native endpoint forecast,True,50,-0.154104376201,0.53333460282,-0.101925299015,0.0499379101014,0.184869767103,0.0552938312518,6.04573126679,6.55284219226,-0.0443890419064,-0.480178967045,2.43491198356,0.188656017287,0.264893272029,0.279190322244,0.258506489474,0.205928472584,4.63381872648,0.187893064283,0.721560223164,9.80437115715,1.50014451488e-08,0.00013228397,9.05926500616,1.18350586691e-06,0.00159202173401,9.18036418617,3.16078144757e-07,0.000861084281352,8.21914752062,1.87778456862e-05,0.0106710814055,9.82681335068,1.58916369105e-08,0.000125268742426,9.2174346296,2.69228840761e-07,0.000772696387924,8.1959764953,4.96177396799e-06,0.00855332573708,9.31093364822,1.08898250509e-07,0.000506638499366,9.22370285716,2.28741692579e-07,0.000789507148534,8.70271467192,1.3286222016e-06,0.00272609647025,8.21276847265,1.27974457256e-05,0.00999979876781,8.6885364984,1.93153533024e-06,0.00302799465464,4.52241541634,0.200199652266,0.367542686609,8.73759642455,2.15477050787e-06,0.0032418857281,9.29435190324,1.7875973914e-07,0.000615460660015,5.38866110044,0.04955907725,0.295414577138,7.31636023628,0.000298975221992,0.0640957892254,8.66666638123,4.08811190866e-06,0.00363759317902,5.41695011106,0.0413198201807,0.160842966061
gradient,1,0.06,0.070000000298,predicted,Actual proposal support boundary; monitored coordinates are pre-native endpoint forecast,True,50,-0.141622351822,0.495323523934,-0.103659243431,0.0258072352028,0.208425734911,0.0568461563343,6.04391150593,6.68163973908,-0.0652126825761,-0.520328164609,2.58445131587,0.188956394184,0.26668555588,0.275713775476,0.255769526581,0.205224313832,4.63274649073,0.18961050252,0.71827829451,9.80244649173,1.58536777026e-08,0.000136758591698,8.99054035407,1.70402613599e-06,0.00193490159883,9.17009337583,3.31527921359e-07,0.000888543715745,8.18091389498,2.5306453088e-05,0.0115277871594,9.80428647064,1.81313409659e-08,0.000136238218229,9.1549738171,4.07962456644e-07,0.000965792886016,8.20130260328,4.89185859452e-06,0.00846621585605,9.29717145772,1.19454055777e-07,0.00053722720388,9.20718623179,2.50228851446e-07,0.000835591135272,8.71595515482,1.33843182636e-06,0.00263327743875,8.21231838128,1.27843571141e-05,0.0100072895727,8.73741819989,1.60244097399e-06,0.00265118926052,4.49923438145,0.207089128368,0.363642600381,8.7137900727,2.25848378011e-06,0.00344922689842,9.30071044878,1.67161639581e-07,0.000595878502585,5.46399257361,0.0440091310523,0.288230889676,7.31408558989,0.000293743401364,0.0648299929164,8.60587980741,6.03073292322e-06,0.00431194060918,5.3978380558,0.0424908204194,0.157263102048
gradient,1,0.07,0.0799999982119,predicted,Actual proposal support boundary; monitored coordinates are pre-native endpoint forecast,True,50,-0.133475882552,0.473745454799,-0.104157345142,0.0148412447786,0.231311109934,0.0570345743866,6.05219865422,6.77473809578,-0.0340446035755,-0.525777958443,2.62964151828,0.18966676171,0.268025375154,0.272225079721,0.25440785987,0.205151159633,4.6200149281,0.192816064567,0.712490750108,9.78453861305,1.8011617255e-08,0.000148107702803,8.95525075083,2.00341084748e-06,0.00211542797983,9.18139319372,3.06528769119e-07,0.000851866155949,8.16017699512,2.99357841481e-05,0.0119910233857,9.77967496686,2.12480450435e-08,0.000150719642934,9.14005393004,4.61121945235e-07,0.00102224870236,8.20457840885,4.91887076016e-06,0.00842745926242,9.28720556212,1.24896076332e-07,0.000554949342192,9.15017627062,4.32564213999e-07,0.00104857684086,8.6957605903,1.63448608502e-06,0.00283609123272,8.20184096801,1.32560825273e-05,0.0102617526158,8.7605081554,1.55359564586e-06,0.00250005994755,4.49506182534,0.209512745899,0.36485130883,8.64110018981,3.56244744423e-06,0.00421326056555,9.2968626813,1.70483901802e-07,0.000601641844839,5.52029662155,0.0398083788518,0.285494068634,7.32917037047,0.000273003589198,0.0633560062031,8.58272014672,6.9833769274e-06,0.00460493959758,5.37595510519,0.043887103267,0.156429601441
gradient,1,0.08,0.0899999961257,predicted,Actual proposal support boundary; monitored coordinates are pre-native endpoint forecast,True,50,-0.129981450718,0.479965311184,-0.0986788319016,0.0230204265928,0.241589439783,0.057516308637,6.03442810017,6.83555988648,-0.00357174702991,-0.528834247385,2.60325519442,0.190317575998,0.26909249801,0.270236045161,0.253770965889,0.205770067127,4.61269328944,0.194450742986,0.710556706814,9.74960535183,2.29180613846e-08,0.000170189147472,8.96820577463,1.88463049841e-06,0.00204193569181,9.19432568732,2.82381154838e-07,0.000814616398998,8.17115080602,2.88587645499e-05,0.0116948410317,9.7465525651,2.63101630548e-08,0.000173014468203,9.15931234149,4.23738492938e-07,0.000965528676752,8.21157306837,4.7149972416e-06,0.00825235754931,9.27349757137,1.33300497813e-07,0.000578987898852,9.09839074372,6.94293963271e-07,0.00128180785847,8.67435798171,1.98709708943e-06,0.00307100295853,8.18583282056,1.42402202453e-05,0.0106791432747,8.74863471265,1.75317842818e-06,0.00260911160933,4.5044571981,0.208532153078,0.366165754772,8.5800188524,5.588235198e-06,0.00496210393202,9.28062345021,1.92138100347e-07,0.000640257775457,5.52592867335,0.0390639251793,0.284038723655,7.3296110701,0.000272444461663,0.063360791003,8.6053975958,6.13150299757e-06,0.00435515051585,5.36666856868,0.0444763780223,0.157522853853
gradient,1,0.09,0.0999999940395,predicted,Actual proposal support boundary; monitored coordinates are pre-native endpoint forecast,True,50,-0.126177295548,0.455432542284,-0.0983964990044,0.0452502262211,0.239247890387,0.0584884253498,6.0679781416,6.83867114772,0.0171933488825,-0.53789425411,2.59023727517,0.189912049328,0.269240437561,0.269085919449,0.253952945565,0.207057785992,4.62679566988,0.191201866119,0.712531739756,9.73925020377,2.47697767112e-08,0.000177019620786,8.97412116516,1.84891141718e-06,0.00201412936348,9.18950784908,2.80435731333e-07,0.0008191039553,8.17946628991,2.75650224589e-05,0.0114911914321,9.73347322535,2.83686219225e-08,0.000182813733477,9.17157122744,3.94055565596e-07,0.000926200053252,8.21576451094,4.57116532248e-06,0.00813003603096,9.26512144458,1.38431097733e-07,0.000593528240628,9.07740394939,8.41048048092e-07,0.00139124035929,8.6583791073,2.277318176e-06,0.00325836244148,8.17394922266,1.49954403078e-05,0.0109908836553,8.71688370176,2.07301837238e-06,0.00286066282011,4.51012870213,0.208081557939,0.366888866305,8.54957522061,6.82667819033e-06,0.00536814887951,9.27660024726,2.01497078563e-07,0.000655977329232,5.51245490152,0.0402311576931,0.287426373451,7.32797798152,0.000277309132055,0.063439660662,8.61999309948,5.3521457621e-06,0.00418194983804,5.37560480893,0.0439758023122,0.15912068485
gradient,1,0.1,0.109999999404,predicted,Actual proposal support boundary; monitored coordinates are pre-native endpoint forecast,True,50,-0.125430992325,0.463190044952,-0.100890035477,0.0507443856811,0.217997667465,0.0581188103087,6.07738954623,6.77379674232,0.0253595569139,-0.552845362921,2.5758532677,0.190184873195,0.270406811868,0.268589089717,0.254426383559,0.20804821892,4.6418222496,0.188718850678,0.715361355482,9.74178031389,2.48948724396e-08,0.000175706811364,8.96303485619,1.96395897836e-06,0.00207824469354,9.19538386577,2.62460167958e-07,0.000796911085135,8.16746267691,2.91096317369e-05,0.0117771049571,9.78258101025,1.97435171252e-08,0.000149336248617,9.16569586084,3.96295056421e-07,0.000936098981296,8.21574150151,4.51614588939e-06,0.00810158322095,9.25935938336,1.43497134917e-07,0.000606017847168,9.07369487478,8.86650951346e-07,0.0014202310356,8.65732820891,2.34598159885e-06,0.00328532134214,8.17490602222,1.52279164872e-05,0.0109938675191,8.70425213985,2.18186591578e-06,0.00296102765969,4.5013293065,0.210077423614,0.363718742592,8.54064682159,7.17795537731e-06,0.00549721665167,9.31008682718,1.61484005277e-07,0.00058267367865,5.50575400838,0.040861920093,0.289713903892,7.31986658058,0.000287960511526,0.0643102189614,8.60660057994,5.38429997586e-06,0.00431430414725,5.37781802872,0.0438976989793,0.159372644584
gradient,1,0.11,0.119999997318,predicted,Actual proposal support boundary; monitored coordinates are pre-native endpoint forecast,True,50,-0.118259893278,0.45361227688,-0.0962569259071,0.0431764411545,0.188630557928,0.0564600434311,6.06959279251,6.71137317164,0.0418315318239,-0.55150589074,2.51010116248,0.19117985543,0.270916177268,0.268369816781,0.25427762891,0.208904801406,4.64343592388,0.18895088711,0.716850482642,9.72404288692,2.70861926687e-08,0.000185206336315,8.94417307263,2.14466654165e-06,0.00218202980045,9.23630029004,2.03985554639e-07,0.000693040911118,8.18690488029,2.60992956216e-05,0.0112866747498,9.82420873872,1.40954377718e-08,0.000124365355957,9.14624972375,4.26607577747e-07,0.000985876269141,8.21685819979,4.44021526532e-06,0.00804632219504,9.24963438587,1.5113109872e-07,0.000625814535867,9.07319128654,9.02812050667e-07,0.00142911923696,8.66734787359,2.25912297044e-06,0.00319815494733,8.18222079925,1.51927927411e-05,0.010837405064,8.68952106143,2.28208130119e-06,0.00307717806125,4.50083735496,0.209632575325,0.359638346174,8.53689819277,7.30156226343e-06,0.00555168580255,9.33714389685,1.290984346e-07,0.000522306030942,5.48955113039,0.0420274929662,0.291158935617,7.31223296549,0.000295357538049,0.0652599001751,8.58243574946,5.88908205574e-06,0.00459261685853,5.36031748242,0.0449645015845,0.159671151857
gradient,1,0.12,0.129999995232,predicted,Actual proposal support boundary; monitored coordinates are pre-native endpoint forecast,True,50,-0.111921461784,0.438641813068,-0.0879308865929,0.0276792132473,0.151419274483,0.0544686759058,6.02307512609,6.62037794587,0.0651762027583,-0.551354300726,2.34757952311,0.192057858776,0.27176821612,0.270611305713,0.2557557028,0.207688158759,4.63672985426,0.191241447261,0.718535926226,9.68399098296,3.33648533425e-08,0.000211492695548,8.94125919834,2.19309185458e-06,0.00220468390614,9.29980399894,1.40236405488e-07,0.000557280909248,8.21556290945,2.21304538093e-05,0.0105741766549,9.87140307576,9.41603142752e-09,0.000100216649407,9.1399127838,4.35296335214e-07,0.001002611468,8.21830388336,4.32709664897e-06,0.00796680792572,9.23670734341,1.5941699618e-07,0.000649115004618,9.06899141664,9.01052005767e-07,0.00143846325636,8.66718674389,2.27550568487e-06,0.00320208584776,8.20030082948,1.45703502001e-05,0.0104335334314,8.65749268454,2.69721343688e-06,0.00337606648311,4.50895712578,0.206384260835,0.35683537124,8.53432670951,7.15579803702e-06,0.00558720565995,9.36657529859,9.95120872002e-08,0.000460766380726,5.46483976158,0.0436548906877,0.292078621916,7.30277847278,0.000304546724,0.0664409210869,8.58549603574,5.61987834788e-06,0.00456103708346,5.3400632184,0.0462363855485,0.16071222076
gradient,1,0.13,0.140000000596,predicted,Actual proposal support boundary; monitored coordinates are pre-native endpoint forecast,True,50,-0.116949551587,0.448217457811,-0.075336234417,0.00815432544708,0.113792260859,0.0532834202595,6.01094090496,6.55007592087,0.0980173840972,-0.551062858615,2.17654918394,0.19215057393,0.272241927168,0.272214890279,0.257023701853,0.206165518621,4.61918858505,0.194642271017,0.717072841502,9.63341966726,4.29676132572e-08,0.000249043849802,8.92872889937,2.34692834231e-06,0.00228312914075,9.37227247292,9.06655929257e-08,0.00043104732985,8.24381077578,1.83600759111e-05,0.00988733603666,9.91609444594,6.59317431716e-09,8.20818968576e-05,9.12725276731,4.54954075909e-07,0.00103679880074,8.22532899685,4.12966746023e-06,0.00777121219206,9.21342344208,1.78088382937e-07,0.000696141401776,9.05105520324,9.44719722984e-07,0.00149812648571,8.66497918631,2.29649717101e-06,0.00322409251312,8.21796966574,1.40132948968e-05,0.0100489156162,8.61335692561,3.40153771555e-06,0.00383328048132,4.52261591744,0.202017015988,0.354726834704,8.51460044804,7.46180816368e-06,0.00585774726425,9.38983351269,8.05933038932e-08,0.000416250250332,5.44327641077,0.0450526857945,0.293341005692,7.29505125367,0.000311679467202,0.0674313859125,8.58927246819,5.21362875494e-06,0.00450560336643,5.31254347407,0.0478664529323,0.162623463884
gradient,1,0.14,0.149999991059,predicted,Actual proposal support boundary; monitored coordinates are pre-native endpoint forecast,True,50,-0.123300026622,0.447796903956,-0.0679699276352,-0.0114047885323,0.0820897131896,0.0516130423948,6.03219638856,6.48104916989,0.129804965364,-0.545300092059,2.11825559063,0.191831889937,0.273629814466,0.274067850367,0.257460963993,0.203928561243,4.59395602567,0.198383397181,0.711755561959,9.62219288284,4.52142087844e-08,0.000257180945675,8.90461068949,2.60922140377e-06,0.00242317961005,9.41112637056,7.03649814371e-08,0.000373066191887,8.23611288611,1.85359082898e-05,0.0100426316982,9.9658961881,5.05131357578e-09,6.82302266564e-05,9.10449488076,5.16473962957e-07,0.00111381624006,8.22706384111,4.07762424242e-06,0.00772027615293,9.19786654922,1.9107783354e-07,0.000729349680122,9.03609991809,1.01032986857e-06,0.00156028229896,8.66586050314,2.27196671867e-06,0.0032044561311,8.21650646271,1.4517152167e-05,0.0101408562775,8.59849771021,3.65842803193e-06,0.00399889243709,4.53442391785,0.198006500133,0.354851130149,8.49221872913,8.16776162598e-06,0.00617658667949,9.42275607936,6.45785015702e-08,0.000366753248444,5.4467867609,0.0447232354613,0.293190413633,7.29542853163,0.000307725806155,0.0675068154202,8.57008974086,5.60080605813e-06,0.00471738563758,5.3027003617,0.0485350589166,0.164584422929
gradient,1,0.15,0.159999996424,predicted,Actual proposal support boundary; monitored coordinates are pre-native endpoint forecast,True,50,-0.117582846317,0.439796512103,-0.0647645233536,-0.0114264476681,0.0627587291336,0.048016504944,6.10274964808,6.42094085045,0.159887783016,-0.515828099224,2.03970397651,0.189909187338,0.273310965901,0.275677985822,0.257603615473,0.202962253854,4.57818400786,0.199721553636,0.707209229069,9.59368193623,5.00630432759e-08,0.0002757766937,8.88326500967,2.83849558904e-06,0.00254701918734,9.44325268656,5.72763129069e-08,0.000330950889681,8.25648055309,1.69802540017e-05,0.00956049773447,9.98471101128,4.56957263608e-09,6.3771250554e-05,9.07520707967,6.13907191129e-07,0.00122439706493,8.22597803914,4.07386853037e-06,0.00773544627659,9.1975636226,1.87281984674e-07,0.000727317368917,9.02928227292,1.05208240744e-06,0.00159358582836,8.67128802557,2.2140458962e-06,0.00314080011257,8.20797566289,1.54724066691e-05,0.0103871759602,8.56120667537,4.1757539644e-06,0.00441671380687,4.5507681547,0.193911049212,0.356944189257,8.47752525343,8.80506648827e-06,0.00639149021334,9.43128577121,6.13534037775e-08,0.000355210883003,5.38767706833,0.0486075613001,0.293768348287,7.30768226654,0.000295079698898,0.0659371830744,8.54542420484,6.3982668799e-06,0.00502290858467,5.29880337668,0.0491680691965,0.167070220596
gradient,1,0.16,0.170000001788,predicted,Actual proposal support boundary; monitored coordinates are pre-native endpoint forecast,True,50,-0.119505963474,0.439787508587,-0.0535091422462,-0.0327076289439,0.0516641488409,0.0469943345785,6.20576431784,6.42601279088,0.193234272086,-0.488205160276,1.9879888463,0.187426176932,0.272436331935,0.273863365705,0.257221624015,0.203562641476,4.54637750201,0.203534576844,0.699500952449,9.54002506359,6.45755336259e-08,0.000327315198335,8.85723950137,3.16047848861e-06,0.00270719352739,9.47334993787,4.69053628509e-08,0.000295781901675,8.25437649557,1.69209787787e-05,0.0096184703624,9.97760355094,4.73841464311e-09,6.60363894637e-05,9.04544476912,7.00139354779e-07,0.00132863822918,8.24037055328,3.80964899355e-06,0.00742219265942,9.17818936441,2.14525177396e-07,0.00078255129724,9.00930311912,1.16044224816e-06,0.001683432461,8.66537166446,2.28434473681e-06,0.00318712167428,8.18984517506,1.72138302615e-05,0.0108764775624,8.53548154974,4.74834396703e-06,0.00474443373511,4.57578538484,0.188676296986,0.359201062437,8.44536857006,1.01977759571e-05,0.00688394142647,9.41061194789,7.06440448923e-08,0.000385012053558,5.36690830597,0.0496749135537,0.293308207763,7.30403414078,0.000304956714843,0.0659955565665,8.51749198331,7.02621823366e-06,0.00535526938972,5.25098912724,0.0516689786454,0.164964384067
gradient,1,0.17,0.179999992251,predicted,Actual proposal support boundary; monitored coordinates are pre-native endpoint forecast,True,50,-0.121386931188,0.442867740211,-0.0424856327438,-0.0616671142364,0.0293842950201,0.0480838626754,6.35279997114,6.44020478768,0.235855363213,-0.477102341957,1.88528480468,0.184204172256,0.270986958649,0.269636664219,0.256939084081,0.206011067592,4.52636335069,0.203893780774,0.692883514754,9.47092039186,9.02869312117e-08,0.000405386542097,8.81725609166,3.75340896745e-06,0.00297850276698,9.49401419337,4.33761503077e-08,0.000278924790255,8.27375922899,1.47166007243e-05,0.00917394979076,9.93905781655,6.70704533552e-09,8.02015737444e-05,9.01700269425,7.83439235981e-07,0.00142991782174,8.25135383347,3.66681356326e-06,0.00720298726435,9.16652823503,2.28363745834e-07,0.000809463971408,8.97978115844,1.33533845279e-06,0.00182342761904,8.65386740273,2.40393259189e-06,0.00328617562902,8.18276645751,1.81472604853e-05,0.0111019852836,8.46034042439,6.90169076267e-06,0.0058561933048,4.59078232433,0.18487572127,0.351188175489,8.39851177566,1.24281740376e-05,0.00765997907053,9.38270960059,8.9596662031e-08,0.000434168099463,5.31109826591,0.0530777563162,0.288334771164,7.29744659253,0.000314570071381,0.0666017860664,8.48695979638,7.68645204749e-06,0.00573945675625,5.22097813164,0.053233612897,0.16630603179
gradient,1,0.18,0.189999997616,predicted,Actual proposal support boundary; monitored coordinates are pre-native endpoint forecast,True,50,-0.128097638216,0.482152058613,-0.0362880061531,-0.084760445171,0.00945632604122,0.0500720146929,6.54707560933,6.3956098555,0.257297893465,-0.490261724215,1.80915574228,0.181847473341,0.269525692433,0.265069601187,0.257116617543,0.208320736401,4.52328615613,0.203066129328,0.687184958154,9.41267777942,1.18555902553e-07,0.000484748234824,8.7806474614,4.37471114634e-06,0.00324325710247,9.48065867382,4.97459858222e-08,0.00029900237365,8.28832599623,1.33875247335e-05,0.00886246994519,9.94732084827,7.52198122345e-09,8.21270928927e-05,8.97825505633,9.31656393611e-07,0.00158945638857,8.26662871865,3.43076814599e-06,0.00689498780483,9.14085169377,2.60674014996e-07,0.000879570589019,8.93244921217,1.65107850518e-06,0.00206581249537,8.64523768745,2.48176341533e-06,0.00335233915244,8.17613066155,1.90734014626e-05,0.0112974431504,8.404497365,9.11134759428e-06,0.00678450056429,4.59828890733,0.183229415289,0.345563863583,8.33769570413,1.59373610613e-05,0.00877549571794,9.38413451386,9.55560674827e-08,0.000441428220758,5.29079502786,0.0543507229059,0.288211812509,7.29730451345,0.000315733976189,0.0665142732496,8.46194806128,8.09076957629e-06,0.00607615911586,5.18350520369,0.0553336059322,0.166047079614
gradient,1,0.19,0.199999988079,predicted,Actual proposal support boundary; monitored coordinates are pre-native endpoint forecast,True,50,-0.128880261981,0.483147777681,-0.0313633273506,-0.110195849874,-0.025381408658,0.0500781786589,6.66252377671,6.28086876752,0.280958525755,-0.478742231744,1.7062589271,0.181902136929,0.270433466619,0.263021062611,0.258023892456,0.208299552194,4.5225158078,0.203329934042,0.683308646019,9.37847738541,1.45348489265e-07,0.000543614935504,8.75536411749,4.85938029855e-06,0.00343641676015,9.50082894052,4.99693412886e-08,0.000287431822808,8.28359349468,1.33006333852e-05,0.00898768769781,9.96511377666,7.89710775893e-09,8.13849751775e-05,8.95205854908,1.03692554282e-06,0.00169990598749,8.27006208731,3.36937152176e-06,0.00681426276092,9.12828036527,2.79031313906e-07,0.00091527278322,8.89436699331,1.93558575515e-06,0.00227602170209,8.63347724598,2.62921905597e-06,0.00346581862941,8.18936518376,1.85690919613e-05,0.0109593375159,8.37343524939,1.06490352531e-05,0.00733953381275,4.61680147158,0.17869460148,0.343543212303,8.28758001161,1.9390537154e-05,0.00979394246386,9.38689734607,1.03873554998e-07,0.000451788897273,5.27423705676,0.0552992588935,0.290911881878,7.29763085211,0.000316242263868,0.0663612023915,8.44329974206,8.14004051235e-06,0.00633008255389,5.17463716534,0.0559158047468,0.167828317088
gradient,1,0.2,0.209999993443,predicted,Actual proposal support boundary; monitored coordinates are pre-native endpoint forecast,True,50,-0.130021511985,0.465668872653,-0.0185380481148,-0.124107840099,-0.0562796417141,0.050852785187,6.71975422016,6.21310689608,0.285398915473,-0.488263005052,1.67512574873,0.18219263683,0.271760067292,0.263635475631,0.257677290912,0.206522254534,4.50070204558,0.205757468593,0.678510231048,9.35704954975,1.70444734341e-07,0.000587686873693,8.7506498365,4.93349914013e-06,0.00346796485785,9.5345083542,4.2304110738e-08,0.000258935254928,8.28822821586,1.26321761204e-05,0.00888956836512,10.0889444002,2.80652542526e-09,4.51925973415e-05,8.92768745283,1.14330638428e-06,0.00181147677689,8.2812081924,3.12211193057e-06,0.00656456343343,9.11405802316,3.00364219796e-07,0.000953714763545,8.86782219466,2.14957203637e-06,0.00243187947123,8.63551227329,2.64254199395e-06,0.00345982332467,8.19971594672,1.79678559218e-05,0.0107009475346,8.35227376692,1.16761492929e-05,0.00770899102381,4.6329652909,0.174055814529,0.3412117678,8.26029879953,2.15635714445e-05,0.0103889166368,9.43977098894,6.78632692086e-08,0.000361865507129,5.25551856372,0.0565841887713,0.2919809274,7.28020605359,0.000337938259512,0.0683743859303,8.43168066485,8.15322546199e-06,0.00650413069709,5.19077270933,0.0552314867661,0.171904397434
gradient,1,0.21,0.219999998808,predicted,Actual proposal support boundary; monitored coordinates are pre-native endpoint forecast,True,50,-0.121297848267,0.438059804597,-0.00646453365326,-0.116258181372,-0.090558896091,0.0522227524785,6.78029956676,6.23812809394,0.306750801837,-0.512549327658,1.672482968,0.182985514165,0.27083909273,0.263570841957,0.257662019746,0.204810548615,4.4794216708,0.208119934918,0.669054552971,9.30960189496,2.23996648175e-07,0.000684978454791,8.73496029707,5.2864227554e-06,0.00359934361485,9.55630493249,3.47934313606e-08,0.000237999176545,8.27876762843,1.30691764295e-05,0.00907697056883,10.1633478776,1.5981777009e-09,3.22050605081e-05,8.91449620339,1.21140869806e-06,0.00187622305369,8.29155563654,2.93290134543e-06,0.0063494695611,9.08728850275,3.41743958159e-07,0.00103465369072,8.88073588677,2.00167558239e-06,0.00234422111482,8.63813611732,2.71494616679e-06,0.00346470696657,8.20272041977,1.74288250723e-05,0.0106259131644,8.33436229818,1.21965424514e-05,0.00797852107027,4.64493972262,0.168286123405,0.340659823173,8.25734790707,2.1899688929e-05,0.0104560031709,9.50442997108,4.20875018604e-08,0.000275956471996,5.22998869703,0.0585357391906,0.293054597824,7.26596552944,0.000354735555371,0.0701653517719,8.41856599936,8.61944209825e-06,0.00670632392315,5.16677597779,0.0573990667135,0.173880422499
gradient,1,0.22,0.229999989271,predicted,Actual proposal support boundary; monitored coordinates are pre-native endpoint forecast,True,50,-0.117078940991,0.419201768932,0.00125421062469,-0.110468745866,-0.0982449206972,0.051818491214,6.82060594953,6.21148889717,0.333044684395,-0.53733163114,1.68897388387,0.183603221003,0.270971699212,0.263412090725,0.25812869325,0.203721362594,4.48360870749,0.209364800803,0.667340170751,9.30295121499,2.32624122347e-07,0.000699383747866,8.73627792398,5.236019309e-06,0.00358492283892,9.57623009255,2.95117520239e-08,0.000218145015056,8.28073849854,1.2947482892e-05,0.00903578180492,10.2275155287,1.05909384e-09,2.44286102094e-05,8.90253678171,1.30080501034e-06,0.00194756819491,8.30411886898,2.73920854344e-06,0.00610751129753,9.07160280026,3.69242604712e-07,0.00108604077095,8.87166453939,2.10368669422e-06,0.00240655923453,8.64095575774,2.6559181883e-06,0.00342573459113,8.17386574866,1.99255054191e-05,0.0113973193503,8.31924517836,1.28422000017e-05,0.00823853031218,4.64711521415,0.166744770925,0.341178480845,8.25267067358,2.24333028543e-05,0.0105581346339,9.56628368825,2.72413502483e-08,0.000211646056342,5.23460139484,0.0582354707647,0.292490728992,7.2591766045,0.000366357682702,0.0708305815966,8.41444806271,8.80287594721e-06,0.00677566926257,5.16739753846,0.0576018932562,0.173966684137
gradient,1,0.23,0.239999994636,predicted,Actual proposal support boundary; monitored coordinates are pre-native endpoint forecast,True,50,-0.111972826013,0.387749863792,0.0019123150444,-0.108973093667,-0.102170060005,0.0516879662525,6.83265103177,6.21058936736,0.344177835865,-0.544308461521,1.70337190413,0.183865105043,0.271021871458,0.263043985579,0.258141220071,0.203466369506,4.48965116302,0.208576295812,0.667841976173,9.30641411751,2.29877200799e-07,0.000692537914975,8.73449503104,5.28322971885e-06,0.00360173142691,9.58148243585,2.79115644865e-08,0.000211980902265,8.27249842994,1.35561579548e-05,0.00922063043827,10.2545318684,8.84929050063e-10,2.16834958816e-05,8.90254563656,1.31332102342e-06,0.00195236451502,8.3048489447,2.72016710415e-06,0.00608956109637,9.06329514758,3.86516861937e-07,0.00111572517855,8.86848029604,2.13095499595e-06,0.00242747389736,8.63782283297,2.704299566e-06,0.00345627287245,8.15703071753,2.15898308108e-05,0.0118650063556,8.32221604049,1.25711341234e-05,0.00816688523613,4.64743693881,0.166287633415,0.340926854891,8.24780583125,2.28346634316e-05,0.0106735134131,9.59142636265,2.28631180345e-08,0.000189829460698,5.24478342986,0.0575814456106,0.29261785734,7.25976751646,0.000363843789167,0.07084875745,8.41816466497,8.6594022667e-06,0.00671179583392,5.1622250006,0.0579981334397,0.173934376781
gradient,1,0.24,0.25,predicted,Actual proposal support boundary; monitored coordinates are pre-native endpoint forecast,True,50,-0.121693148966,0.384382280152,0.00432166591644,-0.112129000463,-0.101488171544,0.0519458510702,6.83712234032,6.21614317466,0.3517097498,-0.548267994635,1.71199134601,0.183884195127,0.270938595716,0.262654073809,0.258110946985,0.203614099366,4.49196832248,0.208441861674,0.668584219645,9.31206482194,2.23567288899e-07,0.000680773244192,8.73341771106,5.32092703141e-06,0.00361309217687,9.58562541576,2.71894981573e-08,0.000208682055839,8.26976938169,1.37864428765e-05,0.00928295673765,10.2582604732,8.60963580661e-10,2.12893509976e-05,8.90231798182,1.31278229943e-06,0.00195292688862,8.3082862116,2.66818668999e-06,0.00602375207137,9.05808769274,3.97048402593e-07,0.00113420698743,8.86348378391,2.16966759415e-06,0.00245855768938,8.63636695064,2.72218412201e-06,0.00346952530848,8.14839535007,2.25137291886e-05,0.0121080790138,8.32211252847,1.25515218683e-05,0.00816714007455,4.64916822562,0.165908221514,0.340649834924,8.24316071828,2.31351711479e-05,0.0107884572857,9.59479188788,2.2179358454e-08,0.000186498114881,5.25398138199,0.0569423785659,0.29196228194,7.25735043049,0.000366216997399,0.071197279808,8.42208525766,8.42393619011e-06,0.0066418484896,5.1645144468,0.0578700512159,0.173842807755
gradient,1,0.25,0.259999990463,predicted,Actual proposal support boundary; monitored coordinates are pre-native endpoint forecast,True,50,-0.128649515724,0.431492178372,0.00748770252228,-0.121881326475,-0.104911040392,0.0516154432604,6.83667142708,6.21985463459,0.366788565169,-0.542120753896,1.70223352035,0.183852615908,0.270901939501,0.262603491222,0.25822755338,0.203447945271,4.489626731,0.209142071036,0.668271111469,9.31632161643,2.18656469928e-07,0.000671760760768,8.72551829309,5.50659017968e-06,0.00368116339741,9.60591602297,2.3989300421e-08,0.000192961588546,8.26362216668,1.42246144913e-05,0.00941824900474,10.256993547,8.65359639665e-10,2.13538494486e-05,8.89888744947,1.32655285703e-06,0.0019688657427,8.31016469271,2.63678947236e-06,0.0059856823428,9.05241273538,4.0941205429e-07,0.00115476343739,8.85815584762,2.20554090225e-06,0.00249072805694,8.63352150474,2.75080419486e-06,0.00349522075993,8.13915429594,2.38182790072e-05,0.0123787070069,8.32492258808,1.23934847197e-05,0.0081130835795,4.65695770461,0.16444019412,0.341210757365,8.23351022415,2.38613908514e-05,0.0110220126436,9.59241563884,2.21581580836e-08,0.000186968167707,5.26364998888,0.0562611345571,0.291034462007,7.25404536057,0.000370471120258,0.0716160341219,8.42167617537,8.33582748094e-06,0.00663996162866,5.16180789412,0.0580331628087,0.173747320472
gradient,1,0.26,0.269999980927,predicted,Actual proposal support boundary; monitored coordinates are pre-native endpoint forecast,True,50,-0.131498376722,0.429072262695,0.00627370849609,-0.12527394835,-0.108397993174,0.050349996577,6.83211501264,6.2206365692,0.370253563289,-0.532610527631,1.69927914512,0.183947835004,0.270925077247,0.262773432717,0.258279345351,0.203089245577,4.49129060973,0.208966337954,0.668320297784,9.31437182648,2.21561312769e-07,0.000676463595247,8.720399377,5.63838992821e-06,0.00372775779047,9.61483722889,2.2681365811e-08,0.000186331344265,8.26000201107,1.45403454073e-05,0.00949810881915,10.2579676387,8.59021256238e-10,2.12530864788e-05,8.89630881526,1.35503141801e-06,0.00198682648074,8.30563581266,2.6984970178e-06,0.00606601624368,9.05421525405,4.07518168069e-07,0.00114949023675,8.85651822973,2.22380090557e-06,0.00250376280692,8.63538818012,2.70922688048e-06,0.00347153912853,8.13456652558,2.44741740028e-05,0.0125161467039,8.33078101356,1.20595288108e-05,0.00799804943836,4.65985107158,0.16384590577,0.341476539699,8.23100037866,2.40428091054e-05,0.0110877434782,9.59386125605,2.18395698216e-08,0.000185454979215,5.26296312333,0.056274531257,0.290623306698,7.25562514167,0.000367855448067,0.0714399611297,8.42198478227,8.3341936202e-06,0.0066273293575,5.15584744424,0.0584067782427,0.173617559932
gradient,1,0.27,0.280000001192,predicted,Actual proposal support boundary; monitored coordinates are pre-native endpoint forecast,True,50,-0.128705910982,0.419453859493,0.00809941783905,-0.116009377279,-0.105164002802,0.0502531894667,6.85159926919,6.22920554679,0.372028109503,-0.534077860769,1.71162597326,0.18359123065,0.27074757242,0.26258341718,0.258133283806,0.203253519226,4.49320838372,0.208853010924,0.667906617091,9.30767605081,2.2921350131e-07,0.000690552481536,8.72526315006,5.49541208248e-06,0.00368194533081,9.61045137608,2.31420250099e-08,0.00018883450738,8.26511096406,1.41271817158e-05,0.00938326001644,10.2619730429,8.35532260814e-10,2.08736934857e-05,8.8934458038,1.38504355691e-06,0.00200758124312,8.30836482263,2.66999889708e-06,0.00602024413973,9.05232041059,4.11989179539e-07,0.00115650686544,8.85621144206,2.23405606278e-06,0.00250655259487,8.63716278197,2.70090382008e-06,0.00345882763362,8.12333466726,2.56764980266e-05,0.0128316346567,8.32004935985,1.26610132109e-05,0.0082043011703,4.66208197986,0.163636157558,0.342301885373,8.23262749018,2.40016750139e-05,0.0110417777455,9.59590179048,2.15435234129e-08,0.000183811524098,5.25835484277,0.0566585642071,0.291393003841,7.2563950566,0.000368117790929,0.0712748289719,8.41803690988,8.55657838971e-06,0.00670537451478,5.15630947405,0.0583756744132,0.173631919282
gradient,1,0.28,0.289999991655,predicted,Actual proposal support boundary; monitored coordinates are pre-native endpoint forecast,True,50,-0.12577391034,0.377365473811,0.0138813687897,-0.1099378616,-0.101194827285,0.0508666794748,6.86528687073,6.23145451506,0.380450756607,-0.534513280766,1.71533046528,0.183360526748,0.270598898822,0.262445197724,0.258035645171,0.203547915988,4.48746099967,0.210029088918,0.66731489945,9.30418891061,2.33373872744e-07,0.000698140545488,8.73098728974,5.35701357502e-06,0.00363138774443,9.61097017918,2.30675989727e-08,0.000188438005196,8.27034398137,1.37384056249e-05,0.00926609232938,10.2646663341,8.19550966093e-10,2.06103487137e-05,8.8959887931,1.35561139749e-06,0.00198943448248,8.31551708232,2.58243191802e-06,0.00589813467396,9.04659074979,4.24788797497e-07,0.00117751495275,8.85412364282,2.25877735547e-06,0.00251906418665,8.63897180159,2.65849452228e-06,0.00344145721533,8.11203609755,2.68893295558e-05,0.0131522230982,8.30891680487,1.32759358439e-05,0.00841959283682,4.66774947484,0.162631705798,0.343399462386,8.23588495791,2.36689023998e-05,0.0109614618431,9.59444963725,2.15734586903e-08,0.000184122921378,5.2593613294,0.0566034109434,0.291569357499,7.25476681425,0.000371184147855,0.0714210847625,8.41874754335,8.53048077495e-06,0.00670350188686,5.15871905375,0.0582025097182,0.173522812159
gradient,1,0.29,0.299999982119,predicted,Actual proposal support boundary; monitored coordinates are pre-native endpoint forecast,True,50,-0.125725120551,0.379019151276,0.01593374506,-0.110760489144,-0.104548242416,0.0512085139619,6.87817306961,6.22417331094,0.391019220781,-0.530180033241,1.72382903181,0.183236111867,0.270546988988,0.262611143277,0.257940649624,0.203539741012,4.48347083937,0.210789413488,0.665962035335,9.30210680086,2.35901143239e-07,0.000702976143649,8.72196582806,5.55564969871e-06,0.00370644505035,9.61815046841,2.19221430602e-08,0.000182761055869,8.27113459684,1.35617278713e-05,0.00924124215015,10.2713976308,7.83916300886e-10,2.00101037438e-05,8.89168992258,1.36807952692e-06,0.00200786823748,8.31734245906,2.56681105118e-06,0.00586930670568,9.04714859035,4.21273399881e-07,0.00117334645982,8.85572660558,2.26177128934e-06,0.00251107038451,8.64147136782,2.60267775984e-06,0.00341405145219,8.10559367079,2.78022741047e-05,0.0133445333731,8.30391934493,1.35937996632e-05,0.00851997467269,4.6703637936,0.161967508655,0.343865456067,8.23575281716,2.37394687947e-05,0.0109565268185,9.59835350395,2.07913242622e-08,0.000180259757632,5.26167691217,0.0564851362525,0.291724197114,7.25327972669,0.000374125854398,0.0715456097531,8.40525648303,9.10539182389e-06,0.00693243667601,5.15841989802,0.0581728389395,0.173398503223
gradient,1,0.3,0.310000002384,predicted,Actual proposal support boundary; monitored coordinates are pre-native endpoint forecast,True,50,-0.130285467565,0.433852286136,0.0120630456543,-0.107774415054,-0.10209614965,0.0514247402617,6.89689620794,6.22233541509,0.394453313541,-0.529487783143,1.74327379654,0.183102337023,0.270439546159,0.262568799912,0.257688444201,0.203551425114,4.48972419224,0.209988027558,0.66552704183,9.30054046855,2.37325070799e-07,0.000706203144466,8.71205195977,5.78838932671e-06,0.00379143816859,9.61296271158,2.25177812548e-08,0.000186024875453,8.27822679907,1.30481383315e-05,0.009082805556,10.2750770682,7.65054915616e-10,1.96937065594e-05,8.89100550114,1.36334939792e-06,0.00200799684692,8.3151681283,2.6006753945e-06,0.00590909221753,9.05249873029,4.1113140215e-07,0.00115481231001,8.85722161851,2.27704870699e-06,0.00250667643729,8.64187473364,2.56083505594e-06,0.00340144676011,8.10279733036,2.81238637852e-05,0.0134275779325,8.30212759008,1.37160503321e-05,0.00855723097797,4.66705586961,0.162682859582,0.344276752585,8.23503594666,2.39288524673e-05,0.0109633546117,9.60329656157,2.02006005741e-08,0.000176901670782,5.25579825862,0.0569182280617,0.291898779676,7.25661374924,0.000371766211085,0.0710143889957,8.3960074926,9.57814665376e-06,0.0070918788934,5.16208000766,0.057906086766,0.173359484421
gradient,1,0.31,0.319999992847,predicted,Actual proposal support boundary; monitored coordinates are pre-native endpoint forecast,True,50,-0.127820501419,0.416517982979,0.0111744643784,-0.109425605574,-0.0963939824963,0.052223774514,6.89745833791,6.22194642667,0.400979075456,-0.533364013459,1.75023463115,0.183024210489,0.270485631344,0.262695112897,0.257683170609,0.203533324395,4.49127376942,0.209995278269,0.665905150154,9.30891312452,2.28311591493e-07,0.000688697234497,8.71200142262,5.78957411881e-06,0.00379094815789,9.61047351811,2.2843799113e-08,0.000187808012747,8.27944263088,1.29913921856e-05,0.00906308480857,10.2734172526,7.72013931363e-10,1.9817329437e-05,8.89603115292,1.32113575836e-06,0.00197696406853,8.31663011274,2.58580865506e-06,0.00588567818944,9.05044727173,4.17023756502e-07,0.00116399428873,8.85718907821,2.27164555445e-06,0.00250461912431,8.63635049612,2.62250815621e-06,0.00345183038775,8.09970003667,2.85622282316e-05,0.0135189912112,8.30191274618,1.37758664024e-05,0.00856711919446,4.66673497433,0.162893025708,0.344959387756,8.23275127117,2.4128528677e-05,0.0110145631496,9.60312061466,2.02210407266e-08,0.000176951629346,5.26409787358,0.0563121048441,0.291769635962,7.25969738525,0.000366999551423,0.070662043294,8.39944942501,9.41248900702e-06,0.00703409055907,5.1684572499,0.0575013041174,0.173136090211
gradient,1,0.32,0.329999983311,predicted,Actual proposal support boundary; monitored coordinates are pre-native endpoint forecast,True,50,-0.130347153171,0.425282801193,0.0117232133484,-0.119119715729,-0.0997864398623,0.0526806628243,6.89239323207,6.22462979592,0.412276698521,-0.529611922107,1.74463173162,0.182913855906,0.270449983587,0.262879100332,0.257737209333,0.203492211322,4.49010297137,0.210592777394,0.665012553823,9.31231825506,2.25096590969e-07,0.000682222386047,8.70261357073,6.03330687343e-06,0.00387448508234,9.62192020293,2.14105369249e-08,0.000180124126386,8.2712443528,1.35007619249e-05,0.0092410088543,10.2701770787,7.87239699626e-10,2.00783105683e-05,8.89654670335,1.29695169462e-06,0.00196582928923,8.31721852213,2.57171844506e-06,0.00587300782626,9.04749114654,4.23105277207e-07,0.00117463096768,8.85579215085,2.29575689997e-06,0.00251490977921,8.63368823303,2.63084738916e-06,0.00347149114971,8.1003420406,2.8665543068e-05,0.0135066829781,8.30613586708,1.35373383279e-05,0.00848507611296,4.66970734769,0.162309846155,0.344991644567,8.22782417298,2.4610712808e-05,0.0111268728317,9.59983437873,2.05648496885e-08,0.000178997608337,5.27100078772,0.0557601237769,0.290787124096,7.25869653708,0.000367443520079,0.0708292699013,8.39283679716,9.64040677195e-06,0.0071436145342,5.16659295649,0.0576091342503,0.173026629068
gradient,1,0.33,0.340000003576,predicted,Actual proposal support boundary; monitored coordinates are pre-native endpoint forecast,True,50,-0.129294974625,0.405420532638,0.0111895586586,-0.130710814037,-0.11129170629,0.0521402522227,6.88574538348,6.22254150538,0.413496365246,-0.521287997034,1.73618982962,0.182969867298,0.270507065257,0.263040593345,0.257796068459,0.203425588961,4.49086862294,0.210879555104,0.663517181902,9.310876896,2.26872689801e-07,0.000685534690128,8.6896647263,6.38395041302e-06,0.00399249924115,9.63344732638,2.01942192338e-08,0.000173193321009,8.26014489439,1.41375961738e-05,0.00948018834969,10.2680284965,8.00449968211e-10,2.02976748416e-05,8.88897505041,1.32488916092e-06,0.00200037763171,8.31407802857,2.59798255197e-06,0.00592204461815,9.0464600063,4.26102533331e-07,0.00117849907411,8.85378538656,2.34669553458e-06,0.00253419984334,8.63915613831,2.52442128543e-06,0.00340809645042,8.10999195166,2.75789493794e-05,0.013231126565,8.31523018254,1.29823187842e-05,0.00830212575745,4.6720539755,0.16177250225,0.344167808754,8.22646438572,2.47980110798e-05,0.0111551053848,9.5956355394,2.12904351092e-08,0.000182814098852,5.27039484267,0.0557163885718,0.289951626336,7.25642710171,0.000369067503679,0.0711827002416,8.37603072921,1.03535008237e-05,0.00743419371925,5.16007403561,0.0580278715454,0.173272977282
gradient,1,0.34,0.34999999404,predicted,Actual proposal support boundary; monitored coordinates are pre-native endpoint forecast,True,50,-0.133544239381,0.401504363247,0.00801863924026,-0.125285843649,-0.111072374012,0.0515943563029,6.89868922262,6.22516365353,0.40609184939,-0.519616820492,1.74747121429,0.182856576037,0.270412198305,0.262870495484,0.257669234651,0.203485639649,4.49367417721,0.209843554959,0.663523204635,9.30581357403,2.32757071187e-07,0.000696403481255,8.68845071249,6.41863363827e-06,0.00400422157877,9.62375539284,2.12475916002e-08,0.00017913872182,8.26173976321,1.40133516813e-05,0.00944283064862,10.2734462216,7.74217877615e-10,1.98521856935e-05,8.88840954946,1.33796384745e-06,0.00200675943056,8.31078814175,2.6361713849e-06,0.00597871770579,9.05051759302,4.17393081341e-07,0.00116364499852,8.85497874577,2.33553894281e-06,0.00252691441758,8.6399426417,2.51189712928e-06,0.00340128747405,8.10707493821,2.79338244788e-05,0.0133152752185,8.31804645796,1.28004744065e-05,0.00824399203116,4.67025327632,0.162230357709,0.344320584734,8.22758752293,2.46697402445e-05,0.0111294654564,9.59975344725,2.08613090554e-08,0.000180298249198,5.26312999225,0.0562610885998,0.290567286372,7.25893668202,0.000366345283129,0.0708452435886,8.37494187828,1.04500087156e-05,0.00745541044782,5.15635982194,0.058233261678,0.173309390618
gradient,1,0.35,0.359999984503,predicted,Actual proposal support boundary; monitored coordinates are pre-native endpoint forecast,True,50,-0.124241049711,0.390864616581,0.00706491724014,-0.120627054014,-0.110193151858,0.0512954549331,6.90919345138,6.21861774402,0.39586432061,-0.522041874647,1.75461719486,0.182825918303,0.270389799852,0.262898992679,0.257589091096,0.203437559738,4.49500271445,0.209298264906,0.663835765205,9.30623544925,2.32417188821e-07,0.000695580107805,8.69547253622,6.21926317573e-06,0.00393855983967,9.61112396348,2.28717287564e-08,0.000187823418642,8.26173610411,1.4032643495e-05,0.0094424356708,10.2846468504,7.19920617178e-10,1.89158131919e-05,8.89081189671,1.3265289846e-06,0.00199470664111,8.31032028553,2.6344906066e-06,0.00598502298503,9.05202209286,4.13672351729e-07,0.00115781895335,8.85163891689,2.35696379532e-06,0.00254609931417,8.6390738253,2.5266750605e-06,0.00341348760669,8.10483772209,2.80917348495e-05,0.0133785035447,8.32228510453,1.25201613274e-05,0.00815572756993,4.66922423386,0.162462643586,0.344415936062,8.22680242527,2.46602302123e-05,0.0111509495307,9.60546067998,2.03070327777e-08,0.000176884152861,5.26142068744,0.0564022902753,0.291198606617,7.25888270552,0.000366504657694,0.0708566776573,8.38129883883,1.01231586135e-05,0.00734457599443,5.15544080818,0.0582807953589,0.173318969419
gradient,1,0.36,0.370000004768,predicted,Actual proposal support boundary; monitored coordinates are pre-native endpoint forecast,True,50,-0.123910475393,0.390804869853,0.00784750238418,-0.0995133531475,-0.100956117239,0.0505062117355,6.92413275122,6.21455363649,0.38664527024,-0.526835974388,1.73804105536,0.182640820818,0.270224895586,0.262733689482,0.257621239885,0.203622608454,4.49854220621,0.208292845412,0.665860051369,9.29655852373,2.43194078264e-07,0.000715510042347,8.72497860017,5.4830396165e-06,0.00367810007419,9.59129432764,2.56731485878e-08,0.000202044091504,8.27101583987,1.3518484072e-05,0.00924284887369,10.2978303471,6.59779531288e-10,1.78395993738e-05,8.90516551698,1.25505964332e-06,0.00192405136028,8.31049606027,2.65375693439e-06,0.00598962806054,9.0508424336,4.17242695361e-07,0.00116293100836,8.84629204679,2.34706622571e-06,0.00256952964573,8.63493447659,2.58448589672e-06,0.00346267874532,8.09361752672,2.9125729698e-05,0.0136996554061,8.30844588868,1.32722951708e-05,0.00842151076075,4.67044524168,0.162392202177,0.345904765188,8.2319095921,2.37048441462e-05,0.0110532703291,9.6116133,1.97049541004e-08,0.000173179407651,5.25298768284,0.0571504377645,0.293422084849,7.26371832084,0.000362968326287,0.0701007743038,8.41295617436,8.66812337964e-06,0.00680971263365,5.15420518566,0.058402826744,0.173487859648
gradient,1,0.37,0.379999995232,predicted,Actual proposal support boundary; monitored coordinates are pre-native endpoint forecast,True,50,-0.124122751726,0.379720704825,0.00496191040039,-0.0993982708836,-0.103980191376,0.0507322476635,6.94484466542,6.1987249673,0.384755135138,-0.521844198354,1.77702106785,0.182794464964,0.270336318826,0.262834414179,0.257284601088,0.203323033239,4.5004317387,0.207906659301,0.664936135211,9.305422813,2.3501681722e-07,0.000697849377146,8.71302729277,5.77480640072e-06,0.00378270857597,9.57636282984,2.78598645779e-08,0.000213236261958,8.26469644117,1.39602099047e-05,0.0093840233552,10.3238199692,5.56760562456e-10,1.59258579393e-05,8.90896915318,1.22372261667e-06,0.00189865198294,8.30874824198,2.64524595313e-06,0.00601343261909,9.05426057067,4.07974091829e-07,0.00114948653588,8.84302745569,2.4308174497e-06,0.00259996673553,8.63358857035,2.58701472252e-06,0.00347570711389,8.08535208554,3.00851359513e-05,0.0139529415065,8.32815437015,1.20281816963e-05,0.00801834681873,4.67042062187,0.162329822282,0.345984711434,8.22517374715,2.46159808365e-05,0.0111983764298,9.62588182802,1.81776856982e-08,0.000164017929902,5.25785721162,0.056731720922,0.293617264608,7.26593069246,0.00035659550784,0.0700359067066,8.4066683805,8.9944618239e-06,0.00691422346134,5.15205809299,0.0585431915412,0.173228122677
gradient,1,0.38,0.389999985695,predicted,Actual proposal support boundary; monitored coordinates are pre-native endpoint forecast,True,50,-0.125135792322,0.383067134316,0.00534854427337,-0.105003328362,-0.107078704264,0.0508050961924,6.95714081246,6.18164949501,0.387324056927,-0.521811734692,1.76916946561,0.182821656128,0.270376704202,0.26296312395,0.257352012831,0.203196601742,4.49906396668,0.208171132167,0.664443986699,9.31122730736,2.27792043616e-07,0.000684868827686,8.70793567587,5.90251769045e-06,0.00382714093611,9.57799969329,2.75492824242e-08,0.000211916965199,8.26087532327,1.42462101008e-05,0.00946946259871,10.3321325165,5.27463286415e-10,1.53555686904e-05,8.90597773751,1.23883626225e-06,0.00191356073709,8.30874209574,2.64900859367e-06,0.00601497589178,9.05197813652,4.12553196794e-07,0.00115776902156,8.83487243675,2.51661407393e-06,0.00265398728385,8.63207046371,2.60566864456e-06,0.0034897322323,8.08655254951,3.00334128576e-05,0.0139199826293,8.32876836302,1.20247023213e-05,0.00801012929716,4.67129508193,0.16202860565,0.34580260281,8.21476694567,2.56437135745e-05,0.011447376735,9.63012629741,1.76770813488e-08,0.000161185195192,5.26449108238,0.0562735996087,0.29381671437,7.26729641239,0.000352933881934,0.0699651932235,8.40564059493,8.97837570116e-06,0.00692980563829,5.15347233618,0.0584669499231,0.173304805786
gradient,1,0.39,0.399999976158,predicted,Actual proposal support boundary; monitored coordinates are pre-native endpoint forecast,True,50,-0.123212982456,0.402310903831,0.0065391565895,-0.120136482754,-0.107641062018,0.0508699342099,6.94931337314,6.17311332874,0.390620347308,-0.522316631816,1.7489448508,0.182884021819,0.27050880887,0.263264881832,0.257570344961,0.20299892259,4.49608623547,0.209296186574,0.664016409409,9.32344011092,2.13196309488e-07,0.0006590255682,8.70157445391,6.07194004563e-06,0.00388401422245,9.5918219998,2.53971772164e-08,0.000201369390829,8.2546901279,1.47024482091e-05,0.00960944808365,10.325684693,5.49224686929e-10,1.57793227324e-05,8.9040274384,1.23501786132e-06,0.0019186502288,8.31022963789,2.62790657892e-06,0.0059892901414,9.05048511726,4.15699494199e-07,0.00116333724911,8.82305177463,2.64396214036e-06,0.00273348374159,8.6293154066,2.61960636403e-06,0.00350986348048,8.09277701682,2.94898462e-05,0.0137398971663,8.33640251049,1.16554653851e-05,0.00787104994395,4.67142320595,0.161878543202,0.345280009522,8.20125995791,2.69466459425e-05,0.011781263009,9.62703640858,1.79293801764e-08,0.000162782127272,5.27690573631,0.055361496964,0.292572716392,7.26592902576,0.000352582392569,0.0702465178233,8.40478555489,8.89642572098e-06,0.0069424718331,5.15690978286,0.058198285537,0.173164728386
gradient,1,0.4,0.409999996424,predicted,Actual proposal support boundary; monitored coordinates are pre-native endpoint forecast,True,50,-0.122944269127,0.342568779472,0.00524760261535,-0.129779476562,-0.108219022777,0.0500323839142,6.93916510433,6.18316335931,0.386172760851,-0.516796837976,1.74718344094,0.182852378342,0.270497220422,0.26327495733,0.257601549843,0.203054803292,4.49547117296,0.209487933817,0.663627953852,9.32763794438,2.08415833485e-07,0.000650429082075,8.69371240239,6.29150743871e-06,0.0039563686829,9.6010662757,2.4151705816e-08,0.000194832709974,8.25195106065,1.48781994571e-05,0.00966901047313,10.3104361243,6.06989161326e-10,1.68722181282e-05,8.89681447077,1.27269312166e-06,0.00195563712063,8.30703436925,2.67887859176e-06,0.0060509878669,9.05542748339,4.04501329023e-07,0.00114501164208,8.82014121168,2.69506258275e-06,0.00275658993532,8.63446673721,2.52510602951e-06,0.00344818666165,8.10178180667,2.84372037041e-05,0.0134749984042,8.34232096644,1.13875854844e-05,0.00776750547814,4.67037859637,0.162163072592,0.3448534837,8.2002458841,2.70764550125e-05,0.0118046647482,9.6182135708,1.88913422797e-08,0.000168495188344,5.27895823417,0.055202940997,0.291683528818,7.26630882847,0.00035159721621,0.0702187579589,8.3959142035,9.25754704695e-06,0.00709128351127,5.1575183719,0.0581484282358,0.173053950807
gradient,1,0.41,0.419999986887,predicted,Actual proposal support boundary; monitored coordinates are pre-native endpoint forecast,True,50,-0.12607006667,0.383194784589,0.00795957818985,-0.126173312702,-0.0976293950045,0.0499893365843,6.91312250306,6.226469741,0.381859257535,-0.515567485819,1.73338480503,0.182575110875,0.270235569414,0.262879341606,0.257575682828,0.203478741295,4.48985814646,0.210301576649,0.664027801395,9.32162703542,2.1505469878e-07,0.000662833776861,8.70196620445,6.09071863884e-06,0.00388510719077,9.6069932037,2.35131305183e-08,0.000190829444684,8.25902127285,1.44106669919e-05,0.00951123072389,10.2758506981,7.61991244436e-10,1.96165330701e-05,8.90358878111,1.2321337386e-06,0.00191899820231,8.31012334266,2.63328983752e-06,0.0059972898183,9.05433351506,4.08241962659e-07,0.00114994420523,8.81992490695,2.70214948614e-06,0.00275935351681,8.63793606623,2.46768994032e-06,0.00341437245926,8.10546290245,2.78102703951e-05,0.0133589439448,8.33857422394,1.15716280067e-05,0.00784041626444,4.671899542,0.162347509334,0.345295883421,8.2077540979,2.61845251066e-05,0.0116258128786,9.59522060469,2.16604886438e-08,0.000184232891545,5.27196490804,0.0556976185504,0.290605209645,7.26547546754,0.000353285248128,0.0703006204969,8.40468280318,8.93383191148e-06,0.00694562026836,5.15844810813,0.058108743563,0.173039642407
gradient,1,0.42,0.42999997735,predicted,Actual proposal support boundary; monitored coordinates are pre-native endpoint forecast,True,50,-0.125182713337,0.366782166788,0.00521660104751,-0.131539366879,-0.0956979748869,0.0494499173395,6.88910505066,6.26197223184,0.380551564995,-0.51034676221,1.72182947446,0.18238243245,0.270021856876,0.262570597252,0.25763166846,0.203829660553,4.48895658955,0.21037207405,0.663238376397,9.31282162858,2.2512570569e-07,0.000681498033126,8.69486780162,6.29992657534e-06,0.00395231070122,9.6201529614,2.18471100956e-08,0.000181682501429,8.26035914821,1.42151375895e-05,0.00947706351526,10.2478503543,9.1379754622e-10,2.21216229197e-05,8.90033742115,1.25558532508e-06,0.00193767405532,8.30670455516,2.67199738363e-06,0.00605807688225,9.05825788297,4.00934936056e-07,0.00113679993376,8.82619659919,2.64015302887e-06,0.00271768240741,8.64138736111,2.40831986905e-06,0.00337266483192,8.11702488151,2.65219194765e-05,0.0130243953982,8.33994831039,1.15418349719e-05,0.00782390261061,4.66848777975,0.163209170644,0.344564475807,8.21399841995,2.55415283556e-05,0.0114746556971,9.58035070497,2.35684155686e-08,0.000194767284178,5.25963380463,0.0564595558902,0.288806883333,7.26819266952,0.000349340714141,0.069995075396,8.39531276127,9.35279743039e-06,0.00710499692706,5.15568123876,0.058284518049,0.173118193773
gradient,1,0.43,0.439999997616,predicted,Actual proposal support boundary; monitored coordinates are pre-native endpoint forecast,True,50,-0.128780483614,0.388658527177,0.00508049264907,-0.127411211171,-0.0944092360401,0.0485715590981,6.86054065476,6.28910639352,0.377959992705,-0.50671454168,1.70425929843,0.182302019885,0.269964133014,0.262511775288,0.257755430942,0.204038658674,4.4897379056,0.210217521033,0.663880306575,9.30246345818,2.36672132261e-07,0.000703351077446,8.70178157562,6.13820297481e-06,0.00389302864314,9.63095680468,2.03567821736e-08,0.000173659850533,8.26199313385,1.40512978215e-05,0.00943714588622,10.2286555748,1.03684393749e-09,2.4024998165e-05,8.90243582444,1.25018808932e-06,0.00192905780463,8.30420696295,2.70998187309e-06,0.00610463718279,9.05968859899,3.97107802842e-07,0.00113079424429,8.83071703208,2.61017939553e-06,0.00269118664686,8.64774996246,2.32148685347e-06,0.00330722247417,8.12066174893,2.61381705808e-05,0.0129199715492,8.33342227755,1.19054508949e-05,0.007951688588,4.66753267115,0.163530440959,0.344575325209,8.2269727684,2.43179474686e-05,0.0111634176499,9.57081091369,2.48374201468e-08,0.000201691373015,5.25109790091,0.0571154695726,0.288612055041,7.27056938029,0.000346276973589,0.0696998300039,8.39477330337,9.43455789192e-06,0.00711777262089,5.15093987793,0.0585783818,0.173383328905
gradient,1,0.44,0.449999988079,predicted,Actual proposal support boundary; monitored coordinates are pre-native endpoint forecast,True,50,-0.12759146701,0.400006232221,0.00639953390121,-0.109278752842,-0.0887788424158,0.0486775167659,6.85747348053,6.29587170749,0.380363134007,-0.505531967416,1.70461752214,0.1822810851,0.269886963615,0.262430331749,0.25770756062,0.204098068321,4.49078132122,0.210012382189,0.66500112109,9.28874547472,2.52890100592e-07,0.000733067097941,8.71089478302,5.92420130119e-06,0.00381600203139,9.62529928984,2.09596211527e-08,0.000176851431075,8.27528866829,1.31972894637e-05,0.00914385503153,10.2261346088,1.05633516333e-09,2.43153541086e-05,8.91297875074,1.19863796237e-06,0.00187594656237,8.30628017746,2.68360571873e-06,0.00606644314322,9.06090614888,3.94129747434e-07,0.00112581895519,8.83950183157,2.5232065972e-06,0.00263475330741,8.65208768667,2.26392541407e-06,0.00326918127634,8.11176397233,2.7009009835e-05,0.0131669514183,8.31785427177,1.27197962486e-05,0.00824613732134,4.66864728929,0.163521314478,0.345588611676,8.24217673016,2.28887228989e-05,0.01081003056,9.56942909921,2.50606769899e-08,0.000202822574724,5.23673083693,0.0582382906239,0.289579891935,7.27319437204,0.00034432570124,0.0693124262958,8.40351159595,9.20859341764e-06,0.00697389769225,5.15059863923,0.058551457828,0.17357748947
gradient,1,0.45,0.459999978542,predicted,Actual proposal support boundary; monitored coordinates are pre-native endpoint forecast,True,50,-0.123844012201,0.393052917656,0.00760105863571,-0.0888126013064,-0.0821074831748,0.0486318393744,6.85792489992,6.30200543073,0.374262375429,-0.508430637095,1.70938786465,0.182255856326,0.269820492716,0.26229171725,0.257630433752,0.204169375094,4.49408297677,0.209338956614,0.666642243028,9.27668393513,2.68043081345e-07,0.000760063765855,8.72817384826,5.51764502816e-06,0.00366947425723,9.61147902875,2.26257099281e-08,0.000185684122071,8.28727295167,1.24827825892e-05,0.00888763397042,10.2315121335,1.01981797347e-09,2.37607797573e-05,8.92722111317,1.1208034705e-06,0.00180276573376,8.30834842657,2.65753028186e-06,0.00602876849395,9.06163932938,3.91926911793e-07,0.00112240811876,8.84287410833,2.49823578368e-06,0.00261539425157,8.65668253211,2.20152376084e-06,0.00322991629419,8.10053483206,2.81353162718e-05,0.0134883645169,8.3038190798,1.35038686104e-05,0.00851940290691,4.66899739212,0.163702638109,0.346455625982,8.25738652159,2.14914868077e-05,0.0104677446124,9.57264338879,2.46720993242e-08,0.000200591625769,5.22479619389,0.0592170029964,0.290988233219,7.27528905548,0.000342724960416,0.0690129106088,8.41890276481,8.65390684826e-06,0.00672353115116,5.15025137775,0.0585507890793,0.173733392486
gradient,1,0.46,0.469999998808,predicted,Actual proposal support boundary; monitored coordinates are pre-native endpoint forecast,True,50,-0.127173122021,0.384747216527,0.000599563274381,-0.0766594675565,-0.081832174387,0.0487355556292,6.86834240009,6.29624671877,0.368042916649,-0.514615676487,1.71906933064,0.182276919597,0.269823273718,0.262245230232,0.25754356789,0.204131227735,4.50435210905,0.207060588614,0.667576067648,9.2690174378,2.78658321585e-07,0.000777971493264,8.73195902909,5.42700571367e-06,0.00363740553309,9.59274742127,2.51501749591e-08,0.000198726600591,8.29203187828,1.21806082114e-05,0.00878720957133,10.2458778941,9.29842400165e-10,2.23562364866e-05,8.93385944595,1.095025514e-06,0.00177318053561,8.30261589692,2.72983851705e-06,0.00612826160311,9.06596395213,3.83918791817e-07,0.00110803144246,8.84989631014,2.42220687004e-06,0.00256936560542,8.65374410871,2.23937835225e-06,0.00325928301072,8.10038684883,2.80652051418e-05,0.0134907855777,8.30104383215,1.36607013261e-05,0.00857242200229,4.66095107673,0.165160800804,0.346076835778,8.26325703847,2.09976428919e-05,0.0103369888994,9.58712733441,2.27354219852e-08,0.000190242374381,5.21445258469,0.0600607246018,0.292582412584,7.28272971803,0.000333721563931,0.0681051597981,8.4224885228,8.55539607331e-06,0.00666732561916,5.14774855872,0.0587076174943,0.173920980746
gradient,1,0.47,0.479999989271,predicted,Actual proposal support boundary; monitored coordinates are pre-native endpoint forecast,True,50,-0.12764122614,0.393887427904,-0.00129996522904,-0.064785848,-0.0786924386287,0.04732880614,6.86502433918,6.29092689049,0.369219228598,-0.502615444665,1.72157225544,0.182486446993,0.2699635604,0.262373480673,0.257539797504,0.203946303789,4.50540286286,0.206398027449,0.668733550847,9.26108815557,2.90722579701e-07,0.000797700926302,8.74328812819,5.158408086e-06,0.00354076040587,9.59341183634,2.4513240998e-08,0.00019626415907,8.29918962,1.17730796304e-05,0.0086400950811,10.2502339274,9.04857173608e-10,2.19604977402e-05,8.93888265475,1.08897062935e-06,0.00175622730121,8.29875747185,2.78604874986e-06,0.00619831666984,9.07427459166,3.65591403555e-07,0.00107771688804,8.85573602577,2.35922670758e-06,0.00253165482067,8.65404394792,2.24523531167e-06,0.0032600439856,8.08823486111,2.9759620624e-05,0.0138534387536,8.29522769375,1.40432870972e-05,0.0086902887004,4.66367167022,0.164887906285,0.347485689776,8.27282618029,2.02208360502e-05,0.0101257100528,9.58965867969,2.23141539809e-08,0.000188123992473,5.20450454757,0.0608968005224,0.293620550177,7.29032272834,0.000324405364827,0.0671928267317,8.42852215581,8.37227358112e-06,0.00657311586852,5.14678995332,0.0587195376307,0.173813278181
gradient,1,0.48,0.489999979734,predicted,Actual proposal support boundary; monitored coordinates are pre-native endpoint forecast,True,50,-0.129702859447,0.419397614986,-0.00126338466644,-0.0650337154055,-0.0773204723263,0.0467611034618,6.86592729441,6.28857060672,0.373172324195,-0.496993658789,1.72340603719,0.182533302338,0.270022125903,0.262443826269,0.257522481298,0.203843666839,4.50660880921,0.20658541739,0.668700439637,9.26385096523,2.87123756597e-07,0.000791293281494,8.74468726931,5.12878478468e-06,0.00352903008098,9.59450683168,2.44850226151e-08,0.000195847687625,8.29834703499,1.1845105098e-05,0.00866040572843,10.2522769582,8.92440414503e-10,2.17568936152e-05,8.94089303541,1.07866642465e-06,0.00174659298707,8.2972658173,2.81587529062e-06,0.00623057434794,9.07646531547,3.61543908289e-07,0.0010703610387,8.85499496388,2.35541216403e-06,0.0025340375413,8.65086226299,2.29355574264e-06,0.00329294860238,8.08341191622,3.03784434969e-05,0.0140008927549,8.29699613669,1.39278180733e-05,0.00865304301724,4.66641558998,0.164430574185,0.348024988676,8.27007774519,2.04258746639e-05,0.0101873629964,9.58941010694,2.23609261068e-08,0.000188352491576,5.20673966684,0.0607218292048,0.293565434004,7.29255785617,0.00032111964918,0.0669570943357,8.43149261464,8.22640573917e-06,0.00652581654167,5.14735377775,0.0586679492735,0.17371490915
gradient,1,0.49,0.5,predicted,Actual proposal support boundary; monitored coordinates are pre-native endpoint forecast,True,50,-0.125135647917,0.414018493255,-0.00339215740204,-0.0731332859778,-0.0806228310132,0.0460662995051,6.86521840984,6.28489360919,0.374843314129,-0.491133217725,1.71795994128,0.182572805399,0.27005097871,0.262512285673,0.257575193999,0.203806679729,4.5083771977,0.206386437991,0.668352401167,9.26826882437,2.80758186585e-07,0.000780650309189,8.73938287899,5.24434496194e-06,0.00357193876676,9.60073966823,2.36301112411e-08,0.000191417137119,8.29236899898,1.21785889837e-05,0.00878486928793,10.2516272635,8.97119848049e-10,2.18222766192e-05,8.93755672338,1.09555201289e-06,0.00176266325613,8.2932890775,2.8712036819e-06,0.00630493332067,9.07911635763,3.56215641123e-07,0.0010612396063,8.85113193379,2.39424266667e-06,0.00255879737748,8.64905455285,2.3068268846e-06,0.00330544473775,8.0867922904,3.00691471621e-05,0.0139031081145,8.30476055537,1.34631778312e-05,0.00849772692095,4.66637638082,0.16436780497,0.347708607541,8.26354767882,2.09639639456e-05,0.0103314577141,9.58938111264,2.23516865764e-08,0.000188408665214,5.21011373335,0.0604372348522,0.293176351846,7.29498326822,0.000317013706476,0.0667286871103,8.42708601372,8.3373376621e-06,0.00659386400529,5.14547786862,0.0587940723693,0.173660001957
