arm,batch,time,state_time,within_control_state_window,n_available,mean_reward,mean_standardized_residual,ck2:A:ASN117::all::proposal_motif_centroid_x,ck2:A:ASN117::all::proposal_motif_centroid_y,ck2:A:ASN117::all::proposal_motif_centroid_z,ck2:A:ASN117::all::proposal_motif_shell_2,ck2:A:ASN117::all::proposal_motif_shell_4,ck2:A:ASN117::all::proposal_motif_shell_6,ck2:A:ASN117::all::proposal_motif_pair_1_5,ck2:A:ASN117::all::proposal_motif_pair_3,ck2:A:ASN117::all::proposal_motif_pair_5,ck2:A:VAL116::all::proposal_motif_centroid_x,ck2:A:VAL116::all::proposal_motif_centroid_y,ck2:A:VAL116::all::proposal_motif_centroid_z,ck2:A:VAL116::all::proposal_motif_shell_2,ck2:A:VAL116::all::proposal_motif_shell_4,ck2:A:VAL116::all::proposal_motif_shell_6,ck2:A:VAL116::all::proposal_motif_pair_1_5,ck2:A:VAL116::all::proposal_motif_pair_3,ck2:A:VAL116::all::proposal_motif_pair_5,d_dt_mean_reward,d_dt_mean_standardized_residual,d_dt_ck2:A:ASN117::all::proposal_motif_centroid_x,d_dt_ck2:A:ASN117::all::proposal_motif_centroid_y,d_dt_ck2:A:ASN117::all::proposal_motif_centroid_z,d_dt_ck2:A:ASN117::all::proposal_motif_shell_2,d_dt_ck2:A:ASN117::all::proposal_motif_shell_4,d_dt_ck2:A:ASN117::all::proposal_motif_shell_6,d_dt_ck2:A:ASN117::all::proposal_motif_pair_1_5,d_dt_ck2:A:ASN117::all::proposal_motif_pair_3,d_dt_ck2:A:ASN117::all::proposal_motif_pair_5,d_dt_ck2:A:VAL116::all::proposal_motif_centroid_x,d_dt_ck2:A:VAL116::all::proposal_motif_centroid_y,d_dt_ck2:A:VAL116::all::proposal_motif_centroid_z,d_dt_ck2:A:VAL116::all::proposal_motif_shell_2,d_dt_ck2:A:VAL116::all::proposal_motif_shell_4,d_dt_ck2:A:VAL116::all::proposal_motif_shell_6,d_dt_ck2:A:VAL116::all::proposal_motif_pair_1_5,d_dt_ck2:A:VAL116::all::proposal_motif_pair_3,d_dt_ck2:A:VAL116::all::proposal_motif_pair_5
unguided,0,0,0.00999999977648,True,50,-0.136788788116,0.414815025424,2.28544502879,-10.2465572754,6.73502634047,2.23510339914e-16,6.98237697036e-10,4.05370840138e-05,0.194737383061,0.000728158940348,8.76711148389e-10,2.25444606259,-5.23513824253,6.11668356224,6.05553735849e-08,0.000820904440069,0.20715539703,0.195610069686,0.000735803919516,8.94773276274e-10,-2.8648362463,3.31546293324,-1.21920595279,3.56978737872,-1.40688547101,8.24668580213e-15,1.89932270997e-08,0.000736786818612,-0.166455670704,-0.00141542204028,-3.11237875499e-09,-1.19428136142,3.00113608074,-1.00069697316,1.00611630792e-06,0.00867034679355,0.998263290568,-0.096540737516,-0.000819288898523,-1.78911407869e-09
unguided,0,0.01,0.019999999553,True,50,-0.165437150579,0.447969654757,2.27325296926,-10.2108594016,6.72095748576,3.05977197935e-16,8.88169968033e-10,4.79049521999e-05,0.193072826354,0.000714004719945,8.45587360839e-10,2.24250324897,-5.20512688172,6.10667659251,7.06165366642e-08,0.000907607908004,0.217138029936,0.194644662311,0.000727611030531,8.76882135487e-10,-1.03143382033,1.03099967872,-1.14406202708,3.45962852888,-1.25786781881,9.92220877259e-15,2.14772387157e-08,0.000784126510535,0.204997689143,0.00185246598811,4.55696541085e-09,-1.14299970569,2.89758380566,-0.854561888378,1.09303715753e-06,0.0088663067446,0.957295438688,0.350655995001,0.00316637069353,7.75043710925e-09
unguided,0,0.02,0.0299999993294,True,50,-0.157417464523,0.435435018999,2.26256378825,-10.1773647048,6.70986898409,4.21954515366e-16,1.12778247135e-09,5.62196142245e-05,0.198837336844,0.00076520826011,9.67850456606e-10,2.23158606847,-5.17718656641,6.09959232447,8.24161167356e-08,0.000998230574961,0.226301305804,0.202623189586,0.000799131333386,1.04978201846e-09,0.125366276631,-0.673178045986,-0.880217204029,3.36223843009,-1.18163900862,1.40182911682e-14,2.75526889588e-08,0.000911838902087,0.790475908672,0.00740372579025,1.90630638199e-08,-0.917202901533,2.85690820993,-0.789710769195,1.36673921125e-06,0.0100527443666,0.970685145799,1.03123380215,0.00982651419684,2.59498500341e-08
unguided,0,0.03,0.0399999991059,True,50,-0.162929825047,0.434506093837,2.25564862518,-10.143614633,6.69732470558,5.86343021298e-16,1.43922374721e-09,6.61417302417e-05,0.208882344528,0.00086207923575,1.22684863724e-09,2.22415919094,-5.14798871752,6.09088237712,9.79513208892e-08,0.00110866279534,0.236551732852,0.215269338354,0.000924141314467,1.39587913617e-09,-0.606926599063,0.291168294047,-0.846237318848,3.41306062325,-1.27728313119,2.12363676112e-14,3.77977344287e-08,0.00113308683042,1.22027509389,0.012479545823,3.6920031425e-08,-0.875652569046,2.90346501404,-0.904721080871,1.81313899191e-06,0.0121724866575,1.06230501262,1.47983079101,0.0158135925305,4.95759131741e-08
unguided,0,0.04,0.0499999970198,True,50,-0.169555996504,0.44125838488,2.24563904187,-10.1091034923,6.68432332147,8.46681867589e-16,1.88373715993e-09,7.88813508329e-05,0.223242838722,0.00101479917657,1.70625108511e-09,2.21407301709,-5.11911726613,6.08149790285,1.18678896574e-07,0.00124168030811,0.247547406056,0.232219805407,0.001115403184,2.04130028194e-09,-0.363530549352,0.109211710611,-0.915115289773,3.51300451411,-1.2695679953,3.11923416572e-14,5.07405585679e-08,0.00138778120515,1.46541902244,0.016777878411,5.931331385e-08,-0.93230811033,2.98875577169,-0.892711241234,2.31483142178e-06,0.0142380223069,1.12575837016,1.75168128109,0.0214041792636,8.20372065901e-08
unguided,0,0.05,0.0599999986589,True,50,-0.170200436034,0.436690328049,2.23734631939,-10.0733545427,6.67193334568,1.21018985444e-15,2.45403491857e-09,9.38973543446e-05,0.238190724977,0.00119763680397,2.41311491424e-09,2.20551302874,-5.08821360209,6.0730281523,1.44247949325e-07,0.00139342324147,0.259066900255,0.250302963976,0.00135222489974,3.03662326797e-09,-1.06464983108,0.257793140977,-0.824170289501,3.43912204034,-1.19840169019,4.28996557078e-14,6.35321193171e-08,0.00158449354546,1.52097699789,0.0203510199286,9.07369392815e-08,-0.853254232779,2.97619388121,-0.82434678332,2.77582998996e-06,0.0156723791206,1.13136144707,1.8508588789,0.0266528128048,1.29617143126e-07
unguided,0,0.06,0.070000000298,True,50,-0.190848993126,0.446414247699,2.22915563608,-10.0403210515,6.66035528766,1.70467498175e-15,3.15437954627e-09,0.000110571221742,0.25366237868,0.00142181957514,3.52098987074e-09,2.19700793244,-5.05959338851,6.06501096719,1.74195496373e-07,0.00155512789052,0.270174634997,0.269236982985,0.00164845944009,4.63364314446e-09,-1.82195379235,1.34340164856,-0.728913007907,3.3177651987,-1.17079228947,6.10885681379e-14,8.15803712796e-08,0.00183637479241,1.73034958388,0.0267591943446,1.50727896337e-07,-0.781338789251,2.86479873791,-0.793406343702,3.37566753294e-06,0.0173221449587,1.12681750029,2.0525928532,0.0348154249815,2.17372976124e-07
unguided,0,0.07,0.0799999982119,True,50,-0.206639511881,0.46355836102,2.22276805923,-10.0069992387,6.64851749989,2.4319612172e-15,4.08564234416e-09,0.000130624850193,0.272797716654,0.00173282069086,5.42767284099e-09,2.18988625295,-5.03091762733,6.05716002542,2.11761299984e-07,0.00173986614065,0.28160325026,0.29135482104,0.00204853339937,7.38408279046e-09,-0.58970774548,0.61202806756,-0.641990274225,3.42188342545,-1.25688581988,9.29147369868e-14,1.12148648658e-07,0.0022822697098,1.94378325731,0.0351542485473,2.55673097581e-07,-0.713093286014,2.92506189932,-0.853903948555,4.41634588727e-06,0.0205949715936,1.20662518486,2.28559960579,0.0461610696411,3.76566968499e-07
unguided,0,0.08,0.0899999961257,True,50,-0.202643148035,0.45865480905,2.2163158306,-9.971883383,6.63521757127,3.56296972148e-15,5.39735251943e-09,0.000156216615938,0.292538043826,0.00212490454609,8.63445182235e-09,2.18274606672,-5.00109215052,6.04793288821,2.62522414118e-07,0.0019670273224,0.294307138695,0.3149489751,0.00257168083291,1.21649825144e-08,0.488361319269,-0.355144779117,-0.799639940922,3.43415304908,-1.12949222759,1.2932218008e-13,1.42464039963e-07,0.00264599526689,1.94920046954,0.0420361833818,4.01053252218e-07,-0.821268984763,2.92719021806,-0.769971909316,5.26962370809e-06,0.022571551639,1.20749758224,2.32942050183,0.0567519051602,6.10304070802e-07
unguided,0,0.09,0.0999999940395,True,50,-0.196872285495,0.456455465438,2.20677526041,-9.93831617773,6.62592765534,5.01840481881e-15,6.93492314342e-09,0.000183544755531,0.311781726045,0.0025735443585,1.34487378853e-08,2.17346087326,-4.97237382297,6.04176058724,3.17153774146e-07,0.00219129717343,0.305753201905,0.337943231077,0.00318357150257,1.95901642065e-08,-1.82061890468,1.36526240463,-0.869249398643,3.4102290716,-1.03928359568,1.82933216014e-13,1.82063521357e-07,0.00306050909597,2.00256814748,0.0515701042844,6.54206117075e-07,-0.888372961965,2.92733892092,-0.695793032099,6.34947028411e-06,0.0247853646419,1.20436160411,2.38076764899,0.0705421662388,1.01579483682e-06
unguided,0,0.1,0.109999999404,True,50,-0.239055526129,0.485960057143,2.19893084262,-9.90367880157,6.61443189935,7.22163404177e-15,9.03862294657e-09,0.000217426797857,0.332589406776,0.00315630663178,2.17185741638e-08,2.16497860748,-4.9425453721,6.03401702757,3.89511819801e-07,0.00246273461523,0.318394370777,0.36256432808,0.00398252415769,3.24808792508e-08,-3.93122488782,2.30247483932,-0.937018813051,3.41730393554,-1.07376189358,2.67758774326e-13,2.41269174574e-07,0.00367129812452,2.11065778604,0.0643742791255,1.07164391082e-06,-0.953819436074,2.93422011629,-0.70189273551,7.91541107057e-06,0.0281712872275,1.23781684264,2.48887449509,0.0887385634707,1.69357300087e-06
unguided,0,0.11,0.119999997318,True,50,-0.275496783252,0.502504962224,2.18803488415,-9.86997009902,6.60445241747,1.03735803053e-14,1.17603066349e-08,0.000256970718021,0.353994881766,0.00386102994101,3.48816161018e-08,2.15438448453,-4.91368942064,6.02772273253,4.75461995557e-07,0.00275472291798,0.330509538758,0.387720720978,0.00495834277199,5.34616242239e-08,-3.28899699378,2.40659234718,-0.998354359284,3.41395200552,-1.10460187144,3.97629425391e-13,3.22542221154e-07,0.00442045163581,2.18506889313,0.0795411827899,1.77411724434e-06,-0.99252890652,2.93012575884,-0.724203366285,9.91705405663e-06,0.0321390818148,1.27321369594,2.55506233911,0.111032973319,2.87807219067e-06
unguided,0,0.12,0.129999995232,True,50,-0.304835466004,0.534091904087,2.17896375544,-9.83539976146,6.59233986192,1.51742225496e-14,1.54894673696e-08,0.000305835830574,0.376290784638,0.00474713028757,5.72009190506e-08,2.14512802935,-4.88394285693,6.01953296025,5.87852900933e-07,0.00310551625153,0.343858644696,0.413665574862,0.00620318362407,9.00423230642e-08,-1.88997691612,2.77007510684,-0.861872477124,3.46368610415,-1.21036512135,5.92153710869e-13,4.32170050375e-07,0.00533750495668,2.19756696437,0.0972135107572,2.93491853581e-06,-0.891515792626,2.98827582967,-0.80545026011,1.27923012893e-05,0.0376428841464,1.3484005472,2.55912267577,0.137183152825,4.82309238758e-06
unguided,0,0.13,0.140000000596,True,50,-0.313296321574,0.557906464361,2.17079743461,-9.80069637694,6.58024511504,2.22166545227e-14,2.04037076424e-08,0.000363720817155,0.397946221053,0.00580530015615,9.3579986818e-08,2.13655416868,-4.85392390405,6.01161372732,7.31308021343e-07,0.0035075806009,0.357477549702,0.438903174494,0.00770200582849,1.49923471976e-07,-1.36314582484,0.329568013027,-0.847381581931,3.48107186084,-1.21417973171,8.70659830353e-13,5.7061984454e-07,0.00633689624433,2.19831881644,0.118367793237,4.87351032945e-06,-0.881057535839,2.99459659519,-0.8207559918,1.60628953885e-05,0.0427698773183,1.37705404553,2.54824735851,0.168792804524,8.14196789161e-06
unguided,0,0.14,0.149999991059,True,50,-0.332098382501,0.540683264347,2.1620161238,-9.76577832424,6.56805626729,3.25874191566e-14,2.69018642604e-08,0.00043257375546,0.420257160967,0.00711448615231,1.5467112564e-07,2.12750687863,-4.82405092502,6.00311784041,9.09110808704e-07,0.0039609137979,0.371399725606,0.464630522033,0.00957903971455,2.52881680896e-07,-3.39823069179,0.456965735613,-0.812716847758,3.44050285746,-1.21959228633,1.27059914066e-12,7.48129321954e-07,0.00745743862971,2.27471192908,0.145769907476,8.0819936314e-06,-0.843453460251,2.94634020292,-0.844155724664,1.99605413573e-05,0.0479749565525,1.38155610118,2.57633946211,0.207515716948,1.35686063137e-05
unguided,0,0.15,0.159999996424,True,50,-0.38126093541,0.567045779074,2.15454309765,-9.73188631979,6.55585326931,4.7628637336e-14,3.53662940815e-08,0.000512869589749,0.443440459635,0.00872069830567,2.55219859446e-07,2.11968509948,-4.79499709999,5.99473061283,1.13051884849e-06,0.00446707973196,0.385108671726,0.490429963736,0.0118523201675,4.2129559825e-07,-4.0176283923,3.18770876675,-0.743801338671,3.45266970387,-1.21160883812,1.85751263744e-12,9.83282240887e-07,0.0088070478021,2.27951354895,0.176006571897,1.32233738338e-05,-0.793332311589,2.96110433467,-0.825434909757,2.49628138225e-05,0.0541060620744,1.38940969408,2.53093096168,0.250557204682,2.23447774379e-05
unguided,0,0.16,0.170000001788,True,50,-0.412450950347,0.604437439682,2.14714009703,-9.69672493016,6.54382409053,6.97376719055e-14,4.65675090782e-08,0.000608714711502,0.465847431946,0.0106346175902,4.19138602315e-07,2.1116402324,-4.76482883833,5.98660914222,1.40836708515e-06,0.00504303503938,0.399187919488,0.515249141266,0.0145901838082,6.99777229654e-07,-4.72398452275,3.76740590988,-0.761776852949,3.53727113522,-1.20179442252,2.7610412354e-12,1.31002236148e-06,0.0105302487576,2.24574659103,0.210695899109,2.14407563316e-05,-0.820734769861,3.04396892438,-0.809665715764,3.14469098838e-05,0.0616420212886,1.41971018342,2.46103721792,0.301344638358,3.66064948499e-05
unguided,0,0.17,0.179999992251,True,50,-0.475740625865,0.642393897271,2.13930756059,-9.66114089708,6.53181738086,1.02849462044e-13,6.15667413112e-08,0.000723474564902,0.488355391455,0.0129346162879,6.84034986079e-07,2.10327040408,-4.7341177215,5.97853729852,1.75945704616e-06,0.00569992015773,0.413502875394,0.539650708095,0.0178792129346,1.15342549525e-06,-5.69941134048,2.81268207403,-0.861387552785,3.5539117476,-1.18626113135,4.0380349583e-12,1.72626746184e-06,0.0124790882225,2.16315359658,0.245966816209,3.3653331455e-05,-0.890362707026,3.07165812092,-0.796555857851,3.92162188539e-05,0.0694711658931,1.42860947912,2.33474448536,0.35341457994,5.82191282343e-05
unguided,0,0.18,0.189999997616,True,50,-0.526439177157,0.660691081163,2.12991234597,-9.62564669521,6.5200988679,1.50498371072e-13,8.1092858315e-08,0.000858296475953,0.509110503877,0.0155539539144,1.09220523141e-06,2.09383297826,-4.70339567591,5.97067802506,2.19269146223e-06,0.00643245835725,0.42776010907,0.561944030973,0.021658475407,1.86415979434e-06,-6.6546679531,3.48820726468,-0.820945136585,3.586978669,-1.1459397831,5.86688040533e-12,2.25037114581e-06,0.0145956432996,2.04474491593,0.284075012567,5.26546911307e-05,-0.848314848465,3.11913061375,-0.760360081431,4.83272029003e-05,0.0773298519318,1.42032841154,2.17184190552,0.409829835159,9.22584128837e-05
unguided,0,0.19,0.199999988079,True,50,-0.608833984927,0.712158042565,2.12288865786,-9.5894013237,6.5088985852,2.20187070151e-13,1.06574164227e-07,0.00101538743089,0.529250289774,0.0186161165392,1.73712880869e-06,2.08630410711,-4.67173510923,5.96333009689,2.72600110417e-06,0.00724651719636,0.441909443625,0.583087546205,0.0260758096378,2.99859375292e-06,-5.61504532461,4.02050479974,-0.68752250419,3.59822059904,-1.19846296356,8.75580550847e-12,2.99362014321e-06,0.017298162011,1.98427218197,0.33386383777,8.40183722036e-05,-0.742383022352,3.12350002481,-0.801223142196,6.07836346191e-05,0.0873693558215,1.42677098751,2.05448953577,0.482276476955,0.000148894485589
unguided,0,0.2,0.209999993443,True,50,-0.638740083649,0.741101177157,2.11616189589,-9.55368228323,6.49612960863,3.25614481241e-13,1.40965261179e-07,0.00120425971617,0.548795947517,0.0222312306698,2.77257267549e-06,2.07898531781,-4.64092567541,5.95465356221,3.40836415461e-06,0.00817984547368,0.45629552882,0.603033821689,0.0313040049461,4.84204950611e-06,-5.40557515101,2.90903002343,-0.738200923079,3.6028305842,-1.23764624472,1.26700794315e-11,3.89622799553e-06,0.0202625625208,1.89851547666,0.38239330814,0.000129830534259,-0.778678680127,3.11144286493,-0.843072134954,7.46854749515e-05,0.0975670488593,1.43098336003,1.91379441366,0.55472061514,0.000233489788434
unguided,0,0.21,0.219999998808,True,50,-0.716945487947,0.770338643033,2.1081246394,-9.51734471202,6.48414566031,4.73588658781e-13,1.84498724138e-07,0.00142063868131,0.567220599307,0.026263982702,4.33373949388e-06,2.07073053351,-4.60950625193,5.94646865419,4.2197106032e-06,0.00919785817355,0.470529110826,0.621363434478,0.0371702219406,7.66838952161e-06,-6.92557187714,3.6736320399,-0.711305684684,3.59491542078,-1.23865007108,1.76026461783e-11,4.89845578576e-06,0.0230703676796,1.76874054565,0.429058574174,0.000197579400958,-0.759823662876,3.08737131808,-0.85712256058,8.96908575982e-05,0.106690124512,1.40971676441,1.74490016473,0.625663766952,0.000359424848809
unguided,0,0.22,0.229999989271,True,50,-0.777251521192,0.814573817955,2.10193578219,-9.48178397481,6.47135660721,6.77667404807e-13,2.38934376894e-07,0.00166566706976,0.58417075843,0.0308124021533,6.72416069465e-06,2.06378884455,-4.57917824905,5.937511111,5.20218130658e-06,0.0103136479639,0.484489864108,0.637931824983,0.0438172802851,1.20305464823e-05,-5.06555650637,1.91344641215,-0.68950400983,3.53674213254,-1.32767169488,2.54318782657e-11,6.36430987562e-06,0.0269194206758,1.62471413627,0.481398783667,0.000301554351394,-0.747810678456,3.01117325373,-0.932980353726,0.000110820512225,0.119053533513,1.39814560405,1.56043132326,0.705672809245,0.000555123842517
unguided,0,0.23,0.239999994636,True,50,-0.818256618074,0.808607571276,2.0943345592,-9.44660986937,6.45759222641,9.82226224095e-13,3.1178492165e-07,0.00195902709483,0.599714882032,0.0358919583753,1.03648265218e-05,2.05577431994,-4.54928278685,5.92780904711,6.4361208477e-06,0.0115789288438,0.498492022906,0.652572060944,0.0512836781255,1.8770866372e-05,-3.00047477894,0.304455187179,-0.741573596025,3.518510731,-1.36750293685,3.65472820481e-11,8.25147260416e-06,0.0314255234108,1.4796088237,0.534373024518,0.00044773334864,-0.787931202134,3.00142490138,-0.975680113694,0.000136334695835,0.132866003342,1.3924289871,1.37239160349,0.783836886109,0.000831156359034
unguided,0,0.24,0.25,True,50,-0.83726101677,0.820662921699,2.08710431027,-9.41141376019,6.44400654847,1.40861304577e-12,4.03963828978e-07,0.00229417753798,0.613762934904,0.0414998626436,1.56788276675e-05,2.04803022051,-4.51914975103,5.91799750873,7.92887522328e-06,0.0129709680308,0.51233844385,0.665379657053,0.0594940180073,2.8653673663e-05,-4.41563883763,3.21110188718,-0.689011169679,3.50242529718,-1.3229394144,5.16912300487e-11,1.0476310039e-05,0.0358037184234,1.34154794439,0.588331833776,0.00066198901228,-0.748819877177,3.00146490306,-0.939703361704,0.000164501119756,0.144925818187,1.34550469528,1.19282608554,0.86317156294,0.00124742368498
unguided,0,0.25,0.259999990463,True,50,-0.906569394827,0.87282960902,2.08055433581,-9.37656136343,6.43113343812,2.01605082507e-12,5.21311122431e-07,0.00267510146329,0.62654584092,0.0476585950509,2.36046067673e-05,2.04079792239,-4.48925348879,5.90901497988,9.72614324282e-06,0.0144774452075,0.525402116812,0.676428582654,0.0685471093843,4.37193400716e-05,-5.98329382556,4.13613089233,-0.690772404429,3.55680708781,-1.3084977198,7.78823969982e-11,1.40307357188e-05,0.0425528775022,1.25242436671,0.65511013731,0.000983629695574,-0.749133791116,3.03674339097,-0.917263790392,0.000206966602266,0.162846667468,1.30659532332,1.04016941174,0.958239600432,0.00188550253311
unguided,0,0.26,0.269999980927,True,50,-0.956926893282,0.903385539546,2.07328886218,-9.34027761844,6.41783659407,2.96626098573e-12,6.84578543355e-07,0.00314523508802,0.638811422238,0.0546020653898,3.53514215789e-05,2.03304754469,-4.45841488321,5.89965223292,1.20682072686e-05,0.0162279013801,0.538470350317,0.686183045288,0.078658810016,6.63637243253e-05,-6.44078542052,5.3067261218,-0.6933299904,3.65821193157,-1.36396965742,1.16298238405e-10,1.87747319155e-05,0.0509195576347,1.1795645372,0.726916093592,0.00144000888257,-0.752765536928,3.10858070835,-0.959526246542,0.000264129465488,0.186321353184,1.29917844,0.90700227252,1.05151983151,0.00275823277565
unguided,0,0.27,0.280000001192,True,50,-1.03538510324,0.978964131456,2.066687736,-9.30339712479,6.40385404497,4.34201559317e-12,8.9680576074e-07,0.00369349261599,0.650137131664,0.0621969169227,5.24047844188e-05,2.02574261166,-4.42708187463,5.88982445495,1.50087325526e-05,0.0182038722712,0.551385685612,0.694568628105,0.0895775060145,9.88839955846e-05,-10.2390234991,5.47589761494,-0.652882502006,3.66415984549,-1.33647585112,1.61256121923e-10,2.34777230044e-05,0.0573644593984,1.02201955509,0.770504042881,0.00206243824579,-0.718663540433,3.13669391003,-0.944556449514,0.000314522669037,0.201240090456,1.25517763472,0.720448895568,1.10780906173,0.00395043369778
unguided,0,0.28,0.289999991655,True,50,-1.16170736326,1.01290349184,2.06023121214,-9.26699442153,6.39110707705,6.19138342419e-12,1.15413300344e-06,0.00429252427599,0.65925181334,0.0700121462475,7.66001864948e-05,2.01867427388,-4.39568100501,5.88076110393,1.83586606493e-05,0.0202527031892,0.563573903011,0.700592023199,0.100814991251,0.000145372398281,-12.3934241441,3.99722112314,-0.673362089858,3.6883318081,-1.30749272035,2.34541278517e-10,3.03782473842e-05,0.0660059908693,0.908625152945,0.821200789197,0.00294227230259,-0.732271249384,3.15892715325,-0.916212414969,0.000379490817073,0.217853591777,1.19791814267,0.561146640563,1.16965970805,0.00565733749685
unguided,0,0.29,0.299999982119,True,50,-1.28325358612,1.05890855392,2.0532204942,-9.22963048863,6.37770419056,9.03284116352e-12,1.50437070842e-06,0.00501361243338,0.668309634723,0.0786209327066,0.000111250230471,2.01109718667,-4.36390333156,5.87150020665,2.2598548894e-05,0.0225609441067,0.575344048466,0.705791560916,0.112970700176,0.000212030745522,-11.373446439,6.6531224795,-0.738051748208,3.63255177694,-1.33118536277,3.28019891569e-10,3.83681325335e-05,0.0750491822488,0.80539929602,0.874757610791,0.0040823599863,-0.783810457455,3.10641803915,-0.92588759677,0.000454291366102,0.235764233435,1.13431569908,0.427302483747,1.23138606119,0.00788429051226
unguided,0,0.3,0.310000002384,True,50,-1.38917629204,1.14596594143,2.04547017718,-9.19434338599,6.3644833698,1.27517812556e-11,1.92149565411e-06,0.00579350792097,0.67535979926,0.0875072984633,0.000158247386221,2.00299806473,-4.33355264422,5.862243352,2.74444879714e-05,0.0249679878579,0.586260216993,0.709138072874,0.125442712474,0.000303058208526,-9.99704214758,6.80697169141,-0.7488658182,3.5960752348,-1.31599161237,4.57641119949e-10,4.80179469442e-05,0.0842525865576,0.645232936782,0.907462357836,0.00560187877694,-0.785313333029,3.09187830403,-0.94257797315,0.000538816848507,0.254094505079,1.0831660727,0.264511155311,1.2658876434,0.0108497606358
unguided,0,0.31,0.319999992847,True,50,-1.48319442907,1.19504798775,2.03824317784,-9.15770898394,6.35138435832,1.81856635625e-11,2.46472964731e-06,0.00669866416453,0.681214293459,0.0967701798634,0.000223287806009,1.99539092001,-4.30206576548,5.85264864719,3.33748858642e-05,0.0276428342083,0.59700736992,0.711081784022,0.138288453044,0.000429025958237,-20.4385501007,12.2763248435,-0.743960353465,3.60096024018,-1.30323482678,6.52073029913e-10,6.13765844011e-05,0.096354871398,0.563160022532,0.951593024617,0.00775282551033,-0.778119076746,3.08285318439,-0.955174329308,0.00065412397816,0.278319703626,1.0235859662,0.153998362895,1.30491032678,0.0148848083537
unguided,0,0.32,0.329999983311,True,50,-1.79794729406,1.3914924383,2.03059097011,-9.12232418119,6.33841867326,2.57932418538e-11,3.14902734214e-06,0.00772060534893,0.686622999711,0.106539158956,0.000313303896427,1.9874356832,-4.27189558053,5.84313986541,4.05269675346e-05,0.0305343819305,0.606731936317,0.712218040132,0.15154091901,0.0006007543756,-32.1611611582,20.8745740498,-0.737697461253,3.56011712698,-1.38569301444,9.51249839908e-10,7.99321732566e-05,0.111727518179,0.463118043686,1.01352714054,0.0107063397801,-0.773390940386,3.0389561854,-1.01859704552,0.000815633611415,0.309930243999,0.96420026611,0.0377500225008,1.35616149512,0.0203412285979
unguided,0,0.33,0.340000003576,True,50,-2.12641765224,1.61253946874,2.02348922861,-9.0865066414,6.32367049803,3.72106603607e-11,4.06337311244e-06,0.00893321452811,0.690476654333,0.117040722674,0.000437414601612,1.9799231012,-4.24128664177,5.83227670628,4.96875580925e-05,0.0338414390883,0.616291375242,0.711836784472,0.165411682946,0.000835850530196,-35.7070526639,23.2925681375,-0.704129412213,3.63127319272,-1.47683234938,1.42662359383e-09,0.00010642683403,0.131812816416,0.364515800763,1.07336520974,0.0145473015368,-0.751893642629,3.10481650085,-1.07511381723,0.00102712763317,0.34962207538,0.91993438999,-0.0742248818971,1.40975465543,0.0274666642133
unguided,0,0.34,0.34999999404,True,50,-2.51208834734,1.85734380105,2.01650838187,-9.04969871733,6.30888202627,5.43257137305e-11,5.27756402274e-06,0.0103568616773,0.693913315726,0.12800646315,0.000604249927163,1.97239781034,-4.20979925052,5.82163758906,6.10695201979e-05,0.0375268234381,0.625130624116,0.710733542494,0.179736012119,0.00115008765987,-30.7965093315,18.7379839831,-0.730317861306,3.61167365281,-1.42832098587,2.00675032675e-09,0.000133716704423,0.147473538976,0.266033311545,1.08325527605,0.0190651694771,-0.772895026217,3.09396652709,-1.02715101195,0.00121910584715,0.37204925477,0.830374798123,-0.174145845527,1.40957887393,0.0358183172925
unguided,0,0.35,0.359999984503,True,50,-2.74234783887,1.98729914841,2.00888287139,-9.01427316834,6.29510407831,7.73456668957e-11,6.7377072009e-06,0.0118826853076,0.695797320563,0.138705828195,0.000818717991155,1.96446520068,-4.17940731123,5.81173368604,7.40696750355e-05,0.0412824241837,0.632898871204,0.708353867562,0.193603260424,0.00155221687605,-20.3249682799,12.5582870766,-0.779625032632,3.59956503549,-1.36632405282,2.79081895765e-09,0.00016610157064,0.163469092121,0.174836869691,1.08273727809,0.0246615401332,-0.807840648631,3.09465501689,-0.983629479221,0.00143963847692,0.393448269942,0.742757448673,-0.26838658806,1.39227284318,0.0464062104621
unguided,0,0.36,0.370000004768,True,50,-2.91858771293,2.10850954259,2.00091588121,-8.97770741662,6.28155554522,1.10142092883e-10,8.59959543553e-06,0.0136262435197,0.69741005312,0.149661208712,0.00109748072983,1.95624099737,-4.14790615018,5.80196499948,8.98622897364e-05,0.0453957888369,0.63998577309,0.705365810733,0.207581468982,0.00207821186911,-17.3504079493,11.7151661442,-0.717471928557,3.60878802297,-1.30357599468,3.84581393511e-09,0.000205004054377,0.18064888167,0.121312323811,1.10607232635,0.0319675920737,-0.76604939801,3.0918274954,-0.924259029427,0.00168507781419,0.416811864236,0.649507919962,-0.339784396946,1.39478119762,0.0597093754122
unguided,0,0.37,0.379999995232,True,50,-3.08935599785,2.22160247129,1.99453343282,-8.94209740788,6.26903255842,1.54261945598e-10,1.08377882885e-05,0.015495662941,0.69822356704,0.160827274722,0.00145806983263,1.94914421272,-4.11757076132,5.79324850545,0.000107771231319,0.0496186614684,0.645889029603,0.701558179623,0.221498884377,0.00274640438429,-5.23587970707,1.79244943542,-0.644286645351,3.58431237627,-1.28695957463,5.35583546897e-09,0.000255276771714,0.200663242357,0.0454912332487,1.13656476034,0.0412932844598,-0.712206965434,3.04948951665,-0.901691194421,0.00199640256223,0.443680405027,0.559458017527,-0.420765712486,1.39989473733,0.0762984711257
unguided,0,0.38,0.389999985695,True,50,-3.02330530707,2.14435853129,1.98803014831,-8.9060211691,6.25581635372,2.17258802263e-10,1.37051308698e-05,0.0176395083668,0.698319877785,0.172392503919,0.00192334641902,1.94199685806,-4.08691635985,5.78393117559,0.000129790340981,0.0542693969374,0.65117493344,0.696950496483,0.235579363729,0.00360418129162,-6.9103473891,1.75822671078,-0.727249240148,3.65845979445,-1.32072410893,7.71935887858e-09,0.000329152029701,0.230644644917,-0.0215751232112,1.15420580428,0.0524298617431,-0.77882552324,3.10405482701,-0.934686665693,0.00244289366274,0.486400656141,0.492212046279,-0.491559511914,1.3916066232,0.096097592924
unguided,0,0.39,0.399999976158,True,50,-3.22756294563,2.25676700551,1.97998844801,-8.86892821199,6.24261807624,3.0864912317e-10,1.74208288825e-05,0.0201085558394,0.697792064575,0.183911390808,0.00250666706749,1.93356770225,-4.05548966478,5.77455477213,0.000156629104574,0.0593466745913,0.655733270529,0.691726989384,0.249331016841,0.00466835624277,-11.1282470517,6.67163989233,-0.822963072655,3.71850639726,-1.32193516274,1.11497529607e-08,0.000423237412849,0.263011159657,-0.0667203436994,1.14277638387,0.0649610762474,-0.864174160339,3.158432339,-0.952457366214,0.00297214243035,0.528512831307,0.41548587177,-0.538466598005,1.34617478349,0.118056224859
unguided,0,0.4,0.409999996424,True,50,-3.24587024811,2.27779132914,1.97157088685,-8.83165104115,6.22937765047,4.40253861477e-10,2.21698791268e-05,0.02289973156,0.696985470911,0.195248031596,0.00322256794397,1.92471337485,-4.02374771307,5.76488202827,0.000189233189588,0.0648396535636,0.659484650876,0.686181164523,0.262502859399,0.0059653057888,4.13467778883,-4.30950001577,-0.799401897726,3.66765933608,-1.33903737015,1.55913104797e-08,0.000527647078174,0.291393588617,-0.105053608627,1.11808263514,0.0780037090362,-0.844886778825,3.13630094945,-0.973288465685,0.00351138696077,0.56081037235,0.336911749441,-0.56839571445,1.28192505743,0.14110486308
unguided,0,0.41,0.419999986887,True,50,-3.14486938986,2.17057700519,1.96400041006,-8.79557502527,6.21583732884,6.20475332763e-10,2.79737704459e-05,0.0259364276117,0.695690992403,0.20627304351,0.00406674124821,1.91666996667,-3.99276364579,5.75508900282,0.00022685684379,0.0705628820383,0.662471505518,0.680359075095,0.27496951799,0.00749045350437,-0.719458389336,-1.5604359225,-0.750476088058,3.62075186585,-1.32819314616,2.17255967085e-08,0.000654137890431,0.320095418914,-0.174841862938,1.08533869986,0.0930281518233,-0.795908052833,3.09100662785,-0.966189466835,0.00411871404897,0.588545475837,0.257043621861,-0.613256115874,1.21939306858,0.167080140779
unguided,0,0.42,0.42999997735,True,50,-3.2602594159,2.24658261069,1.95656136509,-8.75923600383,6.20281378755,8.74765795646e-10,3.52526369354e-05,0.0293016399382,0.693488633652,0.216954805594,0.00508313098044,1.9087952138,-3.96192758051,5.74555823893,0.000271607470567,0.0766105630803,0.664625523313,0.673916042205,0.28689072077,0.00930690860439,-12.9684550639,8.08177902047,-0.751138855181,3.58640441804,-1.251815524,2.92585881327e-08,0.000786315802822,0.343220707425,-0.24922485014,1.03898233255,0.10972786589,-0.794304867755,3.0491061607,-0.912538782743,0.00465643691081,0.602146803443,0.190630028522,-0.662153485416,1.15148079666,0.195998807044
unguided,0,0.43,0.439999997616,True,50,-3.40423849114,2.3322125856,1.94897763296,-8.72384693691,6.19080101836,1.20564709542e-09,4.37000865024e-05,0.0328008417602,0.6907064954,0.227052690161,0.00626129856602,1.90078386932,-3.93178152258,5.73683822717,0.000319985582006,0.0826058181071,0.666284106088,0.667116005387,0.297999133923,0.0114104296452,-5.36259158728,2.17453335563,-0.72163605055,3.51075065749,-1.34156843112,4.09075000939e-08,0.000977885914506,0.379207750658,-0.290662928525,1.02769022555,0.128857536357,-0.770376608879,3.01405316438,-0.969652814413,0.00551393417768,0.641344940899,0.120488559169,-0.690928136677,1.10423188857,0.227928026472
unguided,0,0.44,0.449999988079,True,50,-3.36751124764,2.2900732778,1.94212864408,-8.68902099068,6.17598241892,1.69291579752e-09,5.48103552256e-05,0.0368857949514,0.687675375081,0.237508610105,0.00766028170757,1.89338768162,-3.90164651722,5.72616518264,0.000381886154121,0.0894374618983,0.667035294496,0.660097479472,0.308975358541,0.0138654691338,6.072925099,-5.51574702487,-0.68748127769,3.49452109214,-1.44756255362,5.82615072727e-08,0.00124170688825,0.426886514873,-0.318519578782,1.025111665,0.152409593852,-0.741419076669,3.02231172403,-1.04014012958,0.00673605053312,0.697743644438,0.03906563223,-0.712337837084,1.06344738076,0.264923764184
unguided,0,0.45,0.459999978542,True,50,-3.28277998916,2.2218976451,1.9352280074,-8.65395651507,6.16184976728,2.37087724087e-09,6.85342242674e-05,0.0413385720577,0.684336103825,0.247554923461,0.00930949044307,1.88595548779,-3.8713352881,5.71603542457,0.000454706592668,0.0965606909959,0.667065418733,0.652869248645,0.319268081538,0.0167089049289,4.09627057955,-3.53567636337,-0.74061025249,3.53831884959,-1.36111052537,8.16269543496e-08,0.00154442734189,0.468647577323,-0.358296778485,0.997568120433,0.175405469,-0.783747210536,3.03823081448,-0.961971252576,0.00792907496605,0.726907886736,-0.0462534339688,-0.741905617125,1.01110964492,0.301739245808
unguided,0,0.46,0.469999998808,True,50,-3.28558583605,2.21935975054,1.92731643903,-8.61825461369,6.14876020842,3.32545488452e-09,8.56989020633e-05,0.0462587464979,0.680509439512,0.257459972513,0.0111683910876,1.87771273741,-3.84088190093,5.70692575759,0.000540467653442,0.103975619633,0.666110225817,0.645259367129,0.32919755144,0.01990025405,-0.317581838224,-0.107328236559,-0.773704784416,3.58574497069,-1.29718859773,1.13216426033e-07,0.00190128027736,0.510357710169,-0.372422051275,0.971680041961,0.198486530479,-0.816938796605,3.0749040463,-0.904799875165,0.00912787741969,0.749948238833,-0.109083161881,-0.752006898658,0.95471891969,0.33762035661
unguided,0,0.47,0.479999989271,True,50,-3.28913162592,2.21975108037,1.91975391171,-8.58224161565,6.13590599533,4.63520576153e-09,0.000106559829815,0.051545726261,0.676887662799,0.266988524301,0.0132792210526,1.86961671185,-3.80983720717,5.69793942707,0.000637264141062,0.111559655773,0.664883755495,0.637829110672,0.338362459932,0.0234613120611,-8.38975289793,6.45459929582,-0.758162550446,3.52152374796,-1.3082816623,1.5019426965e-07,0.00225281460584,0.540372510839,-0.400465664515,0.918650582621,0.221284459791,-0.803636239867,3.04042980604,-0.916736987979,0.0102590655956,0.765047996488,-0.141099334654,-0.757045371661,0.877358431093,0.370217478714
unguided,0,0.48,0.489999979734,True,50,-3.45338089401,2.34845173645,1.91215318802,-8.54782413873,6.12259457517,6.32934027751e-09,0.00013075519418,0.0570661967146,0.672500126221,0.275832984166,0.0155940802834,1.86164001261,-3.78007330481,5.68859101783,0.000745648965355,0.119276579563,0.663288239124,0.630118459696,0.346744720062,0.0273046036243,-23.3831269769,14.7335222172,-0.769919990402,3.50541785837,-1.2519236547,2.000791367e-07,0.00267777412257,0.572652526743,-0.445098629308,0.865108711226,0.245289106997,-0.813624759026,3.03703347789,-0.86677471277,0.0116123288342,0.780165627,-0.185923620051,-0.77421416022,0.806677149534,0.404797990121
unguided,0,0.49,0.5,True,50,-3.75679416546,2.51442152471,1.90435551191,-8.51213325849,6.11086752223,8.63678849552e-09,0.000160115312266,0.0629987767959,0.667985690213,0.284290698525,0.0181850031926,1.85334421667,-3.74909653761,5.68060393282,0.000869510717745,0.127162968313,0.661165283094,0.622344827468,0.354496002922,0.0315572718635,-51.1133854333,29.9678673571,-0.767853021325,3.58313488971,-1.22313286994,2.7209660189e-07,0.00326467493946,0.622795367997,-0.463025078471,0.828199211227,0.271319183423,-0.819681257646,3.12151147782,-0.845965023296,0.0134196537625,0.814444683974,-0.239101030296,-0.778203706148,0.745626953574,0.442753729107
unguided,0,0.5,0.509999990463,False,50,-4.47564860267,2.94780908359,1.8967961276,-8.47616144094,6.09813191777,1.17712723153e-08,0.000196048692969,0.0695221040746,0.663239624652,0.29239696839,0.0210204639518,1.84524638746,-3.71764307526,5.67167171737,0.0010140420406,0.135565473242,0.658506218518,0.614554385573,0.361657259133,0.0361596782064,-71.8854437217,43.338755888,-0.755938430953,3.59718175467,-1.27356044631,3.13448381978e-07,0.00359333807034,0.652332727868,-0.474606556081,0.810626986499,0.283546075925,-0.809782921345,3.1453462359,-0.893221544935,0.0144531322859,0.840250492975,-0.265906457623,-0.779044189459,0.716125621082,0.460240634287
unguided,1,0,0.00999999977648,True,50,-0.152999072278,0.440621535831,2.28136134749,-10.2483660149,6.73293978416,2.24095737369e-16,6.99644548559e-10,4.06063778734e-05,0.197011400559,0.000746213697338,9.13662692376e-10,2.2519231325,-5.23673390783,6.11410284353,6.06355243879e-08,0.000822595962378,0.207505925433,0.19704768742,0.000746752397568,9.15768059662e-10,-4.40410575476,5.89377602203,-0.736902088175,4.09943579249,-1.31115321639,9.3967484329e-15,2.13022247354e-08,0.000812684988779,-0.272592636535,-0.00214906972386,-4.34112499221e-09,-0.87125987096,3.37472246607,-0.868352004139,1.1285791391e-06,0.00945116990388,1.05387816526,-0.127878382441,-0.000979100952809,-1.88239578227e-09
unguided,1,0.01,0.019999999553,True,50,-0.197040129826,0.499559296052,2.27399232661,-10.207371657,6.71982825199,3.18063221698e-16,9.12666795912e-10,4.87332277612e-05,0.194285474194,0.0007247230001,8.70251442454e-10,2.24321053379,-5.20298668316,6.10541932349,7.19213157789e-08,0.000917107661416,0.218044707086,0.195768903595,0.00073696138804,8.96944101839e-10,-1.00418003385,0.870144578208,-0.789080907912,3.63665551358,-1.14898642804,9.82759251439e-15,2.14016939899e-08,0.000784051481423,0.072932024898,0.000748719141859,2.11497834377e-09,-0.856636271223,3.06299223538,-0.748449475203,1.11434022989e-06,0.00899403108357,0.962713828843,0.26299775339,0.00242610692095,6.08014107241e-09
unguided,1,0.02,0.0299999993294,True,50,-0.173082672955,0.458024427395,2.26557972933,-10.1756329047,6.70996005559,4.20647587657e-16,1.12767842836e-09,5.62874075018e-05,0.198470041057,0.000761188080176,9.55962259252e-10,2.23479040708,-5.17547406312,6.09913385402,8.29223289856e-08,0.00100247658405,0.22676020201,0.202307642487,0.000795274535987,1.03737088111e-09,1.4692270095,-2.868438981,-0.810155489081,3.22543678307,-1.19621081932,1.3388427314e-14,2.65293415396e-08,0.000882372436121,0.699651650978,0.00649588608836,1.66120597844e-08,-0.820710176435,2.7682404674,-0.821190161777,1.34469631268e-06,0.00991581610743,0.958090336359,0.945016665425,0.00897535257591,2.36090447419e-08
unguided,1,0.03,0.0399999991059,True,50,-0.167655589636,0.442190516431,2.25778921683,-10.1428629213,6.6959040356,5.85831767979e-16,1.4432536267e-09,6.63806764836e-05,0.208278507213,0.000854640721867,1.20249263814e-09,2.22679633026,-5.14762187382,6.08899552025,9.88152420325e-08,0.00111542398356,0.237206513813,0.214669236904,0.000916468439558,1.36912499668e-09,0.277783234786,-0.432804344795,-0.880792393539,3.30177477929,-1.3811957056,2.06358141644e-14,3.71391944795e-08,0.00112224434801,1.23032618688,0.0125631108751,3.70595715903e-08,-0.908302788505,2.83407108556,-0.985233578046,1.8357233992e-06,0.0123277215575,1.07434640544,1.50334500909,0.0159649696975,4.94841299519e-08
unguided,1,0.04,0.0499999970198,True,50,-0.167527008259,0.4493683405,2.24796388146,-10.1095974091,6.68233614148,8.33363870945e-16,1.87046231795e-09,7.8732294462e-05,0.223076564794,0.00101245029768,1.69715369106e-09,2.21662435131,-5.11879264141,6.07942918246,1.1963679697e-07,0.0012490310152,0.248247130119,0.232374542669,0.00111457392994,2.02705348015e-09,0.0198190582685,0.184246293386,-1.03319534348,3.28854594658,-1.23211926458,2.89807153081e-14,4.74908607675e-08,0.00130711378305,1.48244889703,0.0171526173694,6.13323487998e-08,-1.0472263299,2.84238128425,-0.860322313615,2.20582271934e-06,0.0135887057989,1.07676443675,1.773394521,0.0217178640225,8.31892624693e-08
unguided,1,0.05,0.0599999986589,True,50,-0.167259208471,0.445875442299,2.23712530996,-10.0770920024,6.67126165031,1.16544607414e-15,2.39307084205e-09,9.25229521446e-05,0.237927485154,0.00119769306925,2.42913961414e-09,2.20585180366,-5.09077424813,6.07178907398,1.42931696419e-07,0.00138719809954,0.258741802548,0.250137127324,0.00135082572001,3.03291024606e-09,-1.21164038519,0.96416081375,-0.952111895484,3.50396025991,-1.08002671858,4.37426227896e-14,6.45321248017e-08,0.00160099968768,1.63872973841,0.0218564686518,9.77021468751e-08,-0.970999316386,2.98823535757,-0.732787095458,2.76290683471e-06,0.0154712946857,1.10699233097,1.93895080789,0.027966152422,1.36792504158e-07
unguided,1,0.06,0.070000000298,True,50,-0.191759815963,0.468651556775,2.22892164355,-10.0395182039,6.66073560711,1.70821632674e-15,3.16110481398e-09,0.000110752288216,0.255851159563,0.00144957967071,3.65119662856e-09,2.19720436498,-5.05902793426,6.06477344055,1.74894933664e-07,0.00155845690891,0.270386976738,0.271153558827,0.00167389697838,4.7629035633e-09,-1.98144918585,1.56919311132,-0.825039563592,3.58974001083,-1.03499858983,6.34411064355e-14,8.48855537759e-08,0.00191184103626,1.79604588909,0.027526105279,1.54956296101e-07,-0.86971642723,3.06206489188,-0.664315292689,3.44041672613e-06,0.017579719995,1.13768696472,2.10951082289,0.0356169177673,2.2304869616e-07
unguided,1,0.07,0.0799999982119,True,50,-0.206888192187,0.477259304526,2.22062451869,-10.0052972022,6.65056167852,2.43426820285e-15,4.09078191757e-09,0.00013075977287,0.273848402935,0.00174821517484,5.52826553615e-09,2.18845747512,-5.02953295029,6.05850276812,2.11740030942e-07,0.00173879249944,0.281495541843,0.292327343782,0.00206316407535,7.49388416926e-09,-0.658162185549,0.0592361594384,-0.855973236272,3.40884955038,-0.993830009164,8.65794814152e-14,1.05109128873e-07,0.0021524449719,1.75906586652,0.0320253918377,2.35026409017e-07,-0.880992149749,2.94139926912,-0.634906500911,4.02214658493e-06,0.0189212913862,1.12212504863,2.09356719694,0.0425902384107,3.50792765808e-07
unguided,1,0.08,0.0899999961257,True,50,-0.204923059674,0.469836279963,2.21180217883,-9.97134121286,6.64085900693,3.43980595504e-15,5.26328739144e-09,0.000153801187654,0.291032476893,0.00209008750747,8.3517248089e-09,2.17958452198,-5.00019994887,6.05207531054,2.55337865362e-07,0.00193688273664,0.292829477711,0.313024902766,0.00252570174659,1.17787588795e-08,0.659403588153,-0.890431766364,-0.901945561076,3.42349319817,-1.05275411376,1.26235521253e-13,1.39017428575e-07,0.00258612261138,1.84913660452,0.0399029908087,3.82832299168e-07,-0.907242780131,2.96938057724,-0.711232654081,5.08143069762e-06,0.0219337113288,1.18949754705,2.20515807984,0.0539819728224,5.85720128761e-07
unguided,1,0.09,0.0999999940395,True,50,-0.193700120424,0.459450669198,2.20258560747,-9.93682733823,6.62950659624,4.95897862791e-15,6.87113048908e-09,0.000182482225097,0.310831135026,0.00254627499101,1.31849115195e-08,2.17031261952,-4.97014533875,6.04427811504,3.13368644894e-07,0.00217746672602,0.305285492784,0.336430505378,0.0031428035318,1.92082867445e-08,-0.770106989234,-0.342757171791,-0.88162411701,3.44221118349,-1.13410557669,1.89514419481e-13,1.88175011296e-07,0.00315734835499,2.05201291242,0.0516030992069,6.39600032313e-07,-0.908730856023,2.96479116851,-0.761978094276,6.51748264985e-06,0.0255483039078,1.2455341916,2.42216745738,0.0703859901554,9.98504938531e-07
unguided,1,0.1,0.109999999404,True,50,-0.220325199459,0.462981136527,2.19416969649,-9.90249698919,6.61817689539,7.23009434465e-15,9.02678761737e-09,0.000216948154753,0.332072735141,0.00312214949161,2.11437254552e-08,2.16140990486,-4.9409041255,6.03683574865,3.85687518359e-07,0.00244784881479,0.317740161543,0.361468251914,0.0039334215497,3.17488576501e-08,-2.39479826878,0.487764865892,-0.824108747276,3.38417844015,-1.13056524418,2.78760153419e-13,2.48077743035e-07,0.00373462212734,2.1898833952,0.0656959303767,1.0795200956e-06,-0.865049194054,2.89232551756,-0.745134863525,8.09239583811e-06,0.0286502176996,1.2484710321,2.55858002877,0.0900991610322,1.70693706304e-06
unguided,1,0.11,0.119999997318,True,50,-0.2415960858,0.469205966516,2.18610343252,-9.86914376943,6.60689529136,1.05341816963e-14,1.18326853498e-08,0.000257174667644,0.35462880293,0.00386019359854,3.47753134316e-08,2.15301163564,-4.9122988284,6.02937541777,4.75216561656e-07,0.00275047108001,0.330254913426,0.387602105954,0.00494478675245,5.33470280054e-08,-2.87500824083,1.90361439183,-0.828057345602,3.42300652532,-1.12737327453,4.09263753082e-13,3.27896626527e-07,0.00445148876878,2.28236781448,0.0819242085714,1.81262713637e-06,-0.852510871259,2.94661347419,-0.74848780615,1.01483082805e-05,0.0326736812085,1.28828747093,2.62472192654,0.112783224112,2.89844114384e-06
unguided,1,0.12,0.129999995232,True,50,-0.277825364276,0.501053424364,2.17760854958,-9.83403685869,6.5956294299,1.54153694063e-14,1.55847201479e-08,0.000305977930129,0.377720091431,0.00476063366303,5.73962681825e-08,2.14435968744,-4.88197185602,6.02186599253,5.8865368397e-07,0.00310132243896,0.343505910962,0.413962690444,0.00618908603193,8.97176805268e-08,-2.0312648533,1.96121140282,-0.842820245522,3.4304511623,-1.16876216717,5.83788190139e-13,4.25502751296e-07,0.00525182744536,2.2534515375,0.0973813307233,2.90818835566e-06,-0.86354097918,2.96732685011,-0.785024488395,1.25748963923e-05,0.0370147787655,1.32770997127,2.57255884588,0.13514803053,4.70814131778e-06
unguided,1,0.13,0.140000000596,True,50,-0.282221382866,0.508430194573,2.16924702761,-9.80053474618,6.58352004801,2.22099454991e-14,2.03427403757e-08,0.000362211216551,0.39969783368,0.00580782021301,9.29390805448e-08,2.13574081605,-4.8529522914,6.013674928,7.26714489503e-07,0.00349076665532,0.356809112851,0.439053282871,0.00764774736305,1.47509854361e-07,-1.46929231414,1.22397861809,-0.824599607125,3.35114856513,-1.13339465863,7.98460718631e-13,5.29535976507e-07,0.00594609381788,2.16568408223,0.114759026106,4.62965946361e-06,-0.858023162108,2.90226981367,-0.758607071927,1.49674298973e-05,0.0402668730644,1.31048903165,2.4929601274,0.1620238614,7.63247643129e-06
unguided,1,0.14,0.149999991059,True,50,-0.307211210558,0.525532996726,2.16111655743,-9.76701388738,6.57296153673,3.13845837789e-14,2.6175439678e-08,0.000424899806487,0.421033773076,0.00705581418514,1.49989457455e-07,2.1271992242,-4.82392645975,6.00669385109,8.88002281915e-07,0.00390665990025,0.369715691595,0.463821892992,0.00942956325994,2.42367209153e-07,-3.84194657047,2.76302673181,-0.765220209195,3.48732129188,-1.10136458897,1.1828060147e-12,7.05958834833e-07,0.00713870336678,2.17314978498,0.138839015036,7.57056145907e-06,-0.813338266092,3.00967903827,-0.7366714573,1.8800345099e-05,0.0459589798447,1.34897075332,2.4969053583,0.199711973224,1.27983302321e-05
unguided,1,0.15,0.159999996424,True,50,-0.359060314275,0.563690729209,2.15394262343,-9.73078832034,6.56149275624,4.58660657931e-14,3.44619170724e-08,0.000504985283887,0.44316082938,0.00858460051373,2.44350309726e-07,2.11947405073,-4.79275871063,5.99894149886,1.10272139148e-06,0.00440994625222,0.383788527917,0.488991390037,0.0116419868275,4.03476459003e-07,-4.48136078847,3.66071583445,-0.782986129154,3.60042709599,-1.12466884242,1.79044963153e-12,9.61248185817e-07,0.00873276800468,2.19370689003,0.168443276121,1.24737493836e-05,-0.83897711081,3.10104858288,-0.742275132609,2.41347441468e-05,0.0532406554671,1.39708006146,2.47898309146,0.243540268438,2.13161134684e-05
unguided,1,0.16,0.170000001788,True,50,-0.396838426328,0.598747313415,2.14545683485,-9.69500534546,6.55046815988,6.71935764095e-14,4.54004033944e-08,0.00059955516658,0.464907910876,0.0104246797076,3.99464445126e-07,2.11041968198,-4.76190548809,5.99184834844,1.37069716485e-06,0.0049714730096,0.397657292824,0.513401554822,0.0143003686287,6.6868947852e-07,-4.08840842826,1.78599906053,-0.784773988953,3.59593882448,-1.15690188348,2.63218663154e-12,1.27202422163e-06,0.0103898450338,2.13906015136,0.199132527743,1.9818983903e-05,-0.847559386735,3.08577326969,-0.758915037854,3.02883600907e-05,0.0603444267638,1.41124544797,2.39899458513,0.290262892597,3.44584232155e-05
unguided,1,0.17,0.179999992251,True,50,-0.440828482841,0.599410710419,2.13824714365,-9.65886954385,6.53835471857,9.85097984239e-14,5.99024015049e-08,0.000712782184562,0.485942032407,0.0125672510686,6.40729987786e-07,2.102522863,-4.73104324524,5.9837631981,1.7084885933e-06,0.00561683478749,0.412013436877,0.53697128174,0.0174472446795,1.09264492331e-06,-4.42708098496,1.71456074542,-0.733986219825,3.55012249362,-1.23476598703,3.80624279104e-12,1.65514964609e-06,0.0121719306224,2.11292961101,0.23210232577,3.09302365999e-05,-0.793496032766,3.04270073805,-0.841286413814,3.73860942324e-05,0.0677662911497,1.43215654703,2.30748660355,0.338540642181,5.42898071202e-05
unguided,1,0.18,0.189999997616,True,50,-0.485380046027,0.633038528323,2.13077711045,-9.62400289559,6.52577284014,1.4331843223e-13,7.85033963162e-08,0.000842993779029,0.507166503096,0.015066726223,1.01806917712e-06,2.09454976132,-4.70105147333,5.97502262016,2.1184190495e-06,0.00632679883259,0.426300423764,0.559551286892,0.0210711814723,1.75448562092e-06,-5.04217332167,2.09323982887,-0.775678541898,3.46888072523,-1.30271345073,5.47425172326e-12,2.14086964885e-06,0.0141537013505,2.03910226713,0.27085104204,4.892110194e-05,-0.820200533776,2.9833789165,-0.914521973373,4.59459310444e-05,0.0754842481068,1.44079049126,2.17062634236,0.394490694438,8.6296515074e-05
unguided,1,0.19,0.199999988079,True,50,-0.541671949274,0.641275506997,2.12273357281,-9.58949192935,6.51230044955,2.07994832889e-13,1.02719794482e-07,0.000995856211572,0.526724077749,0.0179842719094,1.61915202659e-06,2.08611885232,-4.67137566691,5.96547275863,2.62740721419e-06,0.00712651974963,0.440829246702,0.580383808587,0.0253370585682,2.81857522479e-06,-4.79947113931,1.36459731417,-0.803538127037,3.52163768136,-1.3850348205,8.15756649557e-12,2.86913744049e-06,0.0170388029292,1.94867568857,0.318332687182,7.8346779826e-05,-0.845209281586,3.02594931262,-0.991178304425,5.89841906978e-05,0.0873349880318,1.48570657039,2.056378579,0.467268365792,0.000139920360203
unguided,1,0.2,0.209999993443,True,50,-0.581369468813,0.660330474607,2.11470634791,-9.55357014196,6.49807214373,3.06469762142e-13,1.35886145126e-07,0.00118376983761,0.546140016868,0.0214333799666,2.58500477364e-06,2.07764557569,-4.64053248707,5.95519905407,3.29810286346e-06,0.00807349859323,0.456014555172,0.600678858473,0.0304165487882,4.55289282498e-06,-4.3529038633,2.75247133313,-0.79329728413,3.54380738308,-1.32152371839,1.17354813093e-11,3.71004588564e-06,0.0197813838203,1.83893897495,0.361173405734,0.00011998264651,-0.830491821808,3.02735238887,-0.939200797495,7.13463771252e-05,0.0958129934777,1.45281648381,1.90408653985,0.533635502707,0.000216823436549
unguided,1,0.21,0.219999998808,True,50,-0.62873002654,0.696324933659,2.10686762713,-9.51861578169,6.48586997518,4.42704459076e-13,1.76920712195e-07,0.00139148388798,0.563502857248,0.0252077400241,4.01880495679e-06,2.06950901588,-4.61082861913,5.94668874268,4.05433475669e-06,0.00904277961918,0.469885576378,0.618465539384,0.0360097686224,7.15504395576e-06,-5.03132663324,3.30482987071,-0.777792304074,3.51195407423,-1.29982872658,1.71536650705e-11,4.83425899905e-06,0.0229617931666,1.72835049997,0.410413469285,0.000184555523462,-0.813707209951,2.99073945167,-0.904394421213,8.76116751242e-05,0.105431699036,1.40709090293,1.72946133494,0.604693483639,0.000334464188714
unguided,1,0.22,0.229999989271,True,50,-0.681996001478,0.726427072021,2.09915050183,-9.48333106048,6.4720755692,6.49543063551e-13,2.32571325107e-07,0.00164300570094,0.580707026867,0.0296416493523,6.27611524288e-06,2.06137143149,-4.58071769804,5.93711116565,5.05033636594e-06,0.0101821325739,0.484156373231,0.635268085171,0.042510418461,1.12421765993e-05,-4.17299032316,1.75803349367,-0.782671246172,3.54024984279,-1.39950235032,2.56755484547e-11,6.47246651258e-06,0.027497158196,1.68327451027,0.473872015695,0.000287975324089,-0.826731901707,3.01493751958,-0.985968285799,0.000112181332157,0.121477216503,1.43154354552,1.60856117312,0.695993551282,0.000525541750631
unguided,1,0.23,0.239999994636,True,50,-0.712189833003,0.731485603533,2.0912142022,-9.44781078483,6.45787992818,9.56215428171e-13,3.06370042446e-07,0.0019414270519,0.597168347454,0.034685180338,9.77831143858e-06,2.05297437785,-4.55052986874,5.92696937697,6.29796139983e-06,0.0114723239492,0.498516447288,0.650636762846,0.049929639648,1.76658789684e-05,-3.80022997368,1.97203737087,-0.741356416477,3.56112908024,-1.4191138191,3.72056772562e-11,8.4323126394e-06,0.0321627362252,1.57412631552,0.532578911857,0.000440381424924,-0.801381061159,3.02292583518,-1.01634347069,0.000139555920467,0.136222553059,1.42446946908,1.44138792561,0.782608079841,0.000808599845709
unguided,1,0.24,0.25,True,50,-0.758000600952,0.765867819438,2.0843233735,-9.41210847888,6.44369329282,1.39365660868e-12,4.01217577895e-07,0.00228626042545,0.612189553178,0.0402932275894,1.50837437414e-05,2.04534381027,-4.52025918134,5.91678429623,7.84145477527e-06,0.0129065836351,0.512645762612,0.664095843684,0.0581625800578,2.74141735134e-05,-6.21258597536,5.3939724531,-0.655715732872,3.56772794217,-1.41587279683,5.36247470642e-11,1.08770394302e-05,0.0371477939651,1.43319932644,0.587818830323,0.000651591037977,-0.726487710507,3.01311435334,-1.02384203954,0.000170919923567,0.150381761634,1.39333621358,1.26244426,0.864537568727,0.00120401406432
unguided,1,0.25,0.259999990463,True,50,-0.83644155251,0.839365052595,2.07809988755,-9.37645622599,6.42956247224,2.02871036945e-12,5.23910831051e-07,0.0026843829312,0.625832333983,0.0464415569444,2.28101321981e-05,2.03844462364,-4.49026758167,5.90649253618,9.71635987117e-06,0.0144799591819,0.52638317156,0.675885648046,0.0672203910225,4.17461602547e-05,-5.68351061901,4.43067283646,-0.712968831557,3.53830535315,-1.3963765176,7.67738481305e-11,1.39544528486e-05,0.0426869953986,1.30436396407,0.646572856331,0.000958930812462,-0.770400924311,2.98112552177,-1.00429085037,0.000206766426312,0.164120482945,1.33981796214,1.09462615202,0.944463648542,0.00176724766548
unguided,1,0.26,0.269999980927,True,50,-0.871670813332,0.854481276167,2.07006399687,-9.34134237181,6.41576576247,2.92913357129e-12,6.80306634867e-07,0.00314000033342,0.638276832459,0.0532246847161,3.42623599906e-05,2.02993579178,-4.4606366709,5.89669847923,1.19767833015e-05,0.016188993294,0.539442121855,0.685988366724,0.0770518530286,6.27591268231e-05,-4.17691748589,2.63695990288,-0.700794590869,3.51611057981,-1.38162248483,1.10824187249e-10,1.80625361377e-05,0.0493786611188,1.16950997996,0.71556980907,0.00143211028304,-0.757280404468,2.96755426434,-0.972796553732,0.000254279964588,0.1811254146,1.28051589982,0.91272210174,1.03247357125,0.00263072693969
unguided,1,0.27,0.280000001192,True,50,-0.919979902228,0.892104250652,2.06408399573,-9.30613401439,6.40193002254,4.24519411444e-12,8.85161553805e-07,0.00367195615358,0.649222533582,0.0607529531258,5.14523378589e-05,2.02329901555,-4.43091649638,5.8870366051,1.48019591629e-05,0.0181024674739,0.551993489556,0.694140090081,0.0878698624476,9.43606990484e-05,-9.40244244995,4.91842268526,-0.656722314834,3.51465102175,-1.4199488602,1.60849555881e-10,2.34711286325e-05,0.057305282537,1.04356923655,0.771140883588,0.00207468536677,-0.720058655298,2.97717001665,-1.01102662641,0.000312541434341,0.20059756279,1.24922322692,0.735472245606,1.10952125911,0.00384147484342
unguided,1,0.28,0.289999991655,True,50,-1.05971966233,0.952849729873,2.05692955057,-9.27104935138,6.38736678526,6.14612468891e-12,1.14972920752e-06,0.00428610598416,0.65914821719,0.0686475023878,7.5756067326e-05,2.01553461868,-4.40109327057,5.8764779467,1.82276119883e-05,0.0202009445498,0.564426586394,0.700697811636,0.0992422782109,0.000139588623692,-13.2223946208,6.1504129034,-0.747720286052,3.51509121472,-1.42091612315,2.34237410291e-10,3.04433564142e-05,0.0661805222684,0.934276123442,0.818320305025,0.00292902528188,-0.78877490067,2.99117666807,-1.01740076894,0.000382182559542,0.219852249411,1.19852399778,0.587916237303,1.17188920811,0.00547073616426
unguided,1,0.29,0.299999982119,True,50,-1.18442779465,1.01511250872,2.04912959001,-9.2358321901,6.37351170008,8.92994232025e-12,1.49402868209e-06,0.00499556659894,0.667908056051,0.0771193592263,0.000110032843496,2.00752351754,-4.37109296302,5.86668858972,2.24456103538e-05,0.0224995124622,0.575963969512,0.705898414827,0.11130764661,0.000203775422334,-12.6779553013,7.17427853777,-0.710850935173,3.53126049684,-1.34580878876,3.40112938937e-10,3.9271490025e-05,0.0757458136707,0.830199467377,0.874529246826,0.00412866426905,-0.746238968507,2.99211052999,-0.964362578986,0.000463148318276,0.238611295096,1.11744657512,0.452215934947,1.23648764961,0.00774535379322
unguided,1,0.3,0.310000002384,True,50,-1.31327876836,1.09633530063,2.04271253187,-9.20042414144,6.36045060949,1.29483834676e-11,1.93515900802e-06,0.00580102225757,0.675752206538,0.0861380873243,0.000158329352707,2.00060983931,-4.34125105997,5.85719069512,2.74905783539e-05,0.0249731704517,0.586775517896,0.709742130335,0.123972031203,0.000294495699556,-11.6927304322,6.44512428396,-0.672032880108,3.53191081799,-1.31337807977,4.82981381649e-10,4.97642670586e-05,0.0855952124207,0.739127508496,0.923959712254,0.00577377800581,-0.728273058629,2.98683859301,-0.958922852283,0.000555020543343,0.257254697792,1.0552360147,0.319915710912,1.28927370184,0.0108190241193
unguided,1,0.31,0.319999992847,True,50,-1.41828240329,1.1440149944,2.0356889324,-9.16519397374,6.34724413849,1.85895699532e-11,2.48931402326e-06,0.00670747084736,0.682690606221,0.0955985534714,0.000225508403613,1.99295805636,-4.31135619116,5.84751013268,3.35460212206e-05,0.027644606418,0.597068689806,0.712296729046,0.137093120647,0.00042015590472,-19.9428659635,12.0271169762,-0.693664701774,3.54390212708,-1.32896038688,6.69737382806e-10,6.21574437567e-05,0.0964157632337,0.628808450728,0.963263831474,0.00793647024691,-0.757381434958,3.0060491098,-0.97169325932,0.00065988406021,0.278557696298,1.00949325797,0.190377239929,1.32855216604,0.0148623755072
unguided,1,0.32,0.329999983311,True,50,-1.71213608763,1.33687764015,2.02883923784,-9.1295460989,6.33387140175,2.63431311238e-11,3.17830788315e-06,0.00772933752225,0.688328375552,0.105403363954,0.000317058757645,1.98546221061,-4.28113007777,5.83775682993,4.06882595581e-05,0.0305443243777,0.606965383055,0.713549675134,0.150543074524,0.000591743209701,-27.3841507915,17.67427655,-0.671227210111,3.52157790232,-1.39394577839,9.55568363733e-10,7.92675374375e-05,0.109953354999,0.520398703204,1.00810300453,0.0108353889875,-0.740681952626,2.99285274267,-1.01698413069,0.000801266631636,0.305879668821,0.962388690893,0.0724115556023,1.36769141334,0.0201362200992
unguided,1,0.33,0.340000003576,True,50,-1.96596541912,1.4975005254,2.0222643882,-9.09476241569,6.31936522292,3.77009372279e-11,4.07466477201e-06,0.00890653794734,0.693098580285,0.115760613562,0.000442216183363,1.97814441731,-4.25149913631,5.82717045006,4.95713538534e-05,0.0337621997944,0.616316463624,0.713744960158,0.164446948913,0.000822880306703,-30.1385675399,20.0600635354,-0.658036084387,3.45732531282,-1.4825658663,1.40580457419e-09,0.000103724372874,0.127462558486,0.428256398663,1.06384263164,0.0146979478243,-0.725796558608,2.94486115523,-1.0741761443,0.00100192794408,0.340632145833,0.890715633772,-0.0386577976717,1.41086525868,0.0270895669139
unguided,1,0.34,0.34999999404,True,50,-2.31490743842,1.73807891086,2.01567851615,-9.06039959264,6.30422008442,5.44592226076e-11,5.25279534063e-06,0.010278588692,0.696893503525,0.126680216587,0.000611017714132,1.97094627944,-4.22223285467,5.81627330705,6.07268184396e-05,0.0373569672944,0.624779695731,0.71277651918,0.178760379698,0.00113353454798,-27.5211285221,18.0545602009,-0.667645212519,3.49184944928,-1.4743611576,1.99061147415e-09,0.000131751144001,0.144935926603,0.32205886227,1.09035174232,0.0194098449933,-0.727285036365,2.97589441196,-1.0623302795,0.00121162964688,0.369985136162,0.817943562242,-0.149418739789,1.42523530942,0.0355448355383
unguided,1,0.35,0.359999984503,True,50,-2.51638798956,1.85859172942,2.00891148395,-9.0249254267,6.28987799977,7.7513166711e-11,6.70968765203e-06,0.0118052564794,0.69953975753,0.137567648408,0.000830413083229,1.96359871658,-4.19198124807,5.80592384447,7.38039467909e-05,0.0411619025176,0.632675334868,0.710756585362,0.192951655102,0.00153377701747,-23.4662647003,15.3470321574,-0.672670944487,3.57701679576,-1.41526372903,2.76376756373e-09,0.000163914606619,0.161782433859,0.233746979554,1.09056665271,0.0251918728191,-0.7306468678,3.06418081041,-1.0133389501,0.00142337187978,0.393455410753,0.752910033643,-0.240159059554,1.40707407832,0.0461125280423
unguided,1,0.36,0.370000004768,True,50,-2.78423273243,2.04501955401,2.00222509726,-8.98885925673,6.27591480984,1.09734573882e-10,8.53108747302e-06,0.0135142373691,0.701568443116,0.148491549641,0.00111485517051,1.95633334208,-4.16094923846,5.79600652804,8.91942560352e-05,0.0452260755094,0.639837896404,0.707973337989,0.206901861264,0.00205578510882,-22.100275292,15.2438893356,-0.693898578883,3.58160061761,-1.38806343299,3.85842677224e-09,0.000204880417367,0.180520219536,0.136335466616,1.08750041061,0.0321837702384,-0.751933569466,3.07755088864,-0.999882069034,0.00167441065227,0.41846781239,0.681596205246,-0.339594633651,1.38563486429,0.0589857952377
unguided,1,0.37,0.379999995232,True,50,-2.9583934954,2.16346951613,1.99503351237,-8.95329341435,6.26211673111,1.54681702156e-10,1.08072959994e-05,0.0154156608701,0.702266466862,0.15931765662,0.001474088488,1.9485600452,-4.1304302303,5.78592620309,0.000107292159836,0.0495312587654,0.646307258973,0.703964692689,0.220664352388,0.00271349292222,-7.36859556193,1.25361823322,-0.745984949257,3.56273711642,-1.37715350793,5.44104382368e-09,0.000258260669531,0.202734419591,0.0572898442569,1.094059599,0.0412739817091,-0.801931326992,3.04488097339,-0.998225851159,0.00200106961162,0.448270729187,0.595710176738,-0.423853930156,1.37552995735,0.0754077966382
unguided,1,0.38,0.389999985695,True,50,-2.93160464367,2.07009191867,1.98730539827,-8.9176045144,6.24837173968,2.18555450356e-10,1.36963008636e-05,0.017568925761,0.702714240002,0.170372741621,0.00194033480469,1.94029471554,-4.10005161899,5.77604201102,0.000129215648268,0.0541914900932,0.651752099939,0.699496259386,0.234412460411,0.00356394104159,-5.93118886198,0.511400436305,-0.786478252965,3.62875563081,-1.36813125951,7.73274363408e-09,0.00032822373422,0.230181227227,0.0124173748696,1.10782975058,0.0520036244581,-0.833691649998,3.08618297407,-0.980539965947,0.00240642187418,0.485735202219,0.509177175336,-0.476489398364,1.36425117798,0.094629745128
unguided,1,0.39,0.399999976158,True,50,-3.07701727264,2.17369752485,1.97930394732,-8.88071830174,6.23475410592,3.09336574837e-10,1.73717706838e-05,0.0200192854146,0.70251481436,0.181474251632,0.00251416097716,1.9318862122,-4.06870657082,5.76631540377,0.00015542059732,0.0592459628098,0.65649080248,0.694434904722,0.247949375947,0.00460608782478,-5.42740760813,3.74080362315,-0.828143534634,3.59047813661,-1.3619589616,1.06621361834e-08,0.000406472320493,0.255323950716,-0.0651382019401,1.10434252276,0.0639875391043,-0.859777040335,3.05752247302,-0.972206841887,0.00281709423967,0.514307370295,0.427248210033,-0.535762755745,1.32462403049,0.115628584498
unguided,1,0.4,0.409999996424,True,50,-3.04015279583,2.14490799113,1.97074252758,-8.84579495167,6.22113256045,4.31798174025e-10,2.18257472735e-05,0.0226754047753,0.701411475963,0.192459592076,0.00322008558678,1.92309917473,-4.03890116953,5.75659787418,0.000185557533061,0.0644776374991,0.660297064139,0.688781004271,0.26090494102,0.00587651273155,7.58427333669,-6.48366345959,-0.772457999415,3.51646111358,-1.33478894604,1.48446733684e-08,0.000503564965406,0.280359999264,-0.134874869351,1.0916798671,0.0775811661836,-0.805561405263,3.02572687178,-0.938548243744,0.00330313966767,0.53893926298,0.337992058526,-0.583636221474,1.26538672276,0.138844400475
unguided,1,0.41,0.419999986887,True,50,-2.92533180591,2.04402425566,1.96385478733,-8.81038907946,6.20805832699,6.06230042205e-10,2.74430699919e-05,0.0256264853999,0.699817316973,0.203307848974,0.00406578430083,1.91577498409,-4.00819203338,5.7475444389,0.000221483390673,0.0700247480694,0.663250643651,0.682762180292,0.273257110402,0.00738297583428,-2.57063717845,-0.866127687478,-0.697493707958,3.53961756001,-1.28309319724,2.09967832208e-08,0.000632085408162,0.310790383939,-0.176284939239,1.08889555914,0.0946325385312,-0.745815752494,3.04272546814,-0.896657006666,0.00392981555829,0.572246495108,0.239909440036,-0.621718452781,1.22393264169,0.167377000828
unguided,1,0.42,0.42999997735,True,50,-3.0915655394,2.12758543738,1.95679265342,-8.77500260047,6.19547069651,8.51733838442e-10,3.44674554367e-05,0.0288912124541,0.697885777178,0.214237503259,0.00511273635741,1.90818285968,-3.97804666017,5.73866473405,0.000264153844227,0.0759225674012,0.66509525294,0.676346635215,0.285383593854,0.00922405274811,-11.4831611647,6.70505655603,-0.720123416817,3.48710095312,-1.28401077917,2.82976339295e-08,0.000766881027868,0.337871821558,-0.2525079049,1.05923786031,0.113187166144,-0.769431443059,2.98349239088,-0.919379066823,0.00459231097684,0.601732980923,0.170465861088,-0.672984994396,1.16547259663,0.197909197763
unguided,1,0.43,0.439999997616,True,50,-3.1549950292,2.17812538678,1.94945231899,-8.7406470604,6.18237811141,1.17218272079e-09,4.27806905492e-05,0.0323839218311,0.694767158875,0.22449260618,0.00632952762372,1.90038635523,-3.94852218556,5.72915685756,0.00031332961021,0.0820594076879,0.666659960872,0.669302480404,0.296566562335,0.0113411597895,-0.730863144735,-0.342614424527,-0.7099045455,3.42983493596,-1.33562538761,3.85105432817e-08,0.000933598007481,0.367798902439,-0.306085727029,1.01710891869,0.132301017666,-0.755888740134,2.95277270519,-0.96548611516,0.00534821205161,0.631174925642,0.122346424492,-0.701940469196,1.09227081343,0.229528887238
unguided,1,0.44,0.449999988079,True,50,-3.10618280229,2.12073314889,1.94259456251,-8.70640590175,6.16875818875,1.62194470407e-09,5.31394155863e-05,0.0362471905028,0.691764062637,0.234579681633,0.00775875671072,1.89306508488,-3.91899120607,5.71935501175,0.000371118085259,0.0885460659141,0.66754218143,0.662307825832,0.307229010123,0.0138146304929,7.32514258562,-6.60136753079,-0.678297129819,3.42851049224,-1.34272032524,5.25613529637e-08,0.00114396880427,0.403133083033,-0.30280249419,0.994685468911,0.153895378952,-0.726946550023,2.95510779053,-0.961219151006,0.00620254832035,0.661234577562,0.0569733892561,-0.701226175335,1.0414097028,0.265079887191
unguided,1,0.45,0.459999978542,True,50,-3.00849217749,2.04609803617,1.93588637639,-8.67207685056,6.15552370491,2.22340978007e-09,6.56600666346e-05,0.0404465834917,0.688711108991,0.244386315558,0.00940743520275,1.88584742423,-3.88942002975,5.70993247454,0.000437380576617,0.0952840992391,0.667799428658,0.655277956897,0.317394756391,0.0166427575334,2.24018011687,-2.26648666128,-0.697868016471,3.47941988349,-1.2865851488,7.2057964468e-08,0.00140345496162,0.441017852249,-0.349398293431,0.967349534048,0.176207527955,-0.74232806975,2.9852035604,-0.90680881768,0.00719411234748,0.690326433705,-0.0125190692217,-0.734792252908,0.992076442049,0.299849870444
unguided,1,0.46,0.469999998808,True,50,-3.06137919996,2.07540341567,1.92863720218,-8.63681750408,6.14302648578,3.06310399343e-09,8.12085148187e-05,0.0450675475478,0.684776096769,0.253926672314,0.0112829072698,1.87821852349,-3.85928713486,5.70121883539,0.000515000332209,0.102352594588,0.667291800045,0.647611980773,0.327070538964,0.0198116279018,-5.50775049543,3.68426349598,-0.779902563047,3.50411210382,-1.30883198714,1.01038080195e-07,0.00175874157093,0.490931333408,-0.394607157487,0.944112234813,0.201327961265,-0.808733865057,3.00870705249,-0.913120870742,0.00854919535885,0.734680937827,-0.0910969577435,-0.764482784828,0.937057730118,0.339049796917
unguided,1,0.47,0.479999989271,True,50,-3.1186471874,2.11978330609,1.92028832513,-8.60199460848,6.12934706516,4.24417138398e-09,0.000100834898053,0.0502652101599,0.680818965841,0.263268560255,0.013433994428,1.86967274693,-3.8292458887,5.69167005713,0.000608364483794,0.109977717996,0.665977489503,0.639988301201,0.336135910993,0.0234237534717,-8.38013801249,7.2124943868,-0.804968351132,3.50121118997,-1.34760228648,1.35860207915e-07,0.00213066904792,0.534422044665,-0.420112863504,0.91343146564,0.224640050127,-0.837910472616,3.03483742425,-0.941951473877,0.00989731715672,0.771449773614,-0.146237216081,-0.774022884676,0.879334359367,0.375472175463
unguided,1,0.48,0.489999979734,True,50,-3.22898196021,2.2196533034,1.91253783516,-8.56679328028,6.11607444005,5.78030815173e-09,0.000123821895777,0.0557559884411,0.676373839499,0.272195301626,0.0157757082723,1.86146031403,-3.79859038637,5.68237980591,0.000712946675343,0.11778159006,0.664367055724,0.63213152308,0.344657226151,0.027321071411,-17.5985921526,11.6521512964,-0.777550419243,3.50856165721,-1.29003481683,1.82402250468e-07,0.0025510032756,0.568657013097,-0.444490130541,0.870010384583,0.248343252724,-0.821080585346,3.03910455124,-0.895505144178,0.0112872151915,0.788292131745,-0.201589218014,-0.781494145283,0.816537261759,0.408975542854
unguided,1,0.49,0.5,True,50,-3.47061903045,2.35282633202,1.90473731675,-8.53182337534,6.10354636883,7.89221639333e-09,0.000151854963565,0.0616383504218,0.67192916323,0.280668767946,0.0184008594825,1.85325113522,-3.76846379768,5.67375995425,0.000834108787623,0.125743560631,0.661945705142,0.624358418295,0.352466656228,0.0316032643288,-45.276392954,29.0312126947,-0.779090628259,3.52823819174,-1.24684377845,2.48244768844e-07,0.00309886695394,0.611948930224,-0.455967487485,0.823190116229,0.274275875821,-0.828005209566,3.05866919943,-0.850385992483,0.0129319915583,0.806919732389,-0.253317544784,-0.781261466894,0.746945066251,0.445826555872
unguided,1,0.5,0.509999990463,False,50,-4.13450981929,2.8002775573,1.89695602259,-8.49622851644,6.09113756448,1.07452035286e-08,0.000185799234856,0.0679949670456,0.667254489749,0.288659103951,0.0212612257888,1.84490020984,-3.73741700238,5.66537208607,0.00097158650651,0.133919984708,0.659300704828,0.616506293742,0.359596127476,0.0362376025285,-66.3890788835,44.7451225283,-0.778129415512,3.5594858893,-1.24088043467,2.85298713528e-07,0.00339442712907,0.635661662377,-0.467467348134,0.799033600453,0.286036630625,-0.835092537768,3.10467952935,-0.838786817974,0.0137477718887,0.817642407766,-0.264500031435,-0.785212455326,0.712947124774,0.463433819969
gradient_zero,0,0,0.00999999977648,True,50,-0.136788788116,0.414815025424,2.28544502879,-10.2465572754,6.73502634047,2.23510339914e-16,6.98237697036e-10,4.05370840138e-05,0.194737383061,0.000728158940348,8.76711148389e-10,2.25444606259,-5.23513824253,6.11668356224,6.05553735849e-08,0.000820904440069,0.20715539703,0.195610069686,0.000735803919516,8.94773276274e-10,-2.8648362463,3.31546293324,-1.21920595279,3.56978737872,-1.40688547101,8.24668580213e-15,1.89932270997e-08,0.000736786818612,-0.166455670704,-0.00141542204028,-3.11237875499e-09,-1.19428136142,3.00113608074,-1.00069697316,1.00611630792e-06,0.00867034679355,0.998263290568,-0.096540737516,-0.000819288898523,-1.78911407869e-09
gradient_zero,0,0.01,0.019999999553,True,50,-0.165437150579,0.447969654757,2.27325296926,-10.2108594016,6.72095748576,3.05977197935e-16,8.88169968033e-10,4.79049521999e-05,0.193072826354,0.000714004719945,8.45587360839e-10,2.24250324897,-5.20512688172,6.10667659251,7.06165366642e-08,0.000907607908004,0.217138029936,0.194644662311,0.000727611030531,8.76882135487e-10,-1.03143382033,1.03099967872,-1.14406202708,3.45962852888,-1.25786781881,9.92220877259e-15,2.14772387157e-08,0.000784126510535,0.204997689143,0.00185246598811,4.55696541085e-09,-1.14299970569,2.89758380566,-0.854561888378,1.09303715753e-06,0.0088663067446,0.957295438688,0.350655995001,0.00316637069353,7.75043710925e-09
gradient_zero,0,0.02,0.0299999993294,True,50,-0.157417464523,0.435435018999,2.26256378825,-10.1773647048,6.70986898409,4.21954515366e-16,1.12778247135e-09,5.62196142245e-05,0.198837336844,0.00076520826011,9.67850456606e-10,2.23158606847,-5.17718656641,6.09959232447,8.24161167356e-08,0.000998230574961,0.226301305804,0.202623189586,0.000799131333386,1.04978201846e-09,0.125366276631,-0.673178045986,-0.880217204029,3.36223843009,-1.18163900862,1.40182911682e-14,2.75526889588e-08,0.000911838902087,0.790475908672,0.00740372579025,1.90630638199e-08,-0.917202901533,2.85690820993,-0.789710769195,1.36673921125e-06,0.0100527443666,0.970685145799,1.03123380215,0.00982651419684,2.59498500341e-08
gradient_zero,0,0.03,0.0399999991059,True,50,-0.162929825047,0.434506093837,2.25564862518,-10.143614633,6.69732470558,5.86343021298e-16,1.43922374721e-09,6.61417302417e-05,0.208882344528,0.00086207923575,1.22684863724e-09,2.22415919094,-5.14798871752,6.09088237712,9.79513208892e-08,0.00110866279534,0.236551732852,0.215269338354,0.000924141314467,1.39587913617e-09,-0.606926599063,0.291168294047,-0.846237318848,3.41306062325,-1.27728313119,2.12363676112e-14,3.77977344287e-08,0.00113308683042,1.22027509389,0.012479545823,3.6920031425e-08,-0.875652569046,2.90346501404,-0.904721080871,1.81313899191e-06,0.0121724866575,1.06230501262,1.47983079101,0.0158135925305,4.95759131741e-08
gradient_zero,0,0.04,0.0499999970198,True,50,-0.169555996504,0.44125838488,2.24563904187,-10.1091034923,6.68432332147,8.46681867589e-16,1.88373715993e-09,7.88813508329e-05,0.223242838722,0.00101479917657,1.70625108511e-09,2.21407301709,-5.11911726613,6.08149790285,1.18678896574e-07,0.00124168030811,0.247547406056,0.232219805407,0.001115403184,2.04130028194e-09,-0.363530549352,0.109211710611,-0.915115289773,3.51300451411,-1.2695679953,3.11923416572e-14,5.07405585679e-08,0.00138778120515,1.46541902244,0.016777878411,5.931331385e-08,-0.93230811033,2.98875577169,-0.892711241234,2.31483142178e-06,0.0142380223069,1.12575837016,1.75168128109,0.0214041792636,8.20372065901e-08
gradient_zero,0,0.05,0.0599999986589,True,50,-0.170200436034,0.436690328049,2.23734631939,-10.0733545427,6.67193334568,1.21018985444e-15,2.45403491857e-09,9.38973543446e-05,0.238190724977,0.00119763680397,2.41311491424e-09,2.20551302874,-5.08821360209,6.0730281523,1.44247949325e-07,0.00139342324147,0.259066900255,0.250302963976,0.00135222489974,3.03662326797e-09,-1.06464983108,0.257793140977,-0.824170289501,3.43912204034,-1.19840169019,4.28996557078e-14,6.35321193171e-08,0.00158449354546,1.52097699789,0.0203510199286,9.07369392815e-08,-0.853254232779,2.97619388121,-0.82434678332,2.77582998996e-06,0.0156723791206,1.13136144707,1.8508588789,0.0266528128048,1.29617143126e-07
gradient_zero,0,0.06,0.070000000298,True,50,-0.190848993126,0.446414247699,2.22915563608,-10.0403210515,6.66035528766,1.70467498175e-15,3.15437954627e-09,0.000110571221742,0.25366237868,0.00142181957514,3.52098987074e-09,2.19700793244,-5.05959338851,6.06501096719,1.74195496373e-07,0.00155512789052,0.270174634997,0.269236982985,0.00164845944009,4.63364314446e-09,-1.82195379235,1.34340164856,-0.728913007907,3.3177651987,-1.17079228947,6.10885681379e-14,8.15803712796e-08,0.00183637479241,1.73034958388,0.0267591943446,1.50727896337e-07,-0.781338789251,2.86479873791,-0.793406343702,3.37566753294e-06,0.0173221449587,1.12681750029,2.0525928532,0.0348154249815,2.17372976124e-07
gradient_zero,0,0.07,0.0799999982119,True,50,-0.206639511881,0.46355836102,2.22276805923,-10.0069992387,6.64851749989,2.4319612172e-15,4.08564234416e-09,0.000130624850193,0.272797716654,0.00173282069086,5.42767284099e-09,2.18988625295,-5.03091762733,6.05716002542,2.11761299984e-07,0.00173986614065,0.28160325026,0.29135482104,0.00204853339937,7.38408279046e-09,-0.58970774548,0.61202806756,-0.641990274225,3.42188342545,-1.25688581988,9.29147369868e-14,1.12148648658e-07,0.0022822697098,1.94378325731,0.0351542485473,2.55673097581e-07,-0.713093286014,2.92506189932,-0.853903948555,4.41634588727e-06,0.0205949715936,1.20662518486,2.28559960579,0.0461610696411,3.76566968499e-07
gradient_zero,0,0.08,0.0899999961257,True,50,-0.202643148035,0.45865480905,2.2163158306,-9.971883383,6.63521757127,3.56296972148e-15,5.39735251943e-09,0.000156216615938,0.292538043826,0.00212490454609,8.63445182235e-09,2.18274606672,-5.00109215052,6.04793288821,2.62522414118e-07,0.0019670273224,0.294307138695,0.3149489751,0.00257168083291,1.21649825144e-08,0.488361319269,-0.355144779117,-0.799639940922,3.43415304908,-1.12949222759,1.2932218008e-13,1.42464039963e-07,0.00264599526689,1.94920046954,0.0420361833818,4.01053252218e-07,-0.821268984763,2.92719021806,-0.769971909316,5.26962370809e-06,0.022571551639,1.20749758224,2.32942050183,0.0567519051602,6.10304070802e-07
gradient_zero,0,0.09,0.0999999940395,True,50,-0.196872285495,0.456455465438,2.20677526041,-9.93831617773,6.62592765534,5.01840481881e-15,6.93492314342e-09,0.000183544755531,0.311781726045,0.0025735443585,1.34487378853e-08,2.17346087326,-4.97237382297,6.04176058724,3.17153774146e-07,0.00219129717343,0.305753201905,0.337943231077,0.00318357150257,1.95901642065e-08,-1.82061890468,1.36526240463,-0.869249398643,3.4102290716,-1.03928359568,1.82933216014e-13,1.82063521357e-07,0.00306050909597,2.00256814748,0.0515701042844,6.54206117075e-07,-0.888372961965,2.92733892092,-0.695793032099,6.34947028411e-06,0.0247853646419,1.20436160411,2.38076764899,0.0705421662388,1.01579483682e-06
gradient_zero,0,0.1,0.109999999404,True,50,-0.239055526129,0.485960057143,2.19893084262,-9.90367880157,6.61443189935,7.22163404177e-15,9.03862294657e-09,0.000217426797857,0.332589406776,0.00315630663178,2.17185741638e-08,2.16497860748,-4.9425453721,6.03401702757,3.89511819801e-07,0.00246273461523,0.318394370777,0.36256432808,0.00398252415769,3.24808792508e-08,-3.93122488782,2.30247483932,-0.937018813051,3.41730393554,-1.07376189358,2.67758774326e-13,2.41269174574e-07,0.00367129812452,2.11065778604,0.0643742791255,1.07164391082e-06,-0.953819436074,2.93422011629,-0.70189273551,7.91541107057e-06,0.0281712872275,1.23781684264,2.48887449509,0.0887385634707,1.69357300087e-06
gradient_zero,0,0.11,0.119999997318,True,50,-0.275496783252,0.502504962224,2.18803488415,-9.86997009902,6.60445241747,1.03735803053e-14,1.17603066349e-08,0.000256970718021,0.353994881766,0.00386102994101,3.48816161018e-08,2.15438448453,-4.91368942064,6.02772273253,4.75461995557e-07,0.00275472291798,0.330509538758,0.387720720978,0.00495834277199,5.34616242239e-08,-3.28899699378,2.40659234718,-0.998354359284,3.41395200552,-1.10460187144,3.97629425391e-13,3.22542221154e-07,0.00442045163581,2.18506889313,0.0795411827899,1.77411724434e-06,-0.99252890652,2.93012575884,-0.724203366285,9.91705405663e-06,0.0321390818148,1.27321369594,2.55506233911,0.111032973319,2.87807219067e-06
gradient_zero,0,0.12,0.129999995232,True,50,-0.304835466004,0.534091904087,2.17896375544,-9.83539976146,6.59233986192,1.51742225496e-14,1.54894673696e-08,0.000305835830574,0.376290784638,0.00474713028757,5.72009190506e-08,2.14512802935,-4.88394285693,6.01953296025,5.87852900933e-07,0.00310551625153,0.343858644696,0.413665574862,0.00620318362407,9.00423230642e-08,-1.88997691612,2.77007510684,-0.861872477124,3.46368610415,-1.21036512135,5.92153710869e-13,4.32170050375e-07,0.00533750495668,2.19756696437,0.0972135107572,2.93491853581e-06,-0.891515792626,2.98827582967,-0.80545026011,1.27923012893e-05,0.0376428841464,1.3484005472,2.55912267577,0.137183152825,4.82309238758e-06
gradient_zero,0,0.13,0.140000000596,True,50,-0.313296321574,0.557906464361,2.17079743461,-9.80069637694,6.58024511504,2.22166545227e-14,2.04037076424e-08,0.000363720817155,0.397946221053,0.00580530015615,9.3579986818e-08,2.13655416868,-4.85392390405,6.01161372732,7.31308021343e-07,0.0035075806009,0.357477549702,0.438903174494,0.00770200582849,1.49923471976e-07,-1.36314582484,0.329568013027,-0.847381581931,3.48107186084,-1.21417973171,8.70659830353e-13,5.7061984454e-07,0.00633689624433,2.19831881644,0.118367793237,4.87351032945e-06,-0.881057535839,2.99459659519,-0.8207559918,1.60628953885e-05,0.0427698773183,1.37705404553,2.54824735851,0.168792804524,8.14196789161e-06
gradient_zero,0,0.14,0.149999991059,True,50,-0.332098382501,0.540683264347,2.1620161238,-9.76577832424,6.56805626729,3.25874191566e-14,2.69018642604e-08,0.00043257375546,0.420257160967,0.00711448615231,1.5467112564e-07,2.12750687863,-4.82405092502,6.00311784041,9.09110808704e-07,0.0039609137979,0.371399725606,0.464630522033,0.00957903971455,2.52881680896e-07,-3.39823069179,0.456965735613,-0.812716847758,3.44050285746,-1.21959228633,1.27059914066e-12,7.48129321954e-07,0.00745743862971,2.27471192908,0.145769907476,8.0819936314e-06,-0.843453460251,2.94634020292,-0.844155724664,1.99605413573e-05,0.0479749565525,1.38155610118,2.57633946211,0.207515716948,1.35686063137e-05
gradient_zero,0,0.15,0.159999996424,True,50,-0.38126093541,0.567045779074,2.15454309765,-9.73188631979,6.55585326931,4.7628637336e-14,3.53662940815e-08,0.000512869589749,0.443440459635,0.00872069830567,2.55219859446e-07,2.11968509948,-4.79499709999,5.99473061283,1.13051884849e-06,0.00446707973196,0.385108671726,0.490429963736,0.0118523201675,4.2129559825e-07,-4.0176283923,3.18770876675,-0.743801338671,3.45266970387,-1.21160883812,1.85751263744e-12,9.83282240887e-07,0.0088070478021,2.27951354895,0.176006571897,1.32233738338e-05,-0.793332311589,2.96110433467,-0.825434909757,2.49628138225e-05,0.0541060620744,1.38940969408,2.53093096168,0.250557204682,2.23447774379e-05
gradient_zero,0,0.16,0.170000001788,True,50,-0.412450950347,0.604437439682,2.14714009703,-9.69672493016,6.54382409053,6.97376719055e-14,4.65675090782e-08,0.000608714711502,0.465847431946,0.0106346175902,4.19138602315e-07,2.1116402324,-4.76482883833,5.98660914222,1.40836708515e-06,0.00504303503938,0.399187919488,0.515249141266,0.0145901838082,6.99777229654e-07,-4.72398452275,3.76740590988,-0.761776852949,3.53727113522,-1.20179442252,2.7610412354e-12,1.31002236148e-06,0.0105302487576,2.24574659103,0.210695899109,2.14407563316e-05,-0.820734769861,3.04396892438,-0.809665715764,3.14469098838e-05,0.0616420212886,1.41971018342,2.46103721792,0.301344638358,3.66064948499e-05
gradient_zero,0,0.17,0.179999992251,True,50,-0.475740625865,0.642393897271,2.13930756059,-9.66114089708,6.53181738086,1.02849462044e-13,6.15667413112e-08,0.000723474564902,0.488355391455,0.0129346162879,6.84034986079e-07,2.10327040408,-4.7341177215,5.97853729852,1.75945704616e-06,0.00569992015773,0.413502875394,0.539650708095,0.0178792129346,1.15342549525e-06,-5.69941134048,2.81268207403,-0.861387552785,3.5539117476,-1.18626113135,4.0380349583e-12,1.72626746184e-06,0.0124790882225,2.16315359658,0.245966816209,3.3653331455e-05,-0.890362707026,3.07165812092,-0.796555857851,3.92162188539e-05,0.0694711658931,1.42860947912,2.33474448536,0.35341457994,5.82191282343e-05
gradient_zero,0,0.18,0.189999997616,True,50,-0.526439177157,0.660691081163,2.12991234597,-9.62564669521,6.5200988679,1.50498371072e-13,8.1092858315e-08,0.000858296475953,0.509110503877,0.0155539539144,1.09220523141e-06,2.09383297826,-4.70339567591,5.97067802506,2.19269146223e-06,0.00643245835725,0.42776010907,0.561944030973,0.021658475407,1.86415979434e-06,-6.6546679531,3.48820726468,-0.820945136585,3.586978669,-1.1459397831,5.86688040533e-12,2.25037114581e-06,0.0145956432996,2.04474491593,0.284075012567,5.26546911307e-05,-0.848314848465,3.11913061375,-0.760360081431,4.83272029003e-05,0.0773298519318,1.42032841154,2.17184190552,0.409829835159,9.22584128837e-05
gradient_zero,0,0.19,0.199999988079,True,50,-0.608833984927,0.712158042565,2.12288865786,-9.5894013237,6.5088985852,2.20187070151e-13,1.06574164227e-07,0.00101538743089,0.529250289774,0.0186161165392,1.73712880869e-06,2.08630410711,-4.67173510923,5.96333009689,2.72600110417e-06,0.00724651719636,0.441909443625,0.583087546205,0.0260758096378,2.99859375292e-06,-5.61504532461,4.02050479974,-0.68752250419,3.59822059904,-1.19846296356,8.75580550847e-12,2.99362014321e-06,0.017298162011,1.98427218197,0.33386383777,8.40183722036e-05,-0.742383022352,3.12350002481,-0.801223142196,6.07836346191e-05,0.0873693558215,1.42677098751,2.05448953577,0.482276476955,0.000148894485589
gradient_zero,0,0.2,0.209999993443,True,50,-0.638740083649,0.741101177157,2.11616189589,-9.55368228323,6.49612960863,3.25614481241e-13,1.40965261179e-07,0.00120425971617,0.548795947517,0.0222312306698,2.77257267549e-06,2.07898531781,-4.64092567541,5.95465356221,3.40836415461e-06,0.00817984547368,0.45629552882,0.603033821689,0.0313040049461,4.84204950611e-06,-5.40557515101,2.90903002343,-0.738200923079,3.6028305842,-1.23764624472,1.26700794315e-11,3.89622799553e-06,0.0202625625208,1.89851547666,0.38239330814,0.000129830534259,-0.778678680127,3.11144286493,-0.843072134954,7.46854749515e-05,0.0975670488593,1.43098336003,1.91379441366,0.55472061514,0.000233489788434
gradient_zero,0,0.21,0.219999998808,True,50,-0.716945487947,0.770338643033,2.1081246394,-9.51734471202,6.48414566031,4.73588658781e-13,1.84498724138e-07,0.00142063868131,0.567220599307,0.026263982702,4.33373949388e-06,2.07073053351,-4.60950625193,5.94646865419,4.2197106032e-06,0.00919785817355,0.470529110826,0.621363434478,0.0371702219406,7.66838952161e-06,-6.92557187714,3.6736320399,-0.711305684684,3.59491542078,-1.23865007108,1.76026461783e-11,4.89845578576e-06,0.0230703676796,1.76874054565,0.429058574174,0.000197579400958,-0.759823662876,3.08737131808,-0.85712256058,8.96908575982e-05,0.106690124512,1.40971676441,1.74490016473,0.625663766952,0.000359424848809
gradient_zero,0,0.22,0.229999989271,True,50,-0.777251521192,0.814573817955,2.10193578219,-9.48178397481,6.47135660721,6.77667404807e-13,2.38934376894e-07,0.00166566706976,0.58417075843,0.0308124021533,6.72416069465e-06,2.06378884455,-4.57917824905,5.937511111,5.20218130658e-06,0.0103136479639,0.484489864108,0.637931824983,0.0438172802851,1.20305464823e-05,-5.06555650637,1.91344641215,-0.68950400983,3.53674213254,-1.32767169488,2.54318782657e-11,6.36430987562e-06,0.0269194206758,1.62471413627,0.481398783667,0.000301554351394,-0.747810678456,3.01117325373,-0.932980353726,0.000110820512225,0.119053533513,1.39814560405,1.56043132326,0.705672809245,0.000555123842517
gradient_zero,0,0.23,0.239999994636,True,50,-0.818256618074,0.808607571276,2.0943345592,-9.44660986937,6.45759222641,9.82226224095e-13,3.1178492165e-07,0.00195902709483,0.599714882032,0.0358919583753,1.03648265218e-05,2.05577431994,-4.54928278685,5.92780904711,6.4361208477e-06,0.0115789288438,0.498492022906,0.652572060944,0.0512836781255,1.8770866372e-05,-3.00047477894,0.304455187179,-0.741573596025,3.518510731,-1.36750293685,3.65472820481e-11,8.25147260416e-06,0.0314255234108,1.4796088237,0.534373024518,0.00044773334864,-0.787931202134,3.00142490138,-0.975680113694,0.000136334695835,0.132866003342,1.3924289871,1.37239160349,0.783836886109,0.000831156359034
gradient_zero,0,0.24,0.25,True,50,-0.83726101677,0.820662921699,2.08710431027,-9.41141376019,6.44400654847,1.40861304577e-12,4.03963828978e-07,0.00229417753798,0.613762934904,0.0414998626436,1.56788276675e-05,2.04803022051,-4.51914975103,5.91799750873,7.92887522328e-06,0.0129709680308,0.51233844385,0.665379657053,0.0594940180073,2.8653673663e-05,-4.41563883763,3.21110188718,-0.689011169679,3.50242529718,-1.3229394144,5.16912300487e-11,1.0476310039e-05,0.0358037184234,1.34154794439,0.588331833776,0.00066198901228,-0.748819877177,3.00146490306,-0.939703361704,0.000164501119756,0.144925818187,1.34550469528,1.19282608554,0.86317156294,0.00124742368498
gradient_zero,0,0.25,0.259999990463,True,50,-0.906569394827,0.87282960902,2.08055433581,-9.37656136343,6.43113343812,2.01605082507e-12,5.21311122431e-07,0.00267510146329,0.62654584092,0.0476585950509,2.36046067673e-05,2.04079792239,-4.48925348879,5.90901497988,9.72614324282e-06,0.0144774452075,0.525402116812,0.676428582654,0.0685471093843,4.37193400716e-05,-5.98329382556,4.13613089233,-0.690772404429,3.55680708781,-1.3084977198,7.78823969982e-11,1.40307357188e-05,0.0425528775022,1.25242436671,0.65511013731,0.000983629695574,-0.749133791116,3.03674339097,-0.917263790392,0.000206966602266,0.162846667468,1.30659532332,1.04016941174,0.958239600432,0.00188550253311
gradient_zero,0,0.26,0.269999980927,True,50,-0.956926893282,0.903385539546,2.07328886218,-9.34027761844,6.41783659407,2.96626098573e-12,6.84578543355e-07,0.00314523508802,0.638811422238,0.0546020653898,3.53514215789e-05,2.03304754469,-4.45841488321,5.89965223292,1.20682072686e-05,0.0162279013801,0.538470350317,0.686183045288,0.078658810016,6.63637243253e-05,-6.44078542052,5.3067261218,-0.6933299904,3.65821193157,-1.36396965742,1.16298238405e-10,1.87747319155e-05,0.0509195576347,1.1795645372,0.726916093592,0.00144000888257,-0.752765536928,3.10858070835,-0.959526246542,0.000264129465488,0.186321353184,1.29917844,0.90700227252,1.05151983151,0.00275823277565
gradient_zero,0,0.27,0.280000001192,True,50,-1.03538510324,0.978964131456,2.066687736,-9.30339712479,6.40385404497,4.34201559317e-12,8.9680576074e-07,0.00369349261599,0.650137131664,0.0621969169227,5.24047844188e-05,2.02574261166,-4.42708187463,5.88982445495,1.50087325526e-05,0.0182038722712,0.551385685612,0.694568628105,0.0895775060145,9.88839955846e-05,-10.2390234991,5.47589761494,-0.652882502006,3.66415984549,-1.33647585112,1.61256121923e-10,2.34777230044e-05,0.0573644593984,1.02201955509,0.770504042881,0.00206243824579,-0.718663540433,3.13669391003,-0.944556449514,0.000314522669037,0.201240090456,1.25517763472,0.720448895568,1.10780906173,0.00395043369778
gradient_zero,0,0.28,0.289999991655,True,50,-1.16170736326,1.01290349184,2.06023121214,-9.26699442153,6.39110707705,6.19138342419e-12,1.15413300344e-06,0.00429252427599,0.65925181334,0.0700121462475,7.66001864948e-05,2.01867427388,-4.39568100501,5.88076110393,1.83586606493e-05,0.0202527031892,0.563573903011,0.700592023199,0.100814991251,0.000145372398281,-12.3934241441,3.99722112314,-0.673362089858,3.6883318081,-1.30749272035,2.34541278517e-10,3.03782473842e-05,0.0660059908693,0.908625152945,0.821200789197,0.00294227230259,-0.732271249384,3.15892715325,-0.916212414969,0.000379490817073,0.217853591777,1.19791814267,0.561146640563,1.16965970805,0.00565733749685
gradient_zero,0,0.29,0.299999982119,True,50,-1.28325358612,1.05890855392,2.0532204942,-9.22963048863,6.37770419056,9.03284116352e-12,1.50437070842e-06,0.00501361243338,0.668309634723,0.0786209327066,0.000111250230471,2.01109718667,-4.36390333156,5.87150020665,2.2598548894e-05,0.0225609441067,0.575344048466,0.705791560916,0.112970700176,0.000212030745522,-11.373446439,6.6531224795,-0.738051748208,3.63255177694,-1.33118536277,3.28019891569e-10,3.83681325335e-05,0.0750491822488,0.80539929602,0.874757610791,0.0040823599863,-0.783810457455,3.10641803915,-0.92588759677,0.000454291366102,0.235764233435,1.13431569908,0.427302483747,1.23138606119,0.00788429051226
gradient_zero,0,0.3,0.310000002384,True,50,-1.38917629204,1.14596594143,2.04547017718,-9.19434338599,6.3644833698,1.27517812556e-11,1.92149565411e-06,0.00579350792097,0.67535979926,0.0875072984633,0.000158247386221,2.00299806473,-4.33355264422,5.862243352,2.74444879714e-05,0.0249679878579,0.586260216993,0.709138072874,0.125442712474,0.000303058208526,-9.99704214758,6.80697169141,-0.7488658182,3.5960752348,-1.31599161237,4.57641119949e-10,4.80179469442e-05,0.0842525865576,0.645232936782,0.907462357836,0.00560187877694,-0.785313333029,3.09187830403,-0.94257797315,0.000538816848507,0.254094505079,1.0831660727,0.264511155311,1.2658876434,0.0108497606358
gradient_zero,0,0.31,0.319999992847,True,50,-1.48319442907,1.19504798775,2.03824317784,-9.15770898394,6.35138435832,1.81856635625e-11,2.46472964731e-06,0.00669866416453,0.681214293459,0.0967701798634,0.000223287806009,1.99539092001,-4.30206576548,5.85264864719,3.33748858642e-05,0.0276428342083,0.59700736992,0.711081784022,0.138288453044,0.000429025958237,-20.4385501007,12.2763248435,-0.743960353465,3.60096024018,-1.30323482678,6.52073029913e-10,6.13765844011e-05,0.096354871398,0.563160022532,0.951593024617,0.00775282551033,-0.778119076746,3.08285318439,-0.955174329308,0.00065412397816,0.278319703626,1.0235859662,0.153998362895,1.30491032678,0.0148848083537
gradient_zero,0,0.32,0.329999983311,True,50,-1.79794729406,1.3914924383,2.03059097011,-9.12232418119,6.33841867326,2.57932418538e-11,3.14902734214e-06,0.00772060534893,0.686622999711,0.106539158956,0.000313303896427,1.9874356832,-4.27189558053,5.84313986541,4.05269675346e-05,0.0305343819305,0.606731936317,0.712218040132,0.15154091901,0.0006007543756,-32.1611611582,20.8745740498,-0.737697461253,3.56011712698,-1.38569301444,9.51249839908e-10,7.99321732566e-05,0.111727518179,0.463118043686,1.01352714054,0.0107063397801,-0.773390940386,3.0389561854,-1.01859704552,0.000815633611415,0.309930243999,0.96420026611,0.0377500225008,1.35616149512,0.0203412285979
gradient_zero,0,0.33,0.340000003576,True,50,-2.12641765224,1.61253946874,2.02348922861,-9.0865066414,6.32367049803,3.72106603607e-11,4.06337311244e-06,0.00893321452811,0.690476654333,0.117040722674,0.000437414601612,1.9799231012,-4.24128664177,5.83227670628,4.96875580925e-05,0.0338414390883,0.616291375242,0.711836784472,0.165411682946,0.000835850530196,-35.7070526639,23.2925681375,-0.704129412213,3.63127319272,-1.47683234938,1.42662359383e-09,0.00010642683403,0.131812816416,0.364515800763,1.07336520974,0.0145473015368,-0.751893642629,3.10481650085,-1.07511381723,0.00102712763317,0.34962207538,0.91993438999,-0.0742248818971,1.40975465543,0.0274666642133
gradient_zero,0,0.34,0.34999999404,True,50,-2.51208834734,1.85734380105,2.01650838187,-9.04969871733,6.30888202627,5.43257137305e-11,5.27756402274e-06,0.0103568616773,0.693913315726,0.12800646315,0.000604249927163,1.97239781034,-4.20979925052,5.82163758906,6.10695201979e-05,0.0375268234381,0.625130624116,0.710733542494,0.179736012119,0.00115008765987,-30.7965093315,18.7379839831,-0.730317861306,3.61167365281,-1.42832098587,2.00675032675e-09,0.000133716704423,0.147473538976,0.266033311545,1.08325527605,0.0190651694771,-0.772895026217,3.09396652709,-1.02715101195,0.00121910584715,0.37204925477,0.830374798123,-0.174145845527,1.40957887393,0.0358183172925
gradient_zero,0,0.35,0.359999984503,True,50,-2.74234783887,1.98729914841,2.00888287139,-9.01427316834,6.29510407831,7.73456668957e-11,6.7377072009e-06,0.0118826853076,0.695797320563,0.138705828195,0.000818717991155,1.96446520068,-4.17940731123,5.81173368604,7.40696750355e-05,0.0412824241837,0.632898871204,0.708353867562,0.193603260424,0.00155221687605,-20.3249682799,12.5582870766,-0.779625032632,3.59956503549,-1.36632405282,2.79081895765e-09,0.00016610157064,0.163469092121,0.174836869691,1.08273727809,0.0246615401332,-0.807840648631,3.09465501689,-0.983629479221,0.00143963847692,0.393448269942,0.742757448673,-0.26838658806,1.39227284318,0.0464062104621
gradient_zero,0,0.36,0.370000004768,True,50,-2.91858771293,2.10850954259,2.00091588121,-8.97770741662,6.28155554522,1.10142092883e-10,8.59959543553e-06,0.0136262435197,0.69741005312,0.149661208712,0.00109748072983,1.95624099737,-4.14790615018,5.80196499948,8.98622897364e-05,0.0453957888369,0.63998577309,0.705365810733,0.207581468982,0.00207821186911,-17.3504079493,11.7151661442,-0.717471928557,3.60878802297,-1.30357599468,3.84581393511e-09,0.000205004054377,0.18064888167,0.121312323811,1.10607232635,0.0319675920737,-0.76604939801,3.0918274954,-0.924259029427,0.00168507781419,0.416811864236,0.649507919962,-0.339784396946,1.39478119762,0.0597093754122
gradient_zero,0,0.37,0.379999995232,True,50,-3.08935599785,2.22160247129,1.99453343282,-8.94209740788,6.26903255842,1.54261945598e-10,1.08377882885e-05,0.015495662941,0.69822356704,0.160827274722,0.00145806983263,1.94914421272,-4.11757076132,5.79324850545,0.000107771231319,0.0496186614684,0.645889029603,0.701558179623,0.221498884377,0.00274640438429,-5.23587970707,1.79244943542,-0.644286645351,3.58431237627,-1.28695957463,5.35583546897e-09,0.000255276771714,0.200663242357,0.0454912332487,1.13656476034,0.0412932844598,-0.712206965434,3.04948951665,-0.901691194421,0.00199640256223,0.443680405027,0.559458017527,-0.420765712486,1.39989473733,0.0762984711257
gradient_zero,0,0.38,0.389999985695,True,50,-3.02330530707,2.14435853129,1.98803014831,-8.9060211691,6.25581635372,2.17258802263e-10,1.37051308698e-05,0.0176395083668,0.698319877785,0.172392503919,0.00192334641902,1.94199685806,-4.08691635985,5.78393117559,0.000129790340981,0.0542693969374,0.65117493344,0.696950496483,0.235579363729,0.00360418129162,-6.9103473891,1.75822671078,-0.727249240148,3.65845979445,-1.32072410893,7.71935887858e-09,0.000329152029701,0.230644644917,-0.0215751232112,1.15420580428,0.0524298617431,-0.77882552324,3.10405482701,-0.934686665693,0.00244289366274,0.486400656141,0.492212046279,-0.491559511914,1.3916066232,0.096097592924
gradient_zero,0,0.39,0.399999976158,True,50,-3.22756294563,2.25676700551,1.97998844801,-8.86892821199,6.24261807624,3.0864912317e-10,1.74208288825e-05,0.0201085558394,0.697792064575,0.183911390808,0.00250666706749,1.93356770225,-4.05548966478,5.77455477213,0.000156629104574,0.0593466745913,0.655733270529,0.691726989384,0.249331016841,0.00466835624277,-11.1282470517,6.67163989233,-0.822963072655,3.71850639726,-1.32193516274,1.11497529607e-08,0.000423237412849,0.263011159657,-0.0667203436994,1.14277638387,0.0649610762474,-0.864174160339,3.158432339,-0.952457366214,0.00297214243035,0.528512831307,0.41548587177,-0.538466598005,1.34617478349,0.118056224859
gradient_zero,0,0.4,0.409999996424,True,50,-3.24587024811,2.27779132914,1.97157088685,-8.83165104115,6.22937765047,4.40253861477e-10,2.21698791268e-05,0.02289973156,0.696985470911,0.195248031596,0.00322256794397,1.92471337485,-4.02374771307,5.76488202827,0.000189233189588,0.0648396535636,0.659484650876,0.686181164523,0.262502859399,0.0059653057888,4.13467778883,-4.30950001577,-0.799401897726,3.66765933608,-1.33903737015,1.55913104797e-08,0.000527647078174,0.291393588617,-0.105053608627,1.11808263514,0.0780037090362,-0.844886778825,3.13630094945,-0.973288465685,0.00351138696077,0.56081037235,0.336911749441,-0.56839571445,1.28192505743,0.14110486308
gradient_zero,0,0.41,0.419999986887,True,50,-3.14486938986,2.17057700519,1.96400041006,-8.79557502527,6.21583732884,6.20475332763e-10,2.79737704459e-05,0.0259364276117,0.695690992403,0.20627304351,0.00406674124821,1.91666996667,-3.99276364579,5.75508900282,0.00022685684379,0.0705628820383,0.662471505518,0.680359075095,0.27496951799,0.00749045350437,-0.719458389336,-1.5604359225,-0.750476088058,3.62075186585,-1.32819314616,2.17255967085e-08,0.000654137890431,0.320095418914,-0.174841862938,1.08533869986,0.0930281518233,-0.795908052833,3.09100662785,-0.966189466835,0.00411871404897,0.588545475837,0.257043621861,-0.613256115874,1.21939306858,0.167080140779
gradient_zero,0,0.42,0.42999997735,True,50,-3.2602594159,2.24658261069,1.95656136509,-8.75923600383,6.20281378755,8.74765795646e-10,3.52526369354e-05,0.0293016399382,0.693488633652,0.216954805594,0.00508313098044,1.9087952138,-3.96192758051,5.74555823893,0.000271607470567,0.0766105630803,0.664625523313,0.673916042205,0.28689072077,0.00930690860439,-12.9684550639,8.08177902047,-0.751138855181,3.58640441804,-1.251815524,2.92585881327e-08,0.000786315802822,0.343220707425,-0.24922485014,1.03898233255,0.10972786589,-0.794304867755,3.0491061607,-0.912538782743,0.00465643691081,0.602146803443,0.190630028522,-0.662153485416,1.15148079666,0.195998807044
gradient_zero,0,0.43,0.439999997616,True,50,-3.40423849114,2.3322125856,1.94897763296,-8.72384693691,6.19080101836,1.20564709542e-09,4.37000865024e-05,0.0328008417602,0.6907064954,0.227052690161,0.00626129856602,1.90078386932,-3.93178152258,5.73683822717,0.000319985582006,0.0826058181071,0.666284106088,0.667116005387,0.297999133923,0.0114104296452,-5.36259158728,2.17453335563,-0.72163605055,3.51075065749,-1.34156843112,4.09075000939e-08,0.000977885914506,0.379207750658,-0.290662928525,1.02769022555,0.128857536357,-0.770376608879,3.01405316438,-0.969652814413,0.00551393417768,0.641344940899,0.120488559169,-0.690928136677,1.10423188857,0.227928026472
gradient_zero,0,0.44,0.449999988079,True,50,-3.36751124764,2.2900732778,1.94212864408,-8.68902099068,6.17598241892,1.69291579752e-09,5.48103552256e-05,0.0368857949514,0.687675375081,0.237508610105,0.00766028170757,1.89338768162,-3.90164651722,5.72616518264,0.000381886154121,0.0894374618983,0.667035294496,0.660097479472,0.308975358541,0.0138654691338,6.072925099,-5.51574702487,-0.68748127769,3.49452109214,-1.44756255362,5.82615072727e-08,0.00124170688825,0.426886514873,-0.318519578782,1.025111665,0.152409593852,-0.741419076669,3.02231172403,-1.04014012958,0.00673605053312,0.697743644438,0.03906563223,-0.712337837084,1.06344738076,0.264923764184
gradient_zero,0,0.45,0.459999978542,True,50,-3.28277998916,2.2218976451,1.9352280074,-8.65395651507,6.16184976728,2.37087724087e-09,6.85342242674e-05,0.0413385720577,0.684336103825,0.247554923461,0.00930949044307,1.88595548779,-3.8713352881,5.71603542457,0.000454706592668,0.0965606909959,0.667065418733,0.652869248645,0.319268081538,0.0167089049289,4.09627057955,-3.53567636337,-0.74061025249,3.53831884959,-1.36111052537,8.16269543496e-08,0.00154442734189,0.468647577323,-0.358296778485,0.997568120433,0.175405469,-0.783747210536,3.03823081448,-0.961971252576,0.00792907496605,0.726907886736,-0.0462534339688,-0.741905617125,1.01110964492,0.301739245808
gradient_zero,0,0.46,0.469999998808,True,50,-3.28558583605,2.21935975054,1.92731643903,-8.61825461369,6.14876020842,3.32545488452e-09,8.56989020633e-05,0.0462587464979,0.680509439512,0.257459972513,0.0111683910876,1.87771273741,-3.84088190093,5.70692575759,0.000540467653442,0.103975619633,0.666110225817,0.645259367129,0.32919755144,0.01990025405,-0.317581838224,-0.107328236559,-0.773704784416,3.58574497069,-1.29718859773,1.13216426033e-07,0.00190128027736,0.510357710169,-0.372422051275,0.971680041961,0.198486530479,-0.816938796605,3.0749040463,-0.904799875165,0.00912787741969,0.749948238833,-0.109083161881,-0.752006898658,0.95471891969,0.33762035661
gradient_zero,0,0.47,0.479999989271,True,50,-3.28913162592,2.21975108037,1.91975391171,-8.58224161565,6.13590599533,4.63520576153e-09,0.000106559829815,0.051545726261,0.676887662799,0.266988524301,0.0132792210526,1.86961671185,-3.80983720717,5.69793942707,0.000637264141062,0.111559655773,0.664883755495,0.637829110672,0.338362459932,0.0234613120611,-8.38975289793,6.45459929582,-0.758162550446,3.52152374796,-1.3082816623,1.5019426965e-07,0.00225281460584,0.540372510839,-0.400465664515,0.918650582621,0.221284459791,-0.803636239867,3.04042980604,-0.916736987979,0.0102590655956,0.765047996488,-0.141099334654,-0.757045371661,0.877358431093,0.370217478714
gradient_zero,0,0.48,0.489999979734,True,50,-3.45338089401,2.34845173645,1.91215318802,-8.54782413873,6.12259457517,6.32934027751e-09,0.00013075519418,0.0570661967146,0.672500126221,0.275832984166,0.0155940802834,1.86164001261,-3.78007330481,5.68859101783,0.000745648965355,0.119276579563,0.663288239124,0.630118459696,0.346744720062,0.0273046036243,-23.3831269769,14.7335222172,-0.769919990402,3.50541785837,-1.2519236547,2.000791367e-07,0.00267777412257,0.572652526743,-0.445098629308,0.865108711226,0.245289106997,-0.813624759026,3.03703347789,-0.86677471277,0.0116123288342,0.780165627,-0.185923620051,-0.77421416022,0.806677149534,0.404797990121
gradient_zero,0,0.49,0.5,True,50,-3.75679416546,2.51442152471,1.90435551191,-8.51213325849,6.11086752223,8.63678849552e-09,0.000160115312266,0.0629987767959,0.667985690213,0.284290698525,0.0181850031926,1.85334421667,-3.74909653761,5.68060393282,0.000869510717745,0.127162968313,0.661165283094,0.622344827468,0.354496002922,0.0315572718635,-51.1133854333,29.9678673571,-0.767853021325,3.58313488971,-1.22313286994,2.7209660189e-07,0.00326467493946,0.622795367997,-0.463025078471,0.828199211227,0.271319183423,-0.819681257646,3.12151147782,-0.845965023296,0.0134196537625,0.814444683974,-0.239101030296,-0.778203706148,0.745626953574,0.442753729107
gradient_zero,0,0.5,0.509999990463,False,50,-4.47564860267,2.94780908359,1.8967961276,-8.47616144094,6.09813191777,1.17712723153e-08,0.000196048692969,0.0695221040746,0.663239624652,0.29239696839,0.0210204639518,1.84524638746,-3.71764307526,5.67167171737,0.0010140420406,0.135565473242,0.658506218518,0.614554385573,0.361657259133,0.0361596782064,-71.8854437217,43.338755888,-0.755938430953,3.59718175467,-1.27356044631,3.13448381978e-07,0.00359333807034,0.652332727868,-0.474606556081,0.810626986499,0.283546075925,-0.809782921345,3.1453462359,-0.893221544935,0.0144531322859,0.840250492975,-0.265906457623,-0.779044189459,0.716125621082,0.460240634287
gradient_zero,1,0,0.00999999977648,True,50,-0.152999072278,0.440621535831,2.28136134749,-10.2483660149,6.73293978416,2.24095737369e-16,6.99644548559e-10,4.06063778734e-05,0.197011400559,0.000746213697338,9.13662692376e-10,2.2519231325,-5.23673390783,6.11410284353,6.06355243879e-08,0.000822595962378,0.207505925433,0.19704768742,0.000746752397568,9.15768059662e-10,-4.40410575476,5.89377602203,-0.736902088175,4.09943579249,-1.31115321639,9.3967484329e-15,2.13022247354e-08,0.000812684988779,-0.272592636535,-0.00214906972386,-4.34112499221e-09,-0.87125987096,3.37472246607,-0.868352004139,1.1285791391e-06,0.00945116990388,1.05387816526,-0.127878382441,-0.000979100952809,-1.88239578227e-09
gradient_zero,1,0.01,0.019999999553,True,50,-0.197040129826,0.499559296052,2.27399232661,-10.207371657,6.71982825199,3.18063221698e-16,9.12666795912e-10,4.87332277612e-05,0.194285474194,0.0007247230001,8.70251442454e-10,2.24321053379,-5.20298668316,6.10541932349,7.19213157789e-08,0.000917107661416,0.218044707086,0.195768903595,0.00073696138804,8.96944101839e-10,-1.00418003385,0.870144578208,-0.789080907912,3.63665551358,-1.14898642804,9.82759251439e-15,2.14016939899e-08,0.000784051481423,0.072932024898,0.000748719141859,2.11497834377e-09,-0.856636271223,3.06299223538,-0.748449475203,1.11434022989e-06,0.00899403108357,0.962713828843,0.26299775339,0.00242610692095,6.08014107241e-09
gradient_zero,1,0.02,0.0299999993294,True,50,-0.173082672955,0.458024427395,2.26557972933,-10.1756329047,6.70996005559,4.20647587657e-16,1.12767842836e-09,5.62874075018e-05,0.198470041057,0.000761188080176,9.55962259252e-10,2.23479040708,-5.17547406312,6.09913385402,8.29223289856e-08,0.00100247658405,0.22676020201,0.202307642487,0.000795274535987,1.03737088111e-09,1.4692270095,-2.868438981,-0.810155489081,3.22543678307,-1.19621081932,1.3388427314e-14,2.65293415396e-08,0.000882372436121,0.699651650978,0.00649588608836,1.66120597844e-08,-0.820710176435,2.7682404674,-0.821190161777,1.34469631268e-06,0.00991581610743,0.958090336359,0.945016665425,0.00897535257591,2.36090447419e-08
gradient_zero,1,0.03,0.0399999991059,True,50,-0.167655589636,0.442190516431,2.25778921683,-10.1428629213,6.6959040356,5.85831767979e-16,1.4432536267e-09,6.63806764836e-05,0.208278507213,0.000854640721867,1.20249263814e-09,2.22679633026,-5.14762187382,6.08899552025,9.88152420325e-08,0.00111542398356,0.237206513813,0.214669236904,0.000916468439558,1.36912499668e-09,0.277783234786,-0.432804344795,-0.880792393539,3.30177477929,-1.3811957056,2.06358141644e-14,3.71391944795e-08,0.00112224434801,1.23032618688,0.0125631108751,3.70595715903e-08,-0.908302788505,2.83407108556,-0.985233578046,1.8357233992e-06,0.0123277215575,1.07434640544,1.50334500909,0.0159649696975,4.94841299519e-08
gradient_zero,1,0.04,0.0499999970198,True,50,-0.167527008259,0.4493683405,2.24796388146,-10.1095974091,6.68233614148,8.33363870945e-16,1.87046231795e-09,7.8732294462e-05,0.223076564794,0.00101245029768,1.69715369106e-09,2.21662435131,-5.11879264141,6.07942918246,1.1963679697e-07,0.0012490310152,0.248247130119,0.232374542669,0.00111457392994,2.02705348015e-09,0.0198190582685,0.184246293386,-1.03319534348,3.28854594658,-1.23211926458,2.89807153081e-14,4.74908607675e-08,0.00130711378305,1.48244889703,0.0171526173694,6.13323487998e-08,-1.0472263299,2.84238128425,-0.860322313615,2.20582271934e-06,0.0135887057989,1.07676443675,1.773394521,0.0217178640225,8.31892624693e-08
gradient_zero,1,0.05,0.0599999986589,True,50,-0.167259208471,0.445875442299,2.23712530996,-10.0770920024,6.67126165031,1.16544607414e-15,2.39307084205e-09,9.25229521446e-05,0.237927485154,0.00119769306925,2.42913961414e-09,2.20585180366,-5.09077424813,6.07178907398,1.42931696419e-07,0.00138719809954,0.258741802548,0.250137127324,0.00135082572001,3.03291024606e-09,-1.21164038519,0.96416081375,-0.952111895484,3.50396025991,-1.08002671858,4.37426227896e-14,6.45321248017e-08,0.00160099968768,1.63872973841,0.0218564686518,9.77021468751e-08,-0.970999316386,2.98823535757,-0.732787095458,2.76290683471e-06,0.0154712946857,1.10699233097,1.93895080789,0.027966152422,1.36792504158e-07
gradient_zero,1,0.06,0.070000000298,True,50,-0.191759815963,0.468651556775,2.22892164355,-10.0395182039,6.66073560711,1.70821632674e-15,3.16110481398e-09,0.000110752288216,0.255851159563,0.00144957967071,3.65119662856e-09,2.19720436498,-5.05902793426,6.06477344055,1.74894933664e-07,0.00155845690891,0.270386976738,0.271153558827,0.00167389697838,4.7629035633e-09,-1.98144918585,1.56919311132,-0.825039563592,3.58974001083,-1.03499858983,6.34411064355e-14,8.48855537759e-08,0.00191184103626,1.79604588909,0.027526105279,1.54956296101e-07,-0.86971642723,3.06206489188,-0.664315292689,3.44041672613e-06,0.017579719995,1.13768696472,2.10951082289,0.0356169177673,2.2304869616e-07
gradient_zero,1,0.07,0.0799999982119,True,50,-0.206888192187,0.477259304526,2.22062451869,-10.0052972022,6.65056167852,2.43426820285e-15,4.09078191757e-09,0.00013075977287,0.273848402935,0.00174821517484,5.52826553615e-09,2.18845747512,-5.02953295029,6.05850276812,2.11740030942e-07,0.00173879249944,0.281495541843,0.292327343782,0.00206316407535,7.49388416926e-09,-0.658162185549,0.0592361594384,-0.855973236272,3.40884955038,-0.993830009164,8.65794814152e-14,1.05109128873e-07,0.0021524449719,1.75906586652,0.0320253918377,2.35026409017e-07,-0.880992149749,2.94139926912,-0.634906500911,4.02214658493e-06,0.0189212913862,1.12212504863,2.09356719694,0.0425902384107,3.50792765808e-07
gradient_zero,1,0.08,0.0899999961257,True,50,-0.204923059674,0.469836279963,2.21180217883,-9.97134121286,6.64085900693,3.43980595504e-15,5.26328739144e-09,0.000153801187654,0.291032476893,0.00209008750747,8.3517248089e-09,2.17958452198,-5.00019994887,6.05207531054,2.55337865362e-07,0.00193688273664,0.292829477711,0.313024902766,0.00252570174659,1.17787588795e-08,0.659403588153,-0.890431766364,-0.901945561076,3.42349319817,-1.05275411376,1.26235521253e-13,1.39017428575e-07,0.00258612261138,1.84913660452,0.0399029908087,3.82832299168e-07,-0.907242780131,2.96938057724,-0.711232654081,5.08143069762e-06,0.0219337113288,1.18949754705,2.20515807984,0.0539819728224,5.85720128761e-07
gradient_zero,1,0.09,0.0999999940395,True,50,-0.193700120424,0.459450669198,2.20258560747,-9.93682733823,6.62950659624,4.95897862791e-15,6.87113048908e-09,0.000182482225097,0.310831135026,0.00254627499101,1.31849115195e-08,2.17031261952,-4.97014533875,6.04427811504,3.13368644894e-07,0.00217746672602,0.305285492784,0.336430505378,0.0031428035318,1.92082867445e-08,-0.770106989234,-0.342757171791,-0.88162411701,3.44221118349,-1.13410557669,1.89514419481e-13,1.88175011296e-07,0.00315734835499,2.05201291242,0.0516030992069,6.39600032313e-07,-0.908730856023,2.96479116851,-0.761978094276,6.51748264985e-06,0.0255483039078,1.2455341916,2.42216745738,0.0703859901554,9.98504938531e-07
gradient_zero,1,0.1,0.109999999404,True,50,-0.220325199459,0.462981136527,2.19416969649,-9.90249698919,6.61817689539,7.23009434465e-15,9.02678761737e-09,0.000216948154753,0.332072735141,0.00312214949161,2.11437254552e-08,2.16140990486,-4.9409041255,6.03683574865,3.85687518359e-07,0.00244784881479,0.317740161543,0.361468251914,0.0039334215497,3.17488576501e-08,-2.39479826878,0.487764865892,-0.824108747276,3.38417844015,-1.13056524418,2.78760153419e-13,2.48077743035e-07,0.00373462212734,2.1898833952,0.0656959303767,1.0795200956e-06,-0.865049194054,2.89232551756,-0.745134863525,8.09239583811e-06,0.0286502176996,1.2484710321,2.55858002877,0.0900991610322,1.70693706304e-06
gradient_zero,1,0.11,0.119999997318,True,50,-0.2415960858,0.469205966516,2.18610343252,-9.86914376943,6.60689529136,1.05341816963e-14,1.18326853498e-08,0.000257174667644,0.35462880293,0.00386019359854,3.47753134316e-08,2.15301163564,-4.9122988284,6.02937541777,4.75216561656e-07,0.00275047108001,0.330254913426,0.387602105954,0.00494478675245,5.33470280054e-08,-2.87500824083,1.90361439183,-0.828057345602,3.42300652532,-1.12737327453,4.09263753082e-13,3.27896626527e-07,0.00445148876878,2.28236781448,0.0819242085714,1.81262713637e-06,-0.852510871259,2.94661347419,-0.74848780615,1.01483082805e-05,0.0326736812085,1.28828747093,2.62472192654,0.112783224112,2.89844114384e-06
gradient_zero,1,0.12,0.129999995232,True,50,-0.277825364276,0.501053424364,2.17760854958,-9.83403685869,6.5956294299,1.54153694063e-14,1.55847201479e-08,0.000305977930129,0.377720091431,0.00476063366303,5.73962681825e-08,2.14435968744,-4.88197185602,6.02186599253,5.8865368397e-07,0.00310132243896,0.343505910962,0.413962690444,0.00618908603193,8.97176805268e-08,-2.0312648533,1.96121140282,-0.842820245522,3.4304511623,-1.16876216717,5.83788190139e-13,4.25502751296e-07,0.00525182744536,2.2534515375,0.0973813307233,2.90818835566e-06,-0.86354097918,2.96732685011,-0.785024488395,1.25748963923e-05,0.0370147787655,1.32770997127,2.57255884588,0.13514803053,4.70814131778e-06
gradient_zero,1,0.13,0.140000000596,True,50,-0.282221382866,0.508430194573,2.16924702761,-9.80053474618,6.58352004801,2.22099454991e-14,2.03427403757e-08,0.000362211216551,0.39969783368,0.00580782021301,9.29390805448e-08,2.13574081605,-4.8529522914,6.013674928,7.26714489503e-07,0.00349076665532,0.356809112851,0.439053282871,0.00764774736305,1.47509854361e-07,-1.46929231414,1.22397861809,-0.824599607125,3.35114856513,-1.13339465863,7.98460718631e-13,5.29535976507e-07,0.00594609381788,2.16568408223,0.114759026106,4.62965946361e-06,-0.858023162108,2.90226981367,-0.758607071927,1.49674298973e-05,0.0402668730644,1.31048903165,2.4929601274,0.1620238614,7.63247643129e-06
gradient_zero,1,0.14,0.149999991059,True,50,-0.307211210558,0.525532996726,2.16111655743,-9.76701388738,6.57296153673,3.13845837789e-14,2.6175439678e-08,0.000424899806487,0.421033773076,0.00705581418514,1.49989457455e-07,2.1271992242,-4.82392645975,6.00669385109,8.88002281915e-07,0.00390665990025,0.369715691595,0.463821892992,0.00942956325994,2.42367209153e-07,-3.84194657047,2.76302673181,-0.765220209195,3.48732129188,-1.10136458897,1.1828060147e-12,7.05958834833e-07,0.00713870336678,2.17314978498,0.138839015036,7.57056145907e-06,-0.813338266092,3.00967903827,-0.7366714573,1.8800345099e-05,0.0459589798447,1.34897075332,2.4969053583,0.199711973224,1.27983302321e-05
gradient_zero,1,0.15,0.159999996424,True,50,-0.359060314275,0.563690729209,2.15394262343,-9.73078832034,6.56149275624,4.58660657931e-14,3.44619170724e-08,0.000504985283887,0.44316082938,0.00858460051373,2.44350309726e-07,2.11947405073,-4.79275871063,5.99894149886,1.10272139148e-06,0.00440994625222,0.383788527917,0.488991390037,0.0116419868275,4.03476459003e-07,-4.48136078847,3.66071583445,-0.782986129154,3.60042709599,-1.12466884242,1.79044963153e-12,9.61248185817e-07,0.00873276800468,2.19370689003,0.168443276121,1.24737493836e-05,-0.83897711081,3.10104858288,-0.742275132609,2.41347441468e-05,0.0532406554671,1.39708006146,2.47898309146,0.243540268438,2.13161134684e-05
gradient_zero,1,0.16,0.170000001788,True,50,-0.396838426328,0.598747313415,2.14545683485,-9.69500534546,6.55046815988,6.71935764095e-14,4.54004033944e-08,0.00059955516658,0.464907910876,0.0104246797076,3.99464445126e-07,2.11041968198,-4.76190548809,5.99184834844,1.37069716485e-06,0.0049714730096,0.397657292824,0.513401554822,0.0143003686287,6.6868947852e-07,-4.08840842826,1.78599906053,-0.784773988953,3.59593882448,-1.15690188348,2.63218663154e-12,1.27202422163e-06,0.0103898450338,2.13906015136,0.199132527743,1.9818983903e-05,-0.847559386735,3.08577326969,-0.758915037854,3.02883600907e-05,0.0603444267638,1.41124544797,2.39899458513,0.290262892597,3.44584232155e-05
gradient_zero,1,0.17,0.179999992251,True,50,-0.440828482841,0.599410710419,2.13824714365,-9.65886954385,6.53835471857,9.85097984239e-14,5.99024015049e-08,0.000712782184562,0.485942032407,0.0125672510686,6.40729987786e-07,2.102522863,-4.73104324524,5.9837631981,1.7084885933e-06,0.00561683478749,0.412013436877,0.53697128174,0.0174472446795,1.09264492331e-06,-4.42708098496,1.71456074542,-0.733986219825,3.55012249362,-1.23476598703,3.80624279104e-12,1.65514964609e-06,0.0121719306224,2.11292961101,0.23210232577,3.09302365999e-05,-0.793496032766,3.04270073805,-0.841286413814,3.73860942324e-05,0.0677662911497,1.43215654703,2.30748660355,0.338540642181,5.42898071202e-05
gradient_zero,1,0.18,0.189999997616,True,50,-0.485380046027,0.633038528323,2.13077711045,-9.62400289559,6.52577284014,1.4331843223e-13,7.85033963162e-08,0.000842993779029,0.507166503096,0.015066726223,1.01806917712e-06,2.09454976132,-4.70105147333,5.97502262016,2.1184190495e-06,0.00632679883259,0.426300423764,0.559551286892,0.0210711814723,1.75448562092e-06,-5.04217332167,2.09323982887,-0.775678541898,3.46888072523,-1.30271345073,5.47425172326e-12,2.14086964885e-06,0.0141537013505,2.03910226713,0.27085104204,4.892110194e-05,-0.820200533776,2.9833789165,-0.914521973373,4.59459310444e-05,0.0754842481068,1.44079049126,2.17062634236,0.394490694438,8.6296515074e-05
gradient_zero,1,0.19,0.199999988079,True,50,-0.541671949274,0.641275506997,2.12273357281,-9.58949192935,6.51230044955,2.07994832889e-13,1.02719794482e-07,0.000995856211572,0.526724077749,0.0179842719094,1.61915202659e-06,2.08611885232,-4.67137566691,5.96547275863,2.62740721419e-06,0.00712651974963,0.440829246702,0.580383808587,0.0253370585682,2.81857522479e-06,-4.79947113931,1.36459731417,-0.803538127037,3.52163768136,-1.3850348205,8.15756649557e-12,2.86913744049e-06,0.0170388029292,1.94867568857,0.318332687182,7.8346779826e-05,-0.845209281586,3.02594931262,-0.991178304425,5.89841906978e-05,0.0873349880318,1.48570657039,2.056378579,0.467268365792,0.000139920360203
gradient_zero,1,0.2,0.209999993443,True,50,-0.581369468813,0.660330474607,2.11470634791,-9.55357014196,6.49807214373,3.06469762142e-13,1.35886145126e-07,0.00118376983761,0.546140016868,0.0214333799666,2.58500477364e-06,2.07764557569,-4.64053248707,5.95519905407,3.29810286346e-06,0.00807349859323,0.456014555172,0.600678858473,0.0304165487882,4.55289282498e-06,-4.3529038633,2.75247133313,-0.79329728413,3.54380738308,-1.32152371839,1.17354813093e-11,3.71004588564e-06,0.0197813838203,1.83893897495,0.361173405734,0.00011998264651,-0.830491821808,3.02735238887,-0.939200797495,7.13463771252e-05,0.0958129934777,1.45281648381,1.90408653985,0.533635502707,0.000216823436549
gradient_zero,1,0.21,0.219999998808,True,50,-0.62873002654,0.696324933659,2.10686762713,-9.51861578169,6.48586997518,4.42704459076e-13,1.76920712195e-07,0.00139148388798,0.563502857248,0.0252077400241,4.01880495679e-06,2.06950901588,-4.61082861913,5.94668874268,4.05433475669e-06,0.00904277961918,0.469885576378,0.618465539384,0.0360097686224,7.15504395576e-06,-5.03132663324,3.30482987071,-0.777792304074,3.51195407423,-1.29982872658,1.71536650705e-11,4.83425899905e-06,0.0229617931666,1.72835049997,0.410413469285,0.000184555523462,-0.813707209951,2.99073945167,-0.904394421213,8.76116751242e-05,0.105431699036,1.40709090293,1.72946133494,0.604693483639,0.000334464188714
gradient_zero,1,0.22,0.229999989271,True,50,-0.681996001478,0.726427072021,2.09915050183,-9.48333106048,6.4720755692,6.49543063551e-13,2.32571325107e-07,0.00164300570094,0.580707026867,0.0296416493523,6.27611524288e-06,2.06137143149,-4.58071769804,5.93711116565,5.05033636594e-06,0.0101821325739,0.484156373231,0.635268085171,0.042510418461,1.12421765993e-05,-4.17299032316,1.75803349367,-0.782671246172,3.54024984279,-1.39950235032,2.56755484547e-11,6.47246651258e-06,0.027497158196,1.68327451027,0.473872015695,0.000287975324089,-0.826731901707,3.01493751958,-0.985968285799,0.000112181332157,0.121477216503,1.43154354552,1.60856117312,0.695993551282,0.000525541750631
gradient_zero,1,0.23,0.239999994636,True,50,-0.712189833003,0.731485603533,2.0912142022,-9.44781078483,6.45787992818,9.56215428171e-13,3.06370042446e-07,0.0019414270519,0.597168347454,0.034685180338,9.77831143858e-06,2.05297437785,-4.55052986874,5.92696937697,6.29796139983e-06,0.0114723239492,0.498516447288,0.650636762846,0.049929639648,1.76658789684e-05,-3.80022997368,1.97203737087,-0.741356416477,3.56112908024,-1.4191138191,3.72056772562e-11,8.4323126394e-06,0.0321627362252,1.57412631552,0.532578911857,0.000440381424924,-0.801381061159,3.02292583518,-1.01634347069,0.000139555920467,0.136222553059,1.42446946908,1.44138792561,0.782608079841,0.000808599845709
gradient_zero,1,0.24,0.25,True,50,-0.758000600952,0.765867819438,2.0843233735,-9.41210847888,6.44369329282,1.39365660868e-12,4.01217577895e-07,0.00228626042545,0.612189553178,0.0402932275894,1.50837437414e-05,2.04534381027,-4.52025918134,5.91678429623,7.84145477527e-06,0.0129065836351,0.512645762612,0.664095843684,0.0581625800578,2.74141735134e-05,-6.21258597536,5.3939724531,-0.655715732872,3.56772794217,-1.41587279683,5.36247470642e-11,1.08770394302e-05,0.0371477939651,1.43319932644,0.587818830323,0.000651591037977,-0.726487710507,3.01311435334,-1.02384203954,0.000170919923567,0.150381761634,1.39333621358,1.26244426,0.864537568727,0.00120401406432
gradient_zero,1,0.25,0.259999990463,True,50,-0.83644155251,0.839365052595,2.07809988755,-9.37645622599,6.42956247224,2.02871036945e-12,5.23910831051e-07,0.0026843829312,0.625832333983,0.0464415569444,2.28101321981e-05,2.03844462364,-4.49026758167,5.90649253618,9.71635987117e-06,0.0144799591819,0.52638317156,0.675885648046,0.0672203910225,4.17461602547e-05,-5.68351061901,4.43067283646,-0.712968831557,3.53830535315,-1.3963765176,7.67738481305e-11,1.39544528486e-05,0.0426869953986,1.30436396407,0.646572856331,0.000958930812462,-0.770400924311,2.98112552177,-1.00429085037,0.000206766426312,0.164120482945,1.33981796214,1.09462615202,0.944463648542,0.00176724766548
gradient_zero,1,0.26,0.269999980927,True,50,-0.871670813332,0.854481276167,2.07006399687,-9.34134237181,6.41576576247,2.92913357129e-12,6.80306634867e-07,0.00314000033342,0.638276832459,0.0532246847161,3.42623599906e-05,2.02993579178,-4.4606366709,5.89669847923,1.19767833015e-05,0.016188993294,0.539442121855,0.685988366724,0.0770518530286,6.27591268231e-05,-4.17691748589,2.63695990288,-0.700794590869,3.51611057981,-1.38162248483,1.10824187249e-10,1.80625361377e-05,0.0493786611188,1.16950997996,0.71556980907,0.00143211028304,-0.757280404468,2.96755426434,-0.972796553732,0.000254279964588,0.1811254146,1.28051589982,0.91272210174,1.03247357125,0.00263072693969
gradient_zero,1,0.27,0.280000001192,True,50,-0.919979902228,0.892104250652,2.06408399573,-9.30613401439,6.40193002254,4.24519411444e-12,8.85161553805e-07,0.00367195615358,0.649222533582,0.0607529531258,5.14523378589e-05,2.02329901555,-4.43091649638,5.8870366051,1.48019591629e-05,0.0181024674739,0.551993489556,0.694140090081,0.0878698624476,9.43606990484e-05,-9.40244244995,4.91842268526,-0.656722314834,3.51465102175,-1.4199488602,1.60849555881e-10,2.34711286325e-05,0.057305282537,1.04356923655,0.771140883588,0.00207468536677,-0.720058655298,2.97717001665,-1.01102662641,0.000312541434341,0.20059756279,1.24922322692,0.735472245606,1.10952125911,0.00384147484342
gradient_zero,1,0.28,0.289999991655,True,50,-1.05971966233,0.952849729873,2.05692955057,-9.27104935138,6.38736678526,6.14612468891e-12,1.14972920752e-06,0.00428610598416,0.65914821719,0.0686475023878,7.5756067326e-05,2.01553461868,-4.40109327057,5.8764779467,1.82276119883e-05,0.0202009445498,0.564426586394,0.700697811636,0.0992422782109,0.000139588623692,-13.2223946208,6.1504129034,-0.747720286052,3.51509121472,-1.42091612315,2.34237410291e-10,3.04433564142e-05,0.0661805222684,0.934276123442,0.818320305025,0.00292902528188,-0.78877490067,2.99117666807,-1.01740076894,0.000382182559542,0.219852249411,1.19852399778,0.587916237303,1.17188920811,0.00547073616426
gradient_zero,1,0.29,0.299999982119,True,50,-1.18442779465,1.01511250872,2.04912959001,-9.2358321901,6.37351170008,8.92994232025e-12,1.49402868209e-06,0.00499556659894,0.667908056051,0.0771193592263,0.000110032843496,2.00752351754,-4.37109296302,5.86668858972,2.24456103538e-05,0.0224995124622,0.575963969512,0.705898414827,0.11130764661,0.000203775422334,-12.6779553013,7.17427853777,-0.710850935173,3.53126049684,-1.34580878876,3.40112938937e-10,3.9271490025e-05,0.0757458136707,0.830199467377,0.874529246826,0.00412866426905,-0.746238968507,2.99211052999,-0.964362578986,0.000463148318276,0.238611295096,1.11744657512,0.452215934947,1.23648764961,0.00774535379322
gradient_zero,1,0.3,0.310000002384,True,50,-1.31327876836,1.09633530063,2.04271253187,-9.20042414144,6.36045060949,1.29483834676e-11,1.93515900802e-06,0.00580102225757,0.675752206538,0.0861380873243,0.000158329352707,2.00060983931,-4.34125105997,5.85719069512,2.74905783539e-05,0.0249731704517,0.586775517896,0.709742130335,0.123972031203,0.000294495699556,-11.6927304322,6.44512428396,-0.672032880108,3.53191081799,-1.31337807977,4.82981381649e-10,4.97642670586e-05,0.0855952124207,0.739127508496,0.923959712254,0.00577377800581,-0.728273058629,2.98683859301,-0.958922852283,0.000555020543343,0.257254697792,1.0552360147,0.319915710912,1.28927370184,0.0108190241193
gradient_zero,1,0.31,0.319999992847,True,50,-1.41828240329,1.1440149944,2.0356889324,-9.16519397374,6.34724413849,1.85895699532e-11,2.48931402326e-06,0.00670747084736,0.682690606221,0.0955985534714,0.000225508403613,1.99295805636,-4.31135619116,5.84751013268,3.35460212206e-05,0.027644606418,0.597068689806,0.712296729046,0.137093120647,0.00042015590472,-19.9428659635,12.0271169762,-0.693664701774,3.54390212708,-1.32896038688,6.69737382806e-10,6.21574437567e-05,0.0964157632337,0.628808450728,0.963263831474,0.00793647024691,-0.757381434958,3.0060491098,-0.97169325932,0.00065988406021,0.278557696298,1.00949325797,0.190377239929,1.32855216604,0.0148623755072
gradient_zero,1,0.32,0.329999983311,True,50,-1.71213608763,1.33687764015,2.02883923784,-9.1295460989,6.33387140175,2.63431311238e-11,3.17830788315e-06,0.00772933752225,0.688328375552,0.105403363954,0.000317058757645,1.98546221061,-4.28113007777,5.83775682993,4.06882595581e-05,0.0305443243777,0.606965383055,0.713549675134,0.150543074524,0.000591743209701,-27.3841507915,17.67427655,-0.671227210111,3.52157790232,-1.39394577839,9.55568363733e-10,7.92675374375e-05,0.109953354999,0.520398703204,1.00810300453,0.0108353889875,-0.740681952626,2.99285274267,-1.01698413069,0.000801266631636,0.305879668821,0.962388690893,0.0724115556023,1.36769141334,0.0201362200992
gradient_zero,1,0.33,0.340000003576,True,50,-1.96596541912,1.4975005254,2.0222643882,-9.09476241569,6.31936522292,3.77009372279e-11,4.07466477201e-06,0.00890653794734,0.693098580285,0.115760613562,0.000442216183363,1.97814441731,-4.25149913631,5.82717045006,4.95713538534e-05,0.0337621997944,0.616316463624,0.713744960158,0.164446948913,0.000822880306703,-30.1385675399,20.0600635354,-0.658036084387,3.45732531282,-1.4825658663,1.40580457419e-09,0.000103724372874,0.127462558486,0.428256398663,1.06384263164,0.0146979478243,-0.725796558608,2.94486115523,-1.0741761443,0.00100192794408,0.340632145833,0.890715633772,-0.0386577976717,1.41086525868,0.0270895669139
gradient_zero,1,0.34,0.34999999404,True,50,-2.31490743842,1.73807891086,2.01567851615,-9.06039959264,6.30422008442,5.44592226076e-11,5.25279534063e-06,0.010278588692,0.696893503525,0.126680216587,0.000611017714132,1.97094627944,-4.22223285467,5.81627330705,6.07268184396e-05,0.0373569672944,0.624779695731,0.71277651918,0.178760379698,0.00113353454798,-27.5211285221,18.0545602009,-0.667645212519,3.49184944928,-1.4743611576,1.99061147415e-09,0.000131751144001,0.144935926603,0.32205886227,1.09035174232,0.0194098449933,-0.727285036365,2.97589441196,-1.0623302795,0.00121162964688,0.369985136162,0.817943562242,-0.149418739789,1.42523530942,0.0355448355383
gradient_zero,1,0.35,0.359999984503,True,50,-2.51638798956,1.85859172942,2.00891148395,-9.0249254267,6.28987799977,7.7513166711e-11,6.70968765203e-06,0.0118052564794,0.69953975753,0.137567648408,0.000830413083229,1.96359871658,-4.19198124807,5.80592384447,7.38039467909e-05,0.0411619025176,0.632675334868,0.710756585362,0.192951655102,0.00153377701747,-23.4662647003,15.3470321574,-0.672670944487,3.57701679576,-1.41526372903,2.76376756373e-09,0.000163914606619,0.161782433859,0.233746979554,1.09056665271,0.0251918728191,-0.7306468678,3.06418081041,-1.0133389501,0.00142337187978,0.393455410753,0.752910033643,-0.240159059554,1.40707407832,0.0461125280423
gradient_zero,1,0.36,0.370000004768,True,50,-2.78423273243,2.04501955401,2.00222509726,-8.98885925673,6.27591480984,1.09734573882e-10,8.53108747302e-06,0.0135142373691,0.701568443116,0.148491549641,0.00111485517051,1.95633334208,-4.16094923846,5.79600652804,8.91942560352e-05,0.0452260755094,0.639837896404,0.707973337989,0.206901861264,0.00205578510882,-22.100275292,15.2438893356,-0.693898578883,3.58160061761,-1.38806343299,3.85842677224e-09,0.000204880417367,0.180520219536,0.136335466616,1.08750041061,0.0321837702384,-0.751933569466,3.07755088864,-0.999882069034,0.00167441065227,0.41846781239,0.681596205246,-0.339594633651,1.38563486429,0.0589857952377
gradient_zero,1,0.37,0.379999995232,True,50,-2.9583934954,2.16346951613,1.99503351237,-8.95329341435,6.26211673111,1.54681702156e-10,1.08072959994e-05,0.0154156608701,0.702266466862,0.15931765662,0.001474088488,1.9485600452,-4.1304302303,5.78592620309,0.000107292159836,0.0495312587654,0.646307258973,0.703964692689,0.220664352388,0.00271349292222,-7.36859556193,1.25361823322,-0.745984949257,3.56273711642,-1.37715350793,5.44104382368e-09,0.000258260669531,0.202734419591,0.0572898442569,1.094059599,0.0412739817091,-0.801931326992,3.04488097339,-0.998225851159,0.00200106961162,0.448270729187,0.595710176738,-0.423853930156,1.37552995735,0.0754077966382
gradient_zero,1,0.38,0.389999985695,True,50,-2.93160464367,2.07009191867,1.98730539827,-8.9176045144,6.24837173968,2.18555450356e-10,1.36963008636e-05,0.017568925761,0.702714240002,0.170372741621,0.00194033480469,1.94029471554,-4.10005161899,5.77604201102,0.000129215648268,0.0541914900932,0.651752099939,0.699496259386,0.234412460411,0.00356394104159,-5.93118886198,0.511400436305,-0.786478252965,3.62875563081,-1.36813125951,7.73274363408e-09,0.00032822373422,0.230181227227,0.0124173748696,1.10782975058,0.0520036244581,-0.833691649998,3.08618297407,-0.980539965947,0.00240642187418,0.485735202219,0.509177175336,-0.476489398364,1.36425117798,0.094629745128
gradient_zero,1,0.39,0.399999976158,True,50,-3.07701727264,2.17369752485,1.97930394732,-8.88071830174,6.23475410592,3.09336574837e-10,1.73717706838e-05,0.0200192854146,0.70251481436,0.181474251632,0.00251416097716,1.9318862122,-4.06870657082,5.76631540377,0.00015542059732,0.0592459628098,0.65649080248,0.694434904722,0.247949375947,0.00460608782478,-5.42740760813,3.74080362315,-0.828143534634,3.59047813661,-1.3619589616,1.06621361834e-08,0.000406472320493,0.255323950716,-0.0651382019401,1.10434252276,0.0639875391043,-0.859777040335,3.05752247302,-0.972206841887,0.00281709423967,0.514307370295,0.427248210033,-0.535762755745,1.32462403049,0.115628584498
gradient_zero,1,0.4,0.409999996424,True,50,-3.04015279583,2.14490799113,1.97074252758,-8.84579495167,6.22113256045,4.31798174025e-10,2.18257472735e-05,0.0226754047753,0.701411475963,0.192459592076,0.00322008558678,1.92309917473,-4.03890116953,5.75659787418,0.000185557533061,0.0644776374991,0.660297064139,0.688781004271,0.26090494102,0.00587651273155,7.58427333669,-6.48366345959,-0.772457999415,3.51646111358,-1.33478894604,1.48446733684e-08,0.000503564965406,0.280359999264,-0.134874869351,1.0916798671,0.0775811661836,-0.805561405263,3.02572687178,-0.938548243744,0.00330313966767,0.53893926298,0.337992058526,-0.583636221474,1.26538672276,0.138844400475
gradient_zero,1,0.41,0.419999986887,True,50,-2.92533180591,2.04402425566,1.96385478733,-8.81038907946,6.20805832699,6.06230042205e-10,2.74430699919e-05,0.0256264853999,0.699817316973,0.203307848974,0.00406578430083,1.91577498409,-4.00819203338,5.7475444389,0.000221483390673,0.0700247480694,0.663250643651,0.682762180292,0.273257110402,0.00738297583428,-2.57063717845,-0.866127687478,-0.697493707958,3.53961756001,-1.28309319724,2.09967832208e-08,0.000632085408162,0.310790383939,-0.176284939239,1.08889555914,0.0946325385312,-0.745815752494,3.04272546814,-0.896657006666,0.00392981555829,0.572246495108,0.239909440036,-0.621718452781,1.22393264169,0.167377000828
gradient_zero,1,0.42,0.42999997735,True,50,-3.0915655394,2.12758543738,1.95679265342,-8.77500260047,6.19547069651,8.51733838442e-10,3.44674554367e-05,0.0288912124541,0.697885777178,0.214237503259,0.00511273635741,1.90818285968,-3.97804666017,5.73866473405,0.000264153844227,0.0759225674012,0.66509525294,0.676346635215,0.285383593854,0.00922405274811,-11.4831611647,6.70505655603,-0.720123416817,3.48710095312,-1.28401077917,2.82976339295e-08,0.000766881027868,0.337871821558,-0.2525079049,1.05923786031,0.113187166144,-0.769431443059,2.98349239088,-0.919379066823,0.00459231097684,0.601732980923,0.170465861088,-0.672984994396,1.16547259663,0.197909197763
gradient_zero,1,0.43,0.439999997616,True,50,-3.1549950292,2.17812538678,1.94945231899,-8.7406470604,6.18237811141,1.17218272079e-09,4.27806905492e-05,0.0323839218311,0.694767158875,0.22449260618,0.00632952762372,1.90038635523,-3.94852218556,5.72915685756,0.00031332961021,0.0820594076879,0.666659960872,0.669302480404,0.296566562335,0.0113411597895,-0.730863144735,-0.342614424527,-0.7099045455,3.42983493596,-1.33562538761,3.85105432817e-08,0.000933598007481,0.367798902439,-0.306085727029,1.01710891869,0.132301017666,-0.755888740134,2.95277270519,-0.96548611516,0.00534821205161,0.631174925642,0.122346424492,-0.701940469196,1.09227081343,0.229528887238
gradient_zero,1,0.44,0.449999988079,True,50,-3.10618280229,2.12073314889,1.94259456251,-8.70640590175,6.16875818875,1.62194470407e-09,5.31394155863e-05,0.0362471905028,0.691764062637,0.234579681633,0.00775875671072,1.89306508488,-3.91899120607,5.71935501175,0.000371118085259,0.0885460659141,0.66754218143,0.662307825832,0.307229010123,0.0138146304929,7.32514258562,-6.60136753079,-0.678297129819,3.42851049224,-1.34272032524,5.25613529637e-08,0.00114396880427,0.403133083033,-0.30280249419,0.994685468911,0.153895378952,-0.726946550023,2.95510779053,-0.961219151006,0.00620254832035,0.661234577562,0.0569733892561,-0.701226175335,1.0414097028,0.265079887191
gradient_zero,1,0.45,0.459999978542,True,50,-3.00849217749,2.04609803617,1.93588637639,-8.67207685056,6.15552370491,2.22340978007e-09,6.56600666346e-05,0.0404465834917,0.688711108991,0.244386315558,0.00940743520275,1.88584742423,-3.88942002975,5.70993247454,0.000437380576617,0.0952840992391,0.667799428658,0.655277956897,0.317394756391,0.0166427575334,2.24018011687,-2.26648666128,-0.697868016471,3.47941988349,-1.2865851488,7.2057964468e-08,0.00140345496162,0.441017852249,-0.349398293431,0.967349534048,0.176207527955,-0.74232806975,2.9852035604,-0.90680881768,0.00719411234748,0.690326433705,-0.0125190692217,-0.734792252908,0.992076442049,0.299849870444
gradient_zero,1,0.46,0.469999998808,True,50,-3.06137919996,2.07540341567,1.92863720218,-8.63681750408,6.14302648578,3.06310399343e-09,8.12085148187e-05,0.0450675475478,0.684776096769,0.253926672314,0.0112829072698,1.87821852349,-3.85928713486,5.70121883539,0.000515000332209,0.102352594588,0.667291800045,0.647611980773,0.327070538964,0.0198116279018,-5.50775049543,3.68426349598,-0.779902563047,3.50411210382,-1.30883198714,1.01038080195e-07,0.00175874157093,0.490931333408,-0.394607157487,0.944112234813,0.201327961265,-0.808733865057,3.00870705249,-0.913120870742,0.00854919535885,0.734680937827,-0.0910969577435,-0.764482784828,0.937057730118,0.339049796917
gradient_zero,1,0.47,0.479999989271,True,50,-3.1186471874,2.11978330609,1.92028832513,-8.60199460848,6.12934706516,4.24417138398e-09,0.000100834898053,0.0502652101599,0.680818965841,0.263268560255,0.013433994428,1.86967274693,-3.8292458887,5.69167005713,0.000608364483794,0.109977717996,0.665977489503,0.639988301201,0.336135910993,0.0234237534717,-8.38013801249,7.2124943868,-0.804968351132,3.50121118997,-1.34760228648,1.35860207915e-07,0.00213066904792,0.534422044665,-0.420112863504,0.91343146564,0.224640050127,-0.837910472616,3.03483742425,-0.941951473877,0.00989731715672,0.771449773614,-0.146237216081,-0.774022884676,0.879334359367,0.375472175463
gradient_zero,1,0.48,0.489999979734,True,50,-3.22898196021,2.2196533034,1.91253783516,-8.56679328028,6.11607444005,5.78030815173e-09,0.000123821895777,0.0557559884411,0.676373839499,0.272195301626,0.0157757082723,1.86146031403,-3.79859038637,5.68237980591,0.000712946675343,0.11778159006,0.664367055724,0.63213152308,0.344657226151,0.027321071411,-17.5985921526,11.6521512964,-0.777550419243,3.50856165721,-1.29003481683,1.82402250468e-07,0.0025510032756,0.568657013097,-0.444490130541,0.870010384583,0.248343252724,-0.821080585346,3.03910455124,-0.895505144178,0.0112872151915,0.788292131745,-0.201589218014,-0.781494145283,0.816537261759,0.408975542854
gradient_zero,1,0.49,0.5,True,50,-3.47061903045,2.35282633202,1.90473731675,-8.53182337534,6.10354636883,7.89221639333e-09,0.000151854963565,0.0616383504218,0.67192916323,0.280668767946,0.0184008594825,1.85325113522,-3.76846379768,5.67375995425,0.000834108787623,0.125743560631,0.661945705142,0.624358418295,0.352466656228,0.0316032643288,-45.276392954,29.0312126947,-0.779090628259,3.52823819174,-1.24684377845,2.48244768844e-07,0.00309886695394,0.611948930224,-0.455967487485,0.823190116229,0.274275875821,-0.828005209566,3.05866919943,-0.850385992483,0.0129319915583,0.806919732389,-0.253317544784,-0.781261466894,0.746945066251,0.445826555872
gradient_zero,1,0.5,0.509999990463,False,50,-4.13450981929,2.8002775573,1.89695602259,-8.49622851644,6.09113756448,1.07452035286e-08,0.000185799234856,0.0679949670456,0.667254489749,0.288659103951,0.0212612257888,1.84490020984,-3.73741700238,5.66537208607,0.00097158650651,0.133919984708,0.659300704828,0.616506293742,0.359596127476,0.0362376025285,-66.3890788835,44.7451225283,-0.778129415512,3.5594858893,-1.24088043467,2.85298713528e-07,0.00339442712907,0.635661662377,-0.467467348134,0.799033600453,0.286036630625,-0.835092537768,3.10467952935,-0.838786817974,0.0137477718887,0.817642407766,-0.264500031435,-0.785212455326,0.712947124774,0.463433819969
gradient,0,0,0.00999999977648,True,50,-0.122403417159,0.391054183366,2.28523400369,-10.2465724333,6.73496227219,2.23268233428e-16,6.97875847966e-10,4.05314528285e-05,0.194763478328,0.000727881447319,8.74758762972e-10,2.25427467664,-5.23515899144,6.11662940681,6.05325475115e-08,0.000820834984054,0.207163810708,0.19560216492,0.000735324617614,8.92556738915e-10,-1.6140329616,1.67867960255,-1.21082156619,3.55713161882,-1.41048236174,8.17675327675e-15,1.88724308939e-08,0.000733412175065,-0.20102547949,-0.00170065542706,-3.7185649921e-09,-1.18672189714,2.99141529562,-1.00413765764,1.00085994657e-06,0.00864138019001,0.996566671666,-0.126278728356,-0.00106832688822,-2.3297086932e-09
gradient,0,0.01,0.019999999553,True,50,-0.138543746775,0.407840979391,2.27312578803,-10.2110011171,6.72085744857,3.05035766195e-16,8.86600156905e-10,4.78655745791e-05,0.192753223533,0.000710874893049,8.37573113051e-10,2.24240745767,-5.20524483848,6.10658803024,7.05411469772e-08,0.000907248785954,0.217129477425,0.194339377637,0.000724641348731,8.69259651983e-10,-0.198933685864,-0.224154860583,-1.13258058717,3.45691547991,-1.26276363407,9.82228492768e-15,2.13348030885e-08,0.000781137660683,0.181904809581,0.00165452074619,4.09942205371e-09,-1.13279455261,2.89719019573,-0.859704143633,1.08939618775e-06,0.00885718137589,0.958108899965,0.331692369704,0.0029955922138,7.32625149827e-09
gradient,0,0.02,0.0299999993294,True,50,-0.126382090876,0.386571086154,2.26258239195,-10.1774341237,6.70970699951,4.19713931981e-16,1.12457190974e-09,5.61542060422e-05,0.198401574519,0.000760971862243,9.56747204046e-10,2.23161878559,-5.17721518752,6.09943532394,8.23204712666e-08,0.000997978611572,0.226325988707,0.202236012315,0.00079523646189,1.03908176888e-09,0.718481159057,-1.64440397086,-0.867992738492,3.36574072702,-1.18534246477,1.3832892357e-14,2.73294800017e-08,0.000908166598069,0.783553988472,0.0073045377805,1.86667816793e-08,-0.906728895071,2.86240032169,-0.793714078785,1.36156887147e-06,0.0100470278456,0.972497845817,1.0262731646,0.00973622911618,2.55293609517e-08
gradient,0,0.03,0.0399999991059,True,50,-0.124174123593,0.374952899974,2.25576593326,-10.1436863026,6.69715059928,5.81693613335e-16,1.43318975694e-09,6.60289065405e-05,0.208424303302,0.000856965648659,1.21090874664e-09,2.22427287977,-5.14799683205,6.09071374866,9.77725244066e-08,0.00110818934287,0.236579434341,0.214864840929,0.000919365931055,1.37984687102e-09,0.090912593477,-0.672930910698,-0.83373056965,3.40955500686,-1.27683612435,2.08607833067e-14,3.7363083185e-08,0.00112549811067,1.20726008291,0.0122755034382,3.60033013184e-08,-0.864577312709,2.90342454849,-0.90489906666,1.79963633685e-06,0.0121288001355,1.06150475615,1.46893360245,0.0156185552824,4.85805600948e-08
gradient,0,0.04,0.0499999970198,True,50,-0.124563839006,0.37311246794,2.24590778056,-10.1092430236,6.68417027702,8.36929598115e-16,1.87183357344e-09,7.86641682555e-05,0.222546776177,0.00100648193101,1.67681323041e-09,2.21432723934,-5.11914669655,6.08133734261,1.18313198004e-07,0.00124055461428,0.24755608383,0.231614684364,0.00110760756754,2.01069297078e-09,0.270569229326,-0.904798233223,-0.904104447303,3.49425512314,-1.26333815033,3.05433108296e-14,4.99811449652e-08,0.00137328144268,1.448177336,0.0165108302154,5.79820913806e-08,-0.921398232002,2.97510720787,-0.887935767067,2.28849828788e-06,0.0141248449871,1.1196853685,1.73630651865,0.0211327367282,8.04555629145e-08
gradient,0,0.05,0.0599999986589,True,50,-0.118762739007,0.35685693531,2.23768384432,-10.0738012001,6.67188383627,1.19255982993e-15,2.43281265624e-09,9.34945353942e-05,0.237387850022,0.00118718225297,2.37055057425e-09,2.20584491513,-5.08849468789,6.07295503332,1.43542490164e-07,0.00139068624261,0.258973141711,0.249590971302,0.00134202066562,2.98895812931e-09,-0.291075995217,-0.604198951572,-0.813384657541,3.412011462,-1.19400775344,4.1858980646e-14,6.24150694721e-08,0.00156476419627,1.51427385459,0.0201519740049,8.91591193023e-08,-0.842932275263,2.95342362317,-0.820336848181,2.73920218927e-06,0.0155213325059,1.12316031979,1.84368947254,0.0264153126661,1.27470620529e-07
gradient,0,0.06,0.070000000298,True,50,-0.130385358911,0.361028488909,2.22964008741,-10.0410027943,6.66029012195,1.67410921104e-15,3.12013496288e-09,0.000109959452181,0.252832253269,0.00140952141111,3.45999561646e-09,2.19746859383,-5.06007822409,6.06493060564,1.73097241789e-07,0.0015509812644,0.270019290226,0.268488473814,0.00163591382086,4.56010538136e-09,-0.876750633292,0.346955712061,-0.727820009268,3.29875169625,-1.17471989781,5.96354206177e-14,8.02684069773e-08,0.00181799286485,1.72594133731,0.0265226548323,1.48072898643e-07,-0.779348824083,2.84840395968,-0.796475351222,3.33871961162e-06,0.0172067540853,1.12290773648,2.0479893634,0.0345294572567,2.13681034898e-07
gradient,0,0.07,0.0799999982119,True,50,-0.136297751673,0.363796049551,2.22312744413,-10.0078261662,6.64838943832,2.38526824228e-15,4.03818079579e-09,0.000129854392691,0.271906676768,0.00171763534961,5.33200854711e-09,2.19025793865,-5.03152660869,6.05702552629,2.10316882397e-07,0.00173482132431,0.28143129644,0.29055075857,0.00203260981075,7.26257882726e-09,-0.0135175012128,-0.214040626112,-0.665359005782,3.40562805776,-1.26189450409,9.07109858498e-14,1.10456287326e-07,0.00226324795969,1.93756306379,0.0348136817411,2.50825601396e-07,-0.731082227399,2.91148145947,-0.85804092233,4.3681314242e-06,0.0204758515365,1.20431084063,2.27909662169,0.0457397723825,3.69534235852e-07
gradient,0,0.08,0.0899999961257,True,50,-0.130655708935,0.356747676387,2.21633290729,-9.97289023316,6.63505223187,3.48832892803e-15,5.32926070939e-09,0.000155224411375,0.291583514545,0.00210579504593,8.47650764438e-09,2.18284694928,-5.0018485949,6.0477697872,2.60459870273e-07,0.00196049829513,0.294105507039,0.314070406248,0.00255070926851,1.19507900984e-08,0.535095754307,-0.646499842874,-0.822218189651,3.41251931953,-1.14302165576,1.2688397553e-13,1.40782295129e-07,0.00262932458179,1.94966104733,0.0417757132178,3.94998702625e-07,-0.839372739354,2.90971846356,-0.781035446437,5.22838027251e-06,0.0224937037416,1.20710572441,2.32689290912,0.0563498550484,6.00582738723e-07
gradient,0,0.09,0.0999999940395,True,50,-0.125595836587,0.350866052693,2.20668308034,-9.93957577978,6.6255290052,4.92294775288e-15,6.85382669836e-09,0.000182440884327,0.310899897715,0.00255314961397,1.32319825996e-08,2.17347048386,-4.97333223942,6.04140481737,3.14884487847e-07,0.00218469539915,0.305573410929,0.337088616752,0.00315960691172,1.92742336017e-08,-1.08445605838,0.624235228357,-0.883259304843,3.38339686291,-1.06648841468,1.80080586636e-13,1.80391510604e-07,0.00304741679347,2.00347004307,0.0512784320192,6.45041531142e-07,-0.899422421929,2.90574988652,-0.71911997583,6.32390323574e-06,0.0247845073415,1.20780628556,2.37807745718,0.0700516507177,9.99896023805e-07
gradient,0,0.1,0.109999999404,True,50,-0.152344830102,0.369232380954,2.19866772119,-9.9052222959,6.61372246358,7.08994066074e-15,8.93709092147e-09,0.000216172747244,0.331652915406,0.00313136368631,2.13773382672e-08,2.16485850084,-4.94373359717,6.03338738768,3.86937934988e-07,0.00245618844196,0.31826163275,0.361631955392,0.00395174228286,3.19487105745e-08,-2.47147786457,1.45739436566,-0.9346603471,3.39213807286,-1.11154696894,2.63456216092e-13,2.39020033509e-07,0.00365698678815,2.11288080979,0.0640702200758,1.05934845462e-06,-0.950895797094,2.91336049715,-0.734713153425,7.90065279206e-06,0.0282379302108,1.24503422083,2.4884257611,0.0881839425817,1.6690250994e-06
gradient,0,0.11,0.119999997318,True,50,-0.175025393878,0.380013940007,2.1879898734,-9.87173301833,6.60329806582,1.01920720747e-14,1.16342273685e-08,0.00025558062009,0.353157513911,0.00383455401548,3.44189516921e-08,2.15445256792,-4.91506502948,6.0267105543,4.72897543688e-07,0.00274945400336,0.330474095345,0.386857131974,0.00492328576335,5.26547355897e-08,-1.76976287716,1.8893419186,-0.973675409649,3.38895985101,-1.14984711992,3.90382514737e-13,3.1909935271e-07,0.00440033462929,2.19414074907,0.0793925342782,1.7594616138e-06,-0.971454705548,2.90962324519,-0.762509188631,9.91140176249e-06,0.0322592758659,1.28256337935,2.56052262881,0.110525446017,2.84011843505e-06
gradient,0,0.12,0.129999995232,True,50,-0.187740087646,0.407019219326,2.179194213,-9.83744309888,6.59072552118,1.48975909555e-14,1.53190779757e-08,0.00030417943983,0.375535730388,0.00471921437188,5.65665705431e-08,2.14542940673,-4.88554113226,6.01813720391,5.85165970238e-07,0.00310137395928,0.343912900337,0.412842407968,0.00616225120321,8.87510792755e-08,-0.754516602648,1.57475840638,-0.83453543075,3.43778695623,-1.24786235115,5.80521552843e-13,4.27060857272e-07,0.00530749054549,2.21019777658,0.097126162929,2.91284582839e-06,-0.86825770843,2.96608838956,-0.837511258228,1.27684329941e-05,0.0377257358282,1.3551555596,2.56681750355,0.136628559979,4.7607957334e-06
gradient,0,0.13,0.140000000596,True,50,-0.190115725931,0.411509108134,2.17129916478,-9.8029772792,6.5783408188,2.18025031316e-14,2.0175444514e-08,0.000361730431,0.397361469442,0.00577707727406,9.26758682599e-08,2.13708741375,-4.85574326169,6.00996032913,7.28266203569e-07,0.00350396871993,0.357577206537,0.438193482045,0.00765585696294,1.47870650258e-07,-0.747065785938,-0.485229001158,-0.823028526917,3.46757141968,-1.23589549117,8.52570851701e-13,5.63669651494e-07,0.00630187689734,2.21260690612,0.118156578886,4.8291196757e-06,-0.860797532028,2.98109293536,-0.839517375713,1.60201462867e-05,0.0428222048948,1.38142690672,2.55830141798,0.168072597531,8.0283036867e-06
gradient,0,0.14,0.149999991059,True,50,-0.202681403364,0.397314639303,2.16273364246,-9.76809167049,6.56600761136,3.19490079895e-14,2.65924710055e-08,0.000430216977777,0.41978786851,0.00708234594959,1.53148964057e-07,2.12821345609,-4.82591927356,6.00134685639,9.05568895972e-07,0.00395781805717,0.371541438471,0.464008436327,0.00952370315383,2.4931715301e-07,-2.25934788591,-0.0546339356583,-0.792969738565,3.44145347504,-1.23202026676,1.24281526962e-12,7.38738409328e-07,0.00741847500717,2.2829621612,0.145239804009,7.99667533017e-06,-0.82746042893,2.94563041499,-0.854660542515,1.99010981246e-05,0.0480279659238,1.3863735529,2.58238678075,0.206434332178,1.3367429342e-05
gradient,0,0.15,0.159999996424,True,50,-0.235302683649,0.410416429421,2.15543977001,-9.7341482097,6.55370041346,4.66588085239e-14,3.49502127005e-08,0.000510099931143,0.443020712666,0.00868187335424,2.52609374863e-07,2.12053820517,-4.79683065339,5.99286711828,1.12628816606e-06,0.0044645280384,0.385304677595,0.48984121766,0.0117845436065,4.15219237097e-07,-2.42872502581,1.70828232563,-0.736697181234,3.44954118313,-1.2134961035,1.81699828067e-12,9.70487792821e-07,0.00875187623998,2.28087164287,0.175080013485,1.3048347044e-05,-0.787523105454,2.95809375515,-0.829067130838,2.48568971296e-05,0.05406483423,1.39079917058,2.53147750622,0.248911097797,2.19557731877e-05
gradient,0,0.16,0.170000001788,True,50,-0.251255903881,0.431480285815,2.14799969884,-9.69910084683,6.54173768929,6.82889736029e-14,4.6002226862e-08,0.000605254502576,0.465405301367,0.0105839462193,4.14115904936e-07,2.11246299398,-4.76675739845,5.98476551378,1.40270683856e-06,0.00503911474177,0.399357421883,0.514637986452,0.0145019251098,6.88432616764e-07,-2.90141060615,2.19599404811,-0.760916915206,3.51817927402,-1.18270413216,2.66576797104e-12,1.27945504198e-06,0.0103756233631,2.23970287083,0.208831904313,2.10308348517e-05,-0.819159748227,3.02878525282,-0.799137451593,3.09842296783e-05,0.0610677838825,1.41069156294,2.45319414627,0.298165263737,3.57596806134e-05
gradient,0,0.17,0.179999992251,True,50,-0.293330895772,0.454336310383,2.1402214317,-9.66378462422,6.53004633082,9.99741679447e-14,6.05393135401e-08,0.000717612398406,0.487814770083,0.0128585114405,6.73226071898e-07,2.10415501021,-4.73625494833,5.97688436925,1.74597275963e-06,0.00568588371605,0.413518508854,0.538905100586,0.0177478488812,1.13041284937e-06,-3.63173698484,2.12188902737,-0.843932176823,3.51131205347,-1.15922497803,3.86510996664e-12,1.67251614353e-06,0.0122038087555,2.15957824941,0.24343903783,3.29084729124e-05,-0.874786147065,3.03900236412,-0.776055521602,3.83100385322e-05,0.0682973403497,1.40898244119,2.3246683174,0.34866713941,5.66298737415e-05
gradient,0,0.18,0.189999997616,True,50,-0.323890643577,0.473918066363,2.1311210553,-9.62887460576,6.51855318973,1.45591172936e-13,7.94525497325e-08,0.000849330677686,0.508596866356,0.0154527269759,1.07228536318e-06,2.09496727104,-4.70597735117,5.96924440334,2.16890760921e-06,0.00640506154877,0.427537070706,0.5611313528,0.021475267898,1.82103009159e-06,-4.43640634709,2.51290714148,-0.799322561754,3.53682136517,-1.11887851617,5.55547143841e-12,2.16240161796e-06,0.0141904122582,2.03658583049,0.280369514895,5.12318086942e-05,-0.829815349573,3.07700783653,-0.73486639551,4.68887011269e-05,0.075632672177,1.395920879,2.16283560791,0.40357398053,8.92806164431e-05
gradient,0,0.19,0.199999988079,True,50,-0.382059022714,0.504594453213,2.12423498047,-9.59304819692,6.5076687605,2.11083596713e-13,1.03787345899e-07,0.00100142064357,0.528546486693,0.0184659017384,1.69786224578e-06,2.08755870322,-4.6747147916,5.96218704134,2.68374678217e-06,0.00719853715959,0.441436926434,0.582161812744,0.0258193284918,2.91602517823e-06,-4.16014517023,2.78087975136,-0.683075338959,3.54447074379,-1.15863644561,8.13501281359e-12,2.83366793443e-06,0.0166357913542,1.95400318633,0.326779659325,8.09006382167e-05,-0.738318822177,3.07917689543,-0.77060932484,5.8194265682e-05,0.084694642164,1.39926069142,2.03465315127,0.472081418107,0.000142676073286
gradient,0,0.2,0.209999993443,True,50,-0.407093546982,0.52953566139,2.11745954852,-9.55798519088,6.49538046081,3.08291429207e-13,1.36125908421e-07,0.00118204650477,0.547676930082,0.0219883201624,2.69029812752e-06,2.0802008946,-4.64439381326,5.95383221685,3.33279292285e-06,0.00809895439205,0.455522284535,0.601824415825,0.0309168962601,4.67455155732e-06,-4.66751352492,2.75944829383,-0.745062167472,3.54984473064,-1.20001528409,1.16229453929e-11,3.65975403944e-06,0.0194254778072,1.86745919267,0.37311687595,0.000123955695521,-0.784874367702,3.06371112575,-0.809443120193,7.09679652704e-05,0.0942191741687,1.40268814133,1.89933740142,0.54154540946,0.000221656833894
gradient,0,0.21,0.219999998808,True,50,-0.475409293212,0.559783419089,2.10933373712,-9.5220513023,6.48366845481,4.4354250457e-13,1.76982426688e-07,0.00138993019971,0.565895670546,0.0259282392574,4.17697615619e-06,2.07186121586,-4.61344056909,5.94599817894,4.10310608757e-06,0.00908292064297,0.46949068926,0.620148560772,0.036650236681,7.3491618561e-06,-5.72934337935,3.3069207973,-0.728088282294,3.55812180369,-1.18387152011,1.61462277877e-11,4.60634380736e-06,0.0221613781688,1.76707088474,0.419172803945,0.000187676865737,-0.774029651413,3.05072303555,-0.809198123284,8.53022878914e-05,0.103085449625,1.37920016048,1.75111391838,0.610433623655,0.000338976549489
gradient,0,0.22,0.229999989271,True,50,-0.521680414569,0.595674077336,2.10289778288,-9.48682275481,6.47170303041,6.31215984961e-13,2.28252784568e-07,0.00162527406815,0.583018347777,0.0303717762413,6.44383544225e-06,2.06472030157,-4.58337935255,5.93764825438,5.03883868067e-06,0.0101606633846,0.483106287744,0.636846694193,0.0431255687332,1.14540825471e-05,-3.94135788597,1.66684050218,-0.708188775585,3.51901068501,-1.26182001007,2.35424425622e-11,6.03856434014e-06,0.0260580598376,1.65831940248,0.475185458439,0.00028748243736,-0.763485444291,3.00029505765,-0.880654993,0.000106332057595,0.115914134908,1.37394482633,1.58760574704,0.693011313938,0.000524373289736
gradient,0,0.23,0.239999994636,True,50,-0.554236450932,0.593120229133,2.09516996161,-9.4516710886,6.45843205461,9.14391355814e-13,2.97753713491e-07,0.00191109139647,0.599062058595,0.0354319484262,9.92662490339e-06,2.05659150698,-4.55343466793,5.92838507908,6.22974723948e-06,0.0114012033411,0.496969585787,0.651900675713,0.0505104629598,1.78366276508e-05,-2.7787822576,0.119352228036,-0.75867639434,3.52652360188,-1.29761227522,3.42093428409e-11,7.91322610768e-06,0.0307179524949,1.54524360939,0.532357106766,0.000427415604814,-0.802333644675,3.01290747442,-0.912066168038,0.000131979294545,0.130321762568,1.37150706306,1.42535596022,0.775911876148,0.000785790017296
gradient,0,0.24,0.25,True,50,-0.577256059721,0.598061121897,2.08772425499,-9.41629228277,6.44575078491,1.31540284178e-12,3.86517306722e-07,0.00223963311805,0.613923219965,0.0410189183766,1.49921475385e-05,2.04867362868,-4.52312120306,5.91940693102,7.67842457157e-06,0.0127670986359,0.510536429006,0.665353813397,0.0586438062562,2.7169882893e-05,-3.41722529273,1.97009122148,-0.716831580122,3.5406382406,-1.25261078791,4.86592233747e-11,1.01072728892e-05,0.0352035567961,1.40933666189,0.582827058917,0.000626938578509,-0.77129717588,3.03475674615,-0.871880805153,0.000159911352468,0.142615562729,1.32877871609,1.24979068749,0.852533088755,0.00117319198671
gradient,0,0.25,0.259999990463,True,50,-0.622580956786,0.632522053562,2.08083333001,-9.38085832379,6.43337983886,1.88757582331e-12,4.99899171275e-07,0.00261516253239,0.627248791833,0.0470884896045,2.24653964736e-05,2.04116556346,-4.49273953301,5.91094746297,9.42797428885e-06,0.0142535145957,0.523545160109,0.676896489463,0.0675611247349,4.1300467385e-05,-3.66740888322,2.62181042268,-0.725836999793,3.62174506292,-1.25612451222,7.30807072663e-11,1.35333206656e-05,0.0419475636195,1.29944013639,0.643837172124,0.000922584750868,-0.778066490263,3.09653971428,-0.861953798493,0.000200775403799,0.160569757102,1.30432151595,1.08317848393,0.94153296451,0.00175987712127
gradient,0,0.26,0.269999980927,True,50,-0.650604237385,0.65049733035,2.07320751499,-9.34385738151,6.42062829466,2.77701698711e-12,6.57183720033e-07,0.00307858439044,0.639912022693,0.0538956618191,3.34438425559e-05,2.03311229887,-4.46119040878,5.90216785505,1.16939326475e-05,0.0159784937779,0.536622859325,0.687017383076,0.0774744655464,6.23674253184e-05,-4.26284424779,2.9616209382,-0.734887559326,3.69527748768,-1.29979643619,1.08501929695e-10,1.79910300291e-05,0.0498419109533,1.20526182782,0.707197338816,0.00133357525385,-0.78645004451,3.15883527696,-0.902519753661,0.000254173912453,0.182596725671,1.29507689111,0.932989150579,1.02472474547,0.00254856207988
gradient,0,0.27,0.280000001192,True,50,-0.707837841742,0.691754472326,2.06613557882,-9.30695277404,6.40738391013,4.05761441721e-12,8.59719771857e-07,0.00361200075145,0.65135402839,0.0612324363808,4.91369015505e-05,2.02543656257,-4.42956282747,5.8928970679,1.45114525379e-05,0.0179054491091,0.549446697931,0.695556272475,0.0880556196444,9.22717089826e-05,-8.52867354094,3.88333276484,-0.704594433936,3.65509306824,-1.30344332941,1.51662209782e-10,2.26325957572e-05,0.056344453377,1.04089333092,0.75247123449,0.00190840376635,-0.759336874008,3.14285402289,-0.91409211947,0.000303891603028,0.197753031979,1.25127311051,0.741735510574,1.08025319644,0.00364104389491
gradient,0,0.28,0.289999991655,True,50,-0.821177708204,0.728163985647,2.05911562631,-9.27075552015,6.39455942807,5.81026118274e-12,1.10983563518e-06,0.00420547345798,0.660729889311,0.0689450865089,7.16119178828e-05,2.01792556139,-4.39833332832,5.88388601266,1.77717647081e-05,0.0199335544175,0.561648321535,0.701852093287,0.0990795294751,0.000135188303217,-10.6265392493,4.1160179008,-0.708440115535,3.67783499674,-1.31432698545,2.20522012418e-10,2.9319988838e-05,0.0649991994529,0.924358761805,0.800656710608,0.00270546017295,-0.756993308351,3.16267785983,-0.920561099878,0.000367711550276,0.215182284567,1.20860936785,0.582449807724,1.14012137815,0.00519062308103
gradient,0,0.29,0.299999982119,True,50,-0.920368626728,0.774074830343,2.05196677651,-9.2333960741,6.38109737042,8.46805466557e-12,1.44611954862e-06,0.00491198474051,0.669841203626,0.077245570593,0.000103246105009,2.0102966964,-4.36630927028,5.8744858459,2.18656835434e-05,0.0222090948005,0.573618885288,0.707205268629,0.110858047207,0.000196084170603,-9.02510727595,4.70031255753,-0.740981761582,3.67448812625,-1.32585537198,3.09554672314e-10,3.71378591353e-05,0.0740939280786,0.819664499908,0.847804235283,0.00372664811759,-0.781135114712,3.16026564004,-0.925134607754,0.000442210211835,0.233924979547,1.15457118104,0.451463423532,1.19997238334,0.00720503304532
gradient,0,0.3,0.310000002384,True,50,-1.00167985372,0.822170236798,2.04429599108,-9.19726575762,6.36804232063,1.2001354629e-11,1.85259281788e-06,0.00568735201955,0.677123179309,0.0859011712145,0.000146144880235,2.0023028591,-4.33512801552,5.86538332051,2.66159689448e-05,0.0246120540085,0.584739745156,0.710881361758,0.123078977142,0.000279288964123,-7.04234058064,5.05636196079,-0.735227039002,3.64167514595,-1.3346555788,4.38058229027e-10,4.71411779909e-05,0.0842731535329,0.672778067705,0.889312611357,0.00511234587493,-0.771551179049,3.14406074644,-0.946210084014,0.000533705908957,0.255407803502,1.1002680017,0.299731578943,1.24690336116,0.00991499655453
gradient,0,0.31,0.319999992847,True,50,-1.06121543834,0.875202069558,2.03726223573,-9.16056257119,6.35440425885,1.72292192461e-11,2.38894310843e-06,0.00659744781117,0.68329676498,0.0950318228201,0.000205493022508,1.99486567282,-4.30342805535,5.85556164422,3.25398017226e-05,0.0273172508705,0.595624245322,0.713199900208,0.135796114431,0.000394384101694,-13.3358498709,10.2272034377,-0.713996660465,3.63733624298,-1.39102805976,6.34906138902e-10,6.12084582506e-05,0.0977099375286,0.58693795345,0.93857084775,0.00706064665929,-0.753137624791,3.12581709037,-1.0078983169,0.000659919829476,0.284381286981,1.05395319703,0.184922466406,1.29638371671,0.0136033836416
gradient,0,0.32,0.329999983311,True,50,-1.26839685114,1.02671430555,2.03001605787,-9.12451903276,6.34022175944,2.46994774071e-11,3.0767619829e-06,0.00764155077012,0.688861938378,0.10467258817,0.00028735781342,1.9872401066,-4.27261167371,5.84522535417,3.98143655343e-05,0.0302996797481,0.605818809096,0.714579811086,0.149006651476,0.000551356636955,-18.7154018772,12.0039370329,-0.708952099604,3.62296225239,-1.48389507193,9.23531240806e-10,7.95921757533e-05,0.113286583788,0.483105953187,0.990881855579,0.00966010096332,-0.750564976269,3.09787495303,-1.08647766476,0.000819792595755,0.316282548279,1.00562435737,0.0624788133091,1.3426378906,0.0185101940184
gradient,0,0.33,0.340000003576,True,50,-1.43552347589,1.11528081022,2.02308319374,-9.08810332614,6.32472635741,3.56998440622e-11,3.9807866235e-06,0.00886317948693,0.692958884043,0.114849459932,0.000398695041775,1.97985437329,-4.24147055629,5.83383209093,4.89356536377e-05,0.0336429018361,0.615736732469,0.714449476474,0.162648872243,0.000764587982061,-20.2496628027,11.8692178669,-0.683811476457,3.68563694962,-1.55438326217,1.37551992962e-09,0.000105292419706,0.132805040337,0.390688611415,1.04366615112,0.0130271758827,-0.73540391234,3.1504539325,-1.13547010985,0.00102506597403,0.354017352456,0.956001751087,-0.0483793954385,1.38843493239,0.024884495189
gradient,0,0.34,0.34999999404,True,50,-1.67339010719,1.26409866289,2.01633982834,-9.05080629377,6.3091340942,5.22098759995e-11,5.18261037702e-06,0.0102976515769,0.696675710606,0.125545911192,0.000547901331075,1.97253202835,-4.20960259506,5.82251595197,6.03156850149e-05,0.0373800267972,0.624938844118,0.713612223177,0.176775350124,0.00104904654073,-17.4011287621,9.97515530707,-0.694637583446,3.64641561162,-1.4890853292,1.90705206255e-09,0.000130640366779,0.14707094304,0.28318304341,1.05856694621,0.0169399539704,-0.744772596466,3.12089693147,-1.08005547597,0.00119947004696,0.373203740512,0.863384844255,-0.154275115645,1.3912045746,0.0322892676041
gradient,0,0.35,0.359999984503,True,50,-1.78354605113,1.31478391636,2.00919044207,-9.01517501391,6.29494465082,7.38408853133e-11,6.59359395909e-06,0.0118045983477,0.698622544912,0.136020798856,0.000737494121183,1.96495892137,-4.17905261766,5.81223098141,7.29250545768e-05,0.0411069766463,0.633004429354,0.711363974161,0.190472963735,0.00141037333414,-8.47121646755,5.40800045394,-0.719521284754,3.60337196736,-1.4012967288,2.61032739775e-09,0.000159963475197,0.160966075081,0.175538453341,1.06313486928,0.0218803096423,-0.763580765149,3.08912741453,-1.01595399909,0.001392489691,0.389197759761,0.767831685553,-0.262712190384,1.38353667413,0.0419424905938
gradient,0,0.36,0.370000004768,True,50,-1.84281443655,1.37225867197,2.00194940265,-8.97873885442,6.28110815962,1.04416423954e-10,8.38187988096e-06,0.0135169730785,0.700186479673,0.146808608578,0.000985507523921,1.95726041305,-4.14782004677,5.80219687199,8.8165478835e-05,0.0451639819924,0.640295477829,0.70835797937,0.204446083606,0.00188789635261,-5.63115953517,5.61657357476,-0.681760816417,3.5873141179,-1.33334601548,3.56782916584e-09,0.000196352284911,0.17719889707,0.109516458024,1.08218615517,0.0282380036427,-0.741555755575,3.07169161745,-0.958232190815,0.00162416003957,0.411426319324,0.67629299371,-0.344527413763,1.38656169181,0.0539461983798
gradient,0,0.37,0.379999995232,True,50,-1.89616924183,1.42711538785,1.99555522574,-8.94342873155,6.26827773051,1.4519746863e-10,1.05206396573e-05,0.0153485762891,0.700812874072,0.157664521959,0.00130225419404,1.95012780625,-4.11761878531,5.79306633759,0.000105408255368,0.0493355030328,0.646530289229,0.704473425886,0.218204197571,0.00248929730174,-0.88580520437,-1.04654942947,-0.645628630839,3.55051881696,-1.3408795648,4.92738908591e-09,0.000243374218498,0.196590157075,0.022562453826,1.10298290778,0.0364572509423,-0.716776388339,3.03524092154,-0.965972102097,0.00192441609073,0.43988916748,0.599639471391,-0.433294851171,1.38369698846,0.0690870430523
gradient,0,0.38,0.389999985695,True,50,-1.86053054063,1.35132768338,1.98903683003,-8.90772847808,6.25429056832,2.02964205673e-10,1.32493642509e-05,0.01744877622,0.70063772875,0.168868266733,0.00171465254277,1.94292488529,-4.08711522834,5.78287742995,0.00012665380065,0.053961765342,0.652288267257,0.699692082346,0.232120023376,0.00326963721366,-2.28979139929,-1.58177075609,-0.734963361348,3.57632862867,-1.35430302504,7.03369963443e-09,0.000311156981594,0.224049113713,-0.0333432380587,1.12100209871,0.0463592875539,-0.789457385855,3.04921087097,-0.991651311762,0.00233736106665,0.478946340908,0.521441794607,-0.496229595403,1.37161344134,0.0872199889753
gradient,0,0.39,0.399999976158,True,50,-1.94196506982,1.39547997273,1.98085595851,-8.87190215897,6.24119167001,2.85871461319e-10,1.67437792892e-05,0.0198295585634,0.700146009311,0.180084563933,0.00222943994511,1.93433865854,-4.05663456789,5.77323331136,0.000152155476701,0.058914429851,0.656959125121,0.694548833978,0.245636466398,0.00423369708124,-3.53060584362,0.75515391272,-0.831004959945,3.62067655764,-1.3448225338,1.00602600026e-08,0.000397454673459,0.254626809289,-0.0782071576639,1.12046910812,0.0579222884224,-0.875277465341,3.0802125464,-0.982598957272,0.00281799940489,0.517183859093,0.433656189537,-0.542639305817,1.33689276036,0.107882247009
gradient,0,0.4,0.409999996424,True,50,-1.93114265751,1.36643076163,1.97241673083,-8.83531494693,6.22739411765,4.04169405725e-10,2.11984577201e-05,0.0225413124058,0.699073585597,0.191277648896,0.00287309831121,1.92541933598,-4.02551097741,5.7632254508,0.000183013788747,0.0643054425239,0.660961391048,0.68883929623,0.258857878583,0.00542728215383,2.28125929538,-4.30844043292,-0.800655550956,3.6153529708,-1.41233307549,1.41921943812e-08,0.000500867688052,0.285959433371,-0.120529813816,1.10935821537,0.0707439036778,-0.849843588843,3.09960996294,-1.0158539263,0.00337309349833,0.5563844982,0.360448491118,-0.579843703956,1.29043109689,0.131003301857
gradient,0,0.41,0.419999986887,True,50,-1.89633988391,1.30931116407,1.96484284749,-8.79959509956,6.2129450085,5.69715348943e-10,2.67611330502e-05,0.0255487472308,0.697735413035,0.202271728241,0.00364431801867,1.91734178676,-3.99464236863,5.75291623283,0.000219617346668,0.070042119815,0.664168094943,0.682951959899,0.271445088335,0.00685376311838,-1.00357236506,-2.34931402166,-0.752914275117,3.61945179744,-1.38935465182,2.00120686809e-08,0.0006290400088,0.318068222506,-0.173614916317,1.09145071329,0.0856990224567,-0.801784701384,3.09608663268,-0.999377591253,0.00403121103406,0.59229103307,0.268119673961,-0.618546984548,1.23848511305,0.157309773828
gradient,0,0.42,0.42999997735,True,50,-1.95121410481,1.3194444812,1.95735844533,-8.76292591098,6.19960702461,8.04410779343e-10,3.37792578961e-05,0.0289026768559,0.69560128727,0.213106663162,0.00458707876035,1.90938364195,-3.96358924476,5.74323789898,0.000263638009429,0.0761512631853,0.666323784527,0.676468356539,0.283627580844,0.0085734776304,-8.6726007523,5.67537848705,-0.752546569761,3.61155489765,-1.29947124741,2.72853977222e-08,0.000764750718076,0.344136052386,-0.234869494636,1.05871893001,0.102459036873,-0.799490749769,3.0729439008,-0.938556169079,0.00462122753486,0.611760700448,0.188536826722,-0.662576906441,1.17947761064,0.186696979803
gradient,0,0.43,0.439999997616,True,50,-2.06979189896,1.42281873381,1.9497919161,-8.72736400161,6.18695558356,1.11542330339e-09,4.20561474117e-05,0.0324314682785,0.693038023142,0.223446106841,0.00569349875614,1.90135197176,-3.93318349061,5.73414510945,0.000312041897365,0.0822773338239,0.667938831478,0.66970042177,0.295034640548,0.0105877027144,-6.48337304704,4.86045076862,-0.727201187789,3.52407178074,-1.39795982728,3.84542537867e-08,0.000957400445742,0.381924859131,-0.271365618204,1.05092548519,0.121956037776,-0.778263994254,3.03487174287,-1.00676295336,0.00549055043945,0.653953989918,0.116229468843,-0.688459270318,1.13238304383,0.219458065668
gradient,0,0.44,0.449999988079,True,50,-2.08088156575,1.41665349657,1.94281442158,-8.69244447537,6.17164782807,1.57349585508e-09,5.29272668109e-05,0.0365411740385,0.690173974906,0.234125172865,0.00702619951586,1.89381836207,-3.9028918099,5.72310263991,0.000373449018218,0.0892303429836,0.668648373904,0.662699171133,0.306275241721,0.0129626389437,0.877482119369,-2.53035697308,-0.712045342486,3.53207845018,-1.50416287909,5.54204082514e-08,0.0012281997842,0.43366269101,-0.298534463338,1.05722373302,0.146081652634,-0.763884909765,3.06388308287,-1.07655811018,0.00677438650001,0.71654998471,0.0260781845675,-0.711331656354,1.09860353302,0.258062099382
gradient,0,0.45,0.459999978542,True,50,-2.05224225657,1.37221159435,1.93555100925,-8.6567224326,6.15687232597,2.22383146841e-09,6.66201430958e-05,0.0411047220987,0.687067333875,0.244590581502,0.00861513180881,1.88607427357,-3.87190582896,5.71261394724,0.000447529627365,0.0966083335181,0.668460395169,0.655473788643,0.317006711209,0.0157489447021,1.01694091639,-2.62304760153,-0.736693909103,3.59471595322,-1.41481572024,7.59293995833e-08,0.00150312312234,0.472183798329,-0.341031895663,1.02663775502,0.169314185011,-0.78108220381,3.09248191283,-1.0047383688,0.00790041970569,0.74418169073,-0.0519942528592,-0.743117712315,1.04466573945,0.295976959958
gradient,0,0.46,0.469999998808,True,50,-2.06054274742,1.36419254454,1.92808054339,-8.6205501563,6.14335151366,3.09208384674e-09,8.29897292577e-05,0.0459848500051,0.683353336993,0.254657927966,0.0104124832161,1.87819671799,-3.84104217164,5.70300787253,0.000531457412331,0.104113976798,0.667608488846,0.647836816886,0.32716855651,0.0188821781429,-0.0784574300174,-2.02840775586,-0.731061313458,3.62163837222,-1.32521091354,1.02164707216e-07,0.00180275013576,0.503967790027,-0.377804488403,0.983622637363,0.191720487182,-0.782921356194,3.10793849519,-0.936488616311,0.00887684308395,0.754989317699,-0.0947137129709,-0.765778536599,0.977302227042,0.331963617724
gradient,0,0.47,0.479999989271,True,50,-2.05381140517,1.33164343923,1.92092978298,-8.58428966516,6.1303681077,4.26712561274e-09,0.000102675145811,0.0511840778993,0.679511244107,0.264263034249,0.0124495415525,1.87041584645,-3.80974705905,5.69388417492,0.000625066489044,0.111708119872,0.66656612091,0.640158217911,0.336552755749,0.0223882170566,-5.50634302335,3.60184055462,-0.699088761618,3.56326061172,-1.32413454966,1.34346080289e-07,0.00212541623056,0.532650442419,-0.422423055471,0.927841508301,0.214207709743,-0.757953196485,3.07564018641,-0.936632723401,0.00995317161312,0.769675460651,-0.126874600717,-0.782331702715,0.898700589741,0.36597463308
gradient,0,0.48,0.489999979734,True,50,-2.17066960789,1.43622935563,1.91409876816,-8.54928494407,6.11686882267,5.77900545253e-09,0.000125498053869,0.0566378588535,0.674904875883,0.273214758132,0.014696637411,1.86303765406,-3.77952936792,5.68427521807,0.000730520844594,0.119507486011,0.665070996832,0.632190182832,0.345142568304,0.0262016708045,-14.7250353426,9.49994000856,-0.704829822716,3.56701700396,-1.31143010531,1.80056162357e-07,0.00255066398733,0.571362517311,-0.46280145387,0.880677250628,0.239431161631,-0.764683332951,3.09022808021,-0.91665060204,0.0114458241223,0.797292299029,-0.179815762919,-0.801653473534,0.832993663798,0.403491337033
gradient,0,0.49,0.5,True,50,-2.34831211202,1.52164223941,1.90683318653,-8.51294932508,6.1041395056,7.86824885988e-09,0.000153688425558,0.0626113282455,0.67025521503,0.281876579261,0.0172381647851,1.85512217979,-3.74794249745,5.67555116288,0.00085398297149,0.127653965853,0.662969805651,0.62412514844,0.353212629025,0.0304580437972,-37.3320402242,25.4136903125,-0.729932568248,3.62831795364,-1.32005795121,2.51916042498e-07,0.00317536726946,0.629232569922,-0.46146938216,0.841426443981,0.26672051233,-0.794311233723,3.1653652071,-0.918003587426,0.0134494880646,0.838886116796,-0.241431865862,-0.794503511318,0.766669175829,0.444191067404
gradient,0,0.5,0.509999990463,False,50,-2.91731041237,1.94450316188,1.8995001168,-8.47671858499,6.09046766364,1.08173263025e-08,0.000189005399258,0.0692225102519,0.66567548824,0.290043287011,0.0200310476576,1.84715142939,-3.71622206377,5.66591514632,0.000999510605885,0.136285208347,0.660242359515,0.616300112606,0.360475951821,0.0350854921526,-56.8998300351,42.2860922478,-0.733306972855,3.62307400831,-1.36718419527,2.94907744261e-07,0.00353169737003,0.661118200644,-0.457972678947,0.816670774998,0.279288287248,-0.797075040131,3.17204336739,-0.963601656041,0.0145527634395,0.863124249448,-0.272744613626,-0.782503583463,0.726332279555,0.462744835539
gradient,1,0,0.00999999977648,True,50,-0.136418558201,0.414153614317,2.28133118273,-10.2482891144,6.73302200613,2.23633773359e-16,6.98872351307e-10,4.05876327431e-05,0.196814501798,0.000743910217027,9.0678524754e-10,2.25189507426,-5.23666674326,6.11416838403,6.058890647e-08,0.000822353386048,0.207496665989,0.196863797759,0.000744686519305,9.09735910861e-10,-2.74911282624,3.91255459723,-0.737680668854,4.05739824578,-1.31395246476,9.19040549805e-15,2.09351865552e-08,0.000801963249844,-0.30347770405,-0.00242156471066,-4.9777035261e-09,-0.871856598163,3.34107280703,-0.870974810179,1.10987937764e-06,0.00933705348879,1.0454466558,-0.155296019405,-0.00122341270723,-2.46507185305e-09
gradient,1,0.01,0.019999999553,True,50,-0.163909686464,0.453279160289,2.27395437604,-10.2077151319,6.71988248149,3.1553782834e-16,9.08224216859e-10,4.86072652415e-05,0.193779724757,0.000719694569921,8.57008212279e-10,2.24317650828,-5.20325601519,6.10545863593,7.16877002464e-08,0.000915723920936,0.217951132547,0.195310837565,0.000732452392233,8.85085192331e-10,-0.00205151134174,-0.489303680637,-0.796141023215,3.61596293991,-1.15677921422,9.70883654118e-15,2.12132426454e-08,0.000779273111696,0.0598500554792,0.000628630708868,1.81454687569e-09,-0.862039332246,3.04672316675,-0.75466028616,1.10554482149e-06,0.00894882350646,0.960240235603,0.251233301312,0.00231180914815,5.76956740493e-09
gradient,1,0.02,0.0299999993294,True,50,-0.136459588428,0.404367540704,2.26540836227,-10.1759698556,6.70988642185,4.17810504183e-16,1.12313720422e-09,5.6173094977e-05,0.198011502907,0.000756482831205,9.43076185054e-10,2.23465428762,-5.17573227992,6.0990751783,8.26998028997e-08,0.00100132985618,0.226701470701,0.201888463785,0.000790922702268,1.02512725896e-09,1.89514173208,-3.64977009654,-0.821333838356,3.22914461011,-1.19807999764,1.32971997538e-14,2.64354385008e-08,0.000881501645712,0.704156053941,0.00651243524942,1.65478869076e-08,-0.829830466209,2.77186239351,-0.82201580605,1.34128163897e-06,0.00991224204629,0.959211787447,0.948599291636,0.00897489221218,2.34650412612e-08
gradient,1,0.03,0.0399999991059,True,50,-0.126006851822,0.380283758359,2.25752769928,-10.1431322397,6.69592088153,5.81481823415e-16,1.43693298688e-09,6.62372981558e-05,0.207862845836,0.000849943274909,1.18796595043e-09,2.22657989896,-5.14781876732,6.0890183198,9.85133330258e-08,0.00111396876186,0.237135368296,0.214282823398,0.000911950236476,1.35438601756e-09,0.753037632642,-1.5101271763,-0.887425747147,3.30714551011,-1.36775882107,2.03618507265e-14,3.6818599328e-08,0.00111662035877,1.22189014018,0.0124151382896,3.62999234209e-08,-0.913624599161,2.83989596103,-0.973991068099,1.81999928149e-06,0.0122651418217,1.07162728987,1.49551355485,0.0158091179152,4.86188425889e-08
gradient,1,0.04,0.0499999970198,True,50,-0.121398835775,0.374164997178,2.24765984732,-10.1098269454,6.68253124543,8.25047518713e-16,1.85950919078e-09,7.85055021524e-05,0.222449305711,0.001004785597,1.66907465347e-09,2.21638179564,-5.1189343607,6.07959535694,1.1909978853e-07,0.00124663269261,0.248134016499,0.231798734882,0.00110710506057,1.99750411074e-09,0.469237672702,-0.764542763024,-1.024814604,3.28780488389,-1.2199978363,2.84692927111e-14,4.69143174358e-08,0.00129695135283,1.46637069824,0.0168828249582,5.98135350731e-08,-1.03923118157,2.84339217602,-0.850216150205,2.18044774341e-06,0.0134913621915,1.0725743808,1.75826949692,0.0214315726205,8.13970731754e-08
gradient,1,0.05,0.0599999986589,True,50,-0.116622098368,0.364992903098,2.2370314072,-10.0773761421,6.67152092481,1.15086767764e-15,2.37521933559e-09,9.21763252124e-05,0.237190259801,0.00118759977407,2.38423665189e-09,2.20579527533,-5.0909509238,6.0720139968,1.42122287894e-07,0.00138379600569,0.258586855912,0.249448213336,0.00134058168889,2.98232748106e-09,-0.353744606884,-0.103612660627,-0.931692807741,3.48165298962,-1.07898001294,4.26619734769e-14,6.33799188327e-08,0.00158121611792,1.620548539,0.0214726450316,9.49442008615e-08,-0.952917343489,2.97114619808,-0.732168382692,2.72072949681e-06,0.0153192934282,1.10075778896,1.92080720674,0.0275323520673,1.33275292874e-07
gradient,1,0.06,0.070000000298,True,50,-0.128473727913,0.372092743966,2.22902599117,-10.0401938856,6.66095164517,1.67828698825e-15,3.12710756743e-09,0.000110129824511,0.254860276491,0.00143423849763,3.5679586707e-09,2.19732344877,-5.05951143674,6.06495198929,1.73514378466e-07,0.00155301856117,0.270149172278,0.270214879017,0.00165775210192,4.66300996822e-09,-0.891969090945,0.0287134389543,-0.81083095425,3.55515755969,-1.05166040122,6.18242693993e-14,8.33604130302e-08,0.00188908073369,1.77409512036,0.0270171893974,1.50426689057e-07,-0.856793958037,3.03489944786,-0.679678605796,3.39460655042e-06,0.0174503037252,1.13466330634,2.08900438504,0.0350474794381,2.17044499506e-07
gradient,1,0.07,0.0799999982119,True,50,-0.134461480187,0.365567171877,2.22081478811,-10.0062729909,6.65048771678,2.38735306562e-15,4.04242759619e-09,0.000129957939886,0.272672162208,0.00172794356202,5.39277043304e-09,2.18865939617,-5.03025293484,6.05842042468,2.10014418903e-07,0.0017328020802,0.281280122039,0.291228301037,0.00204153127765,7.32321747119e-09,-0.135492649156,-0.65163233387,-0.847839712405,3.38338678924,-1.03573636293,8.51364920213e-14,1.04134470553e-07,0.00214482024856,1.7590328418,0.031806803861,2.30643179423e-07,-0.873621417929,2.91990850656,-0.670530986607,4.01331024808e-06,0.018976246658,1.12944944059,2.0939954105,0.0423080088561,3.44303655531e-07
gradient,1,0.08,0.0899999961257,True,50,-0.131183580896,0.359060097288,2.21206919692,-9.97252614981,6.64023691791,3.38101682868e-15,5.20979697849e-09,0.000153026229482,0.290040933327,0.00207037457485,8.18082225917e-09,2.17985102041,-5.00111326661,6.05154136956,2.53780583427e-07,0.00193254349433,0.29273816109,0.312094787227,0.00250391227904,1.15490830788e-08,0.753778301982,-1.21707288191,-0.889359063918,3.39678569171,-1.10248247567,1.2464525073e-13,1.381943276e-07,0.0025837160789,1.86755926586,0.039990132787,3.78993541292e-07,-0.896612303943,2.94475867227,-0.751930098015,5.09474647017e-06,0.0220691028361,1.19894442063,2.22190863617,0.0539820540433,5.78534143339e-07
gradient,1,0.09,0.0999999940395,True,50,-0.119385914147,0.341225714239,2.20302760683,-9.93833727702,6.62843806727,4.88025808023e-15,6.8063141482e-09,0.000181632261464,0.310023347525,0.00252774621776,1.29726412589e-08,2.17072715009,-4.97135776139,6.04338182272,3.11909348306e-07,0.00217418413692,0.305259010452,0.33566647376,0.00312117235851,1.8893900338e-08,-0.156765220114,-0.657791673804,-0.862360773541,3.40556346634,-1.17642797665,1.86183890271e-13,1.86183114479e-07,0.00314054011834,2.0642167193,0.0515938444638,6.33252322457e-07,-0.89210935997,2.93388051933,-0.797635155911,6.51454317045e-06,0.0256217704509,1.25112220011,2.43210780575,0.0702220434446,9.8548144045e-07
gradient,1,0.1,0.109999999404,True,50,-0.134318885299,0.345904263812,2.19482198145,-9.90441488049,6.61670835838,7.1046946341e-15,8.93345926807e-09,0.000215837031849,0.331325267713,0.00310225146413,2.08458687083e-08,2.16200883321,-4.94243565622,6.03558866644,3.84071446836e-07,0.00244497890335,0.317760605092,0.360736943342,0.00390835314793,3.12587118878e-08,-1.3398205421,0.382053536465,-0.806327504605,3.34821833239,-1.16465381388,2.72968103321e-13,2.44791763839e-07,0.0037064652234,2.1927338598,0.0655539062478,1.07013608918e-06,-0.849578582226,2.86322803772,-0.774533715875,8.07063435902e-06,0.0286719617114,1.25193794935,2.55959308732,0.0897356281046,1.68563310034e-06
gradient,1,0.11,0.119999997318,True,50,-0.146182324989,0.348866784968,2.18690105674,-9.87137291038,6.60514499099,1.03396201467e-14,1.1702149425e-08,0.000255761565932,0.353878024721,0.00383882434272,3.43753630424e-08,2.15373557844,-4.91409320064,6.02789114841,4.73322035486e-07,0.00274762337114,0.330297769438,0.386858335507,0.00491588492061,5.26065623447e-08,-1.65580982711,1.53442282962,-0.814583986729,3.3907529782,-1.16221141221,4.00386617362e-13,3.23540962129e-07,0.0044201846737,2.28091679926,0.0817630814403,1.80075421025e-06,-0.84087964136,2.91992485005,-0.778014910894,1.01219460549e-05,0.0327137443157,1.29284701013,2.62315138985,0.112352205279,2.86445475844e-06
gradient,1,0.12,0.129999995232,True,50,-0.167435081841,0.376592720405,2.17853030172,-9.83659982092,6.59346413013,1.51124269813e-14,1.54042785107e-08,0.000304240725323,0.376943603698,0.00473751309293,5.68609529134e-08,2.14519124038,-4.88403715922,6.02002836822,5.86510367934e-07,0.00309925378966,0.343617545295,0.413199971139,0.00615539725351,8.85478070567e-08,-1.19550927933,1.71782626095,-0.824586591032,3.40268678904,-1.20084166502,5.71492021488e-13,4.19893282121e-07,0.00521487694382,2.25669676821,0.0973563954372,2.89356428579e-06,-0.848510667701,2.94355431742,-0.812187653025,1.2548651507e-05,0.0370708032289,1.33245811838,2.57587239302,0.134823381718,4.65760007144e-06
gradient,1,0.13,0.140000000596,True,50,-0.170092510576,0.383223310187,2.17040932492,-9.8033191746,6.58112815769,2.17694605764e-14,2.01000150674e-08,0.000360059104809,0.399011960085,0.00578595225146,9.22466487582e-08,2.13676536509,-4.85522211429,6.01164739535,7.24295065626e-07,0.00348903943572,0.356946931806,0.438375783367,0.00761235255496,1.45758563774e-07,-1.08309324455,0.905647135098,-0.808315183922,3.33176147075,-1.1535989099,7.85564665402e-13,5.24343962166e-07,0.00591660247664,2.18092185548,0.115029740857,4.61537755808e-06,-0.845654313122,2.88332176282,-0.775627081525,1.49751204736e-05,0.0403604148619,1.31325237155,2.5054684701,0.161946961831,7.56636105577e-06
gradient,1,0.14,0.149999991059,True,50,-0.189096946732,0.394705663107,2.16236399804,-9.76996459151,6.57039215193,3.08237202894e-14,2.5891157754e-08,0.000422572774855,0.420562040808,0.00703810791007,1.49168504075e-07,2.12827815412,-4.82637072397,6.00451582659,8.86012777406e-07,0.0039064620869,0.369882592726,0.463309340541,0.00939433649012,2.39875028172e-07,-2.69603060644,2.30313793845,-0.755678912052,3.4659750345,-1.12345837428,1.16409622354e-12,6.99423231978e-07,0.00710759868137,2.18672396187,0.138961686658,7.54260175592e-06,-0.806636941375,2.99075455957,-0.75619025428,1.8842081028e-05,0.0461191134781,1.35297327437,2.50651180096,0.199318564578,1.26747770129e-05
gradient,1,0.15,0.159999996424,True,50,-0.224013122705,0.429286068956,2.15529574668,-9.73399967391,6.55865899021,4.50513850471e-14,3.4088479707e-08,0.000502211078436,0.442746439323,0.00856518598462,2.43098683877e-07,2.12063262626,-4.7954070231,5.99652359026,1.10113668619e-06,0.00441142170529,0.384006397293,0.488506019386,0.0115987238465,3.99254104031e-07,-2.92157652371,2.6459485828,-0.772072250573,3.57729872805,-1.14608656707,1.75759690375e-12,9.50392524065e-07,0.00868175231869,2.20483280376,0.168485401676,1.24129311863e-05,-0.830238722116,3.08106015862,-0.762408628664,2.41502746757e-05,0.0533747309367,1.40060627471,2.48695917954,0.242915787266,2.10855399714e-05
gradient,1,0.16,0.170000001788,True,50,-0.247528477206,0.447624634763,2.14692255303,-9.69841861695,6.54747042059,6.59756583643e-14,4.48990082353e-08,0.000596207821229,0.464658696883,0.0104078159436,3.97427127801e-07,2.11167337968,-4.76474952079,5.98926765402,1.36901827092e-06,0.00497395670564,0.39789471822,0.513048524132,0.0142526522354,6.61585827599e-07,-2.71312600979,1.42046146222,-0.777618755196,3.56535653413,-1.17357158212,2.5817203576e-12,1.25605374091e-06,0.010312067583,2.14975183629,0.199347789189,1.97457992393e-05,-0.841778521598,3.06105317211,-0.773176408504,3.02587584654e-05,0.0603645431418,1.41054683296,2.40561450539,0.28945289944,3.40835352934e-05
gradient,1,0.17,0.179999992251,True,50,-0.278275642901,0.457695298201,2.13974337157,-9.66269254322,6.53518755856,9.66857921991e-14,5.92095545252e-08,0.000708452430096,0.485741476048,0.0125521417684,6.38014668662e-07,2.10379705583,-4.73418595966,5.98106006209,1.70631185549e-06,0.00561871256812,0.412217333953,0.536618309494,0.0173877818353,1.0809248099e-06,-2.91652295366,1.84704676177,-0.732613794069,3.50936000116,-1.24373825255,3.71765440998e-12,1.62823899432e-06,0.0120377185266,2.11929284963,0.23244156946,3.08743559468e-05,-0.792488877998,3.0127567789,-0.843893742851,3.7247812715e-05,0.0675501954004,1.42477420296,2.31100422821,0.33762180593,5.374440693e-05
gradient,1,0.18,0.189999997616,True,50,-0.305858936279,0.484565569998,2.13227027714,-9.62823141692,6.52259565554,1.40328746564e-13,7.74637881217e-08,0.000836962191761,0.507044553876,0.0150566473328,1.01491424674e-06,2.09582360212,-4.70449438522,5.97238977916,2.11397452522e-06,0.00632496061364,0.426390202279,0.559268608696,0.021005088354,1.7364739662e-06,-3.40934156781,1.07479782411,-0.773078079994,3.43735286176,-1.2915446401,5.31108315753e-12,2.09471333355e-06,0.0139397489584,2.04519436402,0.270498114059,4.85961291041e-05,-0.817064453245,2.95952617243,-0.900354150232,4.55198281096e-05,0.074879394401,1.42736430178,2.17366124352,0.392486079984,8.50331158371e-05
gradient,1,0.19,0.199999988079,True,50,-0.346462474257,0.479191254683,2.12428180997,-9.59394548599,6.50935666576,2.0290745535e-13,1.01103821196e-07,0.000987247409263,0.526645363329,0.0179621040496,1.60993725075e-06,2.08745576676,-4.67499543621,5.96305297909,2.61670841768e-06,0.00711630045614,0.440764619988,0.580091534365,0.025237503435,2.78158712664e-06,-3.95559352954,1.41070243911,-0.790890237714,3.49369363676,-1.34540491917,7.8242204256e-12,2.78027802374e-06,0.0166515845077,1.94680234978,0.315755969994,7.7265143915e-05,-0.832923583022,2.99840184179,-0.957667276219,5.78304591842e-05,0.0858628652483,1.46179840798,2.05088241158,0.462164548959,0.000136922091532
gradient,1,0.2,0.209999993443,True,50,-0.38497080687,0.51277961878,2.11645247239,-9.55835754419,6.49568755716,2.96813155076e-13,1.33069348597e-07,0.00116999388191,0.545980600871,0.0213717667327,2.56021712504e-06,2.07916513046,-4.64452634838,5.95323643363,3.2705837089e-06,0.00804221791861,0.455626170439,0.600286256928,0.0302483793332,4.47491579683e-06,-4.01354965919,2.95138810132,-0.769122812724,3.52135488931,-1.28271428447,1.12314275524e-11,3.5906753252e-06,0.0193258865637,1.83274763359,0.356534787072,0.000117443154431,-0.80810189104,3.00764070115,-0.902913803341,6.99141686313e-05,0.0941729627391,1.42964472143,1.89654357681,0.526133863148,0.000211007069107
gradient,1,0.21,0.219999998808,True,50,-0.426733467441,0.538219016709,2.10889935372,-9.5235183882,6.48370238007,4.27536006398e-13,1.729173277e-07,0.00137376514054,0.563300316001,0.025092799791,3.95880033936e-06,2.07129372894,-4.61484262219,5.94499470302,4.01499179031e-06,0.00899975971093,0.469357514417,0.618022405901,0.035760180698,7.00172850879e-06,-4.06119044927,1.54627417037,-0.742045694612,3.5078950996,-1.27372637636,1.63969124081e-11,4.68463283143e-06,0.0225107722138,1.7351702389,0.406117734062,0.000180302780953,-0.78006176907,2.98976521383,-0.871648267268,8.6127941446e-05,0.104069932005,1.39096809013,1.73776902812,0.598063404612,0.000325189697
gradient,1,0.22,0.229999989271,True,50,-0.466194615855,0.543705102188,2.1016115585,-9.4881996422,6.47021302963,6.24751403238e-13,2.26762005225e-07,0.00162020932619,0.580684005649,0.0294941214139,6.1662727441e-06,2.06356389507,-4.5847310441,5.93580346829,4.99314253782e-06,0.0101236165587,0.483445532241,0.63504163749,0.0422096474255,1.09787097368e-05,-3.01308074109,1.25199957055,-0.73585074271,3.55232515096,-1.37010729241,2.45074773995e-11,6.27470627327e-06,0.0269986434802,1.69767666959,0.468113493032,0.000280017481136,-0.783264643008,3.02649150926,-0.954998678361,0.000110259208988,0.120057526563,1.41928580378,1.626731249,0.688731716259,0.000509719071856
gradient,1,0.23,0.239999994636,True,50,-0.486995082262,0.56325900812,2.09418233887,-9.45247188518,6.45630023422,9.17685554388e-13,2.98411453166e-07,0.00191373801014,0.597253849392,0.0344550696517,9.55914996208e-06,2.05562843608,-4.554312792,5.92589472945,6.22017597008e-06,0.0114009102422,0.497743230493,0.650557030881,0.0495348150232,1.71961099459e-05,-2.90937321534,2.24248347838,-0.703689777721,3.60288721126,-1.38456283447,3.58669497129e-11,8.24538349119e-06,0.031812643967,1.59459889741,0.527104167367,0.000428813518926,-0.766348158795,3.05278637611,-0.986614887258,0.000138004729601,0.135326796435,1.41923809373,1.46492583699,0.776794591226,0.00078511032437
gradient,1,0.24,0.25,True,50,-0.524382080162,0.588554771756,2.08753776294,-9.41614189797,6.44252177294,1.3420903975e-12,3.91669675049e-07,0.00225646220553,0.612575983598,0.0400362047612,1.47425431226e-05,2.0482369319,-4.52367531658,5.91607117054,7.75323712984e-06,0.0128301524874,0.511830294116,0.66434015423,0.05774553925,2.66809162242e-05,-4.89975668351,3.06128268027,-0.644643886661,3.60449638445,-1.35828070646,5.14889526579e-11,1.06081873068e-05,0.0366707987449,1.45616221858,0.584085990996,0.000633590063858,-0.715789419869,3.03097468707,-0.98191292388,0.000168396557286,0.148927338749,1.38174071085,1.28752671845,0.86080522473,0.00116844448067
gradient,1,0.25,0.259999990463,True,50,-0.584990215933,0.624484661726,2.08128946113,-9.38038195749,6.42913462009,1.94746460755e-12,5.10575199301e-07,0.00264715398504,0.626377093764,0.0461367894716,2.22309512392e-05,2.04131264769,-4.49369329826,5.90625647097,9.58810711579e-06,0.0143794570172,0.52537804471,0.67630756525,0.0667509195178,4.05649995593e-05,-4.15874485899,2.04308205282,-0.708701999793,3.56404193876,-1.32870222855,7.31364707482e-11,1.35160596814e-05,0.0419000875883,1.3003653695,0.638263244097,0.000925766000323,-0.767710824055,2.99192997926,-0.959417545178,0.000202251181253,0.161690392423,1.32663159649,1.10080209674,0.936441510378,0.00170786383818
gradient,1,0.26,0.269999980927,True,50,-0.607556977342,0.629416412812,2.07336372295,-9.3448610592,6.41594772837,2.80481981246e-12,6.61990868678e-07,0.0030944639573,0.638583290988,0.0528014696432,3.32578631291e-05,2.03288271542,-4.463836717,5.89688281964,1.17982607549e-05,0.0160639603359,0.538362926046,0.686356196165,0.0764743694576,6.08381929879e-05,-3.09224227575,1.10861484386,-0.704322892957,3.5466355354,-1.3432799498,1.06032485145e-10,1.75758841845e-05,0.0487134896465,1.16281014848,0.706577882703,0.00137599901639,-0.760672250702,2.98724982741,-0.943758841366,0.000249527675268,0.179253231533,1.2781239158,0.916568837884,1.02349986155,0.00253330753852
gradient,1,0.27,0.280000001192,True,50,-0.646835061448,0.646656958603,2.06720300327,-9.30944924679,6.4022690211,4.06811431046e-12,8.62092882992e-07,0.00362142377797,0.649633296734,0.0602683471257,4.9750931567e-05,2.02609920267,-4.43394830171,5.88738129415,1.45786606211e-05,0.0179645216478,0.550940523026,0.694638942007,0.0872209167487,9.12311503298e-05,-7.45196668276,3.64973389942,-0.680376438645,3.52268163053,-1.39167775127,1.52844449564e-10,2.27364238077e-05,0.0563942643158,1.04370323809,0.7651109517,0.00198418424802,-0.738454216658,2.9794391654,-0.98402892379,0.000305349612659,0.197990452085,1.24432886937,0.740122733087,1.09998471166,0.00368069572477
gradient,1,0.28,0.289999991655,True,50,-0.756596310997,0.7024110908,2.05975619417,-9.27440742659,6.38811417335,5.86170880375e-12,1.11671934483e-06,0.00422234924361,0.659457355749,0.0681036886772,7.29415480894e-05,2.01811363108,-4.40424793369,5.87720224116,1.79052530081e-05,0.0200237693776,0.563249503433,0.701158650826,0.0984740636907,0.000134452107483,-9.90107963025,5.49156009589,-0.758847516163,3.51344742329,-1.38382846285,2.20570753237e-10,2.92991353317e-05,0.0648206231706,0.919777563587,0.812838747279,0.00279321781942,-0.796440118903,2.98876225281,-0.976693603827,0.000371568083232,0.216200285004,1.18862792008,0.583055851446,1.15913881402,0.00521963626183
gradient,1,0.29,0.299999982119,True,50,-0.844856654053,0.756488160521,2.05202605295,-9.23918029832,6.37459245184,8.4795293752e-12,1.44807558963e-06,0.00491783624138,0.668028848005,0.0765251220712,0.000105615287955,2.01017040029,-4.37417305666,5.86784742207,2.20100222858e-05,0.0222885273479,0.574713081427,0.706300059036,0.110403693029,0.000195623875566,-9.47164860118,5.97907009496,-0.712998389065,3.52878066293,-1.29636348803,3.18672138556e-10,3.77430201126e-05,0.0742416187501,0.815097976593,0.870600827599,0.00392308213672,-0.746963312237,2.99579971105,-0.907764547879,0.000450777437041,0.235059378829,1.1037166679,0.44833998994,1.2267898709,0.00736808200338
gradient,1,0.3,0.310000002384,True,50,-0.946029283021,0.8219924927,2.04549622639,-9.20383181333,6.36218690359,1.22351515749e-11,1.87157974708e-06,0.00570718161861,0.675759315281,0.0855157052292,0.000151403190824,2.00317436484,-4.34433193947,5.85904695021,2.69208017489e-05,0.0247249569541,0.585323836791,0.710125450625,0.123009861109,0.000281813747551,-8.99042425607,5.36623163909,-0.682254013973,3.54678086462,-1.26050317805,4.5031637672e-10,4.78283914221e-05,0.0841899751094,0.727967395495,0.920139616548,0.00543871367993,-0.734616819365,3.00148872489,-0.904606931524,0.000540918276279,0.254477710843,1.04585875313,0.318264979816,1.28172377257,0.0102279225667
gradient,1,0.31,0.319999992847,True,50,-1.02466513917,0.863812793303,2.03838097267,-9.16824468103,6.34938238828,1.74858569096e-11,2.40464341807e-06,0.00660163574357,0.682588195915,0.0949279144022,0.000214389561554,1.99547806391,-4.31414328216,5.84975528344,3.28283878114e-05,0.0273780815648,0.59563025649,0.712665358633,0.13603816848,0.0004001823269,-14.2619157821,9.10162496661,-0.698271997355,3.55554107145,-1.30963097082,6.32335831865e-10,6.04189040976e-05,0.0956912278128,0.61957961267,0.958883819784,0.00741110079149,-0.757744910934,3.02280326863,-0.952359758411,0.000650378206748,0.278235889805,1.01097957791,0.189623220237,1.31824721183,0.013960516363
gradient,1,0.32,0.329999983311,True,50,-1.23126759866,1.00402499203,2.03153078645,-9.1327209919,6.33599428417,2.48818682122e-11,3.07995782904e-06,0.00762100617487,0.688150907535,0.104693381625,0.000299625206653,1.98801946662,-4.28387587409,5.83999975504,3.99283658838e-05,0.0302896747503,0.605543428349,0.71391791503,0.149374805345,0.000561024074812,-19.6240038403,13.4652465726,-0.688424993507,3.54339127689,-1.34317766116,8.99501229457e-10,7.69034640475e-05,0.108884348843,0.517659488903,0.998493966589,0.00999711804675,-0.753411032514,3.02036720863,-0.979883324899,0.00078573539358,0.303897909292,0.957155573662,0.07488567979,1.34991712101,0.0187504723056
gradient,1,0.33,0.340000003576,True,50,-1.41714521598,1.13311772475,2.0246124728,-9.09737685549,6.32251883506,3.54758814987e-11,3.94271269902e-06,0.00877932272043,0.692941385693,0.114897793734,0.000414331922489,1.98040984326,-4.25373593798,5.83015761694,4.8543095683e-05,0.0334560397506,0.614773367963,0.714163072228,0.163036510901,0.000775191773012,-20.9647018746,12.0891849819,-0.700278747094,3.50440464162,-1.40021122219,1.30253030546e-09,9.9448123275e-05,0.12523377741,0.41172454212,1.03762747209,0.0133443151931,-0.762166536982,2.98685294016,-1.01394118858,0.000967881720556,0.334647101891,0.886751443512,-0.0404374563961,1.38076093353,0.0249692693641
gradient,1,0.34,0.34999999404,True,50,-1.65056163616,1.24580869167,2.0175252115,-9.06263289907,6.30799005973,5.09324743213e-11,5.06892029454e-06,0.0101256817231,0.696385398377,0.125445931067,0.000566511510515,1.97277613588,-4.22413881529,5.81972093127,5.9286000295e-05,0.0369826167881,0.62327845722,0.713109165902,0.176990024016,0.00106040946209,-17.6900054157,9.57689699803,-0.7083625974,3.50541621175,-1.39391619133,1.81616265772e-09,0.000124757119015,0.140986630893,0.28565877573,1.05824937679,0.0174227499022,-0.763200909277,2.98405572365,-1.00679949478,0.00115069210592,0.359443336749,0.81821919785,-0.157567495847,1.39327985025,0.032540298846
gradient,1,0.35,0.359999984503,True,50,-1.77094532429,1.32465566471,2.01044522085,-9.02726853125,6.29464051123,7.17991346532e-11,6.43785507932e-06,0.0115990553383,0.698654561208,0.13606278127,0.000762786920532,1.96514582507,-4.19405482351,5.81002162705,7.15569378013e-05,0.0406449064856,0.63113775192,0.711011722312,0.190902107906,0.00142599774993,-12.5374589624,8.40284806917,-0.681913602179,3.54320893087,-1.31951919557,2.48202353046e-09,0.000153058000395,0.155339133953,0.197174242797,1.07062320348,0.0225062892605,-0.74121492164,3.04039765632,-0.950829585504,0.00133344691933,0.378414540367,0.750536603726,-0.248075582357,1.38454677646,0.0420148268589
gradient,1,0.36,0.370000004768,True,50,-1.9013108154,1.41386565305,2.00388693946,-8.99176872045,6.28159967581,1.00572944931e-10,8.13008030243e-06,0.0132324644021,0.700328883233,0.146858395136,0.00101663729572,1.95795183745,-4.16333086216,5.80070433956,8.59549386815e-05,0.0445509075954,0.638289189294,0.708147654255,0.204680959545,0.00190070599927,-9.49694493111,6.63269893481,-0.69318050176,3.50699785941,-1.32939757283,3.43921690434e-09,0.000190143769551,0.172658122067,0.0998354205294,1.07976677963,0.0287870665466,-0.752916340605,3.02680580004,-0.965899232454,0.00156861976896,0.403600438722,0.686802554893,-0.349293997392,1.37407275298,0.0536912103497
gradient,1,0.37,0.379999995232,True,50,-1.96088422292,1.45730964341,1.99658161082,-8.95712857407,6.26805255977,1.4058347274e-10,1.02407304703e-05,0.0150522177796,0.700651269619,0.157658116862,0.00133852825146,1.95008749826,-4.13351870751,5.7907036424,0.000102929333181,0.04871691526,0.644873803018,0.704025842364,0.218383562965,0.00249982195692,-3.89184463056,0.236870702441,-0.772132294759,3.46043869208,-1.34657648315,4.80836532267e-09,0.000238486265009,0.193649302564,0.0215978463144,1.0902615997,0.0370595171149,-0.82350804911,2.95789310672,-0.980889423187,0.00186382110755,0.431683244269,0.604235889687,-0.433091916392,1.36971456431,0.0687811972737
gradient,1,0.38,0.389999985695,True,50,-1.97914770801,1.4186030671,1.98844429357,-8.92255994661,6.25466814615,1.96740251384e-10,1.28998056026e-05,0.0171054504534,0.700760840159,0.16866362713,0.00175782763802,1.94148167647,-4.10417300003,5.78108655109,0.000123231360833,0.0531845724808,0.650373907088,0.699485815927,0.232075250831,0.00327632994475,-3.75808361106,-0.469623600955,-0.834357399503,3.49931534958,-1.30981000159,6.76503474431e-09,0.000300585236206,0.218086442626,-0.0133869646306,1.10668837061,0.046925845431,-0.872967936664,2.99118579128,-0.943975696328,0.00222425311751,0.463920829734,0.513290892619,-0.479147167969,1.35675135757,0.0863711940037
gradient,1,0.39,0.399999976158,True,50,-2.03604589514,1.44791717139,1.97989446283,-8.88714226707,6.24185635974,2.75884167626e-10,1.62524351944e-05,0.0194139466321,0.700383530326,0.179791884274,0.00227704516008,1.93262813953,-4.07369499169,5.77182412847,0.000147414395531,0.0579953318547,0.65513962087,0.694442899004,0.245518590117,0.004227245837,0.129872015379,-2.43018111603,-0.887775770952,3.47865687366,-1.28575280936,9.40898796515e-09,0.000374706410815,0.242681855573,-0.0727788649767,1.12070983575,0.0585250848536,-0.908622321781,2.98855759888,-0.921706743794,0.00262484812327,0.493059047067,0.424454395509,-0.531739596055,1.33035450996,0.106499142055
gradient,1,0.4,0.409999996424,True,50,-1.97655026771,1.36999944478,1.97068877815,-8.85298680913,6.22895308996,3.84920010687e-10,2.03939338189e-05,0.0219590875649,0.69930526286,0.191077823845,0.00292832933509,1.92330923003,-4.04440184805,5.76265241622,0.000175728323298,0.0630457534221,0.658862994998,0.688851024006,0.25868234103,0.00540631278584,5.55054489879,-6.70659476549,-0.848739134219,3.45228756891,-1.32447492786,1.31492182611e-08,0.00046767649037,0.269828193631,-0.134086796678,1.1116844909,0.0716944468932,-0.869932468691,2.98334522416,-0.943206379458,0.00312404933761,0.525555121537,0.352299777554,-0.574672861962,1.28101393857,0.129260418964
gradient,1,0.41,0.419999986887,True,50,-1.92503499716,1.31378527608,1.96291968014,-8.8180965157,6.21536686119,5.38868532848e-10,2.56059650018e-05,0.0248105105048,0.697701794392,0.202025574092,0.00371093409795,1.91522949015,-4.0140280872,5.75296000088,0.000209895382283,0.0685064342855,0.662185616421,0.682949441765,0.271138868888,0.00681245421627,-4.45872396655,1.19660609902,-0.767376349084,3.50917817586,-1.35140363392,1.86944941969e-08,0.000592076532827,0.303217610181,-0.17487290851,1.10906085523,0.088486258991,-0.807390088104,3.02208446885,-0.96057799772,0.00378059668268,0.568835135186,0.269525939908,-0.612865618651,1.24352034033,0.157449129876
gradient,1,0.42,0.42999997735,True,50,-2.06572474704,1.39393156676,1.95534125117,-8.78280324562,6.20192501728,7.58809894626e-10,3.22354644755e-05,0.0280234397685,0.695807804689,0.21325904095,0.00469805451491,1.90716142827,-3.98396015867,5.74344085626,0.000251340256952,0.0744224561258,0.664253513796,0.676593711633,0.283552747837,0.00855529538336,-10.8915083072,8.29006610163,-0.752226241975,3.44323068883,-1.38298070388,2.56567209263e-08,0.000728182533798,0.332572112972,-0.24193781195,1.08452521452,0.106918437546,-0.799074015947,2.94702419475,-0.998238824234,0.00446790842192,0.602927623154,0.192785219116,-0.662012938895,1.18979968932,0.187491897092
gradient,1,0.43,0.439999997616,True,50,-2.1428651633,1.47958659811,1.9478751553,-8.74923190192,6.18770724711,1.05200295137e-09,4.01696156778e-05,0.0314619527642,0.692863038153,0.223716078383,0.00584930284887,1.89924800983,-3.95508760331,5.7329952244,0.000299253550721,0.0805649867485,0.666041320804,0.669709182987,0.294934862675,0.0105622921581,-4.03334279354,3.84251361677,-0.737897910321,3.37031262583,-1.4405633561,3.54665976603e-08,0.000896345565204,0.364218986749,-0.285991253583,1.03939370673,0.125899350445,-0.781835948855,2.90001024242,-1.04813537707,0.00525510423604,0.635724771121,0.136412021729,-0.686591201712,1.11616440763,0.218884730814
gradient,1,0.44,0.449999988079,True,50,-2.14639160291,1.4707818391,1.94058329296,-8.7153969931,6.17311375016,1.46814184783e-09,5.01623757795e-05,0.0353078195034,0.690087979618,0.234046915084,0.00721604152381,1.89152470929,-3.92595995383,5.72247814872,0.000356442341673,0.0871369515483,0.666981754231,0.662861887599,0.30587603599,0.0129329899996,0.0164290159323,-1.71316531468,-0.734034351594,3.42348765758,-1.4606160581,4.96290001092e-08,0.00112259937081,0.407109060007,-0.270789056406,1.02524691848,0.148276783085,-0.775805751736,2.94090274404,-1.05793206024,0.00624916810033,0.679727318999,0.0588522498385,-0.682221117594,1.07355055103,0.255438213356
gradient,1,0.45,0.459999978542,True,50,-2.14253658299,1.44532329182,1.93319446827,-8.68076214877,6.15849492595,2.04458295356e-09,6.2621603094e-05,0.0396041339643,0.687447257025,0.244221016752,0.00881483851057,1.8837318948,-3.89626954843,5.71183658319,0.000424236912728,0.0941595331285,0.6672183658,0.656064760635,0.316405873695,0.0156710564252,-1.5325116658,-0.112322567195,-0.732023867422,3.50379512379,-1.40774639883,6.77842236075e-08,0.00137489096469,0.445901775964,-0.326007276394,1.00081370529,0.171698944185,-0.772134947237,3.00003747899,-1.00462352425,0.0072459196124,0.711316209135,-0.00824337799531,-0.722570693435,1.02677928933,0.291434983424
gradient,1,0.46,0.469999998808,True,50,-2.17704183622,1.46853538775,1.92594281561,-8.64532109062,6.14495882219,2.82382631998e-09,7.76601950734e-05,0.0442258550227,0.68356783409,0.25406318919,0.0106500204075,1.87608201035,-3.86595920425,5.70238567824,0.000501360733921,0.101363275731,0.666816886671,0.64841047373,0.326411621776,0.0187616896681,-5.24799883855,2.16703136826,-0.765535086549,3.5407166542,-1.39413473725,9.1689165029e-08,0.00167124734571,0.485652979999,-0.398798216368,0.968795965566,0.196191215691,-0.798581673973,3.04090316534,-0.981036177311,0.00840674869673,0.74465526769,-0.0682891916181,-0.771717365124,0.968594484635,0.330278650236
gradient,1,0.47,0.479999989271,True,50,-2.24749655976,1.48866391919,1.91788376654,-8.60994781568,6.1306122312,3.87836625414e-09,9.60465500082e-05,0.0493171935643,0.679471292698,0.263596936064,0.0127386628244,1.86776026132,-3.83545148512,5.69221585965,0.000592371886662,0.109052638482,0.665852581968,0.640630413333,0.335777763388,0.02227662943,-7.72806062945,4.46859421948,-0.762592340796,3.52129135412,-1.41411154852,1.22468389246e-07,0.00201124391225,0.524841851842,-0.435110873762,0.940732582107,0.220983415705,-0.803097875056,3.05466503805,-1.00895119863,0.00972249615227,0.779257533195,-0.119398436074,-0.791759496952,0.912073518799,0.368378897241
gradient,1,0.48,0.489999979734,True,50,-2.33160304881,1.55790727214,1.91069096879,-8.57489526354,6.11667659122,5.27319410491e-09,0.000117885073319,0.0547226920596,0.674865616615,0.272877840832,0.0150696887216,1.86002005285,-3.80486590349,5.68220665426,0.000695810656966,0.116948426395,0.66442891795,0.632575283791,0.344653092152,0.0261292676129,-14.3715283545,9.08039087509,-0.735039623333,3.5150273469,-1.36814342854,1.66828104112e-07,0.00243674198764,0.562758453265,-0.461907242149,0.895218522871,0.247880829424,-0.788147505818,3.0532525691,-0.973033643686,0.0112208801108,0.801612280883,-0.181688187376,-0.804559859168,0.848148664506,0.406006298773
gradient,1,0.49,0.5,True,50,-2.53492712685,1.67027173669,1.90318297407,-8.53964726875,6.10324936263,7.21492833639e-09,0.000144781389761,0.0605723626296,0.670233147855,0.281501306521,0.0176962794129,1.8519973112,-3.77438643374,5.67275518677,0.000816789488879,0.1250848841,0.662218818221,0.624539216149,0.352740736678,0.0303967554054,-38.2615846463,25.8217788191,-0.774571601486,3.53993857947,-1.30043033934,2.2898831553e-07,0.00297395616055,0.606372884265,-0.468735442764,0.841708663546,0.278171181748,-0.828093254859,3.0690494494,-0.911289803614,0.0128733431912,0.818013434683,-0.239570719595,-0.800593441434,0.769836778361,0.448304739835
gradient,1,0.5,0.509999990463,False,50,-3.09683474174,2.07434284853,1.89519953676,-8.50409649195,6.09066798443,9.85296041551e-09,0.00017736419653,0.0668501497449,0.665490907759,0.289712014103,0.0206331123566,1.84345818775,-3.7434849145,5.66398085819,0.000953277520791,0.133308695089,0.659637503558,0.616563414962,0.360049827719,0.0350953624096,-56.1907614892,40.4071111838,-0.798343730953,3.55507767943,-1.25813782006,2.63803207913e-07,0.00325828067684,0.627778711525,-0.474224009564,0.821070758214,0.29368329437,-0.853912345374,3.09015192401,-0.877432857985,0.0136488031911,0.822381098853,-0.258131466289,-0.797580118733,0.730909104141,0.469860700422
